rxte_obsid,native_channels_used,minimum_keV,maximum_keV,native_grid_id,native_array_path,gain_epoch,calibration_identifier,response_identifier,transformation,output_bins,output_minimum_keV,output_maximum_keV
10093-01-01-01,56,4.836093902587891,25.45636749267578,2b1a4d42c88ddc69243eda93a56a3ef6450cf867f748ebfc28244795b93cf70f,data/processed/native/10093-01-01-01.npz,response_specific_EBOUNDS,cc2a8107956a38521f900dcc2fb2cf6c6ad4ded49b29950df48c27c0f48133d1,xp10093010101.rsp.gz,PCA_OGIP_RATE43_OVERLAP_V1,43,5.0,25.0
10095-01-01-00,48,4.674112796783447,25.0939884185791,206be9b73c643bfce9e81126c20e590e878559b17ffe2e462a60eb58cd11edd8,data/processed/native/10095-01-01-00.npz,response_specific_EBOUNDS,c377440e0377a1d4f24182fc4e6768a8b019f47f6ee76c5c91c1cad10f8036d8,xp10095010100.rsp.gz,PCA_OGIP_RATE43_OVERLAP_V1,43,5.0,25.0
10410-01-01-00,48,4.673550128936768,25.090473175048828,50008731cce7697a0a2694f8062654f69a13f5bed802b67486c79681bff8f1f8,data/processed/native/10410-01-01-00.npz,response_specific_EBOUNDS,dd96f626dd7175c2c91bb2426ef75291e018db47f1da1e721b7e6367a5025623,xp10410010100.rsp.gz,PCA_OGIP_RATE43_OVERLAP_V1,43,5.0,25.0
10416-01-01-00,48,4.669870853424072,25.067489624023438,d33fc9eeb85897b3d7828d69728a6392f65e823b67cd03c0cd59497781c67cda,data/processed/native/10416-01-01-00.npz,response_specific_EBOUNDS,def4cb97109f2c1802530963e88bb6225a4de4de479e49803434015f0e4f0f24,xp10416010100.rsp.gz,PCA_OGIP_RATE43_OVERLAP_V1,43,5.0,25.0
10416-01-03-00,48,4.667421340942383,25.05219078063965,153a69f33a0ea57a994a92c5c332a466959dcb1404d81893acb993a94c547da5,data/processed/native/10416-01-03-00.npz,response_specific_EBOUNDS,a5271bc5f37abae766f1e05804763eef9a6f8ed131419e84f7d28531f2f686c7,xp10416010300.rsp.gz,PCA_OGIP_RATE43_OVERLAP_V1,43,5.0,25.0
10420-01-01-00,48,4.669258117675781,25.063663482666016,822861d489eac2cd21f7ebd6dac5ea7e40f1fada335f8822b772c8b785b1ed6d,data/processed/native/10420-01-01-00.npz,response_specific_EBOUNDS,20271eae61112865140d1a4230d87db4a8869ece67435f8dc6704f2d45bdfc59,xp10420010100.rsp.gz,PCA_OGIP_RATE43_OVERLAP_V1,43,5.0,25.0
20053-04-01-01,49,4.651976585388184,25.711231231689453,6c02fb94c2ab8c2248b117e358c0198510a14d0ea4492ae4d67d84bd7fcfb528,data/processed/native/20053-04-01-01.npz,response_specific_EBOUNDS,3d6809cd1bf4c16c3bdad393fe752de999b41603dbbb4f4dab45ca650290ea78,xp20053040101.rsp.gz,PCA_OGIP_RATE43_OVERLAP_V1,43,5.0,25.0
20084-01-01-00,49,4.6504082679748535,25.70112419128418,0a8d8222f78a42900fdd103778f592c96967263c71711d631455c9b62dba2236,data/processed/native/20084-01-01-00.npz,response_specific_EBOUNDS,557e17e2cbf9392f574264dc033eb5a46f28ce60a2f59a7aa482b01570e01558,xp20084010100.rsp.gz,PCA_OGIP_RATE43_OVERLAP_V1,43,5.0,25.0
20084-01-02-03,49,4.64884090423584,25.69102668762207,b39fbc440fa6e6c4664f3676eaab7f3d4870149d48656e773be3c9c0408ae4e7,data/processed/native/20084-01-02-03.npz,response_specific_EBOUNDS,798cd5532dc547cbd88ff36c5ec0d7ae5abc06cb301e1b9b2b40e529112154c2,xp20084010203.rsp.gz,PCA_OGIP_RATE43_OVERLAP_V1,43,5.0,25.0
20084-02-01-00,49,4.651065826416016,25.70536231994629,7af003d30e5a0006d68fcfade1ccbc279683131d7c7c6c391a582fc4baf00959,data/processed/native/20084-02-01-00.npz,response_specific_EBOUNDS,d27fbd1809195fd1e063e60481cf655255ff27851fbdcc03a2672bd1c5f74fb9,xp20084020100.rsp.gz,PCA_OGIP_RATE43_OVERLAP_V1,43,5.0,25.0
20084-02-01-03,49,4.650711536407471,25.703079223632812,97ea569ce8d70f65f0e1a328eec54958d55336d0b99e8da58cbe113912f27360,data/processed/native/20084-02-01-03.npz,response_specific_EBOUNDS,ab0b4c1298df849dc4fc4b49b463eefa3b256579b88eab4345aa7e7b83c50d50,xp20084020103.rsp.gz,PCA_OGIP_RATE43_OVERLAP_V1,43,5.0,25.0
20084-02-02-01,49,4.650711536407471,25.703079223632812,97ea569ce8d70f65f0e1a328eec54958d55336d0b99e8da58cbe113912f27360,data/processed/native/20084-02-02-01.npz,response_specific_EBOUNDS,104ddb378c4db998ad4a1d58aeeb5a2421d81b35ff10bc8de18f61a236cfbe7d,xp20084020201.rsp.gz,PCA_OGIP_RATE43_OVERLAP_V1,43,5.0,25.0
20089-02-01-00,49,4.646871089935303,25.678333282470703,edd54ab4ef7f270700e553616edf907d2e87e836851776be88796581ca4a682c,data/processed/native/20089-02-01-00.npz,response_specific_EBOUNDS,86e77793e863d1e70af6c66427ef541c0697f154a4332019e186139040aeeb61,xp20089020100.rsp.gz,PCA_OGIP_RATE43_OVERLAP_V1,43,5.0,25.0
20092-01-02-02,49,4.649649620056152,25.696237564086914,712287b664abb520f35198e5e16390a263a76c6f9f0875621f80d4559dfc49cf,data/processed/native/20092-01-02-02.npz,response_specific_EBOUNDS,0a0d37405080d5c58f5c6718e942a9c8c7218ce786d9931a0af38ecf3f89fb5f,xp20092010202.rsp.gz,PCA_OGIP_RATE43_OVERLAP_V1,43,5.0,25.0
20092-01-04-00,49,4.64884090423584,25.69102668762207,b39fbc440fa6e6c4664f3676eaab7f3d4870149d48656e773be3c9c0408ae4e7,data/processed/native/20092-01-04-00.npz,response_specific_EBOUNDS,7fcaa946cb734ef4f95e75d67e8cca5d14735537367ef949d189c74decc48923,xp20092010400.rsp.gz,PCA_OGIP_RATE43_OVERLAP_V1,43,5.0,25.0
20098-03-01-00,49,4.658821105957031,25.75534439086914,cf0de99acffb52f1a31e1643b9ed7edc5cfbac3aba7cad749987c78838c4e85a,data/processed/native/20098-03-01-00.npz,response_specific_EBOUNDS,92050a0cf976596606a582b0ba966865ee359bb95ca631a48c72e8b0d562b1c0,xp20098030100.rsp.gz,PCA_OGIP_RATE43_OVERLAP_V1,43,5.0,25.0
20170-03-01-00,49,4.6583638191223145,25.752397537231445,de32880a916a779502cae4cb0630047ed4bb515f207e5551c3f153f2937d75dd,data/processed/native/20170-03-01-00.npz,response_specific_EBOUNDS,ded22d83e279bea3e5726e19bcdd3ccb060ab5f4b50ea7f16281b8980a3b58b1,xp20170030100.rsp.gz,PCA_OGIP_RATE43_OVERLAP_V1,43,5.0,25.0
20170-03-03-00,49,4.657196521759033,25.744873046875,26f1578c531ff7c8b905e82ffe53c973742fe8d0d68c17c306c86b11b57c2652,data/processed/native/20170-03-03-00.npz,response_specific_EBOUNDS,e48917cab1250b106d11729f56195a2d5ad95af4aaa6ac3d62e7a5c1d6dffa2c,xp20170030300.rsp.gz,PCA_OGIP_RATE43_OVERLAP_V1,43,5.0,25.0
20170-03-06-00,49,4.656942844390869,25.74323844909668,83a134423ce643aa3cea8c6db0044788d503ab227b0f7f196993acdc6b4c740b,data/processed/native/20170-03-06-00.npz,response_specific_EBOUNDS,fc348a66da77e8ea3963f597ba7a349941aeaa08aef01b6e8b0bcfaf6b294b17,xp20170030600.rsp.gz,PCA_OGIP_RATE43_OVERLAP_V1,43,5.0,25.0
20170-03-08-00,49,4.6556243896484375,25.734739303588867,51340431f6c950fa5f0707e0cf240f584831b865c4b07624b3f8b5105c674574,data/processed/native/20170-03-08-00.npz,response_specific_EBOUNDS,a721388e8dd8e549a03d5f99a5b982cbc71ec34ed010209773d843576d76c94a,xp20170030800.rsp.gz,PCA_OGIP_RATE43_OVERLAP_V1,43,5.0,25.0
20170-03-11-00,49,4.654204845428467,25.725589752197266,536dfb794014c1b005512bf9bc89136b2b72c17d6788efeed5b6aad12b6b17f5,data/processed/native/20170-03-11-00.npz,response_specific_EBOUNDS,90e45378de3be79fdb2c8e1bcabef2ba98d91171d0a2d5e4f3259b1ae7f0cff5,xp20170031100.rsp.gz,PCA_OGIP_RATE43_OVERLAP_V1,43,5.0,25.0
20428-01-01-03,49,4.64858865737915,25.68939781188965,a5759e92ddc814e1d347ff47dda4b9c56f3ea7d7c447fed6d0025027b2004aaa,data/processed/native/20428-01-01-03.npz,response_specific_EBOUNDS,651fa38f39f22ceb1b5c5ffe4f3b4ee35b9746c9f27e95176b2b9e570a7f36ab,xp20428010103.rsp.gz,PCA_OGIP_RATE43_OVERLAP_V1,43,5.0,25.0
20431-01-03-00,49,4.64470100402832,25.664352416992188,8b17aa7073053b1e609f0a72b5ded6c6fb7462b0feaee55a5ea40c209e1620bf,data/processed/native/20431-01-03-00.npz,response_specific_EBOUNDS,7a9d35ae2a04d1a672fb9ee94203477b9f720825916745c8679eb8508425a82e,xp20431010300.rsp.gz,PCA_OGIP_RATE43_OVERLAP_V1,43,5.0,25.0
20431-01-04-00,49,4.644045352935791,25.660127639770508,09ab726310b5604f57436c96a0096ea924810c33c300b3aec2b0a7eb6876158f,data/processed/native/20431-01-04-00.npz,response_specific_EBOUNDS,09b0ec0789a3ca6df310229bfaa42d0cccd997e813df24ed7b9241ca6a074159,xp20431010400.rsp.gz,PCA_OGIP_RATE43_OVERLAP_V1,43,5.0,25.0
20431-01-05-00,49,4.643692970275879,25.657855987548828,865c863b0f8ce4c24cee0e9788609d7b83e6d9fab2180c8528e4364634fabd77,data/processed/native/20431-01-05-00.npz,response_specific_EBOUNDS,b5bd3ec0380b606a2ee66d4110fb44e3c29eccbc8d095e8fb7182698a0133e1b,xp20431010500.rsp.gz,PCA_OGIP_RATE43_OVERLAP_V1,43,5.0,25.0
30042-03-02-00,48,4.986344814300537,25.56113624572754,4586a87f1ef4f418847c428c915815e1f5628d099934e40868ac0638ee2428fc,data/processed/native/30042-03-02-00.npz,response_specific_EBOUNDS,a38260e8c1c716badfeb44fdb272a0991eb9c84f69c3e05bddf3926d0531f9fb,xp30042030200.rsp.gz,PCA_OGIP_RATE43_OVERLAP_V1,43,5.0,25.0
30042-03-08-00,48,4.984765529632568,25.551795959472656,d5348577da3f024cc6d0c6a99f9f37ed96ef7630ca975fc03e1821b041c196d8,data/processed/native/30042-03-08-00.npz,response_specific_EBOUNDS,9ccf9cb9d55ab1e39092b54956c8f657b68f173a5408111c16e1ffec58c08e35,xp30042030800.rsp.gz,PCA_OGIP_RATE43_OVERLAP_V1,43,5.0,25.0
30042-03-17-00,48,4.98411226272583,25.54793357849121,2ccebcb75eba713ac066c83ae3a655ba8f435e17b17832fe457025a82b26d57a,data/processed/native/30042-03-17-00.npz,response_specific_EBOUNDS,809a2ab5e9c8a10d8795877fea171a11415155dee0b10c3255f88323f41f290b,xp30042031700.rsp.gz,PCA_OGIP_RATE43_OVERLAP_V1,43,5.0,25.0
30046-01-03-00,48,4.990216255187988,25.584033966064453,bea6bfe1f28ad8fcc4cc5ffcb536386a194da6233276144b65a16037dfe113e0,data/processed/native/30046-01-03-00.npz,response_specific_EBOUNDS,7005dfdb655a5a356cf7a5a2dcd3071b3726314bc4b4f86eaeaa63603c290922,xp30046010300.rsp.gz,PCA_OGIP_RATE43_OVERLAP_V1,43,5.0,25.0
30053-02-01-00,48,4.998582363128662,25.63352394104004,fdebdec43f6b20d3ba48c49de73bb169bbbf6f61b4b42fe7ab15e0bc3006fd2c,data/processed/native/30053-02-01-00.npz,response_specific_EBOUNDS,0051981c6f1a1e13f2581c1ccae838f927ecda2a741489e94d95182f9b228626,xp30053020100.rsp.gz,PCA_OGIP_RATE43_OVERLAP_V1,43,5.0,25.0
30054-01-02-03,48,4.993657112121582,25.604387283325195,59d5a7b5886b3c092792449e7d1da9390e0ee66105a57ef2af8b5c17dfe8514b,data/processed/native/30054-01-02-03.npz,response_specific_EBOUNDS,06e7dc668b8ad17258b852ee8366406c3802a720912b64d2a116ae9a7995d072,xp30054010203.rsp.gz,PCA_OGIP_RATE43_OVERLAP_V1,43,5.0,25.0
30061-01-01-00,48,4.990052700042725,25.583065032958984,e5ca27655c96ab4a3d88a22e17db35b4d064322400178e365ab5cb336d647888,data/processed/native/30061-01-01-00.npz,response_specific_EBOUNDS,f2644430bf66224956c6b9aad1fec9856e35f826c8fd9acb387dfc6b9dafbbb3,xp30061010100.rsp.gz,PCA_OGIP_RATE43_OVERLAP_V1,43,5.0,25.0
30061-01-01-02,48,4.989997863769531,25.58274269104004,6dddf0f5e77c9976a34bedcbf59d6c58feb66a10f60a659cc7b1bf28daee462f,data/processed/native/30061-01-01-02.npz,response_specific_EBOUNDS,3870e8d7f9c22c2c825a9226e6bbf7caa21184bb9b752fbb13f17b302ad66570,xp30061010102.rsp.gz,PCA_OGIP_RATE43_OVERLAP_V1,43,5.0,25.0
30061-01-01-04,48,4.989943504333496,25.582420349121094,4fb2652739608249419f0d3728369a9f6880ebcae3b1e176841bb765cdc7fe60,data/processed/native/30061-01-01-04.npz,response_specific_EBOUNDS,a758609b0662458616e59e40b0ed1e21dcc66e86b8851f3528484214c17ac59e,xp30061010104.rsp.gz,PCA_OGIP_RATE43_OVERLAP_V1,43,5.0,25.0
30061-01-02-01,48,4.986617088317871,25.562747955322266,0a076c7a15245d6bbd3aca3dc57cd35c4b3dc667bc781e92ebd9e559df06c3fc,data/processed/native/30061-01-02-01.npz,response_specific_EBOUNDS,184ba1e3ec30db5059cc8942c55d5a6e3e1fa81e5b099ec957a429330dc20fea,xp30061010201.rsp.gz,PCA_OGIP_RATE43_OVERLAP_V1,43,5.0,25.0
30061-01-02-03,48,4.986562728881836,25.56242561340332,11146066f9cec7b4c07eb707799a50b9595ed21240b8f33aa47049311840ba9c,data/processed/native/30061-01-02-03.npz,response_specific_EBOUNDS,40f8f04ebf66b11f546a84f71ef85946c628eeba14dec53495f6ceed20e6b3cb,xp30061010203.rsp.gz,PCA_OGIP_RATE43_OVERLAP_V1,43,5.0,25.0
30061-01-02-06,48,4.986399173736572,25.56145668029785,d32b90f9c752699833c156e86b00ebce50c4f0b79acc90242538390a800cdf85,data/processed/native/30061-01-02-06.npz,response_specific_EBOUNDS,00d4080e41f929cf89c5a4d2bf60c9640331da6a0c44d2b7b46c3cfde1d15a21,xp30061010206.rsp.gz,PCA_OGIP_RATE43_OVERLAP_V1,43,5.0,25.0
30061-01-03-00,48,4.97883939743042,25.516752243041992,229c29b452b6d7e476a6eae3de9b01fb5faf2704be676b149539aefa03303139,data/processed/native/30061-01-03-00.npz,response_specific_EBOUNDS,afc76d2f7c555678b242716096f1808f51ea09a7f29ae44e23b4e7cabfe84d49,xp30061010300.rsp.gz,PCA_OGIP_RATE43_OVERLAP_V1,43,5.0,25.0
30061-01-03-01,48,4.9786763191223145,25.515789031982422,e0720bd036b54d77300a694e67a9f657760ff6d16f6570d4eb99693b7b07f60a,data/processed/native/30061-01-03-01.npz,response_specific_EBOUNDS,e986d1027d5a81f4c5cf07fb2f3367344469375874a35600b4bd573c6da0ef21,xp30061010301.rsp.gz,PCA_OGIP_RATE43_OVERLAP_V1,43,5.0,25.0
30061-01-04-00,48,4.978621959686279,25.515466690063477,b027a0c6c66260927d2ad0e939e603368ad620f86f9d046d09dde27101e0df39,data/processed/native/30061-01-04-00.npz,response_specific_EBOUNDS,06588671231c976e1166cd6189a283fdc911dd719307f81e258000a2ec73cc74,xp30061010400.rsp.gz,PCA_OGIP_RATE43_OVERLAP_V1,43,5.0,25.0
30061-01-04-02,48,4.978568077087402,25.515148162841797,c149121207fbf90a14647aa3bc87701083538eef760f3b62cff6972ab7f17314,data/processed/native/30061-01-04-02.npz,response_specific_EBOUNDS,1143619b5cc05126ca7a19ae1546dd4d06ac544cba5a4a84a1a98a0f3361e1f0,xp30061010402.rsp.gz,PCA_OGIP_RATE43_OVERLAP_V1,43,5.0,25.0
30062-02-01-05,48,4.998856067657471,25.63514518737793,f0bd449cd1ccc238cb2852474396755b713e61c531f9377204e2d2d89d9950d3,data/processed/native/30062-02-01-05.npz,response_specific_EBOUNDS,8523d89dae9eda1a81866c25eab5be6b53ef092e807533fb72f1cc58ad9be778,xp30062020105.rsp.gz,PCA_OGIP_RATE43_OVERLAP_V1,43,5.0,25.0
30073-05-01-00,48,4.996172904968262,25.61927032470703,27a210f922304e8bedff2ee9298a9106f3fafc6da666356ce7fc511b2dac39e8,data/processed/native/30073-05-01-00.npz,response_specific_EBOUNDS,9ddda52c6542661666d3105df246be4f98be88a5f85985d7ebbcb330ea5abbd0,xp30073050100.rsp.gz,PCA_OGIP_RATE43_OVERLAP_V1,43,5.0,25.0
30188-03-02-00,48,4.9980340003967285,25.630281448364258,491cf476bcad539b075c79622cc2cf6d463d9710863c4db1e8eab4c2412ed28b,data/processed/native/30188-03-02-00.npz,response_specific_EBOUNDS,53b1ad5f28636e7f042cd79830d8565c7129f7669a100c6cd0fddede295115d4,xp30188030200.rsp.gz,PCA_OGIP_RATE43_OVERLAP_V1,43,5.0,25.0
30188-06-01-02,48,4.987816333770752,25.569839477539062,a23beecebaa2d6deadf543a76cbe5d0ec10b43d5908dd0ca424c40523eb10a6b,data/processed/native/30188-06-01-02.npz,response_specific_EBOUNDS,6882c2ce71c92fa9768dea90957ec6d41693bf7e4446256e5f9f73110d5a8d12,xp30188060102.rsp.gz,PCA_OGIP_RATE43_OVERLAP_V1,43,5.0,25.0
30191-01-02-00,48,4.987325191497803,25.566936492919922,8ff3fb4fa4f01c683cf0c9c52c358dfd44ba8b7347be1957285d1a7e95e391a4,data/processed/native/30191-01-02-00.npz,response_specific_EBOUNDS,1f7a26f70febc9af1e233a32d027b39ce7b48c239a105a5293281e628e5de58d,xp30191010200.rsp.gz,PCA_OGIP_RATE43_OVERLAP_V1,43,5.0,25.0
30191-01-12-00,48,4.986944198608398,25.564682006835938,bcb26162d4b60e46cce7d46b1a24eb65ca1e0db6b9837f8b62d4462d0baabcec,data/processed/native/30191-01-12-00.npz,response_specific_EBOUNDS,8be915ff2c7f2e5fdaac88d13762d972d19fbbdb8abe139f578b1edd481eede9,xp30191011200.rsp.gz,PCA_OGIP_RATE43_OVERLAP_V1,43,5.0,25.0
30191-01-28-01,48,4.986126899719238,25.559846878051758,1706a560b8b5ed9732dcfa4d79cc9100d809cbb85d63c729ff6e2afc48aa17b7,data/processed/native/30191-01-28-01.npz,response_specific_EBOUNDS,9fd6751175d52102d21b350d9b601a30ec10d792aaa34b447db16652c403dfdc,xp30191012801.rsp.gz,PCA_OGIP_RATE43_OVERLAP_V1,43,5.0,25.0
30191-01-34-00,48,4.985418796539307,25.555660247802734,40abd0388d5ca43e6bbcb690c38ff4ec36aa2140edfa5ea5cc9dc202107e68c8,data/processed/native/30191-01-34-00.npz,response_specific_EBOUNDS,3fb90b2a9b28b7b0dc628bae5c0715327c344189033948500f0e733c56b2d737,xp30191013400.rsp.gz,PCA_OGIP_RATE43_OVERLAP_V1,43,5.0,25.0
30191-01-44-00,48,4.9842209815979,25.548574447631836,9b8fd3f5c773b4a8d0c3a251a4aa69f96aee64ccfec212a04bb63cc69a255301,data/processed/native/30191-01-44-00.npz,response_specific_EBOUNDS,15c9d9e218b7a9e5f90acafeadb858a001cf9979cfff8afd7334c1ec9952ce66,xp30191014400.rsp.gz,PCA_OGIP_RATE43_OVERLAP_V1,43,5.0,25.0
30401-01-01-00,49,4.642936706542969,25.652984619140625,5c9c073696e64d52a0572a55b64230c831ae8e1e89188d888e952cafc7e8d731,data/processed/native/30401-01-01-00.npz,response_specific_EBOUNDS,339535bc41a83b91389b1a768336363d350749fb5c2c5c547b3527673975316a,xp30401010100.rsp.gz,PCA_OGIP_RATE43_OVERLAP_V1,43,5.0,25.0
30401-01-02-00,49,4.642533779144287,25.650390625,f649ef661320962498688e31cefe52e20c152984cc00000d967996086faf5e79,data/processed/native/30401-01-02-00.npz,response_specific_EBOUNDS,4bba91a9697ccf096dac49127458cc8f8fb13fab6d6d4df807d1769e516f6c10,xp30401010200.rsp.gz,PCA_OGIP_RATE43_OVERLAP_V1,43,5.0,25.0
30401-01-03-00,49,4.6421308517456055,25.64779281616211,2dfd0befa4be58f85ab74d208602cb5164d54bf4b546a12b64fc03c3e844ba46,data/processed/native/30401-01-03-00.npz,response_specific_EBOUNDS,1107518809cb7123be03fd144724024e0d1bc0408ae305f10e701f9c2f0fa584,xp30401010300.rsp.gz,PCA_OGIP_RATE43_OVERLAP_V1,43,5.0,25.0
30401-01-04-00,49,4.641425609588623,25.64324951171875,b4834314e889abe676614584fbd3290ce95008fe97432263231cb7209148f52c,data/processed/native/30401-01-04-00.npz,response_specific_EBOUNDS,09caf73c3057d57635f07cacd126098feb6209ed47efffe589ce45a002dd9968,xp30401010400.rsp.gz,PCA_OGIP_RATE43_OVERLAP_V1,43,5.0,25.0
30411-01-11-02,48,4.994969367980957,25.612150192260742,8c628c959123ce054a52ff84ece391bf87305bce78bd2e98e6b8c3dcc507246c,data/processed/native/30411-01-11-02.npz,response_specific_EBOUNDS,6bc2ea6aabc7d01f1288cfd2c5e0c8951af7e32762a34e471d895f88e2d51100,xp30411011102.rsp.gz,PCA_OGIP_RATE43_OVERLAP_V1,43,5.0,25.0
30435-01-07-00,48,4.983132839202881,25.54214096069336,6a28dd2086ea5b9907b6cba3b0595ed3e15039571ad8091ad1c06cc008424773,data/processed/native/30435-01-07-00.npz,response_specific_EBOUNDS,769344116271f8925cf18558078bba8a75b5c9de2f93a97653c9d17aa7b11532,xp30435010700.rsp.gz,PCA_OGIP_RATE43_OVERLAP_V1,43,5.0,25.0
30435-01-15-01,48,4.982425689697266,25.5379581451416,332fe9b671bed14d2a73efcc6279acdc74d852cb15cdab28e8bf8f33ed3e6857,data/processed/native/30435-01-15-01.npz,response_specific_EBOUNDS,08fa2c7a8d0da4d1c333046f06c25fec8568449083ecded0f44ef45acff9cae9,xp30435011501.rsp.gz,PCA_OGIP_RATE43_OVERLAP_V1,43,5.0,25.0
30435-01-25-00,48,4.981882095336914,25.534744262695312,d3688ee8e5cf41188c90d7167fac80a6a82e8ee217bef29f0fb7e92ed52bbdc3,data/processed/native/30435-01-25-00.npz,response_specific_EBOUNDS,4fb84e227653a289aa6b1a16f515c0153794d9df5d613449a38ddee2cd6fe788,xp30435012500.rsp.gz,PCA_OGIP_RATE43_OVERLAP_V1,43,5.0,25.0
40017-02-02-02,48,4.980251312255859,25.525100708007812,6d1cc55c23dbb275c9e15f35081ba49e8496d8c89593a3e1cd06e728a809d6fe,data/processed/native/40017-02-02-02.npz,response_specific_EBOUNDS,8a6c3124ad31341aa084f161583e02ef3f60d68879cce8974a37f34a68252209,xp40017020202.rsp.gz,PCA_OGIP_RATE43_OVERLAP_V1,43,5.0,25.0
40017-02-12-00,46,4.601261615753174,25.766080856323242,f63a8969f1b03c6aab5aaa5735c32ffbca617746b0bbed7369875e1a2f6ae630,data/processed/native/40017-02-12-00.npz,response_specific_EBOUNDS,7e7845320e13c28b19d19fdd13e68aeb1e76175578771ada82c120b85816d46d,xp40017021200.rsp.gz,PCA_OGIP_RATE43_OVERLAP_V1,43,5.0,25.0
40017-02-16-06,46,4.587819576263428,25.756214141845703,fe0d46ce644f4f1f2d0c99753e85186f87be344a413a62a846346d1c68b83384,data/processed/native/40017-02-16-06.npz,response_specific_EBOUNDS,b9ebb1e4845dabd52fe447478e3ef04ed5a121270f5969293befa73bad339c1c,xp40017021606.rsp.gz,PCA_OGIP_RATE43_OVERLAP_V1,43,5.0,25.0
40019-03-01-02,46,4.596881866455078,25.76286506652832,46332bb215759d10fc273588e7a05aac89e726c8745f10b7fb34686ab2096032,data/processed/native/40019-03-01-02.npz,response_specific_EBOUNDS,9c5aa3441903bb1ff9c76db61c7f3f9852a07b6caf45a5742f117ec7c13ec8a7,xp40019030102.rsp.gz,PCA_OGIP_RATE43_OVERLAP_V1,43,5.0,25.0
40019-04-04-00,46,4.583740234375,25.753217697143555,4817dedfe4378a9355cc422a7e85c8ba5a8563876633f33c2f0012426484a611,data/processed/native/40019-04-04-00.npz,response_specific_EBOUNDS,54b70d5294e4b4eba69fbd83e73078cf2ea9b6d02c5c8902a49f0f5292d5a0e8,xp40019040400.rsp.gz,PCA_OGIP_RATE43_OVERLAP_V1,43,5.0,25.0
40025-03-01-00,46,4.62164306640625,25.78104019165039,488a8d33a2b03bade80f346d22df7cccc817a801b22ff55c8c7fab2f2325af37,data/processed/native/40025-03-01-00.npz,response_specific_EBOUNDS,b015778a0be2e858a698b294d60a248be2fa0105dce8df873d3c516691031692,xp40025030100.rsp.gz,PCA_OGIP_RATE43_OVERLAP_V1,43,5.0,25.0
40025-03-01-01,46,4.621190547943115,25.78070831298828,f81139b44491d540cbbe12294cbebcee879cf07ab1dba12140f08569261aa9df,data/processed/native/40025-03-01-01.npz,response_specific_EBOUNDS,a5098c4a78253a5cf12cd17ee9cddd034d11ff846e8cbcd2ba74f1d5af9191e3,xp40025030101.rsp.gz,PCA_OGIP_RATE43_OVERLAP_V1,43,5.0,25.0
40025-03-01-02,46,4.620737552642822,25.780376434326172,067801c9c1f1cebde50601aa204d1ff32725f885db57fcef988fdf1f0c188f29,data/processed/native/40025-03-01-02.npz,response_specific_EBOUNDS,23c0ef7d45c9375d9957fc2edcb209bc9cc8c7bb30b3c7ce3088c2044df99a6e,xp40025030102.rsp.gz,PCA_OGIP_RATE43_OVERLAP_V1,43,5.0,25.0
40025-03-02-00,46,4.6204352378845215,25.780153274536133,2c64804c8d37dabc06a46e734bbaeb77392175edfc2975d0eaef69a4b1f1964f,data/processed/native/40025-03-02-00.npz,response_specific_EBOUNDS,78f6e4003b45a28853a7c50f9cd9248dadd64e35e9e833a4f504740c9b896ed6,xp40025030200.rsp.gz,PCA_OGIP_RATE43_OVERLAP_V1,43,5.0,25.0
40025-03-02-01,46,4.620133876800537,25.779932022094727,0063772572f4cabae79f8adf65cd3a8701b7c0ad4cbf1d4f313bcefef430cc2a,data/processed/native/40025-03-02-01.npz,response_specific_EBOUNDS,c44b903e71c7715a43eb1978a42c5d7cd342854f22619734f3076eed084901ae,xp40025030201.rsp.gz,PCA_OGIP_RATE43_OVERLAP_V1,43,5.0,25.0
40025-04-01-01,48,4.97883939743042,25.516752243041992,229c29b452b6d7e476a6eae3de9b01fb5faf2704be676b149539aefa03303139,data/processed/native/40025-04-01-01.npz,response_specific_EBOUNDS,22ec30d33952eae4074b9ed0f9995ee4ba666dce516863a8c3178a38ffa6e1d3,xp40025040101.rsp.gz,PCA_OGIP_RATE43_OVERLAP_V1,43,5.0,25.0
40025-04-02-00,48,4.97873067855835,25.516109466552734,906352cbf7d59ee1413eca827c096304770b034818d5547e33efdddd03b3390a,data/processed/native/40025-04-02-00.npz,response_specific_EBOUNDS,9452d056498c2d07e62c39a976ad912c39226abbaf8b0643de446a236e751a73,xp40025040200.rsp.gz,PCA_OGIP_RATE43_OVERLAP_V1,43,5.0,25.0
40025-04-03-01,48,4.978513717651367,25.51482582092285,5fbcd96e7c07cc4aa0799504ed730dd51db741c431b53a60488ea9acda2a8d33,data/processed/native/40025-04-03-01.npz,response_specific_EBOUNDS,99960ee995bb0ba90500254930f11bd6c6b475c66437a6658cdb541c0705d908,xp40025040301.rsp.gz,PCA_OGIP_RATE43_OVERLAP_V1,43,5.0,25.0
40025-04-03-03,48,4.978296279907227,25.513540267944336,e5482abcf24b469f995d051c8e8b4b4fbe6542c81d61ccd424f121b0be0a21dd,data/processed/native/40025-04-03-03.npz,response_specific_EBOUNDS,a9be186fd170dd9468083764f8c0a800980fe1a837fa783a5bf59f76d5f2394a,xp40025040303.rsp.gz,PCA_OGIP_RATE43_OVERLAP_V1,43,5.0,25.0
40027-06-01-02,48,4.978513717651367,25.51482582092285,5fbcd96e7c07cc4aa0799504ed730dd51db741c431b53a60488ea9acda2a8d33,data/processed/native/40027-06-01-02.npz,response_specific_EBOUNDS,53279669c5590882f5581d0c8b06021cd1171239cb6b114d50a8dd61d580b1ea,xp40027060102.rsp.gz,PCA_OGIP_RATE43_OVERLAP_V1,43,5.0,25.0
40027-08-02-02,46,4.608358383178711,25.77128791809082,0a93dd2d13160e699f96a72790b397424535f7336a929a6bca677700555e03ab,data/processed/native/40027-08-02-02.npz,response_specific_EBOUNDS,5704cccaf0bbf5fa3c4a807c302dd184cf0294a5dd1dd421ca46f6284f88605c,xp40027080202.rsp.gz,PCA_OGIP_RATE43_OVERLAP_V1,43,5.0,25.0
40028-01-14-02,45,4.998371601104736,25.74833869934082,57c422ff67247f2ba5013a7f72696629f1e13160f8a2ad01617a4a8872c8d618,data/processed/native/40028-01-14-02.npz,response_specific_EBOUNDS,f7e3ddf40aa1af2b6f9f640855dafa61ef4bcc4e62a29c4f768668bff4cc7053,xp40028011402.rsp.gz,PCA_OGIP_RATE43_OVERLAP_V1,43,5.0,25.0
40030-01-14-00,48,4.981446743011475,25.53217124938965,30373dbe64d75a1d061a79e79a8445286190d5a58ef830f50a41316b0bd4c33f,data/processed/native/40030-01-14-00.npz,response_specific_EBOUNDS,3dd867428eb5ef9c631d761544021e69a9a9cf1dee69d4a13326140607093026,xp40030011400.rsp.gz,PCA_OGIP_RATE43_OVERLAP_V1,43,5.0,25.0
40030-02-04-00,46,4.597788333892822,25.763530731201172,acda4b133d96ad57b8e913bfde497bd85e5c1a81eb427ac25c280a3f637e6a87,data/processed/native/40030-02-04-00.npz,response_specific_EBOUNDS,9bc6a25db9330c2de617c6af0395a729b2e6a6aff417194661b9b488d2f56099,xp40030020400.rsp.gz,PCA_OGIP_RATE43_OVERLAP_V1,43,5.0,25.0
40030-02-09-01,46,4.596881866455078,25.76286506652832,46332bb215759d10fc273588e7a05aac89e726c8745f10b7fb34686ab2096032,data/processed/native/40030-02-09-01.npz,response_specific_EBOUNDS,3baf522f88256e350627fb90ed7bf725e1e92f22d753d1fad913ccfb6ce5c233,xp40030020901.rsp.gz,PCA_OGIP_RATE43_OVERLAP_V1,43,5.0,25.0
40031-03-03-00,45,4.939627647399902,25.1756591796875,33b68f9e3f248f5c0b2e605899e0803b385615da6117b8046c8412ba244a82fe,data/processed/native/40031-03-03-00.npz,response_specific_EBOUNDS,5d410c0d6f9bd1bf2e289987e73915db7f38e487da12151449c60dc2b74e3825,xp40031030300.rsp.gz,PCA_OGIP_RATE43_OVERLAP_V1,43,5.0,25.0
40033-06-02-05,48,4.980196952819824,25.5247802734375,340e35a5d8990a78fe8e2545066edfc8c88f616631a8c0f326cfef0522b65b26,data/processed/native/40033-06-02-05.npz,response_specific_EBOUNDS,08926044043b1274bca1c8836f12b497f1f01cf08be1ce1930addc0aacc5cb57,xp40033060205.rsp.gz,PCA_OGIP_RATE43_OVERLAP_V1,43,5.0,25.0
40033-07-01-04,46,4.614246845245361,25.775611877441406,34ed2420d21983863f27dd666c5e476a7cd296c595b85d5783c6faf3ee60a332,data/processed/native/40033-07-01-04.npz,response_specific_EBOUNDS,f5702a04e75e2a1e1e7427f0f2f2d75b15fb0e83b2b3dd73d9e4ec234344ca2c,xp40033070104.rsp.gz,PCA_OGIP_RATE43_OVERLAP_V1,43,5.0,25.0
40033-10-02-07,46,4.60231876373291,25.766855239868164,accf843b907ab4332a29323abb7a07c0800e39a16ea0c24acfa5242546e04a1c,data/processed/native/40033-10-02-07.npz,response_specific_EBOUNDS,422d40a4b14c4c342b1e71505b9ffb8396ab12327444ddf663573db785b6dd72,xp40033100207.rsp.gz,PCA_OGIP_RATE43_OVERLAP_V1,43,5.0,25.0
40035-01-02-01,45,4.996567249298096,25.747007369995117,4d107c072e1c8c3fca374ce44b88337f09e298c7fecda33b6d7da8a1bc639907,data/processed/native/40035-01-02-01.npz,response_specific_EBOUNDS,3713332753ca48b2cfe62888246d4df93332362d9c4370aecf02dafac4cc50e0,xp40035010201.rsp.gz,PCA_OGIP_RATE43_OVERLAP_V1,43,5.0,25.0
40035-05-08-00,45,4.995965480804443,25.746562957763672,409dde14772b782312ba5a6a887add0cb0dd0e7fa76814ca7c2efe941cff400a,data/processed/native/40035-05-08-00.npz,response_specific_EBOUNDS,10b6c42d780acc8045b489c51bf2ea20b1090f3d8b72b04cea00afe79941ec0e,xp40035050800.rsp.gz,PCA_OGIP_RATE43_OVERLAP_V1,43,5.0,25.0
40047-03-03-00,46,4.613340854644775,25.774946212768555,59879f67bfe9b5df4bfa9149d774339ef46f4e8fdbd2205a4356a4a965d81b12,data/processed/native/40047-03-03-00.npz,response_specific_EBOUNDS,77ba2deb60d7064fd2e87808cedf42d086207c35c49c896fdfc7a7b6a7df3ba0,xp40047030300.rsp.gz,PCA_OGIP_RATE43_OVERLAP_V1,43,5.0,25.0
40050-04-05-00,46,4.622096061706543,25.7813720703125,b3ea011389357ab8365e1ad28c01fe02d43210de7b04058f5bf1cc42f82a49b4,data/processed/native/40050-04-05-00.npz,response_specific_EBOUNDS,dc852fc087ad59aa68784ed4cdab01255d72ee3178976eeffc72fc4aaf705763,xp40050040500.rsp.gz,PCA_OGIP_RATE43_OVERLAP_V1,43,5.0,25.0
40050-04-05-02,46,4.621944904327393,25.781261444091797,cb7b6e91d258c5b33c4aeb636b4a39571d0eec29a0d2e29969efc2dac291a258,data/processed/native/40050-04-05-02.npz,response_specific_EBOUNDS,4bde42d390869d7d6f3093a69d19c326341e64117ed18d560ea624f6ed8184b2,xp40050040502.rsp.gz,PCA_OGIP_RATE43_OVERLAP_V1,43,5.0,25.0
40108-01-04-00,48,4.978350639343262,25.51386260986328,a429228e5666307b2ff9b10e4b7b9f335fce1fef6b88919590a42814121597e5,data/processed/native/40108-01-04-00.npz,response_specific_EBOUNDS,85af78599cb0622d950917d6db0c58f933e9d45a861bca7e1f2ee7f2ae953211,xp40108010400.rsp.gz,PCA_OGIP_RATE43_OVERLAP_V1,43,5.0,25.0
40122-01-01-03,46,4.592803955078125,25.759872436523438,99332799985774b54d46047e44face10e52abf51c213c860da6e7e01ca02f29b,data/processed/native/40122-01-01-03.npz,response_specific_EBOUNDS,88a7277c683a40188647aa76e25ef15acfd78c587ccdc4e262d0b7f31124ac95,xp40122010103.rsp.gz,PCA_OGIP_RATE43_OVERLAP_V1,43,5.0,25.0
40122-01-03-01,46,4.5899338722229,25.75776481628418,f9c14888d5e3429d9c81ea94f3c229e9d8daf29f57896e8781368d76bc9f28af,data/processed/native/40122-01-03-01.npz,response_specific_EBOUNDS,7623d3b3fd55a61047edb53023fe722a65a1afd5d770c234f2b9e397da8ac5e4,xp40122010301.rsp.gz,PCA_OGIP_RATE43_OVERLAP_V1,43,5.0,25.0
40124-01-11-00,46,4.593257427215576,25.760204315185547,75851cafac8188b7110ec5c59eed8a6c42b2ead9ce002d6db791653ee77b234c,data/processed/native/40124-01-11-00.npz,response_specific_EBOUNDS,db954b8c69be0d08404121bd29a81ef844038bd7f3caac960ef9d78c5f21c128,xp40124011100.rsp.gz,PCA_OGIP_RATE43_OVERLAP_V1,43,5.0,25.0
40124-01-15-03,46,4.592048645019531,25.759315490722656,d9f964b53cdd99b1fc239a5c7d8dec305ef2c793a44a03aca52d8e04844c1f90,data/processed/native/40124-01-15-03.npz,response_specific_EBOUNDS,c483e5af0198e990623b857c9b1f6aee65dd49468b4b3c9e05538e866971c750,xp40124011503.rsp.gz,PCA_OGIP_RATE43_OVERLAP_V1,43,5.0,25.0
40124-01-20-00,46,4.592501640319824,25.7596492767334,d701cab471bc098a3828f8e89f42c96947950705ece24294330efee59fe03a42,data/processed/native/40124-01-20-00.npz,response_specific_EBOUNDS,210886b089abce1a2dfc900b9175ee7855b6ec4ef16997c03e07a9ecd9d6e04a,xp40124012000.rsp.gz,PCA_OGIP_RATE43_OVERLAP_V1,43,5.0,25.0
40124-01-27-00,46,4.591897964477539,25.759206771850586,6cf3f059d587381414914bff64d37d3a32d151962f85ee7888db29b68b61ca7d,data/processed/native/40124-01-27-00.npz,response_specific_EBOUNDS,4adcc54b157689cf5250a41b38c42bf7be83a5b8b5a80a23f2078ca15e49774c,xp40124012700.rsp.gz,PCA_OGIP_RATE43_OVERLAP_V1,43,5.0,25.0
40124-01-30-00,46,4.591444492340088,25.758874893188477,92ea38f34e624ff74a7d6fe205a268c3da35427e8d90cd399c77ee7379428d7e,data/processed/native/40124-01-30-00.npz,response_specific_EBOUNDS,bcc132c5fbe606ee03b591a3e4aa1e02ed69bbea2b6cb9064e87b6f8e52ce886,xp40124013000.rsp.gz,PCA_OGIP_RATE43_OVERLAP_V1,43,5.0,25.0
40124-01-33-00,46,4.591142177581787,25.758651733398438,e0beadf4f5eaac4fb6fd838442d4566a487a6ae79642cede2e5c628c0410e192,data/processed/native/40124-01-33-00.npz,response_specific_EBOUNDS,237149d6ee66a770bcbf553c6fb1cc572fa4f27b52a86a1822b2ae8766176a8f,xp40124013300.rsp.gz,PCA_OGIP_RATE43_OVERLAP_V1,43,5.0,25.0
40124-01-35-02,46,4.590991497039795,25.758541107177734,5469793117b3ef788731c61edd7bb1b42020ab75b493ef61673f12f292efa0bd,data/processed/native/40124-01-35-02.npz,response_specific_EBOUNDS,bdbabce28f07581a730cc46537946be78bc391d1d1be46dfb4fe1a6a0dd8d550,xp40124013502.rsp.gz,PCA_OGIP_RATE43_OVERLAP_V1,43,5.0,25.0
40124-01-36-00,46,4.590689182281494,25.758317947387695,08051955ee819b940418406fe748abb2c0a47b2cbf51e87b9d0144f6eb0e95b8,data/processed/native/40124-01-36-00.npz,response_specific_EBOUNDS,4a131ed6b5216562c8fead1928c40de4a3df680fec7e5d8aae74481f34d3d369,xp40124013600.rsp.gz,PCA_OGIP_RATE43_OVERLAP_V1,43,5.0,25.0
40124-01-38-00,46,4.590538501739502,25.758209228515625,7f7ffa0f59d4aaf737bb58260c4c6186d864780902b91e97587a766e423ed984,data/processed/native/40124-01-38-00.npz,response_specific_EBOUNDS,2ae9fb2d40dd23768f72a98537ab34eed3860237fed7adcdd52ed9a91ec7a32a,xp40124013800.rsp.gz,PCA_OGIP_RATE43_OVERLAP_V1,43,5.0,25.0
40124-01-40-01,46,4.590236186981201,25.757986068725586,506acade1b9412e50a2f5c5cd8a70a5be3c4c62c4a348a990a55efae9e088546,data/processed/native/40124-01-40-01.npz,response_specific_EBOUNDS,9102fa3a7804eb282ba5adeed7d14b32e6ada58d13d8179eea56602be4f2b445,xp40124014001.rsp.gz,PCA_OGIP_RATE43_OVERLAP_V1,43,5.0,25.0
40124-01-46-00,46,4.589329719543457,25.757320404052734,6e8e298e6bb2e9e19fc4c55a0aff649daaa53bce15d57b7e2cb544b90cfd8535,data/processed/native/40124-01-46-00.npz,response_specific_EBOUNDS,c712e03c8c5c5690a7b9fb465fa0349c599687dbd3b90eafe0711a451ac1c6b6,xp40124014600.rsp.gz,PCA_OGIP_RATE43_OVERLAP_V1,43,5.0,25.0
40124-01-49-00,46,4.588725566864014,25.756879806518555,dab621a9662fe0e8352e22ade9a1e1e28ff459e0b68b8545a924665fca138433,data/processed/native/40124-01-49-00.npz,response_specific_EBOUNDS,c64883f0df8860cd4a527fdfd078e320cb2b754befdb7f7950bcd7da80b53080,xp40124014900.rsp.gz,PCA_OGIP_RATE43_OVERLAP_V1,43,5.0,25.0
40124-01-51-00,46,4.58797025680542,25.756322860717773,1b715f49478f6993b5beb7ac4d81ad06c78586784b7c9f3ba58fa0af0dbe109f,data/processed/native/40124-01-51-00.npz,response_specific_EBOUNDS,8a54c027d4c3a4fa6c65cd8db5b8aa44862209f10071911fb1b4398341f76dd0,xp40124015100.rsp.gz,PCA_OGIP_RATE43_OVERLAP_V1,43,5.0,25.0
40124-01-52-02,46,4.587214946746826,25.755769729614258,e2eb46d8b343d06acd19839aa877f1ebc38c155d9e58350741e19eb012f54e6e,data/processed/native/40124-01-52-02.npz,response_specific_EBOUNDS,bd2e4c52b663152c682388c7537a49b61ebebfdda5ec687e628be7efb52b7645,xp40124015202.rsp.gz,PCA_OGIP_RATE43_OVERLAP_V1,43,5.0,25.0
40124-01-55-00,46,4.585855484008789,25.754772186279297,ca3ccc299e233f79fbaab20c806fa4fba1439f26ab46ec002a107c9e5e37825b,data/processed/native/40124-01-55-00.npz,response_specific_EBOUNDS,540f7e5b66568b00c602bc454b0efcdf7b89d64580e54d8e9b351d0ad412fb4e,xp40124015500.rsp.gz,PCA_OGIP_RATE43_OVERLAP_V1,43,5.0,25.0
40124-01-55-03,46,4.585099697113037,25.754215240478516,27729beeaf91ae1ecbce16d9ba494700e8961c7e795a7d8ab19d55815fbddec8,data/processed/native/40124-01-55-03.npz,response_specific_EBOUNDS,29ce2cb26d866f46ad32626f0b9bb42ebda1a84f1a2b858d98da6107f13015d5,xp40124015503.rsp.gz,PCA_OGIP_RATE43_OVERLAP_V1,43,5.0,25.0
40124-01-57-01,46,4.584646701812744,25.753883361816406,8c4adb3c7895cb4e3c5082abde66c37d0df0ea15e0082fe34011c74a3ade1824,data/processed/native/40124-01-57-01.npz,response_specific_EBOUNDS,6fc2eae5a7490c709af042553bab4212cd03da54302628c8f211d2a2d55c5162,xp40124015701.rsp.gz,PCA_OGIP_RATE43_OVERLAP_V1,43,5.0,25.0
40124-01-58-03,46,4.584042549133301,25.753440856933594,48c8427678823e491b76a33c9b6509a5307b82ace3c5b0016a77c1687bbd2736,data/processed/native/40124-01-58-03.npz,response_specific_EBOUNDS,b7f837b74bb1ceed6f2fe4a2355a5deff4b57341a351ffae6d0890b8ad08b94d,xp40124015803.rsp.gz,PCA_OGIP_RATE43_OVERLAP_V1,43,5.0,25.0
40124-01-61-00,46,4.581171989440918,25.751333236694336,6ed855b9d2e5aec31e036d365acb9c373d29abe7b415015d984b918373037529,data/processed/native/40124-01-61-00.npz,response_specific_EBOUNDS,7fab62fbfa59dd47405b7738ffee06e1b1e62b52c093d5a21e13c1d468806a7d,xp40124016100.rsp.gz,PCA_OGIP_RATE43_OVERLAP_V1,43,5.0,25.0
40124-01-63-00,46,4.579056262969971,25.749778747558594,70fc582653d219bbd88f0b5ec28e359377b04122ee34e1dad021e11519a9bda1,data/processed/native/40124-01-63-00.npz,response_specific_EBOUNDS,d482dd0f931919719a1361191f77081d144a5748b9b8f5b9ce68b2713406ed17,xp40124016300.rsp.gz,PCA_OGIP_RATE43_OVERLAP_V1,43,5.0,25.0
40124-01-65-00,45,4.998371601104736,25.74833869934082,57c422ff67247f2ba5013a7f72696629f1e13160f8a2ad01617a4a8872c8d618,data/processed/native/40124-01-65-00.npz,response_specific_EBOUNDS,8cec162ffd8c4c627eb85f80175645c0062e5fffcb0389a54997b1752623100a,xp40124016500.rsp.gz,PCA_OGIP_RATE43_OVERLAP_V1,43,5.0,25.0
40401-01-08-00,48,4.981229782104492,25.530885696411133,5fc1dfabf00d7ce5d9385b8a6b3053afe00672bc9755cac89f4b069e4f042db9,data/processed/native/40401-01-08-00.npz,response_specific_EBOUNDS,4d51710d73127af00f938ba893db7de5d9ab8fc582e6223e1f26df1794b6cc74,xp40401010800.rsp.gz,PCA_OGIP_RATE43_OVERLAP_V1,43,5.0,25.0
40401-01-18-00,48,4.980523109436035,25.52670669555664,1e28a213b1a12091b7a794f69746f7b4eec8627f0b547e2ba76fb00511c67224,data/processed/native/40401-01-18-00.npz,response_specific_EBOUNDS,813014e0d40a9892375f59a6fabace092a86c419f8c29f98cf0b98cf1d08a219,xp40401011800.rsp.gz,PCA_OGIP_RATE43_OVERLAP_V1,43,5.0,25.0
40401-01-26-00,48,4.980034351348877,25.52381706237793,120a4547856d09cc3c0fc5ad2fe63975ed395f8831563690bd90e5bdb9971bde,data/processed/native/40401-01-26-00.npz,response_specific_EBOUNDS,2b43ffcd70db65ad465168e69abc5b7496a005f5922fbb172020f688ad0bf2cb,xp40401012600.rsp.gz,PCA_OGIP_RATE43_OVERLAP_V1,43,5.0,25.0
40401-01-35-01,48,4.979436874389648,25.52028465270996,d75f4abb7092927073f5db4d1127cc157db8e45769c967d2e2b05145eddd18a3,data/processed/native/40401-01-35-01.npz,response_specific_EBOUNDS,2d6271eca6272df4de35f080002edf20951f7f2678b2fc4e035b9ac9dee517be,xp40401013501.rsp.gz,PCA_OGIP_RATE43_OVERLAP_V1,43,5.0,25.0
40401-01-43-00,48,4.97883939743042,25.516752243041992,229c29b452b6d7e476a6eae3de9b01fb5faf2704be676b149539aefa03303139,data/processed/native/40401-01-43-00.npz,response_specific_EBOUNDS,1d518f26003173a7a3b9c88f22eba1c8fe2c02cd8db97e3c067622e5fe2ac7b3,xp40401014300.rsp.gz,PCA_OGIP_RATE43_OVERLAP_V1,43,5.0,25.0
40401-01-53-00,48,4.978079319000244,25.512258529663086,94196cc5bde4fee57166544d063c17e37807defbd08083daf9c994b7f24961d0,data/processed/native/40401-01-53-00.npz,response_specific_EBOUNDS,53054aa71e06822f0c9cf47f163b7c1ca753a7bd8cef683478f139524e03fa9d,xp40401015300.rsp.gz,PCA_OGIP_RATE43_OVERLAP_V1,43,5.0,25.0
40401-01-60-00,48,4.977427959442139,25.508407592773438,e8cf99e4f66859c7db00697ca9f99cad002cff786110df056109097d96fa81fb,data/processed/native/40401-01-60-00.npz,response_specific_EBOUNDS,9e3af0a3d03b6165bf940fefd3e82bb958880392b2268c6debbffa38dbfd8826,xp40401016000.rsp.gz,PCA_OGIP_RATE43_OVERLAP_V1,43,5.0,25.0
40401-01-70-00,46,4.623001575469971,25.78203773498535,7e0932445cd8252bf7fc3308542ba5ee985db699e5963d23da8c140a2fe6432b,data/processed/native/40401-01-70-00.npz,response_specific_EBOUNDS,fa27ce4d85a1fa546e6d86e3e4d9ae61f72770e53c7fe45c506eaa3f45ac0040,xp40401017000.rsp.gz,PCA_OGIP_RATE43_OVERLAP_V1,43,5.0,25.0
40401-01-80-00,46,4.6208882331848145,25.780485153198242,e38ec0bd9c14813ce348df4ecceb80a309eb046740441a4e1a643bb7dc45a218,data/processed/native/40401-01-80-00.npz,response_specific_EBOUNDS,d7609a6fae39d70bdc2710c17e94bb32fa330806c6e0b71569697eb44c0ce734,xp40401018000.rsp.gz,PCA_OGIP_RATE43_OVERLAP_V1,43,5.0,25.0
40401-01-82-04,46,4.6202850341796875,25.780044555664062,b773afc7c28f4a5545e77db530ea3085f9fc7766aa29cc3f200f7d08acaaa2fc,data/processed/native/40401-01-82-04.npz,response_specific_EBOUNDS,851b3e69bbbbcd386db835b61605f831a7e820258258b9c33cee0ad7756b1644,xp40401018204.rsp.gz,PCA_OGIP_RATE43_OVERLAP_V1,43,5.0,25.0
40401-01-90-01,46,4.618624210357666,25.778823852539062,811c0d29d4a892dfa5b136206b3e01e149bce19cff962d2fbe1a8f040196e0c4,data/processed/native/40401-01-90-01.npz,response_specific_EBOUNDS,bf29ee94540586934511af9d426e72d833844bbc0743fd27f903daea7b5b079d,xp40401019001.rsp.gz,PCA_OGIP_RATE43_OVERLAP_V1,43,5.0,25.0
40401-01-96-01,46,4.617265701293945,25.7778263092041,e04cedd68f4ade266b01e3c430df244615b2e06333a976a2c4d61b1de2c2e5da,data/processed/native/40401-01-96-01.npz,response_specific_EBOUNDS,ba5f962404eb7d7e496a9f721da2e528701acce2b02388dca6cbff8095a0f27c,xp40401019601.rsp.gz,PCA_OGIP_RATE43_OVERLAP_V1,43,5.0,25.0
40414-01-01-00,46,4.6223978996276855,25.781593322753906,da729de6df787b9c5a2de275a0461859c1f923641cfd3b659f463957a100b1ed,data/processed/native/40414-01-01-00.npz,response_specific_EBOUNDS,dcdf98fce138dd7132e28c811ac4edec3ffe89fc88776b5ab03230a6eaf64d24,xp40414010100.rsp.gz,PCA_OGIP_RATE43_OVERLAP_V1,43,5.0,25.0
40414-01-02-00,46,4.621793746948242,25.78114891052246,ae1f066dcd3a47582ef69e3bd9b8a366cb77960658935d99cc4693d955dcd493,data/processed/native/40414-01-02-00.npz,response_specific_EBOUNDS,2b69cb13f1007208be83aa93089a26333ef56c28b123e01bb2d8b802f4494613,xp40414010200.rsp.gz,PCA_OGIP_RATE43_OVERLAP_V1,43,5.0,25.0
40414-01-04-00,46,4.6208882331848145,25.780485153198242,e38ec0bd9c14813ce348df4ecceb80a309eb046740441a4e1a643bb7dc45a218,data/processed/native/40414-01-04-00.npz,response_specific_EBOUNDS,41d9074651e83fa3e2f603813e0129cd8ca9d63dad61c7608acd673fcdd65e15,xp40414010400.rsp.gz,PCA_OGIP_RATE43_OVERLAP_V1,43,5.0,25.0
40414-01-06-00,46,4.613039016723633,25.774723052978516,785d95752c0fb45a5013f8ec57c77834f0159fe6e75f40db4eef74e123f6b31e,data/processed/native/40414-01-06-00.npz,response_specific_EBOUNDS,6b12e8a6c7f8feebd7f20a926a024350eacddd9cae66fad974d0cdef242296f2,xp40414010600.rsp.gz,PCA_OGIP_RATE43_OVERLAP_V1,43,5.0,25.0
40414-01-08-00,46,4.604886054992676,25.768739700317383,2e80a2fa0cc3fbd014e42e5abff3bf0dd1ef60152937bf4876d33175666b42f6,data/processed/native/40414-01-08-00.npz,response_specific_EBOUNDS,c9820fecb07f5da8cc09c75c2c69521acdc4ad386fd5dcfdb406a786e5c5619e,xp40414010800.rsp.gz,PCA_OGIP_RATE43_OVERLAP_V1,43,5.0,25.0
40414-01-10-00,46,4.6038289070129395,25.767963409423828,7b9a836d12d1964fc746828c642bb2370630c5d4ed703db50e360858211e8156,data/processed/native/40414-01-10-00.npz,response_specific_EBOUNDS,e175f6f9965e0bd5ec65899243cc0b3c6a392d175ed1f8ce71da026fcd55bd57,xp40414011000.rsp.gz,PCA_OGIP_RATE43_OVERLAP_V1,43,5.0,25.0
40414-01-11-00,46,4.603677749633789,25.767852783203125,9b26b04e5147ca180b75f57b23ff0211bb12107ac51b576141d5bdf4b90f9636,data/processed/native/40414-01-11-00.npz,response_specific_EBOUNDS,2b3c148a58dacd4953f097e6d75b43f7b5f72f6aff904c961d0b6257773cf2eb,xp40414011100.rsp.gz,PCA_OGIP_RATE43_OVERLAP_V1,43,5.0,25.0
40414-01-14-00,46,4.593106269836426,25.760093688964844,750b7c4555eeac74b019522c5f38437bbb6502004e0d8978588828239c99d38b,data/processed/native/40414-01-14-00.npz,response_specific_EBOUNDS,65771831c20a083bc2790448303c074d7cf367f6562ebef21d0da69fa516e7c0,xp40414011400.rsp.gz,PCA_OGIP_RATE43_OVERLAP_V1,43,5.0,25.0
40414-01-15-00,46,4.911144256591797,25.69731903076172,5da0b522b70ec468fdac734eebcac815415ed943aa8d99a1a0c80081001ff209,data/processed/native/40414-01-15-00.npz,response_specific_EBOUNDS,c72e3537411777e735f432227c85c795398ed5d7607e759547f4c38c59a8f19c,xp40414011500.rsp.gz,PCA_OGIP_RATE43_OVERLAP_V1,43,5.0,25.0
40426-01-01-00,46,4.599298477172852,25.764638900756836,f775adeef12a7a1ec16d2ea98be5d05642e88c8396114471ba264f93e08d8b01,data/processed/native/40426-01-01-00.npz,response_specific_EBOUNDS,e869d18570ef8c2ca5a8f765120367d29a74ef4368df7d68a651445bdc2365db,xp40426010100.rsp.gz,PCA_OGIP_RATE43_OVERLAP_V1,43,5.0,25.0
40429-01-03-01,46,4.593106269836426,25.760093688964844,750b7c4555eeac74b019522c5f38437bbb6502004e0d8978588828239c99d38b,data/processed/native/40429-01-03-01.npz,response_specific_EBOUNDS,f26b3002ae35e6e7b2456adb0c33a90b9a22d51b6832f10b2b1d646daf0a2bf5,xp40429010301.rsp.gz,PCA_OGIP_RATE43_OVERLAP_V1,43,5.0,25.0
40429-01-06-01,45,4.99807071685791,25.74811553955078,66b361e90596e9d0d69da9217024bb469ea2d5fb55748759ed692de8960dcb56,data/processed/native/40429-01-06-01.npz,response_specific_EBOUNDS,4b46a85154ec39f7a940a1b16bd1345b1aff762b21f18e8a1cfb9fd5e48d6f7d,xp40429010601.rsp.gz,PCA_OGIP_RATE43_OVERLAP_V1,43,5.0,25.0
40432-01-04-00,46,4.592501640319824,25.7596492767334,d701cab471bc098a3828f8e89f42c96947950705ece24294330efee59fe03a42,data/processed/native/40432-01-04-00.npz,response_specific_EBOUNDS,97fbd180edccea0e29d0c1b90769305790a8e2281f85261ac4eb77b5487577ed,xp40432010400.rsp.gz,PCA_OGIP_RATE43_OVERLAP_V1,43,5.0,25.0
40437-01-01-01,46,4.580718517303467,25.751001358032227,15037603d250224c3f28dbf14cbe5fc5221850b97efbfdc85a8347dd0d3cef66,data/processed/native/40437-01-01-01.npz,response_specific_EBOUNDS,7e56788f916c99a7b8b2c1131b73d5fc63f62fb3bcedbaf948d2f61b0fa74393,xp40437010101.rsp.gz,PCA_OGIP_RATE43_OVERLAP_V1,43,5.0,25.0
40440-01-03-00,45,4.9943108558654785,25.745342254638672,44a995bab7f10cee953fc595efb3697afbaab837620bf0aa2b100916b7feebd7,data/processed/native/40440-01-03-00.npz,response_specific_EBOUNDS,f02f81d8fca1d4fce1bd8f8210502f519666faa12cd97b514cbb822d6e5e071b,xp40440010300.rsp.gz,PCA_OGIP_RATE43_OVERLAP_V1,43,5.0,25.0
50023-01-19-00,45,4.960689067840576,25.287437438964844,30cc014f2763e402c8555058265a2ffced931589d8a6d431b2b90e37227fe98e,data/processed/native/50023-01-19-00.npz,response_specific_EBOUNDS,b0207f836a0621c771481c4f74087e30a57ecf0e4d48ce8c16dc879dcff2ad81,xp50023011900.rsp.gz,PCA_OGIP_RATE43_OVERLAP_V1,43,5.0,25.0
50023-01-31-00,45,4.959383964538574,25.280508041381836,bb496a04bd4807e65b5669a5f6cf0a2a1e51fdbff14b5d00474e00db63a4fd3f,data/processed/native/50023-01-31-00.npz,response_specific_EBOUNDS,e1feba80fe96c27a8389856e41c663280c956a7c059d495e6cb840d3973eaae3,xp50023013100.rsp.gz,PCA_OGIP_RATE43_OVERLAP_V1,43,5.0,25.0
50025-01-01-01,45,4.9579057693481445,25.272659301757812,dd9332823cc634d55877bdb52ca26a6aba07db8e7e0807067ba35be32c07cfcf,data/processed/native/50025-01-01-01.npz,response_specific_EBOUNDS,118ab2def7f2d9346cc4b390612998c294330e4f7acce97bc77119b42a0910b3,xp50025010101.rsp.gz,PCA_OGIP_RATE43_OVERLAP_V1,43,5.0,25.0
50025-01-01-05,45,4.9579057693481445,25.272659301757812,dd9332823cc634d55877bdb52ca26a6aba07db8e7e0807067ba35be32c07cfcf,data/processed/native/50025-01-01-05.npz,response_specific_EBOUNDS,2fa9bebf36ebc933bb64b598124631521d6cdeb39b4d22090feaddf33cc8fea3,xp50025010105.rsp.gz,PCA_OGIP_RATE43_OVERLAP_V1,43,5.0,25.0
50025-01-01-07,45,4.957877159118652,25.272506713867188,2dbedbb111fb8a7c3834f34d322ff2b6d11d6677363c26c89c7c17aa326ef1f9,data/processed/native/50025-01-01-07.npz,response_specific_EBOUNDS,b7d76c65b5c3a7a0c2cc3c21813cefaff4e1b48a86d1cc6dba1c0b26811cb958,xp50025010107.rsp.gz,PCA_OGIP_RATE43_OVERLAP_V1,43,5.0,25.0
50025-02-01-01,45,4.957877159118652,25.272506713867188,2dbedbb111fb8a7c3834f34d322ff2b6d11d6677363c26c89c7c17aa326ef1f9,data/processed/native/50025-02-01-01.npz,response_specific_EBOUNDS,993c3c880f4a9996c9b4868d509da8a5ccd891fc62cee02254d42d597853c1a3,xp50025020101.rsp.gz,PCA_OGIP_RATE43_OVERLAP_V1,43,5.0,25.0
50025-02-01-06,45,4.957877159118652,25.272506713867188,2dbedbb111fb8a7c3834f34d322ff2b6d11d6677363c26c89c7c17aa326ef1f9,data/processed/native/50025-02-01-06.npz,response_specific_EBOUNDS,a2c9c2f19031c1f994c2415032b5d44a6e1606861a692b9244fc829998d15ef7,xp50025020106.rsp.gz,PCA_OGIP_RATE43_OVERLAP_V1,43,5.0,25.0
50026-01-01-03,45,4.947090148925781,25.215255737304688,39f6a6b530d28b14d2d7d0664f4963e0959590f3c6641c5bce2419663a1e97f2,data/processed/native/50026-01-01-03.npz,response_specific_EBOUNDS,14b4574582e91536c823b6b8c9c2dc958843e408c5df59a72f95baf4fda5565f,xp50026010103.rsp.gz,PCA_OGIP_RATE43_OVERLAP_V1,43,5.0,25.0
50026-02-01-01,45,4.9521164894104,25.241931915283203,691fb661a0e640954247c434eacf881e7495d13b6313627d83e0885b30856cfe,data/processed/native/50026-02-01-01.npz,response_specific_EBOUNDS,46fdbd0dba701c0e4729f1c236016637442429756a43f6d23e94c0adf6894773,xp50026020101.rsp.gz,PCA_OGIP_RATE43_OVERLAP_V1,43,5.0,25.0
50029-23-01-00,45,4.986489295959473,25.739572525024414,448f9c431db687b1c9dca3297aabea9647af52fe3e63ce11a1abd12984fe75f6,data/processed/native/50029-23-01-00.npz,response_specific_EBOUNDS,33c39deb23c6cb9cfeed7992f362fef1c85951622c6f2d60cc02c58fca3061e7,xp50029230100.rsp.gz,PCA_OGIP_RATE43_OVERLAP_V1,43,5.0,25.0
50029-34-01-00,46,4.902276515960693,25.665443420410156,72ee35ac0349680227d859c620c463375ad0bde2fd6dfc33cb3c4acbf190a0d8,data/processed/native/50029-34-01-00.npz,response_specific_EBOUNDS,b47b93eea881cafbe93e49c8b8d4bdecaf962e8b438b1b9778d70987fc3a1bae,xp50029340100.rsp.gz,PCA_OGIP_RATE43_OVERLAP_V1,43,5.0,25.0
50029-35-01-00,45,4.958659648895264,25.276660919189453,4e980e5376f4efa8bb437d8c1b8772bb7580737dc47096fae3e307a4936fbf6c,data/processed/native/50029-35-01-00.npz,response_specific_EBOUNDS,7ab83ab74c2d9ff2f7374365b35c56c7f0b2e90d4017fbba3f1f7ce5325cc264,xp50029350100.rsp.gz,PCA_OGIP_RATE43_OVERLAP_V1,43,5.0,25.0
50030-01-01-03,46,4.900557994842529,25.659269332885742,b94c817ce276a14d514d167b52074ad4f1f5b4c2a171c5039de5a681387a86d1,data/processed/native/50030-01-01-03.npz,response_specific_EBOUNDS,5b1b53b134b1e93310f725613568111254f661a5c84736dff9619f6ffde85630,xp50030010103.rsp.gz,PCA_OGIP_RATE43_OVERLAP_V1,43,5.0,25.0
50030-01-01-05,46,4.900557994842529,25.659269332885742,b94c817ce276a14d514d167b52074ad4f1f5b4c2a171c5039de5a681387a86d1,data/processed/native/50030-01-01-05.npz,response_specific_EBOUNDS,c722bed74bf2d38f879d725b19df1a1fae2cbbc744194168463af3e955f7fc94,xp50030010105.rsp.gz,PCA_OGIP_RATE43_OVERLAP_V1,43,5.0,25.0
50030-01-01-07,46,4.900557994842529,25.659269332885742,b94c817ce276a14d514d167b52074ad4f1f5b4c2a171c5039de5a681387a86d1,data/processed/native/50030-01-01-07.npz,response_specific_EBOUNDS,a4a02f64fa5367d66629dc86a73bd27822a01c0e3d8bfb0962ceacf21b40984a,xp50030010107.rsp.gz,PCA_OGIP_RATE43_OVERLAP_V1,43,5.0,25.0
50030-01-02-00,45,4.9588623046875,25.27773666381836,0c5609a7b161db0a748754c2b04523272cd0bc2ce19f2389f3474808da3b46aa,data/processed/native/50030-01-02-00.npz,response_specific_EBOUNDS,32d03410103d3aaf9bc2bf8155da16ab8fde3e005c95eb07ca2e687573cc616c,xp50030010200.rsp.gz,PCA_OGIP_RATE43_OVERLAP_V1,43,5.0,25.0
50030-01-03-02,45,4.958224773406982,25.27435302734375,063447f62b90ead9f5684709e91e2b0eba7a7ef597eb68511fc7192372220953,data/processed/native/50030-01-03-02.npz,response_specific_EBOUNDS,9a28f25337ec72feee44cd9ec049c52ad2bf9f8fbe9658bd7d51d7c6aa72041f,xp50030010302.rsp.gz,PCA_OGIP_RATE43_OVERLAP_V1,43,5.0,25.0
50030-01-05-00,45,4.9556169509887695,25.26051139831543,3c31de7cf0a330b9618abd63b149f0acb46e9108f5a013f9aeaaa6ed172fa6cc,data/processed/native/50030-01-05-00.npz,response_specific_EBOUNDS,8464d2f3e43806eec476e37f0ebcb70b0fa0b339f7b498fbd2209ac9b4c5723c,xp50030010500.rsp.gz,PCA_OGIP_RATE43_OVERLAP_V1,43,5.0,25.0
50030-01-06-00,45,4.95405387878418,25.252216339111328,38be6c0d9912e28688b4924ea1c7c887605cdff4d3b24e9cc3763bfd1f6d907d,data/processed/native/50030-01-06-00.npz,response_specific_EBOUNDS,02e6e9d4c7f338cffe637849e8615b381ff92b1dbd9edb1e79a937cad563878f,xp50030010600.rsp.gz,PCA_OGIP_RATE43_OVERLAP_V1,43,5.0,25.0
50030-01-07-00,45,4.953359603881836,25.2485294342041,f48426bf7bc5c03ad726f489e668f2077966fb5a1214b47dc2c500126c9dcc75,data/processed/native/50030-01-07-00.npz,response_specific_EBOUNDS,f8bf2f6fc496e614c808922651663b1c24bef25e8e2e8594e54443a4fa0faf97,xp50030010700.rsp.gz,PCA_OGIP_RATE43_OVERLAP_V1,43,5.0,25.0
50030-01-09-01,46,4.885189533233643,25.60403823852539,6a923889ef03d24878a863e18aca364be026cff314ae521a957269409d23734a,data/processed/native/50030-01-09-01.npz,response_specific_EBOUNDS,3d3142e9f5984e2baa811d88fc97c050668ec1f912045d7a18376f0770c39cac,xp50030010901.rsp.gz,PCA_OGIP_RATE43_OVERLAP_V1,43,5.0,25.0
50030-01-09-02,45,4.953012466430664,25.246686935424805,b6a9f28e57f10de3ebaf729462fe287c5af06e143ecaa4287b1542c0f477aec1,data/processed/native/50030-01-09-02.npz,response_specific_EBOUNDS,56a99328767c8ef937374de36edab305da582b81a44f2cce821fbeb1e8c55c31,xp50030010902.rsp.gz,PCA_OGIP_RATE43_OVERLAP_V1,43,5.0,25.0
50030-01-09-04,46,4.885189533233643,25.60403823852539,6a923889ef03d24878a863e18aca364be026cff314ae521a957269409d23734a,data/processed/native/50030-01-09-04.npz,response_specific_EBOUNDS,90063bbfd4325db4cac1bad9a8025e3b1c6aa121d1938d4e61888506eda273fc,xp50030010904.rsp.gz,PCA_OGIP_RATE43_OVERLAP_V1,43,5.0,25.0
50030-01-10-00,45,4.952694416046143,25.2450008392334,be5253f6b4a10203604cc367c471cdad87a85f3bcd583c4540c9100784980682,data/processed/native/50030-01-10-00.npz,response_specific_EBOUNDS,48410eb069daae32a9ada4e721a43bca7ac6736aa8b81a1fb4c4065ca0b8ae5c,xp50030011000.rsp.gz,PCA_OGIP_RATE43_OVERLAP_V1,43,5.0,25.0
50030-01-10-02,45,4.952694416046143,25.2450008392334,be5253f6b4a10203604cc367c471cdad87a85f3bcd583c4540c9100784980682,data/processed/native/50030-01-10-02.npz,response_specific_EBOUNDS,616a3b8b783a0f8012fc94dbb405dc658effdabc065b4fe66bc380e76d1c3dc6,xp50030011002.rsp.gz,PCA_OGIP_RATE43_OVERLAP_V1,43,5.0,25.0
50030-01-11-01,45,4.95156717300415,25.239015579223633,d8fb603890350674b45e24ec6b1a38893a7baec29c34a6d8c56efdbc4de8a4d8,data/processed/native/50030-01-11-01.npz,response_specific_EBOUNDS,24506472d16d43903720d32d2509092ddae7c32956e97875bc65ed5597de1fec,xp50030011101.rsp.gz,PCA_OGIP_RATE43_OVERLAP_V1,43,5.0,25.0
50030-01-11-02,45,4.94778299331665,25.218931198120117,19634b220f41623382a7b8598803bac796dd09065de3f5b84accbde950dc55b3,data/processed/native/50030-01-11-02.npz,response_specific_EBOUNDS,8cfb3f66d10a44d3f818f760e404b71105ffac73957ee89cc377442a4426a282,xp50030011102.rsp.gz,PCA_OGIP_RATE43_OVERLAP_V1,43,5.0,25.0
50030-01-13-01,45,4.946715354919434,25.213268280029297,730765923d9b2f364494a9ebc8539fba3ee80bbedb4da1e192f438a95e9bd394,data/processed/native/50030-01-13-01.npz,response_specific_EBOUNDS,46ce31b29655c7b72a48bc0577e68f901b2bc4df483162d95b7dd7c3ce9462de,xp50030011301.rsp.gz,PCA_OGIP_RATE43_OVERLAP_V1,43,5.0,25.0
50030-01-14-02,45,4.944955825805664,25.20393180847168,ce84494eef69e55f62525a590a765ecd7507f2d19989c4648e5e8d83a0d0788f,data/processed/native/50030-01-14-02.npz,response_specific_EBOUNDS,4741e0bc3e3f930ad4adc88c4b4ef6f787e651305463ece6c956a65cbc9613da,xp50030011402.rsp.gz,PCA_OGIP_RATE43_OVERLAP_V1,43,5.0,25.0
50030-01-14-03,45,4.944955825805664,25.20393180847168,ce84494eef69e55f62525a590a765ecd7507f2d19989c4648e5e8d83a0d0788f,data/processed/native/50030-01-14-03.npz,response_specific_EBOUNDS,cbda368c578a5f108ae4b3a9a3122f77916f2f22ab619d8d87d8bd584e291c3c,xp50030011403.rsp.gz,PCA_OGIP_RATE43_OVERLAP_V1,43,5.0,25.0
50030-03-05-01,45,4.950873374938965,25.235334396362305,417e841f77efa753905b65ef961c00f58f2788452273ad19bf6c35bb11cdd708,data/processed/native/50030-03-05-01.npz,response_specific_EBOUNDS,6d1045c9e0c429ae446549aae7eb8824df28c1e916d5942d533eb408604520c5,xp50030030501.rsp.gz,PCA_OGIP_RATE43_OVERLAP_V1,43,5.0,25.0
50030-03-08-00,45,4.945792198181152,25.2083683013916,0b006af0d9dd9afd8b13070edbe94630e33bbb2d3b2b673f5214400967479bb8,data/processed/native/50030-03-08-00.npz,response_specific_EBOUNDS,92748c2a6c6e91d50ab6d9d2f201c34faf7d6c2f7a5e290357dbaba53130e6f1,xp50030030800.rsp.gz,PCA_OGIP_RATE43_OVERLAP_V1,43,5.0,25.0
50031-01-01-01,45,4.957644939422607,25.27127456665039,91aadce131d4fccfda0f97b5f56dd5d06b24170abaf967d046db63b10ae0fe58,data/processed/native/50031-01-01-01.npz,response_specific_EBOUNDS,17e7a00d23f15d549f10a3055f522388650261f5c27e8a9165d8d0701d961c6c,xp50031010101.rsp.gz,PCA_OGIP_RATE43_OVERLAP_V1,43,5.0,25.0
50031-01-02-07,45,4.9561381340026855,25.26327896118164,e36840466bd3412772d138b2d5d5ef9adddfad217da5d786461b04572c1e84b5,data/processed/native/50031-01-02-07.npz,response_specific_EBOUNDS,50c3c82093912b280d729f438531f5f1d340b2e1701bb22962c8a64aaf2e62a9,xp50031010207.rsp.gz,PCA_OGIP_RATE43_OVERLAP_V1,43,5.0,25.0
50031-01-04-08,45,4.949977397918701,25.230579376220703,93ffc1bdc2557c8e6d8a1343f92e253d7146c7fe3b543583ae9d86681ce0d4ea,data/processed/native/50031-01-04-08.npz,response_specific_EBOUNDS,3c74beea1a1cb7148a856749294858e4e600964d4225fa4a5dc7140328e61bd3,xp50031010408.rsp.gz,PCA_OGIP_RATE43_OVERLAP_V1,43,5.0,25.0
50031-02-01-01,45,4.958427429199219,25.275428771972656,3c80c0a74bbfd273a37624e5f0981c8e33428b02933367bd5871ec6c071cb92e,data/processed/native/50031-02-01-01.npz,response_specific_EBOUNDS,8176228d7cfa89ef21db656fd816384a9bd425b8112056440ab49b4c06b0d490,xp50031020101.rsp.gz,PCA_OGIP_RATE43_OVERLAP_V1,43,5.0,25.0
50031-02-01-03,45,4.958427429199219,25.275428771972656,3c80c0a74bbfd273a37624e5f0981c8e33428b02933367bd5871ec6c071cb92e,data/processed/native/50031-02-01-03.npz,response_specific_EBOUNDS,3928c383c2cb0fed8bdba2af5b12a3c2867fd9caa3f58dbfacac0bedcfd49216,xp50031020103.rsp.gz,PCA_OGIP_RATE43_OVERLAP_V1,43,5.0,25.0
50031-02-01-05,45,4.958398818969727,25.27527618408203,98f5313ddc6f9751d630643acf71013ea5e259e204ec5e126dd24b1c40685f2f,data/processed/native/50031-02-01-05.npz,response_specific_EBOUNDS,f427740a5562b2c8fa852da98bda438633a8d8cc471d840af0c17092375eabe3,xp50031020105.rsp.gz,PCA_OGIP_RATE43_OVERLAP_V1,43,5.0,25.0
50031-02-01-09,46,4.897585868835449,25.64858627319336,db55002b9d2f55c6314ba765d85db32d73c29cfed98730e76b05989cf892c795,data/processed/native/50031-02-01-09.npz,response_specific_EBOUNDS,b87cdcb4a12147e688d1dadcf2d206cf5ab7dafb39eecff383d844c2aa9e6c31,xp50031020109.rsp.gz,PCA_OGIP_RATE43_OVERLAP_V1,43,5.0,25.0
50031-02-01-11,46,4.897519588470459,25.648347854614258,5f5c59c0a87696fe544c956b4c45bb31b51ceb051419fab3c98c2ee84a974923,data/processed/native/50031-02-01-11.npz,response_specific_EBOUNDS,8d2ddc9695f9624657aa6851359cfa1fc747d53e5c854d54b095bc2d3480f422,xp50031020111.rsp.gz,PCA_OGIP_RATE43_OVERLAP_V1,43,5.0,25.0
50031-02-02-02,45,4.9568915367126465,25.267276763916016,0c846a03f40be72eff6a49aa27d7a9f3edfd6f3b6718b3ecd68296e3da9fb561,data/processed/native/50031-02-02-02.npz,response_specific_EBOUNDS,ea5a997e74e52eadc8f6470c4de4790ac81d9b872ffb7e189e182447efc22433,xp50031020202.rsp.gz,PCA_OGIP_RATE43_OVERLAP_V1,43,5.0,25.0
50031-02-02-04,45,4.956920146942139,25.26742935180664,da49550a2556472acac2160e7126f57c34248d878deeb842f525d25670d98b95,data/processed/native/50031-02-02-04.npz,response_specific_EBOUNDS,d262edf31608b3c99378917690e3cf77a557820fa50bb810373e5da7425cdcc7,xp50031020204.rsp.gz,PCA_OGIP_RATE43_OVERLAP_V1,43,5.0,25.0
50031-02-02-06,45,4.9568915367126465,25.267276763916016,0c846a03f40be72eff6a49aa27d7a9f3edfd6f3b6718b3ecd68296e3da9fb561,data/processed/native/50031-02-02-06.npz,response_specific_EBOUNDS,e610814c55f358c996862e8c3e85f3876d3e62c5309a5b2fb6d86e8fcd72ce81,xp50031020206.rsp.gz,PCA_OGIP_RATE43_OVERLAP_V1,43,5.0,25.0
50031-02-02-07,45,4.9568915367126465,25.267276763916016,0c846a03f40be72eff6a49aa27d7a9f3edfd6f3b6718b3ecd68296e3da9fb561,data/processed/native/50031-02-02-07.npz,response_specific_EBOUNDS,7ceeff7a4fe8aaa503d2028ff479bd6a28c038ad637df892fede18d82446e812,xp50031020207.rsp.gz,PCA_OGIP_RATE43_OVERLAP_V1,43,5.0,25.0
50031-02-03-00,45,4.953649044036865,25.25006675720215,f9e8e3310dbfb715a6746247fc74159b3ac609b39c187356a849cbc9930ac6fd,data/processed/native/50031-02-03-00.npz,response_specific_EBOUNDS,d4410da77f25f61997ca50513ecf8a5529722b4ceb495f536f833c2ecbd36cdf,xp50031020300.rsp.gz,PCA_OGIP_RATE43_OVERLAP_V1,43,5.0,25.0
50031-02-03-06,45,4.953649044036865,25.25006675720215,f9e8e3310dbfb715a6746247fc74159b3ac609b39c187356a849cbc9930ac6fd,data/processed/native/50031-02-03-06.npz,response_specific_EBOUNDS,991a1bfd214dd38c08b54c034a4669877df4f1bf70e0fa36acd74bdc7c45f14b,xp50031020306.rsp.gz,PCA_OGIP_RATE43_OVERLAP_V1,43,5.0,25.0
50031-02-03-07,46,4.886572360992432,25.6090087890625,30dcab56d93b62dfc2ca458e56cbf32970fbf1ad796634173bcb41f89d8957b6,data/processed/native/50031-02-03-07.npz,response_specific_EBOUNDS,7ec9b241922133fef5963169d5771c4142e09c4f98a86c54602d0d9dd2c2c348,xp50031020307.rsp.gz,PCA_OGIP_RATE43_OVERLAP_V1,43,5.0,25.0
50031-02-03-08,45,4.953619956970215,25.24991226196289,e9ebc9933e7b52f38b37d9df80111d22b679678503027212739235f6c4f08af0,data/processed/native/50031-02-03-08.npz,response_specific_EBOUNDS,8d4baecb30e4caf67067b47574777382cdda7208dfda792c81a422473696db30,xp50031020308.rsp.gz,PCA_OGIP_RATE43_OVERLAP_V1,43,5.0,25.0
50031-02-04-03,45,4.952434539794922,25.24361801147461,2282eeaa1c261c8bc9988906e647e03b38517bc5872a7217e313466122efc113,data/processed/native/50031-02-04-03.npz,response_specific_EBOUNDS,ef87835fb2e418f4a7ec803cbbbb13d778041547e90348fb02ba74f5bd04a60d,xp50031020403.rsp.gz,PCA_OGIP_RATE43_OVERLAP_V1,43,5.0,25.0
50031-02-04-05,45,4.9524054527282715,25.24346351623535,cb5c7f3cafae1f90c4e631c477134b9cb091fb25ffdafe09e6c46a7a79b50191,data/processed/native/50031-02-04-05.npz,response_specific_EBOUNDS,b379caead0c86aea65096f42299bcdb6fac91b36094cd3958e55dfc6198f1df2,xp50031020405.rsp.gz,PCA_OGIP_RATE43_OVERLAP_V1,43,5.0,25.0
50031-02-04-07,45,4.952376842498779,25.24331283569336,851b54a7d4a6f5de1e97a1fd7380b17e3c742cd7fab9fa0b95ed2703e941538d,data/processed/native/50031-02-04-07.npz,response_specific_EBOUNDS,92092c209abf4f157defac1489d153dcec65e6cc9f0e4de843b6ece4f5843c5b,xp50031020407.rsp.gz,PCA_OGIP_RATE43_OVERLAP_V1,43,5.0,25.0
50031-02-04-10,45,4.952347755432129,25.2431583404541,1a8209652901178b00e1c066818979c205918ff2ab69d3a0db68a82ffaed9392,data/processed/native/50031-02-04-10.npz,response_specific_EBOUNDS,fe5584e0ac1e165637eecb00ddb39795d6b34edb0f4c4dbd3fe772ae2a78867d,xp50031020410.rsp.gz,PCA_OGIP_RATE43_OVERLAP_V1,43,5.0,25.0
50049-01-05-01,45,4.95665979385376,25.26604652404785,eec37878f47026f2622ff32b975c526e333277febe8f061915297674f7490688,data/processed/native/50049-01-05-01.npz,response_specific_EBOUNDS,c39880c5868305776afbd437f85af204cc7d71a546ccd4f2bce351a956af66fd,xp50049010501.rsp.gz,PCA_OGIP_RATE43_OVERLAP_V1,43,5.0,25.0
50049-02-08-03,45,4.9560227394104,25.262664794921875,e5b16f4859b26e903dc46d47f7b8e36bfb58a8b63d21942a701e8e532d330076,data/processed/native/50049-02-08-03.npz,response_specific_EBOUNDS,8a74495beb0a1856cc8b8b013285b35649b0af05af1f9484c45a89ebeef81bf7,xp50049020803.rsp.gz,PCA_OGIP_RATE43_OVERLAP_V1,43,5.0,25.0
50049-02-15-04,45,4.955559253692627,25.260204315185547,62b225dcf72f1225876516e3e53c09ba95df4efb67d42695d1c2ce4185e8af73,data/processed/native/50049-02-15-04.npz,response_specific_EBOUNDS,17b1f91ab790b76303e24c87a6347cfc5d0de069d5a0700779b73b6ff5000272,xp50049021504.rsp.gz,PCA_OGIP_RATE43_OVERLAP_V1,43,5.0,25.0
50052-01-23-00,45,4.983781337738037,25.73757553100586,5aae8c000fb3960134846d4bc6e123c881a0558642949283351e6ae50d2ece1e,data/processed/native/50052-01-23-00.npz,response_specific_EBOUNDS,e3d4977e60382f89bcd3c3f373fa404075eb7aa6b7ef3ebb72d840116a07d4f4,xp50052012300.rsp.gz,PCA_OGIP_RATE43_OVERLAP_V1,43,5.0,25.0
50133-01-04-00,45,4.96048641204834,25.286359786987305,7b09c91b71563fba76fa0d7396c8f063686d4c2ebf032d3d65ffa3431d72a825,data/processed/native/50133-01-04-00.npz,response_specific_EBOUNDS,7954e89537834fe8e3988e1ec92242a857739713d023bb07f2464e5992c4d950,xp50133010400.rsp.gz,PCA_OGIP_RATE43_OVERLAP_V1,43,5.0,25.0
50133-01-05-00,45,4.95970344543457,25.282203674316406,e6ec035f19b92223f38dc9f9c6a6ebdfebe4e01a6d5da39473cec6ab5e54e28c,data/processed/native/50133-01-05-00.npz,response_specific_EBOUNDS,45aef90c3c1e1e69ec28fe995aa4a2381686b89a100f2adfec01e2d861f6f4cb,xp50133010500.rsp.gz,PCA_OGIP_RATE43_OVERLAP_V1,43,5.0,25.0
50133-01-06-00,45,4.959297180175781,25.280046463012695,ffe9d2353a698df946baa01f90b6a732fa0f20e8f252b557234fabc17b0d47f7,data/processed/native/50133-01-06-00.npz,response_specific_EBOUNDS,3d4c37ecc761843067e88aef8f2f05ad93a128ec5e8e3d2195dad302a8ec354b,xp50133010600.rsp.gz,PCA_OGIP_RATE43_OVERLAP_V1,43,5.0,25.0
50134-01-05-00,46,4.903135776519775,25.668533325195312,f4eb11e72d8c988ae46d302f046648c98c105bcafd7fdb1222e08e942d9b8891,data/processed/native/50134-01-05-00.npz,response_specific_EBOUNDS,2c73edf9e55bb3bc1440bf66c5e16d53cc94a6f34c21231c0e2e7c81d3daf5c9,xp50134010500.rsp.gz,PCA_OGIP_RATE43_OVERLAP_V1,43,5.0,25.0
50134-02-04-01,45,4.9840826988220215,25.7377986907959,be950c50f85962b0b41024f943a7faa4e7f44df3c6233972480fbbe57c70eff0,data/processed/native/50134-02-04-01.npz,response_specific_EBOUNDS,128e84cb4bfa92790d782113cad0f4c36dbffd5b3b9ded3ab7bd7b9cf369f419,xp50134020401.rsp.gz,PCA_OGIP_RATE43_OVERLAP_V1,43,5.0,25.0
50135-01-11-00,45,4.960399627685547,25.285898208618164,fb2c922fc7c4c5ede66bc1ff9cc9188bad551f3215075197421fee90387a3725,data/processed/native/50135-01-11-00.npz,response_specific_EBOUNDS,7eb9b53e490e1609667dd2f34746258077a7f1fdaad1ef3d975d661ea5e8da49,xp50135011100.rsp.gz,PCA_OGIP_RATE43_OVERLAP_V1,43,5.0,25.0
50135-01-22-00,45,4.959847927093506,25.28297233581543,44779202c62d45a4df2334292e3dcd65224fb66afa5ced57f1f6184556e1e544,data/processed/native/50135-01-22-00.npz,response_specific_EBOUNDS,04f6e2f907f4b0236be4c5fa237a38e40f4a17c82312e740051e1ee94ebabf7d,xp50135012200.rsp.gz,PCA_OGIP_RATE43_OVERLAP_V1,43,5.0,25.0
50137-01-01-00,45,4.989497661590576,25.741792678833008,6f141675421520f0c25890965d104e0d4f093b163d6f04b63038544b750bb344,data/processed/native/50137-01-01-00.npz,response_specific_EBOUNDS,dac0c2cec32d10d647057749cb5b85a8644f2a63d5aea30c6b1097bcc1d91491,xp50137010100.rsp.gz,PCA_OGIP_RATE43_OVERLAP_V1,43,5.0,25.0
50137-01-04-00,45,4.988745212554932,25.74123764038086,ed223359f10c7a46bb73a69c2594a555ad0983f97a8da207515978207247c091,data/processed/native/50137-01-04-00.npz,response_specific_EBOUNDS,98370241afa5ee3b8ffef3fd215566e782d9fa2d754c351949558cc862709d71,xp50137010400.rsp.gz,PCA_OGIP_RATE43_OVERLAP_V1,43,5.0,25.0
50137-02-04-01,45,4.986639499664307,25.73968505859375,400f0d326c8a0221d4b94f60be2e0c2a710d7adfbdbf54670a09bd3d87f036a0,data/processed/native/50137-02-04-01.npz,response_specific_EBOUNDS,a04294061bfa21a7c65674cdd854e94b145c129441dc10c15e7d7f8390872d49,xp50137020401.rsp.gz,PCA_OGIP_RATE43_OVERLAP_V1,43,5.0,25.0
50137-02-12-00,46,4.885321140289307,25.604511260986328,d45959f0504ebf49d712781150f7358cae2ef0ff0e4623b9349f3728debc3432,data/processed/native/50137-02-12-00.npz,response_specific_EBOUNDS,b1eed6bc82c3454365979f586b0ca27eceed507b713ff6721a3aac1c921c1f88,xp50137021200.rsp.gz,PCA_OGIP_RATE43_OVERLAP_V1,43,5.0,25.0
50401-01-02-00,45,4.991453170776367,25.743236541748047,254cabacf45ee8d589ecadab31610c559cf635fe7f99122f9a2fd8c6937f0a47,data/processed/native/50401-01-02-00.npz,response_specific_EBOUNDS,48345752c693b6e3ffd4e9488a7dc12ad899c7171cdecb2b1dd29a7caf979546,xp50401010200.rsp.gz,PCA_OGIP_RATE43_OVERLAP_V1,43,5.0,25.0
50401-01-06-01,45,4.95883321762085,25.277585983276367,003f6471a523cd6bd1b454d7f527b56a0b807e201ab16c1f7163db323fdc99f6,data/processed/native/50401-01-06-01.npz,response_specific_EBOUNDS,a9eddbd9096c7c4f0332634c407e7d0862ede7cf6e370ff3606bd7c14824f659,xp50401010601.rsp.gz,PCA_OGIP_RATE43_OVERLAP_V1,43,5.0,25.0
50407-01-01-00,45,4.961792469024658,25.293292999267578,0bdaf0147902b000e30a7abb580ef3089f71aad83f0ef7895a08fe64dfcc987e,data/processed/native/50407-01-01-00.npz,response_specific_EBOUNDS,945dcc8586dc97203ad0f37468f1a810f4bfce730a812f6185f08e0f8c50be7f,xp50407010100.rsp.gz,PCA_OGIP_RATE43_OVERLAP_V1,43,5.0,25.0
50407-01-02-00,45,4.986940383911133,25.739906311035156,d7515b646fa7519c61f9d7ebacdd018944db30bb46abc40c6f52da9775fc4332,data/processed/native/50407-01-02-00.npz,response_specific_EBOUNDS,91298adfc9825f123ce6ee02de8c51753c273a10d070cb445216c8d3bb4f66da,xp50407010200.rsp.gz,PCA_OGIP_RATE43_OVERLAP_V1,43,5.0,25.0
50407-01-02-02,45,4.986489295959473,25.739572525024414,448f9c431db687b1c9dca3297aabea9647af52fe3e63ce11a1abd12984fe75f6,data/processed/native/50407-01-02-02.npz,response_specific_EBOUNDS,24eda4abcee848c9361a8b4e812181f21e008f1a57a12d2c0cc6a0f965c4b7be,xp50407010202.rsp.gz,PCA_OGIP_RATE43_OVERLAP_V1,43,5.0,25.0
50407-01-03-01,45,4.985586643218994,25.738906860351562,918afd5d8bb0d6f0777003d3d915cca0bd377141eb5076ba18f9df3c1d02a26c,data/processed/native/50407-01-03-01.npz,response_specific_EBOUNDS,a4d7f06db4188df3d11a228cefd57d5807b3e4c64465db5431e238318e7caedb,xp50407010301.rsp.gz,PCA_OGIP_RATE43_OVERLAP_V1,43,5.0,25.0
50407-01-05-01,45,4.983781337738037,25.73757553100586,5aae8c000fb3960134846d4bc6e123c881a0558642949283351e6ae50d2ece1e,data/processed/native/50407-01-05-01.npz,response_specific_EBOUNDS,c9a4e22101c8f6ba0430e5f40d91e1a693e59e8a0fec0a20e8969b78b5619b69,xp50407010501.rsp.gz,PCA_OGIP_RATE43_OVERLAP_V1,43,5.0,25.0
50407-01-06-00,46,4.903069972991943,25.668296813964844,d7c6ad16e9efb5b1af655afaa8a70edbf833fcd1ae444144541b552e3e052f83,data/processed/native/50407-01-06-00.npz,response_specific_EBOUNDS,d558354f0aa4c1d85cd42427b0667beea624164bc2514bc621f4eeb2ff553dce,xp50407010600.rsp.gz,PCA_OGIP_RATE43_OVERLAP_V1,43,5.0,25.0
50407-01-10-01,45,4.959964275360107,25.283588409423828,2bfaca56dba7103064889f4373d596e8b30cc074611af20674c0949244ce5e20,data/processed/native/50407-01-10-01.npz,response_specific_EBOUNDS,1c40f32e988c78e1e800104b75fe77a0ed79081112a8251e1832b977ec4e8c74,xp50407011001.rsp.gz,PCA_OGIP_RATE43_OVERLAP_V1,43,5.0,25.0
50407-01-15-00,46,4.898576259613037,25.652145385742188,4ae87425e11a74c878289f2412b5687f6dbaffc6c60a8fe79500e1882dd85f3b,data/processed/native/50407-01-15-00.npz,response_specific_EBOUNDS,c097eabcc304001a01abbc1821b20b95c86f26bc0a698122b87e575d6b4f71f1,xp50407011500.rsp.gz,PCA_OGIP_RATE43_OVERLAP_V1,43,5.0,25.0
50407-01-17-00,45,4.958514213562012,25.275890350341797,07251900021efcf20211ed8f81ddf4c0e278902f420692f4565152f6b0e8582e,data/processed/native/50407-01-17-00.npz,response_specific_EBOUNDS,24895a03b4cba3dec38cb86d68038e202eec3f4eda1bb5c8b3bd963f14cf5b61,xp50407011700.rsp.gz,PCA_OGIP_RATE43_OVERLAP_V1,43,5.0,25.0
50410-01-02-00,45,4.960805416107178,25.288053512573242,b3b1f04bd100f1f8870c23d8f45c820887193c9fca4b417f38204a6d6e49bbcc,data/processed/native/50410-01-02-00.npz,response_specific_EBOUNDS,cbec69a23261a9d130b53359c638ba5584e80d38e1101b224be95afdfd92204e,xp50410010200.rsp.gz,PCA_OGIP_RATE43_OVERLAP_V1,43,5.0,25.0
50410-01-03-00,45,4.960776329040527,25.287899017333984,826a343f76f02188cf06e3fc142eea682a2eda240faf45dc3b1d421dea255043,data/processed/native/50410-01-03-00.npz,response_specific_EBOUNDS,34fed61768183e50ed3559d8727b9c9b059e3dc171579112b2762caa5d2475ed,xp50410010300.rsp.gz,PCA_OGIP_RATE43_OVERLAP_V1,43,5.0,25.0
50410-01-05-00,45,4.958398818969727,25.27527618408203,98f5313ddc6f9751d630643acf71013ea5e259e204ec5e126dd24b1c40685f2f,data/processed/native/50410-01-05-00.npz,response_specific_EBOUNDS,d96973d8716a32f2dc63706e22623c369e6887d96e6f276782e7f469a88efbee,xp50410010500.rsp.gz,PCA_OGIP_RATE43_OVERLAP_V1,43,5.0,25.0
50410-01-07-00,45,4.95634126663208,25.264354705810547,26cd61bdbd69e1b1bc972083fbe71eb695b88ddef94471290fe56a0148d4dcbf,data/processed/native/50410-01-07-00.npz,response_specific_EBOUNDS,29d3a8bd180ff92b732058dfd1f9a985f38a91ab6ec88bdc502b37671f3707a3,xp50410010700.rsp.gz,PCA_OGIP_RATE43_OVERLAP_V1,43,5.0,25.0
50410-01-09-00,45,4.9562835693359375,25.264049530029297,24802fa68e41728608a9251c30c37330c860855f0c50432bba8504b6afaad7c0,data/processed/native/50410-01-09-00.npz,response_specific_EBOUNDS,14c5c89f42e4246e8f096757d7b02e00fed8e2b284de6bc5d9fb521e7071ba34,xp50410010900.rsp.gz,PCA_OGIP_RATE43_OVERLAP_V1,43,5.0,25.0
60032-01-04-00,45,4.948187351226807,25.221078872680664,755ed48ee3454b5310cd0844e1136b339d41dcc404e17609c7d65b6114831566,data/processed/native/60032-01-04-00.npz,response_specific_EBOUNDS,59595b56dbfa9a6fe79d7c760557a02dc1d90c39dfd2b5967ea25f3002049d9c,xp60032010400.rsp.gz,PCA_OGIP_RATE43_OVERLAP_V1,43,5.0,25.0
60032-01-14-01,45,4.945388317108154,25.206226348876953,153910008d1d56299b26cfcc982cdbcab17bea2bf5ac97afd4fe2a92083805c2,data/processed/native/60032-01-14-01.npz,response_specific_EBOUNDS,baabc272a22ce883d13ee7de0b30515889882d93778215e7f2bebf50a2e93622,xp60032011401.rsp.gz,PCA_OGIP_RATE43_OVERLAP_V1,43,5.0,25.0
60032-05-15-00,45,4.941959381103516,25.188032150268555,b1a1d9f841f49b378863f73f3dcbba69a422365ba6235d41497173f1f543f225,data/processed/native/60032-05-15-00.npz,response_specific_EBOUNDS,3585ecd43fe539452d9e8892cfbb839a566202cdf1d97801584ebade1c82587f,xp60032051500.rsp.gz,PCA_OGIP_RATE43_OVERLAP_V1,43,5.0,25.0
60034-01-01-03,46,4.87217378616333,25.557273864746094,1d124a093d97783bdad682d9e0cd898602b34f7efd0dd9c191ed13ba93f86b28,data/processed/native/60034-01-01-03.npz,response_specific_EBOUNDS,e0b69e098d9467ede9922c7e7674fca2563121bcff78f50c5789346937d8a992,xp60034010103.rsp.gz,PCA_OGIP_RATE43_OVERLAP_V1,43,5.0,25.0
60034-01-01-05,45,4.947205543518066,25.215869903564453,b5d13e05bae471d659716e69b8547e482b70f9dc9253a80726c0c98041504403,data/processed/native/60034-01-01-05.npz,response_specific_EBOUNDS,2c607da0c3453c7cd1b956fd883c800de2f616d8b470e8934ddd8cf755587919,xp60034010105.rsp.gz,PCA_OGIP_RATE43_OVERLAP_V1,43,5.0,25.0
60034-01-02-03,45,4.945215702056885,25.205307006835938,161010253e08ed9be04e7cfc208ed564e9505120dc02931e6ae5657e470de598,data/processed/native/60034-01-02-03.npz,response_specific_EBOUNDS,21efb76d6fdb6951e38971976dc55ccef0a6f10b055644c6dd6da44db1a58a9d,xp60034010203.rsp.gz,PCA_OGIP_RATE43_OVERLAP_V1,43,5.0,25.0
60034-01-03-00,46,4.862405776977539,25.522184371948242,e24da0520db83656abc12d35ada83c6712ea51957c05bea8bfcfdd50144a886f,data/processed/native/60034-01-03-00.npz,response_specific_EBOUNDS,ad6029d543b19e8d38fbec92b59baa868d6c1bc84846646537d8c05cde33b3ec,xp60034010300.rsp.gz,PCA_OGIP_RATE43_OVERLAP_V1,43,5.0,25.0
60035-01-02-01,45,4.951335906982422,25.237789154052734,c86af4a45c15a4c154056356cb1b231071d53357b00a94cfe80d88475dbf108b,data/processed/native/60035-01-02-01.npz,response_specific_EBOUNDS,bafcc968122f2df4b56a599cd911b6cda8ee20c8e8bba8df2d91a81ece11c481,xp60035010201.rsp.gz,PCA_OGIP_RATE43_OVERLAP_V1,43,5.0,25.0
60042-01-01-01,45,4.947638511657715,25.21816635131836,b89b6d2d5c20d21aaf70a183c8e650cce04a2e9e564165683ea75f296f8fda54,data/processed/native/60042-01-01-01.npz,response_specific_EBOUNDS,6fe3397070669b24cd27fd39c4f15e85a00cf22bc90ed81b05000a3ee6dc7ac3,xp60042010101.rsp.gz,PCA_OGIP_RATE43_OVERLAP_V1,43,5.0,25.0
60048-01-02-00,45,4.9523186683654785,25.243003845214844,8397757f62b07dec4fc380fe56572209cd4fc1eb6c69a29960c58a3a7d47a2be,data/processed/native/60048-01-02-00.npz,response_specific_EBOUNDS,0de498b83ace7b9b4c83946cf2ed13f90d0892cee71d241e3286beb764517924,xp60048010200.rsp.gz,PCA_OGIP_RATE43_OVERLAP_V1,43,5.0,25.0
60048-01-04-00,45,4.952260971069336,25.242698669433594,55169a3cf9a4a12fc4b9ec10755ba4d63e22692ba79ffa498d818a6d066fb888,data/processed/native/60048-01-04-00.npz,response_specific_EBOUNDS,eed883529eec74771fdc32ddaffd5f82c3d53f211baab466f2fe7b8848c8b374,xp60048010400.rsp.gz,PCA_OGIP_RATE43_OVERLAP_V1,43,5.0,25.0
60048-01-05-00,46,4.883478164672852,25.597888946533203,0efb90217d1d3021372b15ef72d3d15416625d8d2b220d3bce9071ca18ab2e1e,data/processed/native/60048-01-05-00.npz,response_specific_EBOUNDS,0b9eca605bbb34088ebc4fc03973dd5c0a8ed77cb40727b02d9ca698f18d9bfa,xp60048010500.rsp.gz,PCA_OGIP_RATE43_OVERLAP_V1,43,5.0,25.0
60048-02-01-00,45,4.950786590576172,25.234872817993164,959806a48126dbe38fc5a73e22bef65d8177c8e6f879e410d5bd8a88fa773982,data/processed/native/60048-02-01-00.npz,response_specific_EBOUNDS,8d9066592bb37817ac36b47633af4bcbc46e3a4913a57960d9e4b85471cbd430,xp60048020100.rsp.gz,PCA_OGIP_RATE43_OVERLAP_V1,43,5.0,25.0
60048-02-03-00,45,4.950699806213379,25.234413146972656,6a4e204bc2ea85c66bedb56b5edcdbe960ce185c888c4dc41b296c06e27ef1b8,data/processed/native/60048-02-03-00.npz,response_specific_EBOUNDS,c4e2f35741d00928bd5f2cea965f45f4a079af47484590e6a229f2dc982d4fd2,xp60048020300.rsp.gz,PCA_OGIP_RATE43_OVERLAP_V1,43,5.0,25.0
60048-02-05-00,45,4.950642108917236,25.234107971191406,22fcc9271e7818876fc0b3a2c91678ba9e6f9a74c930a2070b8a00742cbf75c1,data/processed/native/60048-02-05-00.npz,response_specific_EBOUNDS,4cab4cd930ddae6f8862b231ba89dc5401fedc88f4d80a180bf8cbe21c9cc76e,xp60048020500.rsp.gz,PCA_OGIP_RATE43_OVERLAP_V1,43,5.0,25.0
60048-03-02-00,45,4.949342250823975,25.227209091186523,1ca3a47bb698ff0ffb8a05ee4a26ad13dc1f40e423974036e313a06ae179b23f,data/processed/native/60048-03-02-00.npz,response_specific_EBOUNDS,75ff3d29a393d4c2ff95bde27d6d2222c7999340fe8b2f0909342b7e587344f4,xp60048030200.rsp.gz,PCA_OGIP_RATE43_OVERLAP_V1,43,5.0,25.0
60048-03-03-00,45,4.949342250823975,25.227209091186523,1ca3a47bb698ff0ffb8a05ee4a26ad13dc1f40e423974036e313a06ae179b23f,data/processed/native/60048-03-03-00.npz,response_specific_EBOUNDS,72576bd162a244532307505c63e19380d2f12d966fe64f74663d888001208709,xp60048030300.rsp.gz,PCA_OGIP_RATE43_OVERLAP_V1,43,5.0,25.0
60048-03-05-00,45,4.949313163757324,25.227054595947266,9baa220e43a976b564ccb651194fdde35dd5ed5c28acf2101d6e6393288a724e,data/processed/native/60048-03-05-00.npz,response_specific_EBOUNDS,f1d2468170178ade43f9389c0a60927b9a0346a0228560ce6f6ea9efd8e3d288,xp60048030500.rsp.gz,PCA_OGIP_RATE43_OVERLAP_V1,43,5.0,25.0
60048-04-02-00,45,4.947754383087158,25.218780517578125,21fe8ed15e4535fe92d8784e4c84a90235c4b05232f2d29ddce3d8833a55c366,data/processed/native/60048-04-02-00.npz,response_specific_EBOUNDS,a96bd4168f7d379b1448399b8b94cd6af2ef2202862f9460c7493732f39418dd,xp60048040200.rsp.gz,PCA_OGIP_RATE43_OVERLAP_V1,43,5.0,25.0
60048-04-04-00,46,4.8731584548950195,25.560810089111328,510e05db553e7c400efb35f1bb4af9c04aac93f1575dec40814c723c99836bcd,data/processed/native/60048-04-04-00.npz,response_specific_EBOUNDS,ca2d3f376dbe0ce5d4425487a67a8a3c13db13b805f5d45d8e64e4fb212dea36,xp60048040400.rsp.gz,PCA_OGIP_RATE43_OVERLAP_V1,43,5.0,25.0
60052-01-03-01,45,4.942333698272705,25.19001579284668,6f1ad92c1823b7bc21e03059706f9dff1b0645e513e981ecf3e11baa802c9d7f,data/processed/native/60052-01-03-01.npz,response_specific_EBOUNDS,40fa93cc06b07405f6788b8b88d0471dab5ef716946ed395bb8f78a7b69f39a6,xp60052010301.rsp.gz,PCA_OGIP_RATE43_OVERLAP_V1,43,5.0,25.0
60052-02-04-03,45,4.945013523101807,25.204235076904297,b3c2a674fa1dc65b14805286c6eded2c270d3fbfaccd439a0c4ea7acd6ec49ad,data/processed/native/60052-02-04-03.npz,response_specific_EBOUNDS,44fa2b4a6b6dd3a8554f43addc75dcd03a8dc5632566ca68213edfbeaa8cefff,xp60052020403.rsp.gz,PCA_OGIP_RATE43_OVERLAP_V1,43,5.0,25.0
60054-02-01-04,45,4.9490532875061035,25.225675582885742,c8ad941193e6bdce14a03dfc0992dcf2c9286c607eb100c7cd9079cebafd4c99,data/processed/native/60054-02-01-04.npz,response_specific_EBOUNDS,be65185790cb6c9704cbc4c5313375edc373a2ab5be1866b5913f1d48275717c,xp60054020104.rsp.gz,PCA_OGIP_RATE43_OVERLAP_V1,43,5.0,25.0
60054-02-05-02,45,4.948331356048584,25.221843719482422,57504aa8cb7e7d29ff95df7a2735656f28b52f05b67002b07e5460f04dd72151,data/processed/native/60054-02-05-02.npz,response_specific_EBOUNDS,ff74657ca889a3100f1a27eafe962dd3ba3603bc35c0ae76bb577789f0c3e100,xp60054020502.rsp.gz,PCA_OGIP_RATE43_OVERLAP_V1,43,5.0,25.0
60083-03-01-00,46,4.87742805480957,25.57615089416504,f848365b2bb788c61305131c4dfe711c4b6eb33639801994c4bd42e23feac882,data/processed/native/60083-03-01-00.npz,response_specific_EBOUNDS,a38ffa830b0aa2f24d311c6cdd5b58b362b122c7310349ac78230c8136eb0880,xp60083030100.rsp.gz,PCA_OGIP_RATE43_OVERLAP_V1,43,5.0,25.0
60083-03-06-00,45,4.942708492279053,25.19200325012207,78a0347257c9f5d33c20acd847f3b0bd049d2b6f3e055ba14bd6d31c07ac1ebd,data/processed/native/60083-03-06-00.npz,response_specific_EBOUNDS,8ed9cad4138679c2ab15bb24c6047bf5214219104ca52db5355db81a21dd18c6,xp60083030600.rsp.gz,PCA_OGIP_RATE43_OVERLAP_V1,43,5.0,25.0
60084-03-01-02,45,4.952145099639893,25.242082595825195,9ea7b5a62aeebd17771ca7cc10cf0d732f28d9b287877a1410f80f4f7e86319a,data/processed/native/60084-03-01-02.npz,response_specific_EBOUNDS,8c5af73e484742248d2f0f0e70bb4bfb1aad316839532f0a916ff9b40bc484fb,xp60084030102.rsp.gz,PCA_OGIP_RATE43_OVERLAP_V1,43,5.0,25.0
60084-03-02-00,45,4.952290058135986,25.24285125732422,8f445732b5b35ffae590461faa3a357d61312f3796b23f97d46a06d3b6733868,data/processed/native/60084-03-02-00.npz,response_specific_EBOUNDS,31bf6409b716efc395782cfc770e11090f66c5defe7e1961037241c84e7245f0,xp60084030200.rsp.gz,PCA_OGIP_RATE43_OVERLAP_V1,43,5.0,25.0
60117-01-01-00,46,4.87854528427124,25.58016586303711,37a041656d57435abd32b7dfa6a88c3815708d8a979fcb6006b0cbda2eaf1a1a,data/processed/native/60117-01-01-00.npz,response_specific_EBOUNDS,12c0a278c948abba0a220ac2904267b23a7f5bfafa36a1be071181889bb76674,xp60117010100.rsp.gz,PCA_OGIP_RATE43_OVERLAP_V1,43,5.0,25.0
60417-01-01-00,45,4.948014259338379,25.22015953063965,7313c9e2ff27b9751c552c6cce74552bc687146921dbde83bbcc508598d33a33,data/processed/native/60417-01-01-00.npz,response_specific_EBOUNDS,737f71b589a537a3f67a998cd6908c2b205ae170f9792ee030b42390d30f4f40,xp60417010100.rsp.gz,PCA_OGIP_RATE43_OVERLAP_V1,43,5.0,25.0
60419-01-01-00,45,4.946975231170654,25.214645385742188,39ee20805cb53d4cd0565af0ecabcea38af73f25a3768738e91294600b4e200f,data/processed/native/60419-01-01-00.npz,response_specific_EBOUNDS,2e4121e8cc48d3810950b78955742210478309d954d5f4fe5bb5c60a76d669ab,xp60419010100.rsp.gz,PCA_OGIP_RATE43_OVERLAP_V1,43,5.0,25.0
60419-01-02-00,45,4.946773052215576,25.213573455810547,4df4e855099cbf7403f88cd69de80d2b91d6d33f5de58a765ec586961141faa5,data/processed/native/60419-01-02-00.npz,response_specific_EBOUNDS,915fe4f6c5b9b08766242126955d41c5beb8840f456b11ce4ed9f7050230f7f7,xp60419010200.rsp.gz,PCA_OGIP_RATE43_OVERLAP_V1,43,5.0,25.0
60419-01-04-00,46,4.869942665100098,25.549259185791016,10331e676475a1a11ead972a889440e12a83638dac81b349056b2e062701875b,data/processed/native/60419-01-04-00.npz,response_specific_EBOUNDS,cf100cde26309fb8f431ca0685e7c1c3f3d3ffb25a0503b6e72dc82403c904be,xp60419010400.rsp.gz,PCA_OGIP_RATE43_OVERLAP_V1,43,5.0,25.0
60424-01-02-01,45,4.94244909286499,25.190628051757812,88a153c70beb7dff21baafcf1784662e2d91491dafaa9794057149b2f97a3244,data/processed/native/60424-01-02-01.npz,response_specific_EBOUNDS,4cf556192a2aa7d4dadfba9eb27107bae3fcfb13f9906ed009b87fa05b597d5c,xp60424010201.rsp.gz,PCA_OGIP_RATE43_OVERLAP_V1,43,5.0,25.0
60428-01-09-00,45,4.942910194396973,25.19307518005371,3d4e790f7d934600e912bcb816e391e2a47d818be44620451d75f4a4fcbc19d5,data/processed/native/60428-01-09-00.npz,response_specific_EBOUNDS,8b1dc20cc0bba534a68df9b8cba9fe582f5f094f75ca3eddda0e07d2ab2c3a3e,xp60428010900.rsp.gz,PCA_OGIP_RATE43_OVERLAP_V1,43,5.0,25.0
60705-01-01-00,45,4.9523186683654785,25.243003845214844,8397757f62b07dec4fc380fe56572209cd4fc1eb6c69a29960c58a3a7d47a2be,data/processed/native/60705-01-01-00.npz,response_specific_EBOUNDS,2e7a518a92cabbf96a1fd7450ef0181b074f441cc351ebf224661db90d08a73c,xp60705010100.rsp.gz,PCA_OGIP_RATE43_OVERLAP_V1,43,5.0,25.0
60705-01-01-10,46,4.896562099456787,25.80366325378418,790aee2fb818fa9c29b14d9f46de3ce9a1c07466500f1ccfd66ac66e2d7c7f72,data/processed/native/60705-01-01-10.npz,response_specific_EBOUNDS,3190dc4b9f0205693355c4a279f543eb5ebd1baee75a29ce1a7f6a9ad2ccfaed,xp60705010110.rsp.gz,PCA_OGIP_RATE43_OVERLAP_V1,43,5.0,25.0
60705-01-44-00,45,4.9430251121521,25.193683624267578,84af566035a2c768bd8f56634696dc1126c746f67cfcbac02f6549824bc2553b,data/processed/native/60705-01-44-00.npz,response_specific_EBOUNDS,e7f6f63ac39fe08fec09769f54559c892c5b5435648a8d8c90a444f09dda0201,xp60705014400.rsp.gz,PCA_OGIP_RATE43_OVERLAP_V1,43,5.0,25.0
60705-01-56-00,45,4.931127071380615,25.13056182861328,2773244a36cc70e7fabf10a679be1c0f47aae0261d04bc9d3c5c95a3883e4b2c,data/processed/native/60705-01-56-00.npz,response_specific_EBOUNDS,9dc0f7fc769ad80476e54de3732720e789481caaa43a9ee71d7a26d42ba973c8,xp60705015600.rsp.gz,PCA_OGIP_RATE43_OVERLAP_V1,43,5.0,25.0
60705-01-69-00,45,4.916405200958252,25.052486419677734,d2b3405393f6135c4279a47033b84d329c4afb9242b5a072f01283087ce982a3,data/processed/native/60705-01-69-00.npz,response_specific_EBOUNDS,1942d23488a90ab33e227c0f741ffd5359e161972a0025f07ca23c2352399872,xp60705016900.rsp.gz,PCA_OGIP_RATE43_OVERLAP_V1,43,5.0,25.0
60705-01-80-00,45,4.914268493652344,25.04115867614746,56f2c5e4fa2455e2a50e89313052abc8089d26021d8a78cf00f32b5f3ac928e7,data/processed/native/60705-01-80-00.npz,response_specific_EBOUNDS,2b7b23777365cbccf5003b25fe7de815e0a6e1595a80e7b51251d041924ab866,xp60705018000.rsp.gz,PCA_OGIP_RATE43_OVERLAP_V1,43,5.0,25.0
70014-02-02-00,45,4.933163166046143,25.1413631439209,d9dddd35084342f648ae458fe5de9e4d0b4fa24f9ca1ba730dbadcb41a14ead4,data/processed/native/70014-02-02-00.npz,response_specific_EBOUNDS,538c0a246923dd17488a833dd26badf68062438456ecda498679414b506f0c5d,xp70014020200.rsp.gz,PCA_OGIP_RATE43_OVERLAP_V1,43,5.0,25.0
70014-03-01-00,45,4.938995361328125,25.172304153442383,83b9c5864a8a52060058655b87d66fb4a40903939edaade58e40f4287872511c,data/processed/native/70014-03-01-00.npz,response_specific_EBOUNDS,c9acc92bf90361664f16c3f2b02d8f741c603ab884543e80e8b8fb8a39ecad98,xp70014030100.rsp.gz,PCA_OGIP_RATE43_OVERLAP_V1,43,5.0,25.0
70014-03-01-01,45,4.938995361328125,25.172304153442383,83b9c5864a8a52060058655b87d66fb4a40903939edaade58e40f4287872511c,data/processed/native/70014-03-01-01.npz,response_specific_EBOUNDS,0d061cacab14db0c9ea841e212b3f09729963eb9fab7e571a8c4cb028ceb7d8c,xp70014030101.rsp.gz,PCA_OGIP_RATE43_OVERLAP_V1,43,5.0,25.0
70014-03-01-02,46,4.853312969207764,25.48952293395996,e9075a93cf932444934be49d8dd81c548f93c58e22dbd5de08a44c9d26afc585,data/processed/native/70014-03-01-02.npz,response_specific_EBOUNDS,1f0f0014fffd5b77b44a9e171e5b1fe7d2fad1fe590739b411b99ae55f1d43ee,xp70014030102.rsp.gz,PCA_OGIP_RATE43_OVERLAP_V1,43,5.0,25.0
70014-03-02-00,45,4.938304901123047,25.168642044067383,30d49abf1fb63adbe39901593d4cead4c3e65af59183938227b406f46ca0782b,data/processed/native/70014-03-02-00.npz,response_specific_EBOUNDS,e5910b5fc7afa879142dca5efe8972fdb6af84b58db535fc271fe9cef68cc004,xp70014030200.rsp.gz,PCA_OGIP_RATE43_OVERLAP_V1,43,5.0,25.0
70014-03-02-01,45,4.938304901123047,25.168642044067383,30d49abf1fb63adbe39901593d4cead4c3e65af59183938227b406f46ca0782b,data/processed/native/70014-03-02-01.npz,response_specific_EBOUNDS,2b5f7925e7c8fe898bb2bcd8f80dc79f8103578a381debbfa3fac07e9e7e6f11,xp70014030201.rsp.gz,PCA_OGIP_RATE43_OVERLAP_V1,43,5.0,25.0
70014-03-02-02,45,4.938304901123047,25.168642044067383,30d49abf1fb63adbe39901593d4cead4c3e65af59183938227b406f46ca0782b,data/processed/native/70014-03-02-02.npz,response_specific_EBOUNDS,5e7e3f0158e1f6e485b85b8ec0bcf1751b8cb8389b6f2328f104d3eb40c7058b,xp70014030202.rsp.gz,PCA_OGIP_RATE43_OVERLAP_V1,43,5.0,25.0
70014-03-02-03,46,4.851745128631592,25.483890533447266,d33af10e89e80fe7e81deb68142b843d44871bdee9526e0b965434572abe5c87,data/processed/native/70014-03-02-03.npz,response_specific_EBOUNDS,b3ee0f871dbd9c19454b25be14830fd37a797f953f88b3ee16517e08201aa1d3,xp70014030203.rsp.gz,PCA_OGIP_RATE43_OVERLAP_V1,43,5.0,25.0
70018-03-03-00,45,4.93801736831665,25.167116165161133,86a3420aa490788d6315d879ef8f84408951d5c680543a7e77f644c05b86d515,data/processed/native/70018-03-03-00.npz,response_specific_EBOUNDS,e8341873943200c6474c950f3353f3fa9e7cfd3261373b0cb77a9c71090b4f8d,xp70018030300.rsp.gz,PCA_OGIP_RATE43_OVERLAP_V1,43,5.0,25.0
70027-04-01-00,45,4.939426898956299,25.174592971801758,134b715adaca91e5118d9a2fe138bcb2340c7c6b2a1e24ee1c1f8aee9da93e33,data/processed/native/70027-04-01-00.npz,response_specific_EBOUNDS,e6dd6ec3000c865766f35c191394d320937aef4029077a3107e92325ba52a404,xp70027040100.rsp.gz,PCA_OGIP_RATE43_OVERLAP_V1,43,5.0,25.0
70027-04-01-01,45,4.939426898956299,25.174592971801758,134b715adaca91e5118d9a2fe138bcb2340c7c6b2a1e24ee1c1f8aee9da93e33,data/processed/native/70027-04-01-01.npz,response_specific_EBOUNDS,4e192d6af568275ea8767a7a59ea8ee2dc24904edb7d2d6d280fc5eacc761edd,xp70027040101.rsp.gz,PCA_OGIP_RATE43_OVERLAP_V1,43,5.0,25.0
70027-04-08-00,46,4.90562629699707,25.853422164916992,4ca534613bcf2b4e4afc705e23488b816ec232d67d0761967179c80daf24e4d1,data/processed/native/70027-04-08-00.npz,response_specific_EBOUNDS,a735c979a34e7b58bb17084879cbac0394ba169a8931bd676777f400fd053344,xp70027040800.rsp.gz,PCA_OGIP_RATE43_OVERLAP_V1,43,5.0,25.0
70028-01-01-08,45,4.941873073577881,25.187572479248047,2ca1dc26e36c6a2a08b91562ebc23b667ff56531475fd3ee849741d68bfe2a31,data/processed/native/70028-01-01-08.npz,response_specific_EBOUNDS,a44df676a5305f1446e84bc035db4ce80424b247b17b2aeb88469782acb6f103,xp70028010108.rsp.gz,PCA_OGIP_RATE43_OVERLAP_V1,43,5.0,25.0
70038-01-01-00,45,4.940260887145996,25.179018020629883,67d617bff9def2a8ab00ddfc5665a9ec1d1ae62279a04fcac9fe76dc0712bc61,data/processed/native/70038-01-01-00.npz,response_specific_EBOUNDS,e6886788725929d7c9545faede80a9c5180a7f1eca4138e21c9fa64452c0d29d,xp70038010100.rsp.gz,PCA_OGIP_RATE43_OVERLAP_V1,43,5.0,25.0
70050-01-01-00,45,4.935862064361572,25.155681610107422,4eba1fd31895003e57149172f017f1353933aef479b37355b7eb6f247f3fd82b,data/processed/native/70050-01-01-00.npz,response_specific_EBOUNDS,867ef80455d87ec4eab63c1f3e8374d9ae761c8456e925b5705cf58071071ea2,xp70050010100.rsp.gz,PCA_OGIP_RATE43_OVERLAP_V1,43,5.0,25.0
70050-01-01-01,45,4.935891151428223,25.155834197998047,abb462dceb3b36db0e02fa6ee09dff091aede6c2672ca9ef1d59133d10e37c58,data/processed/native/70050-01-01-01.npz,response_specific_EBOUNDS,e6becdae20e706ee466ad2dc2e29f4a925dd835d4f7b4032522585edc5b0201f,xp70050010101.rsp.gz,PCA_OGIP_RATE43_OVERLAP_V1,43,5.0,25.0
70050-01-01-03,45,4.935891151428223,25.155834197998047,abb462dceb3b36db0e02fa6ee09dff091aede6c2672ca9ef1d59133d10e37c58,data/processed/native/70050-01-01-03.npz,response_specific_EBOUNDS,61d40eb16c79963d4c5b7ad997bbbf96223b76e591660a2cdd9f5c1f606a14d0,xp70050010103.rsp.gz,PCA_OGIP_RATE43_OVERLAP_V1,43,5.0,25.0
70050-01-01-04,45,4.935862064361572,25.155681610107422,4eba1fd31895003e57149172f017f1353933aef479b37355b7eb6f247f3fd82b,data/processed/native/70050-01-01-04.npz,response_specific_EBOUNDS,a436fa723cc934e4934be55f4c5fedb603c24096e1bf873d60bb9afb633485c0,xp70050010104.rsp.gz,PCA_OGIP_RATE43_OVERLAP_V1,43,5.0,25.0
70050-01-01-05,45,4.935891151428223,25.155834197998047,abb462dceb3b36db0e02fa6ee09dff091aede6c2672ca9ef1d59133d10e37c58,data/processed/native/70050-01-01-05.npz,response_specific_EBOUNDS,8e349bfa8359769cee1ef296dcba0fb17531e3b6050cdef6bbb1e060018aeb7b,xp70050010105.rsp.gz,PCA_OGIP_RATE43_OVERLAP_V1,43,5.0,25.0
70050-01-01-06,45,4.935862064361572,25.155681610107422,4eba1fd31895003e57149172f017f1353933aef479b37355b7eb6f247f3fd82b,data/processed/native/70050-01-01-06.npz,response_specific_EBOUNDS,307472233e18055be4a8fd807c94d433a1c4bc5b1efeb537b49b0c7247c513a6,xp70050010106.rsp.gz,PCA_OGIP_RATE43_OVERLAP_V1,43,5.0,25.0
70050-01-01-07,45,4.935862064361572,25.155681610107422,4eba1fd31895003e57149172f017f1353933aef479b37355b7eb6f247f3fd82b,data/processed/native/70050-01-01-07.npz,response_specific_EBOUNDS,a1218e2de19d7b34c2ab4535a32e88b9bcb3fa05bad1d426a00b1dd4a08f930d,xp70050010107.rsp.gz,PCA_OGIP_RATE43_OVERLAP_V1,43,5.0,25.0
70050-01-01-08,46,4.846197605133057,25.463966369628906,f960a6d6b75d66b622e7d23e28f3bce45f01177191b7299db79bf09e7ad3000d,data/processed/native/70050-01-01-08.npz,response_specific_EBOUNDS,5463e1c0b96685d4b5a6ebcbf34934ab3d203414c0520dee8231b63210aeab48,xp70050010108.rsp.gz,PCA_OGIP_RATE43_OVERLAP_V1,43,5.0,25.0
70050-01-01-09,45,4.935862064361572,25.155681610107422,4eba1fd31895003e57149172f017f1353933aef479b37355b7eb6f247f3fd82b,data/processed/native/70050-01-01-09.npz,response_specific_EBOUNDS,ca5a9552832678e673a921b892c3da0eb9c2a76fba6296a10078238cdb54148b,xp70050010109.rsp.gz,PCA_OGIP_RATE43_OVERLAP_V1,43,5.0,25.0
70050-01-01-10,45,4.935891151428223,25.155834197998047,abb462dceb3b36db0e02fa6ee09dff091aede6c2672ca9ef1d59133d10e37c58,data/processed/native/70050-01-01-10.npz,response_specific_EBOUNDS,e762443a57be1b7fe7ddddd9c04e9d8d0b53f9069e8feb74bfbede32cd2a6918,xp70050010110.rsp.gz,PCA_OGIP_RATE43_OVERLAP_V1,43,5.0,25.0
70058-01-22-00,45,4.937356472015381,25.16360855102539,5517c46cb02f6237230822ac43b047f22a5229546cb8efbf0fd156f63f8d0a16,data/processed/native/70058-01-22-00.npz,response_specific_EBOUNDS,5cec3527ab3abf052f4c5133ca0cc89e3c7f56d713fc37015b9e2fb42d3e2765,xp70058012200.rsp.gz,PCA_OGIP_RATE43_OVERLAP_V1,43,5.0,25.0
70058-01-37-00,45,4.936436653137207,25.158727645874023,d4068567a4b748aa80b8fd0a1f988d31258c702de39168c3c3ea8dd8820efbc2,data/processed/native/70058-01-37-00.npz,response_specific_EBOUNDS,adbf6fab68d7d266fab6f59052b2b5cd31d197939f7d9ef2f19641dc9dcb1a7d,xp70058013700.rsp.gz,PCA_OGIP_RATE43_OVERLAP_V1,43,5.0,25.0
70069-01-03-01,45,4.9357757568359375,25.155223846435547,1f946e156a14eef201fe83a33adf0161e79c039dd0062ee606e4365f65823568,data/processed/native/70069-01-03-01.npz,response_specific_EBOUNDS,cd068ec01c5cb089084ae539227a3ce5e7b5949cad272aa926d2538c1a5424be,xp70069010301.rsp.gz,PCA_OGIP_RATE43_OVERLAP_V1,43,5.0,25.0
70069-03-02-03,45,4.941555976867676,25.185890197753906,00ead323eccc3fbf996c11297de0f318591f2f42d9d919405ef8f7cf97a747c5,data/processed/native/70069-03-02-03.npz,response_specific_EBOUNDS,6e56de1051c2c9cf38f3b4f7936f0078161785671d479f33df30d583184314bc,xp70069030203.rsp.gz,PCA_OGIP_RATE43_OVERLAP_V1,43,5.0,25.0
70069-03-04-08,45,4.941268444061279,25.184364318847656,188548477e9f9302e315011fe575ae4848291e8c47ed3972c4f394510526f7ef,data/processed/native/70069-03-04-08.npz,response_specific_EBOUNDS,4ceaae6f0b6cbd0dde56de874c34fdad31b8c79ff4f5c0a68f68232e41112cea,xp70069030408.rsp.gz,PCA_OGIP_RATE43_OVERLAP_V1,43,5.0,25.0
70080-01-02-03,46,4.844827651977539,25.459047317504883,8d3717b4f7f6916521915f2acb581a9c28d59117807482530c7e0cbec2a3f78b,data/processed/native/70080-01-02-03.npz,response_specific_EBOUNDS,f82e54fcabd8a90ab161dd3c7c578f804fd8ffbbb6308f9fee93f9ab7f8908ef,xp70080010203.rsp.gz,PCA_OGIP_RATE43_OVERLAP_V1,43,5.0,25.0
70080-01-02-13,45,4.935143947601318,25.151870727539062,3c7f75e3b8933b5f166f79ad4a9bae0849c3cee7682c5d99b84e13d06163fd31,data/processed/native/70080-01-02-13.npz,response_specific_EBOUNDS,d2cea5f3ac70d52f1c563c09e74b2611f0e59a47d077814a4a700981117e1577,xp70080010213.rsp.gz,PCA_OGIP_RATE43_OVERLAP_V1,43,5.0,25.0
70080-01-03-12,45,4.935057640075684,25.151412963867188,585a6f9d0e493da5b6e1967d1c2d1129b56abe06a4cdb777a5be33a1075f0c28,data/processed/native/70080-01-03-12.npz,response_specific_EBOUNDS,729c214f8f8982c429643db193cf2ee7b289bb5b4b07895a7bd1bfb2fc22ec24,xp70080010312.rsp.gz,PCA_OGIP_RATE43_OVERLAP_V1,43,5.0,25.0
70080-02-02-35,45,4.9347710609436035,25.149892807006836,8cd50630453f24ea0ae5ac3710f4f11f115889f39736b71df68acfdfc6d89b91,data/processed/native/70080-02-02-35.npz,response_specific_EBOUNDS,e39ad0138bb056e44610ccae41f0a03df41076cba6371622c54fd41022b75160,xp70080020235.rsp.gz,PCA_OGIP_RATE43_OVERLAP_V1,43,5.0,25.0
70080-02-02-36,45,4.934885501861572,25.15049934387207,0e5faf0cda939e00c7f7ef127b2ea8ec7da04ef577042ef97b481fb04c639968,data/processed/native/70080-02-02-36.npz,response_specific_EBOUNDS,2245ab961bff09daf586651ef40d06e31207e671c03c6d7a984b1416943c83f2,xp70080020236.rsp.gz,PCA_OGIP_RATE43_OVERLAP_V1,43,5.0,25.0
70080-03-06-00,46,4.843523979187012,25.454364776611328,0730072bd9b5e921414d74dc3dab3f0703b6201385d7fbec01808296c7361169,data/processed/native/70080-03-06-00.npz,response_specific_EBOUNDS,ac8882442692e2f17769054397f3d4fc1583ee8d4f58f5febe07bd7c1997a592,xp70080030600.rsp.gz,PCA_OGIP_RATE43_OVERLAP_V1,43,5.0,25.0
70080-03-20-02,45,4.934598922729492,25.14897918701172,290fe68994c855ea0c99b6289085f0cfa5a8479d20dbeb513b5c63a3f55058df,data/processed/native/70080-03-20-02.npz,response_specific_EBOUNDS,8de018f33d1becf224a9f99377aa11e02e524b62fa6ffb32dec632e1e196452a,xp70080032002.rsp.gz,PCA_OGIP_RATE43_OVERLAP_V1,43,5.0,25.0
70080-03-20-10,45,4.934512615203857,25.148521423339844,bbc77b0b5306d53416afd47258105a26935891f0002f5fa2e8b951fdee462c1d,data/processed/native/70080-03-20-10.npz,response_specific_EBOUNDS,c73cb3aa974b8e2b841af0ab7952ef0ce080d145de960a06813b8ec19f54a4c5,xp70080032010.rsp.gz,PCA_OGIP_RATE43_OVERLAP_V1,43,5.0,25.0
70109-01-28-00,45,4.934426307678223,25.14806365966797,56644ef2af368585956e55276a30ae982b0a17327c7b98773b7a7a5723ea2779,data/processed/native/70109-01-28-00.npz,response_specific_EBOUNDS,bd9088454ee30c98fd4a689e6d1790ae12f66c034692c37728e77d95a3e50085,xp70109012800.rsp.gz,PCA_OGIP_RATE43_OVERLAP_V1,43,5.0,25.0
70124-02-03-00,45,4.937729835510254,25.16558837890625,5a2d6b73ca7f1a47e9d098f10e10a5aca0b0bf4c28fc8f5dc5b311b46be8ae80,data/processed/native/70124-02-03-00.npz,response_specific_EBOUNDS,64917ee07f0791ca1aa4ca97de015a2db03e92594b3c9929bfa3e6bbb4f177a6,xp70124020300.rsp.gz,PCA_OGIP_RATE43_OVERLAP_V1,43,5.0,25.0
70124-02-04-00,45,4.937298774719238,25.163301467895508,6c0d734540cfe05ef0946e4594faa6469df7f1af2b00f7fceb1b73d014973a75,data/processed/native/70124-02-04-00.npz,response_specific_EBOUNDS,d5bdd0c639bf614fe12c65a255e82b0082fec97fa84412fc237dd78ca37f8c3c,xp70124020400.rsp.gz,PCA_OGIP_RATE43_OVERLAP_V1,43,5.0,25.0
70124-02-06-00,45,4.937643527984619,25.165132522583008,9d9ced2082aac62b1cbad50e25c2c82513d99d9bd1985dcb63bbfdcd0f7bd177,data/processed/native/70124-02-06-00.npz,response_specific_EBOUNDS,e2f2b6051ba10cc0e62c431ea36101738610d1eb9417c9ec4b6c962b01414a9a,xp70124020600.rsp.gz,PCA_OGIP_RATE43_OVERLAP_V1,43,5.0,25.0
70124-02-09-00,45,4.937557220458984,25.164674758911133,6df90d62f9cd52b8f0add8862ca3e0116c12322055535bf7d0c7f6649efe3223,data/processed/native/70124-02-09-00.npz,response_specific_EBOUNDS,0ee9c383e3c842128dd94e8344602c981ac356649e5de010eac0f78ea63ae9ba,xp70124020900.rsp.gz,PCA_OGIP_RATE43_OVERLAP_V1,43,5.0,25.0
70124-02-11-00,45,4.93747091293335,25.164216995239258,2f135a8bfecbede81b24c34fc07936085c1389ca20238a95828171f023f8cb51,data/processed/native/70124-02-11-00.npz,response_specific_EBOUNDS,c316402f0891d68ec6e12d3130cea47ec49d948ab728313413a1168e80cf155a,xp70124021100.rsp.gz,PCA_OGIP_RATE43_OVERLAP_V1,43,5.0,25.0
70124-02-13-00,45,4.937413692474365,25.163911819458008,5ad6a47b05515477765ae0af88261112f6abab2c9d40d1be88693239abe77fb3,data/processed/native/70124-02-13-00.npz,response_specific_EBOUNDS,a1d8d5c59f08b22f90720f1a89641b5d6d3628491f6563e6180d0258f9f2ce6d,xp70124021300.rsp.gz,PCA_OGIP_RATE43_OVERLAP_V1,43,5.0,25.0
70124-02-19-00,45,4.9372124671936035,25.162843704223633,f2a8a912516fe2674d4d172b5e2e7f78cc00414bac1227f1fa1fba638ef4a631,data/processed/native/70124-02-19-00.npz,response_specific_EBOUNDS,11aaab0ee4b713fad8fb6f3e6d53074e1513cdba2692da865683a7e6fb594177,xp70124021900.rsp.gz,PCA_OGIP_RATE43_OVERLAP_V1,43,5.0,25.0
70124-02-22-00,46,4.8490681648254395,25.474275588989258,49fd5b629142a57149b2db933c8a8055cf66385059116ce427138c444c05b75d,data/processed/native/70124-02-22-00.npz,response_specific_EBOUNDS,427df72b5e9959e7020d4952381abaad57d639907cae68da92a6ad9f9e72d58c,xp70124022200.rsp.gz,PCA_OGIP_RATE43_OVERLAP_V1,43,5.0,25.0
70124-02-25-00,45,4.937039852142334,25.161930084228516,3eeeee26f73c3b59f008778c221a5d8a6accdf5d96ff00fcdc196abec95664f5,data/processed/native/70124-02-25-00.npz,response_specific_EBOUNDS,7b0aa2bedfc2439a48a79be0817e7eb5096c025fb8e7798b86a254ea9150df90,xp70124022500.rsp.gz,PCA_OGIP_RATE43_OVERLAP_V1,43,5.0,25.0
70124-02-29-00,45,4.936925411224365,25.16132164001465,548cd7f0d691f115e553a7c533b35657a24c2865dfc81bee200b19ef804281d1,data/processed/native/70124-02-29-00.npz,response_specific_EBOUNDS,9d5a6fbd911fcf646fea239144836bdf4411a931e898cfa2b9c5517f9b795b13,xp70124022900.rsp.gz,PCA_OGIP_RATE43_OVERLAP_V1,43,5.0,25.0
70124-02-32-00,46,4.848415374755859,25.471933364868164,6150db611572fdf3e50b6e44dd6e00585797b94a88b9b11ec7d3f23afbdba921,data/processed/native/70124-02-32-00.npz,response_specific_EBOUNDS,707dc158243bd7a12f3a96be79d230a3420d1756de345b6cc7927da3817599d8,xp70124023200.rsp.gz,PCA_OGIP_RATE43_OVERLAP_V1,43,5.0,25.0
70124-02-36-00,45,4.9367241859436035,25.160253524780273,bdaf02650e61e82a8e1c1ee1470b80ed9e487cac6b7d5fc2a68f4e697013f545,data/processed/native/70124-02-36-00.npz,response_specific_EBOUNDS,9d050db911a608890cb12e81ddc8f891f35c5fe8b90106d235d357f5ad99267a,xp70124023600.rsp.gz,PCA_OGIP_RATE43_OVERLAP_V1,43,5.0,25.0
70124-02-39-00,46,4.847697734832764,25.4693546295166,af793d47c40b02e36d0af0131826a4a5864bb95c8c142c3fbf64acde71da65b6,data/processed/native/70124-02-39-00.npz,response_specific_EBOUNDS,95cccbe9a7421c61316dd216735f9267ef339b6a1e9619ef8d216d3d54c7ee6e,xp70124023900.rsp.gz,PCA_OGIP_RATE43_OVERLAP_V1,43,5.0,25.0
70124-02-43-00,45,4.9362359046936035,25.157663345336914,bea7507ae2fd74398e7c651892280728500ee4252e5b86ba7322e528f9f43a2a,data/processed/native/70124-02-43-00.npz,response_specific_EBOUNDS,c9e297d7b7d7a01630b3062e3441aae13a47895e23188c29252506a9e1052b77,xp70124024300.rsp.gz,PCA_OGIP_RATE43_OVERLAP_V1,43,5.0,25.0
70124-02-46-00,45,4.936063289642334,25.156747817993164,af83927fff4b9fcd289e07e45651c5fca67d51c86c1490764a983356fca4d0c8,data/processed/native/70124-02-46-00.npz,response_specific_EBOUNDS,bb3d4937d962cd1e7d63edd1b6ff84f9ebc1f0c58f3cfc1c00dd925cc37af9d2,xp70124024600.rsp.gz,PCA_OGIP_RATE43_OVERLAP_V1,43,5.0,25.0
70124-02-52-00,45,4.935689926147461,25.154766082763672,3576180caf17207fe3ad067d7fa01432a96304c98cf5fd71e156efc00ea13142,data/processed/native/70124-02-52-00.npz,response_specific_EBOUNDS,960998bedd7dd1a71731afe3d6a5475fd5f498d0c6674062c1e9315e2d647f45,xp70124025200.rsp.gz,PCA_OGIP_RATE43_OVERLAP_V1,43,5.0,25.0
70124-02-57-00,45,4.93531608581543,25.15278434753418,eb398ed461da6f73e0dbff8aafc22ec1801034c58401697f828196afe957726e,data/processed/native/70124-02-57-00.npz,response_specific_EBOUNDS,e7873f1e3227b51ac71be3e3e96cd6ccc69b8b9900454cb26a510f4cc47fec46,xp70124025700.rsp.gz,PCA_OGIP_RATE43_OVERLAP_V1,43,5.0,25.0
70132-01-01-00,45,4.93870735168457,25.1707763671875,0828f8209550a9bee9911beb2dfad7a610b7e2c45ad7704170f8a7ab0278aebc,data/processed/native/70132-01-01-00.npz,response_specific_EBOUNDS,de412a9d44892750a48299af614ff6d71918a44bcdcccf1abc677e63a756a632,xp70132010100.rsp.gz,PCA_OGIP_RATE43_OVERLAP_V1,43,5.0,25.0
70132-01-02-01,45,4.938419818878174,25.16925048828125,3630c8a7752870805c824fd8f7fa56c68920842b40ba26bce80ac54ed5198996,data/processed/native/70132-01-02-01.npz,response_specific_EBOUNDS,387c3de70ed712346e09086e07aac34d459bbb7d0251dce71d837ef33802756b,xp70132010201.rsp.gz,PCA_OGIP_RATE43_OVERLAP_V1,43,5.0,25.0
70133-01-01-00,45,4.9388227462768555,25.171388626098633,b5730f4f40f744a645c59b4efaaef6f9eb9f3c0a3b0a9af76a6c6ea8e91741c7,data/processed/native/70133-01-01-00.npz,response_specific_EBOUNDS,b3556f92a7c10f758528e08e6cdff778bf4b8ecfe738164163c21fcbb8224e16,xp70133010100.rsp.gz,PCA_OGIP_RATE43_OVERLAP_V1,43,5.0,25.0
70133-01-05-00,45,4.938506126403809,25.169708251953125,dda117b5dbcb5d60f1aa5d08e795ce11a59d993217cb9a3d3d330c732b4f152b,data/processed/native/70133-01-05-00.npz,response_specific_EBOUNDS,4dce03aff27718cd4cb1b1d4b3ff1a5f3bfc15961cfa570f777743a88bf824d3,xp70133010500.rsp.gz,PCA_OGIP_RATE43_OVERLAP_V1,43,5.0,25.0
70133-01-10-00,45,4.9383625984191895,25.1689453125,43057156d7cca405af6d33a5cc27f3df3c163087d02901188bb05a3ddfd727aa,data/processed/native/70133-01-10-00.npz,response_specific_EBOUNDS,13c0c45f15526c571f8bb9308266fc005c84e9412a5b536838d7535dfb65de20,xp70133011000.rsp.gz,PCA_OGIP_RATE43_OVERLAP_V1,43,5.0,25.0
70133-01-16-00,46,4.851679801940918,25.483657836914062,47985fb14d3a93913589ca8a515f39f2535adbc0cf6a812215cf7c2f3fdf8d2d,data/processed/native/70133-01-16-00.npz,response_specific_EBOUNDS,9487ef8ccbe70a93e0df934921638228b9a5f95641917ac484ef704fd3c2bbd8,xp70133011600.rsp.gz,PCA_OGIP_RATE43_OVERLAP_V1,43,5.0,25.0
70133-01-20-00,46,4.851418972015381,25.48272132873535,93012a0ff58717e1febadfc493c9a6223649e006aa86e1c0b87a4e27c5b333fb,data/processed/native/70133-01-20-00.npz,response_specific_EBOUNDS,2bbdd8ccffef8426b25cc7ce73d9266b5ee4d9bd6f9d0fe8a5d05a6fe637667a,xp70133012000.rsp.gz,PCA_OGIP_RATE43_OVERLAP_V1,43,5.0,25.0
70133-01-23-00,45,4.938074588775635,25.16741943359375,1330a482e5294b6a2093ebadf6d68415516de022bf37c35386c4c70539e803b2,data/processed/native/70133-01-23-00.npz,response_specific_EBOUNDS,034f5fe3794d68844b5ba5b6a7fe58caac7e0267d4ad7742108d4cc24f55ee8b,xp70133012300.rsp.gz,PCA_OGIP_RATE43_OVERLAP_V1,43,5.0,25.0
70133-01-25-01,45,4.93801736831665,25.167116165161133,86a3420aa490788d6315d879ef8f84408951d5c680543a7e77f644c05b86d515,data/processed/native/70133-01-25-01.npz,response_specific_EBOUNDS,95f123fa5d1b7737917681b78e421024a3f586b2f1550e04d3f7b35718fd5f8a,xp70133012501.rsp.gz,PCA_OGIP_RATE43_OVERLAP_V1,43,5.0,25.0
70133-01-26-01,45,4.937988758087158,25.166961669921875,832c3f78a369e90fadbe4677ff85bf12cd508c25f511fd11b0558368c8eb76c9,data/processed/native/70133-01-26-01.npz,response_specific_EBOUNDS,c96a41a7c648637b586b9afc7ec69b761c3da6adff157020522d9c3338b12d6a,xp70133012601.rsp.gz,PCA_OGIP_RATE43_OVERLAP_V1,43,5.0,25.0
70133-01-28-00,45,4.937931060791016,25.166658401489258,59ceac56cc6f96dfde2c773ec89a4d118d819138cfb25bbaa346e17ff50b7ebf,data/processed/native/70133-01-28-00.npz,response_specific_EBOUNDS,4d279bc5087ece31c0fa615bbdea223f5c16706afa3fcfa9c36a10984b7508f4,xp70133012800.rsp.gz,PCA_OGIP_RATE43_OVERLAP_V1,43,5.0,25.0
70133-01-31-00,45,4.937816143035889,25.166046142578125,52ea8607c9828a090e8d1da26a1f9506cb02df2c165a3b15cfa9696d1e91c3b3,data/processed/native/70133-01-31-00.npz,response_specific_EBOUNDS,e4466ecfc72368d3f4c2696c22c3c840e3974bad5ca0fcaa893ac2b4fdc92697,xp70133013100.rsp.gz,PCA_OGIP_RATE43_OVERLAP_V1,43,5.0,25.0
70134-08-01-00,45,4.931872367858887,25.1345157623291,acc7fdbe4d7ea321e6eb4a1692a330073849f617a4cf4ab4e2a4b2268b0654f0,data/processed/native/70134-08-01-00.npz,response_specific_EBOUNDS,625c4159174ee717dfc227125b7f8d8817729fdad845c0ba1005473326f78eb4,xp70134080100.rsp.gz,PCA_OGIP_RATE43_OVERLAP_V1,43,5.0,25.0
70422-01-02-00,45,4.932446479797363,25.13755989074707,a71318830b5e1b253aab829ab35318b448e98703448b542b63f66d1756307e97,data/processed/native/70422-01-02-00.npz,response_specific_EBOUNDS,076cbafad7ee03d8618d94546e00bf1471c80e3acc59bb14c9cc9c90cfbdfc0c,xp70422010200.rsp.gz,PCA_OGIP_RATE43_OVERLAP_V1,43,5.0,25.0
80037-01-09-08,45,4.9192280769348145,25.06745719909668,4014bacd4acef98568fe766df31b62c4699b98abecf67071e3d3f18c7f70fd10,data/processed/native/80037-01-09-08.npz,response_specific_EBOUNDS,cd31a626169ee2d3f145b55aa3e88bd7d9f4b82de1e39b98bf6aefcb6625f4ff,xp80037010908.rsp.gz,PCA_OGIP_RATE43_OVERLAP_V1,43,5.0,25.0
80051-02-01-02,45,4.922140598297119,25.08289909362793,54f38a5f66c3257bec4c56d70d92bdbab604b2667958c1394ebea4d7e1986952,data/processed/native/80051-02-01-02.npz,response_specific_EBOUNDS,3b430397f53a11f19d807f6ba1253d92bb7348733cde99a408b767fe65576279,xp80051020102.rsp.gz,PCA_OGIP_RATE43_OVERLAP_V1,43,5.0,25.0
80054-08-01-00,45,4.926944255828857,25.10837745666504,af659a3a7140403c9c648b175b910b826491da60d75f35d2c3e016fc3661c8af,data/processed/native/80054-08-01-00.npz,response_specific_EBOUNDS,38380b5bd3e9b426647d7a35df546b8ac22a64ec4c961d264996a2847c42b249,xp80054080100.rsp.gz,PCA_OGIP_RATE43_OVERLAP_V1,43,5.0,25.0
80054-08-01-01,46,4.825894832611084,25.391061782836914,fe62c045c43388f9f74a192c70a3f4900ad2d4c2d7d9d81e7bd089beffc06a5d,data/processed/native/80054-08-01-01.npz,response_specific_EBOUNDS,d463ed95cb92c276a4356b5b618c468a2dd86c4518f7f293874258d6023f7e0b,xp80054080101.rsp.gz,PCA_OGIP_RATE43_OVERLAP_V1,43,5.0,25.0
80054-08-02-00,45,4.926887035369873,25.108074188232422,37b5dace8e0951509cb1bb052d0e411837a8c286bb12959ec1a1b36f6c701d55,data/processed/native/80054-08-02-00.npz,response_specific_EBOUNDS,6f4339bf5c6e303821bbb90a5ab5e685abd9755671ae56958f3bcc7d5e11f954,xp80054080200.rsp.gz,PCA_OGIP_RATE43_OVERLAP_V1,43,5.0,25.0
80054-08-03-00,45,4.926858425140381,25.107921600341797,4b9bf11331e4c4956f1ea426d5d0a79c77d6c16655cd222f0c2ee04ff9f04df4,data/processed/native/80054-08-03-00.npz,response_specific_EBOUNDS,e208e53fd30ca745fd51a45a80531f5e10191710315aa3cff36be27c825f2ebc,xp80054080300.rsp.gz,PCA_OGIP_RATE43_OVERLAP_V1,43,5.0,25.0
80054-08-03-01,45,4.926830291748047,25.107770919799805,2873628cde5136eb8a63e01550339c94b8d8ed4cb447f66fa8244f68056e21b3,data/processed/native/80054-08-03-01.npz,response_specific_EBOUNDS,f7d8d99a90d632ce1f1675f8019d07ab986d105718a8d67a6ada2db83f5b4c4d,xp80054080301.rsp.gz,PCA_OGIP_RATE43_OVERLAP_V1,43,5.0,25.0
80054-08-04-00,45,4.9268012046813965,25.10761833190918,68b82ccba2698538c54fbb6fb0338cafa8794e6933ae5c0ae1ce2b0adb323de7,data/processed/native/80054-08-04-00.npz,response_specific_EBOUNDS,3d51ea033519244aecac390de359c216358d561e5937ec854bd6c5c8708e034f,xp80054080400.rsp.gz,PCA_OGIP_RATE43_OVERLAP_V1,43,5.0,25.0
80054-08-04-01,45,4.9268012046813965,25.10761833190918,68b82ccba2698538c54fbb6fb0338cafa8794e6933ae5c0ae1ce2b0adb323de7,data/processed/native/80054-08-04-01.npz,response_specific_EBOUNDS,af6944ebdf0718daec3fda2c24220ef227c0e57cb6edcc91080f7cf75704706e,xp80054080401.rsp.gz,PCA_OGIP_RATE43_OVERLAP_V1,43,5.0,25.0
80054-08-05-00,46,4.825570583343506,25.3898983001709,25b887cfc10911c6fcfd82cbfbce5d3644a363105ed927265b6171ebee034a53,data/processed/native/80054-08-05-00.npz,response_specific_EBOUNDS,fc85a0f6154a93de6c7b429a126c47e1a488b12c36baaf0992f470a60f5a5cba,xp80054080500.rsp.gz,PCA_OGIP_RATE43_OVERLAP_V1,43,5.0,25.0
80054-08-05-01,45,4.926772594451904,25.107465744018555,db8ae3e63ddcaf7d7e1ee1c828daef9d86ead4d43f6e12c4806890de22572325,data/processed/native/80054-08-05-01.npz,response_specific_EBOUNDS,285fb9caa79fa5cf57559cc4401729a957db7950bfda8cbcdd6949e8987cc43e,xp80054080501.rsp.gz,PCA_OGIP_RATE43_OVERLAP_V1,43,5.0,25.0
80054-08-06-00,45,4.92674446105957,25.107315063476562,e4cfa515af0924e015b509843dc2007142ecb6c819ac82717148c3bd7f5f9a5d,data/processed/native/80054-08-06-00.npz,response_specific_EBOUNDS,503541837e9d4cd97c92507994c5c4d5e4340c1f859ea4c79e3d62572c7ae947,xp80054080600.rsp.gz,PCA_OGIP_RATE43_OVERLAP_V1,43,5.0,25.0
80054-08-06-03,45,4.92674446105957,25.107315063476562,e4cfa515af0924e015b509843dc2007142ecb6c819ac82717148c3bd7f5f9a5d,data/processed/native/80054-08-06-03.npz,response_specific_EBOUNDS,7d85b0caafdd7ab07d698c71402b7b15d65db050f8823d6a74214b3ad76d3417,xp80054080603.rsp.gz,PCA_OGIP_RATE43_OVERLAP_V1,43,5.0,25.0
80054-08-07-00,45,4.92671537399292,25.107162475585938,2195555ff8e94830e8bb34c03b4efd7f2638807c7b2c20bd130043ced34b9245,data/processed/native/80054-08-07-00.npz,response_specific_EBOUNDS,18212b80a47571c3331c744ebd0b188f5ec3a3f33b675c7e49671097c8537c8f,xp80054080700.rsp.gz,PCA_OGIP_RATE43_OVERLAP_V1,43,5.0,25.0
80054-08-07-01,45,4.92671537399292,25.107162475585938,2195555ff8e94830e8bb34c03b4efd7f2638807c7b2c20bd130043ced34b9245,data/processed/native/80054-08-07-01.npz,response_specific_EBOUNDS,3fddc3f2c9ef9ef1fb9e6dff67a6d63e7f0ff0006f0bc141375cdcafb7e72767,xp80054080701.rsp.gz,PCA_OGIP_RATE43_OVERLAP_V1,43,5.0,25.0
80054-08-08-01,45,4.926686763763428,25.107009887695312,9f71d1b63f009f91830c77b47d4bb5ba190799f5cebc6fea5aaa882b90eba40b,data/processed/native/80054-08-08-01.npz,response_specific_EBOUNDS,135fe8edb9993b58fe6c4aabfb292f3116ceea6eded599e8dbe4a28464fdb0c5,xp80054080801.rsp.gz,PCA_OGIP_RATE43_OVERLAP_V1,43,5.0,25.0
80054-08-09-00,45,4.926658630371094,25.106861114501953,82487fba3ce1f1b8dbb24ce5bd693212061c85510a6c5dec223cd8c19929c2c0,data/processed/native/80054-08-09-00.npz,response_specific_EBOUNDS,6db44d8e91947d35630c64a55fc9af62f84fbde8cd1817a8c6075acb6f68de73,xp80054080900.rsp.gz,PCA_OGIP_RATE43_OVERLAP_V1,43,5.0,25.0
80054-08-09-01,45,4.926658630371094,25.106861114501953,82487fba3ce1f1b8dbb24ce5bd693212061c85510a6c5dec223cd8c19929c2c0,data/processed/native/80054-08-09-01.npz,response_specific_EBOUNDS,4be6c061ea68ad5bbc7d70ea4136c35910216a56c809287b66cd9ae1a2e6c710,xp80054080901.rsp.gz,PCA_OGIP_RATE43_OVERLAP_V1,43,5.0,25.0
80054-08-10-00,45,4.926629543304443,25.106708526611328,10fbf781bac04cef575ca122375af4588e4de1344f96f92ccf53be87e2ac61c6,data/processed/native/80054-08-10-00.npz,response_specific_EBOUNDS,64a1d07a2c88ab5e74b35561997ace3a556f06e6f83d8a16e5d8d2164227e41d,xp80054081000.rsp.gz,PCA_OGIP_RATE43_OVERLAP_V1,43,5.0,25.0
80102-04-12-00,46,4.829466819763184,25.403886795043945,f5e97ef4e673f46fdd9b4a5f255fd87f3b9aff8ab4220ef0f29e4ae7a3c92f2c,data/processed/native/80102-04-12-00.npz,response_specific_EBOUNDS,49036d32a85f1feea2df40323b7a7b8490e6f7f31af3cf48f90b1d1605dac3c5,xp80102041200.rsp.gz,PCA_OGIP_RATE43_OVERLAP_V1,43,5.0,25.0
80102-04-57-01,45,4.921454906463623,25.07926368713379,9729a8c39b9367feb277d2833e0c851f7990038018a73ea01724bf6aa6c2131c,data/processed/native/80102-04-57-01.npz,response_specific_EBOUNDS,a213b2bd8b6611ee50527ebd86703ec90c030b80d5215259036e9c2779dc3277,xp80102045701.rsp.gz,PCA_OGIP_RATE43_OVERLAP_V1,43,5.0,25.0
80132-01-15-00,45,4.920455455780029,25.073965072631836,10916f30707d8d0f0276916faac3d6dd9bede311e39c7a5efbf5b5e09c475a0d,data/processed/native/80132-01-15-00.npz,response_specific_EBOUNDS,612868725203e76b1dc7550c5adfde2625f24da40a703a76ac781ce8d86f4f23,xp80132011500.rsp.gz,PCA_OGIP_RATE43_OVERLAP_V1,43,5.0,25.0
80135-01-04-01,45,4.930266857147217,25.126001358032227,af873fd225f643b2d16d60214b4ef94f146c21a60dd5c7d6fffeede6d2bc55e5,data/processed/native/80135-01-04-01.npz,response_specific_EBOUNDS,141003b01640699bf7ab72de1efe98071b0397ec79721ff74b09393e3a29b799,xp80135010401.rsp.gz,PCA_OGIP_RATE43_OVERLAP_V1,43,5.0,25.0
80138-03-01-00,45,4.930066108703613,25.124935150146484,09133c3d3b6178c3555e12a479ebbf8e388cb7280de952f30367d5c710ca14d9,data/processed/native/80138-03-01-00.npz,response_specific_EBOUNDS,2f1066d5b56f003e6f475074aa03ba4e381e5409baf9abc27ca9c030b28ac820,xp80138030100.rsp.gz,PCA_OGIP_RATE43_OVERLAP_V1,43,5.0,25.0
80138-03-04-00,45,4.929091930389404,25.119768142700195,42180ce1f76bd16f767d8bdec38f75d6d1bf4b769285505a4d6106e2f6d27455,data/processed/native/80138-03-04-00.npz,response_specific_EBOUNDS,0df172574dcbad25b72b92d1b6d8bbc950ed0579b6a52d249eb43b63ad163884,xp80138030400.rsp.gz,PCA_OGIP_RATE43_OVERLAP_V1,43,5.0,25.0
80138-03-06-00,45,4.925685405731201,25.101699829101562,824596b506425a04d491f3a27463ccd86f70ce485ec1b70526cfdc015823a8ab,data/processed/native/80138-03-06-00.npz,response_specific_EBOUNDS,5938b10d1c2c61b810320e28ff055679ce697f4b3e6d85b4ae30513e91fe2963,xp80138030600.rsp.gz,PCA_OGIP_RATE43_OVERLAP_V1,43,5.0,25.0
80138-03-07-02,45,4.925399303436279,25.100181579589844,fa7bb3f21104d2c34ae82399a9225197df538f38c9e89f86b208025047f952e6,data/processed/native/80138-03-07-02.npz,response_specific_EBOUNDS,cafb7c05f182763b698a59314f2af1cacf26108c016db00d9bfbc77de45fc578,xp80138030702.rsp.gz,PCA_OGIP_RATE43_OVERLAP_V1,43,5.0,25.0
80138-03-08-00,45,4.925170421600342,25.098968505859375,3dc6df7e3f43846aeb33b719a42fd90853b1fa9a1586066858bd7a642853a935,data/processed/native/80138-03-08-00.npz,response_specific_EBOUNDS,24c37d94b596442fd5a0ecc13ca446523402c3b0131fe45e3c4fae04d79e0200,xp80138030800.rsp.gz,PCA_OGIP_RATE43_OVERLAP_V1,43,5.0,25.0
80406-01-04-07,45,4.930639266967773,25.127975463867188,cbc038c58e5d5ef106ff020d729b2d620006b7b9d525f06edba4a67c26596b29,data/processed/native/80406-01-04-07.npz,response_specific_EBOUNDS,bfdf051f68f08f399668328bf409d383e30585aa69653f29e3825a34788d9b6d,xp80406010407.rsp.gz,PCA_OGIP_RATE43_OVERLAP_V1,43,5.0,25.0
80406-01-10-03,45,4.924684524536133,25.096391677856445,de47fbc2c2140d245858d0782e3b1e1726753a86f3799b4ee8aeda347f3923ff,data/processed/native/80406-01-10-03.npz,response_specific_EBOUNDS,0cc4fb8229089ac558c4349a5295abe7935826e8ac058a4e2e2270b669307506,xp80406011003.rsp.gz,PCA_OGIP_RATE43_OVERLAP_V1,43,5.0,25.0
80412-01-02-00,45,4.929091930389404,25.119768142700195,42180ce1f76bd16f767d8bdec38f75d6d1bf4b769285505a4d6106e2f6d27455,data/processed/native/80412-01-02-00.npz,response_specific_EBOUNDS,98f6be6cda043ed5d116b89bdba88a4b76361e25c30885b674b2d59f7c3bd8dd,xp80412010200.rsp.gz,PCA_OGIP_RATE43_OVERLAP_V1,43,5.0,25.0
80414-01-02-00,45,4.929235458374023,25.120529174804688,cd413e24be6169876f93892bce87fd68bac0b85731682dad4893e48746c35bc2,data/processed/native/80414-01-02-00.npz,response_specific_EBOUNDS,8f916e2e905a40e055a757b8dbb0f0ebae883feb5a86d22bd5cab4c910027817,xp80414010200.rsp.gz,PCA_OGIP_RATE43_OVERLAP_V1,43,5.0,25.0
80414-01-05-02,45,4.925170421600342,25.098968505859375,3dc6df7e3f43846aeb33b719a42fd90853b1fa9a1586066858bd7a642853a935,data/processed/native/80414-01-05-02.npz,response_specific_EBOUNDS,08bbc8c381513b9434c0fc9b0b4e74d61fb2c27db7bebbf23eb557e65da1dbd2,xp80414010502.rsp.gz,PCA_OGIP_RATE43_OVERLAP_V1,43,5.0,25.0
80421-01-01-00,45,4.9268012046813965,25.10761833190918,68b82ccba2698538c54fbb6fb0338cafa8794e6933ae5c0ae1ce2b0adb323de7,data/processed/native/80421-01-01-00.npz,response_specific_EBOUNDS,de7279e5029ef917d1b27346612d344a959d3590ad436148750cd5aff58f6d15,xp80421010100.rsp.gz,PCA_OGIP_RATE43_OVERLAP_V1,43,5.0,25.0
80421-01-01-01,45,4.9268012046813965,25.10761833190918,68b82ccba2698538c54fbb6fb0338cafa8794e6933ae5c0ae1ce2b0adb323de7,data/processed/native/80421-01-01-01.npz,response_specific_EBOUNDS,c0ee6a76952331d2292db4a7437011163ed4d1af66169645426e05165d38a5d4,xp80421010101.rsp.gz,PCA_OGIP_RATE43_OVERLAP_V1,43,5.0,25.0
80421-01-01-02,45,4.9268012046813965,25.10761833190918,68b82ccba2698538c54fbb6fb0338cafa8794e6933ae5c0ae1ce2b0adb323de7,data/processed/native/80421-01-01-02.npz,response_specific_EBOUNDS,4367e3b8e575ff51ce8e22d496db4f16954c86d035c85ccb2f73b6e987fc7aff,xp80421010102.rsp.gz,PCA_OGIP_RATE43_OVERLAP_V1,43,5.0,25.0
80431-01-02-01,46,4.819279193878174,25.3673095703125,bc437cd4fc1a39e8dec1603573d2ede2de0b93723f154bd67c833a5c7d9915de,data/processed/native/80431-01-02-01.npz,response_specific_EBOUNDS,76c12bbc3d00a7542c0ac491a49ee2efff217867cf3752f8351fc48592eaf9dd,xp80431010201.rsp.gz,PCA_OGIP_RATE43_OVERLAP_V1,43,5.0,25.0
80431-01-02-03,45,4.9240264892578125,25.0929012298584,9fe573b6dc60d5338a5883ce240f05be068d7c409508c518d8f7d80a1beb30cc,data/processed/native/80431-01-02-03.npz,response_specific_EBOUNDS,35be7146bcd6722705f1f36ce372f74e4ace9349edbda3680b564b3b06e4f3c4,xp80431010203.rsp.gz,PCA_OGIP_RATE43_OVERLAP_V1,43,5.0,25.0
80431-01-02-04,46,4.819149971008301,25.366846084594727,9b8e3b8a31e867c8159f8469c1ce974ae6c2a897a8ad2f4a6f3e12517f1a597d,data/processed/native/80431-01-02-04.npz,response_specific_EBOUNDS,2fc63857938c46546afae9d072c5db95c2c6d3dd52c7e250bc0027bb97b0f553,xp80431010204.rsp.gz,PCA_OGIP_RATE43_OVERLAP_V1,43,5.0,25.0
80431-01-02-05,45,4.923912048339844,25.092294692993164,9c0fdf59bc4520bbcde7f54632797c087d35e9b34b66920555d7ec4aad5f1992,data/processed/native/80431-01-02-05.npz,response_specific_EBOUNDS,f94f05d345f875cdc62c2264eaf90a48a01dcb915f6346931b909618aa6853f8,xp80431010205.rsp.gz,PCA_OGIP_RATE43_OVERLAP_V1,43,5.0,25.0
80431-01-03-00,45,4.923854827880859,25.09199333190918,4f8c25c6fea2ed8b1748645616ab688296abf4297c115c6039307fdfe522d122,data/processed/native/80431-01-03-00.npz,response_specific_EBOUNDS,1043b41da7017cc02cf2223f1584e1be6058a5052b66e7ccfdc9acaeeb0b76d8,xp80431010300.rsp.gz,PCA_OGIP_RATE43_OVERLAP_V1,43,5.0,25.0
80431-01-03-02,45,4.923826217651367,25.091840744018555,b6fa93cc97eeee39810e43572eee38d43b0f713136f9fc16d2949469c93f01ea,data/processed/native/80431-01-03-02.npz,response_specific_EBOUNDS,bed69f0a728d3115ef0505b1d6aa77fe60ad3de56215111251a8a863488ba642,xp80431010302.rsp.gz,PCA_OGIP_RATE43_OVERLAP_V1,43,5.0,25.0
90011-01-01-01,45,4.911877632141113,25.02848243713379,9756f45b7b8a2e7f311d105ee4b47693cf1b3b06308e16fcb3c2a7cfae2be3bd,data/processed/native/90011-01-01-01.npz,response_specific_EBOUNDS,2ea683849550abecb5d5ba5a9df2df4f01c880ea7a2dd165c3580e1ebeaa23ce,xp90011010101.rsp.gz,PCA_OGIP_RATE43_OVERLAP_V1,43,5.0,25.0
90011-01-01-02,45,4.911849021911621,25.028331756591797,4d44821c722beb3722dc13e6b1728c242ca3f46b8b88a642c47953a391886839,data/processed/native/90011-01-01-02.npz,response_specific_EBOUNDS,40af2cfb7c9b31da10c441777def129cbcbd52907affdc1fb67f28172ecc3801,xp90011010102.rsp.gz,PCA_OGIP_RATE43_OVERLAP_V1,43,5.0,25.0
90011-01-01-05,45,4.911763668060303,25.027877807617188,9e5d3006f02524d83a3e5e4adea72535ef89bd69089b4afd8ba6402d6cfb302c,data/processed/native/90011-01-01-05.npz,response_specific_EBOUNDS,281ae918671436fc34abd22ad4f49e24e04302445b88cc5cd04c1de822920b61,xp90011010105.rsp.gz,PCA_OGIP_RATE43_OVERLAP_V1,43,5.0,25.0
90011-01-01-09,46,4.791632652282715,25.26807403564453,90266f8e0e6ab4079a23bf25f969d735423c28ec1df20466133c07972529dbee,data/processed/native/90011-01-01-09.npz,response_specific_EBOUNDS,de3a82748da387d84dbdebca7f6376f5c345d4c0a32bb8155f4a9e92a880d6a5,xp90011010109.rsp.gz,PCA_OGIP_RATE43_OVERLAP_V1,43,5.0,25.0
90011-01-01-13,46,4.791439533233643,25.267379760742188,9a3bdf1088b06767bd89048d0cfc20557b49265f20d59c24e010175078df3793,data/processed/native/90011-01-01-13.npz,response_specific_EBOUNDS,4919cd2b8b2b17b334201ef0d1f1bbca1d57ea8fc3d4038d5d7db52403119ca9,xp90011010113.rsp.gz,PCA_OGIP_RATE43_OVERLAP_V1,43,5.0,25.0
90017-01-07-00,45,4.91840124130249,25.06307029724121,105c997e0389b915ecd97e7ac1a2c01225a909d91c0db4c99f320b9ad47dd7f0,data/processed/native/90017-01-07-00.npz,response_specific_EBOUNDS,1233b273ec69376ca82e6119ebacce623fd6deec12338ed1a0461194de2b846a,xp90017010700.rsp.gz,PCA_OGIP_RATE43_OVERLAP_V1,43,5.0,25.0
90019-01-02-00,45,4.919456481933594,25.068666458129883,c6baa10b2f51d39af51d4f2b7bae2e115fb9e5a6ab8327e16e194ad357a5c352,data/processed/native/90019-01-02-00.npz,response_specific_EBOUNDS,c0b68d8e2889b11cf541698ee18ec45d48958641242ffd5e88c0aab6ce6d289f,xp90019010200.rsp.gz,PCA_OGIP_RATE43_OVERLAP_V1,43,5.0,25.0
90030-01-03-10,46,4.884462356567383,25.73726463317871,2832cf047798ff3d6d57d85966e93120638c7cc9d17e8b8145ffb93af0e16d76,data/processed/native/90030-01-03-10.npz,response_specific_EBOUNDS,d7bfcb6b843c1b58f613a23798cae66c77b9a120fafcbf7c853e4265dc1f8f50,xp90030010310.rsp.gz,PCA_OGIP_RATE43_OVERLAP_V1,43,5.0,25.0
90030-01-08-00,45,4.919998645782471,25.071542739868164,a59ffe8573185e506a326e37ada8c1e1a5c766760bc95409ae581a3e1e64551a,data/processed/native/90030-01-08-00.npz,response_specific_EBOUNDS,e3e526ccf6308f7397a0f1e3f5dc86d6d679dd80640ec55cdd9760a916374719,xp90030010800.rsp.gz,PCA_OGIP_RATE43_OVERLAP_V1,43,5.0,25.0
90030-01-24-00,45,4.9177446365356445,25.05959129333496,8844663e85f1740576a8bcb1d0cf3afef7491adea877e3da0b146af07e579deb,data/processed/native/90030-01-24-00.npz,response_specific_EBOUNDS,5533c73234ac618c30776f74892bfc7587da05bacd9ebb0837822228f673c877,xp90030012400.rsp.gz,PCA_OGIP_RATE43_OVERLAP_V1,43,5.0,25.0
90030-01-41-00,45,4.915379047393799,25.047048568725586,187e0bc01cc9c6636f5addacc821662889fbaa30a8147e0fc4aa42b60a6801ec,data/processed/native/90030-01-41-00.npz,response_specific_EBOUNDS,f454499eedae3add8ce9c4b32d1bbb1bf5d4dbc0881a4c20d10650517e6286c8,xp90030014100.rsp.gz,PCA_OGIP_RATE43_OVERLAP_V1,43,5.0,25.0
90030-01-53-00,45,4.913698673248291,25.038137435913086,e0d6512db66b6741187e6d1cb556e5a898093663819c7cd0f33b91a1a469cbc5,data/processed/native/90030-01-53-00.npz,response_specific_EBOUNDS,c8252943c999d71f1f1ab1ac68029d925a4d87cff4a30c1b166b0f2bed33d695,xp90030015300.rsp.gz,PCA_OGIP_RATE43_OVERLAP_V1,43,5.0,25.0
90030-01-67-00,45,4.9117350578308105,25.027727127075195,504676b90d8f342527f12fbe9ae5c08fea2f8c76ba4c1f7fb5dadefb6c43f9ca,data/processed/native/90030-01-67-00.npz,response_specific_EBOUNDS,88372e22713b6830129c465ce76f923ab1cfe3cebb0a3be09a3a6ec3a2f87263,xp90030016700.rsp.gz,PCA_OGIP_RATE43_OVERLAP_V1,43,5.0,25.0
90030-01-81-00,46,4.903470516204834,25.841585159301758,de4601245a7d981dd58a85ec40bf7ede8e3ff31fc39045f08717f509f4eeda51,data/processed/native/90030-01-81-00.npz,response_specific_EBOUNDS,aac0ed93d223da5cb395747f6fcbbc41d61cf65499dec32afcceeb2b45239ff0,xp90030018100.rsp.gz,PCA_OGIP_RATE43_OVERLAP_V1,43,5.0,25.0
90030-01-95-00,46,4.901515007019043,25.83085060119629,e1caba1775da58e5961532042d224b3d8a8512cfae2a294e5d96e007206ce70b,data/processed/native/90030-01-95-00.npz,response_specific_EBOUNDS,277ab15c721dedb4c294d694b028535802e7ecf214cf8398f698ba3e76ab0ae2,xp90030019500.rsp.gz,PCA_OGIP_RATE43_OVERLAP_V1,43,5.0,25.0
90036-01-01-00,45,4.918514728546143,25.063674926757812,23b861aa9e7858812f31a5a18aa33b937ac3d0c7bd10c3c934d4099dcfaf92b4,data/processed/native/90036-01-01-00.npz,response_specific_EBOUNDS,562cf652fdc09c6fb7a3eacb5df38dd082d6871c969e7e3fabeb6c685232a92b,xp90036010100.rsp.gz,PCA_OGIP_RATE43_OVERLAP_V1,43,5.0,25.0
90036-01-01-01,45,4.918514728546143,25.063674926757812,23b861aa9e7858812f31a5a18aa33b937ac3d0c7bd10c3c934d4099dcfaf92b4,data/processed/native/90036-01-01-01.npz,response_specific_EBOUNDS,e1ff85c80aff143a3d2b62bcd59729f0993fe0b7e55be07b82e961ae74efaa0b,xp90036010101.rsp.gz,PCA_OGIP_RATE43_OVERLAP_V1,43,5.0,25.0
90036-01-01-02,45,4.918514728546143,25.063674926757812,23b861aa9e7858812f31a5a18aa33b937ac3d0c7bd10c3c934d4099dcfaf92b4,data/processed/native/90036-01-01-02.npz,response_specific_EBOUNDS,3801db9f4a860f6d65dda51be6f4c347c2e9d37cb764371ddf9850c4fa0743ad,xp90036010102.rsp.gz,PCA_OGIP_RATE43_OVERLAP_V1,43,5.0,25.0
90036-01-01-03,45,4.918486595153809,25.06352424621582,e0913bb79b462fd2fa37716ba09b1dc5c2926fde65b81aea84a3850b72adc573,data/processed/native/90036-01-01-03.npz,response_specific_EBOUNDS,089ead4b8e71108c3db674db4288bcf9549a1582acfa8e0d144c7f699fba740c,xp90036010103.rsp.gz,PCA_OGIP_RATE43_OVERLAP_V1,43,5.0,25.0
90036-01-02-00,45,4.918457984924316,25.063371658325195,2a35f645051d2a76b3abcf595bb4f4499169d8123ebb0b1b2747c9e78dfc0083,data/processed/native/90036-01-02-00.npz,response_specific_EBOUNDS,c07cb58c47731cb30fed6dbeb813f77f709aa2b0d62e81b5e7285c474dce020a,xp90036010200.rsp.gz,PCA_OGIP_RATE43_OVERLAP_V1,43,5.0,25.0
90036-01-02-01,45,4.918457984924316,25.063371658325195,2a35f645051d2a76b3abcf595bb4f4499169d8123ebb0b1b2747c9e78dfc0083,data/processed/native/90036-01-02-01.npz,response_specific_EBOUNDS,2d34fb61d4462c797632934cc3545afd9f05d90c305c9fc9bb1d0b1f4104427b,xp90036010201.rsp.gz,PCA_OGIP_RATE43_OVERLAP_V1,43,5.0,25.0
90044-01-01-00,45,4.920055866241455,25.07184410095215,bf9bf919fc8b85000b545ed663ca183a216300bfe52bc4b6b8bc94e6052f2529,data/processed/native/90044-01-01-00.npz,response_specific_EBOUNDS,4171b55f77677d4d8d5ca96dbc9b5f4281d98506898e4121091d867e5efba25f,xp90044010100.rsp.gz,PCA_OGIP_RATE43_OVERLAP_V1,43,5.0,25.0
90044-01-01-01,45,4.920055866241455,25.07184410095215,bf9bf919fc8b85000b545ed663ca183a216300bfe52bc4b6b8bc94e6052f2529,data/processed/native/90044-01-01-01.npz,response_specific_EBOUNDS,38aac6b1991f0f484fbab3a9f171a696c658e3e20f1ce115eeac64a263f66507,xp90044010101.rsp.gz,PCA_OGIP_RATE43_OVERLAP_V1,43,5.0,25.0
90044-01-02-00,45,4.917944431304932,25.060649871826172,25e841f4c21e23a1703c37bcbf7a9442e73a5d056ab485d12c00f23032c73b26,data/processed/native/90044-01-02-00.npz,response_specific_EBOUNDS,e5101c511a5c358fab425bda82c2f1da33d12c0d1f024288202b332ac09b26d1,xp90044010200.rsp.gz,PCA_OGIP_RATE43_OVERLAP_V1,43,5.0,25.0
90044-01-02-01,45,4.917944431304932,25.060649871826172,25e841f4c21e23a1703c37bcbf7a9442e73a5d056ab485d12c00f23032c73b26,data/processed/native/90044-01-02-01.npz,response_specific_EBOUNDS,aa9b15fc7c3491f6741c1f032cb21f23476813b1a5d772954268aab6cdae74a7,xp90044010201.rsp.gz,PCA_OGIP_RATE43_OVERLAP_V1,43,5.0,25.0
90044-01-03-00,45,4.916433811187744,25.05263900756836,628d9ad54c51763bc5ae12591424300dd401f41038d8baa2aea4eb7f27d32ac9,data/processed/native/90044-01-03-00.npz,response_specific_EBOUNDS,30a2aab5be2a5494ba9429b0d92a00ac10c94143833db674b13db51125d3e2f1,xp90044010300.rsp.gz,PCA_OGIP_RATE43_OVERLAP_V1,43,5.0,25.0
90044-01-04-00,46,4.796141624450684,25.28425407409668,d0cb684e2f4e42b8734f2687c08bc78e82948142d82aca8c88ef259a76d17755,data/processed/native/90044-01-04-00.npz,response_specific_EBOUNDS,ea4d1d1dbf692472c10f05bd66e33f9952b33e2d0879dc76a9e39e7fe5467c7b,xp90044010400.rsp.gz,PCA_OGIP_RATE43_OVERLAP_V1,43,5.0,25.0
90052-03-01-00,45,4.91307258605957,25.034818649291992,5de454a7439a567bb7b72669aa263583f0bfc371dd0e76d0e436169779a85582,data/processed/native/90052-03-01-00.npz,response_specific_EBOUNDS,9a262d44a381da291b03ed9d477476d0324f91e46f66574c3af2f63f4520d860,xp90052030100.rsp.gz,PCA_OGIP_RATE43_OVERLAP_V1,43,5.0,25.0
90058-04-02-00,45,4.919827461242676,25.070634841918945,88df4f0fbb88539965e92db88847f14d11cbce317e89939a183e81156f2ad139,data/processed/native/90058-04-02-00.npz,response_specific_EBOUNDS,b0193d7cadece024dc55dbc5dfb476709f3bb5328900004fe865a0beb1d8e1a8,xp90058040200.rsp.gz,PCA_OGIP_RATE43_OVERLAP_V1,43,5.0,25.0
90058-05-01-02,45,4.9192280769348145,25.06745719909668,4014bacd4acef98568fe766df31b62c4699b98abecf67071e3d3f18c7f70fd10,data/processed/native/90058-05-01-02.npz,response_specific_EBOUNDS,34f2ce356ba4f046244fb8d01959889652c9248d4a968402e8fcbc5fb6106200,xp90058050102.rsp.gz,PCA_OGIP_RATE43_OVERLAP_V1,43,5.0,25.0
90058-05-01-04,45,4.919199466705322,25.067304611206055,0643468bdb603e27e16c79c4bfe75470779b596c5f0be85aa5d37b475f59fc59,data/processed/native/90058-05-01-04.npz,response_specific_EBOUNDS,50d518460726eeba99d85d2424ec8fdc126dbbe59e512c2faa973d9d91e85c13,xp90058050104.rsp.gz,PCA_OGIP_RATE43_OVERLAP_V1,43,5.0,25.0
90107-01-01-00,45,4.9171462059021,25.056415557861328,dfb719991e886e42e9e1633bc37f899118ab65a344382491d2d3ab15e79f0da7,data/processed/native/90107-01-01-00.npz,response_specific_EBOUNDS,061c7afb155dc2fc7c0be3bb4633bd52421694f0af6a8e3c2fd767a5afb32c44,xp90107010100.rsp.gz,PCA_OGIP_RATE43_OVERLAP_V1,43,5.0,25.0
90107-01-01-01,45,4.917088985443115,25.056114196777344,bacc3211596d83cd3a55a166bc8fca32896ad21c79b86c64b7e662f556a34710,data/processed/native/90107-01-01-01.npz,response_specific_EBOUNDS,e30726f13198a8ad14405d8d72f3c6fd1546bf94d1031fc8ae8fe33442c68cc3,xp90107010101.rsp.gz,PCA_OGIP_RATE43_OVERLAP_V1,43,5.0,25.0
90107-01-02-01,46,4.803173065185547,25.309492111206055,1f569a0ddbe2c189cfcb744e992c397b2b6ee0cfe1ceb9992850e60c8f4e37d8,data/processed/native/90107-01-02-01.npz,response_specific_EBOUNDS,4c051429bae2b5d9a9d695ca2c6e871877d34184970d3233c3a1ea65c01713a7,xp90107010201.rsp.gz,PCA_OGIP_RATE43_OVERLAP_V1,43,5.0,25.0
90107-01-03-00,45,4.916861057281494,25.054906845092773,8e2b1b4fa9782de01042108d93ec8c3a75be05002ab4d366520b1951b95f923d,data/processed/native/90107-01-03-00.npz,response_specific_EBOUNDS,745668a04518693fb0a72786668ffc74c2816f823cae6a3ecf363392ac6b234b,xp90107010300.rsp.gz,PCA_OGIP_RATE43_OVERLAP_V1,43,5.0,25.0
90107-01-03-01,45,4.916832447052002,25.05475425720215,e8cbddeed3dd0b940eb795f47534025202d2fee67573b8591f663e71990198ac,data/processed/native/90107-01-03-01.npz,response_specific_EBOUNDS,3d78ed1ba085b790aadab73119aafaaa3d9f09a4d83fdba0b96545d2c020b7e8,xp90107010301.rsp.gz,PCA_OGIP_RATE43_OVERLAP_V1,43,5.0,25.0
90108-03-01-00,46,4.804141044616699,25.31296730041504,48a50a01135005d46435d6a71e6e4bae7c3408dc2c059acc9f833cedfd402e19,data/processed/native/90108-03-01-00.npz,response_specific_EBOUNDS,c16443b7794b99bf752379e9d2cfa64549b3a1cf920b2bf651a6d604c28307f6,xp90108030100.rsp.gz,PCA_OGIP_RATE43_OVERLAP_V1,43,5.0,25.0
90108-03-02-00,45,4.917288780212402,25.057172775268555,b4005f3e18e25a76c34e6030592ab82d3715add3bdcadc6f2eb2eab291be97ed,data/processed/native/90108-03-02-00.npz,response_specific_EBOUNDS,31e2d5a2afb844dc07d9be34cbf4119d5d7fc79779860e2a5b3d338f06378baf,xp90108030200.rsp.gz,PCA_OGIP_RATE43_OVERLAP_V1,43,5.0,25.0
90108-03-03-00,46,4.804012298583984,25.3125057220459,61886bf4e39791c2d55fc3fbd8636dcef559aff341aab3146ccea0f1693a77e8,data/processed/native/90108-03-03-00.npz,response_specific_EBOUNDS,c2706fd72e8687da9b4290ef2643dfabdf6b1b77078165220567fae40f37f18c,xp90108030300.rsp.gz,PCA_OGIP_RATE43_OVERLAP_V1,43,5.0,25.0
90111-01-02-02,45,4.911678314208984,25.02742576599121,a9d6ed8f67001e8365049fc39c8f108122f9edcee76008f1ca0666060caec965,data/processed/native/90111-01-02-02.npz,response_specific_EBOUNDS,f82dc996009763e965375be8569ebe0d5869066b7a68fe312b8d9911dbea9a34,xp90111010202.rsp.gz,PCA_OGIP_RATE43_OVERLAP_V1,43,5.0,25.0
90111-01-02-06,45,4.911621570587158,25.027124404907227,42a41fd52e9627ba2038231892161f27041601da96eb1f8fd0efb3c159a31d91,data/processed/native/90111-01-02-06.npz,response_specific_EBOUNDS,d1ed9a6b92987ed98761ca6599d7ca68fd85625e8441c549beb1462c0c261138,xp90111010206.rsp.gz,PCA_OGIP_RATE43_OVERLAP_V1,43,5.0,25.0
90111-01-02-11,46,4.791053771972656,25.265995025634766,5f6ad51209a08c056a386a1fdec2a9eb178a3e0544b253dfe87ea1db5a615173,data/processed/native/90111-01-02-11.npz,response_specific_EBOUNDS,a0b3d6d9c1b1eaf393c2b0e7294e4d69250b1976af8635e5f3eb38532da07e3c,xp90111010211.rsp.gz,PCA_OGIP_RATE43_OVERLAP_V1,43,5.0,25.0
90111-01-03-02,45,4.9114789962768555,25.026369094848633,ff1c64ad02e47cb209e2565c3cf1f76f18d001eb42e77bba0846d7c0829a1b9c,data/processed/native/90111-01-03-02.npz,response_specific_EBOUNDS,9099e1274af8c3a23fffe6b520d2a318fb31d5019c82bb5b31fd0982bd3de9bb,xp90111010302.rsp.gz,PCA_OGIP_RATE43_OVERLAP_V1,43,5.0,25.0
90111-01-03-07,46,4.790795803070068,25.26506996154785,dcc46ca01dc148c6281a3833a06c5b1417e76101050e2c2d40cc6f36f1683090,data/processed/native/90111-01-03-07.npz,response_specific_EBOUNDS,81ebed86ff810deaeac6e146a8b83bad6a71c07ca36f09095281f3e1d57d9f80,xp90111010307.rsp.gz,PCA_OGIP_RATE43_OVERLAP_V1,43,5.0,25.0
90111-01-04-02,45,4.911137580871582,25.024560928344727,521bb79ac14ac8e7db339a048af95f12ad10870d300abba00d33746157f2026a,data/processed/native/90111-01-04-02.npz,response_specific_EBOUNDS,8d44593317c9548d9cc90da07da15454885c950f794532183fbbc32efd5d7d23,xp90111010402.rsp.gz,PCA_OGIP_RATE43_OVERLAP_V1,43,5.0,25.0
90111-01-06-01,45,4.910853385925293,25.023054122924805,f12af1a0c025a9b1dfe959934e0a469350581708a578a067247eb03dffe21bfa,data/processed/native/90111-01-06-01.npz,response_specific_EBOUNDS,d3312c591f325757240bf4da0b199456aa4d66818c9ed4bd43dbaf84944eb2ea,xp90111010601.rsp.gz,PCA_OGIP_RATE43_OVERLAP_V1,43,5.0,25.0
90403-01-01-00,45,4.921055316925049,25.077144622802734,ab8e1a4b3c24b7aa74a14beed3dfafc422cc815f62bbf3c1aee6bddeacffaa0f,data/processed/native/90403-01-01-00.npz,response_specific_EBOUNDS,5936e27c403755a079a06f8a4c9370ccb2e37a90f311650121e3c99d26c1bb09,xp90403010100.rsp.gz,PCA_OGIP_RATE43_OVERLAP_V1,43,5.0,25.0
90422-01-01-02,45,4.914723873138428,25.0435733795166,5d72a53361d91abb2b0272bb40d2fe845f8a69599b7d022678869ea5e5e487e0,data/processed/native/90422-01-01-02.npz,response_specific_EBOUNDS,d0cf02aa1de19bde1ec3b58793e13f8aca52283c3f367cbf541b2b72bae4fd2d,xp90422010102.rsp.gz,PCA_OGIP_RATE43_OVERLAP_V1,43,5.0,25.0
90425-01-01-13,45,4.912901878356934,25.033912658691406,d6ddaf7a7f465594e99fd2e5f33c4a79fd4104d19865f8e85eeeccedc04cb1d1,data/processed/native/90425-01-01-13.npz,response_specific_EBOUNDS,e6c97fb971aee84e327fb12ea6127d460dc19cff0722ed8d94a21b3889e66a4b,xp90425010113.rsp.gz,PCA_OGIP_RATE43_OVERLAP_V1,43,5.0,25.0
90425-01-02-14,45,4.912816524505615,25.03346061706543,d0f0b567939d483e477f170339ab3bbe4764b26bf01f8e6759f53ce5fb197079,data/processed/native/90425-01-02-14.npz,response_specific_EBOUNDS,d8d2c2af5984c28531fcca133e46dfc30ccf44b30e924b0d4cde3c30db52a84e,xp90425010214.rsp.gz,PCA_OGIP_RATE43_OVERLAP_V1,43,5.0,25.0
90425-01-03-04,45,4.912617206573486,25.03240394592285,bb032bc20a0213ee493cc0a2a585275148f498c99fd6a8800b6187efac58c2e7,data/processed/native/90425-01-03-04.npz,response_specific_EBOUNDS,7589ed4ac6586be1f4afc7ebc076dbd417d088710aad6e238ba073b952afdfa7,xp90425010304.rsp.gz,PCA_OGIP_RATE43_OVERLAP_V1,43,5.0,25.0
91009-01-06-00,45,4.909772872924805,25.017324447631836,b2c89cd47d4e3af5d450085baa58de5161e1f6be4d2c782b8b8a85e6135ecdc4,data/processed/native/91009-01-06-00.npz,response_specific_EBOUNDS,3eb6e151048e4f354ed1693a9447169a4b0106415c169d49428cb11eb5373a5a,xp91009010600.rsp.gz,PCA_OGIP_RATE43_OVERLAP_V1,43,5.0,25.0
91009-01-24-00,45,4.907244682312012,25.003921508789062,5ae38152af8c8940827aa58a93920afac7f043a76099259a609583978896ee93,data/processed/native/91009-01-24-00.npz,response_specific_EBOUNDS,517a34978be333de1832e578afcc7520ca8058fa487c59be6a05b75eaf53afc0,xp91009012400.rsp.gz,PCA_OGIP_RATE43_OVERLAP_V1,43,5.0,25.0
91009-01-38-00,46,4.905285835266113,25.851552963256836,ebe3dfc5c2f78cde6ed07499798a251606a97556219f2fb9098cf7b3742537ee,data/processed/native/91009-01-38-00.npz,response_specific_EBOUNDS,139bc95f31a6115c45c284d4b39795e370f9910cc670ddeb0bbcdb7dc5d3d5d5,xp91009013800.rsp.gz,PCA_OGIP_RATE43_OVERLAP_V1,43,5.0,25.0
91010-01-01-05,45,4.908267021179199,25.009342193603516,1b2ca072b4ce7a88f63eb7927639b21c748443d343326a22a9418478b7b82e05,data/processed/native/91010-01-01-05.npz,response_specific_EBOUNDS,c4846232879efe818974cc544a9fc436814d107e0b9b75dce4055a85a78879b2,xp91010010105.rsp.gz,PCA_OGIP_RATE43_OVERLAP_V1,43,5.0,25.0
91015-01-01-00,45,4.907527923583984,25.00542640686035,702c95a148e618c9f1a7c4520851269ca63923785843e666f9a6e35d7a63a245,data/processed/native/91015-01-01-00.npz,response_specific_EBOUNDS,20f5c616cdee4221616d200426b8673ee58f4479e848fdb9d14d982146d9714c,xp91015010100.rsp.gz,PCA_OGIP_RATE43_OVERLAP_V1,43,5.0,25.0
91015-01-04-07,45,4.9072723388671875,25.004070281982422,fb400707efaa38ecf8d280f33b26a7e01e075a4e492a37811c6e0a0855689e40,data/processed/native/91015-01-04-07.npz,response_specific_EBOUNDS,cf236808392bf3d77c305f12b7c54e6640f4d301b0f3617e769f6ec0dca53cb3,xp91015010407.rsp.gz,PCA_OGIP_RATE43_OVERLAP_V1,43,5.0,25.0
91015-01-07-01,45,4.906676292419434,25.00090980529785,b5eac8ea6b4a50d95fd549043522cb0135d6b30038233c0e43f18c5af92f930e,data/processed/native/91015-01-07-01.npz,response_specific_EBOUNDS,a370ed285a2bea47eb0f443783bbacc04e24ce881184ffa4a718dd4939996267,xp91015010701.rsp.gz,PCA_OGIP_RATE43_OVERLAP_V1,43,5.0,25.0
91023-01-02-00,45,4.909574031829834,25.016271591186523,7558f7e677fd68800f0b311e8b7125e1133c58204dea2f441c3f2de8f0f2f8a4,data/processed/native/91023-01-02-00.npz,response_specific_EBOUNDS,1c9c17beaad550d57a9559e3caa4bf2a3221472d19010d6876037047ea090404,xp91023010200.rsp.gz,PCA_OGIP_RATE43_OVERLAP_V1,43,5.0,25.0
91024-01-07-10,46,4.904548168182373,25.847501754760742,aff55a72741d448e835302774609760e16b7ad2a6b2a55df79aefb8ad1dcb0ee,data/processed/native/91024-01-07-10.npz,response_specific_EBOUNDS,36044b6b8a1613e1923d73d6add41898ea97b4c10af82c9f9a054fc858d8dd48,xp91024010710.rsp.gz,PCA_OGIP_RATE43_OVERLAP_V1,43,5.0,25.0
91024-01-13-00,45,4.909744739532471,25.017175674438477,24504e5c7c2d136d7e620ecf31ffccd7901f945dc62c3ede51de487c7fa66b72,data/processed/native/91024-01-13-00.npz,response_specific_EBOUNDS,d71874fe76ab68cad7eeea87bd6fe7c1ab0a6340327338d4110ae701dcb9bd26,xp91024011300.rsp.gz,PCA_OGIP_RATE43_OVERLAP_V1,43,5.0,25.0
91024-01-53-10,46,4.901939868927002,25.83318328857422,0d6650dbad15a0d042910bf44fdf1fb1ae96e5df4c70a677dbcf8dee609f5016,data/processed/native/91024-01-53-10.npz,response_specific_EBOUNDS,f7e2e58c5abbd2d94aa28843768cca51df488d95bcb66e6142e5d729bf3be303,xp91024015310.rsp.gz,PCA_OGIP_RATE43_OVERLAP_V1,43,5.0,25.0
91024-01-62-00,45,4.906989097595215,25.002567291259766,1a260a75e5c7cb1b7dacd09df434ebc11b19bb028d23d1272d12615698a08e27,data/processed/native/91024-01-62-00.npz,response_specific_EBOUNDS,f0445630b9b2dcd4072884036665fae10c3b87a3cf5feaac1f5b3316a5d4a74d,xp91024016200.rsp.gz,PCA_OGIP_RATE43_OVERLAP_V1,43,5.0,25.0
91024-01-85-10,46,4.8896164894104,25.765546798706055,9aaed663809b04550917c656a9ae14ef120acddb853fb645e26c824c2a378c69,data/processed/native/91024-01-85-10.npz,response_specific_EBOUNDS,2a3d0af8c09c95b35fe447221315d1745aa392c355c85f01d09845244f088cb0,xp91024018510.rsp.gz,PCA_OGIP_RATE43_OVERLAP_V1,43,5.0,25.0
91025-01-01-09,46,4.895120620727539,25.795751571655273,18bb85f883295a8b5c4bc389701a4e0b421084c4b38e02326e320022c2dcd55e,data/processed/native/91025-01-01-09.npz,response_specific_EBOUNDS,f76fd44d159b54748e1b6d3cc4eb4686ea407e96b580084d74ecf9433398ae6a,xp91025010109.rsp.gz,PCA_OGIP_RATE43_OVERLAP_V1,43,5.0,25.0
91025-01-04-01,46,4.891054630279541,25.773439407348633,1c09b416dae8137b5de19ab85e4f99f9b63c0562143a5c9be71cc5c6b06c2a7e,data/processed/native/91025-01-04-01.npz,response_specific_EBOUNDS,df353c6e22d62b5cc91089bd97591e52c40d9e8396da45a8085420c23e9710a1,xp91025010401.rsp.gz,PCA_OGIP_RATE43_OVERLAP_V1,43,5.0,25.0
91025-01-04-06,46,4.890970230102539,25.77297592163086,7f20aeb015672bab015c01669ba3d94d82ae2aab451d12ef31c1b9ea8c4e7118,data/processed/native/91025-01-04-06.npz,response_specific_EBOUNDS,e4e67c7dba145438eec8c8748f03c0cf40282ea91ebed3728d41729bcb1ca50a,xp91025010406.rsp.gz,PCA_OGIP_RATE43_OVERLAP_V1,43,5.0,25.0
91025-01-05-06,46,4.886488914489746,25.748384475708008,24a0f68ee2331957557e07a023df2e4a7587cf7eb36b679b11dd12e531503a89,data/processed/native/91025-01-05-06.npz,response_specific_EBOUNDS,3a8d2c573a955ceb4d2b7f04b8975e5c35df6b143bb9b5a278b360698fb1e32c,xp91025010506.rsp.gz,PCA_OGIP_RATE43_OVERLAP_V1,43,5.0,25.0
91025-01-06-05,46,4.886573314666748,25.74884796142578,4ed7f5008912ed0f12009a2fa71926ffc8b113f577dd3f5daa3ad1d0aa81862d,data/processed/native/91025-01-06-05.npz,response_specific_EBOUNDS,3bdc3402ef87aebe381e53ec74e7993623cd9c92361e3e7de27974fecefdba35,xp91025010605.rsp.gz,PCA_OGIP_RATE43_OVERLAP_V1,43,5.0,25.0
91025-01-08-04,46,4.883195877075195,25.730318069458008,908af72d417fd3f9fa76781b975a2842d4a3b39b36f247e43614853023226066,data/processed/native/91025-01-08-04.npz,response_specific_EBOUNDS,1df97ba195eedc2a691cbbfd093b0abbdaaf4105ade8e0f0635bbf509be927a2,xp91025010804.rsp.gz,PCA_OGIP_RATE43_OVERLAP_V1,43,5.0,25.0
91025-01-08-05,46,4.8833088874816895,25.73093605041504,9b42b7679b90d12c21caf1bd216dd20ff1999acfb62766d49a263d9c6b4a4d24,data/processed/native/91025-01-08-05.npz,response_specific_EBOUNDS,996a9cd8d0680a565cf6a3b6551bc38ba051289fda584d79f7d118934fb9b0db,xp91025010805.rsp.gz,PCA_OGIP_RATE43_OVERLAP_V1,43,5.0,25.0
91025-01-09-01,46,4.8810038566589355,25.71828842163086,5489124df83aeeab17cf3ad2c57ff5fad46b79edf4a1792235e355c3ff2b3da5,data/processed/native/91025-01-09-01.npz,response_specific_EBOUNDS,9250dd3b3165ea1fe5813f2733eda4ac1a18676b2a59ab6ef77a6fc21301f964,xp91025010901.rsp.gz,PCA_OGIP_RATE43_OVERLAP_V1,43,5.0,25.0
91025-01-09-07,46,4.880947589874268,25.717981338500977,0d388188e124be4bd0c9926544c7011a49156b08894f75e487f38bd402b5bd10,data/processed/native/91025-01-09-07.npz,response_specific_EBOUNDS,f5fc2368b847127e4c5ad28aa8a76685c6b53a73c062a7b34144b817cfc1344e,xp91025010907.rsp.gz,PCA_OGIP_RATE43_OVERLAP_V1,43,5.0,25.0
91025-01-09-18,46,4.880919456481934,25.71782684326172,4abcd5dad8f41cf9f3c7e57cbdf627d25f60dc8f854f3102aaed5445b587275f,data/processed/native/91025-01-09-18.npz,response_specific_EBOUNDS,568694df8104631af947b2f1c48a48b586024e6e8399e23331aafc5287c50470,xp91025010918.rsp.gz,PCA_OGIP_RATE43_OVERLAP_V1,43,5.0,25.0
91025-01-10-01,46,4.873961925506592,25.67966079711914,138ddc5fa26e5a29b83811a353fc21e68147d5c171f82c3ca8456edd1680e7b9,data/processed/native/91025-01-10-01.npz,response_specific_EBOUNDS,4d4227f284d624c3a7c05c009adb9735617cd7b717072f152d1045fac0f0b51a,xp91025011001.rsp.gz,PCA_OGIP_RATE43_OVERLAP_V1,43,5.0,25.0
91025-01-11-10,46,4.873878002166748,25.67919921875,4a2c194d3eea7793bfc609f556d4df56def4ba59c84dfffc176464eabb22d83d,data/processed/native/91025-01-11-10.npz,response_specific_EBOUNDS,9e8283254146f4848f55c9a7b06c4a01c236ce6ebacb8f7f0c2cbd0631e7d771,xp91025011110.rsp.gz,PCA_OGIP_RATE43_OVERLAP_V1,43,5.0,25.0
91025-01-12-00,46,4.87230920791626,25.670595169067383,a47b8cefd2430a270cc10ac629ae5abf0e6da9d7445a928bf359fa66ac9baee0,data/processed/native/91025-01-12-00.npz,response_specific_EBOUNDS,bda10c6a88dcf25147bef0f12080fd5fb859a4db26018328e7994d795964e275,xp91025011200.rsp.gz,PCA_OGIP_RATE43_OVERLAP_V1,43,5.0,25.0
91025-01-13-10,46,4.872645378112793,25.67243766784668,a5c031bc73f91a449223dc803584fcf9d0bc3fda8e366e08647fafc56a7eaf4a,data/processed/native/91025-01-13-10.npz,response_specific_EBOUNDS,bdb3b1de12dcc80f18f761ccf2e25ccfafa45e94e057f49208e9a48562077202,xp91025011310.rsp.gz,PCA_OGIP_RATE43_OVERLAP_V1,43,5.0,25.0
91025-01-16-09,46,4.860578536987305,25.606266021728516,c03a2f7c172171e49113646ec6e583844f1f3c2c31ec84123bc4be0c378aa5fe,data/processed/native/91025-01-16-09.npz,response_specific_EBOUNDS,18ecd07fc6de39fec44eb0d8575f5403aa1bd1bf8b10bbccc4b8159447502e7d,xp91025011609.rsp.gz,PCA_OGIP_RATE43_OVERLAP_V1,43,5.0,25.0
91028-01-01-00,45,4.909602165222168,25.016420364379883,0e20739bc4551b5d6b761ebee4397479dab56393fbec2dd5b0316d72a69c671b,data/processed/native/91028-01-01-00.npz,response_specific_EBOUNDS,e05f2e35e51932ab4327e7aec35208ed84abcf0c51000dd0f34d46f8f72fa73f,xp91028010100.rsp.gz,PCA_OGIP_RATE43_OVERLAP_V1,43,5.0,25.0
91028-01-22-00,45,4.909204483032227,25.014312744140625,017c55d9bb2b6405ade5a292abbf0f0a124ceb09b763d1f63e8043a391947564,data/processed/native/91028-01-22-00.npz,response_specific_EBOUNDS,e913b088c96cf7f686480e4b73c22aa993a13a084377e42259c8e5732e3512db,xp91028012200.rsp.gz,PCA_OGIP_RATE43_OVERLAP_V1,43,5.0,25.0
91037-15-01-00,45,4.907016754150391,25.002716064453125,ee2859902fb50fdc51d782e7cf9b7b3652712f1620c0555e54460a593605cf44,data/processed/native/91037-15-01-00.npz,response_specific_EBOUNDS,5fd2c079aba341361356d8815ab6cb84f22e0a9bcaf057d002fc96519bb557f4,xp91037150100.rsp.gz,PCA_OGIP_RATE43_OVERLAP_V1,43,5.0,25.0
91039-01-01-10,45,4.9080963134765625,25.008438110351562,0617efece89b1c2c3db49047c84c6c6bbbe83716c4680ebcb85bb78a55304904,data/processed/native/91039-01-01-10.npz,response_specific_EBOUNDS,e3f8f32de06731e3ea16aab16353ed37841c752050fc9ba83436cf952ee3faf7,xp91039010110.rsp.gz,PCA_OGIP_RATE43_OVERLAP_V1,43,5.0,25.0
91039-01-01-50,45,4.90730094909668,25.004222869873047,a94fbdeb62ea5f78dae25ed4908fc7d2e8075022e08218fecb2c07c2b598ac7d,data/processed/native/91039-01-01-50.npz,response_specific_EBOUNDS,5a5ccc0e6b514375c2301b523465f3aeb5bfd8e65907271292cbcc9ff2d331f5,xp91039010150.rsp.gz,PCA_OGIP_RATE43_OVERLAP_V1,43,5.0,25.0
91039-01-02-30,46,4.904321193695068,25.846256256103516,d9a818bb90ff5e7797d7c34c63c6c3f9dfb3ad033105f85aa267869092a78ba3,data/processed/native/91039-01-02-30.npz,response_specific_EBOUNDS,4c3e68fa95a73a8288012f36f185115b1e1e6f357b2036d79ac1374ea57c1273,xp91039010230.rsp.gz,PCA_OGIP_RATE43_OVERLAP_V1,43,5.0,25.0
91039-01-02-61,46,4.9036407470703125,25.842519760131836,3675fe900fea5024e4158b9ce6470fccbf8099cafc997970b704d857b0aa4869,data/processed/native/91039-01-02-61.npz,response_specific_EBOUNDS,a3a263a3d069b5cfd6165bcb01ae6a90009fde00493e26041382341d2f54abe7,xp91039010261.rsp.gz,PCA_OGIP_RATE43_OVERLAP_V1,43,5.0,25.0
91039-01-03-33,46,4.8930583000183105,25.784435272216797,033ed6eef8655d7a64759d1b518e9eaabff9004bb865dc778db8463137f7661f,data/processed/native/91039-01-03-33.npz,response_specific_EBOUNDS,66b864f01e64af6353d91738255b0597a4a433effb69934a7d75f2e3ece2f77e,xp91039010333.rsp.gz,PCA_OGIP_RATE43_OVERLAP_V1,43,5.0,25.0
91050-05-02-00,45,4.906590938568115,25.000459671020508,f3369cc5b0bf802cfa3304cf36b7fb1f6320f6381ee7294c5f07147a44fc0a93,data/processed/native/91050-05-02-00.npz,response_specific_EBOUNDS,586d5047a305f2545aa4683cbfd28fa1cfcbcc868fe060afc25ae19c4b328412,xp91050050200.rsp.gz,PCA_OGIP_RATE43_OVERLAP_V1,43,5.0,25.0
91050-05-03-00,45,4.9065632820129395,25.00031089782715,62d1861f173b5e674c000ad2e7a2d02da75e0f215eda4060b07b0d22361f83d0,data/processed/native/91050-05-03-00.npz,response_specific_EBOUNDS,0e6fb08aff265628a55764a96cc2a4b977eaa4c8302ad6761c5cf75b08a3d5d4,xp91050050300.rsp.gz,PCA_OGIP_RATE43_OVERLAP_V1,43,5.0,25.0
91050-05-05-00,46,4.762570858001709,25.163795471191406,2f9eca470b6fef7b476863505b55174e609a3fa525d95ff3068a077181b6c99d,data/processed/native/91050-05-05-00.npz,response_specific_EBOUNDS,873837980bc2691162658f5792aba76175c0658643cc57fc54d861643b7974d2,xp91050050500.rsp.gz,PCA_OGIP_RATE43_OVERLAP_V1,43,5.0,25.0
91056-01-02-01,45,4.907897472381592,25.007383346557617,15a3215c75387f366228593b517b41f362430d649e88a808791a5bc02f217eaf,data/processed/native/91056-01-02-01.npz,response_specific_EBOUNDS,2de4e5fef9558e43ea43197c9e714a44179c90a2d511d0cb1b7b8897081f3d5d,xp91056010201.rsp.gz,PCA_OGIP_RATE43_OVERLAP_V1,43,5.0,25.0
91056-01-03-09,45,4.907556533813477,25.005577087402344,b738c3e4e18cc04cff95dcc5ea31d834b2869a6d87878466e33163dbf4206cd3,data/processed/native/91056-01-03-09.npz,response_specific_EBOUNDS,da93a35c8adcdf1b97128e0d3c052cdc169e900dc156c34b714b60a88736700c,xp91056010309.rsp.gz,PCA_OGIP_RATE43_OVERLAP_V1,43,5.0,25.0
91057-01-03-01,46,4.90562629699707,25.853422164916992,4ca534613bcf2b4e4afc705e23488b816ec232d67d0761967179c80daf24e4d1,data/processed/native/91057-01-03-01.npz,response_specific_EBOUNDS,f86bd2060fada6138cd4e9711078b907a7279d5b6a4075c6d0f739262ccf4853,xp91057010301.rsp.gz,PCA_OGIP_RATE43_OVERLAP_V1,43,5.0,25.0
91057-01-05-04,46,4.905143737792969,25.850770950317383,be9d3da60c1294ebf1b673886cdcafc0fe7c47cbc1c2574b31bacab720565f58,data/processed/native/91057-01-05-04.npz,response_specific_EBOUNDS,dc64c908d565762cde35332e61bfe3d7d16714f30626f4045238c6a9de244319,xp91057010504.rsp.gz,PCA_OGIP_RATE43_OVERLAP_V1,43,5.0,25.0
91057-01-08-00,46,4.904718399047852,25.84843635559082,b1f8c2ff6021ffef338c5b896b73361e4fba7df302d99601399ab364e9cd40a6,data/processed/native/91057-01-08-00.npz,response_specific_EBOUNDS,5432afb8183d442eb0719fcf6b4606a93efc5c3be42c22f040bbae3ff5e4a563,xp91057010800.rsp.gz,PCA_OGIP_RATE43_OVERLAP_V1,43,5.0,25.0
91057-01-11-00,46,4.9040093421936035,25.844545364379883,96fc4fe68d5efd4f5d8ad0b78b2f8aa14d1d27c5cb6f5d26672b922033953441,data/processed/native/91057-01-11-00.npz,response_specific_EBOUNDS,ec9a2aa61cdc2a81af9d76506ba88110aa6831a3d3265da1d6e12f6f5a3898cd,xp91057011100.rsp.gz,PCA_OGIP_RATE43_OVERLAP_V1,43,5.0,25.0
91059-03-03-00,46,4.906307697296143,25.857160568237305,1eb0d7cf8cfb7beb71ba2ff603fb5d60fda3a2546e6b7a4df1afd68d4f8c027d,data/processed/native/91059-03-03-00.npz,response_specific_EBOUNDS,c03b969e2c3c07ad2701200b3dd28992fee76c4fc3a40cf8335164e9907d2e7d,xp91059030300.rsp.gz,PCA_OGIP_RATE43_OVERLAP_V1,43,5.0,25.0
91105-04-08-00,45,4.909858226776123,25.017776489257812,688b969ad8dc11785bef3fa9ce39034954d1810ff306c34fba1813bd6ee894b1,data/processed/native/91105-04-08-00.npz,response_specific_EBOUNDS,1b55364fc0d546d12279dee4a451ff4bbf7bfe6ce31f7800c4ed0ad4afc27515,xp91105040800.rsp.gz,PCA_OGIP_RATE43_OVERLAP_V1,43,5.0,25.0
91105-04-27-00,45,4.907840728759766,25.007083892822266,61058f22c878b46fd91fa1e002c69642b714e97a1e511c8bdae5f05fd7402e2a,data/processed/native/91105-04-27-00.npz,response_specific_EBOUNDS,d1a9a06f01dbb4cb35508378e15ec14df7c8e00e1a7975f54a64011da8c50ae6,xp91105042700.rsp.gz,PCA_OGIP_RATE43_OVERLAP_V1,43,5.0,25.0
91105-04-70-00,46,4.90361213684082,25.842363357543945,9bb1fa96b80d5ac2b0c4d37fc71abbf99ee89aaa6baa218696d336f56d0da52d,data/processed/native/91105-04-70-00.npz,response_specific_EBOUNDS,a60957542c884567f856100c0e9ccb2dd9321e49208ba41b5b47165d6d456ae5,xp91105047000.rsp.gz,PCA_OGIP_RATE43_OVERLAP_V1,43,5.0,25.0
91152-06-01-10,46,4.754586696624756,25.135154724121094,ac5f44996fa466b54fd20a3e9476d3d91f13a185d42dc4ef425a5dc94d249fc3,data/processed/native/91152-06-01-10.npz,response_specific_EBOUNDS,0ea1364033dd0dd8ea86b5b34f6e588a3834bbf0faf7c8679962c99f4118f0dd,xp91152060110.rsp.gz,PCA_OGIP_RATE43_OVERLAP_V1,43,5.0,25.0
91152-06-02-00,46,4.889503479003906,25.76492691040039,0084284bd65be092a220e2673783e20101e5081d997e589cc02e017cf48f8a51,data/processed/native/91152-06-02-00.npz,response_specific_EBOUNDS,e4eb70ada9c4d592610969a748ff8e9c4b41b2679981f402fc2498f11d7e47ee,xp91152060200.rsp.gz,PCA_OGIP_RATE43_OVERLAP_V1,43,5.0,25.0
91405-01-27-00,46,4.905086994171143,25.850461959838867,7b0a7c8b720b1c6afe4bdec3c09e559447499f42c9f8f6662ec81fc38ad2a481,data/processed/native/91405-01-27-00.npz,response_specific_EBOUNDS,d91833dfe993f06d56e69ba963f6a3a290743979249d25c965c67fa13822ae82,xp91405012700.rsp.gz,PCA_OGIP_RATE43_OVERLAP_V1,43,5.0,25.0
91405-01-41-00,46,4.902336597442627,25.83536148071289,303882bb6c5db5cdf749bbc7211b734038fdef41ca6df0238d79df99e32bc91c,data/processed/native/91405-01-41-00.npz,response_specific_EBOUNDS,a1225a7da7a35668c02203378ddcf6e7c0937f44e9b841394585796c2a14b0b6,xp91405014100.rsp.gz,PCA_OGIP_RATE43_OVERLAP_V1,43,5.0,25.0
91414-01-05-00,46,4.90406608581543,25.8448543548584,a00100c7860ebb8d0fe4589d0144b75fa56b9560b37dc7d32ea531413941cfda,data/processed/native/91414-01-05-00.npz,response_specific_EBOUNDS,63f834e51ba7b4d0e24b37e20c55d46ffb2651ae5c0f151523c9d7f3cff06b4a,xp91414010500.rsp.gz,PCA_OGIP_RATE43_OVERLAP_V1,43,5.0,25.0
91414-01-09-07,46,4.770185470581055,25.19111442565918,d294ee438c0a6d05d2a2899f701db6eeafff47292ebf4984f4bc6d7fd708f94a,data/processed/native/91414-01-09-07.npz,response_specific_EBOUNDS,f6999cb6a22c73ffbf81dc28d801aaa5867999c81c893ae27b14e7bc5e92e3ad,xp91414010907.rsp.gz,PCA_OGIP_RATE43_OVERLAP_V1,43,5.0,25.0
91418-01-03-01,45,4.907073974609375,25.003019332885742,459b1f94641a0e1a4853b054a0fb03004ef65876dfc818ba912fd06f8d02f694,data/processed/native/91418-01-03-01.npz,response_specific_EBOUNDS,9ff0ecc361269594391052726b9b46747c5f2e276e5aef615f61fc50a2831d91,xp91418010301.rsp.gz,PCA_OGIP_RATE43_OVERLAP_V1,43,5.0,25.0
91418-01-06-03,46,4.9063639640808105,25.857471466064453,40832e0d316de518c19a5f939b5a14ab7745b16bf3732499f9923f8734a30f0f,data/processed/native/91418-01-06-03.npz,response_specific_EBOUNDS,f1a1714ab00f79784805bebca36adcf344654900bd4b2b4ca6b14fbd11769bbd,xp91418010603.rsp.gz,PCA_OGIP_RATE43_OVERLAP_V1,43,5.0,25.0
91422-01-01-00,45,4.9072723388671875,25.004070281982422,fb400707efaa38ecf8d280f33b26a7e01e075a4e492a37811c6e0a0855689e40,data/processed/native/91422-01-01-00.npz,response_specific_EBOUNDS,078d10ca538e25895d4192abd40625d5afd94a8cc29bee774bb4be11fb35833b,xp91422010100.rsp.gz,PCA_OGIP_RATE43_OVERLAP_V1,43,5.0,25.0
91422-01-01-02,45,4.9072160720825195,25.00377082824707,2d78e79c1d488c09d668ba8972a90f0f974b9015e49d77863fb8e8384f2dc64b,data/processed/native/91422-01-01-02.npz,response_specific_EBOUNDS,5a10c20da3e4f54e10075d6b4d52596728e1300f308b028df5bf7e646ef2a3c0,xp91422010102.rsp.gz,PCA_OGIP_RATE43_OVERLAP_V1,43,5.0,25.0
91422-01-01-03,45,4.907159328460693,25.00347137451172,6aa4c72e0d85e16ebc35b28b8825b6fc7baa4fe63e539ad004f0f02c1f39c93b,data/processed/native/91422-01-01-03.npz,response_specific_EBOUNDS,1dc14c01a6b6b311751eebb4a5e345c1580c4398e9f8ef64c4ce37cb7173e211,xp91422010103.rsp.gz,PCA_OGIP_RATE43_OVERLAP_V1,43,5.0,25.0
91425-01-04-02,46,4.903215408325195,25.840185165405273,cfac630fc6759fa50f1203440d42a781ee2c6067d4efaca60b3689b886ee76e4,data/processed/native/91425-01-04-02.npz,response_specific_EBOUNDS,ca1c248389d885ba6d4b383564f54898828091989454fa6f076ad79086ce076c,xp91425010402.rsp.gz,PCA_OGIP_RATE43_OVERLAP_V1,43,5.0,25.0
92023-01-42-10,46,4.892268180847168,25.780099868774414,10ea00d2a19980f59cc580aaa56161945f328b73fc5c50e94ae41742e3f835b7,data/processed/native/92023-01-42-10.npz,response_specific_EBOUNDS,0b20ec094e67db834f00ee1c6cb77b19497f84dcc92c93d36a841a1432649073,xp92023014210.rsp.gz,PCA_OGIP_RATE43_OVERLAP_V1,43,5.0,25.0
92023-01-43-00,46,4.897749900817871,25.810182571411133,8cfb4f720ab94d65da7d78c91cb8cd8b03d8b1d8cf1199e2b4b471f4b5f1467b,data/processed/native/92023-01-43-00.npz,response_specific_EBOUNDS,7d98d1a12331057142b7c1744bdc23f5b5890a71569965b48bec58ca2e1492e1,xp92023014300.rsp.gz,PCA_OGIP_RATE43_OVERLAP_V1,43,5.0,25.0
92023-01-93-00,46,4.894922733306885,25.794666290283203,9e0988bead128b07652cc25d7c6250498e0d47980d64e75a6edd84e8a3af8fed,data/processed/native/92023-01-93-00.npz,response_specific_EBOUNDS,2a831598e5be7eb3e1c49ff433db53e0a38d5b2dd80b89229d5b6edf48a3772e,xp92023019300.rsp.gz,PCA_OGIP_RATE43_OVERLAP_V1,43,5.0,25.0
92023-01-94-10,46,4.88679838180542,25.750083923339844,02ddd4e63970c80700bed40cd7d1b408b2b26e3e67e8dae27a0ddf7998bb8b6e,data/processed/native/92023-01-94-10.npz,response_specific_EBOUNDS,3fa3800c59a5195d5821e3ac217141f3a412db2a8316f901ca40b8e1201106de,xp92023019410.rsp.gz,PCA_OGIP_RATE43_OVERLAP_V1,43,5.0,25.0
92023-02-08-00,46,4.899759292602539,25.821212768554688,dfcab337c0aeb8d856f5bb6cd4b654b2bd7b173512aa53b7b3be05a7b29b72a7,data/processed/native/92023-02-08-00.npz,response_specific_EBOUNDS,03a0fa7e71fc59c9fcfb79531131798fc162beadf9d67edacc8bd8729496d77e,xp92023020800.rsp.gz,PCA_OGIP_RATE43_OVERLAP_V1,43,5.0,25.0
92023-03-07-00,46,4.899787425994873,25.821367263793945,10dae717669b1547567f788936072a87a22bb9726bf73060dbb88e9e06824d50,data/processed/native/92023-03-07-00.npz,response_specific_EBOUNDS,084340ca4e6535558a12594cb41e390df485732b10abbe33572278ba552336f7,xp92023030700.rsp.gz,PCA_OGIP_RATE43_OVERLAP_V1,43,5.0,25.0
92023-03-09-10,46,4.751716613769531,25.124860763549805,fed7d58eec71f132132e05d45d0422bbfd25182ccfaa685696aa3e60ed8eb6ff,data/processed/native/92023-03-09-10.npz,response_specific_EBOUNDS,574bc2f358f14364f009c01e94bdcf454fb1ea7770b477088d1752aab5f1324b,xp92023030910.rsp.gz,PCA_OGIP_RATE43_OVERLAP_V1,43,5.0,25.0
92023-03-22-00,46,4.898938179016113,25.81670570373535,b3c2a87dd8cd5d4051c98de2a94c914fbdb99610bf3099f810860ce6b1359a3f,data/processed/native/92023-03-22-00.npz,response_specific_EBOUNDS,6eac7ae350542c3059e4aa6d4f7766748ba8e5956d3a6b78744ffb5e6f179770,xp92023032200.rsp.gz,PCA_OGIP_RATE43_OVERLAP_V1,43,5.0,25.0
92023-03-22-10,46,4.893397331237793,25.78629493713379,a81417d6a32f7ccdddca5c8eb4f8ed3c04ba3acc08428e16d7d6fe8505bade1b,data/processed/native/92023-03-22-10.npz,response_specific_EBOUNDS,e15f767be573b82e096f860cac4d7f068c25c8618af381347ff2ec2d5169ce8c,xp92023032210.rsp.gz,PCA_OGIP_RATE43_OVERLAP_V1,43,5.0,25.0
92023-03-33-00,46,4.8983154296875,25.81328773498535,5bc750c4bfd387d3985d30472a378b6c016a969dec02d9232388f2ed5647d553,data/processed/native/92023-03-33-00.npz,response_specific_EBOUNDS,10eb6cf6df089cb9601feaa38769adfe3f73d2887ce704b1e18adb096fd3c2bb,xp92023033300.rsp.gz,PCA_OGIP_RATE43_OVERLAP_V1,43,5.0,25.0
92023-03-33-10,46,4.891082763671875,25.773591995239258,01ea896c2ee192909969b7f007b7d0a3250188b8dfe9beebd9d852432988d681,data/processed/native/92023-03-33-10.npz,response_specific_EBOUNDS,76504e8a4f5a280bff70e0ccbc55244ccf76cdcaee87e287fcfe0ef298bc0609,xp92023033310.rsp.gz,PCA_OGIP_RATE43_OVERLAP_V1,43,5.0,25.0
92023-03-46-10,46,4.890349388122559,25.769569396972656,757c30ef8fc548ff3d3a820c40858938cae6cac782927e8c1a56bb0368db9393,data/processed/native/92023-03-46-10.npz,response_specific_EBOUNDS,59f4a3dfc173fde320c2177d4833e52847448bc24ca7ffc66166b523a7e53541,xp92023034610.rsp.gz,PCA_OGIP_RATE43_OVERLAP_V1,43,5.0,25.0
92023-03-47-00,46,4.889559745788574,25.765235900878906,8a2d24eeb16b3542301485812f62a4da4b9c9f5dfd2a0d2bcbf977c8c8213793,data/processed/native/92023-03-47-00.npz,response_specific_EBOUNDS,7c77fb7ae22e7d0a6e32b2bd01b868417dfb522a58e7fd0401f203f2e3092abf,xp92023034700.rsp.gz,PCA_OGIP_RATE43_OVERLAP_V1,43,5.0,25.0
92023-03-52-00,46,4.89724063873291,25.807388305664062,b9e0948a50eec701a1356c57d5ab846edee530b810040d9b47624677fa07866f,data/processed/native/92023-03-52-00.npz,response_specific_EBOUNDS,fae5a1b7267945c0750935e3811051ca52530078a01ccd0e16f60eaae8a782c4,xp92023035200.rsp.gz,PCA_OGIP_RATE43_OVERLAP_V1,43,5.0,25.0
92023-03-59-10,46,4.88893985748291,25.76183319091797,15f88e82b387af093cdc0b8025160b25e566d377bb0d84de7ba3e6138e1f112f,data/processed/native/92023-03-59-10.npz,response_specific_EBOUNDS,8f78e853b19907f2a8869cb9aa4c5e2df4ad27d947043a04d6114a8b1357249d,xp92023035910.rsp.gz,PCA_OGIP_RATE43_OVERLAP_V1,43,5.0,25.0
92023-03-68-00,46,4.888150691986084,25.757503509521484,750ccf94e2e5636509b3b2eec89318ebf23b62e69071b1525af62296bcd21179,data/processed/native/92023-03-68-00.npz,response_specific_EBOUNDS,1e628da6b46251ad9da3365d8a7b7868d9a21db7ef86a5511cc13b765221dcc9,xp92023036800.rsp.gz,PCA_OGIP_RATE43_OVERLAP_V1,43,5.0,25.0
92023-03-74-10,46,4.887361526489258,25.753173828125,7eac75bd63d0d84538fd326f10388754a9609dd0f0c0b4fa41b542b4c10d953d,data/processed/native/92023-03-74-10.npz,response_specific_EBOUNDS,5d9d3383744e6a588e8401f42dcec4bf6b7990557c2ccb147e58166a310d14c1,xp92023037410.rsp.gz,PCA_OGIP_RATE43_OVERLAP_V1,43,5.0,25.0
92023-03-81-00,46,4.89560079574585,25.79838752746582,1d1ebd2f05e4b0399c4dfe22a2fb9f29ccbf4a31d0754f076106502f9bd97322,data/processed/native/92023-03-81-00.npz,response_specific_EBOUNDS,a8057c93b25b4255c9f7acf172709f6b77b117c10444f24108d9c9d11245f5b7,xp92023038100.rsp.gz,PCA_OGIP_RATE43_OVERLAP_V1,43,5.0,25.0
92023-03-88-10,46,4.886573314666748,25.74884796142578,4ed7f5008912ed0f12009a2fa71926ffc8b113f577dd3f5daa3ad1d0aa81862d,data/processed/native/92023-03-88-10.npz,response_specific_EBOUNDS,a8250582e0574eb1f9032ab3258284c920ff1fc0ad0d2fcc4f81135c21b15101,xp92023038810.rsp.gz,PCA_OGIP_RATE43_OVERLAP_V1,43,5.0,25.0
92023-03-94-00,46,4.894865989685059,25.794357299804688,ff5cfd853dcd82503dad25d757ffbabca9eb8e92ab62e17ae2cecec949d8b83f,data/processed/native/92023-03-94-00.npz,response_specific_EBOUNDS,b98f42f0b8f7a95ee9c0863af71b8b9e9a8d0b4d4a2f2bb954c5eeaed6ac3178,xp92023039400.rsp.gz,PCA_OGIP_RATE43_OVERLAP_V1,43,5.0,25.0
92034-01-05-06,46,4.895431041717529,25.797456741333008,8e3e4af259258da9d1c8ea1f09fa060341a9662cdfa5b932742d6e7620ff5b26,data/processed/native/92034-01-05-06.npz,response_specific_EBOUNDS,e6b2bc4413553f7e677f7399eb0d8a0d4c90216ac1802ffd5402cc6a29d6bdce,xp92034010506.rsp.gz,PCA_OGIP_RATE43_OVERLAP_V1,43,5.0,25.0
92035-01-02-06,46,4.890490531921387,25.770341873168945,83db2fac2e56a867430c6dfba2a1db906d1f84c28c84376c909c557edd3bdcb6,data/processed/native/92035-01-02-06.npz,response_specific_EBOUNDS,f7f61648cc844e1e88d65011ca49babe7784a73442643fe832534eb8fdd47dcc,xp92035010206.rsp.gz,PCA_OGIP_RATE43_OVERLAP_V1,43,5.0,25.0
92038-01-05-01,46,4.883364677429199,25.731243133544922,406e2afea714aeab5c02474eab92222c5420460199018a26ca065a5341342bf1,data/processed/native/92038-01-05-01.npz,response_specific_EBOUNDS,01652877ea6886077fb28cfcb140cf002c8210acdc2ef1deade292fefe99befc,xp92038010501.rsp.gz,PCA_OGIP_RATE43_OVERLAP_V1,43,5.0,25.0
92038-01-10-02,46,4.8832244873046875,25.730472564697266,fadfd2be0d62fd1c9e55d16a486a9d49edfe4c2961f5bb6da78e85a63aee02eb,data/processed/native/92038-01-10-02.npz,response_specific_EBOUNDS,4af05a65c12062c91d0418eaea4a03d786dcb9840924b2680877e5deb4ec6f6c,xp92038011002.rsp.gz,PCA_OGIP_RATE43_OVERLAP_V1,43,5.0,25.0
92039-01-02-03,46,4.756054878234863,25.14042091369629,c709a2a0b3450c1ee40be201429f790c5434e9156ee2789c8db11ad049c60915,data/processed/native/92039-01-02-03.npz,response_specific_EBOUNDS,192c80e08d5d8fdc57f68f66caa52e7496e42a0a68d43d546835ae8b69596a1c,xp92039010203.rsp.gz,PCA_OGIP_RATE43_OVERLAP_V1,43,5.0,25.0
92049-01-04-00,46,4.900269031524658,25.824010848999023,b4571f6a0568e8ff12853d122a6cd546fb7ab3e08b743b4e60787ba7a1e628dc,data/processed/native/92049-01-04-00.npz,response_specific_EBOUNDS,091cd3ed1cb23d1744342bb1c417bbd960aa860f45470df9cd7382c70d917754,xp92049010400.rsp.gz,PCA_OGIP_RATE43_OVERLAP_V1,43,5.0,25.0
92049-01-14-00,46,4.7611002922058105,25.158519744873047,422d74130b8db5856d50355083c2bcf306d13200bb71b610a01f6f677eb67f9a,data/processed/native/92049-01-14-00.npz,response_specific_EBOUNDS,4118565c8f76dce9207b8a5ce1ac6cd216067178001aaef7411be8dce2b045e6,xp92049011400.rsp.gz,PCA_OGIP_RATE43_OVERLAP_V1,43,5.0,25.0
92049-01-26-00,46,4.755735874176025,25.1392765045166,5f1bc812350ea37adc67721b382ef4878378a328b4fdd3dfc9da13c35d78f924,data/processed/native/92049-01-26-00.npz,response_specific_EBOUNDS,9c19283bc8984ce2ea4fb8cbd9397284d713ed568c6143179a73409aea3eecf0,xp92049012600.rsp.gz,PCA_OGIP_RATE43_OVERLAP_V1,43,5.0,25.0
92049-01-37-00,46,4.893735885620117,25.78815460205078,23e95454c90304ee4cfa9baf577abbeba17b435f044f3f3973c6fdc2f56a4088,data/processed/native/92049-01-37-00.npz,response_specific_EBOUNDS,e0f7af8f0952d428bf8db79b6c8a55c150a53812015ea4bcbe46be52f9bdf180,xp92049013700.rsp.gz,PCA_OGIP_RATE43_OVERLAP_V1,43,5.0,25.0
92049-01-49-00,46,4.8897857666015625,25.766475677490234,7128df51c0e4c7e66efbcaf0d2a1f7ffbc375775f9843730d1dabe9097cb8149,data/processed/native/92049-01-49-00.npz,response_specific_EBOUNDS,29c71bddd3f7c4df52a074011fcb349d00da348299a19d308df89ab8e24c26cf,xp92049014900.rsp.gz,PCA_OGIP_RATE43_OVERLAP_V1,43,5.0,25.0
92049-01-61-00,46,4.88744592666626,25.753637313842773,d4ae058aa9bbc63b876376fb827aeece57aa38bc69f0239f18498b096cb10271,data/processed/native/92049-01-61-00.npz,response_specific_EBOUNDS,5b845aca307fdffb281e1fd0483a00401fd72cecbbabb081b15e5ad8a321e1de,xp92049016100.rsp.gz,PCA_OGIP_RATE43_OVERLAP_V1,43,5.0,25.0
92052-02-01-00,46,4.897891044616699,25.810958862304688,0e2576e33e4c75988807de826cee42502f6fff30cb35e89ee3851499560b3162,data/processed/native/92052-02-01-00.npz,response_specific_EBOUNDS,da7d620e6824c5054e7b52950f1ff7d880129088b02cfa7f590ab508375f7bb7,xp92052020100.rsp.gz,PCA_OGIP_RATE43_OVERLAP_V1,43,5.0,25.0
92085-02-01-00,46,4.889447212219238,25.764617919921875,4a0f01f002273a24e3618de8dab4b9acf4616c4d371d4fc18fc702f4962f0c96,data/processed/native/92085-02-01-00.npz,response_specific_EBOUNDS,b2c43d724736c5a565ed785e8de4571592007821ff3be37e1d74690762ddcacc,xp92085020100.rsp.gz,PCA_OGIP_RATE43_OVERLAP_V1,43,5.0,25.0
92401-01-11-03,46,4.886573314666748,25.74884796142578,4ed7f5008912ed0f12009a2fa71926ffc8b113f577dd3f5daa3ad1d0aa81862d,data/processed/native/92401-01-11-03.npz,response_specific_EBOUNDS,97f30bd350eb76f771203870cf84075941b9c7990a64717e8d7231bc20491afe,xp92401011103.rsp.gz,PCA_OGIP_RATE43_OVERLAP_V1,43,5.0,25.0
92411-01-01-02,46,4.894555568695068,25.792652130126953,06a5cbda525c2ca9666a850f92dde4911a574e2fe9888d14378cb83230606246,data/processed/native/92411-01-01-02.npz,response_specific_EBOUNDS,0781b1aa505008bb6f5a472eabc3b8f290e998bc9fa90170d88d4cb339d2cf1d,xp92411010102.rsp.gz,PCA_OGIP_RATE43_OVERLAP_V1,43,5.0,25.0
92411-01-07-02,46,4.893227577209473,25.785364151000977,a988e5ac1f3b95bcd8317c556d7c164f9a476f5f8bb55552ca129a7c412f0344,data/processed/native/92411-01-07-02.npz,response_specific_EBOUNDS,1e9df6733f0b38daebf2cea3f46d5286e18fbcd4d84937d31a984c1cc0225c2c,xp92411010702.rsp.gz,PCA_OGIP_RATE43_OVERLAP_V1,43,5.0,25.0
92411-01-10-00,46,4.89252233505249,25.781492233276367,86ce1a809d5dcb056001ab9a5b5cf4f40e5953dbd7561091226dc41a2070c002,data/processed/native/92411-01-10-00.npz,response_specific_EBOUNDS,59078a2a102c237e2f2940d9bf4e4d7c51dce7599b022bb1cb162524b4ee0678,xp92411011000.rsp.gz,PCA_OGIP_RATE43_OVERLAP_V1,43,5.0,25.0
92420-01-03-00,46,4.8928327560424805,25.78319549560547,5b42af301d8a88129f391acd4fb8ea090b4092499cede110b573477cd26bd728,data/processed/native/92420-01-03-00.npz,response_specific_EBOUNDS,afd50b029b116901993bb3726a3baafd0f0686b4e9374e7d71fe4001cd6a27bb,xp92420010300.rsp.gz,PCA_OGIP_RATE43_OVERLAP_V1,43,5.0,25.0
92427-01-01-00,46,4.891252040863037,25.774520874023438,efb1e3f8a0ab87c0ea1bd45345905a11f9c244024a2872821e98523c42dd2c92,data/processed/native/92427-01-01-00.npz,response_specific_EBOUNDS,5f04a4000c4f48ff0eb4c77301fce5c6b7f849ca4af8fc9e0be8ad8572504be6,xp92427010100.rsp.gz,PCA_OGIP_RATE43_OVERLAP_V1,43,5.0,25.0
92704-03-11-00,46,4.887812614440918,25.755647659301758,005e5c554e7d46e99b0a294fffe2863176c0819c3e052675a4d4a294b7b54900,data/processed/native/92704-03-11-00.npz,response_specific_EBOUNDS,4cf11380df06d361799eb360dd2bde36bec21245ff6af6ac968ee33cfa93d7ae,xp92704031100.rsp.gz,PCA_OGIP_RATE43_OVERLAP_V1,43,5.0,25.0
92704-03-32-00,46,4.886911392211914,25.750701904296875,6d5e97920294da309af6adb4974a8e691554ec018122b71d2cca05ca1dafb800,data/processed/native/92704-03-32-00.npz,response_specific_EBOUNDS,af2c5b6a52717b78967d86092782c431f37eacbdc81ad1bb3f91f84ab3c0a6de,xp92704033200.rsp.gz,PCA_OGIP_RATE43_OVERLAP_V1,43,5.0,25.0
93013-07-06-02,46,4.874802589416504,25.68427085876465,7a706035758a3da53da4f1a4601c238d763ecb00414a9cfc19f2930865a1ba60,data/processed/native/93013-07-06-02.npz,response_specific_EBOUNDS,7bd3123832f2bb28c59045c3c56b5a2acd1bccef232e09bafcf8633ff0dc84e8,xp93013070602.rsp.gz,PCA_OGIP_RATE43_OVERLAP_V1,43,5.0,25.0
93013-07-12-00,46,4.874661922454834,25.683500289916992,ab8efb1ba56f3af8bdc804745af77fce57d7e285d0dc51e659c82ff2696903f4,data/processed/native/93013-07-12-00.npz,response_specific_EBOUNDS,4d44b2ac433fb8e3b1164bc25d3661bbc5de8835607073e617f8b35b6463fec0,xp93013071200.rsp.gz,PCA_OGIP_RATE43_OVERLAP_V1,43,5.0,25.0
93013-07-18-00,46,4.873793601989746,25.67873764038086,1fefbb418d4a44fc684dcf838df07e44f87b022419ec4396a9b26e64f9553288,data/processed/native/93013-07-18-00.npz,response_specific_EBOUNDS,7344c62ff1d08ce38d242bcbb0fe26a62eee427f0d8e0db48e0e6b7e49340d34,xp93013071800.rsp.gz,PCA_OGIP_RATE43_OVERLAP_V1,43,5.0,25.0
93013-07-22-02,46,4.873401165008545,25.676586151123047,5a16819076b94cb9c5b4ec63d1c288fde9e5f3bd42fb8fde59026deb4c868b95,data/processed/native/93013-07-22-02.npz,response_specific_EBOUNDS,28681de3e119a788ec64e71d389dab33e130d5c17a86f2dfd78a0ce70d25529f,xp93013072202.rsp.gz,PCA_OGIP_RATE43_OVERLAP_V1,43,5.0,25.0
93027-01-02-00,46,4.873737335205078,25.678428649902344,a4b421ae7f97bbd424887010eaecdaf83336bac081437a756e96ca0e72ec88fd,data/processed/native/93027-01-02-00.npz,response_specific_EBOUNDS,fbb8f64ac67796b232c1130cc2ddcc8a50c6b21d6e2f9e1d4fec0ff179bb3d0b,xp93027010200.rsp.gz,PCA_OGIP_RATE43_OVERLAP_V1,43,5.0,25.0
93027-01-03-05,46,4.873401165008545,25.676586151123047,5a16819076b94cb9c5b4ec63d1c288fde9e5f3bd42fb8fde59026deb4c868b95,data/processed/native/93027-01-03-05.npz,response_specific_EBOUNDS,2e65e353e650d3e8ed4857c756c81ee4b15590204c121e3bb509bfb0a9f3a652,xp93027010305.rsp.gz,PCA_OGIP_RATE43_OVERLAP_V1,43,5.0,25.0
93027-01-05-01,46,4.873121738433838,25.675050735473633,39bf1ab900ef513178951ada072e788c655a1d10c7fcc5db3f004c2108954372,data/processed/native/93027-01-05-01.npz,response_specific_EBOUNDS,c4e5058004bb38cd01bb96a148559f7b8e926922a1b666ea7c46520ce5e2e1c8,xp93027010501.rsp.gz,PCA_OGIP_RATE43_OVERLAP_V1,43,5.0,25.0
93027-01-06-06,46,4.872869491577148,25.673667907714844,77477dc465d6c861ce0fa4741c6e6cfefa7f6a536fc05074a6f15c3289f4164b,data/processed/native/93027-01-06-06.npz,response_specific_EBOUNDS,16e413c3ae4c4c78916ee5718be0b0aed5279ccd2d146e233f114d93679d4ea3,xp93027010606.rsp.gz,PCA_OGIP_RATE43_OVERLAP_V1,43,5.0,25.0
93030-01-03-00,46,4.88601016998291,25.745756149291992,81bfd83c87a35034cf5b0739e2e4f38c697a7d1d0ee436ca5ddfb161dedb61ce,data/processed/native/93030-01-03-00.npz,response_specific_EBOUNDS,879b566db47c10746ba6694c86334cc241928148ed65b22d0dedf909ccd2537d,xp93030010300.rsp.gz,PCA_OGIP_RATE43_OVERLAP_V1,43,5.0,25.0
93030-01-15-00,46,4.883730411529541,25.73324966430664,256cc31231b0478102c94318c38481514c5ffa31aea721a837929bb7560e98d5,data/processed/native/93030-01-15-00.npz,response_specific_EBOUNDS,5376fd2476e91710fd1556da7783392d297fe3078624717648618393c5f3abca,xp93030011500.rsp.gz,PCA_OGIP_RATE43_OVERLAP_V1,43,5.0,25.0
93030-01-25-01,46,4.880133152008057,25.71351432800293,766f3a59daa9f591fdaebab08c38edcfc23e87d0dfecb90a0c87e707acdd356c,data/processed/native/93030-01-25-01.npz,response_specific_EBOUNDS,3b39a6b225c2d2098cc1570844191bf79b1e73a5373722d21d6dccd8033c6d63,xp93030012501.rsp.gz,PCA_OGIP_RATE43_OVERLAP_V1,43,5.0,25.0
93030-01-37-00,46,4.877802848815918,25.700729370117188,9746995e67d37bf3cd44652170f340b5790c52f7576b861e176b067301d85f39,data/processed/native/93030-01-37-00.npz,response_specific_EBOUNDS,f704a3ef161e7a1663574059bfb63e167166c4509e566293d3cc7c622ab311ca,xp93030013700.rsp.gz,PCA_OGIP_RATE43_OVERLAP_V1,43,5.0,25.0
93030-01-48-00,46,4.87567138671875,25.68903923034668,2290e26eb2358e9e58a3fd41f32a422e7e052493fc4bdb02b5b0f93ddacdfc81,data/processed/native/93030-01-48-00.npz,response_specific_EBOUNDS,bb80582c656e02c8ee187378f5c762339b7a0ffc51602d907879bbab55fd6970,xp93030014800.rsp.gz,PCA_OGIP_RATE43_OVERLAP_V1,43,5.0,25.0
93044-02-01-00,46,4.885447025299072,25.74266815185547,a889997a059352017acee25d1457b53dd54ef1ded76483ea6a253b62fe4c0250,data/processed/native/93044-02-01-00.npz,response_specific_EBOUNDS,4764292bc09746dbf488901108b31972e98e2be61b7143d51836b5a3fa2889aa,xp93044020100.rsp.gz,PCA_OGIP_RATE43_OVERLAP_V1,43,5.0,25.0
93044-02-02-00,46,4.88536262512207,25.742204666137695,5c2975f72ed322ca8f28d0725da9b629e99a9f40b641f38ca7b55e47a7ef78ae,data/processed/native/93044-02-02-00.npz,response_specific_EBOUNDS,7a1f6b26ac24a0cf762f55360ea507921375d7af83b581b4820c96a9c0ec73a5,xp93044020200.rsp.gz,PCA_OGIP_RATE43_OVERLAP_V1,43,5.0,25.0
93044-02-03-00,46,4.885278224945068,25.741741180419922,35109ad1fd78c8c6643f52b417a66ac1d926ba8ed95a53b984b2099f28b6ed7f,data/processed/native/93044-02-03-00.npz,response_specific_EBOUNDS,14f0326a9aa141d09d2c274a90fc09ff1ca91e49fc45e3da8edae606ab21c572,xp93044020300.rsp.gz,PCA_OGIP_RATE43_OVERLAP_V1,43,5.0,25.0
93044-02-04-00,46,4.885250091552734,25.741586685180664,2062a667eae72f9769d839a56907ad1e86309cdadb6b7235b1a42958bc9b7012,data/processed/native/93044-02-04-00.npz,response_specific_EBOUNDS,48b85da457f7a9cbf676bce66bad5740dd5232911768a325ffdf34eb738782c8,xp93044020400.rsp.gz,PCA_OGIP_RATE43_OVERLAP_V1,43,5.0,25.0
93044-02-06-00,46,4.885137557983398,25.740970611572266,dcddc8f7debeec0b640ef91ee352d42adfee297ee212a3cf553f43dcd36fc26f,data/processed/native/93044-02-06-00.npz,response_specific_EBOUNDS,6d02bddea9eeaf4bc9abdc814f0643c57750f9f08f04c37484aa55178308654d,xp93044020600.rsp.gz,PCA_OGIP_RATE43_OVERLAP_V1,43,5.0,25.0
93044-02-06-01,46,4.8850812911987305,25.740659713745117,d9a66e8b08f7c3b1447deb2ff0d2f66bb8c90136986e1180c46ef6952128caa0,data/processed/native/93044-02-06-01.npz,response_specific_EBOUNDS,dcbc10e03a4d96e21ab9506ba345688d8faefe441c076a1c9ecb92f46ecb8a1c,xp93044020601.rsp.gz,PCA_OGIP_RATE43_OVERLAP_V1,43,5.0,25.0
93044-02-07-00,46,4.8850531578063965,25.740507125854492,604c54cc08fe00f5d13ea90fec491cfecca7194e0a4e2ccfc916a9fc07a08cf8,data/processed/native/93044-02-07-00.npz,response_specific_EBOUNDS,cdac9cef60287cacc46706bf339244ef498a674bb3e2db7e6b63a408429fcf3e,xp93044020700.rsp.gz,PCA_OGIP_RATE43_OVERLAP_V1,43,5.0,25.0
93044-02-08-00,46,4.8850250244140625,25.740352630615234,2c8dd39251427c73ecb88a27aaa0ee718973d5a50271acc3e38dcd973d43c7cd,data/processed/native/93044-02-08-00.npz,response_specific_EBOUNDS,ec8614123f57bcba105fc403cbfce8bba04a73f0f87e150284b465a0c2e8db68,xp93044020800.rsp.gz,PCA_OGIP_RATE43_OVERLAP_V1,43,5.0,25.0
93044-08-02-00,46,4.879149913787842,25.708120346069336,8dad3be03b782e66124bb5cc9537b671b0a4334a19030b6091ea74fee463bf0d,data/processed/native/93044-08-02-00.npz,response_specific_EBOUNDS,f13ecdbbaefa14178537342ee55f53284d7d29535f8719c3d7b3cdd05a7e1ed4,xp93044080200.rsp.gz,PCA_OGIP_RATE43_OVERLAP_V1,43,5.0,25.0
93044-08-05-00,46,4.879037857055664,25.70750617980957,a164f6e859afb2e76d3dd6aff4df417e000ae980288ab132c8ac599644c3d54f,data/processed/native/93044-08-05-00.npz,response_specific_EBOUNDS,22c6e3e9b6d4b78845000fb27928ac5c1557b9ecd67cded196be96c76c562daf,xp93044080500.rsp.gz,PCA_OGIP_RATE43_OVERLAP_V1,43,5.0,25.0
93044-08-08-01,46,4.87895393371582,25.70704460144043,64f3f470367f4d53c300d4bbfb68697b3e6ee46dc66fe1047a336f54b76def99,data/processed/native/93044-08-08-01.npz,response_specific_EBOUNDS,01ff2ceb9908c11b120968cb37345932baabfaf69cbdd209b29ba1fa5c018c53,xp93044080801.rsp.gz,PCA_OGIP_RATE43_OVERLAP_V1,43,5.0,25.0
93060-01-01-10,46,4.875615119934082,25.68872833251953,d904b08a91c050dfac611979b3e854e1d5524b54bf91eba2ffa08f8e8c3e9c49,data/processed/native/93060-01-01-10.npz,response_specific_EBOUNDS,f8ac01eb538787a2e019bbe4c11882a809d205176993c4d5c76efdcdcbe30518,xp93060010110.rsp.gz,PCA_OGIP_RATE43_OVERLAP_V1,43,5.0,25.0
93060-01-10-00,46,4.885615825653076,25.743595123291016,e6df4d668e1101051c36111dfa2cbc0e1ef0e576f7ad4feae84665279948087d,data/processed/native/93060-01-10-00.npz,response_specific_EBOUNDS,f4502f25d60ff80d690bf205c15c6608ada0baf7f8d291439f30463dad99b9c0,xp93060011000.rsp.gz,PCA_OGIP_RATE43_OVERLAP_V1,43,5.0,25.0
93060-01-14-10,46,4.874157428741455,25.680734634399414,7458e4e9a126275a80e745abe554b875526219e6951eec4935e6726c73e87e96,data/processed/native/93060-01-14-10.npz,response_specific_EBOUNDS,911503034ea250bce7886ca31202c43ef0ae72ddda18d64c4307a736a2b574b2,xp93060011410.rsp.gz,PCA_OGIP_RATE43_OVERLAP_V1,43,5.0,25.0
93060-01-22-00,46,4.884265422821045,25.736183166503906,aa71a22828392efbc55241f7a13c993597b2afbd50d55081d94dc024989a8b9c,data/processed/native/93060-01-22-00.npz,response_specific_EBOUNDS,df99d4704c28be6baedc2ec5b705064228e1c0ae1911b1cc86ae9c46e3215afd,xp93060012200.rsp.gz,PCA_OGIP_RATE43_OVERLAP_V1,43,5.0,25.0
93060-01-28-10,46,4.872589111328125,25.67213249206543,465300a187ef52602ce9522b9a3795a6636f1411aa5d053622b140b3c88a17f7,data/processed/native/93060-01-28-10.npz,response_specific_EBOUNDS,a787e501c03b3fd68e6d4efc1f69401a9908f20594db4305dcfac0fcd73cf105,xp93060012810.rsp.gz,PCA_OGIP_RATE43_OVERLAP_V1,43,5.0,25.0
93060-01-35-00,46,4.882802486419678,25.728158950805664,333dd3c19039b06948de5159decc15ce1b749c32db02d7c6402ffce05e6eef44,data/processed/native/93060-01-35-00.npz,response_specific_EBOUNDS,82b44c337af98b6dd9c1dc157317ca3bbad737cdeda1c655982102a2e3af28f1,xp93060013500.rsp.gz,PCA_OGIP_RATE43_OVERLAP_V1,43,5.0,25.0
93060-01-58-00,46,4.880217552185059,25.71397590637207,9334a6cc084d972e0a21f5a119712bd8340cac7ad6c27b56c2e9673f954e589f,data/processed/native/93060-01-58-00.npz,response_specific_EBOUNDS,31d2703f52ffde3c06bb18479cdb3a79ae034943edf945891d74f2fad87de720,xp93060015800.rsp.gz,PCA_OGIP_RATE43_OVERLAP_V1,43,5.0,25.0
93060-01-71-00,46,4.878756999969482,25.705965042114258,14892289f5bb254e8daf312c975a60896cabb8250dc3d1117077b6339119a080,data/processed/native/93060-01-71-00.npz,response_specific_EBOUNDS,8fe2bdd5ab31a00cedd88d8e9dae00807b0875109d38dce88ade0cc9f76c8e76,xp93060017100.rsp.gz,PCA_OGIP_RATE43_OVERLAP_V1,43,5.0,25.0
93060-01-85-00,46,4.877185821533203,25.697345733642578,28feb45610127b33f835b95439640aa3208bc3ea52a03ffaa0f255ffe91491a7,data/processed/native/93060-01-85-00.npz,response_specific_EBOUNDS,78bba619745e1c798a125bad4681e377bc7087ba790c3977c2d98d8de1af90c0,xp93060018500.rsp.gz,PCA_OGIP_RATE43_OVERLAP_V1,43,5.0,25.0
93076-01-09-00,46,4.887333869934082,25.753021240234375,f4dc01a01c221b48c63ecef7c758d0eccbb46b6bc72d4e33aa3cfb03fa76beaa,data/processed/native/93076-01-09-00.npz,response_specific_EBOUNDS,b9fede3b0e432d127ab2e03e5a67606f3941465cdf2ebf23e21687bc943dcde9,xp93076010900.rsp.gz,PCA_OGIP_RATE43_OVERLAP_V1,43,5.0,25.0
93076-08-02-00,46,4.876287937164307,25.692420959472656,cf905abdc2140618c224142db7b2e3e8b25328177869faa50c8176a1c45cbf36,data/processed/native/93076-08-02-00.npz,response_specific_EBOUNDS,e31880196d26bb6e4a620b48c894f644be942da22874730dcdba82808ff346e6,xp93076080200.rsp.gz,PCA_OGIP_RATE43_OVERLAP_V1,43,5.0,25.0
93082-02-04-02,46,4.882324695587158,25.72553825378418,cd5a8443b7da84427fd82b9a207a155b03ccee449685e633ae2ef9d6b286ced8,data/processed/native/93082-02-04-02.npz,response_specific_EBOUNDS,3493b875d5640bf9c12c089c9b3cc3316c39b7149795f2ab05c08d765cc6365e,xp93082020402.rsp.gz,PCA_OGIP_RATE43_OVERLAP_V1,43,5.0,25.0
93087-01-36-10,46,4.879037857055664,25.70750617980957,a164f6e859afb2e76d3dd6aff4df417e000ae980288ab132c8ac599644c3d54f,data/processed/native/93087-01-36-10.npz,response_specific_EBOUNDS,fad090717bec0785056a16095bf5f7eeeeb46cf9899babb08a124570d7eeb624,xp93087013610.rsp.gz,PCA_OGIP_RATE43_OVERLAP_V1,43,5.0,25.0
93087-01-36-20,46,4.873541831970215,25.67735481262207,a418c9eced85e1d3cde32f76fa2adb6e8fbc92b033c956a34362707275f9d724,data/processed/native/93087-01-36-20.npz,response_specific_EBOUNDS,e5dd84602301c2dabebe878893aa2f5ee832fb73b5641579c39aac83a077f031,xp93087013620.rsp.gz,PCA_OGIP_RATE43_OVERLAP_V1,43,5.0,25.0
93087-01-41-00,46,4.884265422821045,25.736183166503906,aa71a22828392efbc55241f7a13c993597b2afbd50d55081d94dc024989a8b9c,data/processed/native/93087-01-41-00.npz,response_specific_EBOUNDS,0948e208a434c4951407d2274d258ade2158d493e91c1bb7c3bf0a7dbe3e32a9,xp93087014100.rsp.gz,PCA_OGIP_RATE43_OVERLAP_V1,43,5.0,25.0
93087-01-83-10,46,4.876400470733643,25.693037033081055,792a67c5f1da9e1dd5c17cd9ccd3d235a8e6c1bd5ecd2c888f5497dabacc540f,data/processed/native/93087-01-83-10.npz,response_specific_EBOUNDS,e0f51a8b3c9a584dec480be58b4e240561353ee8decc33cbaba3d26f72e6fd4a,xp93087018310.rsp.gz,PCA_OGIP_RATE43_OVERLAP_V1,43,5.0,25.0
93087-01-87-00,46,4.881678104400635,25.721988677978516,a00a5f93aef878f2dbdbfb39c9247b27105ead4b6de20276e435ff19f51e9d9c,data/processed/native/93087-01-87-00.npz,response_specific_EBOUNDS,aacdda999c151004de90315e89b85b795ca93cff09171f43f07cfd2bac43502d,xp93087018700.rsp.gz,PCA_OGIP_RATE43_OVERLAP_V1,43,5.0,25.0
93089-20-01-00,46,4.8849406242370605,25.73988914489746,367c374938308ba30a3ea031bfd321aa0a173e0b9be6ac381b327d7bd6bbc06b,data/processed/native/93089-20-01-00.npz,response_specific_EBOUNDS,e2da4cdf8bd08e2f69dbff8d0fbee89b7565d10933af738e3fe91b76657bd2b0,xp93089200100.rsp.gz,PCA_OGIP_RATE43_OVERLAP_V1,43,5.0,25.0
93093-01-01-00,46,4.884012222290039,25.73479461669922,973c9cc9a0a78ff4f4c7b653358f28d505a417176c2fa1b571a136823e7003ec,data/processed/native/93093-01-01-00.npz,response_specific_EBOUNDS,7ae752389c3eec8a656164833f5843a894014b6b3c5d3ad5ec3fc5aa314af5bb,xp93093010100.rsp.gz,PCA_OGIP_RATE43_OVERLAP_V1,43,5.0,25.0
93093-01-01-01,46,4.883983612060547,25.73464012145996,d6eaf8212f5b45a5a9e03d70ef3ce1d00b28dc3d0a52bac3bbf374274dccfbff,data/processed/native/93093-01-01-01.npz,response_specific_EBOUNDS,4995422e6be39a0464b3e706a084c403c54acd3479a5dfeb13d4235a60d87cde,xp93093010101.rsp.gz,PCA_OGIP_RATE43_OVERLAP_V1,43,5.0,25.0
93093-01-01-02,46,4.883983612060547,25.73464012145996,d6eaf8212f5b45a5a9e03d70ef3ce1d00b28dc3d0a52bac3bbf374274dccfbff,data/processed/native/93093-01-01-02.npz,response_specific_EBOUNDS,9c6bfdfbc05acf572e31d022e3befb6aadc1b9171b5ee7ec0ce5af54b1eb0c0a,xp93093010102.rsp.gz,PCA_OGIP_RATE43_OVERLAP_V1,43,5.0,25.0
93093-01-02-01,46,4.883871555328369,25.734024047851562,884eeb218e2a65c1de7e385e56bfc7f44347ebc100b233d6d08509595e0a160d,data/processed/native/93093-01-02-01.npz,response_specific_EBOUNDS,243c3a40103964532526dca99cf578978dfe030d1372e083aef6fb87d78fb1d7,xp93093010201.rsp.gz,PCA_OGIP_RATE43_OVERLAP_V1,43,5.0,25.0
93093-01-02-02,46,4.883871555328369,25.734024047851562,884eeb218e2a65c1de7e385e56bfc7f44347ebc100b233d6d08509595e0a160d,data/processed/native/93093-01-02-02.npz,response_specific_EBOUNDS,ec21d1bdc414103d7e493dab2650a72d1c80cfa21f89d16035a6af8177d59a7f,xp93093010202.rsp.gz,PCA_OGIP_RATE43_OVERLAP_V1,43,5.0,25.0
93093-01-02-03,46,4.883871555328369,25.734024047851562,884eeb218e2a65c1de7e385e56bfc7f44347ebc100b233d6d08509595e0a160d,data/processed/native/93093-01-02-03.npz,response_specific_EBOUNDS,3b7605846e0bdf47416eb52aab536e700efefdca0d103e377cfec176ebcd0699,xp93093010203.rsp.gz,PCA_OGIP_RATE43_OVERLAP_V1,43,5.0,25.0
93093-01-02-04,46,4.883871555328369,25.734024047851562,884eeb218e2a65c1de7e385e56bfc7f44347ebc100b233d6d08509595e0a160d,data/processed/native/93093-01-02-04.npz,response_specific_EBOUNDS,131c4d51f39de109db608078e6ed96c626bdefe69152c5ab873fcce79e2bdb15,xp93093010204.rsp.gz,PCA_OGIP_RATE43_OVERLAP_V1,43,5.0,25.0
93093-01-02-05,46,4.883871555328369,25.734024047851562,884eeb218e2a65c1de7e385e56bfc7f44347ebc100b233d6d08509595e0a160d,data/processed/native/93093-01-02-05.npz,response_specific_EBOUNDS,9ac2236eaa1557554e00999108af194b1136f2c3f93f053e5e698126cfc010c3,xp93093010205.rsp.gz,PCA_OGIP_RATE43_OVERLAP_V1,43,5.0,25.0
93093-01-02-06,46,4.883871555328369,25.734024047851562,884eeb218e2a65c1de7e385e56bfc7f44347ebc100b233d6d08509595e0a160d,data/processed/native/93093-01-02-06.npz,response_specific_EBOUNDS,e3c4c7ded3418f9400cb57d1fc543fc54d8a8040425334b5e47e30c4a8f4b79b,xp93093010206.rsp.gz,PCA_OGIP_RATE43_OVERLAP_V1,43,5.0,25.0
93093-01-02-07,46,4.883871555328369,25.734024047851562,884eeb218e2a65c1de7e385e56bfc7f44347ebc100b233d6d08509595e0a160d,data/processed/native/93093-01-02-07.npz,response_specific_EBOUNDS,5f8d2d6c85732386f380b4a682749582efc5785ea8166d53f3950ca4ca0ef60d,xp93093010207.rsp.gz,PCA_OGIP_RATE43_OVERLAP_V1,43,5.0,25.0
93093-01-02-08,46,4.883843421936035,25.733867645263672,7ceb8562b0749ed8273e7ca5e4a2d69113ec450784d579ef2ef5804ab0485b30,data/processed/native/93093-01-02-08.npz,response_specific_EBOUNDS,2c49bc1cdc124ddd6354866fb59cc6876fc37497f979df023b8456893d2370b8,xp93093010208.rsp.gz,PCA_OGIP_RATE43_OVERLAP_V1,43,5.0,25.0
93093-01-02-10,46,4.883814811706543,25.733713150024414,695110a8972221f1c1dfb01e9d9108eea443b4a2cd60bd9e321538171bb4592a,data/processed/native/93093-01-02-10.npz,response_specific_EBOUNDS,e109c9a95b8fc46e514bf537f2501268e9a6b7be79781fa4813dc046bffe56f9,xp93093010210.rsp.gz,PCA_OGIP_RATE43_OVERLAP_V1,43,5.0,25.0
93093-01-02-11,46,4.883814811706543,25.733713150024414,695110a8972221f1c1dfb01e9d9108eea443b4a2cd60bd9e321538171bb4592a,data/processed/native/93093-01-02-11.npz,response_specific_EBOUNDS,c93edccdde4529eb151f14be2a3ef22fbd87ac90ee40043f8969a9d8c4a89656,xp93093010211.rsp.gz,PCA_OGIP_RATE43_OVERLAP_V1,43,5.0,25.0
93155-01-01-00,46,4.876063823699951,25.691190719604492,1e114e67f9e2d8917d4cf54116bda90a0f0e07a58607b7345bfda7797a9ad8ea,data/processed/native/93155-01-01-00.npz,response_specific_EBOUNDS,1649cbfa978e3f0e2d70aea51608035264412f94a8a81c04a73c5aa84478f466,xp93155010100.rsp.gz,PCA_OGIP_RATE43_OVERLAP_V1,43,5.0,25.0
93155-01-02-00,46,4.876035690307617,25.691036224365234,99f5b2befa1b149753843342e63409746d4bfac612c98ef7f546a123466ed420,data/processed/native/93155-01-02-00.npz,response_specific_EBOUNDS,45493dfbeb326bd07d02f871c6edcaebbdb687faf11bebbda09fb68208cf08b5,xp93155010200.rsp.gz,PCA_OGIP_RATE43_OVERLAP_V1,43,5.0,25.0
93155-01-02-01,46,4.876035690307617,25.691036224365234,99f5b2befa1b149753843342e63409746d4bfac612c98ef7f546a123466ed420,data/processed/native/93155-01-02-01.npz,response_specific_EBOUNDS,f18a4bbce649d11eb0d1c432802e9d90236c1af19f4f274bcffc753bb01ad137,xp93155010201.rsp.gz,PCA_OGIP_RATE43_OVERLAP_V1,43,5.0,25.0
93155-01-03-01,46,4.876008033752441,25.69088363647461,0ab993f824edb60d8287a09cfbef7e902a3c143a3ca0cdd260b783a23d9dd41f,data/processed/native/93155-01-03-01.npz,response_specific_EBOUNDS,8ac5cb5654ff4c8b69dd170188aee3ffc8158b18f72a203019edecf5ca2ef728,xp93155010301.rsp.gz,PCA_OGIP_RATE43_OVERLAP_V1,43,5.0,25.0
93155-01-03-02,46,4.876008033752441,25.69088363647461,0ab993f824edb60d8287a09cfbef7e902a3c143a3ca0cdd260b783a23d9dd41f,data/processed/native/93155-01-03-02.npz,response_specific_EBOUNDS,2b3317aae875a036a00ab213a526e2f6c35a3f4c551fae3342250003a35aba26,xp93155010302.rsp.gz,PCA_OGIP_RATE43_OVERLAP_V1,43,5.0,25.0
93155-01-03-03,46,4.876008033752441,25.69088363647461,0ab993f824edb60d8287a09cfbef7e902a3c143a3ca0cdd260b783a23d9dd41f,data/processed/native/93155-01-03-03.npz,response_specific_EBOUNDS,8ce91fc78045c1fdc4926a83608b0e2f41fd6bfc6e2dc92a90ed7ae6b9943746,xp93155010303.rsp.gz,PCA_OGIP_RATE43_OVERLAP_V1,43,5.0,25.0
93155-01-06-01,46,4.875783443450928,25.689651489257812,9c11a779783f9e5487c15c425bce326cce8ba73e2666c2271e728192aebd2b27,data/processed/native/93155-01-06-01.npz,response_specific_EBOUNDS,d02776949c5f159df55e3b7ab55a01f561ab97f62aeea6b315cfb265fbdec6ed,xp93155010601.rsp.gz,PCA_OGIP_RATE43_OVERLAP_V1,43,5.0,25.0
93155-01-06-02,46,4.875727653503418,25.68934440612793,e3d5d03e1d4361fa814c41add12cc1e1457d364a5005beea536c5b0473beef82,data/processed/native/93155-01-06-02.npz,response_specific_EBOUNDS,b1c06b3e6c4bd7ffa009db4f771fc732fdeeeb59e8595c821ac5bdc448bbdb31,xp93155010602.rsp.gz,PCA_OGIP_RATE43_OVERLAP_V1,43,5.0,25.0
93155-01-07-00,46,4.875699043273926,25.689189910888672,ef740274d26a5197bfae64643b3f6563fe8153dd696d6df29214e07d0fa8ac2f,data/processed/native/93155-01-07-00.npz,response_specific_EBOUNDS,80e4b78c277a42149a601af9615b75e44297bc1455108dd18de70c588ede983a,xp93155010700.rsp.gz,PCA_OGIP_RATE43_OVERLAP_V1,43,5.0,25.0
93155-01-07-02,46,4.875559329986572,25.68842315673828,b8c1b3a32f83449210f35e7ec69e652765d636fe7490d5aaa0661711963972ef,data/processed/native/93155-01-07-02.npz,response_specific_EBOUNDS,c27a808c9a0d973da09c94f57eea6d86917a6c9264caff00006604d2884fe959,xp93155010702.rsp.gz,PCA_OGIP_RATE43_OVERLAP_V1,43,5.0,25.0
93155-01-08-00,46,4.8755035400390625,25.6881160736084,3f0786dcfb2096162e3709e95b0c95b634d53802d33730cb5696e1fd72a9082a,data/processed/native/93155-01-08-00.npz,response_specific_EBOUNDS,e979d11a31c8713f0c2bde12c9f3732f3f633788d1ba7a3e6d9e014869fce430,xp93155010800.rsp.gz,PCA_OGIP_RATE43_OVERLAP_V1,43,5.0,25.0
93155-01-08-02,46,4.875335216522217,25.687192916870117,493f6cadde11b803147b4296a02f853c5dafea449a3229ff430d50224057554a,data/processed/native/93155-01-08-02.npz,response_specific_EBOUNDS,75b939b4445992abc28bf045817b1a35f6bf55f33c971a3d94df37706a7a48ea,xp93155010802.rsp.gz,PCA_OGIP_RATE43_OVERLAP_V1,43,5.0,25.0
93155-01-09-00,46,4.875250816345215,25.686729431152344,28e839a21d44a60bd9e7261e51c46719104e9dd8157827f07c77380837a9d949,data/processed/native/93155-01-09-00.npz,response_specific_EBOUNDS,3a81f02f45ed31b01bef17a2848422c579712f4c874afc38f937786c56fb7643,xp93155010900.rsp.gz,PCA_OGIP_RATE43_OVERLAP_V1,43,5.0,25.0
93155-01-10-00,46,4.875110626220703,25.68596076965332,7b193b73c67a3b33bcd86b5a283d439048539628be571efe097e37ade886f68a,data/processed/native/93155-01-10-00.npz,response_specific_EBOUNDS,231c526497a850523c916276c57e0dfb1a2ce2dcc8b43db433e74a5134b2934b,xp93155011000.rsp.gz,PCA_OGIP_RATE43_OVERLAP_V1,43,5.0,25.0
93155-01-10-02,46,4.874942302703857,25.685039520263672,7f87184c275dca4587b1d84047c89db5d4055b8683daa23ef7062919fdef2852,data/processed/native/93155-01-10-02.npz,response_specific_EBOUNDS,e2301a918df606bb694cb253cdeef3de0c5205ca5c86d4d0ecc97e377f9e4e19,xp93155011002.rsp.gz,PCA_OGIP_RATE43_OVERLAP_V1,43,5.0,25.0
93200-01-01-04,46,4.869706630706787,25.656322479248047,0cdd3e082dd8d409cd438b8f2ecdcae6e65c4ad11d2accbc45d6307b7de6e2d4,data/processed/native/93200-01-01-04.npz,response_specific_EBOUNDS,d34d76f74e31edcbcaafaa78f867a4167347b84788f6ed6e90e9540dbf63f3bd,xp93200010104.rsp.gz,PCA_OGIP_RATE43_OVERLAP_V1,43,5.0,25.0
93404-01-02-00,46,4.885700225830078,25.74405860900879,2fc55fa69fe7b6c13e63dae0c8208e53fba0d7a0d3fdef00fab54e4eb9fb6ab0,data/processed/native/93404-01-02-00.npz,response_specific_EBOUNDS,943c63c091562532c21fb1278a9c8a564131e3865e4e846ecc8bfcde06f87f2e,xp93404010200.rsp.gz,PCA_OGIP_RATE43_OVERLAP_V1,43,5.0,25.0
93404-01-07-00,46,4.884152412414551,25.735565185546875,4db4fec385fae801df1a4ce971786f9f1eac1f4ecbb78d882359b8f0217b797f,data/processed/native/93404-01-07-00.npz,response_specific_EBOUNDS,7b48b73857a002964c65849e174a89f34d9bc9375bd051eaf8adda2a4b9a53b5,xp93404010700.rsp.gz,PCA_OGIP_RATE43_OVERLAP_V1,43,5.0,25.0
93404-01-11-02,46,4.882915019989014,25.728776931762695,970f3353c239050d0fc5b37226e4626ed8fa8d61165ae417489a4f2b347c6eb9,data/processed/native/93404-01-11-02.npz,response_specific_EBOUNDS,ee3bd51403d6724400adbf9f6413d215a57b09bbdbf068c33f34079ff2f07d11,xp93404011102.rsp.gz,PCA_OGIP_RATE43_OVERLAP_V1,43,5.0,25.0
93404-01-14-00,46,4.881593704223633,25.721527099609375,4d4301f097815204ea2503ce8f3c6bcd91c0e2c3b7570b54b245d3695b333886,data/processed/native/93404-01-14-00.npz,response_specific_EBOUNDS,d0c779724366394239b026771186d507597217478940cdae8284a9878f76bdd3,xp93404011400.rsp.gz,PCA_OGIP_RATE43_OVERLAP_V1,43,5.0,25.0
93404-01-21-00,46,4.877662658691406,25.699960708618164,cc07a060f1e45d97a8ab4cefdf63154e0017fa712e358b5bbc88e89e960facea,data/processed/native/93404-01-21-00.npz,response_specific_EBOUNDS,78b3852ff6ffc3e3fbb6f5e6f164596f876a85ea4d0991412734b4cfcdb2aefe,xp93404012100.rsp.gz,PCA_OGIP_RATE43_OVERLAP_V1,43,5.0,25.0
93405-01-01-01,46,4.886460781097412,25.74822998046875,7843bda2fe86e5d793bc1d38d0904331ebdb0c40ff7ee3b6c26ab24b8af310b2,data/processed/native/93405-01-01-01.npz,response_specific_EBOUNDS,dbc08590cd30b74172d4d1ac284721c66c44e847d70e8dff053765db4a7704cb,xp93405010101.rsp.gz,PCA_OGIP_RATE43_OVERLAP_V1,43,5.0,25.0
93405-01-05-02,46,4.883730411529541,25.73324966430664,256cc31231b0478102c94318c38481514c5ffa31aea721a837929bb7560e98d5,data/processed/native/93405-01-05-02.npz,response_specific_EBOUNDS,7be0ce4f5d4a6f1cd9b597b6ad8f5058ce64ec19971ae855a879ddcaa430349c,xp93405010502.rsp.gz,PCA_OGIP_RATE43_OVERLAP_V1,43,5.0,25.0
93406-13-01-00,46,4.886516571044922,25.748537063598633,fa1b7e7d95aafde747c261a07b4d25130058bd67ebc905e8d585d49eee388a80,data/processed/native/93406-13-01-00.npz,response_specific_EBOUNDS,f48261a224af9a3cd45a44a5eff999867a4e6a5db69abd63a4d6008bb09e678e,xp93406130100.rsp.gz,PCA_OGIP_RATE43_OVERLAP_V1,43,5.0,25.0
93408-01-11-00,46,4.884546756744385,25.737728118896484,73dd7766ee74ef0736abc92942595d19f6cb52ac07ead78e00644a1964fb14cb,data/processed/native/93408-01-11-00.npz,response_specific_EBOUNDS,d7536cc937d1342eff561abc31b8a39553430b9b52d62a155450eb74ea60cfe0,xp93408011100.rsp.gz,PCA_OGIP_RATE43_OVERLAP_V1,43,5.0,25.0
93408-01-19-01,46,4.882971286773682,25.729084014892578,a540af77301b74dddb04967483bffee48a8a18807382cbd8f83b7ef92620910b,data/processed/native/93408-01-19-01.npz,response_specific_EBOUNDS,d745e3930dfd4f26bc88a06a2d6f178ca729cab87f09ca230ad09236b905a871,xp93408011901.rsp.gz,PCA_OGIP_RATE43_OVERLAP_V1,43,5.0,25.0
93408-01-22-06,46,4.882296562194824,25.72538185119629,fe874a847142331ce459c1002f63ab98944e04ab99779a64357a7991251f8865,data/processed/native/93408-01-22-06.npz,response_specific_EBOUNDS,ee9e0998d60a3f6b3daf9f4c51c9191ddb1def14b25aaa9fd6f0f7ebf3dc7425,xp93408012206.rsp.gz,PCA_OGIP_RATE43_OVERLAP_V1,43,5.0,25.0
93408-01-26-03,46,4.881481647491455,25.720911026000977,0959c2f2a93b6cd19f7a8adf31743d40d4776eab5dfc42198ffb2a64c7632dda,data/processed/native/93408-01-26-03.npz,response_specific_EBOUNDS,e14d04647a0244790675e2bf9e2c4ed99dd8fe1d49e4ef7b2fc80cf15d5b4646,xp93408012603.rsp.gz,PCA_OGIP_RATE43_OVERLAP_V1,43,5.0,25.0
93408-01-32-04,46,4.880273342132568,25.714282989501953,b0b629db11af2bdeef7884a2cc25fccece6e80ae7fb4ad23d2cc58f5f9051717,data/processed/native/93408-01-32-04.npz,response_specific_EBOUNDS,13a1e49e16d0ff40b3ec6b5cacbfcccb9642f6d4b9bdafbf121b1d34a1f3ef85,xp93408013204.rsp.gz,PCA_OGIP_RATE43_OVERLAP_V1,43,5.0,25.0
93408-01-42-05,46,4.878307819366455,25.703500747680664,9b2f2fb6d4c7b24cefa71fb078749fb44ed4ea4fd3ad80d40e22693751439081,data/processed/native/93408-01-42-05.npz,response_specific_EBOUNDS,26d5290bb74c8001c978a13b400bbc6e6fdfc98477648c7267edd532873287c4,xp93408014205.rsp.gz,PCA_OGIP_RATE43_OVERLAP_V1,43,5.0,25.0
93408-01-52-02,46,4.876344680786133,25.692729949951172,228a26e9ba189079ce16dabffc2ae2e193632b406727890079e77bad798bc200,data/processed/native/93408-01-52-02.npz,response_specific_EBOUNDS,acb4e339b2b15853ff4a6044fbd5cddb37d5382c6fff3342fe757ccb9046aab5,xp93408015202.rsp.gz,PCA_OGIP_RATE43_OVERLAP_V1,43,5.0,25.0
93408-01-66-01,46,4.873681545257568,25.678123474121094,367b05d64a78fa34f4df3be5443d7014a48e4fd2d9faa157079a2e5a8ba903f2,data/processed/native/93408-01-66-01.npz,response_specific_EBOUNDS,fcc76eb4df589ecff417058112b4b4f148bdf0866b2d6693ed9c25c492108fb7,xp93408016601.rsp.gz,PCA_OGIP_RATE43_OVERLAP_V1,43,5.0,25.0
93409-01-04-01,46,4.885250091552734,25.741586685180664,2062a667eae72f9769d839a56907ad1e86309cdadb6b7235b1a42958bc9b7012,data/processed/native/93409-01-04-01.npz,response_specific_EBOUNDS,48bd919ea430a788cd7c894ffed50d1afdae528e1699a651230aab74f059ffcb,xp93409010401.rsp.gz,PCA_OGIP_RATE43_OVERLAP_V1,43,5.0,25.0
93412-01-01-00,46,4.88536262512207,25.742204666137695,5c2975f72ed322ca8f28d0725da9b629e99a9f40b641f38ca7b55e47a7ef78ae,data/processed/native/93412-01-01-00.npz,response_specific_EBOUNDS,397a1ef826647873fe12f8c919d14385f9a6d61760a7b241a29782c3dbbbdaf4,xp93412010100.rsp.gz,PCA_OGIP_RATE43_OVERLAP_V1,43,5.0,25.0
93414-01-01-00,46,4.884884357452393,25.739580154418945,773227980fa8cdf8331188e0afa47793b5ee8999ebec4a2f1a18aefcb09f2733,data/processed/native/93414-01-01-00.npz,response_specific_EBOUNDS,532ebe3601ab857d3f50f36cffb4150e535625d8c5c1a9a8a80be7731d5d31f8,xp93414010100.rsp.gz,PCA_OGIP_RATE43_OVERLAP_V1,43,5.0,25.0
93414-01-01-01,46,4.884856224060059,25.739425659179688,cccd94cf5254db772c02826f629c00a0f443d60a1bd9f99768d5b6abd4c514ea,data/processed/native/93414-01-01-01.npz,response_specific_EBOUNDS,2903db5d089f190aade8f131d359090cb5a2856dd73252461518728c54785649,xp93414010101.rsp.gz,PCA_OGIP_RATE43_OVERLAP_V1,43,5.0,25.0
93414-01-01-02,46,4.884912014007568,25.73973274230957,f61bc620227424f071e185174c5fbe4e57de7adb7e09fdb1dfa13c056fea7a02,data/processed/native/93414-01-01-02.npz,response_specific_EBOUNDS,c03223b29b68d8c3c5da5f53ba5751af6ac3ce883d26789ca8af6e13c6e37a88,xp93414010102.rsp.gz,PCA_OGIP_RATE43_OVERLAP_V1,43,5.0,25.0
93414-01-01-03,46,4.8849406242370605,25.73988914489746,367c374938308ba30a3ea031bfd321aa0a173e0b9be6ac381b327d7bd6bbc06b,data/processed/native/93414-01-01-03.npz,response_specific_EBOUNDS,1ed0142fd1dce8bed7eacc736907c0d645c8d0988598327c12493c5edac55d86,xp93414010103.rsp.gz,PCA_OGIP_RATE43_OVERLAP_V1,43,5.0,25.0
93414-01-04-00,46,4.8847432136535645,25.738807678222656,bc3ace4e144768e07e260e74c62d7cf14508439af4e4f0d535d17b0813581b64,data/processed/native/93414-01-04-00.npz,response_specific_EBOUNDS,5596c9e1c5acd713c3d6376b48294ae6a94647a740a8746a95f64b353d1f0912,xp93414010400.rsp.gz,PCA_OGIP_RATE43_OVERLAP_V1,43,5.0,25.0
93414-01-04-01,46,4.884687423706055,25.73849868774414,f4959273bd8fe35d617e0282d79ff5110c0e76ab52bbe56b05abf5449747d5bb,data/processed/native/93414-01-04-01.npz,response_specific_EBOUNDS,9586e2502bb84ac179926f1a33339438273d29fe1dac9e0f1d72ac46875e3ac0,xp93414010401.rsp.gz,PCA_OGIP_RATE43_OVERLAP_V1,43,5.0,25.0
93414-01-04-02,46,4.884631156921387,25.738191604614258,6d7be071f48f7b2baff30265fac066d66ad0478e01be409be9b71cf1bb13dbd1,data/processed/native/93414-01-04-02.npz,response_specific_EBOUNDS,11339d7d36bca6cec77f03a1e110b8e8d343ae353c986e53812611a7fdf33ec7,xp93414010402.rsp.gz,PCA_OGIP_RATE43_OVERLAP_V1,43,5.0,25.0
93414-01-04-03,46,4.8845744132995605,25.73788070678711,defe09308fdaccdf59bfa9ccb8dfdd452ab674b14fd8aefb74576ae5176a5884,data/processed/native/93414-01-04-03.npz,response_specific_EBOUNDS,1360c76b053af58505ff29cb74d394ac87d55aabeaedc11657db56ad431c0cca,xp93414010403.rsp.gz,PCA_OGIP_RATE43_OVERLAP_V1,43,5.0,25.0
93414-01-05-00,46,4.8832526206970215,25.730628967285156,17b4b3649994bd138a090eb8fe028a07e18cc55a96a9fbab142c40ec2d269c4e,data/processed/native/93414-01-05-00.npz,response_specific_EBOUNDS,dd81bd4869def8e3f78e634d3c3f9966f0cc85d61dafcc2470245c62cfb6c784,xp93414010500.rsp.gz,PCA_OGIP_RATE43_OVERLAP_V1,43,5.0,25.0
93414-01-05-01,46,4.883195877075195,25.730318069458008,908af72d417fd3f9fa76781b975a2842d4a3b39b36f247e43614853023226066,data/processed/native/93414-01-05-01.npz,response_specific_EBOUNDS,75b9929909df3e0244ddc86b1d8182bbfd540fe2d150145b0a8648ca70553707,xp93414010501.rsp.gz,PCA_OGIP_RATE43_OVERLAP_V1,43,5.0,25.0
93417-01-09-00,46,4.876765251159668,25.695037841796875,0f8659f3e9fa4bc2b073330701b26b4d932ed8395005551e6514e4a142708925,data/processed/native/93417-01-09-00.npz,response_specific_EBOUNDS,f3d5c06b4e1ee7d93499753ae914431ed5dbc38ae4d5bde94b7b945ab698781a,xp93417010900.rsp.gz,PCA_OGIP_RATE43_OVERLAP_V1,43,5.0,25.0
93417-01-14-01,46,4.8724212646484375,25.67121124267578,7434d01f74b698f572e037c1bbb30f5f1dd22a63711de3e97a65062fc0a50129,data/processed/native/93417-01-14-01.npz,response_specific_EBOUNDS,bbd75c902cdca3e6c77e3bb6111679bd7f110c5287cbef7b8318f44d361c3f0d,xp93417011401.rsp.gz,PCA_OGIP_RATE43_OVERLAP_V1,43,5.0,25.0
93424-01-01-00,46,4.882099628448486,25.724302291870117,47fa9afe11652829da6709e9c0c847cd015a9e42b81daed58e5bcf949a250667,data/processed/native/93424-01-01-00.npz,response_specific_EBOUNDS,cd8790aa24849a124801d01818d3f2135376dfb10a3df0b621251ed24cf5d3ba,xp93424010100.rsp.gz,PCA_OGIP_RATE43_OVERLAP_V1,43,5.0,25.0
93432-01-01-01,46,4.878869533538818,25.706581115722656,d45f20d8d5f399d4f1823a311073b35d46dedbb62ad1ba036349dd3b7211a948,data/processed/native/93432-01-01-01.npz,response_specific_EBOUNDS,0bd96586376abcd472872471c08d3e4e637668ccd911c3377ecdac5ab9a998cb,xp93432010101.rsp.gz,PCA_OGIP_RATE43_OVERLAP_V1,43,5.0,25.0
93432-01-02-00,46,4.878785610198975,25.706119537353516,d1fe029040d438595cbc88e909fc4804e2e4921780dc278d23e0011af6a49643,data/processed/native/93432-01-02-00.npz,response_specific_EBOUNDS,f2138f2402e9f3a11c6aac6acc7fcfd2b6fb365335580fe3386c3a7e06290fbc,xp93432010200.rsp.gz,PCA_OGIP_RATE43_OVERLAP_V1,43,5.0,25.0
93432-01-02-05,46,4.878701210021973,25.705657958984375,6708035378bc7002d9d75829cde1e1f888ddae3e11de842c5e85c3f67f1b9ee2,data/processed/native/93432-01-02-05.npz,response_specific_EBOUNDS,32071ebb4ff8b678f14c7c04c181fb8a3f77e4fc87c9b98725b266abba9f5529,xp93432010205.rsp.gz,PCA_OGIP_RATE43_OVERLAP_V1,43,5.0,25.0
93432-01-03-01,46,4.878616809844971,25.705196380615234,cb49a55e5d2ac9332e9b3e4260c26f5ff0caedc01c73d35e3b87a28d063fc667,data/processed/native/93432-01-03-01.npz,response_specific_EBOUNDS,b250d0bb83d282d96218f81922a0ca706e9851d384112df8f0731deda7b8508b,xp93432010301.rsp.gz,PCA_OGIP_RATE43_OVERLAP_V1,43,5.0,25.0
93432-01-03-05,46,4.878476142883301,25.704423904418945,7503dafadb9a3017dfa7b0e1fffc2d773864b199f1402735cf903d6e70e36ffd,data/processed/native/93432-01-03-05.npz,response_specific_EBOUNDS,583144909ac4a885bd5bd9eaed67af3891dfd5d4d891a603a99688d84152e747,xp93432010305.rsp.gz,PCA_OGIP_RATE43_OVERLAP_V1,43,5.0,25.0
93432-01-04-02,46,4.878307819366455,25.703500747680664,9b2f2fb6d4c7b24cefa71fb078749fb44ed4ea4fd3ad80d40e22693751439081,data/processed/native/93432-01-04-02.npz,response_specific_EBOUNDS,be76600fcd3859717d923d4bb4f45bb32382b17de3d32a868c5ff3fb4a119f01,xp93432010402.rsp.gz,PCA_OGIP_RATE43_OVERLAP_V1,43,5.0,25.0
93432-01-05-02,46,4.878139495849609,25.702577590942383,98ec5e0fb27c78207fd91826cc5a10f720c2b2327224d461f4d6437f4794373b,data/processed/native/93432-01-05-02.npz,response_specific_EBOUNDS,6df49e7c8fcb3d7974e5fc8b1c8a476fe888fb0da323bdf58556aac42e4c254d,xp93432010502.rsp.gz,PCA_OGIP_RATE43_OVERLAP_V1,43,5.0,25.0
93432-01-06-00,46,4.878055572509766,25.70211410522461,874d58c78522c2166e0768e638bbe4383b6a04ebb0f02cf058426615b3bbbdb0,data/processed/native/93432-01-06-00.npz,response_specific_EBOUNDS,3a010e5f6f928599c24eaf0ad1144a6fc55ed6b05adf4474c8a0d824ed797817,xp93432010600.rsp.gz,PCA_OGIP_RATE43_OVERLAP_V1,43,5.0,25.0
93432-01-06-03,46,4.877971172332764,25.70165252685547,f7111aea1c0f6503b7f663a775dcc31fa53793628adbfcc56c5f7aa444fa65bd,data/processed/native/93432-01-06-03.npz,response_specific_EBOUNDS,c128a9973ab4b4681d5733634ebe713f186bb45de0279ebddab212c9de7d88de,xp93432010603.rsp.gz,PCA_OGIP_RATE43_OVERLAP_V1,43,5.0,25.0
93432-01-07-00,46,4.877859115600586,25.701038360595703,e73f19a5a9c4aa67308aca647b4615c617f8a571abe54789f6af2c5d50cd24be,data/processed/native/93432-01-07-00.npz,response_specific_EBOUNDS,95c69347f1f50c7f060b7e7bbf332f2b8999b6183e3fa0a2d6282563a93d3f2b,xp93432010700.rsp.gz,PCA_OGIP_RATE43_OVERLAP_V1,43,5.0,25.0
93432-01-07-04,46,4.877718448638916,25.700267791748047,ac560596ba2358f23588139b01c70049f446aa522926fc923b7e89e4b5acc945,data/processed/native/93432-01-07-04.npz,response_specific_EBOUNDS,9686146d3ef66f309aa0772729c8ad1546ecbd1accbc0a3e47fdb6f9b81b30ea,xp93432010704.rsp.gz,PCA_OGIP_RATE43_OVERLAP_V1,43,5.0,25.0
93432-01-08-01,46,4.8774943351745605,25.699037551879883,7bde96f639547899567b99607a12f2cacdf33dab4503acd69f81f45fc6d5c8ff,data/processed/native/93432-01-08-01.npz,response_specific_EBOUNDS,b48430d514f8e7eb73dff328e04156f3bc926fd98cf4173147f8afbf09e547d5,xp93432010801.rsp.gz,PCA_OGIP_RATE43_OVERLAP_V1,43,5.0,25.0
93432-01-09-03,46,4.877354145050049,25.69826889038086,9c0b96ac515f97d4626a2de1b0508b4fccde3db6c58a30a54705d512650ab45f,data/processed/native/93432-01-09-03.npz,response_specific_EBOUNDS,d5580c820a68a49393503e8916430ad74d1dda20b30811d26a3a0cf01ded39d8,xp93432010903.rsp.gz,PCA_OGIP_RATE43_OVERLAP_V1,43,5.0,25.0
93432-01-10-01,46,4.877241611480713,25.69765281677246,d0cd51763852706deb20f14bcd1ff8e1bfc7c149cf2b2079350c7bc1897231b5,data/processed/native/93432-01-10-01.npz,response_specific_EBOUNDS,2e277f3ced1db108e829a2771a393245da6a18757c8ceb4593ad9d0f8cd21dbc,xp93432011001.rsp.gz,PCA_OGIP_RATE43_OVERLAP_V1,43,5.0,25.0
93432-01-10-04,46,4.877157688140869,25.69719123840332,263d762a7a106ce66ee67d45a421d24857a11a31095464de37443fa1ae34f179,data/processed/native/93432-01-10-04.npz,response_specific_EBOUNDS,f64379e78ba769be5adc133b7e42cc101344a000ecf495edd87cbfc336be4730,xp93432011004.rsp.gz,PCA_OGIP_RATE43_OVERLAP_V1,43,5.0,25.0
93432-01-11-02,46,4.87690544128418,25.6958065032959,f105912174e06b79656b7723c47524bb502d9b197a24877e259631e2737438a0,data/processed/native/93432-01-11-02.npz,response_specific_EBOUNDS,feb845f57066ce0523b3e59097d7f8e17f6d303389937c4d13e867b952acfd55,xp93432011102.rsp.gz,PCA_OGIP_RATE43_OVERLAP_V1,43,5.0,25.0
93432-01-11-03,46,4.877017498016357,25.696422576904297,769db427948568526c12e47e08e294ae1c4d42544835370d62e8cff91362e6b1,data/processed/native/93432-01-11-03.npz,response_specific_EBOUNDS,9e03e6e870a6e3194ef559099c31289c85120c5a0ecac6a6b7f1f80ebd99c40e,xp93432011103.rsp.gz,PCA_OGIP_RATE43_OVERLAP_V1,43,5.0,25.0
93432-01-12-02,46,4.876792907714844,25.6951904296875,d6ff22a212844527466256aa946fc10ab5341be7247e4989c9f61cd1f72103f8,data/processed/native/93432-01-12-02.npz,response_specific_EBOUNDS,7a84909d2f606488636a327a89dc20cd972dae838767ba2f425574c2db1da515,xp93432011202.rsp.gz,PCA_OGIP_RATE43_OVERLAP_V1,43,5.0,25.0
93432-01-13-02,46,4.876596927642822,25.694114685058594,001c8aad36fbb0e67388e90dfae09994fdf85278d232183b608ca92dd5e7faed,data/processed/native/93432-01-13-02.npz,response_specific_EBOUNDS,fc43980ba33971e8d7d56de70926fbff711492f33f6581a3f9c33d7bfa427761,xp93432011302.rsp.gz,PCA_OGIP_RATE43_OVERLAP_V1,43,5.0,25.0
93432-01-14-01,46,4.876484394073486,25.693498611450195,ef68a5abf462b076f477fa6f610b8fdbe35c8111e9bd9510e92121435934a2eb,data/processed/native/93432-01-14-01.npz,response_specific_EBOUNDS,9a0385345075b6577595127b6b272cb6e36d56ce164cb100b83fa9df84fd64c8,xp93432011401.rsp.gz,PCA_OGIP_RATE43_OVERLAP_V1,43,5.0,25.0
93432-01-14-03,46,4.876400470733643,25.693037033081055,792a67c5f1da9e1dd5c17cd9ccd3d235a8e6c1bd5ecd2c888f5497dabacc540f,data/processed/native/93432-01-14-03.npz,response_specific_EBOUNDS,3a83b1aa945563ff5593a4b9cb6827407da9bcbcc8e6d2c853762cd8e4a43ea2,xp93432011403.rsp.gz,PCA_OGIP_RATE43_OVERLAP_V1,43,5.0,25.0
93432-01-15-00,46,4.876287937164307,25.692420959472656,cf905abdc2140618c224142db7b2e3e8b25328177869faa50c8176a1c45cbf36,data/processed/native/93432-01-15-00.npz,response_specific_EBOUNDS,db5540fd18158ed8c74c2d7f1339b3c64a48ebcb187798aa8bd323dde84f3a5e,xp93432011500.rsp.gz,PCA_OGIP_RATE43_OVERLAP_V1,43,5.0,25.0
93432-01-16-00,46,4.876091957092285,25.69134521484375,029d6af3e35f2e225872b0c07a5e3dbcde7c9291a8724d3aa72aa45cf0548f3a,data/processed/native/93432-01-16-00.npz,response_specific_EBOUNDS,e5654bf2454d8ac31760ff7baee82a7978dc4e09e21dc9e0bc0545512d464cf9,xp93432011600.rsp.gz,PCA_OGIP_RATE43_OVERLAP_V1,43,5.0,25.0
93432-01-16-04,46,4.875979900360107,25.69072914123535,0becd6d2a5d09020156c9e15558973c7d7d561675c4bf2ed7242a66a9242fec2,data/processed/native/93432-01-16-04.npz,response_specific_EBOUNDS,2e3f82f005fea05821e3be9a3b3799d9f0e3e2048ed2f2b2c85830937a5aabd7,xp93432011604.rsp.gz,PCA_OGIP_RATE43_OVERLAP_V1,43,5.0,25.0
93432-01-17-02,46,4.875727653503418,25.68934440612793,e3d5d03e1d4361fa814c41add12cc1e1457d364a5005beea536c5b0473beef82,data/processed/native/93432-01-17-02.npz,response_specific_EBOUNDS,9b5235d6de9bcadd156d26d98bef2b82977a23464fea2b422e653e75aa6898b3,xp93432011702.rsp.gz,PCA_OGIP_RATE43_OVERLAP_V1,43,5.0,25.0
93435-01-05-01,46,4.876765251159668,25.695037841796875,0f8659f3e9fa4bc2b073330701b26b4d932ed8395005551e6514e4a142708925,data/processed/native/93435-01-05-01.npz,response_specific_EBOUNDS,1c476fe384538f7f38db49005e9073c624ac507b57c4086db4322ff794318314,xp93435010501.rsp.gz,PCA_OGIP_RATE43_OVERLAP_V1,43,5.0,25.0
93435-01-12-01,46,4.875362873077393,25.687345504760742,720d91a5220083bc2a4da2393022b42730829242e49369758904df72eda83f0b,data/processed/native/93435-01-12-01.npz,response_specific_EBOUNDS,57c658d44b15f6d0f303bae0c6df8ff68a7722d061a62585bbe9f6f2ffedb45c,xp93435011201.rsp.gz,PCA_OGIP_RATE43_OVERLAP_V1,43,5.0,25.0
93435-01-29-00,46,4.872141361236572,25.669673919677734,489efc59199aca97f930293ecacdb21110dd769345cf9e9954a66f3902993da0,data/processed/native/93435-01-29-00.npz,response_specific_EBOUNDS,5d7ca4244ae35e39542093e84f2fc05be90cad47a7e522986984d3f258dea176,xp93435012900.rsp.gz,PCA_OGIP_RATE43_OVERLAP_V1,43,5.0,25.0
93443-01-01-13,46,4.876148223876953,25.691652297973633,e2a071df03a73e582c2f542f84daecfcb85771fa718077898fbabb8cdbb087ef,data/processed/native/93443-01-01-13.npz,response_specific_EBOUNDS,aab8074a193cc60aec5ae8e59616f1466e6a9292d3009469664f9bda6a98d693,xp93443010113.rsp.gz,PCA_OGIP_RATE43_OVERLAP_V1,43,5.0,25.0
93451-01-01-00,46,4.873261451721191,25.675817489624023,1a3a9b808b46a62992ac8ab157703774475b7ece3c4aa0b26bf28658d8b82f2f,data/processed/native/93451-01-01-00.npz,response_specific_EBOUNDS,41f6ba6419048418b67cb19e6f8d9c25de7b11641e259c08ad5878b81c4af966,xp93451010100.rsp.gz,PCA_OGIP_RATE43_OVERLAP_V1,43,5.0,25.0
94030-01-04-00,46,4.869539260864258,25.65540313720703,0979ceb0fdf045f1e4697f1a7ad6a91da171c12fe07d3a484ad01de3cedfc994,data/processed/native/94030-01-04-00.npz,response_specific_EBOUNDS,51deecdbe58c22e1bebb5a612fdb1a2d1d7bd816218f2876d824e5ccfb1ac885,xp94030010400.rsp.gz,PCA_OGIP_RATE43_OVERLAP_V1,43,5.0,25.0
94030-01-12-00,46,4.868001937866211,25.646970748901367,60aa8ed7d2810e250f831f353286d89b831bbb4f20f94a9202e7ccc0f8203325,data/processed/native/94030-01-12-00.npz,response_specific_EBOUNDS,035d9a1314e021321661057b53221fb78f655ba629a53552c72a03e609e652cc,xp94030011200.rsp.gz,PCA_OGIP_RATE43_OVERLAP_V1,43,5.0,25.0
94030-01-24-00,46,4.865683078765869,25.634254455566406,894d0e0811df61abe7e2419ede6259edea57925b968796f7f5f72dfc12434c11,data/processed/native/94030-01-24-00.npz,response_specific_EBOUNDS,3ad9ef2314b5e534d8dca0260cda9a813d2f3b2cd2cefcb432111b123b56c79c,xp94030012400.rsp.gz,PCA_OGIP_RATE43_OVERLAP_V1,43,5.0,25.0
94030-01-37-00,46,4.8630595207214355,25.619869232177734,6a0ed5cea3b712ebc7f0277a7d4715e8b2d5f9d19c26f17b25e912011da07ea9,data/processed/native/94030-01-37-00.npz,response_specific_EBOUNDS,56f4885c863354c4a423392a8543f08c089b3e43383e5306806cdab15d395d87,xp94030013700.rsp.gz,PCA_OGIP_RATE43_OVERLAP_V1,43,5.0,25.0
94044-05-01-00,46,4.864203453063965,25.626142501831055,adbdece093d15b0148342f1fd7bafe64cf8e4714cb4b9065f3a8400cfaeccf30,data/processed/native/94044-05-01-00.npz,response_specific_EBOUNDS,0abc157d449e10b9a8ac1aa554f0856f20d2bcfdd1dd477bf238dd7a1fc8ed52,xp94044050100.rsp.gz,PCA_OGIP_RATE43_OVERLAP_V1,43,5.0,25.0
94060-01-02-00,46,4.869958400726318,25.657703399658203,9e60183c9329feead7bb76e100395290767cc263a7b3a2cfc5795f738fdabf8b,data/processed/native/94060-01-02-00.npz,response_specific_EBOUNDS,81502f65756ced8478239f92fee863d0942d495a01b1f76046ee3007319690f8,xp94060010200.rsp.gz,PCA_OGIP_RATE43_OVERLAP_V1,43,5.0,25.0
94060-01-15-00,46,4.868505001068115,25.649730682373047,0edd0a946fb7f8a1d62471a016b2ec7ad6bc00e3a9fceb2bc24e1b40daf6af60,data/processed/native/94060-01-15-00.npz,response_specific_EBOUNDS,b1a47427eab5c76983731a855673494dd81e3ffd252039917e9d702c0ccf929c,xp94060011500.rsp.gz,PCA_OGIP_RATE43_OVERLAP_V1,43,5.0,25.0
94060-01-30-00,46,4.866827964782715,25.640533447265625,46000123b38ff0d659fffbe63173709d80f07979accb11b2f4e863032d840960,data/processed/native/94060-01-30-00.npz,response_specific_EBOUNDS,bd9018b27d27dfc9695a79f1666f9803d7215a87e26a399a5033d8c0ed68a97e,xp94060013000.rsp.gz,PCA_OGIP_RATE43_OVERLAP_V1,43,5.0,25.0
94060-01-46-00,46,4.8650407791137695,25.630735397338867,a7a7451b2581a5b480aa6481c69fe0d462eeaaf404c8f5ac963e6c53d3322c9a,data/processed/native/94060-01-46-00.npz,response_specific_EBOUNDS,68b096ab2dac2b7b48064cfa8aafcd218fd412b86be5f1bc5196a003ba3181d2,xp94060014600.rsp.gz,PCA_OGIP_RATE43_OVERLAP_V1,43,5.0,25.0
94060-01-61-00,46,4.863366603851318,25.621553421020508,a42f73ec1eaf8d218ebec353c84492102aacfb8b3e735b16a038c0cb8364cc6e,data/processed/native/94060-01-61-00.npz,response_specific_EBOUNDS,2bcc3086109d8668af4bb4c5c3ffb29648dce90a2a182aa4a8a3bec9df726b03,xp94060016100.rsp.gz,PCA_OGIP_RATE43_OVERLAP_V1,43,5.0,25.0
94076-01-04-07,46,4.8621673583984375,25.61497688293457,7d9b4c56f2fc50556b35db5c06061f5a02558726567bd7148f82de72c30124f2,data/processed/native/94076-01-04-07.npz,response_specific_EBOUNDS,810920cc199751005c1b178221e7d7fd7151666235ad596c8c542f5fc32c8722,xp94076010407.rsp.gz,PCA_OGIP_RATE43_OVERLAP_V1,43,5.0,25.0
94087-01-10-00,46,4.870686054229736,25.661693572998047,9291c8cbc2b36b4dd2609bd7d4972a20d8db8059c54165d3cc8fe1f3fdd21332,data/processed/native/94087-01-10-00.npz,response_specific_EBOUNDS,4504a053c0c5961047080169bec211b7d378ab433eff00d53b948124dfd7281d,xp94087011000.rsp.gz,PCA_OGIP_RATE43_OVERLAP_V1,43,5.0,25.0
94087-01-47-10,46,4.863142967224121,25.620328903198242,591ca2cb0aa3184cae0b7ad233b942273118209da2abc63823cb789eb0065f8a,data/processed/native/94087-01-47-10.npz,response_specific_EBOUNDS,a0c126f35ecd18f5490ac28b0847b38be8785367fbbb2eb37b03b8138cbdd0d4,xp94087014710.rsp.gz,PCA_OGIP_RATE43_OVERLAP_V1,43,5.0,25.0
94087-01-49-00,46,4.868505001068115,25.649730682373047,0edd0a946fb7f8a1d62471a016b2ec7ad6bc00e3a9fceb2bc24e1b40daf6af60,data/processed/native/94087-01-49-00.npz,response_specific_EBOUNDS,0a43bb7d75500d901da13fda866ee94e81bcae0da82b48c954347eccf081ca81,xp94087014900.rsp.gz,PCA_OGIP_RATE43_OVERLAP_V1,43,5.0,25.0
94087-01-94-00,46,4.865989685058594,25.63593864440918,33ac73532b848e458e2f11545bbe35cf69efd7ca6a9c9e5ec5c19c48fc14f8b6,data/processed/native/94087-01-94-00.npz,response_specific_EBOUNDS,f5cb1791e880c2a2560492c22892dc6d9067e02a98b05c826657b7978bffccaf,xp94087019400.rsp.gz,PCA_OGIP_RATE43_OVERLAP_V1,43,5.0,25.0
94401-01-01-01,46,4.871106147766113,25.66399574279785,1fff8c34d92f5155d2eea5e76a9e9647c76712d051d931be5f2421ed41b40d96,data/processed/native/94401-01-01-01.npz,response_specific_EBOUNDS,40f501d5d8cfeba43a5265da1d8920dbe8c7ea5303af129ebe71bffe247df540,xp94401010101.rsp.gz,PCA_OGIP_RATE43_OVERLAP_V1,43,5.0,25.0
94401-01-18-00,46,4.867861747741699,25.646203994750977,6a4fade6edd6791dc95ef212620ebfb2c972f42811be7bbda7c7e236b68c6114,data/processed/native/94401-01-18-00.npz,response_specific_EBOUNDS,bb90bab1f1e05ab8a72deaf761a995bdde15c88144834c486c0bec20b7760637,xp94401011800.rsp.gz,PCA_OGIP_RATE43_OVERLAP_V1,43,5.0,25.0
94401-01-34-00,46,4.864733695983887,25.62904930114746,45cba8b74b9f463ecfedfb17c9c341e2dd79c6b148338ea460ed6fc756f84eff,data/processed/native/94401-01-34-00.npz,response_specific_EBOUNDS,7994c2e77c6b25ca2625ccb75b37ccc7c96efe808f730171950c784e671ab70e,xp94401013400.rsp.gz,PCA_OGIP_RATE43_OVERLAP_V1,43,5.0,25.0
94404-01-07-00,46,4.863366603851318,25.621553421020508,a42f73ec1eaf8d218ebec353c84492102aacfb8b3e735b16a038c0cb8364cc6e,data/processed/native/94404-01-07-00.npz,response_specific_EBOUNDS,aa7b3cf04342ad947b401880c031acb1aec3cdbffd54dd59ad17439635311a23,xp94404010700.rsp.gz,PCA_OGIP_RATE43_OVERLAP_V1,43,5.0,25.0
94408-01-03-01,46,4.870657920837402,25.66153907775879,13bdef9a4cf196ad2425ca9662b17ee98b57d7deea52ac2f216c825b60322dc8,data/processed/native/94408-01-03-01.npz,response_specific_EBOUNDS,a351b8178067f9393f637149dc3fd0e8ab0a21639c0c8d3840c1a7407e04ad08,xp94408010301.rsp.gz,PCA_OGIP_RATE43_OVERLAP_V1,43,5.0,25.0
94408-01-11-00,46,4.869175910949707,25.653409957885742,6aa5c9203132e5e064fb1192a4a9a4feaa487424ec45bf07e40b72fc0cba24b0,data/processed/native/94408-01-11-00.npz,response_specific_EBOUNDS,2fc0a42df5df8f6e9f90792ca9dad03e68b1bcc0fe253bd87d5895d4fe2ee5a3,xp94408011100.rsp.gz,PCA_OGIP_RATE43_OVERLAP_V1,43,5.0,25.0
94408-01-18-01,46,4.867693901062012,25.64528465270996,1ef00742e799054fa4eb508e9bc35e825cc009562b723c5518aa84299ce2d3b7,data/processed/native/94408-01-18-01.npz,response_specific_EBOUNDS,65f69d46ec8d2356b8e9bed210fb911e558049554bf4a407192341e1c68e8fbb,xp94408011801.rsp.gz,PCA_OGIP_RATE43_OVERLAP_V1,43,5.0,25.0
94408-01-26-00,46,4.8660736083984375,25.636398315429688,25eb03ec8fcc6c680a50e89a62c3964110b6125d1c59fd4338fbf1a8d5f2ef5b,data/processed/native/94408-01-26-00.npz,response_specific_EBOUNDS,d52a56d3c9e9f7729957e87b27bdfef4eba865b993f3d6e8b2474d8870340ad7,xp94408012600.rsp.gz,PCA_OGIP_RATE43_OVERLAP_V1,43,5.0,25.0
94408-01-33-01,46,4.864566326141357,25.628129959106445,8bbf11591eeaab6fb322e756982edaf278ed24db74d4559543e889d4d1198ca4,data/processed/native/94408-01-33-01.npz,response_specific_EBOUNDS,c470d7943f70d946325878d4bc0f323cff436ba0cca7fd8dd073a4f31aeea723,xp94408013301.rsp.gz,PCA_OGIP_RATE43_OVERLAP_V1,43,5.0,25.0
94408-01-41-00,46,4.86292028427124,25.61910629272461,f4d739566f08d1fd51b2a457d8dafbc32b5a42af9ab16fbbcde0c31b08cea2d5,data/processed/native/94408-01-41-00.npz,response_specific_EBOUNDS,00cbbd93273807acb1135632b1e4b6c3243bfc7119272c1e0f5d281d8da45e14,xp94408014100.rsp.gz,PCA_OGIP_RATE43_OVERLAP_V1,43,5.0,25.0
94408-01-49-01,46,4.8612751960754395,25.61008644104004,e96d7d84a727c5035fa8fb5aa5a3e8eec5f737122966141527f998c0a1b373bd,data/processed/native/94408-01-49-01.npz,response_specific_EBOUNDS,5f43dd9a2137236123296b099cbc569f6b7fc354c5f3d158615c740a4556aadd,xp94408014901.rsp.gz,PCA_OGIP_RATE43_OVERLAP_V1,43,5.0,25.0
94415-01-01-01,46,4.8693437576293945,25.65433120727539,920c1e80e60e05ec93650aba42114fb7fac27f72bdfaf85c576305e998a7ebab,data/processed/native/94415-01-01-01.npz,response_specific_EBOUNDS,3fb27ece1da21aad313e448f9a272f73c9904fadb829d66b7f59dd9c40186404,xp94415010101.rsp.gz,PCA_OGIP_RATE43_OVERLAP_V1,43,5.0,25.0
94415-01-02-01,46,4.8628363609313965,25.6186466217041,1af99b6caadbe07eb0206e3635c8d1d3e0100cf44b7d77f65be3324cd7c9ded0,data/processed/native/94415-01-02-01.npz,response_specific_EBOUNDS,1062440773415936ace9865d6a6a7e9d2f088ae61ad15c0a851e76a0fcf31dd0,xp94415010201.rsp.gz,PCA_OGIP_RATE43_OVERLAP_V1,43,5.0,25.0
94441-01-01-02,46,4.861637592315674,25.612071990966797,c436b2e4c1e9403b03d326f929ff4c112297d0036c023f10ddcb1c6dff33bb2e,data/processed/native/94441-01-01-02.npz,response_specific_EBOUNDS,b4f624479f353c2334bbcaefc26c90e2badd676b4cef2abd7a214d58273c95ea,xp94441010102.rsp.gz,PCA_OGIP_RATE43_OVERLAP_V1,43,5.0,25.0
95030-01-05-00,46,4.859129905700684,25.598323822021484,7e6fbcd20f5201e42ba4b6ae70f22f0f0ee121693c3f0fe80fe4cc3938196401,data/processed/native/95030-01-05-00.npz,response_specific_EBOUNDS,175ef3fe343064cc4c22e32e3e5e5acf7fbb7c66063ecccff30c7da458f2c9c6,xp95030010500.rsp.gz,PCA_OGIP_RATE43_OVERLAP_V1,43,5.0,25.0
95030-01-16-00,46,4.857070446014404,25.5870304107666,ee99d2a7472ef558261b794f8812127ac76a596f3e3338b514b0b82f998d3c6e,data/processed/native/95030-01-16-00.npz,response_specific_EBOUNDS,4b62a5240b287b5b1aa7f8e05587f6e735533c17aaec3f11f394295deae406c4,xp95030011600.rsp.gz,PCA_OGIP_RATE43_OVERLAP_V1,43,5.0,25.0
95030-01-27-00,46,4.854873180389404,25.57498550415039,0db0f95f899de7d127e9f72072061abdd5146744b28c70928439c1d58d116cb7,data/processed/native/95030-01-27-00.npz,response_specific_EBOUNDS,d50fd05741d32bd4b34977d520f18aed3addf0c979edb89a96e1a2d3d4237288,xp95030012700.rsp.gz,PCA_OGIP_RATE43_OVERLAP_V1,43,5.0,25.0
95030-01-40-00,46,4.852344512939453,25.561124801635742,70234508e41fde01a85e7071d2bbd8c5587b5c203c23e10f0ff98f8a3f78538f,data/processed/native/95030-01-40-00.npz,response_specific_EBOUNDS,f84850f7865f12d8105584ea99b145bceb79bc24a131cbc3d42c644aab32f191,xp95030014000.rsp.gz,PCA_OGIP_RATE43_OVERLAP_V1,43,5.0,25.0
95060-01-07-00,46,4.860132694244385,25.60382080078125,b7b0e099fec1e92a39399efee3e1715dce3edd08c59035a30efb35d5f8ff4978,data/processed/native/95060-01-07-00.npz,response_specific_EBOUNDS,f427ed3750f463e074fce1097dc298a291b2b7431416dcd841dd3e7df5f832c4,xp95060010700.rsp.gz,PCA_OGIP_RATE43_OVERLAP_V1,43,5.0,25.0
95060-01-22-00,46,4.858461856842041,25.59465980529785,61dfafa92d6c44f6858768afe27998bda8870d2113270b46aeedded368ba63e0,data/processed/native/95060-01-22-00.npz,response_specific_EBOUNDS,b3f6bb9f0da63d85d817697244c3d47b4f484f4877829264421ec903f77bf548,xp95060012200.rsp.gz,PCA_OGIP_RATE43_OVERLAP_V1,43,5.0,25.0
95060-01-36-00,46,4.856903553009033,25.586116790771484,a89f47ccba8cadbff4a91408927b30fee3a757ecebc1b4ac143dd2602125695b,data/processed/native/95060-01-36-00.npz,response_specific_EBOUNDS,d3ad81c9bef31aa211a543859560ed68f4580b818cc34b10f51eb4665693b578,xp95060013600.rsp.gz,PCA_OGIP_RATE43_OVERLAP_V1,43,5.0,25.0
95060-01-50-00,46,4.855373382568359,25.577728271484375,0716a7da6d93f4364ddea859017680d21e0250fa84a2f108803a386e5f8847fb,data/processed/native/95060-01-50-00.npz,response_specific_EBOUNDS,780d983d874139f2ca2cd440b07cb5e749bcb6f4b8f1df74ced7142add6e7667,xp95060015000.rsp.gz,PCA_OGIP_RATE43_OVERLAP_V1,43,5.0,25.0
95060-01-63-00,46,4.85390043258667,25.569652557373047,840e24cec2958504d1173e5698b4853a0d84f5e3ae26668a5e478ae48245e418,data/processed/native/95060-01-63-00.npz,response_specific_EBOUNDS,f515bf386123ec6eb544d80ff73308e860d953ceb1d170867074b602285f8d96,xp95060016300.rsp.gz,PCA_OGIP_RATE43_OVERLAP_V1,43,5.0,25.0
95060-01-77-00,46,4.852344512939453,25.561124801635742,70234508e41fde01a85e7071d2bbd8c5587b5c203c23e10f0ff98f8a3f78538f,data/processed/native/95060-01-77-00.npz,response_specific_EBOUNDS,02b45182a4e3c78231897ebdab4bd41802dfbf7da99d6cf1100394ad36751a15,xp95060017700.rsp.gz,PCA_OGIP_RATE43_OVERLAP_V1,43,5.0,25.0
95087-01-15-00,46,4.860021591186523,25.603212356567383,4de951dbc93a04ac9d6f58ba0d692dee703a02cea360bf10875f3c312eef49e8,data/processed/native/95087-01-15-00.npz,response_specific_EBOUNDS,63b73f15d81e079196dab11572709e446c19eb5f5e0302ea01ffc2d29f7b0892,xp95087011500.rsp.gz,PCA_OGIP_RATE43_OVERLAP_V1,43,5.0,25.0
95087-01-15-10,46,4.854567527770996,25.57331085205078,723b0290c9f9bc8094db6f93bd2d4843c71703662adffa721cc7938b6d7e1640,data/processed/native/95087-01-15-10.npz,response_specific_EBOUNDS,10ee33826513506159abcac85b45a5abb9a8d4581a99a991f57cfa8c24f7f5c7,xp95087011510.rsp.gz,PCA_OGIP_RATE43_OVERLAP_V1,43,5.0,25.0
95087-01-71-00,46,4.856903553009033,25.586116790771484,a89f47ccba8cadbff4a91408927b30fee3a757ecebc1b4ac143dd2602125695b,data/processed/native/95087-01-71-00.npz,response_specific_EBOUNDS,eca8aec4bbeb1d4b310510a2e7331273e270bf13d7f84c765fbf70938046c3e0,xp95087017100.rsp.gz,PCA_OGIP_RATE43_OVERLAP_V1,43,5.0,25.0
95324-01-01-00,46,4.8608574867248535,25.6077938079834,a2201a40af83e7b7d95c4e0a602d79293c7799ce7f4819013293a5bf5c1b66cc,data/processed/native/95324-01-01-00.npz,response_specific_EBOUNDS,8549846c1b02a5de6748fa6cc9d4260d2dbb95150a8427c621da2d05bc5a60e6,xp95324010100.rsp.gz,PCA_OGIP_RATE43_OVERLAP_V1,43,5.0,25.0
95324-01-01-01,46,4.8608574867248535,25.6077938079834,a2201a40af83e7b7d95c4e0a602d79293c7799ce7f4819013293a5bf5c1b66cc,data/processed/native/95324-01-01-01.npz,response_specific_EBOUNDS,1225e9171af6e574ef4c8f3b61c684d6b3a3bef2cb1d9ee79cb7af818c9490f0,xp95324010101.rsp.gz,PCA_OGIP_RATE43_OVERLAP_V1,43,5.0,25.0
95324-01-02-00,46,4.8608293533325195,25.607641220092773,b43db8a8e91e67d1d23ddfed3e0b705c3c1e49731bf91dd76fb55fe1bb2f58be,data/processed/native/95324-01-02-00.npz,response_specific_EBOUNDS,ea49771bb49bb18d178af132e5ef16f0180eab912ff0e452d06ca9fdaf2adf65,xp95324010200.rsp.gz,PCA_OGIP_RATE43_OVERLAP_V1,43,5.0,25.0
95324-01-02-01,46,4.8608293533325195,25.607641220092773,b43db8a8e91e67d1d23ddfed3e0b705c3c1e49731bf91dd76fb55fe1bb2f58be,data/processed/native/95324-01-02-01.npz,response_specific_EBOUNDS,0a89c84ecae046b47bf407cbb51938c2121ef3ac6b040de06d4d8ae6e10c60ef,xp95324010201.rsp.gz,PCA_OGIP_RATE43_OVERLAP_V1,43,5.0,25.0
95334-01-03-00,46,4.858879566192627,25.596948623657227,e1ca34ad09ddaf82704094101eedc659585c648378b439ef642eb55fc250e84d,data/processed/native/95334-01-03-00.npz,response_specific_EBOUNDS,b6be7d26f78cc70a64536b03ba57cc49bfb55e31df98c7f4ba1bc8b09cddc293,xp95334010300.rsp.gz,PCA_OGIP_RATE43_OVERLAP_V1,43,5.0,25.0
95345-01-32-00,46,4.850956439971924,25.553516387939453,0263f362fb337fa7675eb59f6c64923fc12a69a012ba52fa1ee8136d4fd4068b,data/processed/native/95345-01-32-00.npz,response_specific_EBOUNDS,bbe435f3060cd2c70d314b79880203b1a84faa37c4dad4d55f5a8aa418d87590,xp95345013200.rsp.gz,PCA_OGIP_RATE43_OVERLAP_V1,43,5.0,25.0
95345-01-42-00,46,4.8508453369140625,25.552906036376953,ff0c9ad2bdd9df3c92bf9df2461eb3ce4a789148b8fa2eefd09977f781531eaa,data/processed/native/95345-01-42-00.npz,response_specific_EBOUNDS,7cfd7e899665dd65f00768d6e0a4cea21b5cbe0a8df9a7a6ecff1ad001fa940d,xp95345014200.rsp.gz,PCA_OGIP_RATE43_OVERLAP_V1,43,5.0,25.0
95401-01-11-00,46,4.859798431396484,25.601987838745117,16a136fda70871410c91f46f325887654c9a9762ad57263f101a615362f2518d,data/processed/native/95401-01-11-00.npz,response_specific_EBOUNDS,aa05d57e1f82bacd7ae9ed3151fdf75a3ca2548a74a660a3bb447de437532281,xp95401011100.rsp.gz,PCA_OGIP_RATE43_OVERLAP_V1,43,5.0,25.0
95401-01-25-00,46,4.858433723449707,25.594505310058594,1bf729cf7ccfb6fbb8a5302614eadb836c3b03e21e62c401e658a40d543e7829,data/processed/native/95401-01-25-00.npz,response_specific_EBOUNDS,d195b2efe10c45225dda4e2267b81c6befe8567cdc4bb4932ae0b3948397682b,xp95401012500.rsp.gz,PCA_OGIP_RATE43_OVERLAP_V1,43,5.0,25.0
95401-01-40-00,46,4.857014179229736,25.58672523498535,b82a5c9c003acc6c2fb42ab7efa95f8feb270073cdc6cb32d8abcb906c9c38c8,data/processed/native/95401-01-40-00.npz,response_specific_EBOUNDS,71407906a4d70eabcc7064b0e6fbee0e3a506e3aa16875eaffe9dadae9133d01,xp95401014000.rsp.gz,PCA_OGIP_RATE43_OVERLAP_V1,43,5.0,25.0
95401-01-55-00,46,4.8555402755737305,25.578643798828125,b2460fbe2e4d34ac98c8d5ef87ccf9ace6eca84848f742918c815f04906dbdc5,data/processed/native/95401-01-55-00.npz,response_specific_EBOUNDS,72cc49854e99e9adfaf7012e9c3ef1a228af943aceed7fd2a40a04b56b594520,xp95401015500.rsp.gz,PCA_OGIP_RATE43_OVERLAP_V1,43,5.0,25.0
95401-01-70-00,46,4.854039192199707,25.57041358947754,223d6949bd80d176320e0d4dc528325aaa33e43e734e36031214523671ae4993,data/processed/native/95401-01-70-00.npz,response_specific_EBOUNDS,a3148f1339cd0c1a8e2c6d17756ad1c0ec1698f0b9ae62b2207c4c77f4ed8f82,xp95401017000.rsp.gz,PCA_OGIP_RATE43_OVERLAP_V1,43,5.0,25.0
95401-01-86-00,46,4.852483749389648,25.561887741088867,62da4a8c3c2169fbfbeff949fefd5e344310279af56f569f0067ba8030df1562,data/processed/native/95401-01-86-00.npz,response_specific_EBOUNDS,1e06efda8be12f6af4530909ad7875758405721fc450ec355b8f1ca398ff11db,xp95401018600.rsp.gz,PCA_OGIP_RATE43_OVERLAP_V1,43,5.0,25.0
95404-01-01-01,46,4.8607177734375,25.60702896118164,f77b3fdc878cae24ace57a52de2c9e151f7fe14ef092a0d942f44a26963b24f3,data/processed/native/95404-01-01-01.npz,response_specific_EBOUNDS,19e2e1452343b507f7773f29df32c6c2e0993873808343acfe75b89839fd521b,xp95404010101.rsp.gz,PCA_OGIP_RATE43_OVERLAP_V1,43,5.0,25.0
95404-01-09-02,46,4.852372646331787,25.561277389526367,63caebbad93c14a2eca2c73a97590e0dd21cdd4b3d4663347d4d90844a0f7636,data/processed/native/95404-01-09-02.npz,response_specific_EBOUNDS,034c1285a9d8efcda2eb2ed70e02354053037553f0cf400021d766b9f3bd4dfc,xp95404010902.rsp.gz,PCA_OGIP_RATE43_OVERLAP_V1,43,5.0,25.0
95407-01-01-00,46,4.860299587249756,25.604738235473633,5b09530edb0aa5b0c5f64561ca89102762c14f3f4eb16c36929a68d43295ad57,data/processed/native/95407-01-01-00.npz,response_specific_EBOUNDS,4330dd10805eea431f42a302dfbd9d68a157a0fc76926fd2cb36283dbd7ba6fd,xp95407010100.rsp.gz,PCA_OGIP_RATE43_OVERLAP_V1,43,5.0,25.0
95407-01-10-00,46,4.852039337158203,25.559450149536133,34deed35f332e7abb8010d734629e4f9cd0b5795d5b7dbf7c02f4920914821cf,data/processed/native/95407-01-10-00.npz,response_specific_EBOUNDS,a8be8a64c839c8dc03564e31774ea747cd63508978772f2b6617b237aca66dbd,xp95407011000.rsp.gz,PCA_OGIP_RATE43_OVERLAP_V1,43,5.0,25.0
95409-01-07-01,46,4.859353065490723,25.599546432495117,015506a210d737eb496e7c70fa8e4af70f8367b1f32e8e3a32d7d683120b0bc8,data/processed/native/95409-01-07-01.npz,response_specific_EBOUNDS,7eb44a2d85040705b05ec09ef49bfed40a9c957650da2f3dd3803b0b27a9bbba,xp95409010701.rsp.gz,PCA_OGIP_RATE43_OVERLAP_V1,43,5.0,25.0
95409-01-15-01,46,4.857877254486084,25.591455459594727,3b3dc17d5d2e66313a2c31bd5a5ffc9217928ae7bd79832202391df27b7ff962,data/processed/native/95409-01-15-01.npz,response_specific_EBOUNDS,d7c0459959fe86088b7414062a6667ef6afaebb40a81b8f9522a2d3a4bb2581a,xp95409011501.rsp.gz,PCA_OGIP_RATE43_OVERLAP_V1,43,5.0,25.0
95409-01-21-00,46,4.856736660003662,25.585201263427734,fba341c789002aedd3f85fc7d5329eb125bd0413d46671a9402b3d3a98579cea,data/processed/native/95409-01-21-00.npz,response_specific_EBOUNDS,81547530192b40797ef611840d20d182ed8eeffb3ceee2b75f7c22805b199448,xp95409012100.rsp.gz,PCA_OGIP_RATE43_OVERLAP_V1,43,5.0,25.0
95409-01-38-01,46,4.852983474731445,25.564626693725586,b1153437df8eb1bd78d6fe73389c2f9bbc7ac19cab23b82143b8007634720361,data/processed/native/95409-01-38-01.npz,response_specific_EBOUNDS,1f33c1b2f69c6fb3b4fd4fc15cad5630bcc552b75478d9240335c70f82d2e1b1,xp95409013801.rsp.gz,PCA_OGIP_RATE43_OVERLAP_V1,43,5.0,25.0
95413-01-06-01,46,4.853789329528809,25.56904411315918,70981eb56b20c2ed7b4b81a317da184db0d55a9e7f46b7e6bcdcf6a5710186a0,data/processed/native/95413-01-06-01.npz,response_specific_EBOUNDS,42d1a3bd3c3d94e7a8800b36ff43baa3b7c83763357a4fcfabb4c899a685b686,xp95413010601.rsp.gz,PCA_OGIP_RATE43_OVERLAP_V1,43,5.0,25.0
95416-01-01-00,46,4.858489513397217,25.594812393188477,b15496689ea5be44963d685f0fcbaf8f4a855e631476d8c7a08ec173dcaa174b,data/processed/native/95416-01-01-00.npz,response_specific_EBOUNDS,7ff91484acd3682ed027760f657dc8d7238317be272d9c92ed5638f6b64d6a3d,xp95416010100.rsp.gz,PCA_OGIP_RATE43_OVERLAP_V1,43,5.0,25.0
95416-01-01-02,46,4.858406066894531,25.5943546295166,54564c0bd44f9e6ee8da9fba5590b69ef49a44f90913f98b7dc6bbe815ad275e,data/processed/native/95416-01-01-02.npz,response_specific_EBOUNDS,f28884cf67686e09d9bfc710f2b711aeeec08c365758af20a12828cc93e89708,xp95416010102.rsp.gz,PCA_OGIP_RATE43_OVERLAP_V1,43,5.0,25.0
95416-01-02-00,46,4.858294486999512,25.5937442779541,5cdbf45566d8b2d93413d60a12f7de261f6d1ddc14e8423c7a2508331c28e067,data/processed/native/95416-01-02-00.npz,response_specific_EBOUNDS,13b6beb204daf4da764fb5ea9967a2ac824090f716e9ae38a00768f017391333,xp95416010200.rsp.gz,PCA_OGIP_RATE43_OVERLAP_V1,43,5.0,25.0
95416-01-02-02,46,4.858211040496826,25.593286514282227,c1bafef3f738118d9ec8605aae4e4f640f3e8f6235dd0b626a0af1dde518daf1,data/processed/native/95416-01-02-02.npz,response_specific_EBOUNDS,8a1943d72ceff6945da826f04c013936130ae7b1e12e0bbb082c1dd1080a9104,xp95416010202.rsp.gz,PCA_OGIP_RATE43_OVERLAP_V1,43,5.0,25.0
95436-01-01-00,46,4.853178024291992,25.565690994262695,9fec51f157911ed283120abf4f662a9162353b13862ff1e3d2d681c2bf8df4c1,data/processed/native/95436-01-01-00.npz,response_specific_EBOUNDS,d678731b6bb5a2f569afe250a41c76377484e18b0c6b8abffacca131186f91f1,xp95436010100.rsp.gz,PCA_OGIP_RATE43_OVERLAP_V1,43,5.0,25.0
96027-01-01-00,46,4.842146396636963,25.50522804260254,9b20e158357c7eb3fff67f8411f7d9557286dba91238edcf44bfdbe06ffb0e59,data/processed/native/96027-01-01-00.npz,response_specific_EBOUNDS,5619022d96539a5ef1d380eefa34b252a9f0f27f9056512cd3de261d09efcd58,xp96027010100.rsp.gz,PCA_OGIP_RATE43_OVERLAP_V1,43,5.0,25.0
96027-01-02-07,46,4.841897487640381,25.503864288330078,d77c598ee9b45f952d69295147af688d504c23708a2473c33a6ca46fac3516d1,data/processed/native/96027-01-02-07.npz,response_specific_EBOUNDS,eb5f9c0aae8bf9bb659813d8b926c1b8f42b4be3a035f9dea32a000c0f8b8e1b,xp96027010207.rsp.gz,PCA_OGIP_RATE43_OVERLAP_V1,43,5.0,25.0
96027-01-03-13,46,4.841621398925781,25.502349853515625,82cdc9107c27551bbbbdbf0e198e6e61b96fe17e51b80749ab4283167ced1e36,data/processed/native/96027-01-03-13.npz,response_specific_EBOUNDS,cab005d0537697179250f77756eba21a5d4a3913367b4b24fc7d29c6f8172e3c,xp96027010313.rsp.gz,PCA_OGIP_RATE43_OVERLAP_V1,43,5.0,25.0
96030-01-07-00,46,4.848598480224609,25.540590286254883,87381fd2652b89b6670ed009d5c46164ad74197bd731da704fe35c310a9c5726,data/processed/native/96030-01-07-00.npz,response_specific_EBOUNDS,6127c2b28b7d13c2f6e2a186ebec77dce16c37596503b7a92f7d549e6f8b8cb3,xp96030010700.rsp.gz,PCA_OGIP_RATE43_OVERLAP_V1,43,5.0,25.0
96030-01-20-00,46,4.846132278442383,25.52707290649414,c9a575c18bebab4919fd47c53fa206ca1babc911f3dedeb5b1e47ab1b2f4e05f,data/processed/native/96030-01-20-00.npz,response_specific_EBOUNDS,a85f45720ce12a400b7a6fc0624e86326236d39fcd7ac890fcc90bf7ef086156,xp96030012000.rsp.gz,PCA_OGIP_RATE43_OVERLAP_V1,43,5.0,25.0
96030-01-32-00,46,4.843806743621826,25.514326095581055,06386468adf4e99225b86d3d25578ffa84f2e17808d6549dc15674dcf902bfde,data/processed/native/96030-01-32-00.npz,response_specific_EBOUNDS,85889f29b09ae34328ea8bd434f0b3695f93c2dfd9e8366183d0258ac240354c,xp96030013200.rsp.gz,PCA_OGIP_RATE43_OVERLAP_V1,43,5.0,25.0
96060-01-10-00,46,4.8496246337890625,25.546215057373047,070650d03d06724486eac2d010841ca87fbbe4bf65646cef1a314ec59b15d1c3,data/processed/native/96060-01-10-00.npz,response_specific_EBOUNDS,e1b44f3559aaebd7bbfc1bfb0cb418b0f468e0cdecf812b8a1c5d6233bf446de,xp96060011000.rsp.gz,PCA_OGIP_RATE43_OVERLAP_V1,43,5.0,25.0
96060-01-23-00,46,4.848182678222656,25.538311004638672,359a7b6f411067c06dcf562a7a302eabb5a4788bf8060664e9ed87253f0702c7,data/processed/native/96060-01-23-00.npz,response_specific_EBOUNDS,d5d890a6b2af3340195e309cca5c48f1fe0ecf2182d56c41e036049f44c85893,xp96060012300.rsp.gz,PCA_OGIP_RATE43_OVERLAP_V1,43,5.0,25.0
96060-01-36-00,46,4.846741199493408,25.530410766601562,85711b4e560b31045c9ecf5aa7748ae730b902dfb68356fdbbb883b720631eb7,data/processed/native/96060-01-36-00.npz,response_specific_EBOUNDS,4be8b57504cb7c1a5e0ee563de35753d8c1506af2421e3ea0a84edbc27958620,xp96060013600.rsp.gz,PCA_OGIP_RATE43_OVERLAP_V1,43,5.0,25.0
96060-01-51-00,46,4.84507942199707,25.521303176879883,32f6ebbd3c44f301fa4f44a15df5fc54c33820d01f7e917273746fac02c09c58,data/processed/native/96060-01-51-00.npz,response_specific_EBOUNDS,1d1975fbb02c8952fff934ba0a9d59f3f0c1fd0eb8617da9cf8d9db407a2bbd9,xp96060015100.rsp.gz,PCA_OGIP_RATE43_OVERLAP_V1,43,5.0,25.0
96060-01-65-00,46,4.84352970123291,25.51280975341797,d8f6a7a0952f76b45a8627e839944775adacab7efb73d61d66e953409d6c72d6,data/processed/native/96060-01-65-00.npz,response_specific_EBOUNDS,921fa45a3ad5ff5be8f9801bfe995cd9fb8874841f2de1519c2830a8ee7a6510,xp96060016500.rsp.gz,PCA_OGIP_RATE43_OVERLAP_V1,43,5.0,25.0
96060-01-78-00,46,4.841759204864502,25.50310707092285,5acceec447c07c8c500d5891d133665ed3aa483d8c9997bd2c30770ec113e111,data/processed/native/96060-01-78-00.npz,response_specific_EBOUNDS,6ce3a23fda4ab92ffe44546c991137bf4dc06201dd96b7d37e57a62a75354388,xp96060017800.rsp.gz,PCA_OGIP_RATE43_OVERLAP_V1,43,5.0,25.0
96085-04-01-00,46,4.849180698394775,25.54378318786621,b4892316fc707e123edbc9105eb38ac4c73e3a20862fe810e245fee06c783549,data/processed/native/96085-04-01-00.npz,response_specific_EBOUNDS,1ca7f9060b1856c8630e1d815a460fdfab75c9ad8eb227ab7ced021df5f447f0,xp96085040100.rsp.gz,PCA_OGIP_RATE43_OVERLAP_V1,43,5.0,25.0
96085-04-02-01,46,4.849097728729248,25.543325424194336,bb3349f60c5c960820e2680aaf9d697fff53f6a102188cf84f2a3a5e309c4499,data/processed/native/96085-04-02-01.npz,response_specific_EBOUNDS,f417a26b4f6f3ea1bfa672de4e4d8013b893e8bbc903696553b682f9e4b29ee2,xp96085040201.rsp.gz,PCA_OGIP_RATE43_OVERLAP_V1,43,5.0,25.0
96085-04-03-00,46,4.848764896392822,25.541501998901367,f973db09d2a515deae8939710b5f8fddb21e4bfbdbf9eef5588d50334f7d1a8f,data/processed/native/96085-04-03-00.npz,response_specific_EBOUNDS,f3ead0ceec0d6cdc3e0a3bb754785aabf0c802e0162bf72f804df9fa96233f90,xp96085040300.rsp.gz,PCA_OGIP_RATE43_OVERLAP_V1,43,5.0,25.0
96085-04-03-02,46,4.848653793334961,25.5408935546875,5a13d05d64e7cbeed6a5e51fe14f35852a1e1c9c5b5f0e398a2564fff97fcf6d,data/processed/native/96085-04-03-02.npz,response_specific_EBOUNDS,decd1305f6515e845d5ddd22f0c7595443557a6a5d78cde9340a661ca26c3027,xp96085040302.rsp.gz,PCA_OGIP_RATE43_OVERLAP_V1,43,5.0,25.0
96085-04-03-03,46,4.848653793334961,25.5408935546875,5a13d05d64e7cbeed6a5e51fe14f35852a1e1c9c5b5f0e398a2564fff97fcf6d,data/processed/native/96085-04-03-03.npz,response_specific_EBOUNDS,b0cbc5bbf4d0509784fda0d47a12ab48bae88e05f8ccf1f4bc191d67ba655b78,xp96085040303.rsp.gz,PCA_OGIP_RATE43_OVERLAP_V1,43,5.0,25.0
96085-04-04-00,46,4.848570823669434,25.540437698364258,31dccc4d8ed10dd5b5c3049dedfaa24426ec36d2d851f5134bb239752ef31546,data/processed/native/96085-04-04-00.npz,response_specific_EBOUNDS,853252e49fc7fd564ef717be15c4a495b0b45f427fc269df08b07567fb1fe78d,xp96085040400.rsp.gz,PCA_OGIP_RATE43_OVERLAP_V1,43,5.0,25.0
96085-04-04-01,46,4.848543167114258,25.540287017822266,0599c273de8250c2d0ba5e1ad7c32af96a45773073934e4a3ebf5fee72a3e25d,data/processed/native/96085-04-04-01.npz,response_specific_EBOUNDS,7943cc0fa6abc2a7ec7c4c67a715b4853c16983048349191c9b773b9c22b9b1f,xp96085040401.rsp.gz,PCA_OGIP_RATE43_OVERLAP_V1,43,5.0,25.0
96085-04-04-03,46,4.848487377166748,25.539981842041016,4c95f730d236bada6ed40434eb82e08e83f5dfb68ad284cca5f95be87e796f82,data/processed/native/96085-04-04-03.npz,response_specific_EBOUNDS,c2ea6f8150ea48f165287a25f7f314812a194c880be3b7318bfd5a7e7795bd36,xp96085040403.rsp.gz,PCA_OGIP_RATE43_OVERLAP_V1,43,5.0,25.0
96085-04-05-00,46,4.848349094390869,25.539222717285156,56a08a93dad11fe5f765ae00496193678abb4e1846e32b716cb5f771f5d22ede,data/processed/native/96085-04-05-00.npz,response_specific_EBOUNDS,8bfa36dc2f199e1aa67124a03e1b80c548da13327ceb669aa59337a47a0acdd5,xp96085040500.rsp.gz,PCA_OGIP_RATE43_OVERLAP_V1,43,5.0,25.0
96085-04-05-03,46,4.848265647888184,25.538766860961914,a12128335417aee4aa087b68d02fdb6353b131a0697f515b521f2cdff1a8032a,data/processed/native/96085-04-05-03.npz,response_specific_EBOUNDS,8198ce26295e3ab028fe055619657af7e03db163302eb5fc9728b8a13c4a86a4,xp96085040503.rsp.gz,PCA_OGIP_RATE43_OVERLAP_V1,43,5.0,25.0
96085-04-06-00,46,4.848182678222656,25.538311004638672,359a7b6f411067c06dcf562a7a302eabb5a4788bf8060664e9ed87253f0702c7,data/processed/native/96085-04-06-00.npz,response_specific_EBOUNDS,da08243707138e534e7db9e28b95fced9747fc891e30411b6f6820c16cdb969b,xp96085040600.rsp.gz,PCA_OGIP_RATE43_OVERLAP_V1,43,5.0,25.0
96085-04-06-01,46,4.848154544830322,25.538158416748047,b6bb793003a7a96449cd97a34c70d7735ac3db0ede8873b457279958f00dac36,data/processed/native/96085-04-06-01.npz,response_specific_EBOUNDS,46cd73ea544774db979394d6b221e1278bdded67a54e667bc948cec2ec777632,xp96085040601.rsp.gz,PCA_OGIP_RATE43_OVERLAP_V1,43,5.0,25.0
96085-04-08-00,46,4.847655773162842,25.535423278808594,6e7a32b7701af58f410e3723b88da69a39cbda8d718b7f01208f9c021db2b660,data/processed/native/96085-04-08-00.npz,response_specific_EBOUNDS,85009799f38d9b9077a3294fa5dcc13b7688e37b182f9fa4e045b96e34b3373d,xp96085040800.rsp.gz,PCA_OGIP_RATE43_OVERLAP_V1,43,5.0,25.0
96085-04-09-00,46,4.847545146942139,25.53481674194336,d88961fbbe3c5cf09b0ab931c10558e6e21680198211d046e78955c7cc4d66d4,data/processed/native/96085-04-09-00.npz,response_specific_EBOUNDS,b24dfb3a62129dd06188a903b0aec93587b66438bfc7b7bb64284868b46c8890,xp96085040900.rsp.gz,PCA_OGIP_RATE43_OVERLAP_V1,43,5.0,25.0
96085-04-09-01,46,4.847434043884277,25.534208297729492,e4467350a7bab2d76fcb84885aa97e7a1c75b22eeb6302b477c1fc97db029cc1,data/processed/native/96085-04-09-01.npz,response_specific_EBOUNDS,69a74c8512dd7dc2de2145cc797a5d12e0210c54235d0b8829334c589651dd26,xp96085040901.rsp.gz,PCA_OGIP_RATE43_OVERLAP_V1,43,5.0,25.0
96085-04-10-01,46,4.847239971160889,25.533143997192383,23d225ff1e19ed0949280a2c2d026b44a6d6d1ee3187ac86e883156ee6ed6e46,data/processed/native/96085-04-10-01.npz,response_specific_EBOUNDS,2bfe88af64428d767c43583e8276303fc31ab49a8fc0016e841f204de551ccdb,xp96085041001.rsp.gz,PCA_OGIP_RATE43_OVERLAP_V1,43,5.0,25.0
96085-04-11-00,46,4.847212791442871,25.532995223999023,67ac04125c456e889d98820b77a8a4916543c52d0eca58194cf89ccf0ad0c803,data/processed/native/96085-04-11-00.npz,response_specific_EBOUNDS,bd2fa6c841e0f4da1a5178b8c97bf9e1955c788b8c43ac9655a307ff970dd051,xp96085041100.rsp.gz,PCA_OGIP_RATE43_OVERLAP_V1,43,5.0,25.0
96085-04-12-01,46,4.846935272216797,25.531475067138672,3d076ff84c4d933e9f634f1b44c98a6a103cc4bbd0cff2aab61df3f4b7b89248,data/processed/native/96085-04-12-01.npz,response_specific_EBOUNDS,b5a7a63f4756984af7d142554dbc0a6ded6fc1ebfc21d1d9c22dd69d61feec40,xp96085041201.rsp.gz,PCA_OGIP_RATE43_OVERLAP_V1,43,5.0,25.0
96085-04-13-00,46,4.846714019775391,25.53026008605957,ab04e4094f8a7295ff4b521b3b5ba947c5b61bbd605a26536fb6c4d0b05b5194,data/processed/native/96085-04-13-00.npz,response_specific_EBOUNDS,49f89efd4f2a414bed9b75e209bfaa96f1ffc189734e1e1171c6fca8be531eea,xp96085041300.rsp.gz,PCA_OGIP_RATE43_OVERLAP_V1,43,5.0,25.0
96085-04-15-00,46,4.846325874328613,25.528133392333984,803a5e25cf079929a2a4f1a69889fc5a1a59978c7a24db9a7ae4fad50e5f0433,data/processed/native/96085-04-15-00.npz,response_specific_EBOUNDS,d89282c1ea8e1aa4b09513b3fcac0d091988a738445727fec4748f04215b11b5,xp96085041500.rsp.gz,PCA_OGIP_RATE43_OVERLAP_V1,43,5.0,25.0
96085-04-16-00,46,4.846187591552734,25.527374267578125,c42e6009875708e6567feb1860fd0b15a4b1c97eaf6680b280e43e7084012b4d,data/processed/native/96085-04-16-00.npz,response_specific_EBOUNDS,4577ff13a600c8b564cf54a2e6fe0489a88cd16cd5c1f0b9737e7f7457b387e6,xp96085041600.rsp.gz,PCA_OGIP_RATE43_OVERLAP_V1,43,5.0,25.0
96085-04-17-00,46,4.845993518829346,25.52631187438965,7535dd5eb3cd3cf298b4c55158d4941ea94359eca5b62489812f9017daaa8ece,data/processed/native/96085-04-17-00.npz,response_specific_EBOUNDS,cbea2a5e0dad991dd061e3f18563dbb24af2a62484574ca942486e2db740d9cf,xp96085041700.rsp.gz,PCA_OGIP_RATE43_OVERLAP_V1,43,5.0,25.0
96085-04-19-00,46,4.845577716827393,25.52403450012207,6df37f9ff284ca835cc2eccae951434aa846179a5644f5bde3b4cdad055e42dd,data/processed/native/96085-04-19-00.npz,response_specific_EBOUNDS,5f272dd873aba21b2db283bcde3ec04714d63806ab1d64848c0171b2654b2708,xp96085041900.rsp.gz,PCA_OGIP_RATE43_OVERLAP_V1,43,5.0,25.0
96085-04-20-00,46,4.8453288078308105,25.522668838500977,198b77aea8d576fe3c353854e381a66cdb68b0232b5931ceeb5d57b4527aeebd,data/processed/native/96085-04-20-00.npz,response_specific_EBOUNDS,0e5bc89672b8b399894755f040f5881160bf0e591967f2d062c40b8ffa253d21,xp96085042000.rsp.gz,PCA_OGIP_RATE43_OVERLAP_V1,43,5.0,25.0
96085-04-23-00,46,4.844775199890137,25.519634246826172,d8f54556ceb5bcf8a9cfdaa0434c1676339a3f6f92efd84e8866a78118135389,data/processed/native/96085-04-23-00.npz,response_specific_EBOUNDS,0f10be8620f320436fe01b35055f21050afc2946dc3b5be171ea128809be09cc,xp96085042300.rsp.gz,PCA_OGIP_RATE43_OVERLAP_V1,43,5.0,25.0
96085-04-25-00,46,4.844498157501221,25.518115997314453,8a6b684839c26c5a055d15074d1c9dbdc122ae7975a0060c9ca9a8ec85d9ddf6,data/processed/native/96085-04-25-00.npz,response_specific_EBOUNDS,2322eebbe8734e036682f06c582924986d9a386f43125ae6be8ce4277caae109,xp96085042500.rsp.gz,PCA_OGIP_RATE43_OVERLAP_V1,43,5.0,25.0
96085-04-26-00,46,4.844082832336426,25.515840530395508,ca0da7135cbdc77e64ea683bac740017a66bada9032020b6402bd7a8c2ab7563,data/processed/native/96085-04-26-00.npz,response_specific_EBOUNDS,476a579122fc5cd6ed039374768bd632583f85cb578116f182da058d40fb7b5a,xp96085042600.rsp.gz,PCA_OGIP_RATE43_OVERLAP_V1,43,5.0,25.0
96085-04-28-00,46,4.8433356285095215,25.511747360229492,8d2da3b3effae8b51fc49447ad1a34ea6e0ab75cc057893422445d6d6715d3dc,data/processed/native/96085-04-28-00.npz,response_specific_EBOUNDS,730d51743f054d7c6cfb4efa9c749cc753f37d476745a70ef75d3fc2335d66e1,xp96085042800.rsp.gz,PCA_OGIP_RATE43_OVERLAP_V1,43,5.0,25.0
96085-04-29-00,46,4.84352970123291,25.51280975341797,d8f6a7a0952f76b45a8627e839944775adacab7efb73d61d66e953409d6c72d6,data/processed/native/96085-04-29-00.npz,response_specific_EBOUNDS,59b6df2b17819cc820cbce67836e123043ba4ed5ef1d07830074753ca61a8ee6,xp96085042900.rsp.gz,PCA_OGIP_RATE43_OVERLAP_V1,43,5.0,25.0
96085-04-30-00,46,4.843059062957764,25.510229110717773,8167da3e43637bd28fb69402cefcc3cf8c6b0993f44156f92230895df248b9c6,data/processed/native/96085-04-30-00.npz,response_specific_EBOUNDS,060851d6951c2809b40055d71849340127c8607e954713256f4ee94c2ef9f4c1,xp96085043000.rsp.gz,PCA_OGIP_RATE43_OVERLAP_V1,43,5.0,25.0
96085-04-31-00,46,4.842920780181885,25.509471893310547,1f95a246ffefe7e1b9ea1662e20041344a044e539cceefee8e85398e78ac8c89,data/processed/native/96085-04-31-00.npz,response_specific_EBOUNDS,14d928df7a8ff280dbecabcbf1d7d4c8b62af7626d4a6762d88bd5f98d19ad92,xp96085043100.rsp.gz,PCA_OGIP_RATE43_OVERLAP_V1,43,5.0,25.0
96085-04-33-00,46,4.842367649078369,25.506441116333008,b5f32b731524fa47caa0f986607b73be70f438df54ec0f6782a990b50412db0f,data/processed/native/96085-04-33-00.npz,response_specific_EBOUNDS,9cd0b56863a0f614d53aaa7f23349adfe16b41713a0f204f1f16455c28ea06a6,xp96085043300.rsp.gz,PCA_OGIP_RATE43_OVERLAP_V1,43,5.0,25.0
96087-01-25-00,46,4.849347114562988,25.544694900512695,84c5bad6f608bbeb601a560cc2e2850e54fce73b9f532813ddd6d8892bc5fe8f,data/processed/native/96087-01-25-00.npz,response_specific_EBOUNDS,be79a56ef4e3d598dd2f8c590cb900d5018c73ffa5da667ae3235566812fca98,xp96087012500.rsp.gz,PCA_OGIP_RATE43_OVERLAP_V1,43,5.0,25.0
96087-01-28-10,46,4.843750953674316,25.514020919799805,d1fe48065a44452eae714767a446fe68adbff11d87d0e0d1b977ce68f7c39674,data/processed/native/96087-01-28-10.npz,response_specific_EBOUNDS,56f2fa5ca021b7fb38b4289b38b9e21fd5ca287172076e75a2899d664a836dfe,xp96087012810.rsp.gz,PCA_OGIP_RATE43_OVERLAP_V1,43,5.0,25.0
96087-01-77-00,46,4.84646463394165,25.528894424438477,09a2d4b971b8bd96e2bb4a8c8f33e596166d24f3cf3654cf8dfdeb37ae6ffcaf,data/processed/native/96087-01-77-00.npz,response_specific_EBOUNDS,b4fcae60b6c295bb077eef5b17ef07118f1c5c96fd80c278d6e017f610ffdbf6,xp96087017700.rsp.gz,PCA_OGIP_RATE43_OVERLAP_V1,43,5.0,25.0
96087-01-84-10,46,4.840653419494629,25.497047424316406,f91c343b400f1a01719187f28885b73f9bf488941af98b0c662b72e7a7222734,data/processed/native/96087-01-84-10.npz,response_specific_EBOUNDS,3421ae752ca0037da6a72150aaafef37c3e3f9a437bb4901e083494a1fdf204e,xp96087018410.rsp.gz,PCA_OGIP_RATE43_OVERLAP_V1,43,5.0,25.0
96307-01-04-00,46,4.840819358825684,25.497955322265625,a9cd2f8abcdf6ee7f943a76b335a6c050131ced62d48c381a58c30b84912fd4f,data/processed/native/96307-01-04-00.npz,response_specific_EBOUNDS,2642406a1d503b6a6a7d265d81e2a22852dc05e58e7ccccbf40569613549548a,xp96307010400.rsp.gz,PCA_OGIP_RATE43_OVERLAP_V1,43,5.0,25.0
96307-01-10-00,46,4.840653419494629,25.497047424316406,f91c343b400f1a01719187f28885b73f9bf488941af98b0c662b72e7a7222734,data/processed/native/96307-01-10-00.npz,response_specific_EBOUNDS,e4d8337d0543817413698ad18d508e49a4bbb1dc236c8258a3f149133d1be32c,xp96307011000.rsp.gz,PCA_OGIP_RATE43_OVERLAP_V1,43,5.0,25.0
96322-01-02-01,46,4.843833923339844,25.514476776123047,bd5728baca5e13b720237cb2b6914befffdb1b13666dd57b5624bf26a582b37d,data/processed/native/96322-01-02-01.npz,response_specific_EBOUNDS,25c9456285562a8cc764034c0008709ce117bb5d3a8ee1f5dd53205723df3324,xp96322010201.rsp.gz,PCA_OGIP_RATE43_OVERLAP_V1,43,5.0,25.0
96322-01-05-00,46,4.8429484367370605,25.509624481201172,58497441dafca31ab111d9b798e40962262ae1c53b1549c0d4ac22a146b9d1d9,data/processed/native/96322-01-05-00.npz,response_specific_EBOUNDS,8f0291d00f3307179fbc9c63c4e4966836403ae96b688c7c13737b4773ab6990,xp96322010500.rsp.gz,PCA_OGIP_RATE43_OVERLAP_V1,43,5.0,25.0
96325-01-01-03,46,4.8471293449401855,25.53253936767578,16d2beb5a8d8b4ee2e8d72d2836d6a90d0abc7858c9219db2a22a56b80d84608,data/processed/native/96325-01-01-03.npz,response_specific_EBOUNDS,5187ee2a94c803a364b0d6184cdf3579cd6ae008a23ca27b5d4a0a7c3e24815f,xp96325010103.rsp.gz,PCA_OGIP_RATE43_OVERLAP_V1,43,5.0,25.0
96331-01-01-00,46,4.8442769050598145,25.516904830932617,9530fa6b0a04ef4db9de01a216d704a0bd5a421215bcffabe2148bdd51405ab9,data/processed/native/96331-01-01-00.npz,response_specific_EBOUNDS,81622fcd85ee570e45332159452ce9f78c8285f63b38da3b0fdf196b675df61b,xp96331010100.rsp.gz,PCA_OGIP_RATE43_OVERLAP_V1,43,5.0,25.0
96331-01-03-02,46,4.843059062957764,25.510229110717773,8167da3e43637bd28fb69402cefcc3cf8c6b0993f44156f92230895df248b9c6,data/processed/native/96331-01-03-02.npz,response_specific_EBOUNDS,8a770041a364e3cb3ea164c3c9efa30c750772312a68e922c2e3c4be7f774b24,xp96331010302.rsp.gz,PCA_OGIP_RATE43_OVERLAP_V1,43,5.0,25.0
96401-01-06-10,46,4.840653419494629,25.497047424316406,f91c343b400f1a01719187f28885b73f9bf488941af98b0c662b72e7a7222734,data/processed/native/96401-01-06-10.npz,response_specific_EBOUNDS,686f0600ec34447f99be5ca3e2f022ac640084410e8e7c7739acfc1ae0b60833,xp96401010610.rsp.gz,PCA_OGIP_RATE43_OVERLAP_V1,43,5.0,25.0
96401-01-12-00,46,4.849596977233887,25.546062469482422,4bf1c26f0941ab3d8da7515ddfaa72ebfe6d146a6f7ee80f3dbcb76eaac7abe5,data/processed/native/96401-01-12-00.npz,response_specific_EBOUNDS,a559eeba4f5702f200b663fbec72d0390f8094e58a353f178ebbafc531030e94,xp96401011200.rsp.gz,PCA_OGIP_RATE43_OVERLAP_V1,43,5.0,25.0
96401-01-28-00,46,4.848016262054443,25.537399291992188,9afd490a1c015470e9771e86971e3d6dfae70187dea59e4f269591d87de3f515,data/processed/native/96401-01-28-00.npz,response_specific_EBOUNDS,7406b212121b6d52f58c6602748785200f297924352940a71573916273be97a4,xp96401012800.rsp.gz,PCA_OGIP_RATE43_OVERLAP_V1,43,5.0,25.0
96401-01-43-00,46,4.8465752601623535,25.529499053955078,e4b2af454031e4df8a53794c3ba758dbab6a44d2523897b89c506b4bf8e8d7ad,data/processed/native/96401-01-43-00.npz,response_specific_EBOUNDS,763d50c2d969af67865d38a71c9630bf2c82143be4155b1e65bb676351c8e8df,xp96401014300.rsp.gz,PCA_OGIP_RATE43_OVERLAP_V1,43,5.0,25.0
96401-01-58-00,46,4.84513521194458,25.521608352661133,4508ce8563a21a8153f6b4e20668eb94ceae8ca81282d61664f2a98fb131f1f3,data/processed/native/96401-01-58-00.npz,response_specific_EBOUNDS,2f7b54e2d7467a467654bc2a1979be4b0986db15b7b28ba10ff5fe9770c0c91a,xp96401015800.rsp.gz,PCA_OGIP_RATE43_OVERLAP_V1,43,5.0,25.0
96401-01-74-00,46,4.843557357788086,25.512962341308594,28bb1ed7141d095e9b5424f2d34634a80992b3499620950aeb68acb130a17d96,data/processed/native/96401-01-74-00.npz,response_specific_EBOUNDS,cb5cf44891052fd46d467bde379e60fedbca7373af0e3c0d27dd42c5eb51f0b8,xp96401017400.rsp.gz,PCA_OGIP_RATE43_OVERLAP_V1,43,5.0,25.0
96401-01-89-00,46,4.842091083526611,25.504924774169922,e1509c4c36388a7387d12c9a67d5b2da4bad4589022bff8c9c5ffa1034cdef44,data/processed/native/96401-01-89-00.npz,response_specific_EBOUNDS,e5aa54db0490c7871c59e65cfcdbd97dd931bef8bdf6ca879162241b42de40fe,xp96401018900.rsp.gz,PCA_OGIP_RATE43_OVERLAP_V1,43,5.0,25.0
96404-01-02-00,46,4.850457191467285,25.550777435302734,3957304b0da1c5d65bac3fb73dbcdb7ab804265d4c240d7f8fabb1d4b6ad8084,data/processed/native/96404-01-02-00.npz,response_specific_EBOUNDS,013d638b0c11de6a8f3cbdfbeabe084d7bd1f82333a28d472a60facfab7f9891,xp96404010200.rsp.gz,PCA_OGIP_RATE43_OVERLAP_V1,43,5.0,25.0
96409-01-02-03,46,4.850346088409424,25.550168991088867,506ca177d81b7e1320dcb0cac85fa04ef118a0bd31329a5fbcb3d65afe5a9a2d,data/processed/native/96409-01-02-03.npz,response_specific_EBOUNDS,61001bf2ae591e7856514a495f569a768c21b91901c2e8df439062798143b530,xp96409010203.rsp.gz,PCA_OGIP_RATE43_OVERLAP_V1,43,5.0,25.0
96409-01-14-00,46,4.848071575164795,25.537702560424805,161d807d81236fc42283336fcd17e773aee1ba3afe4b4f591ea4cf1afb054d59,data/processed/native/96409-01-14-00.npz,response_specific_EBOUNDS,2a777b3f2fc534528ab99325ae9230bb205547e76a7a4bfddd6f4b2cafdbfd87,xp96409011400.rsp.gz,PCA_OGIP_RATE43_OVERLAP_V1,43,5.0,25.0
96423-01-13-01,46,4.845799922943115,25.525251388549805,6cad741987379277e8b184ca1197acfdca3a6f911c7492572d99e0784b72409d,data/processed/native/96423-01-13-01.npz,response_specific_EBOUNDS,bed1c418724c9c341aa2350365bc1650d10a87e6bc6584aceb07f53ea31f872f,xp96423011301.rsp.gz,PCA_OGIP_RATE43_OVERLAP_V1,43,5.0,25.0
96423-01-26-01,46,4.843280792236328,25.511444091796875,24253e13ccd9baf41c03d6969342a6ee117fdbe103130897ca2b624ec9bcef69,data/processed/native/96423-01-26-01.npz,response_specific_EBOUNDS,37a78f7c44138fdbe061b771b9ac7b74351d02345daffbeee8323c40224ce96d,xp96423012601.rsp.gz,PCA_OGIP_RATE43_OVERLAP_V1,43,5.0,25.0
96423-01-39-02,46,4.840681076049805,25.4971981048584,f19a603ae115cdb6873a7ffd9e78539c5ae0c036c788450b1c441370d0b04f4a,data/processed/native/96423-01-39-02.npz,response_specific_EBOUNDS,99ab0ab3d0dfdf14890396129f2a3fdee9153485e19b1c9c8c5cee724a416557,xp96423013902.rsp.gz,PCA_OGIP_RATE43_OVERLAP_V1,43,5.0,25.0
96429-01-02-00,46,4.846602916717529,25.529653549194336,6748191097aa96c72b03d05f9bd16b7bf901a875b8acbc5fb2478f645553ddfc,data/processed/native/96429-01-02-00.npz,response_specific_EBOUNDS,227b732765e4f5cf8acd6af67f9b608188787efc0692925fcc8bf76b21dedca3,xp96429010200.rsp.gz,PCA_OGIP_RATE43_OVERLAP_V1,43,5.0,25.0
96429-01-02-02,46,4.846491813659668,25.52904510498047,13ee4ce59064775259f7aa9978177949fe89d8ac695312a99592f00ae8ace952,data/processed/native/96429-01-02-02.npz,response_specific_EBOUNDS,1a2ef4925696edbf45374642bb55340855ae82d8621a859502193dc32847fa6a,xp96429010202.rsp.gz,PCA_OGIP_RATE43_OVERLAP_V1,43,5.0,25.0
96429-01-04-00,46,4.84621524810791,25.527528762817383,2e52a2bcc52ccb680daf4b6f35fd870a082d81579d5c31e45b3cb39ad8f76ea3,data/processed/native/96429-01-04-00.npz,response_specific_EBOUNDS,9605c299207b3f123b293f1e5fe5dc8e11e477efaadca01eeb9399bd000d76ef,xp96429010400.rsp.gz,PCA_OGIP_RATE43_OVERLAP_V1,43,5.0,25.0
96429-01-05-00,46,4.846048831939697,25.5266170501709,c7b85943cc57b8b9bfa861c86695e983f70c24796abd8675d2a9e98733d13a8d,data/processed/native/96429-01-05-00.npz,response_specific_EBOUNDS,10cf7d20761c68c5cd0ce648f7d5eea4f38546133a00ef7688df35e64f3f7595,xp96429010500.rsp.gz,PCA_OGIP_RATE43_OVERLAP_V1,43,5.0,25.0
96429-01-06-02,46,4.8457441329956055,25.524946212768555,eafb63c67aab2ac818f4b06221b4960f111b83a79980668af55cf4ad3cea9b98,data/processed/native/96429-01-06-02.npz,response_specific_EBOUNDS,a96eecd0af79a1ec63be13a75b6fadb667eefcd333f8dcb247797463493c8b79,xp96429010602.rsp.gz,PCA_OGIP_RATE43_OVERLAP_V1,43,5.0,25.0
96429-01-07-00,46,4.845605850219727,25.524187088012695,423abbc00a3f88eacbd458708c5378c972e75864ff7aa7df9f9de055b76552dd,data/processed/native/96429-01-07-00.npz,response_specific_EBOUNDS,87225bb4c62a3267478377df906f27ff63c39d636bd5ed132ba29d8ef0d35350,xp96429010700.rsp.gz,PCA_OGIP_RATE43_OVERLAP_V1,43,5.0,25.0
96429-01-08-01,46,4.845411777496338,25.52312469482422,c407e1b6142593601ff54c6aa1ffb17d85fba9429eeb4ace4af151b545d0cb90,data/processed/native/96429-01-08-01.npz,response_specific_EBOUNDS,1367d620cdb6533d135fa4097163699318b02834d9ade85ca8713440a5a58842,xp96429010801.rsp.gz,PCA_OGIP_RATE43_OVERLAP_V1,43,5.0,25.0
96429-01-08-03,46,4.845301151275635,25.522518157958984,dc98367d2684715cdebb6acfd595519c5eb1c96d57411ee838afcb12b4f3f109,data/processed/native/96429-01-08-03.npz,response_specific_EBOUNDS,3eb93b4241f0f2c63d725261e0c58562055e5b34fc1c351558346942bf464cf7,xp96429010803.rsp.gz,PCA_OGIP_RATE43_OVERLAP_V1,43,5.0,25.0
96437-01-02-00,46,4.843916893005371,25.514930725097656,b9508f77a5796ed2df9aef4df1030dd8fdcd66641874afe73981530bcc4c3aa2,data/processed/native/96437-01-02-00.npz,response_specific_EBOUNDS,4d1e3f7b8eb2358a0547f5c3244e77d0de8209aa743f9c1b889212b779690c7f,xp96437010200.rsp.gz,PCA_OGIP_RATE43_OVERLAP_V1,43,5.0,25.0
96440-01-02-00,46,4.842478275299072,25.50704574584961,5b5aa0a94a53d857a4ad47d947f51420f4face26f917fec3e83093a9eada6d73,data/processed/native/96440-01-02-00.npz,response_specific_EBOUNDS,88b4313cf68434107190fa5586dffe4adb57fbdae4b934659edb71e4aedcd400,xp96440010200.rsp.gz,PCA_OGIP_RATE43_OVERLAP_V1,43,5.0,25.0
96440-01-05-04,46,4.841869831085205,25.503713607788086,2c8da68a3780bb437e31a1e12333d4d0419a3e69709fc2c771a0a66f733fc21c,data/processed/native/96440-01-05-04.npz,response_specific_EBOUNDS,c9d983505cf192f6b18ef8f30d6eb031f68999f39e1dd5c2c83d04ba2af4e0a6,xp96440010504.rsp.gz,PCA_OGIP_RATE43_OVERLAP_V1,43,5.0,25.0
96440-01-08-06,46,4.841233730316162,25.500226974487305,90f9dbf182011620273febbcf7944c6133d755f76214017fcaae4cebc0894d6e,data/processed/native/96440-01-08-06.npz,response_specific_EBOUNDS,24b0a9b0382928534ec06f82f87bd049b7b7178b7038031065b8b07352c2e4c7,xp96440010806.rsp.gz,PCA_OGIP_RATE43_OVERLAP_V1,43,5.0,25.0
96440-01-10-05,46,4.840874671936035,25.498260498046875,2ac38f4f0d9def6f78186a768557e1f43d331017ef1bba9e6f455c41cff4e919,data/processed/native/96440-01-10-05.npz,response_specific_EBOUNDS,8078cf96459edc2bd63a770d0c720ced8142bb7aa3d11127816d635e894dd8e2,xp96440011005.rsp.gz,PCA_OGIP_RATE43_OVERLAP_V1,43,5.0,25.0
