obsid,canonical_source,class_label,start_time,exposure,target_name,FPMA_available,FPMB_available,archive_status,download_status,processing_status,exclusion_reason,source_id,exposure_a,exposure_b,public_date_mjd,pointing_separation_arcmin,identity_status,census_candidate,issue_flag,comments,solar_activity,data_gap,nupsdout,archive_cycle,archive_url
30001002001,1A 1742-289,NS,2012-07-20T02:11:11.040,155667.3737,SgrAstar,CATALOG_POSITIVE_EXPOSURE,CATALOG_POSITIVE_EXPOSURE,PUBLIC_ARCHIVED,NOT_DOWNLOADED,NOT_ATTEMPTED,NAME_REVIEW_REQUIRED,1a_1742_289,156788.6692,155667.3737,57112,1.6507143150850117,REVIEW_REQUIRED,False,1,STELLAR,null,42,null,0,https://heasarc.gsfc.nasa.gov/FTP/nustar/data/obs/00/3/30001002001/
30001002002,1A 1742-289,NS,2012-08-04T01:06:05.760,11985.8666,SgrAstar,CATALOG_POSITIVE_EXPOSURE,CATALOG_POSITIVE_EXPOSURE,PUBLIC_ARCHIVED,NOT_DOWNLOADED,NOT_ATTEMPTED,NAME_REVIEW_REQUIRED,1a_1742_289,12086.3827,11985.8666,57112,1.208274497076801,REVIEW_REQUIRED,False,1,OA on DET3,null,0,null,0,https://heasarc.gsfc.nasa.gov/FTP/nustar/data/obs/00/3/30001002002/
30001002003,1A 1742-289,NS,2012-08-04T07:56:03.840,76848.208,SgrAstar,CATALOG_POSITIVE_EXPOSURE,CATALOG_POSITIVE_EXPOSURE,PUBLIC_ARCHIVED,NOT_DOWNLOADED,NOT_ATTEMPTED,NAME_REVIEW_REQUIRED,1a_1742_289,77960.65,76848.208,57112,1.648461355639766,REVIEW_REQUIRED,False,1,OA on DET3,Solar flare,0,null,0,https://heasarc.gsfc.nasa.gov/FTP/nustar/data/obs/00/3/30001002003/
30001002004,1A 1742-289,NS,2012-10-16T18:31:06.240,49609.5544,SgrAstar,CATALOG_POSITIVE_EXPOSURE,CATALOG_POSITIVE_EXPOSURE,PUBLIC_ARCHIVED,NOT_DOWNLOADED,NOT_ATTEMPTED,NAME_REVIEW_REQUIRED,1a_1742_289,50165.2617,49609.5544,57112,1.4636492480859045,REVIEW_REQUIRED,False,0,null,null,0,null,0,https://heasarc.gsfc.nasa.gov/FTP/nustar/data/obs/00/3/30001002004/
30001002006,1A 1742-289,NS,2013-04-26T01:01:03.360,37063.0917,SgrAstar,CATALOG_POSITIVE_EXPOSURE,CATALOG_POSITIVE_EXPOSURE,PUBLIC_ARCHIVED,NOT_DOWNLOADED,NOT_ATTEMPTED,NAME_REVIEW_REQUIRED,1a_1742_289,37063.0917,37293.8233,57112,2.124699068239193,REVIEW_REQUIRED,False,0,ToO,null,0,null,0,https://heasarc.gsfc.nasa.gov/FTP/nustar/data/obs/00/3/30001002006/
30001002008,1A 1742-289,NS,2014-06-18T02:21:07.200,32774.8726,SgrAstar,CATALOG_POSITIVE_EXPOSURE,CATALOG_POSITIVE_EXPOSURE,PUBLIC_ARCHIVED,NOT_DOWNLOADED,NOT_ATTEMPTED,NAME_REVIEW_REQUIRED,1a_1742_289,33174.8164,32774.8726,57112,0.9638383930162524,REVIEW_REQUIRED,False,0,null,null,0,null,0,https://heasarc.gsfc.nasa.gov/FTP/nustar/data/obs/00/3/30001002008/
30001002010,1A 1742-289,NS,2014-07-04T10:36:02.880,61146.3575,SgrAstar,CATALOG_POSITIVE_EXPOSURE,CATALOG_POSITIVE_EXPOSURE,PUBLIC_ARCHIVED,NOT_DOWNLOADED,NOT_ATTEMPTED,NAME_REVIEW_REQUIRED,1a_1742_289,61489.6234,61146.3575,57112,2.202751220845168,REVIEW_REQUIRED,False,0,null,null,0,null,0,https://heasarc.gsfc.nasa.gov/FTP/nustar/data/obs/00/3/30001002010/
30002002002,1A 1742-289,NS,2014-08-30T19:46:07.680,59942.6616,SgrAstar,CATALOG_POSITIVE_EXPOSURE,CATALOG_POSITIVE_EXPOSURE,PUBLIC_ARCHIVED,NOT_DOWNLOADED,NOT_ATTEMPTED,NAME_REVIEW_REQUIRED,1a_1742_289,60309.2369,59942.6616,57513,1.4310391636402304,REVIEW_REQUIRED,False,0,null,null,0,null,0,https://heasarc.gsfc.nasa.gov/FTP/nustar/data/obs/00/3/30002002002/
30002002004,1A 1742-289,NS,2014-09-27T17:31:03.360,67583.3421,SgrAstar,CATALOG_POSITIVE_EXPOSURE,CATALOG_POSITIVE_EXPOSURE,PUBLIC_ARCHIVED,NOT_DOWNLOADED,NOT_ATTEMPTED,NAME_REVIEW_REQUIRED,1a_1742_289,67839.6769,67583.3421,57513,1.2687194420017682,REVIEW_REQUIRED,False,0,null,null,0,null,0,https://heasarc.gsfc.nasa.gov/FTP/nustar/data/obs/00/3/30002002004/
30002002006,1A 1742-289,NS,2015-02-25T23:41:08.160,29593.5527,SgrAstar,CATALOG_POSITIVE_EXPOSURE,CATALOG_POSITIVE_EXPOSURE,PUBLIC_ARCHIVED,NOT_DOWNLOADED,NOT_ATTEMPTED,NAME_REVIEW_REQUIRED,1a_1742_289,29593.5527,29663.7593,57513,2.9649953526073904,REVIEW_REQUIRED,False,0,null,null,0,null,0,https://heasarc.gsfc.nasa.gov/FTP/nustar/data/obs/00/3/30002002006/
30002002008,1A 1742-289,NS,2015-03-31T04:41:05.280,25714.756,SgrAstar,CATALOG_POSITIVE_EXPOSURE,CATALOG_POSITIVE_EXPOSURE,PUBLIC_ARCHIVED,NOT_DOWNLOADED,NOT_ATTEMPTED,NAME_REVIEW_REQUIRED;POSITION_REVIEW_REQUIRED,1a_1742_289,25714.756,25786.33,57513,3.4885923168026722,REVIEW_REQUIRED,False,0,null,null,0,null,0,https://heasarc.gsfc.nasa.gov/FTP/nustar/data/obs/00/3/30002002008/
30002002010,1A 1742-289,NS,2015-04-01T06:31:06.240,14379.3486,SgrAstar,CATALOG_POSITIVE_EXPOSURE,CATALOG_POSITIVE_EXPOSURE,PUBLIC_ARCHIVED,NOT_DOWNLOADED,NOT_ATTEMPTED,NAME_REVIEW_REQUIRED,1a_1742_289,14379.3486,14440.6508,57513,2.5310569842969777,REVIEW_REQUIRED,False,0,null,null,0,null,0,https://heasarc.gsfc.nasa.gov/FTP/nustar/data/obs/00/3/30002002010/
30002002012,1A 1742-289,NS,2015-04-02T08:21:07.200,13169.1954,SgrAstar,CATALOG_POSITIVE_EXPOSURE,CATALOG_POSITIVE_EXPOSURE,PUBLIC_ARCHIVED,NOT_DOWNLOADED,NOT_ATTEMPTED,NAME_REVIEW_REQUIRED,1a_1742_289,13169.1954,13224.907,57513,2.5467214177765447,REVIEW_REQUIRED,False,0,null,null,0,null,0,https://heasarc.gsfc.nasa.gov/FTP/nustar/data/obs/00/3/30002002012/
30302006002,1A 1742-289,NS,2017-04-06T01:21:12.960,65020.7746,SgrAstar,CATALOG_POSITIVE_EXPOSURE,CATALOG_POSITIVE_EXPOSURE,PUBLIC_ARCHIVED,NOT_DOWNLOADED,NOT_ATTEMPTED,NAME_REVIEW_REQUIRED,1a_1742_289,65020.7746,65093.4169,57857,2.6772611664219506,REVIEW_REQUIRED,False,0,(1/3),null,0,null,3,https://heasarc.gsfc.nasa.gov/FTP/nustar/data/obs/03/3/30302006002/
30302006004,1A 1742-289,NS,2017-04-11T03:51:07.200,18579.9472,SgrAstar,CATALOG_POSITIVE_EXPOSURE,CATALOG_POSITIVE_EXPOSURE,PUBLIC_ARCHIVED,NOT_DOWNLOADED,NOT_ATTEMPTED,NAME_REVIEW_REQUIRED,1a_1742_289,18579.9472,18604.3111,57857,2.73117350497874,REVIEW_REQUIRED,False,0,(2/3),null,0,null,3,https://heasarc.gsfc.nasa.gov/FTP/nustar/data/obs/03/3/30302006004/
30302006006,1A 1742-289,NS,2017-04-12T05:36:05.760,20343.2806,SgrAstar,CATALOG_POSITIVE_EXPOSURE,CATALOG_POSITIVE_EXPOSURE,PUBLIC_ARCHIVED,NOT_DOWNLOADED,NOT_ATTEMPTED,NAME_REVIEW_REQUIRED,1a_1742_289,20343.2806,20378.9888,57869,2.3398941527718033,REVIEW_REQUIRED,False,0,(3/3),null,0,null,3,https://heasarc.gsfc.nasa.gov/FTP/nustar/data/obs/03/3/30302006006/
30302007002,1A 1742-289,NS,2017-07-15T22:51:10.080,45872.2084,SgrAstar,CATALOG_POSITIVE_EXPOSURE,CATALOG_POSITIVE_EXPOSURE,PUBLIC_ARCHIVED,NOT_DOWNLOADED,NOT_ATTEMPTED,NAME_REVIEW_REQUIRED,1a_1742_289,46156.994,45872.2084,57960,1.4253114699169396,REVIEW_REQUIRED,False,1,(1/2) / Kp=6,Solar CME,0,null,3,https://heasarc.gsfc.nasa.gov/FTP/nustar/data/obs/03/3/30302007002/
30302007004,1A 1742-289,NS,2017-07-25T22:36:11.520,51302.7302,SgrAstar,CATALOG_POSITIVE_EXPOSURE,CATALOG_POSITIVE_EXPOSURE,PUBLIC_ARCHIVED,NOT_DOWNLOADED,NOT_ATTEMPTED,NAME_REVIEW_REQUIRED,1a_1742_289,51569.624,51302.7302,57970,1.5244223449892809,REVIEW_REQUIRED,False,0,(2/2),null,0,null,3,https://heasarc.gsfc.nasa.gov/FTP/nustar/data/obs/03/3/30302007004/
30502005002,1A 1742-289,NS,2019-03-24T21:11:05.280,15420.7966,SgrAstar,CATALOG_POSITIVE_EXPOSURE,CATALOG_POSITIVE_EXPOSURE,PUBLIC_ARCHIVED,NOT_DOWNLOADED,NOT_ATTEMPTED,NAME_REVIEW_REQUIRED;POSITION_REVIEW_REQUIRED,1a_1742_289,15455.155,15420.7966,58570,3.366052812724478,REVIEW_REQUIRED,False,0,null,null,0,null,5,https://heasarc.gsfc.nasa.gov/FTP/nustar/data/obs/05/3/30502005002/
30502005004,1A 1742-289,NS,2019-03-29T04:11:08.160,152778.6248,SgrAstar,CATALOG_POSITIVE_EXPOSURE,CATALOG_POSITIVE_EXPOSURE,PUBLIC_ARCHIVED,NOT_DOWNLOADED,NOT_ATTEMPTED,NAME_REVIEW_REQUIRED;POSITION_REVIEW_REQUIRED,1a_1742_289,153015.4806,152778.6248,58584,3.1253309324579144,REVIEW_REQUIRED,False,0,null,null,0,null,5,https://heasarc.gsfc.nasa.gov/FTP/nustar/data/obs/05/3/30502005004/
30502006002,1A 1742-289,NS,2019-07-17T21:51:07.200,38158.0589,SgrAstar,CATALOG_POSITIVE_EXPOSURE,CATALOG_POSITIVE_EXPOSURE,PUBLIC_ARCHIVED,NOT_DOWNLOADED,NOT_ATTEMPTED,NAME_REVIEW_REQUIRED,1a_1742_289,38556.2473,38158.0589,58693,1.5813780467082597,REVIEW_REQUIRED,False,0,(1/2),null,0,null,5,https://heasarc.gsfc.nasa.gov/FTP/nustar/data/obs/05/3/30502006002/
30502006004,1A 1742-289,NS,2019-07-26T00:41:11.040,34372.2845,SgrAstar,CATALOG_POSITIVE_EXPOSURE,CATALOG_POSITIVE_EXPOSURE,PUBLIC_ARCHIVED,NOT_DOWNLOADED,NOT_ATTEMPTED,NAME_REVIEW_REQUIRED,1a_1742_289,34749.5942,34372.2845,58711,1.6694766391085252,REVIEW_REQUIRED,False,0,(2/2),null,0,null,5,https://heasarc.gsfc.nasa.gov/FTP/nustar/data/obs/05/3/30502006004/
30502014002,1A 1742-289,NS,2019-08-13T16:26:06.720,99883.6927,SgrAstar,CATALOG_POSITIVE_EXPOSURE,CATALOG_POSITIVE_EXPOSURE,PUBLIC_ARCHIVED,NOT_DOWNLOADED,NOT_ATTEMPTED,NAME_REVIEW_REQUIRED,1a_1742_289,100861.5374,99883.6927,59730,1.3406029476864567,REVIEW_REQUIRED,False,0,(1/2),null,0,null,5,https://heasarc.gsfc.nasa.gov/FTP/nustar/data/obs/05/3/30502014002/
30502014004,1A 1742-289,NS,2019-08-19T19:01:12.000,19490.5849,SgrAstar,CATALOG_POSITIVE_EXPOSURE,CATALOG_POSITIVE_EXPOSURE,PUBLIC_ARCHIVED,NOT_DOWNLOADED,NOT_ATTEMPTED,NAME_REVIEW_REQUIRED,1a_1742_289,19686.983,19490.5849,59730,1.4032271414756452,REVIEW_REQUIRED,False,0,(2/2),null,0,null,5,https://heasarc.gsfc.nasa.gov/FTP/nustar/data/obs/05/3/30502014004/
30502014006,1A 1742-289,NS,2021-03-30T04:46:07.680,52123.5415,SgrAstar,CATALOG_POSITIVE_EXPOSURE,CATALOG_POSITIVE_EXPOSURE,PUBLIC_ARCHIVED,NOT_DOWNLOADED,NOT_ATTEMPTED,NAME_REVIEW_REQUIRED;POSITION_REVIEW_REQUIRED,1a_1742_289,52551.0122,52123.5415,59730,4.163683653006983,REVIEW_REQUIRED,False,0,(2a/2),null,0,null,5,https://heasarc.gsfc.nasa.gov/FTP/nustar/data/obs/05/3/30502014006/
30502014008,1A 1742-289,NS,2021-05-23T04:56:12.480,19113.5012,SgrAstar,CATALOG_POSITIVE_EXPOSURE,CATALOG_POSITIVE_EXPOSURE,PUBLIC_ARCHIVED,NOT_DOWNLOADED,NOT_ATTEMPTED,NAME_REVIEW_REQUIRED;POSITION_REVIEW_REQUIRED,1a_1742_289,19241.8615,19113.5012,59730,3.7056253273801576,REVIEW_REQUIRED,False,1,(2b/2) / M-class flare,null,0,null,5,https://heasarc.gsfc.nasa.gov/FTP/nustar/data/obs/05/3/30502014008/
30502014010,1A 1742-289,NS,2021-05-24T01:51:10.080,55018.8207,SgrAstar,CATALOG_POSITIVE_EXPOSURE,CATALOG_POSITIVE_EXPOSURE,PUBLIC_ARCHIVED,NOT_DOWNLOADED,NOT_ATTEMPTED,NAME_REVIEW_REQUIRED;POSITION_REVIEW_REQUIRED,1a_1742_289,55434.8136,55018.8207,59730,3.064546845918635,REVIEW_REQUIRED,False,0,(2c/2),null,0,null,5,https://heasarc.gsfc.nasa.gov/FTP/nustar/data/obs/05/3/30502014010/
30602006002,1A 1742-289,NS,2020-03-26T03:46:13.440,26054.742,SgrAstar,CATALOG_POSITIVE_EXPOSURE,CATALOG_POSITIVE_EXPOSURE,PUBLIC_ARCHIVED,NOT_DOWNLOADED,NOT_ATTEMPTED,NAME_REVIEW_REQUIRED,1a_1742_289,26095.8933,26054.742,58956,2.990814664209449,REVIEW_REQUIRED,False,0,(1/3),null,0,null,6,https://heasarc.gsfc.nasa.gov/FTP/nustar/data/obs/06/3/30602006002/
30602006004,1A 1742-289,NS,2020-03-30T04:26:06.720,22456.4501,SgrAstar,CATALOG_POSITIVE_EXPOSURE,CATALOG_POSITIVE_EXPOSURE,PUBLIC_ARCHIVED,NOT_DOWNLOADED,NOT_ATTEMPTED,NAME_REVIEW_REQUIRED;POSITION_REVIEW_REQUIRED,1a_1742_289,22478.6379,22456.4501,58956,3.09603516480278,REVIEW_REQUIRED,False,0,(2/3),null,0,null,6,https://heasarc.gsfc.nasa.gov/FTP/nustar/data/obs/06/3/30602006004/
30602006006,1A 1742-289,NS,2020-03-31T04:36:11.520,23480.0375,SgrAstar,CATALOG_POSITIVE_EXPOSURE,CATALOG_POSITIVE_EXPOSURE,PUBLIC_ARCHIVED,NOT_DOWNLOADED,NOT_ATTEMPTED,NAME_REVIEW_REQUIRED;POSITION_REVIEW_REQUIRED,1a_1742_289,23504.9349,23480.0375,58956,3.90981009217086,REVIEW_REQUIRED,False,0,(3/3),null,0,null,6,https://heasarc.gsfc.nasa.gov/FTP/nustar/data/obs/06/3/30602006006/
30602020001,1A 1742-289,NS,2021-06-19T21:41:11.040,13668.4135,SgrAstar,CATALOG_POSITIVE_EXPOSURE,CATALOG_POSITIVE_EXPOSURE,PUBLIC_ARCHIVED,NOT_DOWNLOADED,NOT_ATTEMPTED,NAME_REVIEW_REQUIRED;POSITION_REVIEW_REQUIRED,1a_1742_289,13802.8315,13668.4135,60062,4.361188008691759,REVIEW_REQUIRED,False,0,(1/4) / INERTIAL only,null,0,null,6,https://heasarc.gsfc.nasa.gov/FTP/nustar/data/obs/06/3/30602020001/
30602020002,1A 1742-289,NS,2021-06-25T22:41:05.280,19975.1857,SgrAstar,CATALOG_POSITIVE_EXPOSURE,CATALOG_POSITIVE_EXPOSURE,PUBLIC_ARCHIVED,NOT_DOWNLOADED,NOT_ATTEMPTED,NAME_REVIEW_REQUIRED,1a_1742_289,20154.8636,19975.1857,60062,1.5293244107825912,REVIEW_REQUIRED,False,0,(2/4) / INERTIAL only,null,0,null,6,https://heasarc.gsfc.nasa.gov/FTP/nustar/data/obs/06/3/30602020002/
30602020004,1A 1742-289,NS,2021-07-29T20:06:08.640,20981.202,SgrAstar,CATALOG_POSITIVE_EXPOSURE,CATALOG_POSITIVE_EXPOSURE,PUBLIC_ARCHIVED,NOT_DOWNLOADED,NOT_ATTEMPTED,NAME_REVIEW_REQUIRED,1a_1742_289,21216.7085,20981.202,60062,2.3972314572857223,REVIEW_REQUIRED,False,0,(3/4),null,0,null,6,https://heasarc.gsfc.nasa.gov/FTP/nustar/data/obs/06/3/30602020004/
30602020006,1A 1742-289,NS,2022-03-20T03:36:08.640,33168.3832,SgrAstar,CATALOG_POSITIVE_EXPOSURE,CATALOG_POSITIVE_EXPOSURE,PUBLIC_ARCHIVED,NOT_DOWNLOADED,NOT_ATTEMPTED,NAME_REVIEW_REQUIRED;POSITION_REVIEW_REQUIRED,1a_1742_289,33370.0078,33168.3832,60062,3.664698857412359,REVIEW_REQUIRED,False,0,(4/5),null,0,null,6,https://heasarc.gsfc.nasa.gov/FTP/nustar/data/obs/06/3/30602020006/
30602020007,1A 1742-289,NS,2022-04-19T04:36:11.520,78.4474,SgrAstar,CATALOG_POSITIVE_EXPOSURE,CATALOG_POSITIVE_EXPOSURE,PUBLIC_ARCHIVED,NOT_DOWNLOADED,NOT_ATTEMPTED,NAME_REVIEW_REQUIRED;POSITION_REVIEW_REQUIRED,1a_1742_289,78.7582,78.4474,60062,3.4149709318128605,REVIEW_REQUIRED,False,0,STELLAR,null,0,null,6,https://heasarc.gsfc.nasa.gov/FTP/nustar/data/obs/06/3/30602020007/
30602020008,1A 1742-289,NS,2022-04-19T04:51:10.080,20414.5293,SgrAstar,CATALOG_POSITIVE_EXPOSURE,CATALOG_POSITIVE_EXPOSURE,PUBLIC_ARCHIVED,NOT_DOWNLOADED,NOT_ATTEMPTED,NAME_REVIEW_REQUIRED;POSITION_REVIEW_REQUIRED,1a_1742_289,20509.722,20414.5293,60062,3.6950391903625683,REVIEW_REQUIRED,False,1,(5/6) idiagnostics / SL-AB-all,null,0,null,6,https://heasarc.gsfc.nasa.gov/FTP/nustar/data/obs/06/3/30602020008/
30602020009,1A 1742-289,NS,2022-04-23T19:01:12.000,221.9326,SgrAstar,CATALOG_POSITIVE_EXPOSURE,CATALOG_POSITIVE_EXPOSURE,PUBLIC_ARCHIVED,NOT_DOWNLOADED,NOT_ATTEMPTED,NAME_REVIEW_REQUIRED;POSITION_REVIEW_REQUIRED,1a_1742_289,222.8338,221.9326,60062,3.6111985704948864,REVIEW_REQUIRED,False,0,STELLAR,null,0,null,6,https://heasarc.gsfc.nasa.gov/FTP/nustar/data/obs/06/3/30602020009/
30602020010,1A 1742-289,NS,2022-04-23T19:56:12.480,27115.5392,SgrAstar,CATALOG_POSITIVE_EXPOSURE,CATALOG_POSITIVE_EXPOSURE,PUBLIC_ARCHIVED,NOT_DOWNLOADED,NOT_ATTEMPTED,NAME_REVIEW_REQUIRED;POSITION_REVIEW_REQUIRED,1a_1742_289,27260.9112,27115.5392,60062,3.620985452114949,REVIEW_REQUIRED,False,0,(6/6) idiagnostics,null,0,null,6,https://heasarc.gsfc.nasa.gov/FTP/nustar/data/obs/06/3/30602020010/
30602022002,1A 1742-289,NS,2021-04-10T06:26:12.480,26354.9786,SgrAstar,CATALOG_POSITIVE_EXPOSURE,CATALOG_POSITIVE_EXPOSURE,PUBLIC_ARCHIVED,NOT_DOWNLOADED,NOT_ATTEMPTED,NAME_REVIEW_REQUIRED;POSITION_REVIEW_REQUIRED,1a_1742_289,26525.8612,26354.9786,59323,3.9677704553048243,REVIEW_REQUIRED,False,0,(1/4),null,0,null,6,https://heasarc.gsfc.nasa.gov/FTP/nustar/data/obs/06/3/30602022002/
30602022004,1A 1742-289,NS,2021-04-11T06:36:08.640,24840.9892,SgrAstar,CATALOG_POSITIVE_EXPOSURE,CATALOG_POSITIVE_EXPOSURE,PUBLIC_ARCHIVED,NOT_DOWNLOADED,NOT_ATTEMPTED,NAME_REVIEW_REQUIRED;POSITION_REVIEW_REQUIRED,1a_1742_289,25009.6058,24840.9892,59323,3.603423729819862,REVIEW_REQUIRED,False,0,(2/4),null,0,null,6,https://heasarc.gsfc.nasa.gov/FTP/nustar/data/obs/06/3/30602022004/
30602022006,1A 1742-289,NS,2021-04-14T02:11:11.040,19790.7585,SgrAstar,CATALOG_POSITIVE_EXPOSURE,CATALOG_POSITIVE_EXPOSURE,PUBLIC_ARCHIVED,NOT_DOWNLOADED,NOT_ATTEMPTED,NAME_REVIEW_REQUIRED;POSITION_REVIEW_REQUIRED,1a_1742_289,19950.7597,19790.7585,59323,3.895628801724689,REVIEW_REQUIRED,False,0,(3/4),null,0,null,6,https://heasarc.gsfc.nasa.gov/FTP/nustar/data/obs/06/3/30602022006/
30602022008,1A 1742-289,NS,2021-04-16T07:16:10.560,24745.6199,SgrAstar,CATALOG_POSITIVE_EXPOSURE,CATALOG_POSITIVE_EXPOSURE,PUBLIC_ARCHIVED,NOT_DOWNLOADED,NOT_ATTEMPTED,NAME_REVIEW_REQUIRED;POSITION_REVIEW_REQUIRED,1a_1742_289,24908.8667,24745.6199,59330,3.853536916883084,REVIEW_REQUIRED,False,0,(4/4) / Kp=5,null,0,null,6,https://heasarc.gsfc.nasa.gov/FTP/nustar/data/obs/06/3/30602022008/
30702013002,1A 1742-289,NS,2022-05-20T02:41:08.160,21484.4941,SgrAstar,CATALOG_POSITIVE_EXPOSURE,CATALOG_POSITIVE_EXPOSURE,PUBLIC_ARCHIVED,NOT_DOWNLOADED,NOT_ATTEMPTED,NAME_REVIEW_REQUIRED;POSITION_REVIEW_REQUIRED,1a_1742_289,21586.1867,21484.4941,60417,3.4579670578102304,REVIEW_REQUIRED,False,1,(1/5) / idiagnostics,Solar flare,0,null,7,https://heasarc.gsfc.nasa.gov/FTP/nustar/data/obs/07/3/30702013002/
30702013003,1A 1742-289,NS,2022-06-19T22:41:05.280,17459.4044,SgrAstar,CATALOG_POSITIVE_EXPOSURE,CATALOG_POSITIVE_EXPOSURE,PUBLIC_ARCHIVED,NOT_DOWNLOADED,NOT_ATTEMPTED,NAME_REVIEW_REQUIRED;POSITION_REVIEW_REQUIRED,1a_1742_289,17617.766,17459.4044,60417,4.639024908598726,REVIEW_REQUIRED,False,0,(2/5) INERTIAL only / idiagnostics,null,0,null,7,https://heasarc.gsfc.nasa.gov/FTP/nustar/data/obs/07/3/30702013003/
30702013005,1A 1742-289,NS,2022-07-19T20:36:05.760,19643.9795,SgrAstar,CATALOG_POSITIVE_EXPOSURE,CATALOG_POSITIVE_EXPOSURE,PUBLIC_ARCHIVED,NOT_DOWNLOADED,NOT_ATTEMPTED,NAME_REVIEW_REQUIRED,1a_1742_289,19855.7458,19643.9795,60417,2.3430063608896665,REVIEW_REQUIRED,False,0,(3/5) idiagnostics,null,0,null,7,https://heasarc.gsfc.nasa.gov/FTP/nustar/data/obs/07/3/30702013005/
30702013007,1A 1742-289,NS,2022-08-16T19:16:10.560,18590.7383,SgrAstar,CATALOG_POSITIVE_EXPOSURE,CATALOG_POSITIVE_EXPOSURE,PUBLIC_ARCHIVED,NOT_DOWNLOADED,NOT_ATTEMPTED,NAME_REVIEW_REQUIRED,1a_1742_289,18783.1483,18590.7383,60417,2.006907846493859,REVIEW_REQUIRED,False,1,(4/5) / idiagnostics / M-class solar flare,Solar flare,0,null,7,https://heasarc.gsfc.nasa.gov/FTP/nustar/data/obs/07/3/30702013007/
30702013008,1A 1742-289,NS,2023-04-07T00:16:07.680,263.6341,SgrAstar,CATALOG_POSITIVE_EXPOSURE,CATALOG_POSITIVE_EXPOSURE,PUBLIC_ARCHIVED,NOT_DOWNLOADED,NOT_ATTEMPTED,NAME_REVIEW_REQUIRED;POSITION_REVIEW_REQUIRED,1a_1742_289,265.6457,263.6341,60417,5.096614771484411,REVIEW_REQUIRED,False,0,STELLAR,null,0,null,7,https://heasarc.gsfc.nasa.gov/FTP/nustar/data/obs/07/3/30702013008/
30702013009,1A 1742-289,NS,2023-04-07T00:56:09.600,19704.2289,SgrAstar,CATALOG_POSITIVE_EXPOSURE,CATALOG_POSITIVE_EXPOSURE,PUBLIC_ARCHIVED,NOT_DOWNLOADED,NOT_ATTEMPTED,NAME_REVIEW_REQUIRED;POSITION_REVIEW_REQUIRED,1a_1742_289,19838.5504,19704.2289,60417,4.432517028918805,REVIEW_REQUIRED,False,0,(5/5) / idiagnostics,VLT-Gravity,0,null,7,https://heasarc.gsfc.nasa.gov/FTP/nustar/data/obs/07/3/30702013009/
30801024001,1A 1742-289,NS,2023-04-13T03:51:07.200,269.5447,SgrAstar,CATALOG_POSITIVE_EXPOSURE,CATALOG_POSITIVE_EXPOSURE,PUBLIC_ARCHIVED,NOT_DOWNLOADED,NOT_ATTEMPTED,NAME_REVIEW_REQUIRED;POSITION_REVIEW_REQUIRED,1a_1742_289,270.8024,269.5447,60249,3.853967349780096,REVIEW_REQUIRED,False,0,STELLAR,null,0,null,8,https://heasarc.gsfc.nasa.gov/FTP/nustar/data/obs/08/3/30801024001/
30801024002,1A 1742-289,NS,2023-04-13T04:46:07.680,17460.4757,SgrAstar,CATALOG_POSITIVE_EXPOSURE,CATALOG_POSITIVE_EXPOSURE,PUBLIC_ARCHIVED,NOT_DOWNLOADED,NOT_ATTEMPTED,NAME_REVIEW_REQUIRED;POSITION_REVIEW_REQUIRED,1a_1742_289,17585.9366,17460.4757,60249,3.6393361213331676,REVIEW_REQUIRED,False,0,(1/4) / idiagnostics,null,0,null,8,https://heasarc.gsfc.nasa.gov/FTP/nustar/data/obs/08/3/30801024002/
30801024003,1A 1742-289,NS,2023-04-16T01:11:08.160,16.5438,SgrAstar,CATALOG_POSITIVE_EXPOSURE,CATALOG_POSITIVE_EXPOSURE,PUBLIC_ARCHIVED,NOT_DOWNLOADED,NOT_ATTEMPTED,NAME_REVIEW_REQUIRED;POSITION_REVIEW_REQUIRED,1a_1742_289,17.0709,16.5438,60249,4.34229235883836,REVIEW_REQUIRED,False,0,STELLAR,null,0,null,8,https://heasarc.gsfc.nasa.gov/FTP/nustar/data/obs/08/3/30801024003/
30801024004,1A 1742-289,NS,2023-04-16T02:01:06.240,20122.7576,SgrAstar,CATALOG_POSITIVE_EXPOSURE,CATALOG_POSITIVE_EXPOSURE,PUBLIC_ARCHIVED,NOT_DOWNLOADED,NOT_ATTEMPTED,NAME_REVIEW_REQUIRED;POSITION_REVIEW_REQUIRED,1a_1742_289,20272.9088,20122.7576,60249,4.136860848847035,REVIEW_REQUIRED,False,0,(2/4) / idiagnostics,null,0,null,8,https://heasarc.gsfc.nasa.gov/FTP/nustar/data/obs/08/3/30801024004/
30801024005,1A 1742-289,NS,2023-04-18T03:21:10.080,332.3573,SgrAstar,CATALOG_POSITIVE_EXPOSURE,CATALOG_POSITIVE_EXPOSURE,PUBLIC_ARCHIVED,NOT_DOWNLOADED,NOT_ATTEMPTED,NAME_REVIEW_REQUIRED;POSITION_REVIEW_REQUIRED,1a_1742_289,334.3361,332.3573,60249,3.3990169485904183,REVIEW_REQUIRED,False,0,STELLAR,null,0,null,8,https://heasarc.gsfc.nasa.gov/FTP/nustar/data/obs/08/3/30801024005/
30801024006,1A 1742-289,NS,2023-04-18T03:41:11.040,22181.1189,SgrAstar,CATALOG_POSITIVE_EXPOSURE,CATALOG_POSITIVE_EXPOSURE,PUBLIC_ARCHIVED,NOT_DOWNLOADED,NOT_ATTEMPTED,NAME_REVIEW_REQUIRED;POSITION_REVIEW_REQUIRED,1a_1742_289,22332.4428,22181.1189,60249,3.84281772526434,REVIEW_REQUIRED,False,0,(3/4) / idiagnostics,null,0,null,8,https://heasarc.gsfc.nasa.gov/FTP/nustar/data/obs/08/3/30801024006/
30801024007,1A 1742-289,NS,2023-04-20T01:51:10.080,0.0,SgrAstar,NO_POSITIVE_EXPOSURE,NO_POSITIVE_EXPOSURE,PUBLIC_ARCHIVED,NOT_DOWNLOADED,NOT_ATTEMPTED,NAME_REVIEW_REQUIRED;POSITION_REVIEW_REQUIRED;NOT_SCIENCE_OBSERVATION;NONPOSITIVE_MODULE_EXPOSURE,1a_1742_289,0.0,0.0,60249,4.372242809376426,REVIEW_REQUIRED,False,0,STELLAR,null,0,null,8,https://heasarc.gsfc.nasa.gov/FTP/nustar/data/obs/08/3/30801024007/
30801024008,1A 1742-289,NS,2023-04-20T02:26:09.600,22099.1915,SgrAstar,CATALOG_POSITIVE_EXPOSURE,CATALOG_POSITIVE_EXPOSURE,PUBLIC_ARCHIVED,NOT_DOWNLOADED,NOT_ATTEMPTED,NAME_REVIEW_REQUIRED;POSITION_REVIEW_REQUIRED,1a_1742_289,22258.4238,22099.1915,60249,4.1800694966511,REVIEW_REQUIRED,False,0,(4/4) / idiagnostics,null,0,null,8,https://heasarc.gsfc.nasa.gov/FTP/nustar/data/obs/08/3/30801024008/
30902013002,1A 1742-289,NS,2024-04-04T04:56:12.480,20308.0998,SgrAstar,CATALOG_POSITIVE_EXPOSURE,CATALOG_POSITIVE_EXPOSURE,PUBLIC_ARCHIVED,NOT_DOWNLOADED,NOT_ATTEMPTED,NAME_REVIEW_REQUIRED;POSITION_REVIEW_REQUIRED,1a_1742_289,20395.816,20308.0998,60597,3.779757862364151,REVIEW_REQUIRED,False,1,(1/4) / straylight (GX 3+1),null,0,null,9,https://heasarc.gsfc.nasa.gov/FTP/nustar/data/obs/09/3/30902013002/
30902013003,1A 1742-289,NS,2024-04-06T05:11:11.040,330.1723,SgrAstar,CATALOG_POSITIVE_EXPOSURE,CATALOG_POSITIVE_EXPOSURE,PUBLIC_ARCHIVED,NOT_DOWNLOADED,NOT_ATTEMPTED,NAME_REVIEW_REQUIRED;POSITION_REVIEW_REQUIRED,1a_1742_289,332.0441,330.1723,60597,4.221228016103304,REVIEW_REQUIRED,False,0,STELLAR,null,0,null,9,https://heasarc.gsfc.nasa.gov/FTP/nustar/data/obs/09/3/30902013003/
30902013004,1A 1742-289,NS,2024-04-06T05:56:06.720,19685.2569,SgrAstar,CATALOG_POSITIVE_EXPOSURE,CATALOG_POSITIVE_EXPOSURE,PUBLIC_ARCHIVED,NOT_DOWNLOADED,NOT_ATTEMPTED,NAME_REVIEW_REQUIRED;POSITION_REVIEW_REQUIRED,1a_1742_289,19757.9649,19685.2569,60597,3.805921311444739,REVIEW_REQUIRED,False,1,(2/4) / straylight (GX 3+1),null,0,null,9,https://heasarc.gsfc.nasa.gov/FTP/nustar/data/obs/09/3/30902013004/
30902013006,1A 1742-289,NS,2024-04-08T06:56:09.600,21118.828,SgrAstar,CATALOG_POSITIVE_EXPOSURE,CATALOG_POSITIVE_EXPOSURE,PUBLIC_ARCHIVED,NOT_DOWNLOADED,NOT_ATTEMPTED,NAME_REVIEW_REQUIRED;POSITION_REVIEW_REQUIRED,1a_1742_289,21189.8917,21118.828,60597,3.6054507939040317,REVIEW_REQUIRED,False,1,(3/4) /  straylight (GX 3+1),null,0,null,9,https://heasarc.gsfc.nasa.gov/FTP/nustar/data/obs/09/3/30902013006/
30902013008,1A 1742-289,NS,2024-04-09T06:56:09.600,22216.5681,SgrAstar,CATALOG_POSITIVE_EXPOSURE,CATALOG_POSITIVE_EXPOSURE,PUBLIC_ARCHIVED,NOT_DOWNLOADED,NOT_ATTEMPTED,NAME_REVIEW_REQUIRED;POSITION_REVIEW_REQUIRED,1a_1742_289,22296.7918,22216.5681,60597,4.0980550747000795,REVIEW_REQUIRED,False,1,(4/4) / straylight (GX 3+1),null,0,null,9,https://heasarc.gsfc.nasa.gov/FTP/nustar/data/obs/09/3/30902013008/
31002004002,1A 1742-289,NS,2025-04-04T10:31:09.120,17654.2363,SgrAstar,CATALOG_POSITIVE_EXPOSURE,CATALOG_POSITIVE_EXPOSURE,PUBLIC_ARCHIVED,NOT_DOWNLOADED,NOT_ATTEMPTED,NAME_REVIEW_REQUIRED;POSITION_REVIEW_REQUIRED,1a_1742_289,17654.2363,17800.5001,60966,4.1575557228721145,REVIEW_REQUIRED,False,1,(1/4) / Data gaps,null,18209,null,10,https://heasarc.gsfc.nasa.gov/FTP/nustar/data/obs/10/3/31002004002/
31002004004,1A 1742-289,NS,2025-04-06T04:01:12.000,18946.6268,SgrAstar,CATALOG_POSITIVE_EXPOSURE,CATALOG_POSITIVE_EXPOSURE,PUBLIC_ARCHIVED,NOT_DOWNLOADED,NOT_ATTEMPTED,NAME_REVIEW_REQUIRED;POSITION_REVIEW_REQUIRED,1a_1742_289,18946.6268,19046.7989,60966,4.351502147448625,REVIEW_REQUIRED,False,null,(2/4),null,0,null,10,https://heasarc.gsfc.nasa.gov/FTP/nustar/data/obs/10/3/31002004004/
31002004006,1A 1742-289,NS,2025-04-07T03:56:09.600,24843.7464,SgrAstar,CATALOG_POSITIVE_EXPOSURE,CATALOG_POSITIVE_EXPOSURE,PUBLIC_ARCHIVED,NOT_DOWNLOADED,NOT_ATTEMPTED,NAME_REVIEW_REQUIRED;POSITION_REVIEW_REQUIRED,1a_1742_289,24843.7464,24988.7953,60966,3.7147717227996946,REVIEW_REQUIRED,False,1,(3/4) / Data gaps,null,9227,null,10,https://heasarc.gsfc.nasa.gov/FTP/nustar/data/obs/10/3/31002004006/
31002004008,1A 1742-289,NS,2025-04-09T03:46:13.440,18905.263,SgrAstar,CATALOG_POSITIVE_EXPOSURE,CATALOG_POSITIVE_EXPOSURE,PUBLIC_ARCHIVED,NOT_DOWNLOADED,NOT_ATTEMPTED,NAME_REVIEW_REQUIRED;POSITION_REVIEW_REQUIRED,1a_1742_289,18905.263,18996.4076,60966,3.4139765309625334,REVIEW_REQUIRED,False,null,(4/4),null,0,null,10,https://heasarc.gsfc.nasa.gov/FTP/nustar/data/obs/10/3/31002004008/
31101013002,1A 1742-289,NS,2025-08-07T05:21:07.200,40297.8762,SgrAstar,CATALOG_POSITIVE_EXPOSURE,CATALOG_POSITIVE_EXPOSURE,PUBLIC_ARCHIVED,NOT_DOWNLOADED,NOT_ATTEMPTED,NAME_REVIEW_REQUIRED,1a_1742_289,40865.4312,40297.8762,61086,2.0088110176630334,REVIEW_REQUIRED,False,1,(1/3) / Solar flare,Solar flare,0,null,11,https://heasarc.gsfc.nasa.gov/FTP/nustar/data/obs/11/3/31101013002/
31101013004,1A 1742-289,NS,2025-08-09T20:56:06.720,20143.0013,SgrAstar,CATALOG_POSITIVE_EXPOSURE,CATALOG_POSITIVE_EXPOSURE,PUBLIC_ARCHIVED,NOT_DOWNLOADED,NOT_ATTEMPTED,NAME_REVIEW_REQUIRED,1a_1742_289,20412.7257,20143.0013,61086,1.7417211769803205,REVIEW_REQUIRED,False,null,(2/3),null,0,null,11,https://heasarc.gsfc.nasa.gov/FTP/nustar/data/obs/11/3/31101013004/
31101013006,1A 1742-289,NS,2025-08-12T17:36:05.760,32062.697,SgrAstar,CATALOG_POSITIVE_EXPOSURE,CATALOG_POSITIVE_EXPOSURE,PUBLIC_ARCHIVED,NOT_DOWNLOADED,NOT_ATTEMPTED,NAME_REVIEW_REQUIRED,1a_1742_289,32517.5632,32062.697,61086,2.0743937998782513,REVIEW_REQUIRED,False,null,(3/3),null,0,null,11,https://heasarc.gsfc.nasa.gov/FTP/nustar/data/obs/11/3/31101013006/
31201011,1A 1742-289,NS,,-100000.0,SgrAstar,NO_POSITIVE_EXPOSURE,NO_POSITIVE_EXPOSURE,accepted,NOT_DOWNLOADED,NOT_ATTEMPTED,NAME_REVIEW_REQUIRED;NOT_PUBLIC_ARCHIVED;NOT_SCIENCE_OBSERVATION;NONPOSITIVE_MODULE_EXPOSURE,1a_1742_289,-100000.0,-100000.0,null,0.8710005197990646,REVIEW_REQUIRED,False,0,null,null,0,0,12,https://heasarc.gsfc.nasa.gov/FTP/nustar/data/obs/12/3/31201011/
40010001002,1A 1742-289,NS,2012-10-13T06:41:11.040,23752.6579,Gal_Cen_MOS001,CATALOG_POSITIVE_EXPOSURE,CATALOG_POSITIVE_EXPOSURE,PUBLIC_ARCHIVED,NOT_DOWNLOADED,NOT_ATTEMPTED,NAME_REVIEW_REQUIRED;POSITION_REVIEW_REQUIRED,1a_1742_289,24052.2413,23752.6579,57112,3.66935420034982,REVIEW_REQUIRED,False,0,null,null,0,null,0,https://heasarc.gsfc.nasa.gov/FTP/nustar/data/obs/00/4/40010001002/
40010002001,1A 1742-289,NS,2012-10-13T19:21:04.320,24204.3079,Gal_Cen_MOS002,CATALOG_POSITIVE_EXPOSURE,CATALOG_POSITIVE_EXPOSURE,PUBLIC_ARCHIVED,NOT_DOWNLOADED,NOT_ATTEMPTED,NAME_REVIEW_REQUIRED,1a_1742_289,24505.9772,24204.3079,57112,0.8913375501084091,REVIEW_REQUIRED,False,0,null,null,0,null,0,https://heasarc.gsfc.nasa.gov/FTP/nustar/data/obs/00/4/40010002001/
40010003001,1A 1742-289,NS,2012-10-14T09:56:09.600,23844.4624,Gal_Cen_MOS003,CATALOG_POSITIVE_EXPOSURE,CATALOG_POSITIVE_EXPOSURE,PUBLIC_ARCHIVED,NOT_DOWNLOADED,NOT_ATTEMPTED,NAME_REVIEW_REQUIRED;POSITION_REVIEW_REQUIRED,1a_1742_289,24195.4646,23844.4624,57112,7.7382842075772675,REVIEW_REQUIRED,False,0,null,null,0,null,0,https://heasarc.gsfc.nasa.gov/FTP/nustar/data/obs/00/4/40010003001/
40010004001,1A 1742-289,NS,2012-10-15T00:31:06.240,23668.1439,Gal_Cen_MOS004,CATALOG_POSITIVE_EXPOSURE,CATALOG_POSITIVE_EXPOSURE,PUBLIC_ARCHIVED,NOT_DOWNLOADED,NOT_ATTEMPTED,NAME_REVIEW_REQUIRED;POSITION_REVIEW_REQUIRED,1a_1742_289,24030.5105,23668.1439,57112,6.749814666178792,REVIEW_REQUIRED,False,0,null,null,0,null,0,https://heasarc.gsfc.nasa.gov/FTP/nustar/data/obs/00/4/40010004001/
40032019002,1A 1742-289,NS,2014-09-29T08:21:07.200,42945.2037,GalSurvey_B_MOS019,CATALOG_POSITIVE_EXPOSURE,CATALOG_POSITIVE_EXPOSURE,PUBLIC_ARCHIVED,NOT_DOWNLOADED,NOT_ATTEMPTED,NAME_REVIEW_REQUIRED;POSITION_REVIEW_REQUIRED,1a_1742_289,43089.973,42945.2037,57282,8.494186163473591,REVIEW_REQUIRED,False,0,null,null,0,null,0,https://heasarc.gsfc.nasa.gov/FTP/nustar/data/obs/00/4/40032019002/
40202001002,1A 1742-289,NS,2016-10-28T13:16:10.560,150089.5833,SgrA_molecular_clouds,CATALOG_POSITIVE_EXPOSURE,CATALOG_POSITIVE_EXPOSURE,PUBLIC_ARCHIVED,NOT_DOWNLOADED,NOT_ATTEMPTED,NAME_REVIEW_REQUIRED;POSITION_REVIEW_REQUIRED,1a_1742_289,150852.2075,150089.5833,57700,8.450392715779154,REVIEW_REQUIRED,False,1,(1/2) Galactic Legacy Survey / Kp=5,Solar CME,0,null,2,https://heasarc.gsfc.nasa.gov/FTP/nustar/data/obs/02/4/40202001002/
50902003002,1A 1742-289,NS,2023-07-05T00:01:09.120,20912.7684,SgrAstar,CATALOG_POSITIVE_EXPOSURE,CATALOG_POSITIVE_EXPOSURE,PUBLIC_ARCHIVED,NOT_DOWNLOADED,NOT_ATTEMPTED,NAME_REVIEW_REQUIRED,1a_1742_289,21142.271,20912.7684,60704,2.670899341412799,REVIEW_REQUIRED,False,0,(1/5),null,0,null,9,https://heasarc.gsfc.nasa.gov/FTP/nustar/data/obs/09/5/50902003002/
50902003004,1A 1742-289,NS,2023-07-31T23:16:13.440,20671.5389,SgrAstar,CATALOG_POSITIVE_EXPOSURE,CATALOG_POSITIVE_EXPOSURE,PUBLIC_ARCHIVED,NOT_DOWNLOADED,NOT_ATTEMPTED,NAME_REVIEW_REQUIRED,1a_1742_289,20900.5237,20671.5389,60704,1.967675951280057,REVIEW_REQUIRED,False,0,(2/5),null,0,null,9,https://heasarc.gsfc.nasa.gov/FTP/nustar/data/obs/09/5/50902003004/
50902003006,1A 1742-289,NS,2023-08-01T18:36:08.640,18737.3775,SgrAstar,CATALOG_POSITIVE_EXPOSURE,CATALOG_POSITIVE_EXPOSURE,PUBLIC_ARCHIVED,NOT_DOWNLOADED,NOT_ATTEMPTED,NAME_REVIEW_REQUIRED,1a_1742_289,18937.5639,18737.3775,60704,2.289284966445865,REVIEW_REQUIRED,False,0,(3/5),null,0,null,9,https://heasarc.gsfc.nasa.gov/FTP/nustar/data/obs/09/5/50902003006/
50902003007,1A 1742-289,NS,2024-06-26T15:51:07.200,27525.6233,SgrAstar,CATALOG_POSITIVE_EXPOSURE,CATALOG_POSITIVE_EXPOSURE,PUBLIC_ARCHIVED,NOT_DOWNLOADED,NOT_ATTEMPTED,NAME_REVIEW_REQUIRED,1a_1742_289,27777.1871,27525.6233,60704,2.3672938554883203,REVIEW_REQUIRED,False,0,(4/5),null,0,null,9,https://heasarc.gsfc.nasa.gov/FTP/nustar/data/obs/09/5/50902003007/
50902003009,1A 1742-289,NS,2024-07-20T18:06:11.520,22484.2545,SgrAstar,CATALOG_POSITIVE_EXPOSURE,CATALOG_POSITIVE_EXPOSURE,PUBLIC_ARCHIVED,NOT_DOWNLOADED,NOT_ATTEMPTED,NAME_REVIEW_REQUIRED,1a_1742_289,22768.8592,22484.2545,60704,1.842782195234762,REVIEW_REQUIRED,False,0,(5/5),null,0,null,9,https://heasarc.gsfc.nasa.gov/FTP/nustar/data/obs/09/5/50902003009/
51102002001,1A 1742-289,NS,2025-06-09T23:36:05.760,19271.8005,SgrAstar,CATALOG_POSITIVE_EXPOSURE,CATALOG_POSITIVE_EXPOSURE,PUBLIC_ARCHIVED,NOT_DOWNLOADED,NOT_ATTEMPTED,NAME_REVIEW_REQUIRED,1a_1742_289,19289.8286,19271.8005,61086,2.138920241937756,REVIEW_REQUIRED,False,1,(1/5) / Stray light,null,0,null,11,https://heasarc.gsfc.nasa.gov/FTP/nustar/data/obs/11/5/51102002001/
51102002002,1A 1742-289,NS,2025-06-14T21:31:06.240,18913.9205,SgrAstar,CATALOG_POSITIVE_EXPOSURE,CATALOG_POSITIVE_EXPOSURE,PUBLIC_ARCHIVED,NOT_DOWNLOADED,NOT_ATTEMPTED,NAME_REVIEW_REQUIRED,1a_1742_289,19125.5736,18913.9205,61086,2.6482707051923344,REVIEW_REQUIRED,False,null,(2/5),null,0,null,11,https://heasarc.gsfc.nasa.gov/FTP/nustar/data/obs/11/5/51102002002/
51102002004,1A 1742-289,NS,2025-07-06T21:21:10.080,18894.1349,SgrAstar,CATALOG_POSITIVE_EXPOSURE,CATALOG_POSITIVE_EXPOSURE,PUBLIC_ARCHIVED,NOT_DOWNLOADED,NOT_ATTEMPTED,NAME_REVIEW_REQUIRED,1a_1742_289,19192.3099,18894.1349,61086,2.5357313366942718,REVIEW_REQUIRED,False,1,(3/5) / Solar CME,Solar CME,0,null,11,https://heasarc.gsfc.nasa.gov/FTP/nustar/data/obs/11/5/51102002004/
51102002006,1A 1742-289,NS,2025-07-10T22:31:09.120,20391.5435,SgrAstar,CATALOG_POSITIVE_EXPOSURE,CATALOG_POSITIVE_EXPOSURE,PUBLIC_ARCHIVED,NOT_DOWNLOADED,NOT_ATTEMPTED,NAME_REVIEW_REQUIRED,1a_1742_289,20679.134,20391.5435,61086,2.698126963782873,REVIEW_REQUIRED,False,null,(4/5),null,0,null,11,https://heasarc.gsfc.nasa.gov/FTP/nustar/data/obs/11/5/51102002006/
51102002008,1A 1742-289,NS,2025-08-06T18:06:11.520,19770.3649,SgrAstar,CATALOG_POSITIVE_EXPOSURE,CATALOG_POSITIVE_EXPOSURE,PUBLIC_ARCHIVED,NOT_DOWNLOADED,NOT_ATTEMPTED,NAME_REVIEW_REQUIRED,1a_1742_289,20019.9934,19770.3649,61086,2.0296738345426593,REVIEW_REQUIRED,False,1,(5/5) / Solar flare,Solar flare,0,null,11,https://heasarc.gsfc.nasa.gov/FTP/nustar/data/obs/11/5/51102002008/
60466001002,1A 1742-289,NS,2018-04-20T04:01:12.000,19340.1227,SgrAstar,CATALOG_POSITIVE_EXPOSURE,CATALOG_POSITIVE_EXPOSURE,PUBLIC_ARCHIVED,NOT_DOWNLOADED,NOT_ATTEMPTED,NAME_REVIEW_REQUIRED,1a_1742_289,19340.1227,19346.9022,58242,2.8412332418574433,REVIEW_REQUIRED,False,1,(1/4) / Kp=6,Solar CME,0,null,4,https://heasarc.gsfc.nasa.gov/FTP/nustar/data/obs/04/6/60466001002/
60466001004,1A 1742-289,NS,2018-04-22T02:36:05.760,21386.4948,SgrAstar,CATALOG_POSITIVE_EXPOSURE,CATALOG_POSITIVE_EXPOSURE,PUBLIC_ARCHIVED,NOT_DOWNLOADED,NOT_ATTEMPTED,NAME_REVIEW_REQUIRED,1a_1742_289,21390.1094,21386.4948,58242,2.618175221733202,REVIEW_REQUIRED,False,0,(2/4),null,0,null,4,https://heasarc.gsfc.nasa.gov/FTP/nustar/data/obs/04/6/60466001004/
60466001006,1A 1742-289,NS,2018-04-24T03:01:09.120,18709.5273,SgrAstar,CATALOG_POSITIVE_EXPOSURE,CATALOG_POSITIVE_EXPOSURE,PUBLIC_ARCHIVED,NOT_DOWNLOADED,NOT_ATTEMPTED,NAME_REVIEW_REQUIRED,1a_1742_289,18709.5273,18712.4986,58242,2.5686702220361175,REVIEW_REQUIRED,False,0,(3/4),null,0,null,4,https://heasarc.gsfc.nasa.gov/FTP/nustar/data/obs/04/6/60466001006/
60466001008,1A 1742-289,NS,2018-04-25T03:11:05.280,21205.4604,SgrAstar,CATALOG_POSITIVE_EXPOSURE,CATALOG_POSITIVE_EXPOSURE,PUBLIC_ARCHIVED,NOT_DOWNLOADED,NOT_ATTEMPTED,NAME_REVIEW_REQUIRED,1a_1742_289,21205.4604,21220.1622,58242,2.332984387625886,REVIEW_REQUIRED,False,0,(4/4),null,0,null,4,https://heasarc.gsfc.nasa.gov/FTP/nustar/data/obs/04/6/60466001008/
80002013002,1A 1742-289,NS,2013-04-27T06:16:07.680,49692.3818,gcmagnetar,CATALOG_POSITIVE_EXPOSURE,CATALOG_POSITIVE_EXPOSURE,PUBLIC_ARCHIVED,NOT_DOWNLOADED,NOT_ATTEMPTED,NAME_REVIEW_REQUIRED,1a_1742_289,49692.3818,49983.2592,57112,2.2484195680415744,REVIEW_REQUIRED,False,0,ToO,null,0,null,0,https://heasarc.gsfc.nasa.gov/FTP/nustar/data/obs/00/8/80002013002/
80002013004,1A 1742-289,NS,2013-05-04T17:31:03.360,38523.1339,gcmagnetar,CATALOG_POSITIVE_EXPOSURE,CATALOG_POSITIVE_EXPOSURE,PUBLIC_ARCHIVED,NOT_DOWNLOADED,NOT_ATTEMPTED,NAME_REVIEW_REQUIRED;POSITION_REVIEW_REQUIRED,1a_1742_289,38523.1339,38747.6326,57112,3.145188107304622,REVIEW_REQUIRED,False,1,ToO follow-on,null,0,59,0,https://heasarc.gsfc.nasa.gov/FTP/nustar/data/obs/00/8/80002013004/
80002013006,1A 1742-289,NS,2013-05-11T14:26:09.600,32612.7901,gcmagnetar,CATALOG_POSITIVE_EXPOSURE,CATALOG_POSITIVE_EXPOSURE,PUBLIC_ARCHIVED,NOT_DOWNLOADED,NOT_ATTEMPTED,NAME_REVIEW_REQUIRED;POSITION_REVIEW_REQUIRED,1a_1742_289,32612.7901,32793.3227,57112,3.0190323216287354,REVIEW_REQUIRED,False,1,ToO followon,null,0,2152,0,https://heasarc.gsfc.nasa.gov/FTP/nustar/data/obs/00/8/80002013006/
80002013008,1A 1742-289,NS,2013-05-18T17:36:05.760,38830.6997,gcmagnetar,CATALOG_POSITIVE_EXPOSURE,CATALOG_POSITIVE_EXPOSURE,PUBLIC_ARCHIVED,NOT_DOWNLOADED,NOT_ATTEMPTED,NAME_REVIEW_REQUIRED,1a_1742_289,38830.6997,39069.3798,57112,2.9906683838499593,REVIEW_REQUIRED,False,1,ToO followon,null,0,365,0,https://heasarc.gsfc.nasa.gov/FTP/nustar/data/obs/00/8/80002013008/
80002013010,1A 1742-289,NS,2013-05-27T10:16:10.560,37318.5822,gcmagnetar,CATALOG_POSITIVE_EXPOSURE,CATALOG_POSITIVE_EXPOSURE,PUBLIC_ARCHIVED,NOT_DOWNLOADED,NOT_ATTEMPTED,NAME_REVIEW_REQUIRED,1a_1742_289,37318.5822,37544.02,57112,2.960843300152223,REVIEW_REQUIRED,False,1,ToO followon,null,0,204,0,https://heasarc.gsfc.nasa.gov/FTP/nustar/data/obs/00/8/80002013010/
80002013012,1A 1742-289,NS,2013-06-14T09:56:09.600,26686.7157,gcmagnetar,CATALOG_POSITIVE_EXPOSURE,CATALOG_POSITIVE_EXPOSURE,PUBLIC_ARCHIVED,NOT_DOWNLOADED,NOT_ATTEMPTED,NAME_REVIEW_REQUIRED,1a_1742_289,26764.5888,26686.7157,57112,2.4200058397456465,REVIEW_REQUIRED,False,1,ToO,null,0,8696,0,https://heasarc.gsfc.nasa.gov/FTP/nustar/data/obs/00/8/80002013012/
80002013014,1A 1742-289,NS,2013-07-07T04:16:10.560,8497.2507,gcmagnetar,CATALOG_POSITIVE_EXPOSURE,CATALOG_POSITIVE_EXPOSURE,PUBLIC_ARCHIVED,NOT_DOWNLOADED,NOT_ATTEMPTED,NAME_REVIEW_REQUIRED,1a_1742_289,8571.9458,8497.2507,57112,1.377381033221211,REVIEW_REQUIRED,False,1,null,null,0,4412,0,https://heasarc.gsfc.nasa.gov/FTP/nustar/data/obs/00/8/80002013014/
80002013015,1A 1742-289,NS,2013-07-07T12:23:11.040,420.8807,gcmagnetar,CATALOG_POSITIVE_EXPOSURE,CATALOG_POSITIVE_EXPOSURE,PUBLIC_ARCHIVED,NOT_DOWNLOADED,NOT_ATTEMPTED,NAME_REVIEW_REQUIRED,1a_1742_289,423.759,420.8807,57112,1.3029817838611475,REVIEW_REQUIRED,False,0,STELLAR,null,0,null,0,https://heasarc.gsfc.nasa.gov/FTP/nustar/data/obs/00/8/80002013015/
80002013016,1A 1742-289,NS,2013-07-07T13:01:03.360,20871.6161,gcmagnetar,CATALOG_POSITIVE_EXPOSURE,CATALOG_POSITIVE_EXPOSURE,PUBLIC_ARCHIVED,NOT_DOWNLOADED,NOT_ATTEMPTED,NAME_REVIEW_REQUIRED,1a_1742_289,21008.7316,20871.6161,57112,1.2521426523778503,REVIEW_REQUIRED,False,1,null,null,0,8194,0,https://heasarc.gsfc.nasa.gov/FTP/nustar/data/obs/00/8/80002013016/
80002013018,1A 1742-289,NS,2013-07-31T01:56:03.840,22393.2239,gcmagnetar,CATALOG_POSITIVE_EXPOSURE,CATALOG_POSITIVE_EXPOSURE,PUBLIC_ARCHIVED,NOT_DOWNLOADED,NOT_ATTEMPTED,NAME_REVIEW_REQUIRED,1a_1742_289,22563.8579,22393.2239,57112,0.9333658844796743,REVIEW_REQUIRED,False,0,ToO,null,0,null,0,https://heasarc.gsfc.nasa.gov/FTP/nustar/data/obs/00/8/80002013018/
80002013020,1A 1742-289,NS,2013-08-08T15:01:09.120,12009.736,gcmagnetar,CATALOG_POSITIVE_EXPOSURE,CATALOG_POSITIVE_EXPOSURE,PUBLIC_ARCHIVED,NOT_DOWNLOADED,NOT_ATTEMPTED,NAME_REVIEW_REQUIRED,1a_1742_289,12066.9543,12009.736,57112,1.3657865762688568,REVIEW_REQUIRED,False,0,ToO,null,0,null,0,https://heasarc.gsfc.nasa.gov/FTP/nustar/data/obs/00/8/80002013020/
80002013022,1A 1742-289,NS,2013-08-09T09:01:09.120,11130.5633,gcmagnetar,CATALOG_POSITIVE_EXPOSURE,CATALOG_POSITIVE_EXPOSURE,PUBLIC_ARCHIVED,NOT_DOWNLOADED,NOT_ATTEMPTED,NAME_REVIEW_REQUIRED,1a_1742_289,11209.3424,11130.5633,57112,1.0909268982880842,REVIEW_REQUIRED,False,0,ToO,null,0,null,0,https://heasarc.gsfc.nasa.gov/FTP/nustar/data/obs/00/8/80002013022/
80002013024,1A 1742-289,NS,2013-08-13T00:06:02.880,11641.457,gcmagnetar,CATALOG_POSITIVE_EXPOSURE,CATALOG_POSITIVE_EXPOSURE,PUBLIC_ARCHIVED,NOT_DOWNLOADED,NOT_ATTEMPTED,NAME_REVIEW_REQUIRED,1a_1742_289,11735.1851,11641.457,57112,0.11979853852660474,REVIEW_REQUIRED,False,0,ToO,null,0,null,0,https://heasarc.gsfc.nasa.gov/FTP/nustar/data/obs/00/8/80002013024/
80002013026,1A 1742-289,NS,2013-08-23T15:41:11.040,31744.5431,gcmagnetar,CATALOG_POSITIVE_EXPOSURE,CATALOG_POSITIVE_EXPOSURE,PUBLIC_ARCHIVED,NOT_DOWNLOADED,NOT_ATTEMPTED,NAME_REVIEW_REQUIRED,1a_1742_289,31953.704,31744.5431,57112,0.3253663445996738,REVIEW_REQUIRED,False,1,ToO follow-on,null,0,3067,0,https://heasarc.gsfc.nasa.gov/FTP/nustar/data/obs/00/8/80002013026/
81001323001,1A 1742-289,NS,2025-02-06T06:06:11.520,22678.905,MAXI_J1744m294,CATALOG_POSITIVE_EXPOSURE,CATALOG_POSITIVE_EXPOSURE,PUBLIC_ARCHIVED,NOT_DOWNLOADED,NOT_ATTEMPTED,NAME_REVIEW_REQUIRED;POSITION_REVIEW_REQUIRED,1a_1742_289,22678.905,22709.3183,60925,5.191195795948086,REVIEW_REQUIRED,False,1,ToO (1/2) / Stray light,null,0,null,10,https://heasarc.gsfc.nasa.gov/FTP/nustar/data/obs/10/8/81001323001/
81001323003,1A 1742-289,NS,2025-03-03T03:01:09.120,20470.3444,MAXI_J1744m294,CATALOG_POSITIVE_EXPOSURE,CATALOG_POSITIVE_EXPOSURE,PUBLIC_ARCHIVED,NOT_DOWNLOADED,NOT_ATTEMPTED,NAME_REVIEW_REQUIRED;POSITION_REVIEW_REQUIRED,1a_1742_289,20470.3444,20492.2171,60925,4.801807915340066,REVIEW_REQUIRED,False,1,ToO (2/2) / Stray light,null,0,null,10,https://heasarc.gsfc.nasa.gov/FTP/nustar/data/obs/10/8/81001323003/
81101333002,1A 1742-289,NS,2025-10-06T10:06:05.760,94832.7991,MAXI_J1744m294,CATALOG_POSITIVE_EXPOSURE,CATALOG_POSITIVE_EXPOSURE,PUBLIC_ARCHIVED,NOT_DOWNLOADED,NOT_ATTEMPTED,NAME_REVIEW_REQUIRED,1a_1742_289,96061.8261,94832.7991,61140,2.924047253509827,REVIEW_REQUIRED,False,1,ToO / Stray light,null,0,null,11,https://heasarc.gsfc.nasa.gov/FTP/nustar/data/obs/11/8/81101333002/
81102302002,1A 1742-289,NS,2025-03-09T10:41:05.280,19242.2092,MAXI_J1744m294,CATALOG_POSITIVE_EXPOSURE,CATALOG_POSITIVE_EXPOSURE,PUBLIC_ARCHIVED,NOT_DOWNLOADED,NOT_ATTEMPTED,NAME_REVIEW_REQUIRED;POSITION_REVIEW_REQUIRED,1a_1742_289,19242.2092,19293.9254,60928,4.520615653329902,REVIEW_REQUIRED,False,1,ToO (1/2) / Stray light,null,0,null,11,https://heasarc.gsfc.nasa.gov/FTP/nustar/data/obs/11/8/81102302002/
81102328002,1A 1742-289,NS,2025-09-06T13:16:10.560,17973.7896,MAXI_J1744m294,CATALOG_POSITIVE_EXPOSURE,CATALOG_POSITIVE_EXPOSURE,PUBLIC_ARCHIVED,NOT_DOWNLOADED,NOT_ATTEMPTED,NAME_REVIEW_REQUIRED,1a_1742_289,18148.2905,17973.7896,61298,2.140074235816763,REVIEW_REQUIRED,False,null,ToO (1/2),null,0,null,11,https://heasarc.gsfc.nasa.gov/FTP/nustar/data/obs/11/8/81102328002/
90101012002,1A 1742-289,NS,2015-08-11T22:51:10.080,44934.1627,AX_J1745d6m2901,CATALOG_POSITIVE_EXPOSURE,CATALOG_POSITIVE_EXPOSURE,PUBLIC_ARCHIVED,NOT_DOWNLOADED,NOT_ATTEMPTED,NAME_REVIEW_REQUIRED,1a_1742_289,45112.0657,44934.1627,57441,2.677685274190478,REVIEW_REQUIRED,False,1,ToO,Solar CME,0,null,1,https://heasarc.gsfc.nasa.gov/FTP/nustar/data/obs/01/9/90101012002/
90101022001,1A 1742-289,NS,2016-02-18T21:36:08.640,451.9804,Swift_J174540d7m290015,CATALOG_POSITIVE_EXPOSURE,CATALOG_POSITIVE_EXPOSURE,PUBLIC_ARCHIVED,NOT_DOWNLOADED,NOT_ATTEMPTED,NAME_REVIEW_REQUIRED,1a_1742_289,451.9804,452.6898,57624,2.265233862958907,REVIEW_REQUIRED,False,0,STELLAR,null,0,null,1,https://heasarc.gsfc.nasa.gov/FTP/nustar/data/obs/01/9/90101022001/
90101022002,1A 1742-289,NS,2016-02-18T22:26:06.720,33849.3914,Swift_J174540d7m290015,CATALOG_POSITIVE_EXPOSURE,CATALOG_POSITIVE_EXPOSURE,PUBLIC_ARCHIVED,NOT_DOWNLOADED,NOT_ATTEMPTED,NAME_REVIEW_REQUIRED,1a_1742_289,33849.3914,33914.575,57624,2.7290797535693914,REVIEW_REQUIRED,False,0,ToO,null,0,null,1,https://heasarc.gsfc.nasa.gov/FTP/nustar/data/obs/01/9/90101022002/
90201026002,1A 1742-289,NS,2016-06-09T07:06:05.760,49020.5474,SWIFT_J174540d2m290037,CATALOG_POSITIVE_EXPOSURE,CATALOG_POSITIVE_EXPOSURE,PUBLIC_ARCHIVED,NOT_DOWNLOADED,NOT_ATTEMPTED,NAME_REVIEW_REQUIRED,1a_1742_289,49020.5474,49360.0918,57739,2.220650455561803,REVIEW_REQUIRED,False,0,ToO,null,0,null,2,https://heasarc.gsfc.nasa.gov/FTP/nustar/data/obs/02/9/90201026002/
90501330002,1A 1742-289,NS,2019-07-05T21:31:06.240,103441.7709,SgrAstar,CATALOG_POSITIVE_EXPOSURE,CATALOG_POSITIVE_EXPOSURE,PUBLIC_ARCHIVED,NOT_DOWNLOADED,NOT_ATTEMPTED,NAME_REVIEW_REQUIRED,1a_1742_289,104451.5791,103441.7709,58679,1.637233695070107,REVIEW_REQUIRED,False,0,ToO,null,0,null,5,https://heasarc.gsfc.nasa.gov/FTP/nustar/data/obs/05/9/90501330002/
90901528001,1A 1742-289,NS,2023-08-25T00:01:09.120,92.9184,SgrAstar,CATALOG_POSITIVE_EXPOSURE,CATALOG_POSITIVE_EXPOSURE,PUBLIC_ARCHIVED,NOT_DOWNLOADED,NOT_ATTEMPTED,NAME_REVIEW_REQUIRED,1a_1742_289,95.0334,92.9184,60191,2.2921956234434533,REVIEW_REQUIRED,False,0,RSTELLA,null,0,null,9,https://heasarc.gsfc.nasa.gov/FTP/nustar/data/obs/09/9/90901528001/
90901528002,1A 1742-289,NS,2023-08-25T00:41:11.040,12257.8526,SgrAstar,CATALOG_POSITIVE_EXPOSURE,CATALOG_POSITIVE_EXPOSURE,PUBLIC_ARCHIVED,NOT_DOWNLOADED,NOT_ATTEMPTED,NAME_REVIEW_REQUIRED,1a_1742_289,12422.1874,12257.8526,60191,2.4381324799167476,REVIEW_REQUIRED,False,0,DDT,null,0,null,9,https://heasarc.gsfc.nasa.gov/FTP/nustar/data/obs/09/9/90901528002/
91001329002,1A 1742-289,NS,2024-09-06T17:06:08.640,23687.4197,SgrAstar,CATALOG_POSITIVE_EXPOSURE,CATALOG_POSITIVE_EXPOSURE,PUBLIC_ARCHIVED,NOT_DOWNLOADED,NOT_ATTEMPTED,NAME_REVIEW_REQUIRED,1a_1742_289,23990.0072,23687.4197,60566,1.6896541780522452,REVIEW_REQUIRED,False,1,DDT / Data gaps,null,18,null,10,https://heasarc.gsfc.nasa.gov/FTP/nustar/data/obs/10/9/91001329002/
91001518002,1A 1742-289,NS,2024-04-12T08:41:08.160,21438.3636,SgrAstar,CATALOG_POSITIVE_EXPOSURE,CATALOG_POSITIVE_EXPOSURE,PUBLIC_ARCHIVED,NOT_DOWNLOADED,NOT_ATTEMPTED,NAME_REVIEW_REQUIRED;POSITION_REVIEW_REQUIRED,1a_1742_289,21508.104,21438.3636,60422,3.9708795862003803,REVIEW_REQUIRED,False,1,DDT / stray light (GX 3+1),null,0,null,10,https://heasarc.gsfc.nasa.gov/FTP/nustar/data/obs/10/9/91001518002/
91002515002,1A 1742-289,NS,2024-04-05T03:36:08.640,20562.3651,SgrAstar,CATALOG_POSITIVE_EXPOSURE,CATALOG_POSITIVE_EXPOSURE,PUBLIC_ARCHIVED,NOT_DOWNLOADED,NOT_ATTEMPTED,NAME_REVIEW_REQUIRED;POSITION_REVIEW_REQUIRED,1a_1742_289,20666.7195,20562.3651,60415,4.073394939870626,REVIEW_REQUIRED,False,1,(1/2) DDT / stray light (GX 3+1),null,0,null,10,https://heasarc.gsfc.nasa.gov/FTP/nustar/data/obs/10/9/91002515002/
91002515003,1A 1742-289,NS,2024-04-07T02:56:06.720,282.1349,SgrAstar,CATALOG_POSITIVE_EXPOSURE,CATALOG_POSITIVE_EXPOSURE,PUBLIC_ARCHIVED,NOT_DOWNLOADED,NOT_ATTEMPTED,NAME_REVIEW_REQUIRED;POSITION_REVIEW_REQUIRED,1a_1742_289,283.3368,282.1349,60415,3.922990637008648,REVIEW_REQUIRED,False,0,STELLAR,null,0,null,10,https://heasarc.gsfc.nasa.gov/FTP/nustar/data/obs/10/9/91002515003/
91002515004,1A 1742-289,NS,2024-04-07T03:51:07.200,21356.9374,SgrAstar,CATALOG_POSITIVE_EXPOSURE,CATALOG_POSITIVE_EXPOSURE,PUBLIC_ARCHIVED,NOT_DOWNLOADED,NOT_ATTEMPTED,NAME_REVIEW_REQUIRED;POSITION_REVIEW_REQUIRED,1a_1742_289,21453.7278,21356.9374,60415,3.974423668916283,REVIEW_REQUIRED,False,0,(2/2) DDT,null,0,null,10,https://heasarc.gsfc.nasa.gov/FTP/nustar/data/obs/10/9/91002515004/
90801312001,1A 1744-361,NS,2022-06-08T19:36:11.520,34260.057,1A_1744m361,CATALOG_POSITIVE_EXPOSURE,CATALOG_POSITIVE_EXPOSURE,PUBLIC_ARCHIVED,NOT_DOWNLOADED,NOT_ATTEMPTED,,1a_1744_361,34260.057,34472.974,59750,2.3984288035665005,VERIFIED_NAME_POSITION,True,0,ToO / INERTIAL only / idiagnostics,null,0,null,8,https://heasarc.gsfc.nasa.gov/FTP/nustar/data/obs/08/9/90801312001/
80001040001,1RXS J180408.9-342058,NS,2015-03-05T08:51:04.320,0.0,1RXSJ180408d9m342058,NO_POSITIVE_EXPOSURE,NO_POSITIVE_EXPOSURE,PUBLIC_ARCHIVED,NOT_DOWNLOADED,NOT_ATTEMPTED,POSITION_REVIEW_REQUIRED;NOT_SCIENCE_OBSERVATION;NONPOSITIVE_MODULE_EXPOSURE,1rxs_j180408_9_342058,0.0,0.0,57499,,REVIEW_REQUIRED,False,0,STELLAR,null,0,null,0,https://heasarc.gsfc.nasa.gov/FTP/nustar/data/obs/00/8/80001040001/
80001040002,1RXS J180408.9-342058,NS,2015-03-05T09:21:10.080,37820.0667,1RXSJ180408d9m342058,CATALOG_POSITIVE_EXPOSURE,CATALOG_POSITIVE_EXPOSURE,PUBLIC_ARCHIVED,NOT_DOWNLOADED,NOT_ATTEMPTED,,1rxs_j180408_9_342058,37820.0667,37955.6764,57499,1.8094885490720394,VERIFIED_NAME_POSITION,True,0,ToO,null,0,null,0,https://heasarc.gsfc.nasa.gov/FTP/nustar/data/obs/00/8/80001040002/
80001040003,1RXS J180408.9-342058,NS,2015-04-01T16:01:03.360,0.0,1RXSJ180408d9m342058,NO_POSITIVE_EXPOSURE,NO_POSITIVE_EXPOSURE,PUBLIC_ARCHIVED,NOT_DOWNLOADED,NOT_ATTEMPTED,POSITION_REVIEW_REQUIRED;NOT_SCIENCE_OBSERVATION;NONPOSITIVE_MODULE_EXPOSURE,1rxs_j180408_9_342058,0.0,0.0,57499,,REVIEW_REQUIRED,False,0,STELLAR,null,0,null,0,https://heasarc.gsfc.nasa.gov/FTP/nustar/data/obs/00/8/80001040003/
80001040004,1RXS J180408.9-342058,NS,2015-04-01T16:16:10.560,25647.1423,1RXSJ180408d9m342058,CATALOG_POSITIVE_EXPOSURE,CATALOG_POSITIVE_EXPOSURE,PUBLIC_ARCHIVED,NOT_DOWNLOADED,NOT_ATTEMPTED,,1rxs_j180408_9_342058,25647.1423,25898.9674,57499,2.18672555227748,VERIFIED_NAME_POSITION,True,0,ToO,null,0,null,0,https://heasarc.gsfc.nasa.gov/FTP/nustar/data/obs/00/8/80001040004/
90101003001,1RXS J180408.9-342058,NS,2015-04-14T11:31:03.360,0.0,1RXS_J180408d9m342058,NO_POSITIVE_EXPOSURE,NO_POSITIVE_EXPOSURE,PUBLIC_ARCHIVED,NOT_DOWNLOADED,NOT_ATTEMPTED,POSITION_REVIEW_REQUIRED;NOT_SCIENCE_OBSERVATION;NONPOSITIVE_MODULE_EXPOSURE,1rxs_j180408_9_342058,0.0,0.0,57316,,REVIEW_REQUIRED,False,0,STELLAR,null,0,null,1,https://heasarc.gsfc.nasa.gov/FTP/nustar/data/obs/01/9/90101003001/
90101003002,1RXS J180408.9-342058,NS,2015-04-14T12:11:05.280,20230.6761,1RXS_J180408d9m342058,CATALOG_POSITIVE_EXPOSURE,CATALOG_POSITIVE_EXPOSURE,PUBLIC_ARCHIVED,NOT_DOWNLOADED,NOT_ATTEMPTED,,1rxs_j180408_9_342058,20230.6761,20507.18,57316,2.1084614806705457,VERIFIED_NAME_POSITION,True,0,ToO,null,0,null,1,https://heasarc.gsfc.nasa.gov/FTP/nustar/data/obs/01/9/90101003002/
30363002001,4U 0614+09,NS,2017-12-01T15:16:07.680,0.0,4U_0614p09,NO_POSITIVE_EXPOSURE,NO_POSITIVE_EXPOSURE,PUBLIC_ARCHIVED,NOT_DOWNLOADED,NOT_ATTEMPTED,POSITION_REVIEW_REQUIRED;NOT_SCIENCE_OBSERVATION;NONPOSITIVE_MODULE_EXPOSURE,4u_0614_09,0.0,0.0,58461,,REVIEW_REQUIRED,False,0,STELLAR,null,0,null,3,https://heasarc.gsfc.nasa.gov/FTP/nustar/data/obs/03/3/30363002001/
30363002002,4U 0614+09,NS,2017-12-01T15:56:09.600,19888.1953,4U_0614p09,L1_BYTES_VERIFIED_CLEAN_EVENTS_GENERATED,L1_BYTES_VERIFIED_CLEAN_EVENTS_GENERATED,PUBLIC_ARCHIVED,L1_AUX_HK_COMPLETE_SHA256_VERIFIED,CLEAN_BOTH_MODULES_PRODUCTS_BLOCKED_CALDB_RMF,PENDING_NOT_REJECTED_CALDB_RMF_DOWNLOAD_FAILURE,4u_0614_09,19888.1953,19958.6091,58461,1.995836990951837,VERIFIED_NAME_POSITION,True,0,null,null,0,null,3,https://heasarc.gsfc.nasa.gov/FTP/nustar/data/obs/03/3/30363002002/
30702009001,4U 0614+09,NS,2021-10-06T05:11:11.040,0.0,4U_0614p091,NO_POSITIVE_EXPOSURE,NO_POSITIVE_EXPOSURE,PUBLIC_ARCHIVED,NOT_DOWNLOADED,NOT_ATTEMPTED,POSITION_REVIEW_REQUIRED;NOT_SCIENCE_OBSERVATION;NONPOSITIVE_MODULE_EXPOSURE,4u_0614_09,0.0,0.0,59877,,REVIEW_REQUIRED,False,0,STELLAR,null,0,null,7,https://heasarc.gsfc.nasa.gov/FTP/nustar/data/obs/07/3/30702009001/
30702009002,4U 0614+09,NS,2021-10-06T05:36:05.760,28542.5804,4U_0614p091,CATALOG_POSITIVE_EXPOSURE,CATALOG_POSITIVE_EXPOSURE,PUBLIC_ARCHIVED,NOT_DOWNLOADED,NOT_ATTEMPTED,POSITION_REVIEW_REQUIRED,4u_0614_09,28676.9782,28542.5804,59877,3.1325683233419346,REVIEW_REQUIRED,False,0,(1/4) / idiagnostics,null,0,null,7,https://heasarc.gsfc.nasa.gov/FTP/nustar/data/obs/07/3/30702009002/
30702009003,4U 0614+09,NS,2021-10-09T08:21:07.200,0.0,4U_0614p091,NO_POSITIVE_EXPOSURE,NO_POSITIVE_EXPOSURE,PUBLIC_ARCHIVED,NOT_DOWNLOADED,NOT_ATTEMPTED,POSITION_REVIEW_REQUIRED;NOT_SCIENCE_OBSERVATION;NONPOSITIVE_MODULE_EXPOSURE,4u_0614_09,0.0,0.0,59877,,REVIEW_REQUIRED,False,0,STELLAR,null,0,null,7,https://heasarc.gsfc.nasa.gov/FTP/nustar/data/obs/07/3/30702009003/
30702009004,4U 0614+09,NS,2021-10-09T09:16:07.680,29201.4498,4U_0614p091,CATALOG_POSITIVE_EXPOSURE,CATALOG_POSITIVE_EXPOSURE,PUBLIC_ARCHIVED,NOT_DOWNLOADED,NOT_ATTEMPTED,POSITION_REVIEW_REQUIRED,4u_0614_09,29355.2091,29201.4498,59877,3.3445796626562396,REVIEW_REQUIRED,False,0,(2/4) / idiagnostics,null,0,null,7,https://heasarc.gsfc.nasa.gov/FTP/nustar/data/obs/07/3/30702009004/
30702009005,4U 0614+09,NS,2021-10-11T17:21:07.200,0.0,4U_0614p091,NO_POSITIVE_EXPOSURE,NO_POSITIVE_EXPOSURE,PUBLIC_ARCHIVED,NOT_DOWNLOADED,NOT_ATTEMPTED,POSITION_REVIEW_REQUIRED;NOT_SCIENCE_OBSERVATION;NONPOSITIVE_MODULE_EXPOSURE,4u_0614_09,0.0,0.0,59877,,REVIEW_REQUIRED,False,0,STELLAR,null,0,null,7,https://heasarc.gsfc.nasa.gov/FTP/nustar/data/obs/07/3/30702009005/
30702009006,4U 0614+09,NS,2021-10-11T17:41:08.160,28817.548,4U_0614p091,CATALOG_POSITIVE_EXPOSURE,CATALOG_POSITIVE_EXPOSURE,PUBLIC_ARCHIVED,NOT_DOWNLOADED,NOT_ATTEMPTED,,4u_0614_09,28989.8723,28817.548,59877,2.758314178101537,VERIFIED_NAME_POSITION,True,0,(3/4) / idiagnostics / Kp=5--6,null,0,null,7,https://heasarc.gsfc.nasa.gov/FTP/nustar/data/obs/07/3/30702009006/
30702009007,4U 0614+09,NS,2021-10-13T17:16:13.440,0.0,4U_0614p091,NO_POSITIVE_EXPOSURE,NO_POSITIVE_EXPOSURE,PUBLIC_ARCHIVED,NOT_DOWNLOADED,NOT_ATTEMPTED,POSITION_REVIEW_REQUIRED;NOT_SCIENCE_OBSERVATION;NONPOSITIVE_MODULE_EXPOSURE,4u_0614_09,0.0,0.0,59877,,REVIEW_REQUIRED,False,0,STELLAR,null,0,null,7,https://heasarc.gsfc.nasa.gov/FTP/nustar/data/obs/07/3/30702009007/
30702009008,4U 0614+09,NS,2021-10-13T17:56:06.720,28454.038,4U_0614p091,CATALOG_POSITIVE_EXPOSURE,CATALOG_POSITIVE_EXPOSURE,PUBLIC_ARCHIVED,NOT_DOWNLOADED,NOT_ATTEMPTED,POSITION_REVIEW_REQUIRED,4u_0614_09,28594.0824,28454.038,59877,3.9767071245477275,REVIEW_REQUIRED,False,0,(4/4) / idiagnostics,null,0,null,7,https://heasarc.gsfc.nasa.gov/FTP/nustar/data/obs/07/3/30702009008/
30702009009,4U 0614+09,NS,2022-01-19T06:01:09.120,0.0,4U_0614p091,NO_POSITIVE_EXPOSURE,NO_POSITIVE_EXPOSURE,PUBLIC_ARCHIVED,NOT_DOWNLOADED,NOT_ATTEMPTED,POSITION_REVIEW_REQUIRED;NOT_SCIENCE_OBSERVATION;NONPOSITIVE_MODULE_EXPOSURE,4u_0614_09,0.0,0.0,59968,,REVIEW_REQUIRED,False,0,STELLAR,null,0,null,7,https://heasarc.gsfc.nasa.gov/FTP/nustar/data/obs/07/3/30702009009/
30702009010,4U 0614+09,NS,2022-01-19T06:51:07.200,28066.9717,4U_0614p091,CATALOG_POSITIVE_EXPOSURE,CATALOG_POSITIVE_EXPOSURE,PUBLIC_ARCHIVED,NOT_DOWNLOADED,NOT_ATTEMPTED,,4u_0614_09,28183.071,28066.9717,59968,2.950808429636606,VERIFIED_NAME_POSITION,True,0,(5/4) / idiagnostics,null,0,null,7,https://heasarc.gsfc.nasa.gov/FTP/nustar/data/obs/07/3/30702009010/
31101001001,4U 0614+09,NS,2025-10-13T12:51:07.200,0.0,4U_0614p091,NO_POSITIVE_EXPOSURE,NO_POSITIVE_EXPOSURE,processed,NOT_DOWNLOADED,NOT_ATTEMPTED,POSITION_REVIEW_REQUIRED;NOT_PUBLIC_ARCHIVED;NOT_SCIENCE_OBSERVATION;NONPOSITIVE_MODULE_EXPOSURE,4u_0614_09,0.0,0.0,61337,,REVIEW_REQUIRED,False,null,STELLAR,null,0,null,11,https://heasarc.gsfc.nasa.gov/FTP/nustar/data/obs/11/3/31101001001/
31101001002,4U 0614+09,NS,2025-10-13T13:21:12.960,19584.126,4U_0614p091,CATALOG_POSITIVE_EXPOSURE,CATALOG_POSITIVE_EXPOSURE,processed,NOT_DOWNLOADED,NOT_ATTEMPTED,POSITION_REVIEW_REQUIRED;NOT_PUBLIC_ARCHIVED,4u_0614_09,19657.1586,19584.126,61337,3.0788992429723034,REVIEW_REQUIRED,False,null,(1/2),null,0,null,11,https://heasarc.gsfc.nasa.gov/FTP/nustar/data/obs/11/3/31101001002/
31101001003,4U 0614+09,NS,2025-10-16T07:31:09.120,0.0,4U_0614p091,NO_POSITIVE_EXPOSURE,NO_POSITIVE_EXPOSURE,processed,NOT_DOWNLOADED,NOT_ATTEMPTED,POSITION_REVIEW_REQUIRED;NOT_PUBLIC_ARCHIVED;NOT_SCIENCE_OBSERVATION;NONPOSITIVE_MODULE_EXPOSURE,4u_0614_09,0.0,0.0,61337,,REVIEW_REQUIRED,False,null,STELLAR,null,0,null,11,https://heasarc.gsfc.nasa.gov/FTP/nustar/data/obs/11/3/31101001003/
31101001004,4U 0614+09,NS,2025-10-16T08:11:11.040,19185.6134,4U_0614p091,CATALOG_POSITIVE_EXPOSURE,CATALOG_POSITIVE_EXPOSURE,processed,NOT_DOWNLOADED,NOT_ATTEMPTED,POSITION_REVIEW_REQUIRED;NOT_PUBLIC_ARCHIVED,4u_0614_09,19254.7331,19185.6134,61337,3.021111303422056,REVIEW_REQUIRED,False,null,(2/2),null,0,null,11,https://heasarc.gsfc.nasa.gov/FTP/nustar/data/obs/11/3/31101001004/
31202005,4U 1254-69,NS,,-50000.0,4U_1254m69,NO_POSITIVE_EXPOSURE,NO_POSITIVE_EXPOSURE,accepted,NOT_DOWNLOADED,NOT_ATTEMPTED,NOT_PUBLIC_ARCHIVED;NOT_SCIENCE_OBSERVATION;NONPOSITIVE_MODULE_EXPOSURE,4u_1254_69,-50000.0,-50000.0,null,0.033631759300686924,VERIFIED_NAME_POSITION,False,0,null,null,0,0,12,https://heasarc.gsfc.nasa.gov/FTP/nustar/data/obs/12/3/31202005/
31202010001,4U 1254-69,NS,2026-05-29T20:31:12.000,110.3293,XB_1254m690,CATALOG_POSITIVE_EXPOSURE,CATALOG_POSITIVE_EXPOSURE,processed,NOT_DOWNLOADED,NOT_ATTEMPTED,NAME_REVIEW_REQUIRED;NOT_PUBLIC_ARCHIVED,4u_1254_69,111.3881,110.3293,61385,2.5862749443732054,REVIEW_REQUIRED,False,null,STELLAR,null,0,null,12,https://heasarc.gsfc.nasa.gov/FTP/nustar/data/obs/12/3/31202010001/
31202010002,4U 1254-69,NS,2026-05-29T21:31:06.240,36578.4762,XB_1254m690,CATALOG_POSITIVE_EXPOSURE,CATALOG_POSITIVE_EXPOSURE,processed,NOT_DOWNLOADED,NOT_ATTEMPTED,NAME_REVIEW_REQUIRED;NOT_PUBLIC_ARCHIVED,4u_1254_69,36860.9441,36578.4762,61385,2.4907397212250895,REVIEW_REQUIRED,False,null,(1/3),null,0,null,12,https://heasarc.gsfc.nasa.gov/FTP/nustar/data/obs/12/3/31202010002/
31202010003,4U 1254-69,NS,2026-06-02T02:31:12.000,69.9771,XB_1254m690,CATALOG_POSITIVE_EXPOSURE,CATALOG_POSITIVE_EXPOSURE,processed,NOT_DOWNLOADED,NOT_ATTEMPTED,NAME_REVIEW_REQUIRED;POSITION_REVIEW_REQUIRED;NOT_PUBLIC_ARCHIVED,4u_1254_69,70.5117,69.9771,61385,3.252442677195773,REVIEW_REQUIRED,False,null,STELLAR,null,0,null,12,https://heasarc.gsfc.nasa.gov/FTP/nustar/data/obs/12/3/31202010003/
31202010004,4U 1254-69,NS,2026-06-02T03:21:10.080,38056.4047,XB_1254m690,CATALOG_POSITIVE_EXPOSURE,CATALOG_POSITIVE_EXPOSURE,processed,NOT_DOWNLOADED,NOT_ATTEMPTED,NAME_REVIEW_REQUIRED;NOT_PUBLIC_ARCHIVED,4u_1254_69,38331.3355,38056.4047,61385,2.6390426127196194,REVIEW_REQUIRED,False,1,(2/3) / Solar flare,Solar flare,0,null,12,https://heasarc.gsfc.nasa.gov/FTP/nustar/data/obs/12/3/31202010004/
31202010005,4U 1254-69,NS,2026-06-05T05:31:12.000,63.2782,XB_1254m690,CATALOG_POSITIVE_EXPOSURE,CATALOG_POSITIVE_EXPOSURE,processed,NOT_DOWNLOADED,NOT_ATTEMPTED,NAME_REVIEW_REQUIRED;NOT_PUBLIC_ARCHIVED,4u_1254_69,63.8556,63.2782,61385,2.723653797799618,REVIEW_REQUIRED,False,null,STELLAR,null,0,null,12,https://heasarc.gsfc.nasa.gov/FTP/nustar/data/obs/12/3/31202010005/
31202010006,4U 1254-69,NS,2026-06-05T06:06:11.520,30310.1456,XB_1254m690,CATALOG_POSITIVE_EXPOSURE,CATALOG_POSITIVE_EXPOSURE,processed,NOT_DOWNLOADED,NOT_ATTEMPTED,NAME_REVIEW_REQUIRED;NOT_PUBLIC_ARCHIVED,4u_1254_69,30545.4966,30310.1456,61385,2.6685452372998713,REVIEW_REQUIRED,False,null,(3/3),null,0,null,12,https://heasarc.gsfc.nasa.gov/FTP/nustar/data/obs/12/3/31202010006/
31001021001,4U 1323-62,NS,2024-08-07T06:06:11.520,0.0,4U_1323m62,NO_POSITIVE_EXPOSURE,NO_POSITIVE_EXPOSURE,PUBLIC_ARCHIVED,NOT_DOWNLOADED,NOT_ATTEMPTED,POSITION_REVIEW_REQUIRED;NOT_SCIENCE_OBSERVATION;NONPOSITIVE_MODULE_EXPOSURE,4u_1323_62,0.0,0.0,60725,,REVIEW_REQUIRED,False,0,STELLAR,null,0,null,10,https://heasarc.gsfc.nasa.gov/FTP/nustar/data/obs/10/3/31001021001/
31001021002,4U 1323-62,NS,2024-08-07T07:01:12.000,89324.8773,4U_1323m62,CATALOG_POSITIVE_EXPOSURE,CATALOG_POSITIVE_EXPOSURE,PUBLIC_ARCHIVED,NOT_DOWNLOADED,NOT_ATTEMPTED,,4u_1323_62,90113.9033,89324.8773,60725,2.628754160154733,VERIFIED_NAME_POSITION,True,1,shortened by ToO / Solar flare,Solar flare,0,null,10,https://heasarc.gsfc.nasa.gov/FTP/nustar/data/obs/10/3/31001021002/
80701319001,4U 1543-475,BH,2022-02-27T16:11:08.160,0.0,4U_1543m475,NO_POSITIVE_EXPOSURE,NO_POSITIVE_EXPOSURE,PUBLIC_ARCHIVED,NOT_DOWNLOADED,NOT_ATTEMPTED,POSITION_REVIEW_REQUIRED;NOT_SCIENCE_OBSERVATION;NONPOSITIVE_MODULE_EXPOSURE,4u_1543_475,0.0,0.0,59825,3.1866147609455004,REVIEW_REQUIRED,False,0,STELLAR,null,0,null,7,https://heasarc.gsfc.nasa.gov/FTP/nustar/data/obs/07/8/80701319001/
80701319002,4U 1543-475,BH,2022-02-27T16:31:09.120,39537.6172,4U_1543m475,CATALOG_POSITIVE_EXPOSURE,CATALOG_POSITIVE_EXPOSURE,PUBLIC_ARCHIVED,NOT_DOWNLOADED,NOT_ATTEMPTED,,4u_1543_475,39802.8945,39537.6172,59825,2.897129362077227,VERIFIED_NAME_POSITION,True,0,(1/3) ToO / idiagnostics,null,0,null,7,https://heasarc.gsfc.nasa.gov/FTP/nustar/data/obs/07/8/80701319002/
80702317001,4U 1543-475,BH,2021-06-17T09:21:10.080,0.0,4U_1543m475,NO_POSITIVE_EXPOSURE,NO_POSITIVE_EXPOSURE,PUBLIC_ARCHIVED,NOT_DOWNLOADED,NOT_ATTEMPTED,POSITION_REVIEW_REQUIRED;NOT_SCIENCE_OBSERVATION;NONPOSITIVE_MODULE_EXPOSURE,4u_1543_475,0.0,0.0,59598,,REVIEW_REQUIRED,False,0,STELLAR,null,0,null,7,https://heasarc.gsfc.nasa.gov/FTP/nustar/data/obs/07/8/80702317001/
80702317002,4U 1543-475,BH,2021-06-17T10:11:08.160,1335.0286,4U_1543m475,CATALOG_POSITIVE_EXPOSURE,CATALOG_POSITIVE_EXPOSURE,PUBLIC_ARCHIVED,NOT_DOWNLOADED,NOT_ATTEMPTED,,4u_1543_475,1335.0286,1476.8144,59598,2.736576345748628,VERIFIED_NAME_POSITION,True,1,(1/4) / idiagnostics / data gaps 6113s,null,6113,null,7,https://heasarc.gsfc.nasa.gov/FTP/nustar/data/obs/07/8/80702317002/
80702317003,4U 1543-475,BH,2021-06-24T10:26:06.720,0.0,4U_1543m475,NO_POSITIVE_EXPOSURE,NO_POSITIVE_EXPOSURE,PUBLIC_ARCHIVED,NOT_DOWNLOADED,NOT_ATTEMPTED,POSITION_REVIEW_REQUIRED;NOT_SCIENCE_OBSERVATION;NONPOSITIVE_MODULE_EXPOSURE,4u_1543_475,0.0,0.0,59598,,REVIEW_REQUIRED,False,0,STELLAR,null,0,null,7,https://heasarc.gsfc.nasa.gov/FTP/nustar/data/obs/07/8/80702317003/
80702317004,4U 1543-475,BH,2021-06-24T11:21:07.200,3113.2013,4U_1543m475,CATALOG_POSITIVE_EXPOSURE,CATALOG_POSITIVE_EXPOSURE,PUBLIC_ARCHIVED,NOT_DOWNLOADED,NOT_ATTEMPTED,POSITION_REVIEW_REQUIRED,4u_1543_475,3113.2013,3433.9164,59598,3.5507879488308363,REVIEW_REQUIRED,False,1,(2/4) ToO / idiagnostics / data gaps 3527s,null,3527,null,7,https://heasarc.gsfc.nasa.gov/FTP/nustar/data/obs/07/8/80702317004/
80702317005,4U 1543-475,BH,2021-07-01T03:46:13.440,0.0,4U_1543m475,NO_POSITIVE_EXPOSURE,NO_POSITIVE_EXPOSURE,PUBLIC_ARCHIVED,NOT_DOWNLOADED,NOT_ATTEMPTED,POSITION_REVIEW_REQUIRED;NOT_SCIENCE_OBSERVATION;NONPOSITIVE_MODULE_EXPOSURE,4u_1543_475,0.0,0.0,59598,,REVIEW_REQUIRED,False,0,STELLAR,null,0,null,7,https://heasarc.gsfc.nasa.gov/FTP/nustar/data/obs/07/8/80702317005/
80702317006,4U 1543-475,BH,2021-07-01T04:26:06.720,4129.0828,4U_1543m475,CATALOG_POSITIVE_EXPOSURE,CATALOG_POSITIVE_EXPOSURE,PUBLIC_ARCHIVED,NOT_DOWNLOADED,NOT_ATTEMPTED,POSITION_REVIEW_REQUIRED,4u_1543_475,4129.0828,4526.3755,59598,3.2847934493412057,REVIEW_REQUIRED,False,1,(3/4) ToO,null,10,null,7,https://heasarc.gsfc.nasa.gov/FTP/nustar/data/obs/07/8/80702317006/
80702317007,4U 1543-475,BH,2021-07-07T23:46:10.560,0.0,4U_1543m475,NO_POSITIVE_EXPOSURE,NO_POSITIVE_EXPOSURE,PUBLIC_ARCHIVED,NOT_DOWNLOADED,NOT_ATTEMPTED,POSITION_REVIEW_REQUIRED;NOT_SCIENCE_OBSERVATION;NONPOSITIVE_MODULE_EXPOSURE,4u_1543_475,0.0,0.0,59598,,REVIEW_REQUIRED,False,0,STELLAR,null,0,null,7,https://heasarc.gsfc.nasa.gov/FTP/nustar/data/obs/07/8/80702317007/
80702317008,4U 1543-475,BH,2021-07-08T00:36:08.640,4590.9881,4U_1543m475,CATALOG_POSITIVE_EXPOSURE,CATALOG_POSITIVE_EXPOSURE,PUBLIC_ARCHIVED,NOT_DOWNLOADED,NOT_ATTEMPTED,POSITION_REVIEW_REQUIRED,4u_1543_475,4590.9881,5023.238,59598,3.6832543503543875,REVIEW_REQUIRED,False,1,(4/4) ToO / idiagnostics,null,787,null,7,https://heasarc.gsfc.nasa.gov/FTP/nustar/data/obs/07/8/80702317008/
90702326001,4U 1543-475,BH,2021-07-26T15:26:12.480,0.0,4U_1543m475,NO_POSITIVE_EXPOSURE,NO_POSITIVE_EXPOSURE,PUBLIC_ARCHIVED,NOT_DOWNLOADED,NOT_ATTEMPTED,POSITION_REVIEW_REQUIRED;NOT_SCIENCE_OBSERVATION;NONPOSITIVE_MODULE_EXPOSURE,4u_1543_475,0.0,0.0,59428,,REVIEW_REQUIRED,False,0,STELLAR,null,0,null,7,https://heasarc.gsfc.nasa.gov/FTP/nustar/data/obs/07/9/90702326001/
90702326002,4U 1543-475,BH,2021-07-26T16:11:08.160,5714.7162,4U_1543m475,CATALOG_POSITIVE_EXPOSURE,CATALOG_POSITIVE_EXPOSURE,PUBLIC_ARCHIVED,NOT_DOWNLOADED,NOT_ATTEMPTED,,4u_1543_475,5714.7162,6173.629,59428,2.7794406152141553,VERIFIED_NAME_POSITION,True,1,(1/2) ToO / idiagnostics / data gaps 2782s,null,2782,null,7,https://heasarc.gsfc.nasa.gov/FTP/nustar/data/obs/07/9/90702326002/
90702326003,4U 1543-475,BH,2021-08-02T04:01:12.000,0.0,4U_1543m475,NO_POSITIVE_EXPOSURE,NO_POSITIVE_EXPOSURE,PUBLIC_ARCHIVED,NOT_DOWNLOADED,NOT_ATTEMPTED,POSITION_REVIEW_REQUIRED;NOT_SCIENCE_OBSERVATION;NONPOSITIVE_MODULE_EXPOSURE,4u_1543_475,0.0,0.0,59435,,REVIEW_REQUIRED,False,0,STELLAR,null,0,null,7,https://heasarc.gsfc.nasa.gov/FTP/nustar/data/obs/07/9/90702326003/
90702326004,4U 1543-475,BH,2021-08-02T04:21:12.960,8025.0646,4U_1543m475,CATALOG_POSITIVE_EXPOSURE,CATALOG_POSITIVE_EXPOSURE,PUBLIC_ARCHIVED,NOT_DOWNLOADED,NOT_ATTEMPTED,,4u_1543_475,8025.0646,8607.3043,59435,2.849933302535694,VERIFIED_NAME_POSITION,True,0,(2/2) ToO / idiagnostics,null,0,null,7,https://heasarc.gsfc.nasa.gov/FTP/nustar/data/obs/07/9/90702326004/
90702326005,4U 1543-475,BH,2021-08-24T04:06:05.760,0.0,4U_1543m475,NO_POSITIVE_EXPOSURE,NO_POSITIVE_EXPOSURE,PUBLIC_ARCHIVED,NOT_DOWNLOADED,NOT_ATTEMPTED,POSITION_REVIEW_REQUIRED;NOT_SCIENCE_OBSERVATION;NONPOSITIVE_MODULE_EXPOSURE,4u_1543_475,0.0,0.0,59456,,REVIEW_REQUIRED,False,0,STELLAR,null,0,null,7,https://heasarc.gsfc.nasa.gov/FTP/nustar/data/obs/07/9/90702326005/
90702326006,4U 1543-475,BH,2021-08-24T04:36:11.520,8273.4605,4U_1543m475,CATALOG_POSITIVE_EXPOSURE,CATALOG_POSITIVE_EXPOSURE,PUBLIC_ARCHIVED,NOT_DOWNLOADED,NOT_ATTEMPTED,POSITION_REVIEW_REQUIRED,4u_1543_475,8273.4605,8830.5906,59456,3.125438844749125,REVIEW_REQUIRED,False,0,(1/2) ToO / idiagnostics,null,0,null,7,https://heasarc.gsfc.nasa.gov/FTP/nustar/data/obs/07/9/90702326006/
90702326007,4U 1543-475,BH,2021-08-29T12:21:10.080,0.0,4U_1543m475,NO_POSITIVE_EXPOSURE,NO_POSITIVE_EXPOSURE,PUBLIC_ARCHIVED,NOT_DOWNLOADED,NOT_ATTEMPTED,POSITION_REVIEW_REQUIRED;NOT_SCIENCE_OBSERVATION;NONPOSITIVE_MODULE_EXPOSURE,4u_1543_475,0.0,0.0,59459,,REVIEW_REQUIRED,False,0,STELLAR,null,0,null,7,https://heasarc.gsfc.nasa.gov/FTP/nustar/data/obs/07/9/90702326007/
90702326008,4U 1543-475,BH,2021-08-29T13:16:10.560,6673.1309,4U_1543m475,CATALOG_POSITIVE_EXPOSURE,CATALOG_POSITIVE_EXPOSURE,PUBLIC_ARCHIVED,NOT_DOWNLOADED,NOT_ATTEMPTED,,4u_1543_475,6673.1309,7117.0865,59459,2.9990648857016473,VERIFIED_NAME_POSITION,True,0,(2/2) ToO / idiagnostics,null,0,null,7,https://heasarc.gsfc.nasa.gov/FTP/nustar/data/obs/07/9/90702326008/
90702326009,4U 1543-475,BH,2021-09-08T15:46:13.440,0.0,4U_1543m475,NO_POSITIVE_EXPOSURE,NO_POSITIVE_EXPOSURE,PUBLIC_ARCHIVED,NOT_DOWNLOADED,NOT_ATTEMPTED,POSITION_REVIEW_REQUIRED;NOT_SCIENCE_OBSERVATION;NONPOSITIVE_MODULE_EXPOSURE,4u_1543_475,0.0,0.0,59477,,REVIEW_REQUIRED,False,0,STELLAR,null,0,null,7,https://heasarc.gsfc.nasa.gov/FTP/nustar/data/obs/07/9/90702326009/
90702326010,4U 1543-475,BH,2021-09-08T16:11:08.160,8321.708,4U_1543m475,CATALOG_POSITIVE_EXPOSURE,CATALOG_POSITIVE_EXPOSURE,PUBLIC_ARCHIVED,NOT_DOWNLOADED,NOT_ATTEMPTED,POSITION_REVIEW_REQUIRED,4u_1543_475,8321.708,8855.0556,59477,3.3165698466300113,REVIEW_REQUIRED,False,0,(1/2) ToO / idiagnostics,null,0,null,7,https://heasarc.gsfc.nasa.gov/FTP/nustar/data/obs/07/9/90702326010/
90702326011,4U 1543-475,BH,2021-09-14T11:41:08.160,0.0,4U_1543m475,NO_POSITIVE_EXPOSURE,NO_POSITIVE_EXPOSURE,PUBLIC_ARCHIVED,NOT_DOWNLOADED,NOT_ATTEMPTED,POSITION_REVIEW_REQUIRED;NOT_SCIENCE_OBSERVATION;NONPOSITIVE_MODULE_EXPOSURE,4u_1543_475,0.0,0.0,59477,,REVIEW_REQUIRED,False,0,STELLAR,null,0,null,7,https://heasarc.gsfc.nasa.gov/FTP/nustar/data/obs/07/9/90702326011/
90702326012,4U 1543-475,BH,2021-09-14T12:26:12.480,7409.6249,4U_1543m475,CATALOG_POSITIVE_EXPOSURE,CATALOG_POSITIVE_EXPOSURE,PUBLIC_ARCHIVED,NOT_DOWNLOADED,NOT_ATTEMPTED,POSITION_REVIEW_REQUIRED,4u_1543_475,7409.6249,7888.6868,59477,3.7968387740469716,REVIEW_REQUIRED,False,0,(2/2) ToO / idiagnostics,null,0,null,7,https://heasarc.gsfc.nasa.gov/FTP/nustar/data/obs/07/9/90702326012/
30601006002,4U 1543-624,UNRESOLVED,2020-04-19T07:21:12.960,32087.3425,4U_1543m624,CATALOG_POSITIVE_EXPOSURE,CATALOG_POSITIVE_EXPOSURE,PUBLIC_ARCHIVED,NOT_DOWNLOADED,NOT_ATTEMPTED,NAME_REVIEW_REQUIRED;LABEL_UNRESOLVED,4u_1543_624,32266.5925,32087.3425,59328,2.3193690091988484,REVIEW_REQUIRED,False,0,null,null,0,null,6,https://heasarc.gsfc.nasa.gov/FTP/nustar/data/obs/06/3/30601006002/
80401321001,4U 1608-522,NS,2018-07-12T20:56:06.720,28.8706,4U_1608m52,CATALOG_POSITIVE_EXPOSURE,CATALOG_POSITIVE_EXPOSURE,PUBLIC_ARCHIVED,NOT_DOWNLOADED,NOT_ATTEMPTED,,4u_1608_522,28.9164,28.8706,58503,2.7534517063982666,VERIFIED_NAME_POSITION,True,0,STELLAR,null,0,null,4,https://heasarc.gsfc.nasa.gov/FTP/nustar/data/obs/04/8/80401321001/
80401321002,4U 1608-522,NS,2018-07-12T21:46:13.440,53566.5033,4U_1608m52,CATALOG_POSITIVE_EXPOSURE,CATALOG_POSITIVE_EXPOSURE,PUBLIC_ARCHIVED,NOT_DOWNLOADED,NOT_ATTEMPTED,,4u_1608_522,53741.5497,53566.5033,58503,2.470902535959653,VERIFIED_NAME_POSITION,True,0,ToO,null,0,null,4,https://heasarc.gsfc.nasa.gov/FTP/nustar/data/obs/04/8/80401321002/
90002002001,4U 1608-522,NS,2014-10-16T22:41:05.280,0.0,4U1608m52,NO_POSITIVE_EXPOSURE,NO_POSITIVE_EXPOSURE,PUBLIC_ARCHIVED,NOT_DOWNLOADED,NOT_ATTEMPTED,POSITION_REVIEW_REQUIRED;NOT_SCIENCE_OBSERVATION;NONPOSITIVE_MODULE_EXPOSURE,4u_1608_522,0.0,0.0,57134,,REVIEW_REQUIRED,False,0,STELLAR,null,0,null,0,https://heasarc.gsfc.nasa.gov/FTP/nustar/data/obs/00/9/90002002001/
90002002002,4U 1608-522,NS,2014-10-16T23:01:06.240,34674.981,4U1608m52,CATALOG_POSITIVE_EXPOSURE,CATALOG_POSITIVE_EXPOSURE,PUBLIC_ARCHIVED,NOT_DOWNLOADED,NOT_ATTEMPTED,,4u_1608_522,34674.981,34758.5991,57134,2.0899967652337854,VERIFIED_NAME_POSITION,True,0,ToO,null,0,null,0,https://heasarc.gsfc.nasa.gov/FTP/nustar/data/obs/00/9/90002002002/
30101024001,4U 1636-536,NS,2015-06-10T07:56:03.840,0.0,4U_1636m53,NO_POSITIVE_EXPOSURE,NO_POSITIVE_EXPOSURE,PUBLIC_ARCHIVED,NOT_DOWNLOADED,NOT_ATTEMPTED,POSITION_REVIEW_REQUIRED;NOT_SCIENCE_OBSERVATION;NONPOSITIVE_MODULE_EXPOSURE,4u_1636_536,0.0,0.0,57561,,REVIEW_REQUIRED,False,0,STELLAR,null,0,null,1,https://heasarc.gsfc.nasa.gov/FTP/nustar/data/obs/01/3/30101024001/
30101024002,4U 1636-536,NS,2015-06-10T08:11:11.040,19800.4688,4U_1636m53,CATALOG_POSITIVE_EXPOSURE,CATALOG_POSITIVE_EXPOSURE,PUBLIC_ARCHIVED,NOT_DOWNLOADED,NOT_ATTEMPTED,,4u_1636_536,19800.4688,19923.7083,57561,1.4628584838709913,VERIFIED_NAME_POSITION,True,0,null,null,0,null,1,https://heasarc.gsfc.nasa.gov/FTP/nustar/data/obs/01/3/30101024002/
30102014001,4U 1636-536,NS,2015-08-25T01:56:12.480,0.0,4U1636m53,NO_POSITIVE_EXPOSURE,NO_POSITIVE_EXPOSURE,PUBLIC_ARCHIVED,NOT_DOWNLOADED,NOT_ATTEMPTED,POSITION_REVIEW_REQUIRED;NOT_SCIENCE_OBSERVATION;NONPOSITIVE_MODULE_EXPOSURE,4u_1636_536,0.0,0.0,57666,,REVIEW_REQUIRED,False,0,STELLAR,null,0,null,1,https://heasarc.gsfc.nasa.gov/FTP/nustar/data/obs/01/3/30102014001/
30102014002,4U 1636-536,NS,2015-08-25T02:51:04.320,27437.4762,4U1636m53,CATALOG_POSITIVE_EXPOSURE,CATALOG_POSITIVE_EXPOSURE,PUBLIC_ARCHIVED,NOT_DOWNLOADED,NOT_ATTEMPTED,,4u_1636_536,27437.4762,27650.5881,57666,2.1077616834957356,VERIFIED_NAME_POSITION,True,0,(1/3),null,0,null,1,https://heasarc.gsfc.nasa.gov/FTP/nustar/data/obs/01/3/30102014002/
30102014003,4U 1636-536,NS,2015-09-05T17:16:04.800,0.0,4U1636m53,NO_POSITIVE_EXPOSURE,NO_POSITIVE_EXPOSURE,PUBLIC_ARCHIVED,NOT_DOWNLOADED,NOT_ATTEMPTED,POSITION_REVIEW_REQUIRED;NOT_SCIENCE_OBSERVATION;NONPOSITIVE_MODULE_EXPOSURE,4u_1636_536,0.0,0.0,57666,,REVIEW_REQUIRED,False,0,STELLAR,null,0,null,1,https://heasarc.gsfc.nasa.gov/FTP/nustar/data/obs/01/3/30102014003/
30102014004,4U 1636-536,NS,2015-09-05T17:41:08.160,30334.4657,4U1636m53,CATALOG_POSITIVE_EXPOSURE,CATALOG_POSITIVE_EXPOSURE,PUBLIC_ARCHIVED,NOT_DOWNLOADED,NOT_ATTEMPTED,,4u_1636_536,30334.4657,30411.2349,57666,1.8289035954882287,VERIFIED_NAME_POSITION,True,0,(2/3),null,0,null,1,https://heasarc.gsfc.nasa.gov/FTP/nustar/data/obs/01/3/30102014004/
30102014005,4U 1636-536,NS,2015-09-18T06:51:07.200,0.0,4U1636m53,NO_POSITIVE_EXPOSURE,NO_POSITIVE_EXPOSURE,PUBLIC_ARCHIVED,NOT_DOWNLOADED,NOT_ATTEMPTED,POSITION_REVIEW_REQUIRED;NOT_SCIENCE_OBSERVATION;NONPOSITIVE_MODULE_EXPOSURE,4u_1636_536,0.0,0.0,57666,,REVIEW_REQUIRED,False,0,STELLAR,null,0,null,1,https://heasarc.gsfc.nasa.gov/FTP/nustar/data/obs/01/3/30102014005/
30102014006,4U 1636-536,NS,2015-09-18T07:06:05.760,28922.6123,4U1636m53,CATALOG_POSITIVE_EXPOSURE,CATALOG_POSITIVE_EXPOSURE,PUBLIC_ARCHIVED,NOT_DOWNLOADED,NOT_ATTEMPTED,,4u_1636_536,28922.6123,28957.2876,57666,2.0390050235419275,VERIFIED_NAME_POSITION,True,0,(3/3),null,0,null,1,https://heasarc.gsfc.nasa.gov/FTP/nustar/data/obs/01/3/30102014006/
30401014001,4U 1636-536,NS,2019-04-27T01:56:12.480,0.0,4U_1636m536,NO_POSITIVE_EXPOSURE,NO_POSITIVE_EXPOSURE,PUBLIC_ARCHIVED,NOT_DOWNLOADED,NOT_ATTEMPTED,POSITION_REVIEW_REQUIRED;NOT_SCIENCE_OBSERVATION;NONPOSITIVE_MODULE_EXPOSURE,4u_1636_536,0.0,0.0,58977,,REVIEW_REQUIRED,False,0,STELLAR,null,0,null,4,https://heasarc.gsfc.nasa.gov/FTP/nustar/data/obs/04/3/30401014001/
30401014002,4U 1636-536,NS,2019-04-27T02:26:09.600,91865.0047,4U_1636m536,CATALOG_POSITIVE_EXPOSURE,CATALOG_POSITIVE_EXPOSURE,PUBLIC_ARCHIVED,NOT_DOWNLOADED,NOT_ATTEMPTED,,4u_1636_536,91865.0047,92060.6826,58977,2.299632407413137,VERIFIED_NAME_POSITION,True,0,null,null,0,null,4,https://heasarc.gsfc.nasa.gov/FTP/nustar/data/obs/04/3/30401014002/
81160301001,4U 1636-536,NS,2025-08-19T14:16:13.440,0.0,4U_1636m53,NO_POSITIVE_EXPOSURE,NO_POSITIVE_EXPOSURE,PUBLIC_ARCHIVED,NOT_DOWNLOADED,NOT_ATTEMPTED,POSITION_REVIEW_REQUIRED;NOT_SCIENCE_OBSERVATION;NONPOSITIVE_MODULE_EXPOSURE,4u_1636_536,0.0,0.0,61093,4.060296061720134,REVIEW_REQUIRED,False,null,ToO,null,0,null,11,https://heasarc.gsfc.nasa.gov/FTP/nustar/data/obs/11/8/81160301001/
81160301002,4U 1636-536,NS,2025-08-19T15:01:09.120,21776.0674,4U_1636m53,CATALOG_POSITIVE_EXPOSURE,CATALOG_POSITIVE_EXPOSURE,PUBLIC_ARCHIVED,NOT_DOWNLOADED,NOT_ATTEMPTED,POSITION_REVIEW_REQUIRED,4u_1636_536,21897.7754,21776.0674,61093,3.0005406990296883,REVIEW_REQUIRED,False,null,ToO,null,0,null,11,https://heasarc.gsfc.nasa.gov/FTP/nustar/data/obs/11/8/81160301002/
30363005002,4U 1702-429,NS,2017-08-29T04:26:06.720,21640.741,4U_1702m43,CATALOG_POSITIVE_EXPOSURE,CATALOG_POSITIVE_EXPOSURE,PUBLIC_ARCHIVED,NOT_DOWNLOADED,NOT_ATTEMPTED,NAME_REVIEW_REQUIRED,4u_1702_429,21697.6688,21640.741,58379,2.0749051150273554,REVIEW_REQUIRED,False,0,null,null,0,null,3,https://heasarc.gsfc.nasa.gov/FTP/nustar/data/obs/03/3/30363005002/
91101305002,4U 1702-429,NS,2025-03-21T14:41:08.160,23518.6285,4U_1702m429,CATALOG_POSITIVE_EXPOSURE,CATALOG_POSITIVE_EXPOSURE,PUBLIC_ARCHIVED,NOT_DOWNLOADED,NOT_ATTEMPTED,NAME_REVIEW_REQUIRED;POSITION_REVIEW_REQUIRED,4u_1702_429,23635.4112,23518.6285,60769,3.148127204495976,REVIEW_REQUIRED,False,null,DDT,null,0,null,11,https://heasarc.gsfc.nasa.gov/FTP/nustar/data/obs/11/9/91101305002/
30101025001,4U 1705-44,NS,2016-04-22T04:56:12.480,0.0,4U_1705m44,NO_POSITIVE_EXPOSURE,NO_POSITIVE_EXPOSURE,PUBLIC_ARCHIVED,NOT_DOWNLOADED,NOT_ATTEMPTED,POSITION_REVIEW_REQUIRED;NOT_SCIENCE_OBSERVATION;NONPOSITIVE_MODULE_EXPOSURE,4u_1705_44,0.0,0.0,57872,,REVIEW_REQUIRED,False,0,STELLAR,null,0,null,1,https://heasarc.gsfc.nasa.gov/FTP/nustar/data/obs/01/3/30101025001/
30101025002,4U 1705-44,NS,2016-04-22T05:11:11.040,14179.8636,4U_1705m44,CATALOG_POSITIVE_EXPOSURE,CATALOG_POSITIVE_EXPOSURE,PUBLIC_ARCHIVED,NOT_DOWNLOADED,NOT_ATTEMPTED,,4u_1705_44,14179.8636,14574.2972,57872,1.6432477340995648,VERIFIED_NAME_POSITION,True,0,null,null,0,null,1,https://heasarc.gsfc.nasa.gov/FTP/nustar/data/obs/01/3/30101025002/
30101051002,4U 1728-34,NS,2015-06-15T15:41:11.040,53341.037,GX_354m0,CATALOG_POSITIVE_EXPOSURE,CATALOG_POSITIVE_EXPOSURE,PUBLIC_ARCHIVED,NOT_DOWNLOADED,NOT_ATTEMPTED,NAME_REVIEW_REQUIRED,4u_1728_34,53341.037,54105.6583,57570,1.3748381749482361,REVIEW_REQUIRED,False,1,Data gap due to overwrite of on-board data storage,null,3584,null,1,https://heasarc.gsfc.nasa.gov/FTP/nustar/data/obs/01/3/30101051002/
30401020001,4U 1728-34,NS,2018-09-01T21:51:07.200,0.0,4U_1728m34,NO_POSITIVE_EXPOSURE,NO_POSITIVE_EXPOSURE,PUBLIC_ARCHIVED,NOT_DOWNLOADED,NOT_ATTEMPTED,POSITION_REVIEW_REQUIRED;NOT_SCIENCE_OBSERVATION;NONPOSITIVE_MODULE_EXPOSURE,4u_1728_34,0.0,0.0,58767,,REVIEW_REQUIRED,False,0,STELLAR,null,0,null,4,https://heasarc.gsfc.nasa.gov/FTP/nustar/data/obs/04/3/30401020001/
30401020002,4U 1728-34,NS,2018-09-01T22:21:12.960,18635.211,4U_1728m34,CATALOG_POSITIVE_EXPOSURE,CATALOG_POSITIVE_EXPOSURE,PUBLIC_ARCHIVED,NOT_DOWNLOADED,NOT_ATTEMPTED,,4u_1728_34,18635.211,18781.9477,58767,2.0740480465317725,VERIFIED_NAME_POSITION,True,0,(1/6),null,0,null,4,https://heasarc.gsfc.nasa.gov/FTP/nustar/data/obs/04/3/30401020002/
30401020003,4U 1728-34,NS,2018-09-08T14:36:05.760,0.0,4U_1728m34,NO_POSITIVE_EXPOSURE,NO_POSITIVE_EXPOSURE,PUBLIC_ARCHIVED,NOT_DOWNLOADED,NOT_ATTEMPTED,POSITION_REVIEW_REQUIRED;NOT_SCIENCE_OBSERVATION;NONPOSITIVE_MODULE_EXPOSURE,4u_1728_34,0.0,0.0,58767,,REVIEW_REQUIRED,False,0,STELLAR,null,0,null,4,https://heasarc.gsfc.nasa.gov/FTP/nustar/data/obs/04/3/30401020003/
30401020004,4U 1728-34,NS,2018-09-08T15:26:12.480,23590.9225,4U_1728m34,CATALOG_POSITIVE_EXPOSURE,CATALOG_POSITIVE_EXPOSURE,PUBLIC_ARCHIVED,NOT_DOWNLOADED,NOT_ATTEMPTED,,4u_1728_34,23590.9225,23757.6497,58767,2.083965479763212,VERIFIED_NAME_POSITION,True,1,(2/6),null,1,null,4,https://heasarc.gsfc.nasa.gov/FTP/nustar/data/obs/04/3/30401020004/
30401020005,4U 1728-34,NS,2018-09-18T13:21:12.960,0.0,4U_1728m34,NO_POSITIVE_EXPOSURE,NO_POSITIVE_EXPOSURE,PUBLIC_ARCHIVED,NOT_DOWNLOADED,NOT_ATTEMPTED,POSITION_REVIEW_REQUIRED;NOT_SCIENCE_OBSERVATION;NONPOSITIVE_MODULE_EXPOSURE,4u_1728_34,0.0,0.0,58767,,REVIEW_REQUIRED,False,0,STELLAR,null,0,null,4,https://heasarc.gsfc.nasa.gov/FTP/nustar/data/obs/04/3/30401020005/
30401020006,4U 1728-34,NS,2018-09-18T13:51:10.080,20940.8716,4U_1728m34,CATALOG_POSITIVE_EXPOSURE,CATALOG_POSITIVE_EXPOSURE,PUBLIC_ARCHIVED,NOT_DOWNLOADED,NOT_ATTEMPTED,,4u_1728_34,20940.8716,21007.3622,58767,2.15648827599786,VERIFIED_NAME_POSITION,True,0,(3/6),null,0,null,4,https://heasarc.gsfc.nasa.gov/FTP/nustar/data/obs/04/3/30401020006/
30401020007,4U 1728-34,NS,2018-09-25T21:01:09.120,0.0,4U_1728m34,NO_POSITIVE_EXPOSURE,NO_POSITIVE_EXPOSURE,PUBLIC_ARCHIVED,NOT_DOWNLOADED,NOT_ATTEMPTED,POSITION_REVIEW_REQUIRED;NOT_SCIENCE_OBSERVATION;NONPOSITIVE_MODULE_EXPOSURE,4u_1728_34,0.0,0.0,58767,,REVIEW_REQUIRED,False,0,STELLAR,null,0,null,4,https://heasarc.gsfc.nasa.gov/FTP/nustar/data/obs/04/3/30401020007/
30401020008,4U 1728-34,NS,2018-09-25T21:26:12.480,19163.897,4U_1728m34,CATALOG_POSITIVE_EXPOSURE,CATALOG_POSITIVE_EXPOSURE,PUBLIC_ARCHIVED,NOT_DOWNLOADED,NOT_ATTEMPTED,,4u_1728_34,19172.344,19163.897,58767,1.8275068517909938,VERIFIED_NAME_POSITION,True,0,(4/6),null,0,null,4,https://heasarc.gsfc.nasa.gov/FTP/nustar/data/obs/04/3/30401020008/
30401020009,4U 1728-34,NS,2018-09-29T21:46:13.440,0.0,4U_1728m34,NO_POSITIVE_EXPOSURE,NO_POSITIVE_EXPOSURE,PUBLIC_ARCHIVED,NOT_DOWNLOADED,NOT_ATTEMPTED,POSITION_REVIEW_REQUIRED;NOT_SCIENCE_OBSERVATION;NONPOSITIVE_MODULE_EXPOSURE,4u_1728_34,0.0,0.0,58767,,REVIEW_REQUIRED,False,0,STELLAR,null,0,null,4,https://heasarc.gsfc.nasa.gov/FTP/nustar/data/obs/04/3/30401020009/
30401020010,4U 1728-34,NS,2018-09-29T22:01:12.000,18147.3161,4U_1728m34,CATALOG_POSITIVE_EXPOSURE,CATALOG_POSITIVE_EXPOSURE,PUBLIC_ARCHIVED,NOT_DOWNLOADED,NOT_ATTEMPTED,,4u_1728_34,18147.3161,18148.3348,58767,2.422529070217622,VERIFIED_NAME_POSITION,True,0,(5/6),null,0,null,4,https://heasarc.gsfc.nasa.gov/FTP/nustar/data/obs/04/3/30401020010/
30401020011,4U 1728-34,NS,2018-10-06T17:56:06.720,0.0,4U_1728m34,NO_POSITIVE_EXPOSURE,NO_POSITIVE_EXPOSURE,PUBLIC_ARCHIVED,NOT_DOWNLOADED,NOT_ATTEMPTED,POSITION_REVIEW_REQUIRED;NOT_SCIENCE_OBSERVATION;NONPOSITIVE_MODULE_EXPOSURE,4u_1728_34,0.0,0.0,58767,,REVIEW_REQUIRED,False,0,STELLAR,null,0,null,4,https://heasarc.gsfc.nasa.gov/FTP/nustar/data/obs/04/3/30401020011/
30401020012,4U 1728-34,NS,2018-10-06T18:21:10.080,19347.5022,4U_1728m34,CATALOG_POSITIVE_EXPOSURE,CATALOG_POSITIVE_EXPOSURE,PUBLIC_ARCHIVED,NOT_DOWNLOADED,NOT_ATTEMPTED,,4u_1728_34,19359.7052,19347.5022,58767,1.9508861168274927,VERIFIED_NAME_POSITION,True,0,(6/6),null,0,null,4,https://heasarc.gsfc.nasa.gov/FTP/nustar/data/obs/04/3/30401020012/
80001012001,4U 1728-34,NS,2013-10-01T05:31:03.360,0.0,4U1728m34,NO_POSITIVE_EXPOSURE,NO_POSITIVE_EXPOSURE,PUBLIC_ARCHIVED,NOT_DOWNLOADED,NOT_ATTEMPTED,POSITION_REVIEW_REQUIRED;NOT_SCIENCE_OBSERVATION;NONPOSITIVE_MODULE_EXPOSURE,4u_1728_34,0.0,0.0,57112,,REVIEW_REQUIRED,False,0,STELLAR,null,0,null,0,https://heasarc.gsfc.nasa.gov/FTP/nustar/data/obs/00/8/80001012001/
80001012002,4U 1728-34,NS,2013-10-01T05:46:10.560,27319.1025,4U1728m34,CATALOG_POSITIVE_EXPOSURE,CATALOG_POSITIVE_EXPOSURE,PUBLIC_ARCHIVED,NOT_DOWNLOADED,NOT_ATTEMPTED,,4u_1728_34,27319.1025,27381.0541,57112,1.7353762442569742,VERIFIED_NAME_POSITION,True,0,ToO,null,0,null,0,https://heasarc.gsfc.nasa.gov/FTP/nustar/data/obs/00/8/80001012002/
80001012003,4U 1728-34,NS,2013-10-03T03:41:11.040,0.0,4U1728m34,NO_POSITIVE_EXPOSURE,NO_POSITIVE_EXPOSURE,PUBLIC_ARCHIVED,NOT_DOWNLOADED,NOT_ATTEMPTED,POSITION_REVIEW_REQUIRED;NOT_SCIENCE_OBSERVATION;NONPOSITIVE_MODULE_EXPOSURE,4u_1728_34,0.0,0.0,57112,,REVIEW_REQUIRED,False,0,STELLAR,null,0,null,0,https://heasarc.gsfc.nasa.gov/FTP/nustar/data/obs/00/8/80001012003/
80001012004,4U 1728-34,NS,2013-10-03T04:26:06.720,26338.9378,4U1728m34,CATALOG_POSITIVE_EXPOSURE,CATALOG_POSITIVE_EXPOSURE,PUBLIC_ARCHIVED,NOT_DOWNLOADED,NOT_ATTEMPTED,,4u_1728_34,26338.9378,26648.668,57112,2.8369414428904225,VERIFIED_NAME_POSITION,True,0,ToO,null,0,null,0,https://heasarc.gsfc.nasa.gov/FTP/nustar/data/obs/00/8/80001012004/
90501312001,4U 1728-34,NS,2019-03-22T21:26:12.480,0.0,4U_1728m34,NO_POSITIVE_EXPOSURE,NO_POSITIVE_EXPOSURE,PUBLIC_ARCHIVED,NOT_DOWNLOADED,NOT_ATTEMPTED,POSITION_REVIEW_REQUIRED;NOT_SCIENCE_OBSERVATION;NONPOSITIVE_MODULE_EXPOSURE,4u_1728_34,0.0,0.0,58570,,REVIEW_REQUIRED,False,0,STELLAR,null,0,null,5,https://heasarc.gsfc.nasa.gov/FTP/nustar/data/obs/05/9/90501312001/
90501312002,4U 1728-34,NS,2019-03-22T22:26:06.720,19309.474,4U_1728m34,CATALOG_POSITIVE_EXPOSURE,CATALOG_POSITIVE_EXPOSURE,PUBLIC_ARCHIVED,NOT_DOWNLOADED,NOT_ATTEMPTED,,4u_1728_34,19309.474,19341.558,58570,2.5871061290227204,VERIFIED_NAME_POSITION,True,0,ToO,null,0,null,5,https://heasarc.gsfc.nasa.gov/FTP/nustar/data/obs/05/9/90501312002/
30363003001,4U 1735-444,NS,2018-08-09T21:11:05.280,0.0,4U_1735m44,NO_POSITIVE_EXPOSURE,NO_POSITIVE_EXPOSURE,PUBLIC_ARCHIVED,NOT_DOWNLOADED,NOT_ATTEMPTED,POSITION_REVIEW_REQUIRED;NOT_SCIENCE_OBSERVATION;NONPOSITIVE_MODULE_EXPOSURE,4u_1735_444,0.0,0.0,58713,,REVIEW_REQUIRED,False,0,STELLAR,null,0,null,3,https://heasarc.gsfc.nasa.gov/FTP/nustar/data/obs/03/3/30363003001/
30363003002,4U 1735-444,NS,2018-08-09T21:56:09.600,17624.8318,4U_1735m44,CATALOG_POSITIVE_EXPOSURE,CATALOG_POSITIVE_EXPOSURE,PUBLIC_ARCHIVED,NOT_DOWNLOADED,NOT_ATTEMPTED,,4u_1735_444,17624.8318,17744.8843,58713,2.7613517703190458,VERIFIED_NAME_POSITION,True,0,null,null,0,null,3,https://heasarc.gsfc.nasa.gov/FTP/nustar/data/obs/03/3/30363003002/
31001011001,4U 1735-444,NS,2024-08-30T19:11:08.160,0.0,4U_1735m44,NO_POSITIVE_EXPOSURE,NO_POSITIVE_EXPOSURE,PUBLIC_ARCHIVED,NOT_DOWNLOADED,NOT_ATTEMPTED,POSITION_REVIEW_REQUIRED;NOT_SCIENCE_OBSERVATION;NONPOSITIVE_MODULE_EXPOSURE,4u_1735_444,0.0,0.0,60740,,REVIEW_REQUIRED,False,null,STELLAR,null,0,null,10,https://heasarc.gsfc.nasa.gov/FTP/nustar/data/obs/10/3/31001011001/
31001011002,4U 1735-444,NS,2024-08-30T20:11:11.040,33743.8513,4U_1735m44,CATALOG_POSITIVE_EXPOSURE,CATALOG_POSITIVE_EXPOSURE,PUBLIC_ARCHIVED,NOT_DOWNLOADED,NOT_ATTEMPTED,,4u_1735_444,33743.8513,34200.595,60740,2.72185721169088,VERIFIED_NAME_POSITION,True,1,Data gaps,null,120,null,10,https://heasarc.gsfc.nasa.gov/FTP/nustar/data/obs/10/3/31001011002/
30363004001,4U 1746-37,NS,2018-02-10T14:41:08.160,0.0,4U_1746m37,NO_POSITIVE_EXPOSURE,NO_POSITIVE_EXPOSURE,PUBLIC_ARCHIVED,NOT_DOWNLOADED,NOT_ATTEMPTED,POSITION_REVIEW_REQUIRED;NOT_SCIENCE_OBSERVATION;NONPOSITIVE_MODULE_EXPOSURE,4u_1746_37,0.0,0.0,58538,,REVIEW_REQUIRED,False,0,STELLAR,null,0,null,3,https://heasarc.gsfc.nasa.gov/FTP/nustar/data/obs/03/3/30363004001/
30363004002,4U 1746-37,NS,2018-02-10T15:16:07.680,19849.4705,4U_1746m37,CATALOG_POSITIVE_EXPOSURE,CATALOG_POSITIVE_EXPOSURE,PUBLIC_ARCHIVED,NOT_DOWNLOADED,NOT_ATTEMPTED,,4u_1746_37,19882.1267,19849.4705,58538,2.017875390185783,VERIFIED_NAME_POSITION,True,0,null,null,0,null,3,https://heasarc.gsfc.nasa.gov/FTP/nustar/data/obs/03/3/30363004002/
31101029001,4U 1812-12,NS,2025-09-19T17:21:07.200,0.0,4U_1812m12,NO_POSITIVE_EXPOSURE,NO_POSITIVE_EXPOSURE,PUBLIC_ARCHIVED,NOT_DOWNLOADED,NOT_ATTEMPTED,POSITION_REVIEW_REQUIRED;NOT_SCIENCE_OBSERVATION;NONPOSITIVE_MODULE_EXPOSURE,4u_1812_12,0.0,0.0,61125,,REVIEW_REQUIRED,False,null,STELLAR,null,0,null,11,https://heasarc.gsfc.nasa.gov/FTP/nustar/data/obs/11/3/31101029001/
31101029002,4U 1812-12,NS,2025-09-19T18:16:07.680,102125.1057,4U_1812m12,CATALOG_POSITIVE_EXPOSURE,CATALOG_POSITIVE_EXPOSURE,PUBLIC_ARCHIVED,NOT_DOWNLOADED,NOT_ATTEMPTED,,4u_1812_12,102125.1057,103227.9207,61125,2.7916499007936415,VERIFIED_NAME_POSITION,True,1,Stray light,null,0,null,11,https://heasarc.gsfc.nasa.gov/FTP/nustar/data/obs/11/3/31101029002/
30802009001,4U 1820-303,NS,2022-04-14T03:51:07.200,0.0,4U_1820m303,NO_POSITIVE_EXPOSURE,NO_POSITIVE_EXPOSURE,PUBLIC_ARCHIVED,NOT_DOWNLOADED,NOT_ATTEMPTED,POSITION_REVIEW_REQUIRED;CLUSTER_ATTRIBUTION_REVIEW;NOT_SCIENCE_OBSERVATION;NONPOSITIVE_MODULE_EXPOSURE,4u_1820_303,0.0,0.0,60143,,REVIEW_REQUIRED,False,0,STELLAR,null,0,null,8,https://heasarc.gsfc.nasa.gov/FTP/nustar/data/obs/08/3/30802009001/
30802009002,4U 1820-303,NS,2022-04-14T04:06:05.760,15384.5206,4U_1820m303,CATALOG_POSITIVE_EXPOSURE,CATALOG_POSITIVE_EXPOSURE,PUBLIC_ARCHIVED,NOT_DOWNLOADED,NOT_ATTEMPTED,CLUSTER_ATTRIBUTION_REVIEW,4u_1820_303,15384.5206,15751.5285,60143,2.963136067261868,VERIFIED_NAME_POSITION,False,0,(1/3) Coordinated with NICER,null,0,null,8,https://heasarc.gsfc.nasa.gov/FTP/nustar/data/obs/08/3/30802009002/
30802009003,4U 1820-303,NS,2022-05-31T13:01:12.000,0.0,4U_1820m303,NO_POSITIVE_EXPOSURE,NO_POSITIVE_EXPOSURE,PUBLIC_ARCHIVED,NOT_DOWNLOADED,NOT_ATTEMPTED,POSITION_REVIEW_REQUIRED;CLUSTER_ATTRIBUTION_REVIEW;NOT_SCIENCE_OBSERVATION;NONPOSITIVE_MODULE_EXPOSURE,4u_1820_303,0.0,0.0,60143,,REVIEW_REQUIRED,False,0,STELLAR,null,0,null,8,https://heasarc.gsfc.nasa.gov/FTP/nustar/data/obs/08/3/30802009003/
30802009004,4U 1820-303,NS,2022-05-31T13:56:12.480,14645.9211,4U_1820m303,CATALOG_POSITIVE_EXPOSURE,CATALOG_POSITIVE_EXPOSURE,PUBLIC_ARCHIVED,NOT_DOWNLOADED,NOT_ATTEMPTED,POSITION_REVIEW_REQUIRED;CLUSTER_ATTRIBUTION_REVIEW,4u_1820_303,14645.9211,15022.466,60143,3.214814843538526,REVIEW_REQUIRED,False,0,(2/3) / idiagnostics,null,0,null,8,https://heasarc.gsfc.nasa.gov/FTP/nustar/data/obs/08/3/30802009004/
30802009005,4U 1820-303,NS,2022-07-10T21:41:11.040,0.0,4U_1820m303,NO_POSITIVE_EXPOSURE,NO_POSITIVE_EXPOSURE,PUBLIC_ARCHIVED,NOT_DOWNLOADED,NOT_ATTEMPTED,POSITION_REVIEW_REQUIRED;CLUSTER_ATTRIBUTION_REVIEW;NOT_SCIENCE_OBSERVATION;NONPOSITIVE_MODULE_EXPOSURE,4u_1820_303,0.0,0.0,60143,,REVIEW_REQUIRED,False,0,STELLAR,null,0,null,8,https://heasarc.gsfc.nasa.gov/FTP/nustar/data/obs/08/3/30802009005/
30802009006,4U 1820-303,NS,2022-07-10T22:36:11.520,20235.713,4U_1820m303,CATALOG_POSITIVE_EXPOSURE,CATALOG_POSITIVE_EXPOSURE,PUBLIC_ARCHIVED,NOT_DOWNLOADED,NOT_ATTEMPTED,CLUSTER_ATTRIBUTION_REVIEW,4u_1820_303,20235.713,20422.3399,60143,2.7808354869660743,VERIFIED_NAME_POSITION,False,1,(3/3) idiagnostics / M-class solar flares,Solar flare,0,null,8,https://heasarc.gsfc.nasa.gov/FTP/nustar/data/obs/08/3/30802009006/
80001011002,4U 1820-303,NS,2013-07-08T06:06:02.880,1803.9075,4U1820m30,CATALOG_POSITIVE_EXPOSURE,CATALOG_POSITIVE_EXPOSURE,PUBLIC_ARCHIVED,NOT_DOWNLOADED,NOT_ATTEMPTED,NAME_REVIEW_REQUIRED;CLUSTER_ATTRIBUTION_REVIEW,4u_1820_303,1803.9075,1835.8118,56784,2.6590256261124563,REVIEW_REQUIRED,False,1,ToO,null,0,838,0,https://heasarc.gsfc.nasa.gov/FTP/nustar/data/obs/00/8/80001011002/
80702318001,4U 1820-303,NS,2021-06-19T10:31:09.120,13516.5701,4U_1820m30,CATALOG_POSITIVE_EXPOSURE,CATALOG_POSITIVE_EXPOSURE,PUBLIC_ARCHIVED,NOT_DOWNLOADED,NOT_ATTEMPTED,NAME_REVIEW_REQUIRED;POSITION_REVIEW_REQUIRED;CLUSTER_ATTRIBUTION_REVIEW,4u_1820_303,13516.5701,14090.2822,59856,5.368608622998304,REVIEW_REQUIRED,False,0,(1/3) ToO / INERTIAL only / idiagnostics,null,0,null,7,https://heasarc.gsfc.nasa.gov/FTP/nustar/data/obs/07/8/80702318001/
80702318003,4U 1820-303,NS,2021-10-08T19:36:11.520,17343.7945,4U_1820m30,CATALOG_POSITIVE_EXPOSURE,CATALOG_POSITIVE_EXPOSURE,PUBLIC_ARCHIVED,NOT_DOWNLOADED,NOT_ATTEMPTED,NAME_REVIEW_REQUIRED;POSITION_REVIEW_REQUIRED;CLUSTER_ATTRIBUTION_REVIEW,4u_1820_303,17343.7945,17455.1586,59856,3.5760549524583145,REVIEW_REQUIRED,False,1,(2/3) / idiagnostics / M-class solar flare,Flare,0,null,7,https://heasarc.gsfc.nasa.gov/FTP/nustar/data/obs/07/8/80702318003/
80702318004,4U 1820-303,NS,2022-03-29T10:26:06.720,0.0,4U_1820m30,NO_POSITIVE_EXPOSURE,NO_POSITIVE_EXPOSURE,PUBLIC_ARCHIVED,NOT_DOWNLOADED,NOT_ATTEMPTED,NAME_REVIEW_REQUIRED;POSITION_REVIEW_REQUIRED;CLUSTER_ATTRIBUTION_REVIEW;NOT_SCIENCE_OBSERVATION;NONPOSITIVE_MODULE_EXPOSURE,4u_1820_303,0.0,0.0,59856,3.358148494617596,REVIEW_REQUIRED,False,0,STELLAR,null,0,null,7,https://heasarc.gsfc.nasa.gov/FTP/nustar/data/obs/07/8/80702318004/
80702318005,4U 1820-303,NS,2022-03-29T11:26:09.600,18923.9475,4U_1820m30,CATALOG_POSITIVE_EXPOSURE,CATALOG_POSITIVE_EXPOSURE,PUBLIC_ARCHIVED,NOT_DOWNLOADED,NOT_ATTEMPTED,NAME_REVIEW_REQUIRED;CLUSTER_ATTRIBUTION_REVIEW,4u_1820_303,18923.9475,19221.9688,59856,2.785432489325098,REVIEW_REQUIRED,False,1,(3/3) ToO / idiagnostics,Solar flare,0,null,7,https://heasarc.gsfc.nasa.gov/FTP/nustar/data/obs/07/8/80702318005/
81001322001,4U 1820-303,NS,2024-07-04T06:21:10.080,37661.2251,4U_1820m30,CATALOG_POSITIVE_EXPOSURE,CATALOG_POSITIVE_EXPOSURE,PUBLIC_ARCHIVED,NOT_DOWNLOADED,NOT_ATTEMPTED,NAME_REVIEW_REQUIRED;CLUSTER_ATTRIBUTION_REVIEW,4u_1820_303,37661.2251,37887.3307,60690,2.9889082832274676,REVIEW_REQUIRED,False,0,ToOR,null,0,null,10,https://heasarc.gsfc.nasa.gov/FTP/nustar/data/obs/10/8/81001322001/
90401323002,4U 1820-303,NS,2018-05-19T05:31:12.000,11800.0152,4U_1820m30,CATALOG_POSITIVE_EXPOSURE,CATALOG_POSITIVE_EXPOSURE,PUBLIC_ARCHIVED,NOT_DOWNLOADED,NOT_ATTEMPTED,NAME_REVIEW_REQUIRED;CLUSTER_ATTRIBUTION_REVIEW,4u_1820_303,11800.0152,12134.6849,58263,1.9862465485434755,REVIEW_REQUIRED,False,0,ToO,null,0,null,4,https://heasarc.gsfc.nasa.gov/FTP/nustar/data/obs/04/9/90401323002/
90802327001,4U 1820-303,NS,2022-10-12T14:11:11.040,0.0,4U_1820m303,NO_POSITIVE_EXPOSURE,NO_POSITIVE_EXPOSURE,PUBLIC_ARCHIVED,NOT_DOWNLOADED,NOT_ATTEMPTED,POSITION_REVIEW_REQUIRED;CLUSTER_ATTRIBUTION_REVIEW;NOT_SCIENCE_OBSERVATION;NONPOSITIVE_MODULE_EXPOSURE,4u_1820_303,0.0,0.0,59876,,REVIEW_REQUIRED,False,0,STELLAR,null,0,null,8,https://heasarc.gsfc.nasa.gov/FTP/nustar/data/obs/08/9/90802327001/
90802327002,4U 1820-303,NS,2022-10-12T14:31:12.000,16487.9149,4U_1820m303,CATALOG_POSITIVE_EXPOSURE,CATALOG_POSITIVE_EXPOSURE,PUBLIC_ARCHIVED,NOT_DOWNLOADED,NOT_ATTEMPTED,POSITION_REVIEW_REQUIRED;CLUSTER_ATTRIBUTION_REVIEW,4u_1820_303,16487.9149,16858.4341,59876,4.399436130122829,REVIEW_REQUIRED,False,0,(2/2) DDT / idiagnostics,null,0,null,8,https://heasarc.gsfc.nasa.gov/FTP/nustar/data/obs/08/9/90802327002/
90902308001,4U 1820-303,NS,2023-04-14T23:46:10.560,0.0,4U_1820m303,NO_POSITIVE_EXPOSURE,NO_POSITIVE_EXPOSURE,PUBLIC_ARCHIVED,NOT_DOWNLOADED,NOT_ATTEMPTED,POSITION_REVIEW_REQUIRED;CLUSTER_ATTRIBUTION_REVIEW;NOT_SCIENCE_OBSERVATION;NONPOSITIVE_MODULE_EXPOSURE,4u_1820_303,0.0,0.0,60058,,REVIEW_REQUIRED,False,0,STELLAR,null,0,null,9,https://heasarc.gsfc.nasa.gov/FTP/nustar/data/obs/09/9/90902308001/
90902308002,4U 1820-303,NS,2023-04-15T00:01:09.120,16773.7005,4U_1820m303,CATALOG_POSITIVE_EXPOSURE,CATALOG_POSITIVE_EXPOSURE,PUBLIC_ARCHIVED,NOT_DOWNLOADED,NOT_ATTEMPTED,POSITION_REVIEW_REQUIRED;CLUSTER_ATTRIBUTION_REVIEW,4u_1820_303,16773.7005,17234.4679,60058,3.1223156143567756,REVIEW_REQUIRED,False,1,(1/2) / idiagnostics / data gaps 1830s,null,1830,null,9,https://heasarc.gsfc.nasa.gov/FTP/nustar/data/obs/09/9/90902308002/
90902308003,4U 1820-303,NS,2023-04-16T14:21:07.200,0.0,4U_1820m303,NO_POSITIVE_EXPOSURE,NO_POSITIVE_EXPOSURE,PUBLIC_ARCHIVED,NOT_DOWNLOADED,NOT_ATTEMPTED,POSITION_REVIEW_REQUIRED;CLUSTER_ATTRIBUTION_REVIEW;NOT_SCIENCE_OBSERVATION;NONPOSITIVE_MODULE_EXPOSURE,4u_1820_303,0.0,0.0,60058,,REVIEW_REQUIRED,False,0,STELLAR,null,0,null,9,https://heasarc.gsfc.nasa.gov/FTP/nustar/data/obs/09/9/90902308003/
90902308004,4U 1820-303,NS,2023-04-16T14:36:05.760,15159.9104,4U_1820m303,CATALOG_POSITIVE_EXPOSURE,CATALOG_POSITIVE_EXPOSURE,PUBLIC_ARCHIVED,NOT_DOWNLOADED,NOT_ATTEMPTED,POSITION_REVIEW_REQUIRED;CLUSTER_ATTRIBUTION_REVIEW,4u_1820_303,15159.9104,15502.8984,60058,3.06718536386518,REVIEW_REQUIRED,False,0,(2/2) DDT / idiagnostics,null,0,null,9,https://heasarc.gsfc.nasa.gov/FTP/nustar/data/obs/09/9/90902308004/
91101316002,4U 1820-303,NS,2025-06-09T04:46:07.680,31636.7588,4U_1820m30,CATALOG_POSITIVE_EXPOSURE,CATALOG_POSITIVE_EXPOSURE,PUBLIC_ARCHIVED,NOT_DOWNLOADED,NOT_ATTEMPTED,NAME_REVIEW_REQUIRED;CLUSTER_ATTRIBUTION_REVIEW,4u_1820_303,31679.7835,31636.7588,60845,2.5727297811071352,REVIEW_REQUIRED,False,1,DDT / Data gaps,null,156,null,11,https://heasarc.gsfc.nasa.gov/FTP/nustar/data/obs/11/9/91101316002/
30001002001,4XMM J174610.7-290020,UNRESOLVED,2012-07-20T02:11:11.040,155667.3737,SgrAstar,CATALOG_POSITIVE_EXPOSURE,CATALOG_POSITIVE_EXPOSURE,PUBLIC_ARCHIVED,NOT_DOWNLOADED,NOT_ATTEMPTED,NAME_REVIEW_REQUIRED;POSITION_REVIEW_REQUIRED;LABEL_UNRESOLVED,4xmm_j174610_7_290020,156788.6692,155667.3737,57112,8.47928041892488,REVIEW_REQUIRED,False,1,STELLAR,null,42,null,0,https://heasarc.gsfc.nasa.gov/FTP/nustar/data/obs/00/3/30001002001/
30001002002,4XMM J174610.7-290020,UNRESOLVED,2012-08-04T01:06:05.760,11985.8666,SgrAstar,CATALOG_POSITIVE_EXPOSURE,CATALOG_POSITIVE_EXPOSURE,PUBLIC_ARCHIVED,NOT_DOWNLOADED,NOT_ATTEMPTED,NAME_REVIEW_REQUIRED;POSITION_REVIEW_REQUIRED;LABEL_UNRESOLVED,4xmm_j174610_7_290020,12086.3827,11985.8666,57112,7.56954955236713,REVIEW_REQUIRED,False,1,OA on DET3,null,0,null,0,https://heasarc.gsfc.nasa.gov/FTP/nustar/data/obs/00/3/30001002002/
30001002003,4XMM J174610.7-290020,UNRESOLVED,2012-08-04T07:56:03.840,76848.208,SgrAstar,CATALOG_POSITIVE_EXPOSURE,CATALOG_POSITIVE_EXPOSURE,PUBLIC_ARCHIVED,NOT_DOWNLOADED,NOT_ATTEMPTED,NAME_REVIEW_REQUIRED;POSITION_REVIEW_REQUIRED;LABEL_UNRESOLVED,4xmm_j174610_7_290020,77960.65,76848.208,57112,8.773834977867486,REVIEW_REQUIRED,False,1,OA on DET3,Solar flare,0,null,0,https://heasarc.gsfc.nasa.gov/FTP/nustar/data/obs/00/3/30001002003/
30001002004,4XMM J174610.7-290020,UNRESOLVED,2012-10-16T18:31:06.240,49609.5544,SgrAstar,CATALOG_POSITIVE_EXPOSURE,CATALOG_POSITIVE_EXPOSURE,PUBLIC_ARCHIVED,NOT_DOWNLOADED,NOT_ATTEMPTED,NAME_REVIEW_REQUIRED;POSITION_REVIEW_REQUIRED;LABEL_UNRESOLVED,4xmm_j174610_7_290020,50165.2617,49609.5544,57112,8.799479947099204,REVIEW_REQUIRED,False,0,null,null,0,null,0,https://heasarc.gsfc.nasa.gov/FTP/nustar/data/obs/00/3/30001002004/
30001002006,4XMM J174610.7-290020,UNRESOLVED,2013-04-26T01:01:03.360,37063.0917,SgrAstar,CATALOG_POSITIVE_EXPOSURE,CATALOG_POSITIVE_EXPOSURE,PUBLIC_ARCHIVED,NOT_DOWNLOADED,NOT_ATTEMPTED,NAME_REVIEW_REQUIRED;POSITION_REVIEW_REQUIRED;LABEL_UNRESOLVED,4xmm_j174610_7_290020,37063.0917,37293.8233,57112,5.892481029112541,REVIEW_REQUIRED,False,0,ToO,null,0,null,0,https://heasarc.gsfc.nasa.gov/FTP/nustar/data/obs/00/3/30001002006/
30001002008,4XMM J174610.7-290020,UNRESOLVED,2014-06-18T02:21:07.200,32774.8726,SgrAstar,CATALOG_POSITIVE_EXPOSURE,CATALOG_POSITIVE_EXPOSURE,PUBLIC_ARCHIVED,NOT_DOWNLOADED,NOT_ATTEMPTED,NAME_REVIEW_REQUIRED;POSITION_REVIEW_REQUIRED;LABEL_UNRESOLVED,4xmm_j174610_7_290020,33174.8164,32774.8726,57112,6.585152647178991,REVIEW_REQUIRED,False,0,null,null,0,null,0,https://heasarc.gsfc.nasa.gov/FTP/nustar/data/obs/00/3/30001002008/
30001002010,4XMM J174610.7-290020,UNRESOLVED,2014-07-04T10:36:02.880,61146.3575,SgrAstar,CATALOG_POSITIVE_EXPOSURE,CATALOG_POSITIVE_EXPOSURE,PUBLIC_ARCHIVED,NOT_DOWNLOADED,NOT_ATTEMPTED,NAME_REVIEW_REQUIRED;POSITION_REVIEW_REQUIRED;LABEL_UNRESOLVED,4xmm_j174610_7_290020,61489.6234,61146.3575,57112,8.728665773492938,REVIEW_REQUIRED,False,0,null,null,0,null,0,https://heasarc.gsfc.nasa.gov/FTP/nustar/data/obs/00/3/30001002010/
30002002002,4XMM J174610.7-290020,UNRESOLVED,2014-08-30T19:46:07.680,59942.6616,SgrAstar,CATALOG_POSITIVE_EXPOSURE,CATALOG_POSITIVE_EXPOSURE,PUBLIC_ARCHIVED,NOT_DOWNLOADED,NOT_ATTEMPTED,NAME_REVIEW_REQUIRED;POSITION_REVIEW_REQUIRED;LABEL_UNRESOLVED,4xmm_j174610_7_290020,60309.2369,59942.6616,57513,7.8849735136089505,REVIEW_REQUIRED,False,0,null,null,0,null,0,https://heasarc.gsfc.nasa.gov/FTP/nustar/data/obs/00/3/30002002002/
30002002004,4XMM J174610.7-290020,UNRESOLVED,2014-09-27T17:31:03.360,67583.3421,SgrAstar,CATALOG_POSITIVE_EXPOSURE,CATALOG_POSITIVE_EXPOSURE,PUBLIC_ARCHIVED,NOT_DOWNLOADED,NOT_ATTEMPTED,NAME_REVIEW_REQUIRED;POSITION_REVIEW_REQUIRED;LABEL_UNRESOLVED,4xmm_j174610_7_290020,67839.6769,67583.3421,57513,8.24353952891761,REVIEW_REQUIRED,False,0,null,null,0,null,0,https://heasarc.gsfc.nasa.gov/FTP/nustar/data/obs/00/3/30002002004/
30002002006,4XMM J174610.7-290020,UNRESOLVED,2015-02-25T23:41:08.160,29593.5527,SgrAstar,CATALOG_POSITIVE_EXPOSURE,CATALOG_POSITIVE_EXPOSURE,PUBLIC_ARCHIVED,NOT_DOWNLOADED,NOT_ATTEMPTED,NAME_REVIEW_REQUIRED;POSITION_REVIEW_REQUIRED;LABEL_UNRESOLVED,4xmm_j174610_7_290020,29593.5527,29663.7593,57513,5.5392117082258725,REVIEW_REQUIRED,False,0,null,null,0,null,0,https://heasarc.gsfc.nasa.gov/FTP/nustar/data/obs/00/3/30002002006/
30002002008,4XMM J174610.7-290020,UNRESOLVED,2015-03-31T04:41:05.280,25714.756,SgrAstar,CATALOG_POSITIVE_EXPOSURE,CATALOG_POSITIVE_EXPOSURE,PUBLIC_ARCHIVED,NOT_DOWNLOADED,NOT_ATTEMPTED,NAME_REVIEW_REQUIRED;POSITION_REVIEW_REQUIRED;LABEL_UNRESOLVED,4xmm_j174610_7_290020,25714.756,25786.33,57513,5.342875236884364,REVIEW_REQUIRED,False,0,null,null,0,null,0,https://heasarc.gsfc.nasa.gov/FTP/nustar/data/obs/00/3/30002002008/
30002002010,4XMM J174610.7-290020,UNRESOLVED,2015-04-01T06:31:06.240,14379.3486,SgrAstar,CATALOG_POSITIVE_EXPOSURE,CATALOG_POSITIVE_EXPOSURE,PUBLIC_ARCHIVED,NOT_DOWNLOADED,NOT_ATTEMPTED,NAME_REVIEW_REQUIRED;POSITION_REVIEW_REQUIRED;LABEL_UNRESOLVED,4xmm_j174610_7_290020,14379.3486,14440.6508,57513,5.7450534197927245,REVIEW_REQUIRED,False,0,null,null,0,null,0,https://heasarc.gsfc.nasa.gov/FTP/nustar/data/obs/00/3/30002002010/
30002002012,4XMM J174610.7-290020,UNRESOLVED,2015-04-02T08:21:07.200,13169.1954,SgrAstar,CATALOG_POSITIVE_EXPOSURE,CATALOG_POSITIVE_EXPOSURE,PUBLIC_ARCHIVED,NOT_DOWNLOADED,NOT_ATTEMPTED,NAME_REVIEW_REQUIRED;POSITION_REVIEW_REQUIRED;LABEL_UNRESOLVED,4xmm_j174610_7_290020,13169.1954,13224.907,57513,5.894364352921103,REVIEW_REQUIRED,False,0,null,null,0,null,0,https://heasarc.gsfc.nasa.gov/FTP/nustar/data/obs/00/3/30002002012/
30302006002,4XMM J174610.7-290020,UNRESOLVED,2017-04-06T01:21:12.960,65020.7746,SgrAstar,CATALOG_POSITIVE_EXPOSURE,CATALOG_POSITIVE_EXPOSURE,PUBLIC_ARCHIVED,NOT_DOWNLOADED,NOT_ATTEMPTED,NAME_REVIEW_REQUIRED;POSITION_REVIEW_REQUIRED;LABEL_UNRESOLVED,4xmm_j174610_7_290020,65020.7746,65093.4169,57857,5.7191201756359185,REVIEW_REQUIRED,False,0,(1/3),null,0,null,3,https://heasarc.gsfc.nasa.gov/FTP/nustar/data/obs/03/3/30302006002/
30302006004,4XMM J174610.7-290020,UNRESOLVED,2017-04-11T03:51:07.200,18579.9472,SgrAstar,CATALOG_POSITIVE_EXPOSURE,CATALOG_POSITIVE_EXPOSURE,PUBLIC_ARCHIVED,NOT_DOWNLOADED,NOT_ATTEMPTED,NAME_REVIEW_REQUIRED;POSITION_REVIEW_REQUIRED;LABEL_UNRESOLVED,4xmm_j174610_7_290020,18579.9472,18604.3111,57857,5.505965804448663,REVIEW_REQUIRED,False,0,(2/3),null,0,null,3,https://heasarc.gsfc.nasa.gov/FTP/nustar/data/obs/03/3/30302006004/
30302006006,4XMM J174610.7-290020,UNRESOLVED,2017-04-12T05:36:05.760,20343.2806,SgrAstar,CATALOG_POSITIVE_EXPOSURE,CATALOG_POSITIVE_EXPOSURE,PUBLIC_ARCHIVED,NOT_DOWNLOADED,NOT_ATTEMPTED,NAME_REVIEW_REQUIRED;POSITION_REVIEW_REQUIRED;LABEL_UNRESOLVED,4xmm_j174610_7_290020,20343.2806,20378.9888,57869,6.032251850540803,REVIEW_REQUIRED,False,0,(3/3),null,0,null,3,https://heasarc.gsfc.nasa.gov/FTP/nustar/data/obs/03/3/30302006006/
30302007002,4XMM J174610.7-290020,UNRESOLVED,2017-07-15T22:51:10.080,45872.2084,SgrAstar,CATALOG_POSITIVE_EXPOSURE,CATALOG_POSITIVE_EXPOSURE,PUBLIC_ARCHIVED,NOT_DOWNLOADED,NOT_ATTEMPTED,NAME_REVIEW_REQUIRED;POSITION_REVIEW_REQUIRED;LABEL_UNRESOLVED,4xmm_j174610_7_290020,46156.994,45872.2084,57960,8.250627549543958,REVIEW_REQUIRED,False,1,(1/2) / Kp=6,Solar CME,0,null,3,https://heasarc.gsfc.nasa.gov/FTP/nustar/data/obs/03/3/30302007002/
30302007004,4XMM J174610.7-290020,UNRESOLVED,2017-07-25T22:36:11.520,51302.7302,SgrAstar,CATALOG_POSITIVE_EXPOSURE,CATALOG_POSITIVE_EXPOSURE,PUBLIC_ARCHIVED,NOT_DOWNLOADED,NOT_ATTEMPTED,NAME_REVIEW_REQUIRED;POSITION_REVIEW_REQUIRED;LABEL_UNRESOLVED,4xmm_j174610_7_290020,51569.624,51302.7302,57970,8.313399304611552,REVIEW_REQUIRED,False,0,(2/2),null,0,null,3,https://heasarc.gsfc.nasa.gov/FTP/nustar/data/obs/03/3/30302007004/
30502005002,4XMM J174610.7-290020,UNRESOLVED,2019-03-24T21:11:05.280,15420.7966,SgrAstar,CATALOG_POSITIVE_EXPOSURE,CATALOG_POSITIVE_EXPOSURE,PUBLIC_ARCHIVED,NOT_DOWNLOADED,NOT_ATTEMPTED,NAME_REVIEW_REQUIRED;POSITION_REVIEW_REQUIRED;LABEL_UNRESOLVED,4xmm_j174610_7_290020,15455.155,15420.7966,58570,5.5203210465786405,REVIEW_REQUIRED,False,0,null,null,0,null,5,https://heasarc.gsfc.nasa.gov/FTP/nustar/data/obs/05/3/30502005002/
30502005004,4XMM J174610.7-290020,UNRESOLVED,2019-03-29T04:11:08.160,152778.6248,SgrAstar,CATALOG_POSITIVE_EXPOSURE,CATALOG_POSITIVE_EXPOSURE,PUBLIC_ARCHIVED,NOT_DOWNLOADED,NOT_ATTEMPTED,NAME_REVIEW_REQUIRED;POSITION_REVIEW_REQUIRED;LABEL_UNRESOLVED,4xmm_j174610_7_290020,153015.4806,152778.6248,58584,5.414285358401828,REVIEW_REQUIRED,False,0,null,null,0,null,5,https://heasarc.gsfc.nasa.gov/FTP/nustar/data/obs/05/3/30502005004/
30502006002,4XMM J174610.7-290020,UNRESOLVED,2019-07-17T21:51:07.200,38158.0589,SgrAstar,CATALOG_POSITIVE_EXPOSURE,CATALOG_POSITIVE_EXPOSURE,PUBLIC_ARCHIVED,NOT_DOWNLOADED,NOT_ATTEMPTED,NAME_REVIEW_REQUIRED;POSITION_REVIEW_REQUIRED;LABEL_UNRESOLVED,4xmm_j174610_7_290020,38556.2473,38158.0589,58693,7.628627468440219,REVIEW_REQUIRED,False,0,(1/2),null,0,null,5,https://heasarc.gsfc.nasa.gov/FTP/nustar/data/obs/05/3/30502006002/
30502006004,4XMM J174610.7-290020,UNRESOLVED,2019-07-26T00:41:11.040,34372.2845,SgrAstar,CATALOG_POSITIVE_EXPOSURE,CATALOG_POSITIVE_EXPOSURE,PUBLIC_ARCHIVED,NOT_DOWNLOADED,NOT_ATTEMPTED,NAME_REVIEW_REQUIRED;POSITION_REVIEW_REQUIRED;LABEL_UNRESOLVED,4xmm_j174610_7_290020,34749.5942,34372.2845,58711,7.930386115867268,REVIEW_REQUIRED,False,0,(2/2),null,0,null,5,https://heasarc.gsfc.nasa.gov/FTP/nustar/data/obs/05/3/30502006004/
30502014002,4XMM J174610.7-290020,UNRESOLVED,2019-08-13T16:26:06.720,99883.6927,SgrAstar,CATALOG_POSITIVE_EXPOSURE,CATALOG_POSITIVE_EXPOSURE,PUBLIC_ARCHIVED,NOT_DOWNLOADED,NOT_ATTEMPTED,NAME_REVIEW_REQUIRED;POSITION_REVIEW_REQUIRED;LABEL_UNRESOLVED,4xmm_j174610_7_290020,100861.5374,99883.6927,59730,7.783168932312063,REVIEW_REQUIRED,False,0,(1/2),null,0,null,5,https://heasarc.gsfc.nasa.gov/FTP/nustar/data/obs/05/3/30502014002/
30502014004,4XMM J174610.7-290020,UNRESOLVED,2019-08-19T19:01:12.000,19490.5849,SgrAstar,CATALOG_POSITIVE_EXPOSURE,CATALOG_POSITIVE_EXPOSURE,PUBLIC_ARCHIVED,NOT_DOWNLOADED,NOT_ATTEMPTED,NAME_REVIEW_REQUIRED;POSITION_REVIEW_REQUIRED;LABEL_UNRESOLVED,4xmm_j174610_7_290020,19686.983,19490.5849,59730,8.173592060471366,REVIEW_REQUIRED,False,0,(2/2),null,0,null,5,https://heasarc.gsfc.nasa.gov/FTP/nustar/data/obs/05/3/30502014004/
30502014006,4XMM J174610.7-290020,UNRESOLVED,2021-03-30T04:46:07.680,52123.5415,SgrAstar,CATALOG_POSITIVE_EXPOSURE,CATALOG_POSITIVE_EXPOSURE,PUBLIC_ARCHIVED,NOT_DOWNLOADED,NOT_ATTEMPTED,NAME_REVIEW_REQUIRED;POSITION_REVIEW_REQUIRED;LABEL_UNRESOLVED,4xmm_j174610_7_290020,52551.0122,52123.5415,59730,4.28643520398934,REVIEW_REQUIRED,False,0,(2a/2),null,0,null,5,https://heasarc.gsfc.nasa.gov/FTP/nustar/data/obs/05/3/30502014006/
30502014008,4XMM J174610.7-290020,UNRESOLVED,2021-05-23T04:56:12.480,19113.5012,SgrAstar,CATALOG_POSITIVE_EXPOSURE,CATALOG_POSITIVE_EXPOSURE,PUBLIC_ARCHIVED,NOT_DOWNLOADED,NOT_ATTEMPTED,NAME_REVIEW_REQUIRED;POSITION_REVIEW_REQUIRED;LABEL_UNRESOLVED,4xmm_j174610_7_290020,19241.8615,19113.5012,59730,4.987418839448841,REVIEW_REQUIRED,False,1,(2b/2) / M-class flare,null,0,null,5,https://heasarc.gsfc.nasa.gov/FTP/nustar/data/obs/05/3/30502014008/
30502014010,4XMM J174610.7-290020,UNRESOLVED,2021-05-24T01:51:10.080,55018.8207,SgrAstar,CATALOG_POSITIVE_EXPOSURE,CATALOG_POSITIVE_EXPOSURE,PUBLIC_ARCHIVED,NOT_DOWNLOADED,NOT_ATTEMPTED,NAME_REVIEW_REQUIRED;POSITION_REVIEW_REQUIRED;LABEL_UNRESOLVED,4xmm_j174610_7_290020,55434.8136,55018.8207,59730,5.017869762692076,REVIEW_REQUIRED,False,0,(2c/2),null,0,null,5,https://heasarc.gsfc.nasa.gov/FTP/nustar/data/obs/05/3/30502014010/
30602006002,4XMM J174610.7-290020,UNRESOLVED,2020-03-26T03:46:13.440,26054.742,SgrAstar,CATALOG_POSITIVE_EXPOSURE,CATALOG_POSITIVE_EXPOSURE,PUBLIC_ARCHIVED,NOT_DOWNLOADED,NOT_ATTEMPTED,NAME_REVIEW_REQUIRED;POSITION_REVIEW_REQUIRED;LABEL_UNRESOLVED,4xmm_j174610_7_290020,26095.8933,26054.742,58956,5.79736940379457,REVIEW_REQUIRED,False,0,(1/3),null,0,null,6,https://heasarc.gsfc.nasa.gov/FTP/nustar/data/obs/06/3/30602006002/
30602006004,4XMM J174610.7-290020,UNRESOLVED,2020-03-30T04:26:06.720,22456.4501,SgrAstar,CATALOG_POSITIVE_EXPOSURE,CATALOG_POSITIVE_EXPOSURE,PUBLIC_ARCHIVED,NOT_DOWNLOADED,NOT_ATTEMPTED,NAME_REVIEW_REQUIRED;POSITION_REVIEW_REQUIRED;LABEL_UNRESOLVED,4xmm_j174610_7_290020,22478.6379,22456.4501,58956,5.260435162423182,REVIEW_REQUIRED,False,0,(2/3),null,0,null,6,https://heasarc.gsfc.nasa.gov/FTP/nustar/data/obs/06/3/30602006004/
30602006006,4XMM J174610.7-290020,UNRESOLVED,2020-03-31T04:36:11.520,23480.0375,SgrAstar,CATALOG_POSITIVE_EXPOSURE,CATALOG_POSITIVE_EXPOSURE,PUBLIC_ARCHIVED,NOT_DOWNLOADED,NOT_ATTEMPTED,NAME_REVIEW_REQUIRED;POSITION_REVIEW_REQUIRED;LABEL_UNRESOLVED,4xmm_j174610_7_290020,23504.9349,23480.0375,58956,5.133326791203195,REVIEW_REQUIRED,False,0,(3/3),null,0,null,6,https://heasarc.gsfc.nasa.gov/FTP/nustar/data/obs/06/3/30602006006/
30602020001,4XMM J174610.7-290020,UNRESOLVED,2021-06-19T21:41:11.040,13668.4135,SgrAstar,CATALOG_POSITIVE_EXPOSURE,CATALOG_POSITIVE_EXPOSURE,PUBLIC_ARCHIVED,NOT_DOWNLOADED,NOT_ATTEMPTED,NAME_REVIEW_REQUIRED;POSITION_REVIEW_REQUIRED;LABEL_UNRESOLVED,4xmm_j174610_7_290020,13802.8315,13668.4135,60062,7.128922907480436,REVIEW_REQUIRED,False,0,(1/4) / INERTIAL only,null,0,null,6,https://heasarc.gsfc.nasa.gov/FTP/nustar/data/obs/06/3/30602020001/
30602020002,4XMM J174610.7-290020,UNRESOLVED,2021-06-25T22:41:05.280,19975.1857,SgrAstar,CATALOG_POSITIVE_EXPOSURE,CATALOG_POSITIVE_EXPOSURE,PUBLIC_ARCHIVED,NOT_DOWNLOADED,NOT_ATTEMPTED,NAME_REVIEW_REQUIRED;POSITION_REVIEW_REQUIRED;LABEL_UNRESOLVED,4xmm_j174610_7_290020,20154.8636,19975.1857,60062,7.2777968976799405,REVIEW_REQUIRED,False,0,(2/4) / INERTIAL only,null,0,null,6,https://heasarc.gsfc.nasa.gov/FTP/nustar/data/obs/06/3/30602020002/
30602020004,4XMM J174610.7-290020,UNRESOLVED,2021-07-29T20:06:08.640,20981.202,SgrAstar,CATALOG_POSITIVE_EXPOSURE,CATALOG_POSITIVE_EXPOSURE,PUBLIC_ARCHIVED,NOT_DOWNLOADED,NOT_ATTEMPTED,NAME_REVIEW_REQUIRED;POSITION_REVIEW_REQUIRED;LABEL_UNRESOLVED,4xmm_j174610_7_290020,21216.7085,20981.202,60062,8.826883302599994,REVIEW_REQUIRED,False,0,(3/4),null,0,null,6,https://heasarc.gsfc.nasa.gov/FTP/nustar/data/obs/06/3/30602020004/
30602020006,4XMM J174610.7-290020,UNRESOLVED,2022-03-20T03:36:08.640,33168.3832,SgrAstar,CATALOG_POSITIVE_EXPOSURE,CATALOG_POSITIVE_EXPOSURE,PUBLIC_ARCHIVED,NOT_DOWNLOADED,NOT_ATTEMPTED,NAME_REVIEW_REQUIRED;POSITION_REVIEW_REQUIRED;LABEL_UNRESOLVED,4xmm_j174610_7_290020,33370.0078,33168.3832,60062,4.555743648755883,REVIEW_REQUIRED,False,0,(4/5),null,0,null,6,https://heasarc.gsfc.nasa.gov/FTP/nustar/data/obs/06/3/30602020006/
30602020007,4XMM J174610.7-290020,UNRESOLVED,2022-04-19T04:36:11.520,78.4474,SgrAstar,CATALOG_POSITIVE_EXPOSURE,CATALOG_POSITIVE_EXPOSURE,PUBLIC_ARCHIVED,NOT_DOWNLOADED,NOT_ATTEMPTED,NAME_REVIEW_REQUIRED;POSITION_REVIEW_REQUIRED;LABEL_UNRESOLVED,4xmm_j174610_7_290020,78.7582,78.4474,60062,4.905709652432999,REVIEW_REQUIRED,False,0,STELLAR,null,0,null,6,https://heasarc.gsfc.nasa.gov/FTP/nustar/data/obs/06/3/30602020007/
30602020008,4XMM J174610.7-290020,UNRESOLVED,2022-04-19T04:51:10.080,20414.5293,SgrAstar,CATALOG_POSITIVE_EXPOSURE,CATALOG_POSITIVE_EXPOSURE,PUBLIC_ARCHIVED,NOT_DOWNLOADED,NOT_ATTEMPTED,NAME_REVIEW_REQUIRED;POSITION_REVIEW_REQUIRED;LABEL_UNRESOLVED,4xmm_j174610_7_290020,20509.722,20414.5293,60062,5.016232708135407,REVIEW_REQUIRED,False,1,(5/6) idiagnostics / SL-AB-all,null,0,null,6,https://heasarc.gsfc.nasa.gov/FTP/nustar/data/obs/06/3/30602020008/
30602020009,4XMM J174610.7-290020,UNRESOLVED,2022-04-23T19:01:12.000,221.9326,SgrAstar,CATALOG_POSITIVE_EXPOSURE,CATALOG_POSITIVE_EXPOSURE,PUBLIC_ARCHIVED,NOT_DOWNLOADED,NOT_ATTEMPTED,NAME_REVIEW_REQUIRED;POSITION_REVIEW_REQUIRED;LABEL_UNRESOLVED,4xmm_j174610_7_290020,222.8338,221.9326,60062,4.876093770131893,REVIEW_REQUIRED,False,0,STELLAR,null,0,null,6,https://heasarc.gsfc.nasa.gov/FTP/nustar/data/obs/06/3/30602020009/
30602020010,4XMM J174610.7-290020,UNRESOLVED,2022-04-23T19:56:12.480,27115.5392,SgrAstar,CATALOG_POSITIVE_EXPOSURE,CATALOG_POSITIVE_EXPOSURE,PUBLIC_ARCHIVED,NOT_DOWNLOADED,NOT_ATTEMPTED,NAME_REVIEW_REQUIRED;POSITION_REVIEW_REQUIRED;LABEL_UNRESOLVED,4xmm_j174610_7_290020,27260.9112,27115.5392,60062,5.121164565595935,REVIEW_REQUIRED,False,0,(6/6) idiagnostics,null,0,null,6,https://heasarc.gsfc.nasa.gov/FTP/nustar/data/obs/06/3/30602020010/
30602022002,4XMM J174610.7-290020,UNRESOLVED,2021-04-10T06:26:12.480,26354.9786,SgrAstar,CATALOG_POSITIVE_EXPOSURE,CATALOG_POSITIVE_EXPOSURE,PUBLIC_ARCHIVED,NOT_DOWNLOADED,NOT_ATTEMPTED,NAME_REVIEW_REQUIRED;POSITION_REVIEW_REQUIRED;LABEL_UNRESOLVED,4xmm_j174610_7_290020,26525.8612,26354.9786,59323,4.805693397092609,REVIEW_REQUIRED,False,0,(1/4),null,0,null,6,https://heasarc.gsfc.nasa.gov/FTP/nustar/data/obs/06/3/30602022002/
30602022004,4XMM J174610.7-290020,UNRESOLVED,2021-04-11T06:36:08.640,24840.9892,SgrAstar,CATALOG_POSITIVE_EXPOSURE,CATALOG_POSITIVE_EXPOSURE,PUBLIC_ARCHIVED,NOT_DOWNLOADED,NOT_ATTEMPTED,NAME_REVIEW_REQUIRED;POSITION_REVIEW_REQUIRED;LABEL_UNRESOLVED,4xmm_j174610_7_290020,25009.6058,24840.9892,59323,5.233106427718415,REVIEW_REQUIRED,False,0,(2/4),null,0,null,6,https://heasarc.gsfc.nasa.gov/FTP/nustar/data/obs/06/3/30602022004/
30602022006,4XMM J174610.7-290020,UNRESOLVED,2021-04-14T02:11:11.040,19790.7585,SgrAstar,CATALOG_POSITIVE_EXPOSURE,CATALOG_POSITIVE_EXPOSURE,PUBLIC_ARCHIVED,NOT_DOWNLOADED,NOT_ATTEMPTED,NAME_REVIEW_REQUIRED;POSITION_REVIEW_REQUIRED;LABEL_UNRESOLVED,4xmm_j174610_7_290020,19950.7597,19790.7585,59323,4.763152828913533,REVIEW_REQUIRED,False,0,(3/4),null,0,null,6,https://heasarc.gsfc.nasa.gov/FTP/nustar/data/obs/06/3/30602022006/
30602022008,4XMM J174610.7-290020,UNRESOLVED,2021-04-16T07:16:10.560,24745.6199,SgrAstar,CATALOG_POSITIVE_EXPOSURE,CATALOG_POSITIVE_EXPOSURE,PUBLIC_ARCHIVED,NOT_DOWNLOADED,NOT_ATTEMPTED,NAME_REVIEW_REQUIRED;POSITION_REVIEW_REQUIRED;LABEL_UNRESOLVED,4xmm_j174610_7_290020,24908.8667,24745.6199,59330,4.957372677460881,REVIEW_REQUIRED,False,0,(4/4) / Kp=5,null,0,null,6,https://heasarc.gsfc.nasa.gov/FTP/nustar/data/obs/06/3/30602022008/
30702013002,4XMM J174610.7-290020,UNRESOLVED,2022-05-20T02:41:08.160,21484.4941,SgrAstar,CATALOG_POSITIVE_EXPOSURE,CATALOG_POSITIVE_EXPOSURE,PUBLIC_ARCHIVED,NOT_DOWNLOADED,NOT_ATTEMPTED,NAME_REVIEW_REQUIRED;POSITION_REVIEW_REQUIRED;LABEL_UNRESOLVED,4xmm_j174610_7_290020,21586.1867,21484.4941,60417,4.898135509687734,REVIEW_REQUIRED,False,1,(1/5) / idiagnostics,Solar flare,0,null,7,https://heasarc.gsfc.nasa.gov/FTP/nustar/data/obs/07/3/30702013002/
30702013003,4XMM J174610.7-290020,UNRESOLVED,2022-06-19T22:41:05.280,17459.4044,SgrAstar,CATALOG_POSITIVE_EXPOSURE,CATALOG_POSITIVE_EXPOSURE,PUBLIC_ARCHIVED,NOT_DOWNLOADED,NOT_ATTEMPTED,NAME_REVIEW_REQUIRED;POSITION_REVIEW_REQUIRED;LABEL_UNRESOLVED,4xmm_j174610_7_290020,17617.766,17459.4044,60417,7.289330531927773,REVIEW_REQUIRED,False,0,(2/5) INERTIAL only / idiagnostics,null,0,null,7,https://heasarc.gsfc.nasa.gov/FTP/nustar/data/obs/07/3/30702013003/
30702013005,4XMM J174610.7-290020,UNRESOLVED,2022-07-19T20:36:05.760,19643.9795,SgrAstar,CATALOG_POSITIVE_EXPOSURE,CATALOG_POSITIVE_EXPOSURE,PUBLIC_ARCHIVED,NOT_DOWNLOADED,NOT_ATTEMPTED,NAME_REVIEW_REQUIRED;POSITION_REVIEW_REQUIRED;LABEL_UNRESOLVED,4xmm_j174610_7_290020,19855.7458,19643.9795,60417,8.978759317473004,REVIEW_REQUIRED,False,0,(3/5) idiagnostics,null,0,null,7,https://heasarc.gsfc.nasa.gov/FTP/nustar/data/obs/07/3/30702013005/
30702013008,4XMM J174610.7-290020,UNRESOLVED,2023-04-07T00:16:07.680,263.6341,SgrAstar,CATALOG_POSITIVE_EXPOSURE,CATALOG_POSITIVE_EXPOSURE,PUBLIC_ARCHIVED,NOT_DOWNLOADED,NOT_ATTEMPTED,NAME_REVIEW_REQUIRED;POSITION_REVIEW_REQUIRED;LABEL_UNRESOLVED,4xmm_j174610_7_290020,265.6457,263.6341,60417,3.8471481068738194,REVIEW_REQUIRED,False,0,STELLAR,null,0,null,7,https://heasarc.gsfc.nasa.gov/FTP/nustar/data/obs/07/3/30702013008/
30702013009,4XMM J174610.7-290020,UNRESOLVED,2023-04-07T00:56:09.600,19704.2289,SgrAstar,CATALOG_POSITIVE_EXPOSURE,CATALOG_POSITIVE_EXPOSURE,PUBLIC_ARCHIVED,NOT_DOWNLOADED,NOT_ATTEMPTED,NAME_REVIEW_REQUIRED;POSITION_REVIEW_REQUIRED;LABEL_UNRESOLVED,4xmm_j174610_7_290020,19838.5504,19704.2289,60417,4.377159602083392,REVIEW_REQUIRED,False,0,(5/5) / idiagnostics,VLT-Gravity,0,null,7,https://heasarc.gsfc.nasa.gov/FTP/nustar/data/obs/07/3/30702013009/
30801024001,4XMM J174610.7-290020,UNRESOLVED,2023-04-13T03:51:07.200,269.5447,SgrAstar,CATALOG_POSITIVE_EXPOSURE,CATALOG_POSITIVE_EXPOSURE,PUBLIC_ARCHIVED,NOT_DOWNLOADED,NOT_ATTEMPTED,NAME_REVIEW_REQUIRED;POSITION_REVIEW_REQUIRED;LABEL_UNRESOLVED,4xmm_j174610_7_290020,270.8024,269.5447,60249,4.222500844375102,REVIEW_REQUIRED,False,0,STELLAR,null,0,null,8,https://heasarc.gsfc.nasa.gov/FTP/nustar/data/obs/08/3/30801024001/
30801024002,4XMM J174610.7-290020,UNRESOLVED,2023-04-13T04:46:07.680,17460.4757,SgrAstar,CATALOG_POSITIVE_EXPOSURE,CATALOG_POSITIVE_EXPOSURE,PUBLIC_ARCHIVED,NOT_DOWNLOADED,NOT_ATTEMPTED,NAME_REVIEW_REQUIRED;POSITION_REVIEW_REQUIRED;LABEL_UNRESOLVED,4xmm_j174610_7_290020,17585.9366,17460.4757,60249,4.820607775389788,REVIEW_REQUIRED,False,0,(1/4) / idiagnostics,null,0,null,8,https://heasarc.gsfc.nasa.gov/FTP/nustar/data/obs/08/3/30801024002/
30801024003,4XMM J174610.7-290020,UNRESOLVED,2023-04-16T01:11:08.160,16.5438,SgrAstar,CATALOG_POSITIVE_EXPOSURE,CATALOG_POSITIVE_EXPOSURE,PUBLIC_ARCHIVED,NOT_DOWNLOADED,NOT_ATTEMPTED,NAME_REVIEW_REQUIRED;POSITION_REVIEW_REQUIRED;LABEL_UNRESOLVED,4xmm_j174610_7_290020,17.0709,16.5438,60249,4.16243805617114,REVIEW_REQUIRED,False,0,STELLAR,null,0,null,8,https://heasarc.gsfc.nasa.gov/FTP/nustar/data/obs/08/3/30801024003/
30801024004,4XMM J174610.7-290020,UNRESOLVED,2023-04-16T02:01:06.240,20122.7576,SgrAstar,CATALOG_POSITIVE_EXPOSURE,CATALOG_POSITIVE_EXPOSURE,PUBLIC_ARCHIVED,NOT_DOWNLOADED,NOT_ATTEMPTED,NAME_REVIEW_REQUIRED;POSITION_REVIEW_REQUIRED;LABEL_UNRESOLVED,4xmm_j174610_7_290020,20272.9088,20122.7576,60249,4.6950015620019885,REVIEW_REQUIRED,False,0,(2/4) / idiagnostics,null,0,null,8,https://heasarc.gsfc.nasa.gov/FTP/nustar/data/obs/08/3/30801024004/
30801024005,4XMM J174610.7-290020,UNRESOLVED,2023-04-18T03:21:10.080,332.3573,SgrAstar,CATALOG_POSITIVE_EXPOSURE,CATALOG_POSITIVE_EXPOSURE,PUBLIC_ARCHIVED,NOT_DOWNLOADED,NOT_ATTEMPTED,NAME_REVIEW_REQUIRED;POSITION_REVIEW_REQUIRED;LABEL_UNRESOLVED,4xmm_j174610_7_290020,334.3361,332.3573,60249,4.919023133257136,REVIEW_REQUIRED,False,0,STELLAR,null,0,null,8,https://heasarc.gsfc.nasa.gov/FTP/nustar/data/obs/08/3/30801024005/
30801024006,4XMM J174610.7-290020,UNRESOLVED,2023-04-18T03:41:11.040,22181.1189,SgrAstar,CATALOG_POSITIVE_EXPOSURE,CATALOG_POSITIVE_EXPOSURE,PUBLIC_ARCHIVED,NOT_DOWNLOADED,NOT_ATTEMPTED,NAME_REVIEW_REQUIRED;POSITION_REVIEW_REQUIRED;LABEL_UNRESOLVED,4xmm_j174610_7_290020,22332.4428,22181.1189,60249,5.123080921829701,REVIEW_REQUIRED,False,0,(3/4) / idiagnostics,null,0,null,8,https://heasarc.gsfc.nasa.gov/FTP/nustar/data/obs/08/3/30801024006/
30801024007,4XMM J174610.7-290020,UNRESOLVED,2023-04-20T01:51:10.080,0.0,SgrAstar,NO_POSITIVE_EXPOSURE,NO_POSITIVE_EXPOSURE,PUBLIC_ARCHIVED,NOT_DOWNLOADED,NOT_ATTEMPTED,NAME_REVIEW_REQUIRED;POSITION_REVIEW_REQUIRED;LABEL_UNRESOLVED;NOT_SCIENCE_OBSERVATION;NONPOSITIVE_MODULE_EXPOSURE,4xmm_j174610_7_290020,0.0,0.0,60249,4.239523788376083,REVIEW_REQUIRED,False,0,STELLAR,null,0,null,8,https://heasarc.gsfc.nasa.gov/FTP/nustar/data/obs/08/3/30801024007/
30801024008,4XMM J174610.7-290020,UNRESOLVED,2023-04-20T02:26:09.600,22099.1915,SgrAstar,CATALOG_POSITIVE_EXPOSURE,CATALOG_POSITIVE_EXPOSURE,PUBLIC_ARCHIVED,NOT_DOWNLOADED,NOT_ATTEMPTED,NAME_REVIEW_REQUIRED;POSITION_REVIEW_REQUIRED;LABEL_UNRESOLVED,4xmm_j174610_7_290020,22258.4238,22099.1915,60249,4.642923783582545,REVIEW_REQUIRED,False,0,(4/4) / idiagnostics,null,0,null,8,https://heasarc.gsfc.nasa.gov/FTP/nustar/data/obs/08/3/30801024008/
30902013002,4XMM J174610.7-290020,UNRESOLVED,2024-04-04T04:56:12.480,20308.0998,SgrAstar,CATALOG_POSITIVE_EXPOSURE,CATALOG_POSITIVE_EXPOSURE,PUBLIC_ARCHIVED,NOT_DOWNLOADED,NOT_ATTEMPTED,NAME_REVIEW_REQUIRED;POSITION_REVIEW_REQUIRED;LABEL_UNRESOLVED,4xmm_j174610_7_290020,20395.816,20308.0998,60597,5.109077706152548,REVIEW_REQUIRED,False,1,(1/4) / straylight (GX 3+1),null,0,null,9,https://heasarc.gsfc.nasa.gov/FTP/nustar/data/obs/09/3/30902013002/
30902013003,4XMM J174610.7-290020,UNRESOLVED,2024-04-06T05:11:11.040,330.1723,SgrAstar,CATALOG_POSITIVE_EXPOSURE,CATALOG_POSITIVE_EXPOSURE,PUBLIC_ARCHIVED,NOT_DOWNLOADED,NOT_ATTEMPTED,NAME_REVIEW_REQUIRED;POSITION_REVIEW_REQUIRED;LABEL_UNRESOLVED,4xmm_j174610_7_290020,332.0441,330.1723,60597,4.035828488404033,REVIEW_REQUIRED,False,0,STELLAR,null,0,null,9,https://heasarc.gsfc.nasa.gov/FTP/nustar/data/obs/09/3/30902013003/
30902013004,4XMM J174610.7-290020,UNRESOLVED,2024-04-06T05:56:06.720,19685.2569,SgrAstar,CATALOG_POSITIVE_EXPOSURE,CATALOG_POSITIVE_EXPOSURE,PUBLIC_ARCHIVED,NOT_DOWNLOADED,NOT_ATTEMPTED,NAME_REVIEW_REQUIRED;POSITION_REVIEW_REQUIRED;LABEL_UNRESOLVED,4xmm_j174610_7_290020,19757.9649,19685.2569,60597,4.567254879384265,REVIEW_REQUIRED,False,1,(2/4) / straylight (GX 3+1),null,0,null,9,https://heasarc.gsfc.nasa.gov/FTP/nustar/data/obs/09/3/30902013004/
30902013006,4XMM J174610.7-290020,UNRESOLVED,2024-04-08T06:56:09.600,21118.828,SgrAstar,CATALOG_POSITIVE_EXPOSURE,CATALOG_POSITIVE_EXPOSURE,PUBLIC_ARCHIVED,NOT_DOWNLOADED,NOT_ATTEMPTED,NAME_REVIEW_REQUIRED;POSITION_REVIEW_REQUIRED;LABEL_UNRESOLVED,4xmm_j174610_7_290020,21189.8917,21118.828,60597,4.782147384049114,REVIEW_REQUIRED,False,1,(3/4) /  straylight (GX 3+1),null,0,null,9,https://heasarc.gsfc.nasa.gov/FTP/nustar/data/obs/09/3/30902013006/
30902013008,4XMM J174610.7-290020,UNRESOLVED,2024-04-09T06:56:09.600,22216.5681,SgrAstar,CATALOG_POSITIVE_EXPOSURE,CATALOG_POSITIVE_EXPOSURE,PUBLIC_ARCHIVED,NOT_DOWNLOADED,NOT_ATTEMPTED,NAME_REVIEW_REQUIRED;POSITION_REVIEW_REQUIRED;LABEL_UNRESOLVED,4xmm_j174610_7_290020,22296.7918,22216.5681,60597,4.749761855283088,REVIEW_REQUIRED,False,1,(4/4) / straylight (GX 3+1),null,0,null,9,https://heasarc.gsfc.nasa.gov/FTP/nustar/data/obs/09/3/30902013008/
31002004002,4XMM J174610.7-290020,UNRESOLVED,2025-04-04T10:31:09.120,17654.2363,SgrAstar,CATALOG_POSITIVE_EXPOSURE,CATALOG_POSITIVE_EXPOSURE,PUBLIC_ARCHIVED,NOT_DOWNLOADED,NOT_ATTEMPTED,NAME_REVIEW_REQUIRED;POSITION_REVIEW_REQUIRED;LABEL_UNRESOLVED,4xmm_j174610_7_290020,17654.2363,17800.5001,60966,4.457353191073173,REVIEW_REQUIRED,False,1,(1/4) / Data gaps,null,18209,null,10,https://heasarc.gsfc.nasa.gov/FTP/nustar/data/obs/10/3/31002004002/
31002004004,4XMM J174610.7-290020,UNRESOLVED,2025-04-06T04:01:12.000,18946.6268,SgrAstar,CATALOG_POSITIVE_EXPOSURE,CATALOG_POSITIVE_EXPOSURE,PUBLIC_ARCHIVED,NOT_DOWNLOADED,NOT_ATTEMPTED,NAME_REVIEW_REQUIRED;POSITION_REVIEW_REQUIRED;LABEL_UNRESOLVED,4xmm_j174610_7_290020,18946.6268,19046.7989,60966,4.462900841515666,REVIEW_REQUIRED,False,null,(2/4),null,0,null,10,https://heasarc.gsfc.nasa.gov/FTP/nustar/data/obs/10/3/31002004004/
31002004006,4XMM J174610.7-290020,UNRESOLVED,2025-04-07T03:56:09.600,24843.7464,SgrAstar,CATALOG_POSITIVE_EXPOSURE,CATALOG_POSITIVE_EXPOSURE,PUBLIC_ARCHIVED,NOT_DOWNLOADED,NOT_ATTEMPTED,NAME_REVIEW_REQUIRED;POSITION_REVIEW_REQUIRED;LABEL_UNRESOLVED,4xmm_j174610_7_290020,24843.7464,24988.7953,60966,4.909153054150021,REVIEW_REQUIRED,False,1,(3/4) / Data gaps,null,9227,null,10,https://heasarc.gsfc.nasa.gov/FTP/nustar/data/obs/10/3/31002004006/
31002004008,4XMM J174610.7-290020,UNRESOLVED,2025-04-09T03:46:13.440,18905.263,SgrAstar,CATALOG_POSITIVE_EXPOSURE,CATALOG_POSITIVE_EXPOSURE,PUBLIC_ARCHIVED,NOT_DOWNLOADED,NOT_ATTEMPTED,NAME_REVIEW_REQUIRED;POSITION_REVIEW_REQUIRED;LABEL_UNRESOLVED,4xmm_j174610_7_290020,18905.263,18996.4076,60966,4.94641787840689,REVIEW_REQUIRED,False,null,(4/4),null,0,null,10,https://heasarc.gsfc.nasa.gov/FTP/nustar/data/obs/10/3/31002004008/
31101013002,4XMM J174610.7-290020,UNRESOLVED,2025-08-07T05:21:07.200,40297.8762,SgrAstar,CATALOG_POSITIVE_EXPOSURE,CATALOG_POSITIVE_EXPOSURE,PUBLIC_ARCHIVED,NOT_DOWNLOADED,NOT_ATTEMPTED,NAME_REVIEW_REQUIRED;POSITION_REVIEW_REQUIRED;LABEL_UNRESOLVED,4xmm_j174610_7_290020,40865.4312,40297.8762,61086,8.782988286078373,REVIEW_REQUIRED,False,1,(1/3) / Solar flare,Solar flare,0,null,11,https://heasarc.gsfc.nasa.gov/FTP/nustar/data/obs/11/3/31101013002/
31101013004,4XMM J174610.7-290020,UNRESOLVED,2025-08-09T20:56:06.720,20143.0013,SgrAstar,CATALOG_POSITIVE_EXPOSURE,CATALOG_POSITIVE_EXPOSURE,PUBLIC_ARCHIVED,NOT_DOWNLOADED,NOT_ATTEMPTED,NAME_REVIEW_REQUIRED;POSITION_REVIEW_REQUIRED;LABEL_UNRESOLVED,4xmm_j174610_7_290020,20412.7257,20143.0013,61086,8.628088028433694,REVIEW_REQUIRED,False,null,(2/3),null,0,null,11,https://heasarc.gsfc.nasa.gov/FTP/nustar/data/obs/11/3/31101013004/
31101013006,4XMM J174610.7-290020,UNRESOLVED,2025-08-12T17:36:05.760,32062.697,SgrAstar,CATALOG_POSITIVE_EXPOSURE,CATALOG_POSITIVE_EXPOSURE,PUBLIC_ARCHIVED,NOT_DOWNLOADED,NOT_ATTEMPTED,NAME_REVIEW_REQUIRED;POSITION_REVIEW_REQUIRED;LABEL_UNRESOLVED,4xmm_j174610_7_290020,32517.5632,32062.697,61086,8.93338179770884,REVIEW_REQUIRED,False,null,(3/3),null,0,null,11,https://heasarc.gsfc.nasa.gov/FTP/nustar/data/obs/11/3/31101013006/
31201011,4XMM J174610.7-290020,UNRESOLVED,,-100000.0,SgrAstar,NO_POSITIVE_EXPOSURE,NO_POSITIVE_EXPOSURE,accepted,NOT_DOWNLOADED,NOT_ATTEMPTED,NAME_REVIEW_REQUIRED;POSITION_REVIEW_REQUIRED;LABEL_UNRESOLVED;NOT_PUBLIC_ARCHIVED;NOT_SCIENCE_OBSERVATION;NONPOSITIVE_MODULE_EXPOSURE,4xmm_j174610_7_290020,-100000.0,-100000.0,null,6.700682890320778,REVIEW_REQUIRED,False,0,null,null,0,0,12,https://heasarc.gsfc.nasa.gov/FTP/nustar/data/obs/12/3/31201011/
40010002001,4XMM J174610.7-290020,UNRESOLVED,2012-10-13T19:21:04.320,24204.3079,Gal_Cen_MOS002,CATALOG_POSITIVE_EXPOSURE,CATALOG_POSITIVE_EXPOSURE,PUBLIC_ARCHIVED,NOT_DOWNLOADED,NOT_ATTEMPTED,NAME_REVIEW_REQUIRED;POSITION_REVIEW_REQUIRED;LABEL_UNRESOLVED,4xmm_j174610_7_290020,24505.9772,24204.3079,57112,6.6406782221122,REVIEW_REQUIRED,False,0,null,null,0,null,0,https://heasarc.gsfc.nasa.gov/FTP/nustar/data/obs/00/4/40010002001/
40010004001,4XMM J174610.7-290020,UNRESOLVED,2012-10-15T00:31:06.240,23668.1439,Gal_Cen_MOS004,CATALOG_POSITIVE_EXPOSURE,CATALOG_POSITIVE_EXPOSURE,PUBLIC_ARCHIVED,NOT_DOWNLOADED,NOT_ATTEMPTED,NAME_REVIEW_REQUIRED;POSITION_REVIEW_REQUIRED;LABEL_UNRESOLVED,4xmm_j174610_7_290020,24030.5105,23668.1439,57112,5.4392097283913,REVIEW_REQUIRED,False,0,null,null,0,null,0,https://heasarc.gsfc.nasa.gov/FTP/nustar/data/obs/00/4/40010004001/
40202001002,4XMM J174610.7-290020,UNRESOLVED,2016-10-28T13:16:10.560,150089.5833,SgrA_molecular_clouds,CATALOG_POSITIVE_EXPOSURE,CATALOG_POSITIVE_EXPOSURE,PUBLIC_ARCHIVED,NOT_DOWNLOADED,NOT_ATTEMPTED,NAME_REVIEW_REQUIRED;POSITION_REVIEW_REQUIRED;LABEL_UNRESOLVED,4xmm_j174610_7_290020,150852.2075,150089.5833,57700,8.909680526124413,REVIEW_REQUIRED,False,1,(1/2) Galactic Legacy Survey / Kp=5,Solar CME,0,null,2,https://heasarc.gsfc.nasa.gov/FTP/nustar/data/obs/02/4/40202001002/
40801002001,4XMM J174610.7-290020,UNRESOLVED,2023-05-10T07:01:12.000,416.5765,GC_MC_BRIDGE,CATALOG_POSITIVE_EXPOSURE,CATALOG_POSITIVE_EXPOSURE,PUBLIC_ARCHIVED,NOT_DOWNLOADED,NOT_ATTEMPTED,NAME_REVIEW_REQUIRED;POSITION_REVIEW_REQUIRED;LABEL_UNRESOLVED,4xmm_j174610_7_290020,418.6401,416.5765,60270,8.96623577259252,REVIEW_REQUIRED,False,0,STELLAR,null,0,null,8,https://heasarc.gsfc.nasa.gov/FTP/nustar/data/obs/08/4/40801002001/
41201001,4XMM J174610.7-290020,UNRESOLVED,,-100000.0,BRIDGE_CLOUD,NO_POSITIVE_EXPOSURE,NO_POSITIVE_EXPOSURE,accepted,NOT_DOWNLOADED,NOT_ATTEMPTED,NAME_REVIEW_REQUIRED;POSITION_REVIEW_REQUIRED;LABEL_UNRESOLVED;NOT_PUBLIC_ARCHIVED;NOT_SCIENCE_OBSERVATION;NONPOSITIVE_MODULE_EXPOSURE,4xmm_j174610_7_290020,-100000.0,-100000.0,null,7.13788834656405,REVIEW_REQUIRED,False,0,null,null,0,0,12,https://heasarc.gsfc.nasa.gov/FTP/nustar/data/obs/12/4/41201001/
50902003004,4XMM J174610.7-290020,UNRESOLVED,2023-07-31T23:16:13.440,20671.5389,SgrAstar,CATALOG_POSITIVE_EXPOSURE,CATALOG_POSITIVE_EXPOSURE,PUBLIC_ARCHIVED,NOT_DOWNLOADED,NOT_ATTEMPTED,NAME_REVIEW_REQUIRED;POSITION_REVIEW_REQUIRED;LABEL_UNRESOLVED,4xmm_j174610_7_290020,20900.5237,20671.5389,60704,8.73265818802243,REVIEW_REQUIRED,False,0,(2/5),null,0,null,9,https://heasarc.gsfc.nasa.gov/FTP/nustar/data/obs/09/5/50902003004/
50902003007,4XMM J174610.7-290020,UNRESOLVED,2024-06-26T15:51:07.200,27525.6233,SgrAstar,CATALOG_POSITIVE_EXPOSURE,CATALOG_POSITIVE_EXPOSURE,PUBLIC_ARCHIVED,NOT_DOWNLOADED,NOT_ATTEMPTED,NAME_REVIEW_REQUIRED;POSITION_REVIEW_REQUIRED;LABEL_UNRESOLVED,4xmm_j174610_7_290020,27777.1871,27525.6233,60704,8.014161210898086,REVIEW_REQUIRED,False,0,(4/5),null,0,null,9,https://heasarc.gsfc.nasa.gov/FTP/nustar/data/obs/09/5/50902003007/
50902003009,4XMM J174610.7-290020,UNRESOLVED,2024-07-20T18:06:11.520,22484.2545,SgrAstar,CATALOG_POSITIVE_EXPOSURE,CATALOG_POSITIVE_EXPOSURE,PUBLIC_ARCHIVED,NOT_DOWNLOADED,NOT_ATTEMPTED,NAME_REVIEW_REQUIRED;POSITION_REVIEW_REQUIRED;LABEL_UNRESOLVED,4xmm_j174610_7_290020,22768.8592,22484.2545,60704,8.684324910667778,REVIEW_REQUIRED,False,0,(5/5),null,0,null,9,https://heasarc.gsfc.nasa.gov/FTP/nustar/data/obs/09/5/50902003009/
51102002001,4XMM J174610.7-290020,UNRESOLVED,2025-06-09T23:36:05.760,19271.8005,SgrAstar,CATALOG_POSITIVE_EXPOSURE,CATALOG_POSITIVE_EXPOSURE,PUBLIC_ARCHIVED,NOT_DOWNLOADED,NOT_ATTEMPTED,NAME_REVIEW_REQUIRED;POSITION_REVIEW_REQUIRED;LABEL_UNRESOLVED,4xmm_j174610_7_290020,19289.8286,19271.8005,61086,5.588309454190972,REVIEW_REQUIRED,False,1,(1/5) / Stray light,null,0,null,11,https://heasarc.gsfc.nasa.gov/FTP/nustar/data/obs/11/5/51102002001/
51102002002,4XMM J174610.7-290020,UNRESOLVED,2025-06-14T21:31:06.240,18913.9205,SgrAstar,CATALOG_POSITIVE_EXPOSURE,CATALOG_POSITIVE_EXPOSURE,PUBLIC_ARCHIVED,NOT_DOWNLOADED,NOT_ATTEMPTED,NAME_REVIEW_REQUIRED;POSITION_REVIEW_REQUIRED;LABEL_UNRESOLVED,4xmm_j174610_7_290020,19125.5736,18913.9205,61086,5.407967850244991,REVIEW_REQUIRED,False,null,(2/5),null,0,null,11,https://heasarc.gsfc.nasa.gov/FTP/nustar/data/obs/11/5/51102002002/
51102002006,4XMM J174610.7-290020,UNRESOLVED,2025-07-10T22:31:09.120,20391.5435,SgrAstar,CATALOG_POSITIVE_EXPOSURE,CATALOG_POSITIVE_EXPOSURE,PUBLIC_ARCHIVED,NOT_DOWNLOADED,NOT_ATTEMPTED,NAME_REVIEW_REQUIRED;POSITION_REVIEW_REQUIRED;LABEL_UNRESOLVED,4xmm_j174610_7_290020,20679.134,20391.5435,61086,8.176226883178563,REVIEW_REQUIRED,False,null,(4/5),null,0,null,11,https://heasarc.gsfc.nasa.gov/FTP/nustar/data/obs/11/5/51102002006/
51102002008,4XMM J174610.7-290020,UNRESOLVED,2025-08-06T18:06:11.520,19770.3649,SgrAstar,CATALOG_POSITIVE_EXPOSURE,CATALOG_POSITIVE_EXPOSURE,PUBLIC_ARCHIVED,NOT_DOWNLOADED,NOT_ATTEMPTED,NAME_REVIEW_REQUIRED;POSITION_REVIEW_REQUIRED;LABEL_UNRESOLVED,4xmm_j174610_7_290020,20019.9934,19770.3649,61086,8.850613509082482,REVIEW_REQUIRED,False,1,(5/5) / Solar flare,Solar flare,0,null,11,https://heasarc.gsfc.nasa.gov/FTP/nustar/data/obs/11/5/51102002008/
60466001002,4XMM J174610.7-290020,UNRESOLVED,2018-04-20T04:01:12.000,19340.1227,SgrAstar,CATALOG_POSITIVE_EXPOSURE,CATALOG_POSITIVE_EXPOSURE,PUBLIC_ARCHIVED,NOT_DOWNLOADED,NOT_ATTEMPTED,NAME_REVIEW_REQUIRED;POSITION_REVIEW_REQUIRED;LABEL_UNRESOLVED,4xmm_j174610_7_290020,19340.1227,19346.9022,58242,5.647052145644788,REVIEW_REQUIRED,False,1,(1/4) / Kp=6,Solar CME,0,null,4,https://heasarc.gsfc.nasa.gov/FTP/nustar/data/obs/04/6/60466001002/
60466001004,4XMM J174610.7-290020,UNRESOLVED,2018-04-22T02:36:05.760,21386.4948,SgrAstar,CATALOG_POSITIVE_EXPOSURE,CATALOG_POSITIVE_EXPOSURE,PUBLIC_ARCHIVED,NOT_DOWNLOADED,NOT_ATTEMPTED,NAME_REVIEW_REQUIRED;POSITION_REVIEW_REQUIRED;LABEL_UNRESOLVED,4xmm_j174610_7_290020,21390.1094,21386.4948,58242,5.878235696965234,REVIEW_REQUIRED,False,0,(2/4),null,0,null,4,https://heasarc.gsfc.nasa.gov/FTP/nustar/data/obs/04/6/60466001004/
60466001006,4XMM J174610.7-290020,UNRESOLVED,2018-04-24T03:01:09.120,18709.5273,SgrAstar,CATALOG_POSITIVE_EXPOSURE,CATALOG_POSITIVE_EXPOSURE,PUBLIC_ARCHIVED,NOT_DOWNLOADED,NOT_ATTEMPTED,NAME_REVIEW_REQUIRED;POSITION_REVIEW_REQUIRED;LABEL_UNRESOLVED,4xmm_j174610_7_290020,18709.5273,18712.4986,58242,5.83411300089619,REVIEW_REQUIRED,False,0,(3/4),null,0,null,4,https://heasarc.gsfc.nasa.gov/FTP/nustar/data/obs/04/6/60466001006/
60466001008,4XMM J174610.7-290020,UNRESOLVED,2018-04-25T03:11:05.280,21205.4604,SgrAstar,CATALOG_POSITIVE_EXPOSURE,CATALOG_POSITIVE_EXPOSURE,PUBLIC_ARCHIVED,NOT_DOWNLOADED,NOT_ATTEMPTED,NAME_REVIEW_REQUIRED;POSITION_REVIEW_REQUIRED;LABEL_UNRESOLVED,4xmm_j174610_7_290020,21205.4604,21220.1622,58242,5.947880545017804,REVIEW_REQUIRED,False,0,(4/4),null,0,null,4,https://heasarc.gsfc.nasa.gov/FTP/nustar/data/obs/04/6/60466001008/
80002013002,4XMM J174610.7-290020,UNRESOLVED,2013-04-27T06:16:07.680,49692.3818,gcmagnetar,CATALOG_POSITIVE_EXPOSURE,CATALOG_POSITIVE_EXPOSURE,PUBLIC_ARCHIVED,NOT_DOWNLOADED,NOT_ATTEMPTED,NAME_REVIEW_REQUIRED;POSITION_REVIEW_REQUIRED;LABEL_UNRESOLVED,4xmm_j174610_7_290020,49692.3818,49983.2592,57112,5.828147073758475,REVIEW_REQUIRED,False,0,ToO,null,0,null,0,https://heasarc.gsfc.nasa.gov/FTP/nustar/data/obs/00/8/80002013002/
80002013004,4XMM J174610.7-290020,UNRESOLVED,2013-05-04T17:31:03.360,38523.1339,gcmagnetar,CATALOG_POSITIVE_EXPOSURE,CATALOG_POSITIVE_EXPOSURE,PUBLIC_ARCHIVED,NOT_DOWNLOADED,NOT_ATTEMPTED,NAME_REVIEW_REQUIRED;POSITION_REVIEW_REQUIRED;LABEL_UNRESOLVED,4xmm_j174610_7_290020,38523.1339,38747.6326,57112,5.750064500317046,REVIEW_REQUIRED,False,1,ToO follow-on,null,0,59,0,https://heasarc.gsfc.nasa.gov/FTP/nustar/data/obs/00/8/80002013004/
80002013006,4XMM J174610.7-290020,UNRESOLVED,2013-05-11T14:26:09.600,32612.7901,gcmagnetar,CATALOG_POSITIVE_EXPOSURE,CATALOG_POSITIVE_EXPOSURE,PUBLIC_ARCHIVED,NOT_DOWNLOADED,NOT_ATTEMPTED,NAME_REVIEW_REQUIRED;POSITION_REVIEW_REQUIRED;LABEL_UNRESOLVED,4xmm_j174610_7_290020,32612.7901,32793.3227,57112,5.752146963352814,REVIEW_REQUIRED,False,1,ToO followon,null,0,2152,0,https://heasarc.gsfc.nasa.gov/FTP/nustar/data/obs/00/8/80002013006/
80002013008,4XMM J174610.7-290020,UNRESOLVED,2013-05-18T17:36:05.760,38830.6997,gcmagnetar,CATALOG_POSITIVE_EXPOSURE,CATALOG_POSITIVE_EXPOSURE,PUBLIC_ARCHIVED,NOT_DOWNLOADED,NOT_ATTEMPTED,NAME_REVIEW_REQUIRED;POSITION_REVIEW_REQUIRED;LABEL_UNRESOLVED,4xmm_j174610_7_290020,38830.6997,39069.3798,57112,5.979549422291593,REVIEW_REQUIRED,False,1,ToO followon,null,0,365,0,https://heasarc.gsfc.nasa.gov/FTP/nustar/data/obs/00/8/80002013008/
80002013010,4XMM J174610.7-290020,UNRESOLVED,2013-05-27T10:16:10.560,37318.5822,gcmagnetar,CATALOG_POSITIVE_EXPOSURE,CATALOG_POSITIVE_EXPOSURE,PUBLIC_ARCHIVED,NOT_DOWNLOADED,NOT_ATTEMPTED,NAME_REVIEW_REQUIRED;POSITION_REVIEW_REQUIRED;LABEL_UNRESOLVED,4xmm_j174610_7_290020,37318.5822,37544.02,57112,6.112315408985861,REVIEW_REQUIRED,False,1,ToO followon,null,0,204,0,https://heasarc.gsfc.nasa.gov/FTP/nustar/data/obs/00/8/80002013010/
80002013012,4XMM J174610.7-290020,UNRESOLVED,2013-06-14T09:56:09.600,26686.7157,gcmagnetar,CATALOG_POSITIVE_EXPOSURE,CATALOG_POSITIVE_EXPOSURE,PUBLIC_ARCHIVED,NOT_DOWNLOADED,NOT_ATTEMPTED,NAME_REVIEW_REQUIRED;POSITION_REVIEW_REQUIRED;LABEL_UNRESOLVED,4xmm_j174610_7_290020,26764.5888,26686.7157,57112,4.955967545772034,REVIEW_REQUIRED,False,1,ToO,null,0,8696,0,https://heasarc.gsfc.nasa.gov/FTP/nustar/data/obs/00/8/80002013012/
80002013014,4XMM J174610.7-290020,UNRESOLVED,2013-07-07T04:16:10.560,8497.2507,gcmagnetar,CATALOG_POSITIVE_EXPOSURE,CATALOG_POSITIVE_EXPOSURE,PUBLIC_ARCHIVED,NOT_DOWNLOADED,NOT_ATTEMPTED,NAME_REVIEW_REQUIRED;POSITION_REVIEW_REQUIRED;LABEL_UNRESOLVED,4xmm_j174610_7_290020,8571.9458,8497.2507,57112,7.754033004528186,REVIEW_REQUIRED,False,1,null,null,0,4412,0,https://heasarc.gsfc.nasa.gov/FTP/nustar/data/obs/00/8/80002013014/
80002013015,4XMM J174610.7-290020,UNRESOLVED,2013-07-07T12:23:11.040,420.8807,gcmagnetar,CATALOG_POSITIVE_EXPOSURE,CATALOG_POSITIVE_EXPOSURE,PUBLIC_ARCHIVED,NOT_DOWNLOADED,NOT_ATTEMPTED,NAME_REVIEW_REQUIRED;POSITION_REVIEW_REQUIRED;LABEL_UNRESOLVED,4xmm_j174610_7_290020,423.759,420.8807,57112,8.325555817084506,REVIEW_REQUIRED,False,0,STELLAR,null,0,null,0,https://heasarc.gsfc.nasa.gov/FTP/nustar/data/obs/00/8/80002013015/
80002013016,4XMM J174610.7-290020,UNRESOLVED,2013-07-07T13:01:03.360,20871.6161,gcmagnetar,CATALOG_POSITIVE_EXPOSURE,CATALOG_POSITIVE_EXPOSURE,PUBLIC_ARCHIVED,NOT_DOWNLOADED,NOT_ATTEMPTED,NAME_REVIEW_REQUIRED;POSITION_REVIEW_REQUIRED;LABEL_UNRESOLVED,4xmm_j174610_7_290020,21008.7316,20871.6161,57112,7.851673297218855,REVIEW_REQUIRED,False,1,null,null,0,8194,0,https://heasarc.gsfc.nasa.gov/FTP/nustar/data/obs/00/8/80002013016/
80002013018,4XMM J174610.7-290020,UNRESOLVED,2013-07-31T01:56:03.840,22393.2239,gcmagnetar,CATALOG_POSITIVE_EXPOSURE,CATALOG_POSITIVE_EXPOSURE,PUBLIC_ARCHIVED,NOT_DOWNLOADED,NOT_ATTEMPTED,NAME_REVIEW_REQUIRED;POSITION_REVIEW_REQUIRED;LABEL_UNRESOLVED,4xmm_j174610_7_290020,22563.8579,22393.2239,57112,8.170001328171942,REVIEW_REQUIRED,False,0,ToO,null,0,null,0,https://heasarc.gsfc.nasa.gov/FTP/nustar/data/obs/00/8/80002013018/
80002013020,4XMM J174610.7-290020,UNRESOLVED,2013-08-08T15:01:09.120,12009.736,gcmagnetar,CATALOG_POSITIVE_EXPOSURE,CATALOG_POSITIVE_EXPOSURE,PUBLIC_ARCHIVED,NOT_DOWNLOADED,NOT_ATTEMPTED,NAME_REVIEW_REQUIRED;POSITION_REVIEW_REQUIRED;LABEL_UNRESOLVED,4xmm_j174610_7_290020,12066.9543,12009.736,57112,8.51609606651188,REVIEW_REQUIRED,False,0,ToO,null,0,null,0,https://heasarc.gsfc.nasa.gov/FTP/nustar/data/obs/00/8/80002013020/
80002013022,4XMM J174610.7-290020,UNRESOLVED,2013-08-09T09:01:09.120,11130.5633,gcmagnetar,CATALOG_POSITIVE_EXPOSURE,CATALOG_POSITIVE_EXPOSURE,PUBLIC_ARCHIVED,NOT_DOWNLOADED,NOT_ATTEMPTED,NAME_REVIEW_REQUIRED;POSITION_REVIEW_REQUIRED;LABEL_UNRESOLVED,4xmm_j174610_7_290020,11209.3424,11130.5633,57112,8.360752511063275,REVIEW_REQUIRED,False,0,ToO,null,0,null,0,https://heasarc.gsfc.nasa.gov/FTP/nustar/data/obs/00/8/80002013022/
80002013024,4XMM J174610.7-290020,UNRESOLVED,2013-08-13T00:06:02.880,11641.457,gcmagnetar,CATALOG_POSITIVE_EXPOSURE,CATALOG_POSITIVE_EXPOSURE,PUBLIC_ARCHIVED,NOT_DOWNLOADED,NOT_ATTEMPTED,NAME_REVIEW_REQUIRED;POSITION_REVIEW_REQUIRED;LABEL_UNRESOLVED,4xmm_j174610_7_290020,11735.1851,11641.457,57112,7.401164553352974,REVIEW_REQUIRED,False,0,ToO,null,0,null,0,https://heasarc.gsfc.nasa.gov/FTP/nustar/data/obs/00/8/80002013024/
80002013026,4XMM J174610.7-290020,UNRESOLVED,2013-08-23T15:41:11.040,31744.5431,gcmagnetar,CATALOG_POSITIVE_EXPOSURE,CATALOG_POSITIVE_EXPOSURE,PUBLIC_ARCHIVED,NOT_DOWNLOADED,NOT_ATTEMPTED,NAME_REVIEW_REQUIRED;POSITION_REVIEW_REQUIRED;LABEL_UNRESOLVED,4xmm_j174610_7_290020,31953.704,31744.5431,57112,7.676789250357711,REVIEW_REQUIRED,False,1,ToO follow-on,null,0,3067,0,https://heasarc.gsfc.nasa.gov/FTP/nustar/data/obs/00/8/80002013026/
81001323001,4XMM J174610.7-290020,UNRESOLVED,2025-02-06T06:06:11.520,22678.905,MAXI_J1744m294,CATALOG_POSITIVE_EXPOSURE,CATALOG_POSITIVE_EXPOSURE,PUBLIC_ARCHIVED,NOT_DOWNLOADED,NOT_ATTEMPTED,NAME_REVIEW_REQUIRED;POSITION_REVIEW_REQUIRED;LABEL_UNRESOLVED,4xmm_j174610_7_290020,22678.905,22709.3183,60925,3.7875000285772957,REVIEW_REQUIRED,False,1,ToO (1/2) / Stray light,null,0,null,10,https://heasarc.gsfc.nasa.gov/FTP/nustar/data/obs/10/8/81001323001/
81001323003,4XMM J174610.7-290020,UNRESOLVED,2025-03-03T03:01:09.120,20470.3444,MAXI_J1744m294,CATALOG_POSITIVE_EXPOSURE,CATALOG_POSITIVE_EXPOSURE,PUBLIC_ARCHIVED,NOT_DOWNLOADED,NOT_ATTEMPTED,NAME_REVIEW_REQUIRED;POSITION_REVIEW_REQUIRED;LABEL_UNRESOLVED,4xmm_j174610_7_290020,20470.3444,20492.2171,60925,4.543643086489972,REVIEW_REQUIRED,False,1,ToO (2/2) / Stray light,null,0,null,10,https://heasarc.gsfc.nasa.gov/FTP/nustar/data/obs/10/8/81001323003/
81102302002,4XMM J174610.7-290020,UNRESOLVED,2025-03-09T10:41:05.280,19242.2092,MAXI_J1744m294,CATALOG_POSITIVE_EXPOSURE,CATALOG_POSITIVE_EXPOSURE,PUBLIC_ARCHIVED,NOT_DOWNLOADED,NOT_ATTEMPTED,NAME_REVIEW_REQUIRED;POSITION_REVIEW_REQUIRED;LABEL_UNRESOLVED,4xmm_j174610_7_290020,19242.2092,19293.9254,60928,4.018015536751516,REVIEW_REQUIRED,False,1,ToO (1/2) / Stray light,null,0,null,11,https://heasarc.gsfc.nasa.gov/FTP/nustar/data/obs/11/8/81102302002/
90101022001,4XMM J174610.7-290020,UNRESOLVED,2016-02-18T21:36:08.640,451.9804,Swift_J174540d7m290015,CATALOG_POSITIVE_EXPOSURE,CATALOG_POSITIVE_EXPOSURE,PUBLIC_ARCHIVED,NOT_DOWNLOADED,NOT_ATTEMPTED,NAME_REVIEW_REQUIRED;POSITION_REVIEW_REQUIRED;LABEL_UNRESOLVED,4xmm_j174610_7_290020,451.9804,452.6898,57624,6.219438997389827,REVIEW_REQUIRED,False,0,STELLAR,null,0,null,1,https://heasarc.gsfc.nasa.gov/FTP/nustar/data/obs/01/9/90101022001/
90101022002,4XMM J174610.7-290020,UNRESOLVED,2016-02-18T22:26:06.720,33849.3914,Swift_J174540d7m290015,CATALOG_POSITIVE_EXPOSURE,CATALOG_POSITIVE_EXPOSURE,PUBLIC_ARCHIVED,NOT_DOWNLOADED,NOT_ATTEMPTED,NAME_REVIEW_REQUIRED;POSITION_REVIEW_REQUIRED;LABEL_UNRESOLVED,4xmm_j174610_7_290020,33849.3914,33914.575,57624,5.473967160907291,REVIEW_REQUIRED,False,0,ToO,null,0,null,1,https://heasarc.gsfc.nasa.gov/FTP/nustar/data/obs/01/9/90101022002/
90201026002,4XMM J174610.7-290020,UNRESOLVED,2016-06-09T07:06:05.760,49020.5474,SWIFT_J174540d2m290037,CATALOG_POSITIVE_EXPOSURE,CATALOG_POSITIVE_EXPOSURE,PUBLIC_ARCHIVED,NOT_DOWNLOADED,NOT_ATTEMPTED,NAME_REVIEW_REQUIRED;POSITION_REVIEW_REQUIRED;LABEL_UNRESOLVED,4xmm_j174610_7_290020,49020.5474,49360.0918,57739,5.697364923745805,REVIEW_REQUIRED,False,0,ToO,null,0,null,2,https://heasarc.gsfc.nasa.gov/FTP/nustar/data/obs/02/9/90201026002/
90501330002,4XMM J174610.7-290020,UNRESOLVED,2019-07-05T21:31:06.240,103441.7709,SgrAstar,CATALOG_POSITIVE_EXPOSURE,CATALOG_POSITIVE_EXPOSURE,PUBLIC_ARCHIVED,NOT_DOWNLOADED,NOT_ATTEMPTED,NAME_REVIEW_REQUIRED;POSITION_REVIEW_REQUIRED;LABEL_UNRESOLVED,4xmm_j174610_7_290020,104451.5791,103441.7709,58679,7.069707011099208,REVIEW_REQUIRED,False,0,ToO,null,0,null,5,https://heasarc.gsfc.nasa.gov/FTP/nustar/data/obs/05/9/90501330002/
91001329002,4XMM J174610.7-290020,UNRESOLVED,2024-09-06T17:06:08.640,23687.4197,SgrAstar,CATALOG_POSITIVE_EXPOSURE,CATALOG_POSITIVE_EXPOSURE,PUBLIC_ARCHIVED,NOT_DOWNLOADED,NOT_ATTEMPTED,NAME_REVIEW_REQUIRED;POSITION_REVIEW_REQUIRED;LABEL_UNRESOLVED,4xmm_j174610_7_290020,23990.0072,23687.4197,60566,8.799675976496598,REVIEW_REQUIRED,False,1,DDT / Data gaps,null,18,null,10,https://heasarc.gsfc.nasa.gov/FTP/nustar/data/obs/10/9/91001329002/
91001518002,4XMM J174610.7-290020,UNRESOLVED,2024-04-12T08:41:08.160,21438.3636,SgrAstar,CATALOG_POSITIVE_EXPOSURE,CATALOG_POSITIVE_EXPOSURE,PUBLIC_ARCHIVED,NOT_DOWNLOADED,NOT_ATTEMPTED,NAME_REVIEW_REQUIRED;POSITION_REVIEW_REQUIRED;LABEL_UNRESOLVED,4xmm_j174610_7_290020,21508.104,21438.3636,60422,4.685604129356026,REVIEW_REQUIRED,False,1,DDT / stray light (GX 3+1),null,0,null,10,https://heasarc.gsfc.nasa.gov/FTP/nustar/data/obs/10/9/91001518002/
91002515002,4XMM J174610.7-290020,UNRESOLVED,2024-04-05T03:36:08.640,20562.3651,SgrAstar,CATALOG_POSITIVE_EXPOSURE,CATALOG_POSITIVE_EXPOSURE,PUBLIC_ARCHIVED,NOT_DOWNLOADED,NOT_ATTEMPTED,NAME_REVIEW_REQUIRED;POSITION_REVIEW_REQUIRED;LABEL_UNRESOLVED,4xmm_j174610_7_290020,20666.7195,20562.3651,60415,4.676359697004836,REVIEW_REQUIRED,False,1,(1/2) DDT / stray light (GX 3+1),null,0,null,10,https://heasarc.gsfc.nasa.gov/FTP/nustar/data/obs/10/9/91002515002/
91002515003,4XMM J174610.7-290020,UNRESOLVED,2024-04-07T02:56:06.720,282.1349,SgrAstar,CATALOG_POSITIVE_EXPOSURE,CATALOG_POSITIVE_EXPOSURE,PUBLIC_ARCHIVED,NOT_DOWNLOADED,NOT_ATTEMPTED,NAME_REVIEW_REQUIRED;POSITION_REVIEW_REQUIRED;LABEL_UNRESOLVED,4xmm_j174610_7_290020,283.3368,282.1349,60415,4.040319929459755,REVIEW_REQUIRED,False,0,STELLAR,null,0,null,10,https://heasarc.gsfc.nasa.gov/FTP/nustar/data/obs/10/9/91002515003/
91002515004,4XMM J174610.7-290020,UNRESOLVED,2024-04-07T03:51:07.200,21356.9374,SgrAstar,CATALOG_POSITIVE_EXPOSURE,CATALOG_POSITIVE_EXPOSURE,PUBLIC_ARCHIVED,NOT_DOWNLOADED,NOT_ATTEMPTED,NAME_REVIEW_REQUIRED;POSITION_REVIEW_REQUIRED;LABEL_UNRESOLVED,4xmm_j174610_7_290020,21453.7278,21356.9374,60415,4.452612450316428,REVIEW_REQUIRED,False,0,(2/2) DDT,null,0,null,10,https://heasarc.gsfc.nasa.gov/FTP/nustar/data/obs/10/9/91002515004/
30001002001,AX J1745.6-2901,UNRESOLVED,2012-07-20T02:11:11.040,155667.3737,SgrAstar,CATALOG_POSITIVE_EXPOSURE,CATALOG_POSITIVE_EXPOSURE,PUBLIC_ARCHIVED,NOT_DOWNLOADED,NOT_ATTEMPTED,NAME_REVIEW_REQUIRED;LABEL_UNRESOLVED,ax_j1745_6_2901,156788.6692,155667.3737,57112,1.041053059353401,REVIEW_REQUIRED,False,1,STELLAR,null,42,null,0,https://heasarc.gsfc.nasa.gov/FTP/nustar/data/obs/00/3/30001002001/
30001002002,AX J1745.6-2901,UNRESOLVED,2012-08-04T01:06:05.760,11985.8666,SgrAstar,CATALOG_POSITIVE_EXPOSURE,CATALOG_POSITIVE_EXPOSURE,PUBLIC_ARCHIVED,NOT_DOWNLOADED,NOT_ATTEMPTED,NAME_REVIEW_REQUIRED;LABEL_UNRESOLVED,ax_j1745_6_2901,12086.3827,11985.8666,57112,1.6745967220573055,REVIEW_REQUIRED,False,1,OA on DET3,null,0,null,0,https://heasarc.gsfc.nasa.gov/FTP/nustar/data/obs/00/3/30001002002/
30001002003,AX J1745.6-2901,UNRESOLVED,2012-08-04T07:56:03.840,76848.208,SgrAstar,CATALOG_POSITIVE_EXPOSURE,CATALOG_POSITIVE_EXPOSURE,PUBLIC_ARCHIVED,NOT_DOWNLOADED,NOT_ATTEMPTED,NAME_REVIEW_REQUIRED;LABEL_UNRESOLVED,ax_j1745_6_2901,77960.65,76848.208,57112,1.6568313862427368,REVIEW_REQUIRED,False,1,OA on DET3,Solar flare,0,null,0,https://heasarc.gsfc.nasa.gov/FTP/nustar/data/obs/00/3/30001002003/
30001002004,AX J1745.6-2901,UNRESOLVED,2012-10-16T18:31:06.240,49609.5544,SgrAstar,CATALOG_POSITIVE_EXPOSURE,CATALOG_POSITIVE_EXPOSURE,PUBLIC_ARCHIVED,NOT_DOWNLOADED,NOT_ATTEMPTED,NAME_REVIEW_REQUIRED;LABEL_UNRESOLVED,ax_j1745_6_2901,50165.2617,49609.5544,57112,1.0173641398358615,REVIEW_REQUIRED,False,0,null,null,0,null,0,https://heasarc.gsfc.nasa.gov/FTP/nustar/data/obs/00/3/30001002004/
30001002006,AX J1745.6-2901,UNRESOLVED,2013-04-26T01:01:03.360,37063.0917,SgrAstar,CATALOG_POSITIVE_EXPOSURE,CATALOG_POSITIVE_EXPOSURE,PUBLIC_ARCHIVED,NOT_DOWNLOADED,NOT_ATTEMPTED,NAME_REVIEW_REQUIRED;LABEL_UNRESOLVED,ax_j1745_6_2901,37063.0917,37293.8233,57112,2.7371159453303657,REVIEW_REQUIRED,False,0,ToO,null,0,null,0,https://heasarc.gsfc.nasa.gov/FTP/nustar/data/obs/00/3/30001002006/
30001002008,AX J1745.6-2901,UNRESOLVED,2014-06-18T02:21:07.200,32774.8726,SgrAstar,CATALOG_POSITIVE_EXPOSURE,CATALOG_POSITIVE_EXPOSURE,PUBLIC_ARCHIVED,NOT_DOWNLOADED,NOT_ATTEMPTED,NAME_REVIEW_REQUIRED;LABEL_UNRESOLVED,ax_j1745_6_2901,33174.8164,32774.8726,57112,1.2294676312474015,REVIEW_REQUIRED,False,0,null,null,0,null,0,https://heasarc.gsfc.nasa.gov/FTP/nustar/data/obs/00/3/30001002008/
30001002010,AX J1745.6-2901,UNRESOLVED,2014-07-04T10:36:02.880,61146.3575,SgrAstar,CATALOG_POSITIVE_EXPOSURE,CATALOG_POSITIVE_EXPOSURE,PUBLIC_ARCHIVED,NOT_DOWNLOADED,NOT_ATTEMPTED,NAME_REVIEW_REQUIRED;LABEL_UNRESOLVED,ax_j1745_6_2901,61489.6234,61146.3575,57112,1.606720487927093,REVIEW_REQUIRED,False,0,null,null,0,null,0,https://heasarc.gsfc.nasa.gov/FTP/nustar/data/obs/00/3/30001002010/
30002002002,AX J1745.6-2901,UNRESOLVED,2014-08-30T19:46:07.680,59942.6616,SgrAstar,CATALOG_POSITIVE_EXPOSURE,CATALOG_POSITIVE_EXPOSURE,PUBLIC_ARCHIVED,NOT_DOWNLOADED,NOT_ATTEMPTED,NAME_REVIEW_REQUIRED;LABEL_UNRESOLVED,ax_j1745_6_2901,60309.2369,59942.6616,57513,0.931376245517392,REVIEW_REQUIRED,False,0,null,null,0,null,0,https://heasarc.gsfc.nasa.gov/FTP/nustar/data/obs/00/3/30002002002/
30002002004,AX J1745.6-2901,UNRESOLVED,2014-09-27T17:31:03.360,67583.3421,SgrAstar,CATALOG_POSITIVE_EXPOSURE,CATALOG_POSITIVE_EXPOSURE,PUBLIC_ARCHIVED,NOT_DOWNLOADED,NOT_ATTEMPTED,NAME_REVIEW_REQUIRED;LABEL_UNRESOLVED,ax_j1745_6_2901,67839.6769,67583.3421,57513,0.6558683877703809,REVIEW_REQUIRED,False,0,null,null,0,null,0,https://heasarc.gsfc.nasa.gov/FTP/nustar/data/obs/00/3/30002002004/
30002002006,AX J1745.6-2901,UNRESOLVED,2015-02-25T23:41:08.160,29593.5527,SgrAstar,CATALOG_POSITIVE_EXPOSURE,CATALOG_POSITIVE_EXPOSURE,PUBLIC_ARCHIVED,NOT_DOWNLOADED,NOT_ATTEMPTED,NAME_REVIEW_REQUIRED;POSITION_REVIEW_REQUIRED;LABEL_UNRESOLVED,ax_j1745_6_2901,29593.5527,29663.7593,57513,3.5789590683591848,REVIEW_REQUIRED,False,0,null,null,0,null,0,https://heasarc.gsfc.nasa.gov/FTP/nustar/data/obs/00/3/30002002006/
30002002008,AX J1745.6-2901,UNRESOLVED,2015-03-31T04:41:05.280,25714.756,SgrAstar,CATALOG_POSITIVE_EXPOSURE,CATALOG_POSITIVE_EXPOSURE,PUBLIC_ARCHIVED,NOT_DOWNLOADED,NOT_ATTEMPTED,NAME_REVIEW_REQUIRED;POSITION_REVIEW_REQUIRED;LABEL_UNRESOLVED,ax_j1745_6_2901,25714.756,25786.33,57513,4.102698255127461,REVIEW_REQUIRED,False,0,null,null,0,null,0,https://heasarc.gsfc.nasa.gov/FTP/nustar/data/obs/00/3/30002002008/
30002002010,AX J1745.6-2901,UNRESOLVED,2015-04-01T06:31:06.240,14379.3486,SgrAstar,CATALOG_POSITIVE_EXPOSURE,CATALOG_POSITIVE_EXPOSURE,PUBLIC_ARCHIVED,NOT_DOWNLOADED,NOT_ATTEMPTED,NAME_REVIEW_REQUIRED;POSITION_REVIEW_REQUIRED;LABEL_UNRESOLVED,ax_j1745_6_2901,14379.3486,14440.6508,57513,3.1450281255292665,REVIEW_REQUIRED,False,0,null,null,0,null,0,https://heasarc.gsfc.nasa.gov/FTP/nustar/data/obs/00/3/30002002010/
30002002012,AX J1745.6-2901,UNRESOLVED,2015-04-02T08:21:07.200,13169.1954,SgrAstar,CATALOG_POSITIVE_EXPOSURE,CATALOG_POSITIVE_EXPOSURE,PUBLIC_ARCHIVED,NOT_DOWNLOADED,NOT_ATTEMPTED,NAME_REVIEW_REQUIRED;POSITION_REVIEW_REQUIRED;LABEL_UNRESOLVED,ax_j1745_6_2901,13169.1954,13224.907,57513,3.161689364298045,REVIEW_REQUIRED,False,0,null,null,0,null,0,https://heasarc.gsfc.nasa.gov/FTP/nustar/data/obs/00/3/30002002012/
30302006002,AX J1745.6-2901,UNRESOLVED,2017-04-06T01:21:12.960,65020.7746,SgrAstar,CATALOG_POSITIVE_EXPOSURE,CATALOG_POSITIVE_EXPOSURE,PUBLIC_ARCHIVED,NOT_DOWNLOADED,NOT_ATTEMPTED,NAME_REVIEW_REQUIRED;POSITION_REVIEW_REQUIRED;LABEL_UNRESOLVED,ax_j1745_6_2901,65020.7746,65093.4169,57857,3.2917578433458545,REVIEW_REQUIRED,False,0,(1/3),null,0,null,3,https://heasarc.gsfc.nasa.gov/FTP/nustar/data/obs/03/3/30302006002/
30302006004,AX J1745.6-2901,UNRESOLVED,2017-04-11T03:51:07.200,18579.9472,SgrAstar,CATALOG_POSITIVE_EXPOSURE,CATALOG_POSITIVE_EXPOSURE,PUBLIC_ARCHIVED,NOT_DOWNLOADED,NOT_ATTEMPTED,NAME_REVIEW_REQUIRED;POSITION_REVIEW_REQUIRED;LABEL_UNRESOLVED,ax_j1745_6_2901,18579.9472,18604.3111,57857,3.342320404815905,REVIEW_REQUIRED,False,0,(2/3),null,0,null,3,https://heasarc.gsfc.nasa.gov/FTP/nustar/data/obs/03/3/30302006004/
30302006006,AX J1745.6-2901,UNRESOLVED,2017-04-12T05:36:05.760,20343.2806,SgrAstar,CATALOG_POSITIVE_EXPOSURE,CATALOG_POSITIVE_EXPOSURE,PUBLIC_ARCHIVED,NOT_DOWNLOADED,NOT_ATTEMPTED,NAME_REVIEW_REQUIRED;LABEL_UNRESOLVED,ax_j1745_6_2901,20343.2806,20378.9888,57869,2.954680241952711,REVIEW_REQUIRED,False,0,(3/3),null,0,null,3,https://heasarc.gsfc.nasa.gov/FTP/nustar/data/obs/03/3/30302006006/
30302007002,AX J1745.6-2901,UNRESOLVED,2017-07-15T22:51:10.080,45872.2084,SgrAstar,CATALOG_POSITIVE_EXPOSURE,CATALOG_POSITIVE_EXPOSURE,PUBLIC_ARCHIVED,NOT_DOWNLOADED,NOT_ATTEMPTED,NAME_REVIEW_REQUIRED;LABEL_UNRESOLVED,ax_j1745_6_2901,46156.994,45872.2084,57960,0.8255000362799262,REVIEW_REQUIRED,False,1,(1/2) / Kp=6,Solar CME,0,null,3,https://heasarc.gsfc.nasa.gov/FTP/nustar/data/obs/03/3/30302007002/
30302007004,AX J1745.6-2901,UNRESOLVED,2017-07-25T22:36:11.520,51302.7302,SgrAstar,CATALOG_POSITIVE_EXPOSURE,CATALOG_POSITIVE_EXPOSURE,PUBLIC_ARCHIVED,NOT_DOWNLOADED,NOT_ATTEMPTED,NAME_REVIEW_REQUIRED;LABEL_UNRESOLVED,ax_j1745_6_2901,51569.624,51302.7302,57970,0.9246391660270752,REVIEW_REQUIRED,False,0,(2/2),null,0,null,3,https://heasarc.gsfc.nasa.gov/FTP/nustar/data/obs/03/3/30302007004/
30502005002,AX J1745.6-2901,UNRESOLVED,2019-03-24T21:11:05.280,15420.7966,SgrAstar,CATALOG_POSITIVE_EXPOSURE,CATALOG_POSITIVE_EXPOSURE,PUBLIC_ARCHIVED,NOT_DOWNLOADED,NOT_ATTEMPTED,NAME_REVIEW_REQUIRED;POSITION_REVIEW_REQUIRED;LABEL_UNRESOLVED,ax_j1745_6_2901,15455.155,15420.7966,58570,3.980965520407584,REVIEW_REQUIRED,False,0,null,null,0,null,5,https://heasarc.gsfc.nasa.gov/FTP/nustar/data/obs/05/3/30502005002/
30502005004,AX J1745.6-2901,UNRESOLVED,2019-03-29T04:11:08.160,152778.6248,SgrAstar,CATALOG_POSITIVE_EXPOSURE,CATALOG_POSITIVE_EXPOSURE,PUBLIC_ARCHIVED,NOT_DOWNLOADED,NOT_ATTEMPTED,NAME_REVIEW_REQUIRED;POSITION_REVIEW_REQUIRED;LABEL_UNRESOLVED,ax_j1745_6_2901,153015.4806,152778.6248,58584,3.7385535840380864,REVIEW_REQUIRED,False,0,null,null,0,null,5,https://heasarc.gsfc.nasa.gov/FTP/nustar/data/obs/05/3/30502005004/
30502006002,AX J1745.6-2901,UNRESOLVED,2019-07-17T21:51:07.200,38158.0589,SgrAstar,CATALOG_POSITIVE_EXPOSURE,CATALOG_POSITIVE_EXPOSURE,PUBLIC_ARCHIVED,NOT_DOWNLOADED,NOT_ATTEMPTED,NAME_REVIEW_REQUIRED;LABEL_UNRESOLVED,ax_j1745_6_2901,38556.2473,38158.0589,58693,1.181761791530227,REVIEW_REQUIRED,False,0,(1/2),null,0,null,5,https://heasarc.gsfc.nasa.gov/FTP/nustar/data/obs/05/3/30502006002/
30502006004,AX J1745.6-2901,UNRESOLVED,2019-07-26T00:41:11.040,34372.2845,SgrAstar,CATALOG_POSITIVE_EXPOSURE,CATALOG_POSITIVE_EXPOSURE,PUBLIC_ARCHIVED,NOT_DOWNLOADED,NOT_ATTEMPTED,NAME_REVIEW_REQUIRED;LABEL_UNRESOLVED,ax_j1745_6_2901,34749.5942,34372.2845,58711,1.1787323701462746,REVIEW_REQUIRED,False,0,(2/2),null,0,null,5,https://heasarc.gsfc.nasa.gov/FTP/nustar/data/obs/05/3/30502006004/
30502014002,AX J1745.6-2901,UNRESOLVED,2019-08-13T16:26:06.720,99883.6927,SgrAstar,CATALOG_POSITIVE_EXPOSURE,CATALOG_POSITIVE_EXPOSURE,PUBLIC_ARCHIVED,NOT_DOWNLOADED,NOT_ATTEMPTED,NAME_REVIEW_REQUIRED;LABEL_UNRESOLVED,ax_j1745_6_2901,100861.5374,99883.6927,59730,0.8695321595409293,REVIEW_REQUIRED,False,0,(1/2),null,0,null,5,https://heasarc.gsfc.nasa.gov/FTP/nustar/data/obs/05/3/30502014002/
30502014004,AX J1745.6-2901,UNRESOLVED,2019-08-19T19:01:12.000,19490.5849,SgrAstar,CATALOG_POSITIVE_EXPOSURE,CATALOG_POSITIVE_EXPOSURE,PUBLIC_ARCHIVED,NOT_DOWNLOADED,NOT_ATTEMPTED,NAME_REVIEW_REQUIRED;LABEL_UNRESOLVED,ax_j1745_6_2901,19686.983,19490.5849,59730,0.8158751945063689,REVIEW_REQUIRED,False,0,(2/2),null,0,null,5,https://heasarc.gsfc.nasa.gov/FTP/nustar/data/obs/05/3/30502014004/
30502014006,AX J1745.6-2901,UNRESOLVED,2021-03-30T04:46:07.680,52123.5415,SgrAstar,CATALOG_POSITIVE_EXPOSURE,CATALOG_POSITIVE_EXPOSURE,PUBLIC_ARCHIVED,NOT_DOWNLOADED,NOT_ATTEMPTED,NAME_REVIEW_REQUIRED;POSITION_REVIEW_REQUIRED;LABEL_UNRESOLVED,ax_j1745_6_2901,52551.0122,52123.5415,59730,4.757807444273381,REVIEW_REQUIRED,False,0,(2a/2),null,0,null,5,https://heasarc.gsfc.nasa.gov/FTP/nustar/data/obs/05/3/30502014006/
30502014008,AX J1745.6-2901,UNRESOLVED,2021-05-23T04:56:12.480,19113.5012,SgrAstar,CATALOG_POSITIVE_EXPOSURE,CATALOG_POSITIVE_EXPOSURE,PUBLIC_ARCHIVED,NOT_DOWNLOADED,NOT_ATTEMPTED,NAME_REVIEW_REQUIRED;POSITION_REVIEW_REQUIRED;LABEL_UNRESOLVED,ax_j1745_6_2901,19241.8615,19113.5012,59730,4.315475567443349,REVIEW_REQUIRED,False,1,(2b/2) / M-class flare,null,0,null,5,https://heasarc.gsfc.nasa.gov/FTP/nustar/data/obs/05/3/30502014008/
30502014010,AX J1745.6-2901,UNRESOLVED,2021-05-24T01:51:10.080,55018.8207,SgrAstar,CATALOG_POSITIVE_EXPOSURE,CATALOG_POSITIVE_EXPOSURE,PUBLIC_ARCHIVED,NOT_DOWNLOADED,NOT_ATTEMPTED,NAME_REVIEW_REQUIRED;POSITION_REVIEW_REQUIRED;LABEL_UNRESOLVED,ax_j1745_6_2901,55434.8136,55018.8207,59730,3.6637821864832087,REVIEW_REQUIRED,False,0,(2c/2),null,0,null,5,https://heasarc.gsfc.nasa.gov/FTP/nustar/data/obs/05/3/30502014010/
30602006002,AX J1745.6-2901,UNRESOLVED,2020-03-26T03:46:13.440,26054.742,SgrAstar,CATALOG_POSITIVE_EXPOSURE,CATALOG_POSITIVE_EXPOSURE,PUBLIC_ARCHIVED,NOT_DOWNLOADED,NOT_ATTEMPTED,NAME_REVIEW_REQUIRED;POSITION_REVIEW_REQUIRED;LABEL_UNRESOLVED,ax_j1745_6_2901,26095.8933,26054.742,58956,3.60548189023757,REVIEW_REQUIRED,False,0,(1/3),null,0,null,6,https://heasarc.gsfc.nasa.gov/FTP/nustar/data/obs/06/3/30602006002/
30602006004,AX J1745.6-2901,UNRESOLVED,2020-03-30T04:26:06.720,22456.4501,SgrAstar,CATALOG_POSITIVE_EXPOSURE,CATALOG_POSITIVE_EXPOSURE,PUBLIC_ARCHIVED,NOT_DOWNLOADED,NOT_ATTEMPTED,NAME_REVIEW_REQUIRED;POSITION_REVIEW_REQUIRED;LABEL_UNRESOLVED,ax_j1745_6_2901,22478.6379,22456.4501,58956,3.7056731474877957,REVIEW_REQUIRED,False,0,(2/3),null,0,null,6,https://heasarc.gsfc.nasa.gov/FTP/nustar/data/obs/06/3/30602006004/
30602006006,AX J1745.6-2901,UNRESOLVED,2020-03-31T04:36:11.520,23480.0375,SgrAstar,CATALOG_POSITIVE_EXPOSURE,CATALOG_POSITIVE_EXPOSURE,PUBLIC_ARCHIVED,NOT_DOWNLOADED,NOT_ATTEMPTED,NAME_REVIEW_REQUIRED;POSITION_REVIEW_REQUIRED;LABEL_UNRESOLVED,ax_j1745_6_2901,23504.9349,23480.0375,58956,4.523207113893497,REVIEW_REQUIRED,False,0,(3/3),null,0,null,6,https://heasarc.gsfc.nasa.gov/FTP/nustar/data/obs/06/3/30602006006/
30602020001,AX J1745.6-2901,UNRESOLVED,2021-06-19T21:41:11.040,13668.4135,SgrAstar,CATALOG_POSITIVE_EXPOSURE,CATALOG_POSITIVE_EXPOSURE,PUBLIC_ARCHIVED,NOT_DOWNLOADED,NOT_ATTEMPTED,NAME_REVIEW_REQUIRED;POSITION_REVIEW_REQUIRED;LABEL_UNRESOLVED,ax_j1745_6_2901,13802.8315,13668.4135,60062,4.133705068684189,REVIEW_REQUIRED,False,0,(1/4) / INERTIAL only,null,0,null,6,https://heasarc.gsfc.nasa.gov/FTP/nustar/data/obs/06/3/30602020001/
30602020002,AX J1745.6-2901,UNRESOLVED,2021-06-25T22:41:05.280,19975.1857,SgrAstar,CATALOG_POSITIVE_EXPOSURE,CATALOG_POSITIVE_EXPOSURE,PUBLIC_ARCHIVED,NOT_DOWNLOADED,NOT_ATTEMPTED,NAME_REVIEW_REQUIRED;LABEL_UNRESOLVED,ax_j1745_6_2901,20154.8636,19975.1857,60062,1.2606074433585164,REVIEW_REQUIRED,False,0,(2/4) / INERTIAL only,null,0,null,6,https://heasarc.gsfc.nasa.gov/FTP/nustar/data/obs/06/3/30602020002/
30602020004,AX J1745.6-2901,UNRESOLVED,2021-07-29T20:06:08.640,20981.202,SgrAstar,CATALOG_POSITIVE_EXPOSURE,CATALOG_POSITIVE_EXPOSURE,PUBLIC_ARCHIVED,NOT_DOWNLOADED,NOT_ATTEMPTED,NAME_REVIEW_REQUIRED;LABEL_UNRESOLVED,ax_j1745_6_2901,21216.7085,20981.202,60062,1.8047527470043785,REVIEW_REQUIRED,False,0,(3/4),null,0,null,6,https://heasarc.gsfc.nasa.gov/FTP/nustar/data/obs/06/3/30602020004/
30602020006,AX J1745.6-2901,UNRESOLVED,2022-03-20T03:36:08.640,33168.3832,SgrAstar,CATALOG_POSITIVE_EXPOSURE,CATALOG_POSITIVE_EXPOSURE,PUBLIC_ARCHIVED,NOT_DOWNLOADED,NOT_ATTEMPTED,NAME_REVIEW_REQUIRED;POSITION_REVIEW_REQUIRED;LABEL_UNRESOLVED,ax_j1745_6_2901,33370.0078,33168.3832,60062,4.258735342688127,REVIEW_REQUIRED,False,0,(4/5),null,0,null,6,https://heasarc.gsfc.nasa.gov/FTP/nustar/data/obs/06/3/30602020006/
30602020007,AX J1745.6-2901,UNRESOLVED,2022-04-19T04:36:11.520,78.4474,SgrAstar,CATALOG_POSITIVE_EXPOSURE,CATALOG_POSITIVE_EXPOSURE,PUBLIC_ARCHIVED,NOT_DOWNLOADED,NOT_ATTEMPTED,NAME_REVIEW_REQUIRED;POSITION_REVIEW_REQUIRED;LABEL_UNRESOLVED,ax_j1745_6_2901,78.7582,78.4474,60062,4.018340863807231,REVIEW_REQUIRED,False,0,STELLAR,null,0,null,6,https://heasarc.gsfc.nasa.gov/FTP/nustar/data/obs/06/3/30602020007/
30602020008,AX J1745.6-2901,UNRESOLVED,2022-04-19T04:51:10.080,20414.5293,SgrAstar,CATALOG_POSITIVE_EXPOSURE,CATALOG_POSITIVE_EXPOSURE,PUBLIC_ARCHIVED,NOT_DOWNLOADED,NOT_ATTEMPTED,NAME_REVIEW_REQUIRED;POSITION_REVIEW_REQUIRED;LABEL_UNRESOLVED,ax_j1745_6_2901,20509.722,20414.5293,60062,4.3054102409408515,REVIEW_REQUIRED,False,1,(5/6) idiagnostics / SL-AB-all,null,0,null,6,https://heasarc.gsfc.nasa.gov/FTP/nustar/data/obs/06/3/30602020008/
30602020009,AX J1745.6-2901,UNRESOLVED,2022-04-23T19:01:12.000,221.9326,SgrAstar,CATALOG_POSITIVE_EXPOSURE,CATALOG_POSITIVE_EXPOSURE,PUBLIC_ARCHIVED,NOT_DOWNLOADED,NOT_ATTEMPTED,NAME_REVIEW_REQUIRED;POSITION_REVIEW_REQUIRED;LABEL_UNRESOLVED,ax_j1745_6_2901,222.8338,221.9326,60062,4.217005044755745,REVIEW_REQUIRED,False,0,STELLAR,null,0,null,6,https://heasarc.gsfc.nasa.gov/FTP/nustar/data/obs/06/3/30602020009/
30602020010,AX J1745.6-2901,UNRESOLVED,2022-04-23T19:56:12.480,27115.5392,SgrAstar,CATALOG_POSITIVE_EXPOSURE,CATALOG_POSITIVE_EXPOSURE,PUBLIC_ARCHIVED,NOT_DOWNLOADED,NOT_ATTEMPTED,NAME_REVIEW_REQUIRED;POSITION_REVIEW_REQUIRED;LABEL_UNRESOLVED,ax_j1745_6_2901,27260.9112,27115.5392,60062,4.232792041058234,REVIEW_REQUIRED,False,0,(6/6) idiagnostics,null,0,null,6,https://heasarc.gsfc.nasa.gov/FTP/nustar/data/obs/06/3/30602020010/
30602022002,AX J1745.6-2901,UNRESOLVED,2021-04-10T06:26:12.480,26354.9786,SgrAstar,CATALOG_POSITIVE_EXPOSURE,CATALOG_POSITIVE_EXPOSURE,PUBLIC_ARCHIVED,NOT_DOWNLOADED,NOT_ATTEMPTED,NAME_REVIEW_REQUIRED;POSITION_REVIEW_REQUIRED;LABEL_UNRESOLVED,ax_j1745_6_2901,26525.8612,26354.9786,59323,4.5758909083767145,REVIEW_REQUIRED,False,0,(1/4),null,0,null,6,https://heasarc.gsfc.nasa.gov/FTP/nustar/data/obs/06/3/30602022002/
30602022004,AX J1745.6-2901,UNRESOLVED,2021-04-11T06:36:08.640,24840.9892,SgrAstar,CATALOG_POSITIVE_EXPOSURE,CATALOG_POSITIVE_EXPOSURE,PUBLIC_ARCHIVED,NOT_DOWNLOADED,NOT_ATTEMPTED,NAME_REVIEW_REQUIRED;POSITION_REVIEW_REQUIRED;LABEL_UNRESOLVED,ax_j1745_6_2901,25009.6058,24840.9892,59323,4.216789908897827,REVIEW_REQUIRED,False,0,(2/4),null,0,null,6,https://heasarc.gsfc.nasa.gov/FTP/nustar/data/obs/06/3/30602022004/
30602022006,AX J1745.6-2901,UNRESOLVED,2021-04-14T02:11:11.040,19790.7585,SgrAstar,CATALOG_POSITIVE_EXPOSURE,CATALOG_POSITIVE_EXPOSURE,PUBLIC_ARCHIVED,NOT_DOWNLOADED,NOT_ATTEMPTED,NAME_REVIEW_REQUIRED;POSITION_REVIEW_REQUIRED;LABEL_UNRESOLVED,ax_j1745_6_2901,19950.7597,19790.7585,59323,4.501917278871302,REVIEW_REQUIRED,False,0,(3/4),null,0,null,6,https://heasarc.gsfc.nasa.gov/FTP/nustar/data/obs/06/3/30602022006/
30602022008,AX J1745.6-2901,UNRESOLVED,2021-04-16T07:16:10.560,24745.6199,SgrAstar,CATALOG_POSITIVE_EXPOSURE,CATALOG_POSITIVE_EXPOSURE,PUBLIC_ARCHIVED,NOT_DOWNLOADED,NOT_ATTEMPTED,NAME_REVIEW_REQUIRED;POSITION_REVIEW_REQUIRED;LABEL_UNRESOLVED,ax_j1745_6_2901,24908.8667,24745.6199,59330,4.463973223494524,REVIEW_REQUIRED,False,0,(4/4) / Kp=5,null,0,null,6,https://heasarc.gsfc.nasa.gov/FTP/nustar/data/obs/06/3/30602022008/
30702013002,AX J1745.6-2901,UNRESOLVED,2022-05-20T02:41:08.160,21484.4941,SgrAstar,CATALOG_POSITIVE_EXPOSURE,CATALOG_POSITIVE_EXPOSURE,PUBLIC_ARCHIVED,NOT_DOWNLOADED,NOT_ATTEMPTED,NAME_REVIEW_REQUIRED;POSITION_REVIEW_REQUIRED;LABEL_UNRESOLVED,ax_j1745_6_2901,21586.1867,21484.4941,60417,4.061910373812025,REVIEW_REQUIRED,False,1,(1/5) / idiagnostics,Solar flare,0,null,7,https://heasarc.gsfc.nasa.gov/FTP/nustar/data/obs/07/3/30702013002/
30702013003,AX J1745.6-2901,UNRESOLVED,2022-06-19T22:41:05.280,17459.4044,SgrAstar,CATALOG_POSITIVE_EXPOSURE,CATALOG_POSITIVE_EXPOSURE,PUBLIC_ARCHIVED,NOT_DOWNLOADED,NOT_ATTEMPTED,NAME_REVIEW_REQUIRED;POSITION_REVIEW_REQUIRED;LABEL_UNRESOLVED,ax_j1745_6_2901,17617.766,17459.4044,60417,4.397971823321084,REVIEW_REQUIRED,False,0,(2/5) INERTIAL only / idiagnostics,null,0,null,7,https://heasarc.gsfc.nasa.gov/FTP/nustar/data/obs/07/3/30702013003/
30702013005,AX J1745.6-2901,UNRESOLVED,2022-07-19T20:36:05.760,19643.9795,SgrAstar,CATALOG_POSITIVE_EXPOSURE,CATALOG_POSITIVE_EXPOSURE,PUBLIC_ARCHIVED,NOT_DOWNLOADED,NOT_ATTEMPTED,NAME_REVIEW_REQUIRED;LABEL_UNRESOLVED,ax_j1745_6_2901,19855.7458,19643.9795,60417,1.7336820121754972,REVIEW_REQUIRED,False,0,(3/5) idiagnostics,null,0,null,7,https://heasarc.gsfc.nasa.gov/FTP/nustar/data/obs/07/3/30702013005/
30702013007,AX J1745.6-2901,UNRESOLVED,2022-08-16T19:16:10.560,18590.7383,SgrAstar,CATALOG_POSITIVE_EXPOSURE,CATALOG_POSITIVE_EXPOSURE,PUBLIC_ARCHIVED,NOT_DOWNLOADED,NOT_ATTEMPTED,NAME_REVIEW_REQUIRED;LABEL_UNRESOLVED,ax_j1745_6_2901,18783.1483,18590.7383,60417,1.401322957421617,REVIEW_REQUIRED,False,1,(4/5) / idiagnostics / M-class solar flare,Solar flare,0,null,7,https://heasarc.gsfc.nasa.gov/FTP/nustar/data/obs/07/3/30702013007/
30702013008,AX J1745.6-2901,UNRESOLVED,2023-04-07T00:16:07.680,263.6341,SgrAstar,CATALOG_POSITIVE_EXPOSURE,CATALOG_POSITIVE_EXPOSURE,PUBLIC_ARCHIVED,NOT_DOWNLOADED,NOT_ATTEMPTED,NAME_REVIEW_REQUIRED;POSITION_REVIEW_REQUIRED;LABEL_UNRESOLVED,ax_j1745_6_2901,265.6457,263.6341,60417,5.688972259306794,REVIEW_REQUIRED,False,0,STELLAR,null,0,null,7,https://heasarc.gsfc.nasa.gov/FTP/nustar/data/obs/07/3/30702013008/
30702013009,AX J1745.6-2901,UNRESOLVED,2023-04-07T00:56:09.600,19704.2289,SgrAstar,CATALOG_POSITIVE_EXPOSURE,CATALOG_POSITIVE_EXPOSURE,PUBLIC_ARCHIVED,NOT_DOWNLOADED,NOT_ATTEMPTED,NAME_REVIEW_REQUIRED;POSITION_REVIEW_REQUIRED;LABEL_UNRESOLVED,ax_j1745_6_2901,19838.5504,19704.2289,60417,5.034023277616919,REVIEW_REQUIRED,False,0,(5/5) / idiagnostics,VLT-Gravity,0,null,7,https://heasarc.gsfc.nasa.gov/FTP/nustar/data/obs/07/3/30702013009/
30801024001,AX J1745.6-2901,UNRESOLVED,2023-04-13T03:51:07.200,269.5447,SgrAstar,CATALOG_POSITIVE_EXPOSURE,CATALOG_POSITIVE_EXPOSURE,PUBLIC_ARCHIVED,NOT_DOWNLOADED,NOT_ATTEMPTED,NAME_REVIEW_REQUIRED;POSITION_REVIEW_REQUIRED;LABEL_UNRESOLVED,ax_j1745_6_2901,270.8024,269.5447,60249,4.435575046242715,REVIEW_REQUIRED,False,0,STELLAR,null,0,null,8,https://heasarc.gsfc.nasa.gov/FTP/nustar/data/obs/08/3/30801024001/
30801024002,AX J1745.6-2901,UNRESOLVED,2023-04-13T04:46:07.680,17460.4757,SgrAstar,CATALOG_POSITIVE_EXPOSURE,CATALOG_POSITIVE_EXPOSURE,PUBLIC_ARCHIVED,NOT_DOWNLOADED,NOT_ATTEMPTED,NAME_REVIEW_REQUIRED;POSITION_REVIEW_REQUIRED;LABEL_UNRESOLVED,ax_j1745_6_2901,17585.9366,17460.4757,60249,4.243794018584179,REVIEW_REQUIRED,False,0,(1/4) / idiagnostics,null,0,null,8,https://heasarc.gsfc.nasa.gov/FTP/nustar/data/obs/08/3/30801024002/
30801024003,AX J1745.6-2901,UNRESOLVED,2023-04-16T01:11:08.160,16.5438,SgrAstar,CATALOG_POSITIVE_EXPOSURE,CATALOG_POSITIVE_EXPOSURE,PUBLIC_ARCHIVED,NOT_DOWNLOADED,NOT_ATTEMPTED,NAME_REVIEW_REQUIRED;POSITION_REVIEW_REQUIRED;LABEL_UNRESOLVED,ax_j1745_6_2901,17.0709,16.5438,60249,4.934927369692303,REVIEW_REQUIRED,False,0,STELLAR,null,0,null,8,https://heasarc.gsfc.nasa.gov/FTP/nustar/data/obs/08/3/30801024003/
30801024004,AX J1745.6-2901,UNRESOLVED,2023-04-16T02:01:06.240,20122.7576,SgrAstar,CATALOG_POSITIVE_EXPOSURE,CATALOG_POSITIVE_EXPOSURE,PUBLIC_ARCHIVED,NOT_DOWNLOADED,NOT_ATTEMPTED,NAME_REVIEW_REQUIRED;POSITION_REVIEW_REQUIRED;LABEL_UNRESOLVED,ax_j1745_6_2901,20272.9088,20122.7576,60249,4.743893865298721,REVIEW_REQUIRED,False,0,(2/4) / idiagnostics,null,0,null,8,https://heasarc.gsfc.nasa.gov/FTP/nustar/data/obs/08/3/30801024004/
30801024005,AX J1745.6-2901,UNRESOLVED,2023-04-18T03:21:10.080,332.3573,SgrAstar,CATALOG_POSITIVE_EXPOSURE,CATALOG_POSITIVE_EXPOSURE,PUBLIC_ARCHIVED,NOT_DOWNLOADED,NOT_ATTEMPTED,NAME_REVIEW_REQUIRED;POSITION_REVIEW_REQUIRED;LABEL_UNRESOLVED,ax_j1745_6_2901,334.3361,332.3573,60249,4.002568824052795,REVIEW_REQUIRED,False,0,STELLAR,null,0,null,8,https://heasarc.gsfc.nasa.gov/FTP/nustar/data/obs/08/3/30801024005/
30801024006,AX J1745.6-2901,UNRESOLVED,2023-04-18T03:41:11.040,22181.1189,SgrAstar,CATALOG_POSITIVE_EXPOSURE,CATALOG_POSITIVE_EXPOSURE,PUBLIC_ARCHIVED,NOT_DOWNLOADED,NOT_ATTEMPTED,NAME_REVIEW_REQUIRED;POSITION_REVIEW_REQUIRED;LABEL_UNRESOLVED,ax_j1745_6_2901,22332.4428,22181.1189,60249,4.4558429875935,REVIEW_REQUIRED,False,0,(3/4) / idiagnostics,null,0,null,8,https://heasarc.gsfc.nasa.gov/FTP/nustar/data/obs/08/3/30801024006/
30801024007,AX J1745.6-2901,UNRESOLVED,2023-04-20T01:51:10.080,0.0,SgrAstar,NO_POSITIVE_EXPOSURE,NO_POSITIVE_EXPOSURE,PUBLIC_ARCHIVED,NOT_DOWNLOADED,NOT_ATTEMPTED,NAME_REVIEW_REQUIRED;POSITION_REVIEW_REQUIRED;LABEL_UNRESOLVED;NOT_SCIENCE_OBSERVATION;NONPOSITIVE_MODULE_EXPOSURE,ax_j1745_6_2901,0.0,0.0,60249,4.968396175853816,REVIEW_REQUIRED,False,0,STELLAR,null,0,null,8,https://heasarc.gsfc.nasa.gov/FTP/nustar/data/obs/08/3/30801024007/
30801024008,AX J1745.6-2901,UNRESOLVED,2023-04-20T02:26:09.600,22099.1915,SgrAstar,CATALOG_POSITIVE_EXPOSURE,CATALOG_POSITIVE_EXPOSURE,PUBLIC_ARCHIVED,NOT_DOWNLOADED,NOT_ATTEMPTED,NAME_REVIEW_REQUIRED;POSITION_REVIEW_REQUIRED;LABEL_UNRESOLVED,ax_j1745_6_2901,22258.4238,22099.1915,60249,4.786220883824988,REVIEW_REQUIRED,False,0,(4/4) / idiagnostics,null,0,null,8,https://heasarc.gsfc.nasa.gov/FTP/nustar/data/obs/08/3/30801024008/
30902013002,AX J1745.6-2901,UNRESOLVED,2024-04-04T04:56:12.480,20308.0998,SgrAstar,CATALOG_POSITIVE_EXPOSURE,CATALOG_POSITIVE_EXPOSURE,PUBLIC_ARCHIVED,NOT_DOWNLOADED,NOT_ATTEMPTED,NAME_REVIEW_REQUIRED;POSITION_REVIEW_REQUIRED;LABEL_UNRESOLVED,ax_j1745_6_2901,20395.816,20308.0998,60597,4.392307082864663,REVIEW_REQUIRED,False,1,(1/4) / straylight (GX 3+1),null,0,null,9,https://heasarc.gsfc.nasa.gov/FTP/nustar/data/obs/09/3/30902013002/
30902013003,AX J1745.6-2901,UNRESOLVED,2024-04-06T05:11:11.040,330.1723,SgrAstar,CATALOG_POSITIVE_EXPOSURE,CATALOG_POSITIVE_EXPOSURE,PUBLIC_ARCHIVED,NOT_DOWNLOADED,NOT_ATTEMPTED,NAME_REVIEW_REQUIRED;POSITION_REVIEW_REQUIRED;LABEL_UNRESOLVED,ax_j1745_6_2901,332.0441,330.1723,60597,4.8049702137142045,REVIEW_REQUIRED,False,0,STELLAR,null,0,null,9,https://heasarc.gsfc.nasa.gov/FTP/nustar/data/obs/09/3/30902013003/
30902013004,AX J1745.6-2901,UNRESOLVED,2024-04-06T05:56:06.720,19685.2569,SgrAstar,CATALOG_POSITIVE_EXPOSURE,CATALOG_POSITIVE_EXPOSURE,PUBLIC_ARCHIVED,NOT_DOWNLOADED,NOT_ATTEMPTED,NAME_REVIEW_REQUIRED;POSITION_REVIEW_REQUIRED;LABEL_UNRESOLVED,ax_j1745_6_2901,19757.9649,19685.2569,60597,4.404066534804105,REVIEW_REQUIRED,False,1,(2/4) / straylight (GX 3+1),null,0,null,9,https://heasarc.gsfc.nasa.gov/FTP/nustar/data/obs/09/3/30902013004/
30902013006,AX J1745.6-2901,UNRESOLVED,2024-04-08T06:56:09.600,21118.828,SgrAstar,CATALOG_POSITIVE_EXPOSURE,CATALOG_POSITIVE_EXPOSURE,PUBLIC_ARCHIVED,NOT_DOWNLOADED,NOT_ATTEMPTED,NAME_REVIEW_REQUIRED;POSITION_REVIEW_REQUIRED;LABEL_UNRESOLVED,ax_j1745_6_2901,21189.8917,21118.828,60597,4.207945886362293,REVIEW_REQUIRED,False,1,(3/4) /  straylight (GX 3+1),null,0,null,9,https://heasarc.gsfc.nasa.gov/FTP/nustar/data/obs/09/3/30902013006/
30902013008,AX J1745.6-2901,UNRESOLVED,2024-04-09T06:56:09.600,22216.5681,SgrAstar,CATALOG_POSITIVE_EXPOSURE,CATALOG_POSITIVE_EXPOSURE,PUBLIC_ARCHIVED,NOT_DOWNLOADED,NOT_ATTEMPTED,NAME_REVIEW_REQUIRED;POSITION_REVIEW_REQUIRED;LABEL_UNRESOLVED,ax_j1745_6_2901,22296.7918,22216.5681,60597,4.706032229241772,REVIEW_REQUIRED,False,1,(4/4) / straylight (GX 3+1),null,0,null,9,https://heasarc.gsfc.nasa.gov/FTP/nustar/data/obs/09/3/30902013008/
31002004002,AX J1745.6-2901,UNRESOLVED,2025-04-04T10:31:09.120,17654.2363,SgrAstar,CATALOG_POSITIVE_EXPOSURE,CATALOG_POSITIVE_EXPOSURE,PUBLIC_ARCHIVED,NOT_DOWNLOADED,NOT_ATTEMPTED,NAME_REVIEW_REQUIRED;POSITION_REVIEW_REQUIRED;LABEL_UNRESOLVED,ax_j1745_6_2901,17654.2363,17800.5001,60966,4.7579927005375104,REVIEW_REQUIRED,False,1,(1/4) / Data gaps,null,18209,null,10,https://heasarc.gsfc.nasa.gov/FTP/nustar/data/obs/10/3/31002004002/
31002004004,AX J1745.6-2901,UNRESOLVED,2025-04-06T04:01:12.000,18946.6268,SgrAstar,CATALOG_POSITIVE_EXPOSURE,CATALOG_POSITIVE_EXPOSURE,PUBLIC_ARCHIVED,NOT_DOWNLOADED,NOT_ATTEMPTED,NAME_REVIEW_REQUIRED;POSITION_REVIEW_REQUIRED;LABEL_UNRESOLVED,ax_j1745_6_2901,18946.6268,19046.7989,60966,4.954587340917495,REVIEW_REQUIRED,False,null,(2/4),null,0,null,10,https://heasarc.gsfc.nasa.gov/FTP/nustar/data/obs/10/3/31002004004/
31002004006,AX J1745.6-2901,UNRESOLVED,2025-04-07T03:56:09.600,24843.7464,SgrAstar,CATALOG_POSITIVE_EXPOSURE,CATALOG_POSITIVE_EXPOSURE,PUBLIC_ARCHIVED,NOT_DOWNLOADED,NOT_ATTEMPTED,NAME_REVIEW_REQUIRED;POSITION_REVIEW_REQUIRED;LABEL_UNRESOLVED,ax_j1745_6_2901,24843.7464,24988.7953,60966,4.322858157733045,REVIEW_REQUIRED,False,1,(3/4) / Data gaps,null,9227,null,10,https://heasarc.gsfc.nasa.gov/FTP/nustar/data/obs/10/3/31002004006/
31002004008,AX J1745.6-2901,UNRESOLVED,2025-04-09T03:46:13.440,18905.263,SgrAstar,CATALOG_POSITIVE_EXPOSURE,CATALOG_POSITIVE_EXPOSURE,PUBLIC_ARCHIVED,NOT_DOWNLOADED,NOT_ATTEMPTED,NAME_REVIEW_REQUIRED;POSITION_REVIEW_REQUIRED;LABEL_UNRESOLVED,ax_j1745_6_2901,18905.263,18996.4076,60966,4.018831637987761,REVIEW_REQUIRED,False,null,(4/4),null,0,null,10,https://heasarc.gsfc.nasa.gov/FTP/nustar/data/obs/10/3/31002004008/
31101013002,AX J1745.6-2901,UNRESOLVED,2025-08-07T05:21:07.200,40297.8762,SgrAstar,CATALOG_POSITIVE_EXPOSURE,CATALOG_POSITIVE_EXPOSURE,PUBLIC_ARCHIVED,NOT_DOWNLOADED,NOT_ATTEMPTED,NAME_REVIEW_REQUIRED;LABEL_UNRESOLVED,ax_j1745_6_2901,40865.4312,40297.8762,61086,1.3963107582819452,REVIEW_REQUIRED,False,1,(1/3) / Solar flare,Solar flare,0,null,11,https://heasarc.gsfc.nasa.gov/FTP/nustar/data/obs/11/3/31101013002/
31101013004,AX J1745.6-2901,UNRESOLVED,2025-08-09T20:56:06.720,20143.0013,SgrAstar,CATALOG_POSITIVE_EXPOSURE,CATALOG_POSITIVE_EXPOSURE,PUBLIC_ARCHIVED,NOT_DOWNLOADED,NOT_ATTEMPTED,NAME_REVIEW_REQUIRED;LABEL_UNRESOLVED,ax_j1745_6_2901,20412.7257,20143.0013,61086,1.1272408600519739,REVIEW_REQUIRED,False,null,(2/3),null,0,null,11,https://heasarc.gsfc.nasa.gov/FTP/nustar/data/obs/11/3/31101013004/
31101013006,AX J1745.6-2901,UNRESOLVED,2025-08-12T17:36:05.760,32062.697,SgrAstar,CATALOG_POSITIVE_EXPOSURE,CATALOG_POSITIVE_EXPOSURE,PUBLIC_ARCHIVED,NOT_DOWNLOADED,NOT_ATTEMPTED,NAME_REVIEW_REQUIRED;LABEL_UNRESOLVED,ax_j1745_6_2901,32517.5632,32062.697,61086,1.4594223281568417,REVIEW_REQUIRED,False,null,(3/3),null,0,null,11,https://heasarc.gsfc.nasa.gov/FTP/nustar/data/obs/11/3/31101013006/
31201011,AX J1745.6-2901,UNRESOLVED,,-100000.0,SgrAstar,NO_POSITIVE_EXPOSURE,NO_POSITIVE_EXPOSURE,accepted,NOT_DOWNLOADED,NOT_ATTEMPTED,NAME_REVIEW_REQUIRED;LABEL_UNRESOLVED;NOT_PUBLIC_ARCHIVED;NOT_SCIENCE_OBSERVATION;NONPOSITIVE_MODULE_EXPOSURE,ax_j1745_6_2901,-100000.0,-100000.0,null,1.482956694894403,REVIEW_REQUIRED,False,0,null,null,0,0,12,https://heasarc.gsfc.nasa.gov/FTP/nustar/data/obs/12/3/31201011/
40010001002,AX J1745.6-2901,UNRESOLVED,2012-10-13T06:41:11.040,23752.6579,Gal_Cen_MOS001,CATALOG_POSITIVE_EXPOSURE,CATALOG_POSITIVE_EXPOSURE,PUBLIC_ARCHIVED,NOT_DOWNLOADED,NOT_ATTEMPTED,NAME_REVIEW_REQUIRED;POSITION_REVIEW_REQUIRED;LABEL_UNRESOLVED,ax_j1745_6_2901,24052.2413,23752.6579,57112,3.7233127143245848,REVIEW_REQUIRED,False,0,null,null,0,null,0,https://heasarc.gsfc.nasa.gov/FTP/nustar/data/obs/00/4/40010001002/
40010002001,AX J1745.6-2901,UNRESOLVED,2012-10-13T19:21:04.320,24204.3079,Gal_Cen_MOS002,CATALOG_POSITIVE_EXPOSURE,CATALOG_POSITIVE_EXPOSURE,PUBLIC_ARCHIVED,NOT_DOWNLOADED,NOT_ATTEMPTED,NAME_REVIEW_REQUIRED;LABEL_UNRESOLVED,ax_j1745_6_2901,24505.9772,24204.3079,57112,1.1678222046010682,REVIEW_REQUIRED,False,0,null,null,0,null,0,https://heasarc.gsfc.nasa.gov/FTP/nustar/data/obs/00/4/40010002001/
40010003001,AX J1745.6-2901,UNRESOLVED,2012-10-14T09:56:09.600,23844.4624,Gal_Cen_MOS003,CATALOG_POSITIVE_EXPOSURE,CATALOG_POSITIVE_EXPOSURE,PUBLIC_ARCHIVED,NOT_DOWNLOADED,NOT_ATTEMPTED,NAME_REVIEW_REQUIRED;POSITION_REVIEW_REQUIRED;LABEL_UNRESOLVED,ax_j1745_6_2901,24195.4646,23844.4624,57112,8.234269942660756,REVIEW_REQUIRED,False,0,null,null,0,null,0,https://heasarc.gsfc.nasa.gov/FTP/nustar/data/obs/00/4/40010003001/
40010004001,AX J1745.6-2901,UNRESOLVED,2012-10-15T00:31:06.240,23668.1439,Gal_Cen_MOS004,CATALOG_POSITIVE_EXPOSURE,CATALOG_POSITIVE_EXPOSURE,PUBLIC_ARCHIVED,NOT_DOWNLOADED,NOT_ATTEMPTED,NAME_REVIEW_REQUIRED;POSITION_REVIEW_REQUIRED;LABEL_UNRESOLVED,ax_j1745_6_2901,24030.5105,23668.1439,57112,7.364733797256724,REVIEW_REQUIRED,False,0,null,null,0,null,0,https://heasarc.gsfc.nasa.gov/FTP/nustar/data/obs/00/4/40010004001/
40032019002,AX J1745.6-2901,UNRESOLVED,2014-09-29T08:21:07.200,42945.2037,GalSurvey_B_MOS019,CATALOG_POSITIVE_EXPOSURE,CATALOG_POSITIVE_EXPOSURE,PUBLIC_ARCHIVED,NOT_DOWNLOADED,NOT_ATTEMPTED,NAME_REVIEW_REQUIRED;POSITION_REVIEW_REQUIRED;LABEL_UNRESOLVED,ax_j1745_6_2901,43089.973,42945.2037,57282,8.01423750770279,REVIEW_REQUIRED,False,0,null,null,0,null,0,https://heasarc.gsfc.nasa.gov/FTP/nustar/data/obs/00/4/40032019002/
50902003002,AX J1745.6-2901,UNRESOLVED,2023-07-05T00:01:09.120,20912.7684,SgrAstar,CATALOG_POSITIVE_EXPOSURE,CATALOG_POSITIVE_EXPOSURE,PUBLIC_ARCHIVED,NOT_DOWNLOADED,NOT_ATTEMPTED,NAME_REVIEW_REQUIRED;LABEL_UNRESOLVED,ax_j1745_6_2901,21142.271,20912.7684,60704,2.0585512119735947,REVIEW_REQUIRED,False,0,(1/5),null,0,null,9,https://heasarc.gsfc.nasa.gov/FTP/nustar/data/obs/09/5/50902003002/
50902003004,AX J1745.6-2901,UNRESOLVED,2023-07-31T23:16:13.440,20671.5389,SgrAstar,CATALOG_POSITIVE_EXPOSURE,CATALOG_POSITIVE_EXPOSURE,PUBLIC_ARCHIVED,NOT_DOWNLOADED,NOT_ATTEMPTED,NAME_REVIEW_REQUIRED;LABEL_UNRESOLVED,ax_j1745_6_2901,20900.5237,20671.5389,60704,1.356279891019699,REVIEW_REQUIRED,False,0,(2/5),null,0,null,9,https://heasarc.gsfc.nasa.gov/FTP/nustar/data/obs/09/5/50902003004/
50902003006,AX J1745.6-2901,UNRESOLVED,2023-08-01T18:36:08.640,18737.3775,SgrAstar,CATALOG_POSITIVE_EXPOSURE,CATALOG_POSITIVE_EXPOSURE,PUBLIC_ARCHIVED,NOT_DOWNLOADED,NOT_ATTEMPTED,NAME_REVIEW_REQUIRED;LABEL_UNRESOLVED,ax_j1745_6_2901,18937.5639,18737.3775,60704,1.677258539090059,REVIEW_REQUIRED,False,0,(3/5),null,0,null,9,https://heasarc.gsfc.nasa.gov/FTP/nustar/data/obs/09/5/50902003006/
50902003007,AX J1745.6-2901,UNRESOLVED,2024-06-26T15:51:07.200,27525.6233,SgrAstar,CATALOG_POSITIVE_EXPOSURE,CATALOG_POSITIVE_EXPOSURE,PUBLIC_ARCHIVED,NOT_DOWNLOADED,NOT_ATTEMPTED,NAME_REVIEW_REQUIRED;LABEL_UNRESOLVED,ax_j1745_6_2901,27777.1871,27525.6233,60704,1.910368498594824,REVIEW_REQUIRED,False,0,(4/5),null,0,null,9,https://heasarc.gsfc.nasa.gov/FTP/nustar/data/obs/09/5/50902003007/
50902003009,AX J1745.6-2901,UNRESOLVED,2024-07-20T18:06:11.520,22484.2545,SgrAstar,CATALOG_POSITIVE_EXPOSURE,CATALOG_POSITIVE_EXPOSURE,PUBLIC_ARCHIVED,NOT_DOWNLOADED,NOT_ATTEMPTED,NAME_REVIEW_REQUIRED;LABEL_UNRESOLVED,ax_j1745_6_2901,22768.8592,22484.2545,60704,1.2290292082598222,REVIEW_REQUIRED,False,0,(5/5),null,0,null,9,https://heasarc.gsfc.nasa.gov/FTP/nustar/data/obs/09/5/50902003009/
51102002001,AX J1745.6-2901,UNRESOLVED,2025-06-09T23:36:05.760,19271.8005,SgrAstar,CATALOG_POSITIVE_EXPOSURE,CATALOG_POSITIVE_EXPOSURE,PUBLIC_ARCHIVED,NOT_DOWNLOADED,NOT_ATTEMPTED,NAME_REVIEW_REQUIRED;LABEL_UNRESOLVED,ax_j1745_6_2901,19289.8286,19271.8005,61086,2.7333189896940557,REVIEW_REQUIRED,False,1,(1/5) / Stray light,null,0,null,11,https://heasarc.gsfc.nasa.gov/FTP/nustar/data/obs/11/5/51102002001/
51102002002,AX J1745.6-2901,UNRESOLVED,2025-06-14T21:31:06.240,18913.9205,SgrAstar,CATALOG_POSITIVE_EXPOSURE,CATALOG_POSITIVE_EXPOSURE,PUBLIC_ARCHIVED,NOT_DOWNLOADED,NOT_ATTEMPTED,NAME_REVIEW_REQUIRED;LABEL_UNRESOLVED,ax_j1745_6_2901,19125.5736,18913.9205,61086,2.811987018275304,REVIEW_REQUIRED,False,null,(2/5),null,0,null,11,https://heasarc.gsfc.nasa.gov/FTP/nustar/data/obs/11/5/51102002002/
51102002004,AX J1745.6-2901,UNRESOLVED,2025-07-06T21:21:10.080,18894.1349,SgrAstar,CATALOG_POSITIVE_EXPOSURE,CATALOG_POSITIVE_EXPOSURE,PUBLIC_ARCHIVED,NOT_DOWNLOADED,NOT_ATTEMPTED,NAME_REVIEW_REQUIRED;LABEL_UNRESOLVED,ax_j1745_6_2901,19192.3099,18894.1349,61086,1.9340667374074367,REVIEW_REQUIRED,False,1,(3/5) / Solar CME,Solar CME,0,null,11,https://heasarc.gsfc.nasa.gov/FTP/nustar/data/obs/11/5/51102002004/
51102002006,AX J1745.6-2901,UNRESOLVED,2025-07-10T22:31:09.120,20391.5435,SgrAstar,CATALOG_POSITIVE_EXPOSURE,CATALOG_POSITIVE_EXPOSURE,PUBLIC_ARCHIVED,NOT_DOWNLOADED,NOT_ATTEMPTED,NAME_REVIEW_REQUIRED;LABEL_UNRESOLVED,ax_j1745_6_2901,20679.134,20391.5435,61086,2.2322462354553885,REVIEW_REQUIRED,False,null,(4/5),null,0,null,11,https://heasarc.gsfc.nasa.gov/FTP/nustar/data/obs/11/5/51102002006/
51102002008,AX J1745.6-2901,UNRESOLVED,2025-08-06T18:06:11.520,19770.3649,SgrAstar,CATALOG_POSITIVE_EXPOSURE,CATALOG_POSITIVE_EXPOSURE,PUBLIC_ARCHIVED,NOT_DOWNLOADED,NOT_ATTEMPTED,NAME_REVIEW_REQUIRED;LABEL_UNRESOLVED,ax_j1745_6_2901,20019.9934,19770.3649,61086,1.4152187125757592,REVIEW_REQUIRED,False,1,(5/5) / Solar flare,Solar flare,0,null,11,https://heasarc.gsfc.nasa.gov/FTP/nustar/data/obs/11/5/51102002008/
60466001002,AX J1745.6-2901,UNRESOLVED,2018-04-20T04:01:12.000,19340.1227,SgrAstar,CATALOG_POSITIVE_EXPOSURE,CATALOG_POSITIVE_EXPOSURE,PUBLIC_ARCHIVED,NOT_DOWNLOADED,NOT_ATTEMPTED,NAME_REVIEW_REQUIRED;POSITION_REVIEW_REQUIRED;LABEL_UNRESOLVED,ax_j1745_6_2901,19340.1227,19346.9022,58242,3.4557473749460215,REVIEW_REQUIRED,False,1,(1/4) / Kp=6,Solar CME,0,null,4,https://heasarc.gsfc.nasa.gov/FTP/nustar/data/obs/04/6/60466001002/
60466001004,AX J1745.6-2901,UNRESOLVED,2018-04-22T02:36:05.760,21386.4948,SgrAstar,CATALOG_POSITIVE_EXPOSURE,CATALOG_POSITIVE_EXPOSURE,PUBLIC_ARCHIVED,NOT_DOWNLOADED,NOT_ATTEMPTED,NAME_REVIEW_REQUIRED;POSITION_REVIEW_REQUIRED;LABEL_UNRESOLVED,ax_j1745_6_2901,21390.1094,21386.4948,58242,3.2331156646326833,REVIEW_REQUIRED,False,0,(2/4),null,0,null,4,https://heasarc.gsfc.nasa.gov/FTP/nustar/data/obs/04/6/60466001004/
60466001006,AX J1745.6-2901,UNRESOLVED,2018-04-24T03:01:09.120,18709.5273,SgrAstar,CATALOG_POSITIVE_EXPOSURE,CATALOG_POSITIVE_EXPOSURE,PUBLIC_ARCHIVED,NOT_DOWNLOADED,NOT_ATTEMPTED,NAME_REVIEW_REQUIRED;POSITION_REVIEW_REQUIRED;LABEL_UNRESOLVED,ax_j1745_6_2901,18709.5273,18712.4986,58242,3.1835848161298768,REVIEW_REQUIRED,False,0,(3/4),null,0,null,4,https://heasarc.gsfc.nasa.gov/FTP/nustar/data/obs/04/6/60466001006/
60466001008,AX J1745.6-2901,UNRESOLVED,2018-04-25T03:11:05.280,21205.4604,SgrAstar,CATALOG_POSITIVE_EXPOSURE,CATALOG_POSITIVE_EXPOSURE,PUBLIC_ARCHIVED,NOT_DOWNLOADED,NOT_ATTEMPTED,NAME_REVIEW_REQUIRED;LABEL_UNRESOLVED,ax_j1745_6_2901,21205.4604,21220.1622,58242,2.947912938135842,REVIEW_REQUIRED,False,0,(4/4),null,0,null,4,https://heasarc.gsfc.nasa.gov/FTP/nustar/data/obs/04/6/60466001008/
80002013002,AX J1745.6-2901,UNRESOLVED,2013-04-27T06:16:07.680,49692.3818,gcmagnetar,CATALOG_POSITIVE_EXPOSURE,CATALOG_POSITIVE_EXPOSURE,PUBLIC_ARCHIVED,NOT_DOWNLOADED,NOT_ATTEMPTED,NAME_REVIEW_REQUIRED;LABEL_UNRESOLVED,ax_j1745_6_2901,49692.3818,49983.2592,57112,2.8610350788499543,REVIEW_REQUIRED,False,0,ToO,null,0,null,0,https://heasarc.gsfc.nasa.gov/FTP/nustar/data/obs/00/8/80002013002/
80002013004,AX J1745.6-2901,UNRESOLVED,2013-05-04T17:31:03.360,38523.1339,gcmagnetar,CATALOG_POSITIVE_EXPOSURE,CATALOG_POSITIVE_EXPOSURE,PUBLIC_ARCHIVED,NOT_DOWNLOADED,NOT_ATTEMPTED,NAME_REVIEW_REQUIRED;POSITION_REVIEW_REQUIRED;LABEL_UNRESOLVED,ax_j1745_6_2901,38523.1339,38747.6326,57112,3.759836987608346,REVIEW_REQUIRED,False,1,ToO follow-on,null,0,59,0,https://heasarc.gsfc.nasa.gov/FTP/nustar/data/obs/00/8/80002013004/
80002013006,AX J1745.6-2901,UNRESOLVED,2013-05-11T14:26:09.600,32612.7901,gcmagnetar,CATALOG_POSITIVE_EXPOSURE,CATALOG_POSITIVE_EXPOSURE,PUBLIC_ARCHIVED,NOT_DOWNLOADED,NOT_ATTEMPTED,NAME_REVIEW_REQUIRED;POSITION_REVIEW_REQUIRED;LABEL_UNRESOLVED,ax_j1745_6_2901,32612.7901,32793.3227,57112,3.633883030539606,REVIEW_REQUIRED,False,1,ToO followon,null,0,2152,0,https://heasarc.gsfc.nasa.gov/FTP/nustar/data/obs/00/8/80002013006/
80002013008,AX J1745.6-2901,UNRESOLVED,2013-05-18T17:36:05.760,38830.6997,gcmagnetar,CATALOG_POSITIVE_EXPOSURE,CATALOG_POSITIVE_EXPOSURE,PUBLIC_ARCHIVED,NOT_DOWNLOADED,NOT_ATTEMPTED,NAME_REVIEW_REQUIRED;POSITION_REVIEW_REQUIRED;LABEL_UNRESOLVED,ax_j1745_6_2901,38830.6997,39069.3798,57112,3.6031610890295895,REVIEW_REQUIRED,False,1,ToO followon,null,0,365,0,https://heasarc.gsfc.nasa.gov/FTP/nustar/data/obs/00/8/80002013008/
80002013010,AX J1745.6-2901,UNRESOLVED,2013-05-27T10:16:10.560,37318.5822,gcmagnetar,CATALOG_POSITIVE_EXPOSURE,CATALOG_POSITIVE_EXPOSURE,PUBLIC_ARCHIVED,NOT_DOWNLOADED,NOT_ATTEMPTED,NAME_REVIEW_REQUIRED;POSITION_REVIEW_REQUIRED;LABEL_UNRESOLVED,ax_j1745_6_2901,37318.5822,37544.02,57112,3.5706763420500036,REVIEW_REQUIRED,False,1,ToO followon,null,0,204,0,https://heasarc.gsfc.nasa.gov/FTP/nustar/data/obs/00/8/80002013010/
80002013012,AX J1745.6-2901,UNRESOLVED,2013-06-14T09:56:09.600,26686.7157,gcmagnetar,CATALOG_POSITIVE_EXPOSURE,CATALOG_POSITIVE_EXPOSURE,PUBLIC_ARCHIVED,NOT_DOWNLOADED,NOT_ATTEMPTED,NAME_REVIEW_REQUIRED;LABEL_UNRESOLVED,ax_j1745_6_2901,26764.5888,26686.7157,57112,2.914623651188673,REVIEW_REQUIRED,False,1,ToO,null,0,8696,0,https://heasarc.gsfc.nasa.gov/FTP/nustar/data/obs/00/8/80002013012/
80002013014,AX J1745.6-2901,UNRESOLVED,2013-07-07T04:16:10.560,8497.2507,gcmagnetar,CATALOG_POSITIVE_EXPOSURE,CATALOG_POSITIVE_EXPOSURE,PUBLIC_ARCHIVED,NOT_DOWNLOADED,NOT_ATTEMPTED,NAME_REVIEW_REQUIRED;LABEL_UNRESOLVED,ax_j1745_6_2901,8571.9458,8497.2507,57112,0.9206193249749909,REVIEW_REQUIRED,False,1,null,null,0,4412,0,https://heasarc.gsfc.nasa.gov/FTP/nustar/data/obs/00/8/80002013014/
80002013015,AX J1745.6-2901,UNRESOLVED,2013-07-07T12:23:11.040,420.8807,gcmagnetar,CATALOG_POSITIVE_EXPOSURE,CATALOG_POSITIVE_EXPOSURE,PUBLIC_ARCHIVED,NOT_DOWNLOADED,NOT_ATTEMPTED,NAME_REVIEW_REQUIRED;LABEL_UNRESOLVED,ax_j1745_6_2901,423.759,420.8807,57112,0.6880327765269347,REVIEW_REQUIRED,False,0,STELLAR,null,0,null,0,https://heasarc.gsfc.nasa.gov/FTP/nustar/data/obs/00/8/80002013015/
80002013016,AX J1745.6-2901,UNRESOLVED,2013-07-07T13:01:03.360,20871.6161,gcmagnetar,CATALOG_POSITIVE_EXPOSURE,CATALOG_POSITIVE_EXPOSURE,PUBLIC_ARCHIVED,NOT_DOWNLOADED,NOT_ATTEMPTED,NAME_REVIEW_REQUIRED;LABEL_UNRESOLVED,ax_j1745_6_2901,21008.7316,20871.6161,57112,0.7449130485255564,REVIEW_REQUIRED,False,1,null,null,0,8194,0,https://heasarc.gsfc.nasa.gov/FTP/nustar/data/obs/00/8/80002013016/
80002013018,AX J1745.6-2901,UNRESOLVED,2013-07-31T01:56:03.840,22393.2239,gcmagnetar,CATALOG_POSITIVE_EXPOSURE,CATALOG_POSITIVE_EXPOSURE,PUBLIC_ARCHIVED,NOT_DOWNLOADED,NOT_ATTEMPTED,NAME_REVIEW_REQUIRED;LABEL_UNRESOLVED,ax_j1745_6_2901,22563.8579,22393.2239,57112,0.37008409501560835,REVIEW_REQUIRED,False,0,ToO,null,0,null,0,https://heasarc.gsfc.nasa.gov/FTP/nustar/data/obs/00/8/80002013018/
80002013020,AX J1745.6-2901,UNRESOLVED,2013-08-08T15:01:09.120,12009.736,gcmagnetar,CATALOG_POSITIVE_EXPOSURE,CATALOG_POSITIVE_EXPOSURE,PUBLIC_ARCHIVED,NOT_DOWNLOADED,NOT_ATTEMPTED,NAME_REVIEW_REQUIRED;LABEL_UNRESOLVED,ax_j1745_6_2901,12066.9543,12009.736,57112,0.7710040202519138,REVIEW_REQUIRED,False,0,ToO,null,0,null,0,https://heasarc.gsfc.nasa.gov/FTP/nustar/data/obs/00/8/80002013020/
80002013022,AX J1745.6-2901,UNRESOLVED,2013-08-09T09:01:09.120,11130.5633,gcmagnetar,CATALOG_POSITIVE_EXPOSURE,CATALOG_POSITIVE_EXPOSURE,PUBLIC_ARCHIVED,NOT_DOWNLOADED,NOT_ATTEMPTED,NAME_REVIEW_REQUIRED;LABEL_UNRESOLVED,ax_j1745_6_2901,11209.3424,11130.5633,57112,0.5599994992881486,REVIEW_REQUIRED,False,0,ToO,null,0,null,0,https://heasarc.gsfc.nasa.gov/FTP/nustar/data/obs/00/8/80002013022/
80002013024,AX J1745.6-2901,UNRESOLVED,2013-08-13T00:06:02.880,11641.457,gcmagnetar,CATALOG_POSITIVE_EXPOSURE,CATALOG_POSITIVE_EXPOSURE,PUBLIC_ARCHIVED,NOT_DOWNLOADED,NOT_ATTEMPTED,NAME_REVIEW_REQUIRED;LABEL_UNRESOLVED,ax_j1745_6_2901,11735.1851,11641.457,57112,0.5085574329809439,REVIEW_REQUIRED,False,0,ToO,null,0,null,0,https://heasarc.gsfc.nasa.gov/FTP/nustar/data/obs/00/8/80002013024/
80002013026,AX J1745.6-2901,UNRESOLVED,2013-08-23T15:41:11.040,31744.5431,gcmagnetar,CATALOG_POSITIVE_EXPOSURE,CATALOG_POSITIVE_EXPOSURE,PUBLIC_ARCHIVED,NOT_DOWNLOADED,NOT_ATTEMPTED,NAME_REVIEW_REQUIRED;LABEL_UNRESOLVED,ax_j1745_6_2901,31953.704,31744.5431,57112,0.5313181034331163,REVIEW_REQUIRED,False,1,ToO follow-on,null,0,3067,0,https://heasarc.gsfc.nasa.gov/FTP/nustar/data/obs/00/8/80002013026/
81001323001,AX J1745.6-2901,UNRESOLVED,2025-02-06T06:06:11.520,22678.905,MAXI_J1744m294,CATALOG_POSITIVE_EXPOSURE,CATALOG_POSITIVE_EXPOSURE,PUBLIC_ARCHIVED,NOT_DOWNLOADED,NOT_ATTEMPTED,NAME_REVIEW_REQUIRED;POSITION_REVIEW_REQUIRED;LABEL_UNRESOLVED,ax_j1745_6_2901,22678.905,22709.3183,60925,5.7825956859650045,REVIEW_REQUIRED,False,1,ToO (1/2) / Stray light,null,0,null,10,https://heasarc.gsfc.nasa.gov/FTP/nustar/data/obs/10/8/81001323001/
81001323003,AX J1745.6-2901,UNRESOLVED,2025-03-03T03:01:09.120,20470.3444,MAXI_J1744m294,CATALOG_POSITIVE_EXPOSURE,CATALOG_POSITIVE_EXPOSURE,PUBLIC_ARCHIVED,NOT_DOWNLOADED,NOT_ATTEMPTED,NAME_REVIEW_REQUIRED;POSITION_REVIEW_REQUIRED;LABEL_UNRESOLVED,ax_j1745_6_2901,20470.3444,20492.2171,60925,5.409926495107727,REVIEW_REQUIRED,False,1,ToO (2/2) / Stray light,null,0,null,10,https://heasarc.gsfc.nasa.gov/FTP/nustar/data/obs/10/8/81001323003/
81101333002,AX J1745.6-2901,UNRESOLVED,2025-10-06T10:06:05.760,94832.7991,MAXI_J1744m294,CATALOG_POSITIVE_EXPOSURE,CATALOG_POSITIVE_EXPOSURE,PUBLIC_ARCHIVED,NOT_DOWNLOADED,NOT_ATTEMPTED,NAME_REVIEW_REQUIRED;LABEL_UNRESOLVED,ax_j1745_6_2901,96061.8261,94832.7991,61140,2.3104231952404994,REVIEW_REQUIRED,False,1,ToO / Stray light,null,0,null,11,https://heasarc.gsfc.nasa.gov/FTP/nustar/data/obs/11/8/81101333002/
81102302002,AX J1745.6-2901,UNRESOLVED,2025-03-09T10:41:05.280,19242.2092,MAXI_J1744m294,CATALOG_POSITIVE_EXPOSURE,CATALOG_POSITIVE_EXPOSURE,PUBLIC_ARCHIVED,NOT_DOWNLOADED,NOT_ATTEMPTED,NAME_REVIEW_REQUIRED;POSITION_REVIEW_REQUIRED;LABEL_UNRESOLVED,ax_j1745_6_2901,19242.2092,19293.9254,60928,5.1108063013151055,REVIEW_REQUIRED,False,1,ToO (1/2) / Stray light,null,0,null,11,https://heasarc.gsfc.nasa.gov/FTP/nustar/data/obs/11/8/81102302002/
81102328002,AX J1745.6-2901,UNRESOLVED,2025-09-06T13:16:10.560,17973.7896,MAXI_J1744m294,CATALOG_POSITIVE_EXPOSURE,CATALOG_POSITIVE_EXPOSURE,PUBLIC_ARCHIVED,NOT_DOWNLOADED,NOT_ATTEMPTED,NAME_REVIEW_REQUIRED;LABEL_UNRESOLVED,ax_j1745_6_2901,18148.2905,17973.7896,61298,1.542097700593494,REVIEW_REQUIRED,False,null,ToO (1/2),null,0,null,11,https://heasarc.gsfc.nasa.gov/FTP/nustar/data/obs/11/8/81102328002/
90101012002,AX J1745.6-2901,UNRESOLVED,2015-08-11T22:51:10.080,44934.1627,AX_J1745d6m2901,CATALOG_POSITIVE_EXPOSURE,CATALOG_POSITIVE_EXPOSURE,PUBLIC_ARCHIVED,NOT_DOWNLOADED,NOT_ATTEMPTED,NAME_REVIEW_REQUIRED;LABEL_UNRESOLVED,ax_j1745_6_2901,45112.0657,44934.1627,57441,2.071081409195963,REVIEW_REQUIRED,False,1,ToO,Solar CME,0,null,1,https://heasarc.gsfc.nasa.gov/FTP/nustar/data/obs/01/9/90101012002/
90101022001,AX J1745.6-2901,UNRESOLVED,2016-02-18T21:36:08.640,451.9804,Swift_J174540d7m290015,CATALOG_POSITIVE_EXPOSURE,CATALOG_POSITIVE_EXPOSURE,PUBLIC_ARCHIVED,NOT_DOWNLOADED,NOT_ATTEMPTED,NAME_REVIEW_REQUIRED;LABEL_UNRESOLVED,ax_j1745_6_2901,451.9804,452.6898,57624,2.8776666075211006,REVIEW_REQUIRED,False,0,STELLAR,null,0,null,1,https://heasarc.gsfc.nasa.gov/FTP/nustar/data/obs/01/9/90101022001/
90101022002,AX J1745.6-2901,UNRESOLVED,2016-02-18T22:26:06.720,33849.3914,Swift_J174540d7m290015,CATALOG_POSITIVE_EXPOSURE,CATALOG_POSITIVE_EXPOSURE,PUBLIC_ARCHIVED,NOT_DOWNLOADED,NOT_ATTEMPTED,NAME_REVIEW_REQUIRED;POSITION_REVIEW_REQUIRED;LABEL_UNRESOLVED,ax_j1745_6_2901,33849.3914,33914.575,57624,3.339271102989906,REVIEW_REQUIRED,False,0,ToO,null,0,null,1,https://heasarc.gsfc.nasa.gov/FTP/nustar/data/obs/01/9/90101022002/
90201026002,AX J1745.6-2901,UNRESOLVED,2016-06-09T07:06:05.760,49020.5474,SWIFT_J174540d2m290037,CATALOG_POSITIVE_EXPOSURE,CATALOG_POSITIVE_EXPOSURE,PUBLIC_ARCHIVED,NOT_DOWNLOADED,NOT_ATTEMPTED,NAME_REVIEW_REQUIRED;LABEL_UNRESOLVED,ax_j1745_6_2901,49020.5474,49360.0918,57739,2.8275289030010615,REVIEW_REQUIRED,False,0,ToO,null,0,null,2,https://heasarc.gsfc.nasa.gov/FTP/nustar/data/obs/02/9/90201026002/
90501330002,AX J1745.6-2901,UNRESOLVED,2019-07-05T21:31:06.240,103441.7709,SgrAstar,CATALOG_POSITIVE_EXPOSURE,CATALOG_POSITIVE_EXPOSURE,PUBLIC_ARCHIVED,NOT_DOWNLOADED,NOT_ATTEMPTED,NAME_REVIEW_REQUIRED;LABEL_UNRESOLVED,ax_j1745_6_2901,104451.5791,103441.7709,58679,1.4394933677040618,REVIEW_REQUIRED,False,0,ToO,null,0,null,5,https://heasarc.gsfc.nasa.gov/FTP/nustar/data/obs/05/9/90501330002/
90901528001,AX J1745.6-2901,UNRESOLVED,2023-08-25T00:01:09.120,92.9184,SgrAstar,CATALOG_POSITIVE_EXPOSURE,CATALOG_POSITIVE_EXPOSURE,PUBLIC_ARCHIVED,NOT_DOWNLOADED,NOT_ATTEMPTED,NAME_REVIEW_REQUIRED;LABEL_UNRESOLVED,ax_j1745_6_2901,95.0334,92.9184,60191,1.7165505845630722,REVIEW_REQUIRED,False,0,RSTELLA,null,0,null,9,https://heasarc.gsfc.nasa.gov/FTP/nustar/data/obs/09/9/90901528001/
90901528002,AX J1745.6-2901,UNRESOLVED,2023-08-25T00:41:11.040,12257.8526,SgrAstar,CATALOG_POSITIVE_EXPOSURE,CATALOG_POSITIVE_EXPOSURE,PUBLIC_ARCHIVED,NOT_DOWNLOADED,NOT_ATTEMPTED,NAME_REVIEW_REQUIRED;LABEL_UNRESOLVED,ax_j1745_6_2901,12422.1874,12257.8526,60191,1.8437966679723523,REVIEW_REQUIRED,False,0,DDT,null,0,null,9,https://heasarc.gsfc.nasa.gov/FTP/nustar/data/obs/09/9/90901528002/
91001329002,AX J1745.6-2901,UNRESOLVED,2024-09-06T17:06:08.640,23687.4197,SgrAstar,CATALOG_POSITIVE_EXPOSURE,CATALOG_POSITIVE_EXPOSURE,PUBLIC_ARCHIVED,NOT_DOWNLOADED,NOT_ATTEMPTED,NAME_REVIEW_REQUIRED;LABEL_UNRESOLVED,ax_j1745_6_2901,23990.0072,23687.4197,60566,1.0923805971898488,REVIEW_REQUIRED,False,1,DDT / Data gaps,null,18,null,10,https://heasarc.gsfc.nasa.gov/FTP/nustar/data/obs/10/9/91001329002/
91001518002,AX J1745.6-2901,UNRESOLVED,2024-04-12T08:41:08.160,21438.3636,SgrAstar,CATALOG_POSITIVE_EXPOSURE,CATALOG_POSITIVE_EXPOSURE,PUBLIC_ARCHIVED,NOT_DOWNLOADED,NOT_ATTEMPTED,NAME_REVIEW_REQUIRED;POSITION_REVIEW_REQUIRED;LABEL_UNRESOLVED,ax_j1745_6_2901,21508.104,21438.3636,60422,4.575896659171344,REVIEW_REQUIRED,False,1,DDT / stray light (GX 3+1),null,0,null,10,https://heasarc.gsfc.nasa.gov/FTP/nustar/data/obs/10/9/91001518002/
91002515002,AX J1745.6-2901,UNRESOLVED,2024-04-05T03:36:08.640,20562.3651,SgrAstar,CATALOG_POSITIVE_EXPOSURE,CATALOG_POSITIVE_EXPOSURE,PUBLIC_ARCHIVED,NOT_DOWNLOADED,NOT_ATTEMPTED,NAME_REVIEW_REQUIRED;POSITION_REVIEW_REQUIRED;LABEL_UNRESOLVED,ax_j1745_6_2901,20666.7195,20562.3651,60415,4.679334033545205,REVIEW_REQUIRED,False,1,(1/2) DDT / stray light (GX 3+1),null,0,null,10,https://heasarc.gsfc.nasa.gov/FTP/nustar/data/obs/10/9/91002515002/
91002515003,AX J1745.6-2901,UNRESOLVED,2024-04-07T02:56:06.720,282.1349,SgrAstar,CATALOG_POSITIVE_EXPOSURE,CATALOG_POSITIVE_EXPOSURE,PUBLIC_ARCHIVED,NOT_DOWNLOADED,NOT_ATTEMPTED,NAME_REVIEW_REQUIRED;POSITION_REVIEW_REQUIRED;LABEL_UNRESOLVED,ax_j1745_6_2901,283.3368,282.1349,60415,4.4950554310896464,REVIEW_REQUIRED,False,0,STELLAR,null,0,null,10,https://heasarc.gsfc.nasa.gov/FTP/nustar/data/obs/10/9/91002515003/
91002515004,AX J1745.6-2901,UNRESOLVED,2024-04-07T03:51:07.200,21356.9374,SgrAstar,CATALOG_POSITIVE_EXPOSURE,CATALOG_POSITIVE_EXPOSURE,PUBLIC_ARCHIVED,NOT_DOWNLOADED,NOT_ATTEMPTED,NAME_REVIEW_REQUIRED;POSITION_REVIEW_REQUIRED;LABEL_UNRESOLVED,ax_j1745_6_2901,21453.7278,21356.9374,60415,4.571447735905432,REVIEW_REQUIRED,False,0,(2/2) DDT,null,0,null,10,https://heasarc.gsfc.nasa.gov/FTP/nustar/data/obs/10/9/91002515004/
10202005002,AX J1824.5-2451,NS,2017-04-18T13:06:05.760,156170.1244,PSR_B1821m24,CATALOG_POSITIVE_EXPOSURE,CATALOG_POSITIVE_EXPOSURE,PUBLIC_ARCHIVED,NOT_DOWNLOADED,NOT_ATTEMPTED,NAME_REVIEW_REQUIRED;CLUSTER_ATTRIBUTION_REVIEW,ax_j1824_5_2451,156507.4232,156170.1244,58742,1.7683471406268432,REVIEW_REQUIRED,False,1,(1/2) Timing calibration / Kp=6 / Solar Flare C5.5 2017:108:1921Z,Solar flare CME,0,null,2,https://heasarc.gsfc.nasa.gov/FTP/nustar/data/obs/02/1/10202005002/
10202005004,AX J1824.5-2451,NS,2017-09-23T08:36:05.760,155367.8649,PSR_B1821m24,CATALOG_POSITIVE_EXPOSURE,CATALOG_POSITIVE_EXPOSURE,PUBLIC_ARCHIVED,NOT_DOWNLOADED,NOT_ATTEMPTED,NAME_REVIEW_REQUIRED;CLUSTER_ATTRIBUTION_REVIEW,ax_j1824_5_2451,156543.2727,155367.8649,58742,2.520080544208299,REVIEW_REQUIRED,False,0,(2/2) Timing calibration,null,0,null,2,https://heasarc.gsfc.nasa.gov/FTP/nustar/data/obs/02/1/10202005004/
11101307002,AX J1824.5-2451,NS,2025-03-08T01:16:10.560,40406.1785,PSR_B1821m24,CATALOG_POSITIVE_EXPOSURE,CATALOG_POSITIVE_EXPOSURE,PUBLIC_ARCHIVED,NOT_DOWNLOADED,NOT_ATTEMPTED,NAME_REVIEW_REQUIRED;POSITION_REVIEW_REQUIRED;CLUSTER_ATTRIBUTION_REVIEW,ax_j1824_5_2451,40784.6792,40406.1785,60748,3.01176602486452,REVIEW_REQUIRED,False,1,Calibration / Stray light,null,0,null,11,https://heasarc.gsfc.nasa.gov/FTP/nustar/data/obs/11/1/11101307002/
30101053002,AX J1824.5-2451,NS,2015-06-17T16:06:05.760,131113.7362,PSR_B1821m24,CATALOG_POSITIVE_EXPOSURE,CATALOG_POSITIVE_EXPOSURE,PUBLIC_ARCHIVED,NOT_DOWNLOADED,NOT_ATTEMPTED,NAME_REVIEW_REQUIRED;CLUSTER_ATTRIBUTION_REVIEW,ax_j1824_5_2451,131323.73,131113.7362,57570,2.739366201816802,REVIEW_REQUIRED,False,1,"Target location on DET0 is [8,8] to avoid stray light",Solar flare,0,null,1,https://heasarc.gsfc.nasa.gov/FTP/nustar/data/obs/01/3/30101053002/
30101053004,AX J1824.5-2451,NS,2015-06-21T07:11:08.160,51461.5767,PSR_B1821m24,CATALOG_POSITIVE_EXPOSURE,CATALOG_POSITIVE_EXPOSURE,PUBLIC_ARCHIVED,NOT_DOWNLOADED,NOT_ATTEMPTED,NAME_REVIEW_REQUIRED;POSITION_REVIEW_REQUIRED;CLUSTER_ATTRIBUTION_REVIEW,ax_j1824_5_2451,51521.9084,51461.5767,57570,3.302023164142915,REVIEW_REQUIRED,False,1,"Target location on DET0 is [8,8] to avoid stray light",Solar flare,0,null,1,https://heasarc.gsfc.nasa.gov/FTP/nustar/data/obs/01/3/30101053004/
80001034001,Aql X-1,NS,2014-07-17T16:01:03.360,0.0,Aql_X1,NO_POSITIVE_EXPOSURE,NO_POSITIVE_EXPOSURE,PUBLIC_ARCHIVED,NOT_DOWNLOADED,NOT_ATTEMPTED,POSITION_REVIEW_REQUIRED;NOT_SCIENCE_OBSERVATION;NONPOSITIVE_MODULE_EXPOSURE,aql_x_1,0.0,0.0,57112,,REVIEW_REQUIRED,False,0,STELLAR,null,0,null,0,https://heasarc.gsfc.nasa.gov/FTP/nustar/data/obs/00/8/80001034001/
80001034002,Aql X-1,NS,2014-07-17T16:51:10.080,11084.1745,Aql_X1,CATALOG_POSITIVE_EXPOSURE,CATALOG_POSITIVE_EXPOSURE,PUBLIC_ARCHIVED,NOT_DOWNLOADED,NOT_ATTEMPTED,POSITION_REVIEW_REQUIRED,aql_x_1,11084.1745,11393.9724,57112,3.393859898800609,REVIEW_REQUIRED,False,0,ToO,null,0,null,0,https://heasarc.gsfc.nasa.gov/FTP/nustar/data/obs/00/8/80001034002/
80001034003,Aql X-1,NS,2014-07-18T00:41:11.040,21481.7293,Aql_X1,CATALOG_POSITIVE_EXPOSURE,CATALOG_POSITIVE_EXPOSURE,PUBLIC_ARCHIVED,NOT_DOWNLOADED,NOT_ATTEMPTED,,aql_x_1,21481.7293,21838.2591,57112,0.9356424004167583,VERIFIED_NAME_POSITION,True,0,Aim point refinement,null,0,null,0,https://heasarc.gsfc.nasa.gov/FTP/nustar/data/obs/00/8/80001034003/
80001043001,Aql X-1,NS,2016-09-27T03:56:09.600,0.0,Aql_X1,NO_POSITIVE_EXPOSURE,NO_POSITIVE_EXPOSURE,PUBLIC_ARCHIVED,NOT_DOWNLOADED,NOT_ATTEMPTED,POSITION_REVIEW_REQUIRED;NOT_SCIENCE_OBSERVATION;NONPOSITIVE_MODULE_EXPOSURE,aql_x_1,0.0,0.0,58038,,REVIEW_REQUIRED,False,0,STELLAR,null,0,null,0,https://heasarc.gsfc.nasa.gov/FTP/nustar/data/obs/00/8/80001043001/
80001043002,Aql X-1,NS,2016-09-27T04:46:07.680,72199.2495,Aql_X1,CATALOG_POSITIVE_EXPOSURE,CATALOG_POSITIVE_EXPOSURE,PUBLIC_ARCHIVED,NOT_DOWNLOADED,NOT_ATTEMPTED,,aql_x_1,72626.5706,72199.2495,58038,1.313460684302775,VERIFIED_NAME_POSITION,True,1,ToO / Kp=6,Solar CME,0,null,0,https://heasarc.gsfc.nasa.gov/FTP/nustar/data/obs/00/8/80001043002/
81102307,Aql X-1,NS,,-40000.0,AQL_X1,NO_POSITIVE_EXPOSURE,NO_POSITIVE_EXPOSURE,accepted,NOT_DOWNLOADED,NOT_ATTEMPTED,NOT_PUBLIC_ARCHIVED;NOT_SCIENCE_OBSERVATION;NONPOSITIVE_MODULE_EXPOSURE,aql_x_1,-40000.0,-40000.0,null,0.003671110071305281,VERIFIED_NAME_POSITION,False,0,null,null,0,0,11,https://heasarc.gsfc.nasa.gov/FTP/nustar/data/obs/11/8/81102307/
81202347,Aql X-1,NS,,-100000.0,AQL_X1,NO_POSITIVE_EXPOSURE,NO_POSITIVE_EXPOSURE,accepted,NOT_DOWNLOADED,NOT_ATTEMPTED,NOT_PUBLIC_ARCHIVED;NOT_SCIENCE_OBSERVATION;NONPOSITIVE_MODULE_EXPOSURE,aql_x_1,-100000.0,-100000.0,null,0.003671110071305281,VERIFIED_NAME_POSITION,False,0,null,null,0,0,12,https://heasarc.gsfc.nasa.gov/FTP/nustar/data/obs/12/8/81202347/
90202033001,Aql X-1,NS,2016-08-07T10:01:12.000,0.0,Aql_X1,NO_POSITIVE_EXPOSURE,NO_POSITIVE_EXPOSURE,PUBLIC_ARCHIVED,NOT_DOWNLOADED,NOT_ATTEMPTED,POSITION_REVIEW_REQUIRED;NOT_SCIENCE_OBSERVATION;NONPOSITIVE_MODULE_EXPOSURE,aql_x_1,0.0,0.0,57610,,REVIEW_REQUIRED,False,0,STELLAR,null,0,null,2,https://heasarc.gsfc.nasa.gov/FTP/nustar/data/obs/02/9/90202033001/
90202033002,Aql X-1,NS,2016-08-07T10:46:07.680,9987.8692,Aql_X1,CATALOG_POSITIVE_EXPOSURE,CATALOG_POSITIVE_EXPOSURE,PUBLIC_ARCHIVED,NOT_DOWNLOADED,NOT_ATTEMPTED,,aql_x_1,9987.8692,10457.2276,57610,1.7048654900567932,VERIFIED_NAME_POSITION,True,1,ToO,null,19108,null,2,https://heasarc.gsfc.nasa.gov/FTP/nustar/data/obs/02/9/90202033002/
91001338001,Aql X-1,NS,2024-09-23T13:41:05.280,0.0,Aql_X1,NO_POSITIVE_EXPOSURE,NO_POSITIVE_EXPOSURE,PUBLIC_ARCHIVED,NOT_DOWNLOADED,NOT_ATTEMPTED,POSITION_REVIEW_REQUIRED;NOT_SCIENCE_OBSERVATION;NONPOSITIVE_MODULE_EXPOSURE,aql_x_1,0.0,0.0,60580,,REVIEW_REQUIRED,False,null,DDT,null,0,null,10,https://heasarc.gsfc.nasa.gov/FTP/nustar/data/obs/10/9/91001338001/
91001338002,Aql X-1,NS,2024-09-23T14:01:06.240,19255.8931,Aql_X1,CATALOG_POSITIVE_EXPOSURE,CATALOG_POSITIVE_EXPOSURE,PUBLIC_ARCHIVED,NOT_DOWNLOADED,NOT_ATTEMPTED,POSITION_REVIEW_REQUIRED,aql_x_1,19255.8931,19309.0435,60580,3.3409469253786943,REVIEW_REQUIRED,False,1,DDT / Data gaps,null,1,null,10,https://heasarc.gsfc.nasa.gov/FTP/nustar/data/obs/10/9/91001338002/
91001345001,Aql X-1,NS,2024-10-19T02:21:07.200,0.0,Aql_X1,NO_POSITIVE_EXPOSURE,NO_POSITIVE_EXPOSURE,PUBLIC_ARCHIVED,NOT_DOWNLOADED,NOT_ATTEMPTED,POSITION_REVIEW_REQUIRED;NOT_SCIENCE_OBSERVATION;NONPOSITIVE_MODULE_EXPOSURE,aql_x_1,0.0,0.0,60608,,REVIEW_REQUIRED,False,null,DDT,null,0,null,10,https://heasarc.gsfc.nasa.gov/FTP/nustar/data/obs/10/9/91001345001/
91001345002,Aql X-1,NS,2024-10-19T02:36:05.760,20094.869,Aql_X1,CATALOG_POSITIVE_EXPOSURE,CATALOG_POSITIVE_EXPOSURE,PUBLIC_ARCHIVED,NOT_DOWNLOADED,NOT_ATTEMPTED,POSITION_REVIEW_REQUIRED,aql_x_1,20094.869,20548.6417,60608,3.43921627375747,REVIEW_REQUIRED,False,1,DDT / Solar flare / Data gaps,Solar flare,7,null,10,https://heasarc.gsfc.nasa.gov/FTP/nustar/data/obs/10/9/91001345002/
30001004002,Cen X-4,UNRESOLVED,2013-01-20T20:21:07.200,114029.1478,Cen_X4,CATALOG_POSITIVE_EXPOSURE,CATALOG_POSITIVE_EXPOSURE,PUBLIC_ARCHIVED,NOT_DOWNLOADED,NOT_ATTEMPTED,NAME_REVIEW_REQUIRED;LABEL_UNRESOLVED,cen_x_4,114198.8324,114029.1478,56784,2.343710289029194,REVIEW_REQUIRED,False,0,null,null,0,null,0,https://heasarc.gsfc.nasa.gov/FTP/nustar/data/obs/00/3/30001004002/
30001004004,Cen X-4,UNRESOLVED,2015-03-21T20:21:07.200,62100.7346,Cen_X4,CATALOG_POSITIVE_EXPOSURE,CATALOG_POSITIVE_EXPOSURE,PUBLIC_ARCHIVED,NOT_DOWNLOADED,NOT_ATTEMPTED,NAME_REVIEW_REQUIRED;LABEL_UNRESOLVED,cen_x_4,62226.2427,62100.7346,57282,2.148758876448146,REVIEW_REQUIRED,False,1,null,Solar CME,0,null,0,https://heasarc.gsfc.nasa.gov/FTP/nustar/data/obs/00/3/30001004004/
30001004006,Cen X-4,UNRESOLVED,2015-03-24T09:36:08.640,137835.2243,Cen_X4,CATALOG_POSITIVE_EXPOSURE,CATALOG_POSITIVE_EXPOSURE,PUBLIC_ARCHIVED,NOT_DOWNLOADED,NOT_ATTEMPTED,NAME_REVIEW_REQUIRED;LABEL_UNRESOLVED,cen_x_4,138076.1584,137835.2243,57282,2.575984291886361,REVIEW_REQUIRED,False,1,null,Solar CME,0,null,0,https://heasarc.gsfc.nasa.gov/FTP/nustar/data/obs/00/3/30001004006/
30502024002,Cen X-4,UNRESOLVED,2019-07-26T19:51:10.080,50052.9552,Cen_X4,CATALOG_POSITIVE_EXPOSURE,CATALOG_POSITIVE_EXPOSURE,PUBLIC_ARCHIVED,NOT_DOWNLOADED,NOT_ATTEMPTED,NAME_REVIEW_REQUIRED;LABEL_UNRESOLVED,cen_x_4,50370.249,50052.9552,59679,1.7829183633307606,REVIEW_REQUIRED,False,0,(1/10),null,0,null,5,https://heasarc.gsfc.nasa.gov/FTP/nustar/data/obs/05/3/30502024002/
30502024004,Cen X-4,UNRESOLVED,2019-09-08T21:56:09.600,47431.0529,Cen_X4,CATALOG_POSITIVE_EXPOSURE,CATALOG_POSITIVE_EXPOSURE,PUBLIC_ARCHIVED,NOT_DOWNLOADED,NOT_ATTEMPTED,NAME_REVIEW_REQUIRED;LABEL_UNRESOLVED,cen_x_4,47650.5298,47431.0529,59679,2.6085783663618085,REVIEW_REQUIRED,False,1,(2/10),null,8138,null,5,https://heasarc.gsfc.nasa.gov/FTP/nustar/data/obs/05/3/30502024004/
30502024006,Cen X-4,UNRESOLVED,2020-01-07T05:41:08.160,51416.3284,Cen_X4,CATALOG_POSITIVE_EXPOSURE,CATALOG_POSITIVE_EXPOSURE,PUBLIC_ARCHIVED,NOT_DOWNLOADED,NOT_ATTEMPTED,NAME_REVIEW_REQUIRED;LABEL_UNRESOLVED,cen_x_4,51847.4141,51416.3284,59679,2.337841191803878,REVIEW_REQUIRED,False,0,(3/10),null,0,null,5,https://heasarc.gsfc.nasa.gov/FTP/nustar/data/obs/05/3/30502024006/
30502024008,Cen X-4,UNRESOLVED,2020-02-07T02:31:12.000,52178.2249,Cen_X4,CATALOG_POSITIVE_EXPOSURE,CATALOG_POSITIVE_EXPOSURE,PUBLIC_ARCHIVED,NOT_DOWNLOADED,NOT_ATTEMPTED,NAME_REVIEW_REQUIRED;LABEL_UNRESOLVED,cen_x_4,52624.1302,52178.2249,59679,1.8343475154184687,REVIEW_REQUIRED,False,0,(4/10),null,0,null,5,https://heasarc.gsfc.nasa.gov/FTP/nustar/data/obs/05/3/30502024008/
30502024010,Cen X-4,UNRESOLVED,2020-02-25T18:11:05.280,54277.8715,Cen_X4,CATALOG_POSITIVE_EXPOSURE,CATALOG_POSITIVE_EXPOSURE,PUBLIC_ARCHIVED,NOT_DOWNLOADED,NOT_ATTEMPTED,NAME_REVIEW_REQUIRED;LABEL_UNRESOLVED,cen_x_4,54725.3163,54277.8715,59679,2.283322425211341,REVIEW_REQUIRED,False,0,(5/10),null,0,null,5,https://heasarc.gsfc.nasa.gov/FTP/nustar/data/obs/05/3/30502024010/
30502024012,Cen X-4,UNRESOLVED,2020-07-20T16:51:10.080,52195.3525,Cen_X4,CATALOG_POSITIVE_EXPOSURE,CATALOG_POSITIVE_EXPOSURE,PUBLIC_ARCHIVED,NOT_DOWNLOADED,NOT_ATTEMPTED,NAME_REVIEW_REQUIRED;LABEL_UNRESOLVED,cen_x_4,52577.2051,52195.3525,59679,2.0857767784264514,REVIEW_REQUIRED,False,0,(6/10),null,0,null,5,https://heasarc.gsfc.nasa.gov/FTP/nustar/data/obs/05/3/30502024012/
30502024014,Cen X-4,UNRESOLVED,2021-01-06T12:46:13.440,58174.7683,Cen_X4,CATALOG_POSITIVE_EXPOSURE,CATALOG_POSITIVE_EXPOSURE,PUBLIC_ARCHIVED,NOT_DOWNLOADED,NOT_ATTEMPTED,NAME_REVIEW_REQUIRED;LABEL_UNRESOLVED,cen_x_4,58726.9936,58174.7683,59679,2.9768892987003808,REVIEW_REQUIRED,False,0,(7/10),null,0,null,5,https://heasarc.gsfc.nasa.gov/FTP/nustar/data/obs/05/3/30502024014/
30502024016,Cen X-4,UNRESOLVED,2021-03-18T18:51:07.200,50594.3014,Cen_X4,CATALOG_POSITIVE_EXPOSURE,CATALOG_POSITIVE_EXPOSURE,PUBLIC_ARCHIVED,NOT_DOWNLOADED,NOT_ATTEMPTED,NAME_REVIEW_REQUIRED;LABEL_UNRESOLVED,cen_x_4,51069.1894,50594.3014,59679,2.71613501070426,REVIEW_REQUIRED,False,0,(8/10),null,0,null,5,https://heasarc.gsfc.nasa.gov/FTP/nustar/data/obs/05/3/30502024016/
30502024018,Cen X-4,UNRESOLVED,2021-03-31T14:26:09.600,49552.6764,Cen_X4,CATALOG_POSITIVE_EXPOSURE,CATALOG_POSITIVE_EXPOSURE,PUBLIC_ARCHIVED,NOT_DOWNLOADED,NOT_ATTEMPTED,NAME_REVIEW_REQUIRED;LABEL_UNRESOLVED,cen_x_4,50054.3985,49552.6764,59679,2.725141938731897,REVIEW_REQUIRED,False,0,(9/10),null,0,null,5,https://heasarc.gsfc.nasa.gov/FTP/nustar/data/obs/05/3/30502024018/
30401013001,Cir X-1,NS,2019-05-16T22:26:06.720,0.0,Circinus_X1,NO_POSITIVE_EXPOSURE,NO_POSITIVE_EXPOSURE,PUBLIC_ARCHIVED,NOT_DOWNLOADED,NOT_ATTEMPTED,POSITION_REVIEW_REQUIRED;NOT_SCIENCE_OBSERVATION;NONPOSITIVE_MODULE_EXPOSURE,cir_x_1,0.0,0.0,58996,,REVIEW_REQUIRED,False,0,STELLAR,null,0,null,4,https://heasarc.gsfc.nasa.gov/FTP/nustar/data/obs/04/3/30401013001/
30401013002,Cir X-1,NS,2019-05-16T23:01:06.240,53049.1316,Circinus_X1,CATALOG_POSITIVE_EXPOSURE,CATALOG_POSITIVE_EXPOSURE,PUBLIC_ARCHIVED,NOT_DOWNLOADED,NOT_ATTEMPTED,,cir_x_1,53049.1316,53372.9108,58996,2.375512701733132,VERIFIED_NAME_POSITION,True,0,null,null,0,null,4,https://heasarc.gsfc.nasa.gov/FTP/nustar/data/obs/04/3/30401013002/
30602026001,Cir X-1,NS,2021-02-23T11:31:12.000,0.0,Cir_X1,NO_POSITIVE_EXPOSURE,NO_POSITIVE_EXPOSURE,PUBLIC_ARCHIVED,NOT_DOWNLOADED,NOT_ATTEMPTED,POSITION_REVIEW_REQUIRED;NOT_SCIENCE_OBSERVATION;NONPOSITIVE_MODULE_EXPOSURE,cir_x_1,0.0,0.0,59738,,REVIEW_REQUIRED,False,0,STELLAR,null,0,null,6,https://heasarc.gsfc.nasa.gov/FTP/nustar/data/obs/06/3/30602026001/
30602026002,Cir X-1,NS,2021-02-23T12:01:09.120,16189.3247,Cir_X1,CATALOG_POSITIVE_EXPOSURE,CATALOG_POSITIVE_EXPOSURE,PUBLIC_ARCHIVED,NOT_DOWNLOADED,NOT_ATTEMPTED,POSITION_REVIEW_REQUIRED,cir_x_1,16189.3247,16647.8788,59738,3.061643195223936,REVIEW_REQUIRED,False,0,(1/3),null,0,null,6,https://heasarc.gsfc.nasa.gov/FTP/nustar/data/obs/06/3/30602026002/
30602026003,Cir X-1,NS,2021-03-12T18:51:07.200,0.0,Cir_X1,NO_POSITIVE_EXPOSURE,NO_POSITIVE_EXPOSURE,PUBLIC_ARCHIVED,NOT_DOWNLOADED,NOT_ATTEMPTED,POSITION_REVIEW_REQUIRED;NOT_SCIENCE_OBSERVATION;NONPOSITIVE_MODULE_EXPOSURE,cir_x_1,0.0,0.0,59738,,REVIEW_REQUIRED,False,0,STELLAR,null,0,null,6,https://heasarc.gsfc.nasa.gov/FTP/nustar/data/obs/06/3/30602026003/
30602026004,Cir X-1,NS,2021-03-12T19:31:09.120,16564.3401,Cir_X1,CATALOG_POSITIVE_EXPOSURE,CATALOG_POSITIVE_EXPOSURE,PUBLIC_ARCHIVED,NOT_DOWNLOADED,NOT_ATTEMPTED,,cir_x_1,16564.3401,16924.237,59738,2.9686377395699353,VERIFIED_NAME_POSITION,True,0,(2/3),null,0,null,6,https://heasarc.gsfc.nasa.gov/FTP/nustar/data/obs/06/3/30602026004/
30602026005,Cir X-1,NS,2021-06-02T03:51:07.200,0.0,Cir_X1,NO_POSITIVE_EXPOSURE,NO_POSITIVE_EXPOSURE,PUBLIC_ARCHIVED,NOT_DOWNLOADED,NOT_ATTEMPTED,POSITION_REVIEW_REQUIRED;NOT_SCIENCE_OBSERVATION;NONPOSITIVE_MODULE_EXPOSURE,cir_x_1,0.0,0.0,59738,,REVIEW_REQUIRED,False,0,STELLAR,null,0,null,6,https://heasarc.gsfc.nasa.gov/FTP/nustar/data/obs/06/3/30602026005/
30602026006,Cir X-1,NS,2021-06-02T04:36:11.520,16673.9359,Cir_X1,CATALOG_POSITIVE_EXPOSURE,CATALOG_POSITIVE_EXPOSURE,PUBLIC_ARCHIVED,NOT_DOWNLOADED,NOT_ATTEMPTED,POSITION_REVIEW_REQUIRED,cir_x_1,16673.9359,17099.4896,59738,3.7789242943194874,REVIEW_REQUIRED,False,0,(3/3),null,0,null,6,https://heasarc.gsfc.nasa.gov/FTP/nustar/data/obs/06/3/30602026006/
30902037001,Cir X-1,NS,2023-08-04T21:01:09.120,0.0,Cir_X1,NO_POSITIVE_EXPOSURE,NO_POSITIVE_EXPOSURE,PUBLIC_ARCHIVED,NOT_DOWNLOADED,NOT_ATTEMPTED,POSITION_REVIEW_REQUIRED;NOT_SCIENCE_OBSERVATION;NONPOSITIVE_MODULE_EXPOSURE,cir_x_1,0.0,0.0,60361,,REVIEW_REQUIRED,False,0,STELLAR,null,0,null,9,https://heasarc.gsfc.nasa.gov/FTP/nustar/data/obs/09/3/30902037001/
30902037002,Cir X-1,NS,2023-08-04T21:51:07.200,11678.3955,Cir_X1,CATALOG_POSITIVE_EXPOSURE,CATALOG_POSITIVE_EXPOSURE,PUBLIC_ARCHIVED,NOT_DOWNLOADED,NOT_ATTEMPTED,POSITION_REVIEW_REQUIRED,cir_x_1,11678.3955,12019.3708,60361,3.300810676869997,REVIEW_REQUIRED,False,1,(1/3) / data gaps 10131s / C-class solar flare,Solar flare,10131,null,9,https://heasarc.gsfc.nasa.gov/FTP/nustar/data/obs/09/3/30902037002/
30902037003,Cir X-1,NS,2023-08-12T13:46:07.680,0.0,Cir_X1,NO_POSITIVE_EXPOSURE,NO_POSITIVE_EXPOSURE,PUBLIC_ARCHIVED,NOT_DOWNLOADED,NOT_ATTEMPTED,POSITION_REVIEW_REQUIRED;NOT_SCIENCE_OBSERVATION;NONPOSITIVE_MODULE_EXPOSURE,cir_x_1,0.0,0.0,60361,,REVIEW_REQUIRED,False,0,STELLAR,null,0,null,9,https://heasarc.gsfc.nasa.gov/FTP/nustar/data/obs/09/3/30902037003/
30902037004,Cir X-1,NS,2023-08-12T14:31:12.000,14940.9692,Cir_X1,CATALOG_POSITIVE_EXPOSURE,CATALOG_POSITIVE_EXPOSURE,PUBLIC_ARCHIVED,NOT_DOWNLOADED,NOT_ATTEMPTED,,cir_x_1,14940.9692,15271.8266,60361,2.8877588368813267,VERIFIED_NAME_POSITION,True,1,(2/3) / data gap 4197s,null,4197,null,9,https://heasarc.gsfc.nasa.gov/FTP/nustar/data/obs/09/3/30902037004/
30902037005,Cir X-1,NS,2023-08-13T12:46:13.440,0.0,Cir_X1,NO_POSITIVE_EXPOSURE,NO_POSITIVE_EXPOSURE,PUBLIC_ARCHIVED,NOT_DOWNLOADED,NOT_ATTEMPTED,POSITION_REVIEW_REQUIRED;NOT_SCIENCE_OBSERVATION;NONPOSITIVE_MODULE_EXPOSURE,cir_x_1,0.0,0.0,60361,,REVIEW_REQUIRED,False,0,STELLAR,null,0,null,9,https://heasarc.gsfc.nasa.gov/FTP/nustar/data/obs/09/3/30902037005/
30902037006,Cir X-1,NS,2023-08-13T13:01:12.000,18178.0729,Cir_X1,CATALOG_POSITIVE_EXPOSURE,CATALOG_POSITIVE_EXPOSURE,PUBLIC_ARCHIVED,NOT_DOWNLOADED,NOT_ATTEMPTED,POSITION_REVIEW_REQUIRED,cir_x_1,18178.0729,18469.7378,60361,3.026203117182127,REVIEW_REQUIRED,False,0,(3/3),null,0,null,9,https://heasarc.gsfc.nasa.gov/FTP/nustar/data/obs/09/3/30902037006/
31102015001,Cir X-1,NS,2025-07-25T06:56:09.600,0.0,Cir_X1,NO_POSITIVE_EXPOSURE,NO_POSITIVE_EXPOSURE,PUBLIC_ARCHIVED,NOT_DOWNLOADED,NOT_ATTEMPTED,POSITION_REVIEW_REQUIRED;NOT_SCIENCE_OBSERVATION;NONPOSITIVE_MODULE_EXPOSURE,cir_x_1,0.0,0.0,61086,,REVIEW_REQUIRED,False,null,STELLAR,null,0,null,11,https://heasarc.gsfc.nasa.gov/FTP/nustar/data/obs/11/3/31102015001/
31102015002,Cir X-1,NS,2025-07-25T07:56:12.480,21750.1097,Cir_X1,CATALOG_POSITIVE_EXPOSURE,CATALOG_POSITIVE_EXPOSURE,PUBLIC_ARCHIVED,NOT_DOWNLOADED,NOT_ATTEMPTED,POSITION_REVIEW_REQUIRED,cir_x_1,21913.3044,21750.1097,61086,3.428968430783451,REVIEW_REQUIRED,False,null,(1/3),null,0,null,11,https://heasarc.gsfc.nasa.gov/FTP/nustar/data/obs/11/3/31102015002/
31102015003,Cir X-1,NS,2025-08-02T13:21:12.960,0.0,Cir_X1,NO_POSITIVE_EXPOSURE,NO_POSITIVE_EXPOSURE,PUBLIC_ARCHIVED,NOT_DOWNLOADED,NOT_ATTEMPTED,POSITION_REVIEW_REQUIRED;NOT_SCIENCE_OBSERVATION;NONPOSITIVE_MODULE_EXPOSURE,cir_x_1,0.0,0.0,61086,,REVIEW_REQUIRED,False,null,STELLAR,null,0,null,11,https://heasarc.gsfc.nasa.gov/FTP/nustar/data/obs/11/3/31102015003/
31102015004,Cir X-1,NS,2025-08-02T13:36:11.520,8624.477,Cir_X1,CATALOG_POSITIVE_EXPOSURE,CATALOG_POSITIVE_EXPOSURE,PUBLIC_ARCHIVED,NOT_DOWNLOADED,NOT_ATTEMPTED,,cir_x_1,8624.477,8880.6128,61086,2.652075378865176,VERIFIED_NAME_POSITION,True,1,(2/3) / Data gaps,null,20861,null,11,https://heasarc.gsfc.nasa.gov/FTP/nustar/data/obs/11/3/31102015004/
31102015005,Cir X-1,NS,2025-08-11T15:01:09.120,0.0,Cir_X1,NO_POSITIVE_EXPOSURE,NO_POSITIVE_EXPOSURE,PUBLIC_ARCHIVED,NOT_DOWNLOADED,NOT_ATTEMPTED,POSITION_REVIEW_REQUIRED;NOT_SCIENCE_OBSERVATION;NONPOSITIVE_MODULE_EXPOSURE,cir_x_1,0.0,0.0,61086,,REVIEW_REQUIRED,False,null,STELLAR,null,0,null,11,https://heasarc.gsfc.nasa.gov/FTP/nustar/data/obs/11/3/31102015005/
31102015006,Cir X-1,NS,2025-08-11T15:46:13.440,21045.2546,Cir_X1,CATALOG_POSITIVE_EXPOSURE,CATALOG_POSITIVE_EXPOSURE,PUBLIC_ARCHIVED,NOT_DOWNLOADED,NOT_ATTEMPTED,,cir_x_1,21217.64,21045.2546,61086,2.7744925186051574,VERIFIED_NAME_POSITION,True,null,(3/3),null,0,null,11,https://heasarc.gsfc.nasa.gov/FTP/nustar/data/obs/11/3/31102015006/
80302310002,Cir X-1,NS,2017-09-17T07:21:12.960,5895.6263,MAXI_J1535m571_SLPA005,CATALOG_POSITIVE_EXPOSURE,CATALOG_POSITIVE_EXPOSURE,PUBLIC_ARCHIVED,NOT_DOWNLOADED,NOT_ATTEMPTED,NAME_REVIEW_REQUIRED;POSITION_REVIEW_REQUIRED,cir_x_1,6180.5875,5895.6263,58426,8.777329420271151,REVIEW_REQUIRED,False,0,Straylight observation,null,0,null,3,https://heasarc.gsfc.nasa.gov/FTP/nustar/data/obs/03/8/80302310002/
80302310004,Cir X-1,NS,2017-09-21T01:31:09.120,5597.7597,MAXI_J1535m571_SLPA005,CATALOG_POSITIVE_EXPOSURE,CATALOG_POSITIVE_EXPOSURE,PUBLIC_ARCHIVED,NOT_DOWNLOADED,NOT_ATTEMPTED,NAME_REVIEW_REQUIRED;POSITION_REVIEW_REQUIRED,cir_x_1,6140.4699,5597.7597,58426,7.290649054743818,REVIEW_REQUIRED,False,0,Straylight observation,null,0,null,3,https://heasarc.gsfc.nasa.gov/FTP/nustar/data/obs/03/8/80302310004/
00001011001,Cyg X-1,BH,2012-07-02T08:26:09.600,10258.5014,Cyg_X1_oa,CATALOG_POSITIVE_EXPOSURE,CATALOG_POSITIVE_EXPOSURE,PUBLIC_ARCHIVED,NOT_DOWNLOADED,NOT_ATTEMPTED,NAME_REVIEW_REQUIRED,cyg_x_1,10258.5014,10264.0823,56694,2.583599360614129,REVIEW_REQUIRED,False,1,STELLAR / Target on DET0-DET3 gap,null,2,null,0,https://heasarc.gsfc.nasa.gov/FTP/nustar/data/obs/00/0/00001011001/
00001011002,Cyg X-1,BH,2012-07-02T20:52:48.000,3562.1568,Cyg_X1_oa,CATALOG_POSITIVE_EXPOSURE,CATALOG_POSITIVE_EXPOSURE,PUBLIC_ARCHIVED,NOT_DOWNLOADED,NOT_ATTEMPTED,NAME_REVIEW_REQUIRED,cyg_x_1,3674.9166,3562.1568,56694,2.55549001675928,REVIEW_REQUIRED,False,1,STELLAR / Target on DET0-DET3 gap,null,249,null,0,https://heasarc.gsfc.nasa.gov/FTP/nustar/data/obs/00/0/00001011002/
10002003001,Cyg X-1,BH,2012-07-06T07:51:10.080,8968.1337,Cyg_X1,CATALOG_POSITIVE_EXPOSURE,CATALOG_POSITIVE_EXPOSURE,PUBLIC_ARCHIVED,NOT_DOWNLOADED,NOT_ATTEMPTED,,cyg_x_1,8968.1337,9162.6294,56694,1.4753934767401542,VERIFIED_NAME_POSITION,True,1,STELLAR / Observatory thermal characterization,null,15455,null,0,https://heasarc.gsfc.nasa.gov/FTP/nustar/data/obs/00/1/10002003001/
10014001001,Cyg X-1,BH,2012-11-01T00:16:07.680,4167.4664,Cyg_X1_PSF01,CATALOG_POSITIVE_EXPOSURE,CATALOG_POSITIVE_EXPOSURE,PUBLIC_ARCHIVED,NOT_DOWNLOADED,NOT_ATTEMPTED,NAME_REVIEW_REQUIRED;POSITION_REVIEW_REQUIRED,cyg_x_1,4183.7961,4167.4664,56694,6.901438579568072,REVIEW_REQUIRED,False,0,off-axis PSF calibration,null,0,null,0,https://heasarc.gsfc.nasa.gov/FTP/nustar/data/obs/00/1/10014001001/
10102001001,Cyg X-1,BH,2015-10-07T15:11:05.280,0.0,Cyg_X1,NO_POSITIVE_EXPOSURE,NO_POSITIVE_EXPOSURE,PUBLIC_ARCHIVED,NOT_DOWNLOADED,NOT_ATTEMPTED,POSITION_REVIEW_REQUIRED;NOT_SCIENCE_OBSERVATION;NONPOSITIVE_MODULE_EXPOSURE,cyg_x_1,0.0,0.0,57304,,REVIEW_REQUIRED,False,0,STELLAR,null,0,null,1,https://heasarc.gsfc.nasa.gov/FTP/nustar/data/obs/01/1/10102001001/
10102001002,Cyg X-1,BH,2015-10-07T15:41:11.040,11794.9652,Cyg_X1,CATALOG_POSITIVE_EXPOSURE,CATALOG_POSITIVE_EXPOSURE,PUBLIC_ARCHIVED,NOT_DOWNLOADED,NOT_ATTEMPTED,POSITION_REVIEW_REQUIRED,cyg_x_1,11794.9652,12175.9779,57304,3.0630609101971498,REVIEW_REQUIRED,False,1,Cross-calibration,Solar CME,0,null,1,https://heasarc.gsfc.nasa.gov/FTP/nustar/data/obs/01/1/10102001002/
30001011001,Cyg X-1,BH,2012-10-31T07:41:05.280,0.0,Cyg_X1,NO_POSITIVE_EXPOSURE,NO_POSITIVE_EXPOSURE,PUBLIC_ARCHIVED,NOT_DOWNLOADED,NOT_ATTEMPTED,POSITION_REVIEW_REQUIRED;NOT_SCIENCE_OBSERVATION;NONPOSITIVE_MODULE_EXPOSURE,cyg_x_1,0.0,0.0,56694,,REVIEW_REQUIRED,False,0,STELLAR,null,0,null,0,https://heasarc.gsfc.nasa.gov/FTP/nustar/data/obs/00/3/30001011001/
30001011002,Cyg X-1,BH,2012-10-31T08:11:11.040,10441.9128,Cyg_X1,CATALOG_POSITIVE_EXPOSURE,CATALOG_POSITIVE_EXPOSURE,PUBLIC_ARCHIVED,NOT_DOWNLOADED,NOT_ATTEMPTED,POSITION_REVIEW_REQUIRED,cyg_x_1,10441.9128,10810.854,56694,3.723748820775222,REVIEW_REQUIRED,False,0,null,null,0,null,0,https://heasarc.gsfc.nasa.gov/FTP/nustar/data/obs/00/3/30001011002/
30001011003,Cyg X-1,BH,2012-10-31T17:46:10.560,5096.457,Cyg_X1,CATALOG_POSITIVE_EXPOSURE,CATALOG_POSITIVE_EXPOSURE,PUBLIC_ARCHIVED,NOT_DOWNLOADED,NOT_ATTEMPTED,,cyg_x_1,5096.457,5257.4102,56694,2.014721810198037,VERIFIED_NAME_POSITION,True,1,Adjusted position by 1.6 arcmin closer to OA / Data loss due to overwrite of on-board data storage,null,4843,null,0,https://heasarc.gsfc.nasa.gov/FTP/nustar/data/obs/00/3/30001011003/
30001011004,Cyg X-1,BH,2014-04-29T21:16:07.680,0.0,Cyg_X1,NO_POSITIVE_EXPOSURE,NO_POSITIVE_EXPOSURE,PUBLIC_ARCHIVED,NOT_DOWNLOADED,NOT_ATTEMPTED,POSITION_REVIEW_REQUIRED;NOT_SCIENCE_OBSERVATION;NONPOSITIVE_MODULE_EXPOSURE,cyg_x_1,0.0,0.0,57112,,REVIEW_REQUIRED,False,0,STELLAR,null,0,null,0,https://heasarc.gsfc.nasa.gov/FTP/nustar/data/obs/00/3/30001011004/
30001011005,Cyg X-1,BH,2014-04-29T22:11:08.160,13507.2895,Cyg_X1,CATALOG_POSITIVE_EXPOSURE,CATALOG_POSITIVE_EXPOSURE,PUBLIC_ARCHIVED,NOT_DOWNLOADED,NOT_ATTEMPTED,,cyg_x_1,13507.2895,13784.7184,57112,1.4593975921333293,VERIFIED_NAME_POSITION,True,0,null,null,0,null,0,https://heasarc.gsfc.nasa.gov/FTP/nustar/data/obs/00/3/30001011005/
30001011006,Cyg X-1,BH,2014-05-20T05:36:05.760,0.0,Cyg_X1,NO_POSITIVE_EXPOSURE,NO_POSITIVE_EXPOSURE,PUBLIC_ARCHIVED,NOT_DOWNLOADED,NOT_ATTEMPTED,POSITION_REVIEW_REQUIRED;NOT_SCIENCE_OBSERVATION;NONPOSITIVE_MODULE_EXPOSURE,cyg_x_1,0.0,0.0,57182,,REVIEW_REQUIRED,False,0,STELLAR,null,0,null,0,https://heasarc.gsfc.nasa.gov/FTP/nustar/data/obs/00/3/30001011006/
30001011007,Cyg X-1,BH,2014-05-20T05:51:04.320,34371.9694,Cyg_X1,CATALOG_POSITIVE_EXPOSURE,CATALOG_POSITIVE_EXPOSURE,PUBLIC_ARCHIVED,NOT_DOWNLOADED,NOT_ATTEMPTED,,cyg_x_1,34371.9694,35330.4657,57182,2.0299875876446642,VERIFIED_NAME_POSITION,True,0,ToO,null,0,null,0,https://heasarc.gsfc.nasa.gov/FTP/nustar/data/obs/00/3/30001011007/
30001011008,Cyg X-1,BH,2014-10-04T17:16:04.800,0.0,Cyg_X1,NO_POSITIVE_EXPOSURE,NO_POSITIVE_EXPOSURE,PUBLIC_ARCHIVED,NOT_DOWNLOADED,NOT_ATTEMPTED,POSITION_REVIEW_REQUIRED;NOT_SCIENCE_OBSERVATION;NONPOSITIVE_MODULE_EXPOSURE,cyg_x_1,0.0,0.0,57282,,REVIEW_REQUIRED,False,0,STELLAR,null,0,null,0,https://heasarc.gsfc.nasa.gov/FTP/nustar/data/obs/00/3/30001011008/
30001011009,Cyg X-1,BH,2014-10-04T17:36:05.760,20355.2988,Cyg_X1,CATALOG_POSITIVE_EXPOSURE,CATALOG_POSITIVE_EXPOSURE,PUBLIC_ARCHIVED,NOT_DOWNLOADED,NOT_ATTEMPTED,,cyg_x_1,20355.2988,20951.2923,57282,1.587889750876622,VERIFIED_NAME_POSITION,True,0,null,null,0,null,0,https://heasarc.gsfc.nasa.gov/FTP/nustar/data/obs/00/3/30001011009/
30001011010,Cyg X-1,BH,2015-01-19T00:01:09.120,0.0,Cyg_X1,NO_POSITIVE_EXPOSURE,NO_POSITIVE_EXPOSURE,PUBLIC_ARCHIVED,NOT_DOWNLOADED,NOT_ATTEMPTED,POSITION_REVIEW_REQUIRED;NOT_SCIENCE_OBSERVATION;NONPOSITIVE_MODULE_EXPOSURE,cyg_x_1,0.0,0.0,57282,,REVIEW_REQUIRED,False,0,STELLAR,null,0,null,0,https://heasarc.gsfc.nasa.gov/FTP/nustar/data/obs/00/3/30001011010/
30001011011,Cyg X-1,BH,2015-01-19T00:36:08.640,16824.3629,Cyg_X1,CATALOG_POSITIVE_EXPOSURE,CATALOG_POSITIVE_EXPOSURE,PUBLIC_ARCHIVED,NOT_DOWNLOADED,NOT_ATTEMPTED,,cyg_x_1,16824.3629,17414.2215,57282,2.4742282553453117,VERIFIED_NAME_POSITION,True,0,null,null,0,null,0,https://heasarc.gsfc.nasa.gov/FTP/nustar/data/obs/00/3/30001011011/
30002150001,Cyg X-1,BH,2016-05-27T22:06:05.760,0.0,Cyg_X1,NO_POSITIVE_EXPOSURE,NO_POSITIVE_EXPOSURE,PUBLIC_ARCHIVED,NOT_DOWNLOADED,NOT_ATTEMPTED,POSITION_REVIEW_REQUIRED;NOT_SCIENCE_OBSERVATION;NONPOSITIVE_MODULE_EXPOSURE,cyg_x_1,0.0,0.0,57931,,REVIEW_REQUIRED,False,0,STELLAR,null,0,null,0,https://heasarc.gsfc.nasa.gov/FTP/nustar/data/obs/00/3/30002150001/
30002150002,Cyg X-1,BH,2016-05-27T22:41:05.280,50076.7095,Cyg_X1,CATALOG_POSITIVE_EXPOSURE,CATALOG_POSITIVE_EXPOSURE,PUBLIC_ARCHIVED,NOT_DOWNLOADED,NOT_ATTEMPTED,,cyg_x_1,50076.7095,51507.1341,57931,1.8559682386144456,VERIFIED_NAME_POSITION,True,0,(1/4),null,0,null,0,https://heasarc.gsfc.nasa.gov/FTP/nustar/data/obs/00/3/30002150002/
30002150003,Cyg X-1,BH,2016-05-29T21:16:07.680,0.0,Cyg_X1,NO_POSITIVE_EXPOSURE,NO_POSITIVE_EXPOSURE,PUBLIC_ARCHIVED,NOT_DOWNLOADED,NOT_ATTEMPTED,POSITION_REVIEW_REQUIRED;NOT_SCIENCE_OBSERVATION;NONPOSITIVE_MODULE_EXPOSURE,cyg_x_1,0.0,0.0,57931,,REVIEW_REQUIRED,False,0,STELLAR,null,0,null,0,https://heasarc.gsfc.nasa.gov/FTP/nustar/data/obs/00/3/30002150003/
30002150004,Cyg X-1,BH,2016-05-29T21:26:12.480,50902.4857,Cyg_X1,CATALOG_POSITIVE_EXPOSURE,CATALOG_POSITIVE_EXPOSURE,PUBLIC_ARCHIVED,NOT_DOWNLOADED,NOT_ATTEMPTED,,cyg_x_1,50902.4857,52371.0928,57931,1.481612846932901,VERIFIED_NAME_POSITION,True,0,(2/4),null,0,null,0,https://heasarc.gsfc.nasa.gov/FTP/nustar/data/obs/00/3/30002150004/
30002150005,Cyg X-1,BH,2016-05-31T21:36:08.640,0.0,Cyg_X1,NO_POSITIVE_EXPOSURE,NO_POSITIVE_EXPOSURE,PUBLIC_ARCHIVED,NOT_DOWNLOADED,NOT_ATTEMPTED,POSITION_REVIEW_REQUIRED;NOT_SCIENCE_OBSERVATION;NONPOSITIVE_MODULE_EXPOSURE,cyg_x_1,0.0,0.0,57931,,REVIEW_REQUIRED,False,0,STELLAR,null,0,null,0,https://heasarc.gsfc.nasa.gov/FTP/nustar/data/obs/00/3/30002150005/
30002150006,Cyg X-1,BH,2016-05-31T21:46:04.800,52547.4701,Cyg_X1,CATALOG_POSITIVE_EXPOSURE,CATALOG_POSITIVE_EXPOSURE,PUBLIC_ARCHIVED,NOT_DOWNLOADED,NOT_ATTEMPTED,,cyg_x_1,52547.4701,54008.2685,57931,1.6362639146469378,VERIFIED_NAME_POSITION,True,1,(3/4),null,20,null,0,https://heasarc.gsfc.nasa.gov/FTP/nustar/data/obs/00/3/30002150006/
30002150007,Cyg X-1,BH,2016-06-02T21:46:04.800,0.0,Cyg_X1,NO_POSITIVE_EXPOSURE,NO_POSITIVE_EXPOSURE,PUBLIC_ARCHIVED,NOT_DOWNLOADED,NOT_ATTEMPTED,POSITION_REVIEW_REQUIRED;NOT_SCIENCE_OBSERVATION;NONPOSITIVE_MODULE_EXPOSURE,cyg_x_1,0.0,0.0,57931,,REVIEW_REQUIRED,False,0,STELLAR,null,0,null,0,https://heasarc.gsfc.nasa.gov/FTP/nustar/data/obs/00/3/30002150007/
30002150008,Cyg X-1,BH,2016-06-02T22:01:12.000,28716.6714,Cyg_X1,CATALOG_POSITIVE_EXPOSURE,CATALOG_POSITIVE_EXPOSURE,PUBLIC_ARCHIVED,NOT_DOWNLOADED,NOT_ATTEMPTED,,cyg_x_1,28716.6714,29497.5882,57931,1.4266864674790967,VERIFIED_NAME_POSITION,True,0,(4/4),null,0,null,0,https://heasarc.gsfc.nasa.gov/FTP/nustar/data/obs/00/3/30002150008/
30101022001,Cyg X-1,BH,2015-05-27T16:46:07.680,0.0,Cygnus_X1,NO_POSITIVE_EXPOSURE,NO_POSITIVE_EXPOSURE,PUBLIC_ARCHIVED,NOT_DOWNLOADED,NOT_ATTEMPTED,POSITION_REVIEW_REQUIRED;NOT_SCIENCE_OBSERVATION;NONPOSITIVE_MODULE_EXPOSURE,cyg_x_1,0.0,0.0,57547,,REVIEW_REQUIRED,False,0,STELLAR,null,0,null,1,https://heasarc.gsfc.nasa.gov/FTP/nustar/data/obs/01/3/30101022001/
30101022002,Cyg X-1,BH,2015-05-27T17:06:08.640,19860.8111,Cygnus_X1,CATALOG_POSITIVE_EXPOSURE,CATALOG_POSITIVE_EXPOSURE,PUBLIC_ARCHIVED,NOT_DOWNLOADED,NOT_ATTEMPTED,,cyg_x_1,19860.8111,20499.3115,57547,1.956925552173367,VERIFIED_NAME_POSITION,True,0,null,null,0,null,1,https://heasarc.gsfc.nasa.gov/FTP/nustar/data/obs/01/3/30101022002/
30202032001,Cyg X-1,BH,2016-07-18T14:36:05.760,0.0,Cygnus_X1,NO_POSITIVE_EXPOSURE,NO_POSITIVE_EXPOSURE,PUBLIC_ARCHIVED,NOT_DOWNLOADED,NOT_ATTEMPTED,POSITION_REVIEW_REQUIRED;NOT_SCIENCE_OBSERVATION;NONPOSITIVE_MODULE_EXPOSURE,cyg_x_1,0.0,0.0,58355,,REVIEW_REQUIRED,False,0,STELLAR,null,0,null,2,https://heasarc.gsfc.nasa.gov/FTP/nustar/data/obs/02/3/30202032001/
30202032002,Cyg X-1,BH,2016-07-18T15:31:06.240,13312.4186,Cygnus_X1,CATALOG_POSITIVE_EXPOSURE,CATALOG_POSITIVE_EXPOSURE,PUBLIC_ARCHIVED,NOT_DOWNLOADED,NOT_ATTEMPTED,,cyg_x_1,13312.4186,13732.8665,58355,1.7655240966839654,VERIFIED_NAME_POSITION,True,0,(1/2),null,0,null,2,https://heasarc.gsfc.nasa.gov/FTP/nustar/data/obs/02/3/30202032002/
30302019001,Cyg X-1,BH,2017-11-04T16:41:05.280,0.0,Cyg_X1,NO_POSITIVE_EXPOSURE,NO_POSITIVE_EXPOSURE,PUBLIC_ARCHIVED,NOT_DOWNLOADED,NOT_ATTEMPTED,POSITION_REVIEW_REQUIRED;NOT_SCIENCE_OBSERVATION;NONPOSITIVE_MODULE_EXPOSURE,cyg_x_1,0.0,0.0,58713,,REVIEW_REQUIRED,False,0,STELLAR,null,0,null,3,https://heasarc.gsfc.nasa.gov/FTP/nustar/data/obs/03/3/30302019001/
30302019002,Cyg X-1,BH,2017-11-04T17:16:13.440,9400.4097,Cyg_X1,CATALOG_POSITIVE_EXPOSURE,CATALOG_POSITIVE_EXPOSURE,PUBLIC_ARCHIVED,NOT_DOWNLOADED,NOT_ATTEMPTED,,cyg_x_1,9400.4097,9752.524,58713,2.3735184588008824,VERIFIED_NAME_POSITION,True,0,(1/6),null,0,null,3,https://heasarc.gsfc.nasa.gov/FTP/nustar/data/obs/03/3/30302019002/
30302019003,Cyg X-1,BH,2018-02-08T19:01:12.000,0.0,Cyg_X1,NO_POSITIVE_EXPOSURE,NO_POSITIVE_EXPOSURE,PUBLIC_ARCHIVED,NOT_DOWNLOADED,NOT_ATTEMPTED,POSITION_REVIEW_REQUIRED;NOT_SCIENCE_OBSERVATION;NONPOSITIVE_MODULE_EXPOSURE,cyg_x_1,0.0,0.0,58713,,REVIEW_REQUIRED,False,0,STELLAR,null,0,null,3,https://heasarc.gsfc.nasa.gov/FTP/nustar/data/obs/03/3/30302019003/
30302019004,Cyg X-1,BH,2018-02-08T20:01:06.240,12708.07,Cyg_X1,CATALOG_POSITIVE_EXPOSURE,CATALOG_POSITIVE_EXPOSURE,PUBLIC_ARCHIVED,NOT_DOWNLOADED,NOT_ATTEMPTED,,cyg_x_1,12708.07,13038.1234,58713,1.5851370023638245,VERIFIED_NAME_POSITION,True,0,(2/6),null,0,null,3,https://heasarc.gsfc.nasa.gov/FTP/nustar/data/obs/03/3/30302019004/
30302019005,Cyg X-1,BH,2018-03-26T17:21:07.200,0.0,Cyg_X1,NO_POSITIVE_EXPOSURE,NO_POSITIVE_EXPOSURE,PUBLIC_ARCHIVED,NOT_DOWNLOADED,NOT_ATTEMPTED,POSITION_REVIEW_REQUIRED;NOT_SCIENCE_OBSERVATION;NONPOSITIVE_MODULE_EXPOSURE,cyg_x_1,0.0,0.0,58713,,REVIEW_REQUIRED,False,0,STELLAR,null,0,null,3,https://heasarc.gsfc.nasa.gov/FTP/nustar/data/obs/03/3/30302019005/
30302019006,Cyg X-1,BH,2018-03-26T17:46:10.560,11023.5124,Cyg_X1,CATALOG_POSITIVE_EXPOSURE,CATALOG_POSITIVE_EXPOSURE,PUBLIC_ARCHIVED,NOT_DOWNLOADED,NOT_ATTEMPTED,,cyg_x_1,11023.5124,11415.5195,58713,2.204953852496861,VERIFIED_NAME_POSITION,True,0,(3/6),null,0,null,3,https://heasarc.gsfc.nasa.gov/FTP/nustar/data/obs/03/3/30302019006/
30302019007,Cyg X-1,BH,2018-04-15T14:06:08.640,0.0,Cyg_X1,NO_POSITIVE_EXPOSURE,NO_POSITIVE_EXPOSURE,PUBLIC_ARCHIVED,NOT_DOWNLOADED,NOT_ATTEMPTED,POSITION_REVIEW_REQUIRED;NOT_SCIENCE_OBSERVATION;NONPOSITIVE_MODULE_EXPOSURE,cyg_x_1,0.0,0.0,58713,,REVIEW_REQUIRED,False,0,STELLAR,null,0,null,3,https://heasarc.gsfc.nasa.gov/FTP/nustar/data/obs/03/3/30302019007/
30302019008,Cyg X-1,BH,2018-04-15T14:36:05.760,8792.0362,Cyg_X1,CATALOG_POSITIVE_EXPOSURE,CATALOG_POSITIVE_EXPOSURE,PUBLIC_ARCHIVED,NOT_DOWNLOADED,NOT_ATTEMPTED,,cyg_x_1,8792.0362,9209.7374,58713,1.838707477357149,VERIFIED_NAME_POSITION,True,1,(4/6) / data gap 143s,null,143,null,3,https://heasarc.gsfc.nasa.gov/FTP/nustar/data/obs/03/3/30302019008/
30302019009,Cyg X-1,BH,2018-05-27T07:36:11.520,0.0,Cyg_X1,NO_POSITIVE_EXPOSURE,NO_POSITIVE_EXPOSURE,PUBLIC_ARCHIVED,NOT_DOWNLOADED,NOT_ATTEMPTED,POSITION_REVIEW_REQUIRED;NOT_SCIENCE_OBSERVATION;NONPOSITIVE_MODULE_EXPOSURE,cyg_x_1,0.0,0.0,58713,,REVIEW_REQUIRED,False,0,STELLAR,null,0,null,3,https://heasarc.gsfc.nasa.gov/FTP/nustar/data/obs/03/3/30302019009/
30302019010,Cyg X-1,BH,2018-05-27T08:31:12.000,8213.9491,Cyg_X1,CATALOG_POSITIVE_EXPOSURE,CATALOG_POSITIVE_EXPOSURE,PUBLIC_ARCHIVED,NOT_DOWNLOADED,NOT_ATTEMPTED,,cyg_x_1,8213.9491,8669.0306,58713,2.184123135828863,VERIFIED_NAME_POSITION,True,0,(5/6),null,0,null,3,https://heasarc.gsfc.nasa.gov/FTP/nustar/data/obs/03/3/30302019010/
30302019011,Cyg X-1,BH,2018-08-11T02:26:09.600,0.0,Cyg_X1,NO_POSITIVE_EXPOSURE,NO_POSITIVE_EXPOSURE,PUBLIC_ARCHIVED,NOT_DOWNLOADED,NOT_ATTEMPTED,POSITION_REVIEW_REQUIRED;NOT_SCIENCE_OBSERVATION;NONPOSITIVE_MODULE_EXPOSURE,cyg_x_1,0.0,0.0,58713,,REVIEW_REQUIRED,False,0,STELLAR,null,0,null,3,https://heasarc.gsfc.nasa.gov/FTP/nustar/data/obs/03/3/30302019011/
30302019012,Cyg X-1,BH,2018-08-11T03:01:09.120,12118.8251,Cyg_X1,CATALOG_POSITIVE_EXPOSURE,CATALOG_POSITIVE_EXPOSURE,PUBLIC_ARCHIVED,NOT_DOWNLOADED,NOT_ATTEMPTED,,cyg_x_1,12118.8251,12646.8604,58713,2.462898655675923,VERIFIED_NAME_POSITION,True,0,(6/6),null,0,null,3,https://heasarc.gsfc.nasa.gov/FTP/nustar/data/obs/03/3/30302019012/
30702017001,Cyg X-1,BH,2022-05-18T13:31:09.120,0.0,Cyg_X1,NO_POSITIVE_EXPOSURE,NO_POSITIVE_EXPOSURE,PUBLIC_ARCHIVED,NOT_DOWNLOADED,NOT_ATTEMPTED,POSITION_REVIEW_REQUIRED;NOT_SCIENCE_OBSERVATION;NONPOSITIVE_MODULE_EXPOSURE,cyg_x_1,0.0,0.0,59853,,REVIEW_REQUIRED,False,0,STELLAR,null,0,null,7,https://heasarc.gsfc.nasa.gov/FTP/nustar/data/obs/07/3/30702017001/
30702017002,Cyg X-1,BH,2022-05-18T13:41:05.280,16211.2443,Cyg_X1,CATALOG_POSITIVE_EXPOSURE,CATALOG_POSITIVE_EXPOSURE,PUBLIC_ARCHIVED,NOT_DOWNLOADED,NOT_ATTEMPTED,,cyg_x_1,16211.2443,16684.2586,59853,2.875263526437844,VERIFIED_NAME_POSITION,True,1,(1/2) / idiagnostics,Solar flare,0,null,7,https://heasarc.gsfc.nasa.gov/FTP/nustar/data/obs/07/3/30702017002/
30702017003,Cyg X-1,BH,2022-05-19T13:41:05.280,0.0,Cyg_X1,NO_POSITIVE_EXPOSURE,NO_POSITIVE_EXPOSURE,PUBLIC_ARCHIVED,NOT_DOWNLOADED,NOT_ATTEMPTED,POSITION_REVIEW_REQUIRED;NOT_SCIENCE_OBSERVATION;NONPOSITIVE_MODULE_EXPOSURE,cyg_x_1,0.0,0.0,59853,,REVIEW_REQUIRED,False,0,STELLAR,null,0,null,7,https://heasarc.gsfc.nasa.gov/FTP/nustar/data/obs/07/3/30702017003/
30702017004,Cyg X-1,BH,2022-05-19T13:51:10.080,13869.0587,Cyg_X1,CATALOG_POSITIVE_EXPOSURE,CATALOG_POSITIVE_EXPOSURE,PUBLIC_ARCHIVED,NOT_DOWNLOADED,NOT_ATTEMPTED,,cyg_x_1,13869.0587,14318.5875,59853,2.915816590076643,VERIFIED_NAME_POSITION,True,1,(2/2) / idiagnostics,Solar flare,0,null,7,https://heasarc.gsfc.nasa.gov/FTP/nustar/data/obs/07/3/30702017004/
30702017005,Cyg X-1,BH,2022-05-20T13:31:09.120,0.0,Cyg_X1,NO_POSITIVE_EXPOSURE,NO_POSITIVE_EXPOSURE,PUBLIC_ARCHIVED,NOT_DOWNLOADED,NOT_ATTEMPTED,POSITION_REVIEW_REQUIRED;NOT_SCIENCE_OBSERVATION;NONPOSITIVE_MODULE_EXPOSURE,cyg_x_1,0.0,0.0,59853,,REVIEW_REQUIRED,False,0,STELLAR,null,0,null,7,https://heasarc.gsfc.nasa.gov/FTP/nustar/data/obs/07/3/30702017005/
30702017006,Cyg X-1,BH,2022-05-20T14:06:08.640,12366.5103,Cyg_X1,CATALOG_POSITIVE_EXPOSURE,CATALOG_POSITIVE_EXPOSURE,PUBLIC_ARCHIVED,NOT_DOWNLOADED,NOT_ATTEMPTED,,cyg_x_1,12366.5103,12764.4176,59853,2.350166531602886,VERIFIED_NAME_POSITION,True,0,(3/2) / idiagnostics,null,0,null,7,https://heasarc.gsfc.nasa.gov/FTP/nustar/data/obs/07/3/30702017006/
30901039001,Cyg X-1,BH,2024-04-08T17:46:10.560,0.0,Cygnus_X1,NO_POSITIVE_EXPOSURE,NO_POSITIVE_EXPOSURE,PUBLIC_ARCHIVED,NOT_DOWNLOADED,NOT_ATTEMPTED,POSITION_REVIEW_REQUIRED;NOT_SCIENCE_OBSERVATION;NONPOSITIVE_MODULE_EXPOSURE,cyg_x_1,0.0,0.0,60415,,REVIEW_REQUIRED,False,0,STELLAR,null,0,null,9,https://heasarc.gsfc.nasa.gov/FTP/nustar/data/obs/09/3/30901039001/
30901039002,Cyg X-1,BH,2024-04-08T18:16:07.680,16879.3395,Cygnus_X1,CATALOG_POSITIVE_EXPOSURE,CATALOG_POSITIVE_EXPOSURE,PUBLIC_ARCHIVED,NOT_DOWNLOADED,NOT_ATTEMPTED,POSITION_REVIEW_REQUIRED,cyg_x_1,16879.3395,17275.6516,60415,4.169409915145557,REVIEW_REQUIRED,False,0,null,null,0,null,9,https://heasarc.gsfc.nasa.gov/FTP/nustar/data/obs/09/3/30901039002/
80502335001,Cyg X-1,BH,2019-08-06T08:31:12.000,0.0,Cyg_X1,NO_POSITIVE_EXPOSURE,NO_POSITIVE_EXPOSURE,PUBLIC_ARCHIVED,NOT_DOWNLOADED,NOT_ATTEMPTED,POSITION_REVIEW_REQUIRED;NOT_SCIENCE_OBSERVATION;NONPOSITIVE_MODULE_EXPOSURE,cyg_x_1,0.0,0.0,58997,,REVIEW_REQUIRED,False,0,STELLAR,null,0,null,5,https://heasarc.gsfc.nasa.gov/FTP/nustar/data/obs/05/8/80502335001/
80502335002,Cyg X-1,BH,2019-08-06T09:01:09.120,13435.5261,Cyg_X1,CATALOG_POSITIVE_EXPOSURE,CATALOG_POSITIVE_EXPOSURE,PUBLIC_ARCHIVED,NOT_DOWNLOADED,NOT_ATTEMPTED,,cyg_x_1,13435.5261,13911.7081,58997,2.624872481985856,VERIFIED_NAME_POSITION,True,0,(1/3) ToO,null,0,null,5,https://heasarc.gsfc.nasa.gov/FTP/nustar/data/obs/05/8/80502335002/
80502335003,Cyg X-1,BH,2019-09-19T06:01:09.120,0.0,Cyg_X1,NO_POSITIVE_EXPOSURE,NO_POSITIVE_EXPOSURE,PUBLIC_ARCHIVED,NOT_DOWNLOADED,NOT_ATTEMPTED,POSITION_REVIEW_REQUIRED;NOT_SCIENCE_OBSERVATION;NONPOSITIVE_MODULE_EXPOSURE,cyg_x_1,0.0,0.0,58997,,REVIEW_REQUIRED,False,1,STELLAR,null,27,null,5,https://heasarc.gsfc.nasa.gov/FTP/nustar/data/obs/05/8/80502335003/
80502335004,Cyg X-1,BH,2019-09-19T06:21:10.080,11537.3705,Cyg_X1,CATALOG_POSITIVE_EXPOSURE,CATALOG_POSITIVE_EXPOSURE,PUBLIC_ARCHIVED,NOT_DOWNLOADED,NOT_ATTEMPTED,,cyg_x_1,11537.3705,11963.6098,58997,2.007410613302446,VERIFIED_NAME_POSITION,True,1,null,null,2078,null,5,https://heasarc.gsfc.nasa.gov/FTP/nustar/data/obs/05/8/80502335004/
80502335005,Cyg X-1,BH,2019-11-13T09:31:06.240,0.0,Cyg_X1,NO_POSITIVE_EXPOSURE,NO_POSITIVE_EXPOSURE,PUBLIC_ARCHIVED,NOT_DOWNLOADED,NOT_ATTEMPTED,POSITION_REVIEW_REQUIRED;NOT_SCIENCE_OBSERVATION;NONPOSITIVE_MODULE_EXPOSURE,cyg_x_1,0.0,0.0,58997,,REVIEW_REQUIRED,False,0,STELLAR,null,0,null,5,https://heasarc.gsfc.nasa.gov/FTP/nustar/data/obs/05/8/80502335005/
80502335006,Cyg X-1,BH,2019-11-13T10:06:05.760,11913.9914,Cyg_X1,CATALOG_POSITIVE_EXPOSURE,CATALOG_POSITIVE_EXPOSURE,PUBLIC_ARCHIVED,NOT_DOWNLOADED,NOT_ATTEMPTED,,cyg_x_1,11913.9914,12246.3141,58997,1.9840527499171736,VERIFIED_NAME_POSITION,True,0,ToO,null,0,null,5,https://heasarc.gsfc.nasa.gov/FTP/nustar/data/obs/05/8/80502335006/
80902318001,Cyg X-1,BH,2023-05-24T18:11:05.280,0.0,Cygnus_X1,NO_POSITIVE_EXPOSURE,NO_POSITIVE_EXPOSURE,PUBLIC_ARCHIVED,NOT_DOWNLOADED,NOT_ATTEMPTED,POSITION_REVIEW_REQUIRED;NOT_SCIENCE_OBSERVATION;NONPOSITIVE_MODULE_EXPOSURE,cyg_x_1,0.0,0.0,60304,,REVIEW_REQUIRED,False,0,STELLAR,null,0,null,9,https://heasarc.gsfc.nasa.gov/FTP/nustar/data/obs/09/8/80902318001/
80902318002,Cyg X-1,BH,2023-05-24T18:31:06.240,13507.3538,Cygnus_X1,CATALOG_POSITIVE_EXPOSURE,CATALOG_POSITIVE_EXPOSURE,PUBLIC_ARCHIVED,NOT_DOWNLOADED,NOT_ATTEMPTED,,cyg_x_1,13507.3538,14172.2073,60304,2.647563467641008,VERIFIED_NAME_POSITION,True,0,(1/3) ToO / idiagnostics,null,1,null,9,https://heasarc.gsfc.nasa.gov/FTP/nustar/data/obs/09/8/80902318002/
80902318003,Cyg X-1,BH,2023-06-14T00:06:11.520,211.5753,Cygnus_X1,CATALOG_POSITIVE_EXPOSURE,CATALOG_POSITIVE_EXPOSURE,PUBLIC_ARCHIVED,NOT_DOWNLOADED,NOT_ATTEMPTED,POSITION_REVIEW_REQUIRED,cyg_x_1,211.5753,217.707,60304,4.469988394362254,REVIEW_REQUIRED,False,0,STELLAR,null,0,null,9,https://heasarc.gsfc.nasa.gov/FTP/nustar/data/obs/09/8/80902318003/
80902318004,Cyg X-1,BH,2023-06-14T00:26:12.480,9325.7839,Cygnus_X1,CATALOG_POSITIVE_EXPOSURE,CATALOG_POSITIVE_EXPOSURE,PUBLIC_ARCHIVED,NOT_DOWNLOADED,NOT_ATTEMPTED,,cyg_x_1,9325.7839,9754.1451,60304,2.667879220173346,VERIFIED_NAME_POSITION,True,0,(2/3) ToO / idiagnostics,null,5543,null,9,https://heasarc.gsfc.nasa.gov/FTP/nustar/data/obs/09/8/80902318004/
80902318005,Cyg X-1,BH,2023-06-20T18:41:11.040,0.0,Cygnus_X1,NO_POSITIVE_EXPOSURE,NO_POSITIVE_EXPOSURE,PUBLIC_ARCHIVED,NOT_DOWNLOADED,NOT_ATTEMPTED,POSITION_REVIEW_REQUIRED;NOT_SCIENCE_OBSERVATION;NONPOSITIVE_MODULE_EXPOSURE,cyg_x_1,0.0,0.0,60304,,REVIEW_REQUIRED,False,0,STELLAR,null,0,null,9,https://heasarc.gsfc.nasa.gov/FTP/nustar/data/obs/09/8/80902318005/
80902318006,Cyg X-1,BH,2023-06-20T19:36:11.520,10154.4243,Cygnus_X1,CATALOG_POSITIVE_EXPOSURE,CATALOG_POSITIVE_EXPOSURE,PUBLIC_ARCHIVED,NOT_DOWNLOADED,NOT_ATTEMPTED,,cyg_x_1,10154.4243,10753.9759,60304,2.570440509753633,VERIFIED_NAME_POSITION,True,1,(3/3) ToO / data gaps 3498s,null,3498,null,9,https://heasarc.gsfc.nasa.gov/FTP/nustar/data/obs/09/8/80902318006/
90101019001,Cyg X-1,BH,2016-01-05T21:31:06.240,0.0,Cyg_X1,NO_POSITIVE_EXPOSURE,NO_POSITIVE_EXPOSURE,PUBLIC_ARCHIVED,NOT_DOWNLOADED,NOT_ATTEMPTED,POSITION_REVIEW_REQUIRED;NOT_SCIENCE_OBSERVATION;NONPOSITIVE_MODULE_EXPOSURE,cyg_x_1,0.0,0.0,57760,,REVIEW_REQUIRED,False,0,STELLAR,null,0,null,1,https://heasarc.gsfc.nasa.gov/FTP/nustar/data/obs/01/9/90101019001/
90101019002,Cyg X-1,BH,2016-01-05T21:56:09.600,21333.7721,Cyg_X1,CATALOG_POSITIVE_EXPOSURE,CATALOG_POSITIVE_EXPOSURE,PUBLIC_ARCHIVED,NOT_DOWNLOADED,NOT_ATTEMPTED,,cyg_x_1,21333.7721,21441.3494,57760,1.623777233412252,VERIFIED_NAME_POSITION,True,1,ToO,Solar CME,0,null,1,https://heasarc.gsfc.nasa.gov/FTP/nustar/data/obs/01/9/90101019002/
90101020001,Cyg X-1,BH,2016-02-11T10:11:08.160,0.0,Cyg_X1,NO_POSITIVE_EXPOSURE,NO_POSITIVE_EXPOSURE,PUBLIC_ARCHIVED,NOT_DOWNLOADED,NOT_ATTEMPTED,POSITION_REVIEW_REQUIRED;NOT_SCIENCE_OBSERVATION;NONPOSITIVE_MODULE_EXPOSURE,cyg_x_1,0.0,0.0,57621,,REVIEW_REQUIRED,False,0,STELLAR,null,0,null,1,https://heasarc.gsfc.nasa.gov/FTP/nustar/data/obs/01/9/90101020001/
90101020002,Cyg X-1,BH,2016-02-11T10:51:10.080,13472.3822,Cyg_X1,CATALOG_POSITIVE_EXPOSURE,CATALOG_POSITIVE_EXPOSURE,PUBLIC_ARCHIVED,NOT_DOWNLOADED,NOT_ATTEMPTED,,cyg_x_1,13472.3822,13800.5115,57621,2.065990113791925,VERIFIED_NAME_POSITION,True,0,ToO,null,0,null,1,https://heasarc.gsfc.nasa.gov/FTP/nustar/data/obs/01/9/90101020002/
90802013001,Cyg X-1,BH,2022-06-20T11:06:08.640,0.0,Cyg_X1,NO_POSITIVE_EXPOSURE,NO_POSITIVE_EXPOSURE,PUBLIC_ARCHIVED,NOT_DOWNLOADED,NOT_ATTEMPTED,POSITION_REVIEW_REQUIRED;NOT_SCIENCE_OBSERVATION;NONPOSITIVE_MODULE_EXPOSURE,cyg_x_1,0.0,0.0,59771,,REVIEW_REQUIRED,False,0,STELLAR,null,0,null,8,https://heasarc.gsfc.nasa.gov/FTP/nustar/data/obs/08/9/90802013001/
90802013002,Cyg X-1,BH,2022-06-20T12:01:09.120,13178.308,Cyg_X1,CATALOG_POSITIVE_EXPOSURE,CATALOG_POSITIVE_EXPOSURE,PUBLIC_ARCHIVED,NOT_DOWNLOADED,NOT_ATTEMPTED,,cyg_x_1,13178.308,13624.5997,59771,2.1414821889067186,VERIFIED_NAME_POSITION,True,0,(1/2) idiagnostics,null,0,null,8,https://heasarc.gsfc.nasa.gov/FTP/nustar/data/obs/08/9/90802013002/
90802013003,Cyg X-1,BH,2022-06-21T10:16:10.560,0.0,Cyg_X1,NO_POSITIVE_EXPOSURE,NO_POSITIVE_EXPOSURE,PUBLIC_ARCHIVED,NOT_DOWNLOADED,NOT_ATTEMPTED,POSITION_REVIEW_REQUIRED;NOT_SCIENCE_OBSERVATION;NONPOSITIVE_MODULE_EXPOSURE,cyg_x_1,0.0,0.0,59771,,REVIEW_REQUIRED,False,0,STELLAR,null,0,null,8,https://heasarc.gsfc.nasa.gov/FTP/nustar/data/obs/08/9/90802013003/
90802013004,Cyg X-1,BH,2022-06-21T10:26:06.720,13781.3901,Cyg_X1,CATALOG_POSITIVE_EXPOSURE,CATALOG_POSITIVE_EXPOSURE,PUBLIC_ARCHIVED,NOT_DOWNLOADED,NOT_ATTEMPTED,,cyg_x_1,13781.3901,14216.6966,59771,2.5205312988885855,VERIFIED_NAME_POSITION,True,0,(2/2) idiagnostics,null,0,null,8,https://heasarc.gsfc.nasa.gov/FTP/nustar/data/obs/08/9/90802013004/
90802013005,Cyg X-1,BH,2022-07-14T16:01:12.000,0.0,Cyg_X1,NO_POSITIVE_EXPOSURE,NO_POSITIVE_EXPOSURE,PUBLIC_ARCHIVED,NOT_DOWNLOADED,NOT_ATTEMPTED,POSITION_REVIEW_REQUIRED;NOT_SCIENCE_OBSERVATION;NONPOSITIVE_MODULE_EXPOSURE,cyg_x_1,0.0,0.0,59785,,REVIEW_REQUIRED,False,0,STELLAR,null,0,null,8,https://heasarc.gsfc.nasa.gov/FTP/nustar/data/obs/08/9/90802013005/
90802013006,Cyg X-1,BH,2022-07-14T16:56:12.480,9159.1515,Cyg_X1,CATALOG_POSITIVE_EXPOSURE,CATALOG_POSITIVE_EXPOSURE,PUBLIC_ARCHIVED,NOT_DOWNLOADED,NOT_ATTEMPTED,POSITION_REVIEW_REQUIRED,cyg_x_1,9159.1515,9702.7075,59785,3.1932759927301397,REVIEW_REQUIRED,False,1,DDT / idiagnostics / M-class solar flare,Solar flare,0,null,8,https://heasarc.gsfc.nasa.gov/FTP/nustar/data/obs/08/9/90802013006/
91002320001,Cyg X-1,BH,2024-07-10T14:11:11.040,0.0,Cygnus_X1,NO_POSITIVE_EXPOSURE,NO_POSITIVE_EXPOSURE,PUBLIC_ARCHIVED,NOT_DOWNLOADED,NOT_ATTEMPTED,POSITION_REVIEW_REQUIRED;NOT_SCIENCE_OBSERVATION;NONPOSITIVE_MODULE_EXPOSURE,cyg_x_1,0.0,0.0,60513,,REVIEW_REQUIRED,False,0,STELLAR,null,0,null,10,https://heasarc.gsfc.nasa.gov/FTP/nustar/data/obs/10/9/91002320001/
91002320002,Cyg X-1,BH,2024-07-10T14:51:12.960,9418.5737,Cygnus_X1,CATALOG_POSITIVE_EXPOSURE,CATALOG_POSITIVE_EXPOSURE,PUBLIC_ARCHIVED,NOT_DOWNLOADED,NOT_ATTEMPTED,POSITION_REVIEW_REQUIRED,cyg_x_1,9418.5737,9685.4705,60513,3.0594657763946485,REVIEW_REQUIRED,False,1,(1/2) DDT,null,9875,null,10,https://heasarc.gsfc.nasa.gov/FTP/nustar/data/obs/10/9/91002320002/
91002320003,Cyg X-1,BH,2024-07-12T14:21:07.200,0.0,Cygnus_X1,NO_POSITIVE_EXPOSURE,NO_POSITIVE_EXPOSURE,PUBLIC_ARCHIVED,NOT_DOWNLOADED,NOT_ATTEMPTED,POSITION_REVIEW_REQUIRED;NOT_SCIENCE_OBSERVATION;NONPOSITIVE_MODULE_EXPOSURE,cyg_x_1,0.0,0.0,60513,,REVIEW_REQUIRED,False,0,STELLAR,null,0,null,10,https://heasarc.gsfc.nasa.gov/FTP/nustar/data/obs/10/9/91002320003/
91002320004,Cyg X-1,BH,2024-07-12T14:56:06.720,13718.307,Cygnus_X1,CATALOG_POSITIVE_EXPOSURE,CATALOG_POSITIVE_EXPOSURE,PUBLIC_ARCHIVED,NOT_DOWNLOADED,NOT_ATTEMPTED,POSITION_REVIEW_REQUIRED,cyg_x_1,13718.307,14101.4353,60513,3.140261196469006,REVIEW_REQUIRED,False,0,(2/2) DDT,null,0,null,10,https://heasarc.gsfc.nasa.gov/FTP/nustar/data/obs/10/9/91002320004/
91201326001,Cyg X-1,BH,2026-06-06T07:41:05.280,0.0,Cyg_X1,NO_POSITIVE_EXPOSURE,NO_POSITIVE_EXPOSURE,PUBLIC_ARCHIVED,NOT_DOWNLOADED,NOT_ATTEMPTED,POSITION_REVIEW_REQUIRED;NOT_SCIENCE_OBSERVATION;NONPOSITIVE_MODULE_EXPOSURE,cyg_x_1,0.0,0.0,61203,,REVIEW_REQUIRED,False,null,DDT,null,0,null,12,https://heasarc.gsfc.nasa.gov/FTP/nustar/data/obs/12/9/91201326001/
91201326002,Cyg X-1,BH,2026-06-06T08:01:06.240,18419.2349,Cyg_X1,CATALOG_POSITIVE_EXPOSURE,CATALOG_POSITIVE_EXPOSURE,PUBLIC_ARCHIVED,NOT_DOWNLOADED,NOT_ATTEMPTED,,cyg_x_1,18419.2349,18749.0234,61203,2.0148904581568563,VERIFIED_NAME_POSITION,True,1,DDT / Solar CME / Data gaps,Solar CME,12,null,12,https://heasarc.gsfc.nasa.gov/FTP/nustar/data/obs/12/9/91201326002/
11001313001,Cyg X-2,NS,2024-04-20T10:36:11.520,0.0,Cyg_X2,NO_POSITIVE_EXPOSURE,NO_POSITIVE_EXPOSURE,PUBLIC_ARCHIVED,NOT_DOWNLOADED,NOT_ATTEMPTED,POSITION_REVIEW_REQUIRED;NOT_SCIENCE_OBSERVATION;NONPOSITIVE_MODULE_EXPOSURE,cyg_x_2,0.0,0.0,60429,,REVIEW_REQUIRED,False,0,STELLAR,null,0,null,10,https://heasarc.gsfc.nasa.gov/FTP/nustar/data/obs/10/1/11001313001/
11001313002,Cyg X-2,NS,2024-04-20T10:51:10.080,13235.6855,Cyg_X2,CATALOG_POSITIVE_EXPOSURE,CATALOG_POSITIVE_EXPOSURE,PUBLIC_ARCHIVED,NOT_DOWNLOADED,NOT_ATTEMPTED,POSITION_REVIEW_REQUIRED,cyg_x_2,13235.6855,13518.4941,60429,3.0824639025943195,REVIEW_REQUIRED,False,1,Calibration / data gaps 20s,null,20,null,10,https://heasarc.gsfc.nasa.gov/FTP/nustar/data/obs/10/1/11001313002/
11001313003,Cyg X-2,NS,2025-05-29T11:51:12.960,0.0,Cyg_X2,NO_POSITIVE_EXPOSURE,NO_POSITIVE_EXPOSURE,PUBLIC_ARCHIVED,NOT_DOWNLOADED,NOT_ATTEMPTED,POSITION_REVIEW_REQUIRED;NOT_SCIENCE_OBSERVATION;NONPOSITIVE_MODULE_EXPOSURE,cyg_x_2,0.0,0.0,60832,,REVIEW_REQUIRED,False,null,STELLAR,null,0,null,10,https://heasarc.gsfc.nasa.gov/FTP/nustar/data/obs/10/1/11001313003/
11001313004,Cyg X-2,NS,2025-05-29T12:21:10.080,14648.9391,Cyg_X2,CATALOG_POSITIVE_EXPOSURE,CATALOG_POSITIVE_EXPOSURE,PUBLIC_ARCHIVED,NOT_DOWNLOADED,NOT_ATTEMPTED,,cyg_x_2,14648.9391,14903.4444,60832,1.6341611543891503,VERIFIED_NAME_POSITION,True,1,Calibration / Solar CME,Solar CME,0,null,10,https://heasarc.gsfc.nasa.gov/FTP/nustar/data/obs/10/1/11001313004/
11001313005,Cyg X-2,NS,2025-07-06T08:11:11.040,0.0,Cyg_X2,NO_POSITIVE_EXPOSURE,NO_POSITIVE_EXPOSURE,PUBLIC_ARCHIVED,NOT_DOWNLOADED,NOT_ATTEMPTED,POSITION_REVIEW_REQUIRED;NOT_SCIENCE_OBSERVATION;NONPOSITIVE_MODULE_EXPOSURE,cyg_x_2,0.0,0.0,60867,,REVIEW_REQUIRED,False,null,STELLAR,null,0,null,10,https://heasarc.gsfc.nasa.gov/FTP/nustar/data/obs/10/1/11001313005/
11001313006,Cyg X-2,NS,2025-07-06T08:46:10.560,12400.708,Cyg_X2,CATALOG_POSITIVE_EXPOSURE,CATALOG_POSITIVE_EXPOSURE,PUBLIC_ARCHIVED,NOT_DOWNLOADED,NOT_ATTEMPTED,,cyg_x_2,12400.708,12712.3928,60867,2.1173291310664135,VERIFIED_NAME_POSITION,True,1,Calibration / Data gaps,null,2397,null,10,https://heasarc.gsfc.nasa.gov/FTP/nustar/data/obs/10/1/11001313006/
11001313007,Cyg X-2,NS,2025-12-13T14:51:12.960,3.4146,Cyg_X2,CATALOG_POSITIVE_EXPOSURE,CATALOG_POSITIVE_EXPOSURE,PUBLIC_ARCHIVED,NOT_DOWNLOADED,NOT_ATTEMPTED,POSITION_REVIEW_REQUIRED,cyg_x_2,3.4146,3.4354,61028,3.85116414966622,REVIEW_REQUIRED,False,null,STELLAR,null,0,null,10,https://heasarc.gsfc.nasa.gov/FTP/nustar/data/obs/10/1/11001313007/
11001313008,Cyg X-2,NS,2025-12-13T15:51:07.200,12405.681,Cyg_X2,CATALOG_POSITIVE_EXPOSURE,CATALOG_POSITIVE_EXPOSURE,PUBLIC_ARCHIVED,NOT_DOWNLOADED,NOT_ATTEMPTED,,cyg_x_2,12405.681,12566.3849,61028,2.5279588518730645,VERIFIED_NAME_POSITION,True,null,Calibration (1/4),null,0,null,10,https://heasarc.gsfc.nasa.gov/FTP/nustar/data/obs/10/1/11001313008/
11001313009,Cyg X-2,NS,2025-12-22T17:41:08.160,0.0,Cyg_X2,NO_POSITIVE_EXPOSURE,NO_POSITIVE_EXPOSURE,PUBLIC_ARCHIVED,NOT_DOWNLOADED,NOT_ATTEMPTED,POSITION_REVIEW_REQUIRED;NOT_SCIENCE_OBSERVATION;NONPOSITIVE_MODULE_EXPOSURE,cyg_x_2,0.0,0.0,61043,,REVIEW_REQUIRED,False,null,STELLAR,null,0,null,10,https://heasarc.gsfc.nasa.gov/FTP/nustar/data/obs/10/1/11001313009/
11001313010,Cyg X-2,NS,2025-12-22T18:01:09.120,10594.0551,Cyg_X2,CATALOG_POSITIVE_EXPOSURE,CATALOG_POSITIVE_EXPOSURE,PUBLIC_ARCHIVED,NOT_DOWNLOADED,NOT_ATTEMPTED,POSITION_REVIEW_REQUIRED,cyg_x_2,10594.0551,10833.0023,61043,3.3510171099679575,REVIEW_REQUIRED,False,1,Calibration (2/4) / Data gaps,null,7888,null,10,https://heasarc.gsfc.nasa.gov/FTP/nustar/data/obs/10/1/11001313010/
11001313011,Cyg X-2,NS,2026-01-02T22:21:12.960,0.0,Cyg_X2,NO_POSITIVE_EXPOSURE,NO_POSITIVE_EXPOSURE,PUBLIC_ARCHIVED,NOT_DOWNLOADED,NOT_ATTEMPTED,POSITION_REVIEW_REQUIRED;NOT_SCIENCE_OBSERVATION;NONPOSITIVE_MODULE_EXPOSURE,cyg_x_2,0.0,0.0,61050,,REVIEW_REQUIRED,False,null,STELLAR,null,0,null,10,https://heasarc.gsfc.nasa.gov/FTP/nustar/data/obs/10/1/11001313011/
11001313012,Cyg X-2,NS,2026-01-02T23:06:08.640,14737.2466,Cyg_X2,CATALOG_POSITIVE_EXPOSURE,CATALOG_POSITIVE_EXPOSURE,PUBLIC_ARCHIVED,NOT_DOWNLOADED,NOT_ATTEMPTED,POSITION_REVIEW_REQUIRED,cyg_x_2,14737.2466,15114.673,61050,3.355720340819041,REVIEW_REQUIRED,False,1,Calibration (3/4) / Data gaps,null,1,null,10,https://heasarc.gsfc.nasa.gov/FTP/nustar/data/obs/10/1/11001313012/
11001313013,Cyg X-2,NS,2026-01-15T19:11:08.160,238.8002,Cyg_X2,CATALOG_POSITIVE_EXPOSURE,CATALOG_POSITIVE_EXPOSURE,PUBLIC_ARCHIVED,NOT_DOWNLOADED,NOT_ATTEMPTED,,cyg_x_2,238.8002,243.043,61063,1.8726249407751725,VERIFIED_NAME_POSITION,True,null,STELLAR,null,0,null,10,https://heasarc.gsfc.nasa.gov/FTP/nustar/data/obs/10/1/11001313013/
11001313014,Cyg X-2,NS,2026-01-15T19:56:12.480,12985.3333,Cyg_X2,CATALOG_POSITIVE_EXPOSURE,CATALOG_POSITIVE_EXPOSURE,PUBLIC_ARCHIVED,NOT_DOWNLOADED,NOT_ATTEMPTED,,cyg_x_2,12985.3333,13257.2389,61063,2.493202728561312,VERIFIED_NAME_POSITION,True,1,Calibration (4/4) / Data gaps,null,1,null,10,https://heasarc.gsfc.nasa.gov/FTP/nustar/data/obs/10/1/11001313014/
11001313015,Cyg X-2,NS,2026-01-28T14:21:07.200,268.4824,Cyg_X2,CATALOG_POSITIVE_EXPOSURE,CATALOG_POSITIVE_EXPOSURE,PUBLIC_ARCHIVED,NOT_DOWNLOADED,NOT_ATTEMPTED,POSITION_REVIEW_REQUIRED,cyg_x_2,268.4824,277.0341,61077,3.800222892008478,REVIEW_REQUIRED,False,null,STELLAR,null,0,null,10,https://heasarc.gsfc.nasa.gov/FTP/nustar/data/obs/10/1/11001313015/
11001313016,Cyg X-2,NS,2026-01-28T15:16:07.680,7720.4254,Cyg_X2,CATALOG_POSITIVE_EXPOSURE,CATALOG_POSITIVE_EXPOSURE,PUBLIC_ARCHIVED,NOT_DOWNLOADED,NOT_ATTEMPTED,POSITION_REVIEW_REQUIRED,cyg_x_2,7720.4254,7944.0909,61077,3.6731140426005386,REVIEW_REQUIRED,False,1,Calibration (5/4) / Data gaps,null,5298,null,10,https://heasarc.gsfc.nasa.gov/FTP/nustar/data/obs/10/1/11001313016/
30001141001,Cyg X-2,NS,2015-01-07T02:31:03.360,0.0,Cyg_X2,NO_POSITIVE_EXPOSURE,NO_POSITIVE_EXPOSURE,PUBLIC_ARCHIVED,NOT_DOWNLOADED,NOT_ATTEMPTED,POSITION_REVIEW_REQUIRED;NOT_SCIENCE_OBSERVATION;NONPOSITIVE_MODULE_EXPOSURE,cyg_x_2,0.0,0.0,57447,,REVIEW_REQUIRED,False,0,STELLAR,null,0,null,0,https://heasarc.gsfc.nasa.gov/FTP/nustar/data/obs/00/3/30001141001/
30001141002,Cyg X-2,NS,2015-01-07T03:16:07.680,23736.9722,Cyg_X2,CATALOG_POSITIVE_EXPOSURE,CATALOG_POSITIVE_EXPOSURE,PUBLIC_ARCHIVED,NOT_DOWNLOADED,NOT_ATTEMPTED,,cyg_x_2,23736.9722,24568.1905,57447,1.7486265035993989,VERIFIED_NAME_POSITION,True,1,null,Solar CME,3633,null,0,https://heasarc.gsfc.nasa.gov/FTP/nustar/data/obs/00/3/30001141002/
30801012001,Cyg X-2,NS,2022-05-01T14:11:11.040,0.0,Cyg_X2,NO_POSITIVE_EXPOSURE,NO_POSITIVE_EXPOSURE,PUBLIC_ARCHIVED,NOT_DOWNLOADED,NOT_ATTEMPTED,POSITION_REVIEW_REQUIRED;NOT_SCIENCE_OBSERVATION;NONPOSITIVE_MODULE_EXPOSURE,cyg_x_2,0.0,0.0,59892,,REVIEW_REQUIRED,False,0,STELLAR,null,0,null,8,https://heasarc.gsfc.nasa.gov/FTP/nustar/data/obs/08/3/30801012001/
30801012002,Cyg X-2,NS,2022-05-01T14:46:10.560,15191.5293,Cyg_X2,CATALOG_POSITIVE_EXPOSURE,CATALOG_POSITIVE_EXPOSURE,PUBLIC_ARCHIVED,NOT_DOWNLOADED,NOT_ATTEMPTED,POSITION_REVIEW_REQUIRED,cyg_x_2,15191.5293,15481.6573,59892,3.3010381125440116,REVIEW_REQUIRED,False,0,idiagnostics,null,0,null,8,https://heasarc.gsfc.nasa.gov/FTP/nustar/data/obs/08/3/30801012002/
80511301001,Cyg X-2,NS,2019-09-10T12:55:52.320,0.0,Cyg_X2,NO_POSITIVE_EXPOSURE,NO_POSITIVE_EXPOSURE,PUBLIC_ARCHIVED,NOT_DOWNLOADED,NOT_ATTEMPTED,POSITION_REVIEW_REQUIRED;NOT_SCIENCE_OBSERVATION;NONPOSITIVE_MODULE_EXPOSURE,cyg_x_2,0.0,0.0,58749,47.53786113716531,REVIEW_REQUIRED,False,1,STELLAR,null,16908,null,5,https://heasarc.gsfc.nasa.gov/FTP/nustar/data/obs/05/8/80511301001/
80511301002,Cyg X-2,NS,2019-09-10T13:06:05.760,11324.6881,Cyg_X2,CATALOG_POSITIVE_EXPOSURE,CATALOG_POSITIVE_EXPOSURE,PUBLIC_ARCHIVED,NOT_DOWNLOADED,NOT_ATTEMPTED,,cyg_x_2,11324.6881,11775.1475,58749,2.7524731109497336,VERIFIED_NAME_POSITION,True,1,(1/2),null,1790,null,5,https://heasarc.gsfc.nasa.gov/FTP/nustar/data/obs/05/8/80511301002/
80511301003,Cyg X-2,NS,2019-09-12T01:46:07.680,0.0,Cyg_X2,NO_POSITIVE_EXPOSURE,NO_POSITIVE_EXPOSURE,PUBLIC_ARCHIVED,NOT_DOWNLOADED,NOT_ATTEMPTED,POSITION_REVIEW_REQUIRED;NOT_SCIENCE_OBSERVATION;NONPOSITIVE_MODULE_EXPOSURE,cyg_x_2,0.0,0.0,58749,,REVIEW_REQUIRED,False,0,STELLAR,null,0,null,5,https://heasarc.gsfc.nasa.gov/FTP/nustar/data/obs/05/8/80511301003/
80511301004,Cyg X-2,NS,2019-09-12T02:06:08.640,12700.1988,Cyg_X2,CATALOG_POSITIVE_EXPOSURE,CATALOG_POSITIVE_EXPOSURE,PUBLIC_ARCHIVED,NOT_DOWNLOADED,NOT_ATTEMPTED,,cyg_x_2,12700.1988,13139.1096,58749,2.6671533673808274,VERIFIED_NAME_POSITION,True,0,(2/2),null,0,null,5,https://heasarc.gsfc.nasa.gov/FTP/nustar/data/obs/05/8/80511301004/
81101345002,EP J171159.4-333253,UNRESOLVED,2025-06-27T20:31:12.000,46415.6081,EP250623a,CATALOG_POSITIVE_EXPOSURE,CATALOG_POSITIVE_EXPOSURE,PUBLIC_ARCHIVED,NOT_DOWNLOADED,NOT_ATTEMPTED,NAME_REVIEW_REQUIRED;POSITION_REVIEW_REQUIRED;LABEL_UNRESOLVED,ep_j171159_4_333253,46699.0952,46415.6081,61044,3.267130169495992,REVIEW_REQUIRED,False,1,ToO / Stray light,null,0,null,11,https://heasarc.gsfc.nasa.gov/FTP/nustar/data/obs/11/8/81101345002/
30801026001,EXO 0748-676,NS,2022-07-20T08:01:06.240,0.0,EXO_0748m676,NO_POSITIVE_EXPOSURE,NO_POSITIVE_EXPOSURE,PUBLIC_ARCHIVED,NOT_DOWNLOADED,NOT_ATTEMPTED,NOT_SCIENCE_OBSERVATION;NONPOSITIVE_MODULE_EXPOSURE,exo_0748_676,0.0,0.0,59976,2.5502034500117867,VERIFIED_NAME_POSITION,False,0,STELLAR,null,0,null,8,https://heasarc.gsfc.nasa.gov/FTP/nustar/data/obs/08/3/30801026001/
30801026002,EXO 0748-676,NS,2022-07-20T08:36:05.760,54491.3555,EXO_0748m676,CATALOG_POSITIVE_EXPOSURE,CATALOG_POSITIVE_EXPOSURE,PUBLIC_ARCHIVED,NOT_DOWNLOADED,NOT_ATTEMPTED,,exo_0748_676,55072.5543,54491.3555,59976,2.3722559683579023,VERIFIED_NAME_POSITION,True,0,null,null,0,null,8,https://heasarc.gsfc.nasa.gov/FTP/nustar/data/obs/08/3/30801026002/
81201366,EXO 0748-676,NS,,-20000.0,EXO_0748m676,NO_POSITIVE_EXPOSURE,NO_POSITIVE_EXPOSURE,accepted,NOT_DOWNLOADED,NOT_ATTEMPTED,NOT_PUBLIC_ARCHIVED;NOT_SCIENCE_OBSERVATION;NONPOSITIVE_MODULE_EXPOSURE,exo_0748_676,-20000.0,-20000.0,null,0.003760423044376332,VERIFIED_NAME_POSITION,False,0,null,null,0,0,12,https://heasarc.gsfc.nasa.gov/FTP/nustar/data/obs/12/8/81201366/
91001324001,EXO 0748-676,NS,2024-06-17T00:51:07.200,543.9476,EXO_0748m676,CATALOG_POSITIVE_EXPOSURE,CATALOG_POSITIVE_EXPOSURE,PUBLIC_ARCHIVED,NOT_DOWNLOADED,NOT_ATTEMPTED,,exo_0748_676,548.431,543.9476,60485,1.4930524312854876,VERIFIED_NAME_POSITION,True,0,STELLAR,null,0,null,10,https://heasarc.gsfc.nasa.gov/FTP/nustar/data/obs/10/9/91001324001/
91001324002,EXO 0748-676,NS,2024-06-17T01:31:09.120,62074.1452,EXO_0748m676,CATALOG_POSITIVE_EXPOSURE,CATALOG_POSITIVE_EXPOSURE,PUBLIC_ARCHIVED,NOT_DOWNLOADED,NOT_ATTEMPTED,,exo_0748_676,62647.5856,62074.1452,60485,2.235830861490587,VERIFIED_NAME_POSITION,True,0,DDT / arrives unocculted,null,0,null,10,https://heasarc.gsfc.nasa.gov/FTP/nustar/data/obs/10/9/91001324002/
41001001002,EXO 1745-248,NS,2025-03-10T04:11:08.160,146641.3028,Terzan_5,CATALOG_POSITIVE_EXPOSURE,CATALOG_POSITIVE_EXPOSURE,PUBLIC_ARCHIVED,NOT_DOWNLOADED,NOT_ATTEMPTED,NAME_REVIEW_REQUIRED;POSITION_REVIEW_REQUIRED;CLUSTER_ATTRIBUTION_REVIEW,exo_1745_248,150187.1737,146641.3028,60939,3.267395075828009,REVIEW_REQUIRED,False,1,Stray light,null,0,null,10,https://heasarc.gsfc.nasa.gov/FTP/nustar/data/obs/10/4/41001001002/
80601304002,EXO 1745-248,NS,2023-03-04T11:26:09.600,27451.1596,Terzan_5,CATALOG_POSITIVE_EXPOSURE,CATALOG_POSITIVE_EXPOSURE,PUBLIC_ARCHIVED,NOT_DOWNLOADED,NOT_ATTEMPTED,NAME_REVIEW_REQUIRED;POSITION_REVIEW_REQUIRED;CLUSTER_ATTRIBUTION_REVIEW,exo_1745_248,27451.1596,27970.5175,60425,3.6201591127019186,REVIEW_REQUIRED,False,1,ToO / idiagnostics / SL-AB (GX 3+1) / M-class solar flare / 43456s data gaps,Solar flare,43456,null,6,https://heasarc.gsfc.nasa.gov/FTP/nustar/data/obs/06/8/80601304002/
81202323,GRO J1655-40,BH,,-90000.0,GRO_J1655m40,NO_POSITIVE_EXPOSURE,NO_POSITIVE_EXPOSURE,accepted,NOT_DOWNLOADED,NOT_ATTEMPTED,NOT_PUBLIC_ARCHIVED;NOT_SCIENCE_OBSERVATION;NONPOSITIVE_MODULE_EXPOSURE,gro_j1655_40,-90000.0,-90000.0,null,0.0015410029345265315,VERIFIED_NAME_POSITION,False,0,null,null,0,0,12,https://heasarc.gsfc.nasa.gov/FTP/nustar/data/obs/12/8/81202323/
30001002002,GRS 1741.9-2853,NS,2012-08-04T01:06:05.760,11985.8666,SgrAstar,CATALOG_POSITIVE_EXPOSURE,CATALOG_POSITIVE_EXPOSURE,PUBLIC_ARCHIVED,NOT_DOWNLOADED,NOT_ATTEMPTED,NAME_REVIEW_REQUIRED;POSITION_REVIEW_REQUIRED,grs_1741_9_2853,12086.3827,11985.8666,57112,8.962490797375017,REVIEW_REQUIRED,False,1,OA on DET3,null,0,null,0,https://heasarc.gsfc.nasa.gov/FTP/nustar/data/obs/00/3/30001002002/
30001002003,GRS 1741.9-2853,NS,2012-08-04T07:56:03.840,76848.208,SgrAstar,CATALOG_POSITIVE_EXPOSURE,CATALOG_POSITIVE_EXPOSURE,PUBLIC_ARCHIVED,NOT_DOWNLOADED,NOT_ATTEMPTED,NAME_REVIEW_REQUIRED;POSITION_REVIEW_REQUIRED,grs_1741_9_2853,77960.65,76848.208,57112,8.24811309680202,REVIEW_REQUIRED,False,1,OA on DET3,Solar flare,0,null,0,https://heasarc.gsfc.nasa.gov/FTP/nustar/data/obs/00/3/30001002003/
40010001002,GRS 1741.9-2853,NS,2012-10-13T06:41:11.040,23752.6579,Gal_Cen_MOS001,CATALOG_POSITIVE_EXPOSURE,CATALOG_POSITIVE_EXPOSURE,PUBLIC_ARCHIVED,NOT_DOWNLOADED,NOT_ATTEMPTED,NAME_REVIEW_REQUIRED;POSITION_REVIEW_REQUIRED,grs_1741_9_2853,24052.2413,23752.6579,57112,6.191827942710434,REVIEW_REQUIRED,False,0,null,null,0,null,0,https://heasarc.gsfc.nasa.gov/FTP/nustar/data/obs/00/4/40010001002/
40010003001,GRS 1741.9-2853,NS,2012-10-14T09:56:09.600,23844.4624,Gal_Cen_MOS003,CATALOG_POSITIVE_EXPOSURE,CATALOG_POSITIVE_EXPOSURE,PUBLIC_ARCHIVED,NOT_DOWNLOADED,NOT_ATTEMPTED,NAME_REVIEW_REQUIRED;POSITION_REVIEW_REQUIRED,grs_1741_9_2853,24195.4646,23844.4624,57112,7.875085299059867,REVIEW_REQUIRED,False,0,null,null,0,null,0,https://heasarc.gsfc.nasa.gov/FTP/nustar/data/obs/00/4/40010003001/
40031001002,GRS 1741.9-2853,NS,2013-07-31T14:51:04.320,40967.2951,GalSurvey_A_MOS001,CATALOG_POSITIVE_EXPOSURE,CATALOG_POSITIVE_EXPOSURE,PUBLIC_ARCHIVED,NOT_DOWNLOADED,NOT_ATTEMPTED,NAME_REVIEW_REQUIRED;POSITION_REVIEW_REQUIRED,grs_1741_9_2853,41299.5501,40967.2951,57112,3.60101836677618,REVIEW_REQUIRED,False,1,null,null,0,252,0,https://heasarc.gsfc.nasa.gov/FTP/nustar/data/obs/00/4/40031001002/
40031003002,GRS 1741.9-2853,NS,2013-08-03T07:31:09.120,37161.851,GalSurvey_A_MOS003,CATALOG_POSITIVE_EXPOSURE,CATALOG_POSITIVE_EXPOSURE,PUBLIC_ARCHIVED,NOT_DOWNLOADED,NOT_ATTEMPTED,NAME_REVIEW_REQUIRED;POSITION_REVIEW_REQUIRED,grs_1741_9_2853,37482.7527,37161.851,57112,6.7854561855474005,REVIEW_REQUIRED,False,1,null,null,0,3606,0,https://heasarc.gsfc.nasa.gov/FTP/nustar/data/obs/00/4/40031003002/
40032019002,GRS 1741.9-2853,NS,2014-09-29T08:21:07.200,42945.2037,GalSurvey_B_MOS019,CATALOG_POSITIVE_EXPOSURE,CATALOG_POSITIVE_EXPOSURE,PUBLIC_ARCHIVED,NOT_DOWNLOADED,NOT_ATTEMPTED,NAME_REVIEW_REQUIRED;POSITION_REVIEW_REQUIRED,grs_1741_9_2853,43089.973,42945.2037,57282,8.364256846823409,REVIEW_REQUIRED,False,0,null,null,0,null,0,https://heasarc.gsfc.nasa.gov/FTP/nustar/data/obs/00/4/40032019002/
40032020002,GRS 1741.9-2853,NS,2014-10-19T17:21:07.200,38917.1688,GalSurvey_B_MOS020,CATALOG_POSITIVE_EXPOSURE,CATALOG_POSITIVE_EXPOSURE,PUBLIC_ARCHIVED,NOT_DOWNLOADED,NOT_ATTEMPTED,NAME_REVIEW_REQUIRED;POSITION_REVIEW_REQUIRED,grs_1741_9_2853,39100.5419,38917.1688,57282,7.917825456570321,REVIEW_REQUIRED,False,0,null,null,0,null,0,https://heasarc.gsfc.nasa.gov/FTP/nustar/data/obs/00/4/40032020002/
40112001002,GRS 1741.9-2853,NS,2017-04-01T00:31:06.240,103300.4709,GCR_Block_A1,CATALOG_POSITIVE_EXPOSURE,CATALOG_POSITIVE_EXPOSURE,PUBLIC_ARCHIVED,NOT_DOWNLOADED,NOT_ATTEMPTED,NAME_REVIEW_REQUIRED;POSITION_REVIEW_REQUIRED,grs_1741_9_2853,103300.4709,103432.1081,57857,8.037249215496137,REVIEW_REQUIRED,False,1,Galactic Legacy Survey / Solar flares M4.4 091:2135 M5.3 092:0750 M2.3 092:1252 M2.1 092:1818 M5.7 092:2026 M1.2 093:00,Solar flare,0,null,1,https://heasarc.gsfc.nasa.gov/FTP/nustar/data/obs/01/4/40112001002/
40112002002,GRS 1741.9-2853,NS,2017-04-03T18:31:06.240,101216.783,GCR_Block_A2,CATALOG_POSITIVE_EXPOSURE,CATALOG_POSITIVE_EXPOSURE,PUBLIC_ARCHIVED,NOT_DOWNLOADED,NOT_ATTEMPTED,NAME_REVIEW_REQUIRED;POSITION_REVIEW_REQUIRED,grs_1741_9_2853,101216.783,101327.6777,57857,8.151667130197993,REVIEW_REQUIRED,False,1,GLS / Kp=5,Solar CME,0,null,1,https://heasarc.gsfc.nasa.gov/FTP/nustar/data/obs/01/4/40112002002/
90601317001,GRS 1741.9-2853,NS,2020-05-07T06:31:06.240,0.0,GRS_1741d9m2853,NO_POSITIVE_EXPOSURE,NO_POSITIVE_EXPOSURE,PUBLIC_ARCHIVED,NOT_DOWNLOADED,NOT_ATTEMPTED,POSITION_REVIEW_REQUIRED;NOT_SCIENCE_OBSERVATION;NONPOSITIVE_MODULE_EXPOSURE,grs_1741_9_2853,0.0,0.0,58987,,REVIEW_REQUIRED,False,0,STELLAR,null,0,null,6,https://heasarc.gsfc.nasa.gov/FTP/nustar/data/obs/06/9/90601317001/
90601317002,GRS 1741.9-2853,NS,2020-05-07T07:06:05.760,28407.5669,GRS_1741d9m2853,CATALOG_POSITIVE_EXPOSURE,CATALOG_POSITIVE_EXPOSURE,PUBLIC_ARCHIVED,NOT_DOWNLOADED,NOT_ATTEMPTED,,grs_1741_9_2853,28407.5669,28463.2723,58987,2.698844582053178,VERIFIED_NAME_POSITION,True,0,ToO / idiagnostics,null,0,null,6,https://heasarc.gsfc.nasa.gov/FTP/nustar/data/obs/06/9/90601317002/
10002004001,GRS 1915+105,BH,2012-07-03T00:51:07.200,14842.7787,GRS1915p105,CATALOG_POSITIVE_EXPOSURE,CATALOG_POSITIVE_EXPOSURE,PUBLIC_ARCHIVED,NOT_DOWNLOADED,NOT_ATTEMPTED,,grs_1915_105,14842.7787,15309.3173,56533,2.5861169506906307,VERIFIED_NAME_POSITION,True,1,STELLAR / Observatory thermal characterization,null,1996,null,0,https://heasarc.gsfc.nasa.gov/FTP/nustar/data/obs/00/1/10002004001/
10102003001,GRS 1915+105,BH,2015-11-14T12:36:17.280,0.0,GRS_1915p105,NO_POSITIVE_EXPOSURE,NO_POSITIVE_EXPOSURE,PUBLIC_ARCHIVED,NOT_DOWNLOADED,NOT_ATTEMPTED,POSITION_REVIEW_REQUIRED;NOT_SCIENCE_OBSERVATION;NONPOSITIVE_MODULE_EXPOSURE,grs_1915_105,0.0,0.0,57346,48.113255744040465,REVIEW_REQUIRED,False,1,STELLAR / Data gap due to overwrite of on-board data storage (all),null,1520,null,1,https://heasarc.gsfc.nasa.gov/FTP/nustar/data/obs/01/1/10102003001/
10102003002,GRS 1915+105,BH,2015-11-14T12:46:04.800,3601.3125,GRS_1915p105,CATALOG_POSITIVE_EXPOSURE,CATALOG_POSITIVE_EXPOSURE,PUBLIC_ARCHIVED,NOT_DOWNLOADED,NOT_ATTEMPTED,,grs_1915_105,3601.3125,3734.3764,57346,1.116895967274074,VERIFIED_NAME_POSITION,True,1,Data gap due to overwrite of on-board data storage,null,2024,null,1,https://heasarc.gsfc.nasa.gov/FTP/nustar/data/obs/01/1/10102003002/
30102037001,GRS 1915+105,BH,2016-04-25T14:41:08.160,0.0,GRS_1915p105,NO_POSITIVE_EXPOSURE,NO_POSITIVE_EXPOSURE,PUBLIC_ARCHIVED,NOT_DOWNLOADED,NOT_ATTEMPTED,POSITION_REVIEW_REQUIRED;NOT_SCIENCE_OBSERVATION;NONPOSITIVE_MODULE_EXPOSURE,grs_1915_105,0.0,0.0,57886,,REVIEW_REQUIRED,False,0,STELLAR,null,0,null,1,https://heasarc.gsfc.nasa.gov/FTP/nustar/data/obs/01/3/30102037001/
30102037002,GRS 1915+105,BH,2016-04-25T15:16:07.680,6493.6573,GRS_1915p105,CATALOG_POSITIVE_EXPOSURE,CATALOG_POSITIVE_EXPOSURE,PUBLIC_ARCHIVED,NOT_DOWNLOADED,NOT_ATTEMPTED,,grs_1915_105,6493.6573,6830.2761,57886,1.873952276799082,VERIFIED_NAME_POSITION,True,1,(1/2) / data gap 5567s,null,5567,null,1,https://heasarc.gsfc.nasa.gov/FTP/nustar/data/obs/01/3/30102037002/
30102037003,GRS 1915+105,BH,2016-05-01T21:01:09.120,0.0,GRS_1915p105,NO_POSITIVE_EXPOSURE,NO_POSITIVE_EXPOSURE,PUBLIC_ARCHIVED,NOT_DOWNLOADED,NOT_ATTEMPTED,POSITION_REVIEW_REQUIRED;NOT_SCIENCE_OBSERVATION;NONPOSITIVE_MODULE_EXPOSURE,grs_1915_105,0.0,0.0,57886,,REVIEW_REQUIRED,False,0,STELLAR,null,0,null,1,https://heasarc.gsfc.nasa.gov/FTP/nustar/data/obs/01/3/30102037003/
30102037004,GRS 1915+105,BH,2016-05-01T21:21:10.080,7509.4934,GRS_1915p105,CATALOG_POSITIVE_EXPOSURE,CATALOG_POSITIVE_EXPOSURE,PUBLIC_ARCHIVED,NOT_DOWNLOADED,NOT_ATTEMPTED,,grs_1915_105,7509.4934,7898.9301,57886,1.5670731489091345,VERIFIED_NAME_POSITION,True,1,(2/2) / data gap 1892s,Solar CME,1892,null,1,https://heasarc.gsfc.nasa.gov/FTP/nustar/data/obs/01/3/30102037004/
30202033001,GRS 1915+105,BH,2016-06-14T01:11:08.160,0.0,GRS_1915p105,NO_POSITIVE_EXPOSURE,NO_POSITIVE_EXPOSURE,PUBLIC_ARCHIVED,NOT_DOWNLOADED,NOT_ATTEMPTED,POSITION_REVIEW_REQUIRED;NOT_SCIENCE_OBSERVATION;NONPOSITIVE_MODULE_EXPOSURE,grs_1915_105,0.0,0.0,57960,,REVIEW_REQUIRED,False,0,STELLAR,null,0,null,2,https://heasarc.gsfc.nasa.gov/FTP/nustar/data/obs/02/3/30202033001/
30202033002,GRS 1915+105,BH,2016-06-14T01:31:09.120,6358.5114,GRS_1915p105,CATALOG_POSITIVE_EXPOSURE,CATALOG_POSITIVE_EXPOSURE,PUBLIC_ARCHIVED,NOT_DOWNLOADED,NOT_ATTEMPTED,,grs_1915_105,6358.5114,6763.9501,57960,2.075701625950518,VERIFIED_NAME_POSITION,True,0,(1/2),null,0,null,2,https://heasarc.gsfc.nasa.gov/FTP/nustar/data/obs/02/3/30202033002/
30202033003,GRS 1915+105,BH,2016-07-19T13:46:07.680,0.0,GRS_1915p105,NO_POSITIVE_EXPOSURE,NO_POSITIVE_EXPOSURE,PUBLIC_ARCHIVED,NOT_DOWNLOADED,NOT_ATTEMPTED,POSITION_REVIEW_REQUIRED;NOT_SCIENCE_OBSERVATION;NONPOSITIVE_MODULE_EXPOSURE,grs_1915_105,0.0,0.0,57960,,REVIEW_REQUIRED,False,0,STELLAR,null,0,null,2,https://heasarc.gsfc.nasa.gov/FTP/nustar/data/obs/02/3/30202033003/
30202033004,GRS 1915+105,BH,2016-07-19T14:01:06.240,13260.8766,GRS_1915p105,CATALOG_POSITIVE_EXPOSURE,CATALOG_POSITIVE_EXPOSURE,PUBLIC_ARCHIVED,NOT_DOWNLOADED,NOT_ATTEMPTED,,grs_1915_105,13260.8766,13699.5885,57960,2.3041082653722467,VERIFIED_NAME_POSITION,True,1,(2/2),Solar CME,0,null,2,https://heasarc.gsfc.nasa.gov/FTP/nustar/data/obs/02/3/30202033004/
30302018001,GRS 1915+105,BH,2017-06-24T15:46:13.440,0.0,GRS_1915p105,NO_POSITIVE_EXPOSURE,NO_POSITIVE_EXPOSURE,PUBLIC_ARCHIVED,NOT_DOWNLOADED,NOT_ATTEMPTED,POSITION_REVIEW_REQUIRED;NOT_SCIENCE_OBSERVATION;NONPOSITIVE_MODULE_EXPOSURE,grs_1915_105,0.0,0.0,58366,,REVIEW_REQUIRED,False,0,STELLAR,null,0,null,3,https://heasarc.gsfc.nasa.gov/FTP/nustar/data/obs/03/3/30302018001/
30302018002,GRS 1915+105,BH,2017-06-24T16:11:08.160,17869.6634,GRS_1915p105,CATALOG_POSITIVE_EXPOSURE,CATALOG_POSITIVE_EXPOSURE,PUBLIC_ARCHIVED,NOT_DOWNLOADED,NOT_ATTEMPTED,,grs_1915_105,17869.6634,18396.1882,58366,2.817265657455663,VERIFIED_NAME_POSITION,True,0,(1/2),null,0,null,3,https://heasarc.gsfc.nasa.gov/FTP/nustar/data/obs/03/3/30302018002/
30302018003,GRS 1915+105,BH,2017-08-09T07:16:10.560,0.0,GRS_1915p105,NO_POSITIVE_EXPOSURE,NO_POSITIVE_EXPOSURE,PUBLIC_ARCHIVED,NOT_DOWNLOADED,NOT_ATTEMPTED,POSITION_REVIEW_REQUIRED;NOT_SCIENCE_OBSERVATION;NONPOSITIVE_MODULE_EXPOSURE,grs_1915_105,0.0,0.0,58366,,REVIEW_REQUIRED,False,0,STELLAR,null,0,null,3,https://heasarc.gsfc.nasa.gov/FTP/nustar/data/obs/03/3/30302018003/
30302018004,GRS 1915+105,BH,2017-08-09T07:46:07.680,11354.6263,GRS_1915p105,CATALOG_POSITIVE_EXPOSURE,CATALOG_POSITIVE_EXPOSURE,PUBLIC_ARCHIVED,NOT_DOWNLOADED,NOT_ATTEMPTED,,grs_1915_105,11354.6263,11765.1773,58366,2.3997863274105233,VERIFIED_NAME_POSITION,True,1,(2/2),null,2264,null,3,https://heasarc.gsfc.nasa.gov/FTP/nustar/data/obs/03/3/30302018004/
30302020001,GRS 1915+105,BH,2017-09-22T19:11:08.160,0.0,GRS_1915p105,NO_POSITIVE_EXPOSURE,NO_POSITIVE_EXPOSURE,PUBLIC_ARCHIVED,NOT_DOWNLOADED,NOT_ATTEMPTED,POSITION_REVIEW_REQUIRED;NOT_SCIENCE_OBSERVATION;NONPOSITIVE_MODULE_EXPOSURE,grs_1915_105,0.0,0.0,58600,,REVIEW_REQUIRED,False,0,STELLAR,null,0,null,3,https://heasarc.gsfc.nasa.gov/FTP/nustar/data/obs/03/3/30302020001/
30302020002,GRS 1915+105,BH,2017-09-22T19:51:10.080,7074.8772,GRS_1915p105,CATALOG_POSITIVE_EXPOSURE,CATALOG_POSITIVE_EXPOSURE,PUBLIC_ARCHIVED,NOT_DOWNLOADED,NOT_ATTEMPTED,,grs_1915_105,7074.8772,7473.4181,58600,2.3474202259553163,VERIFIED_NAME_POSITION,True,0,(1/4),null,0,null,3,https://heasarc.gsfc.nasa.gov/FTP/nustar/data/obs/03/3/30302020002/
30302020003,GRS 1915+105,BH,2017-10-12T21:01:09.120,0.0,GRS_1915p105,NO_POSITIVE_EXPOSURE,NO_POSITIVE_EXPOSURE,PUBLIC_ARCHIVED,NOT_DOWNLOADED,NOT_ATTEMPTED,POSITION_REVIEW_REQUIRED;NOT_SCIENCE_OBSERVATION;NONPOSITIVE_MODULE_EXPOSURE,grs_1915_105,0.0,0.0,58600,,REVIEW_REQUIRED,False,0,STELLAR,null,0,null,3,https://heasarc.gsfc.nasa.gov/FTP/nustar/data/obs/03/3/30302020003/
30302020004,GRS 1915+105,BH,2017-10-12T21:21:10.080,5361.7634,GRS_1915p105,CATALOG_POSITIVE_EXPOSURE,CATALOG_POSITIVE_EXPOSURE,PUBLIC_ARCHIVED,NOT_DOWNLOADED,NOT_ATTEMPTED,,grs_1915_105,5361.7634,5647.7822,58600,2.1464227435551084,VERIFIED_NAME_POSITION,True,1,(2/4) / Kp=5,Solar CME,1205,null,3,https://heasarc.gsfc.nasa.gov/FTP/nustar/data/obs/03/3/30302020004/
30302020005,GRS 1915+105,BH,2018-04-09T22:46:07.680,0.0,GRS_1915p105,NO_POSITIVE_EXPOSURE,NO_POSITIVE_EXPOSURE,PUBLIC_ARCHIVED,NOT_DOWNLOADED,NOT_ATTEMPTED,POSITION_REVIEW_REQUIRED;NOT_SCIENCE_OBSERVATION;NONPOSITIVE_MODULE_EXPOSURE,grs_1915_105,0.0,0.0,58600,,REVIEW_REQUIRED,False,0,STELLAR,null,0,null,3,https://heasarc.gsfc.nasa.gov/FTP/nustar/data/obs/03/3/30302020005/
30302020006,GRS 1915+105,BH,2018-04-09T23:06:08.640,11766.8355,GRS_1915p105,CATALOG_POSITIVE_EXPOSURE,CATALOG_POSITIVE_EXPOSURE,PUBLIC_ARCHIVED,NOT_DOWNLOADED,NOT_ATTEMPTED,,grs_1915_105,11766.8355,12096.3483,58600,1.6320284240044802,VERIFIED_NAME_POSITION,True,0,(3/4),null,0,null,3,https://heasarc.gsfc.nasa.gov/FTP/nustar/data/obs/03/3/30302020006/
30302020007,GRS 1915+105,BH,2018-04-19T03:31:06.240,0.0,GRS_1915p105,NO_POSITIVE_EXPOSURE,NO_POSITIVE_EXPOSURE,PUBLIC_ARCHIVED,NOT_DOWNLOADED,NOT_ATTEMPTED,POSITION_REVIEW_REQUIRED;NOT_SCIENCE_OBSERVATION;NONPOSITIVE_MODULE_EXPOSURE,grs_1915_105,0.0,0.0,58600,,REVIEW_REQUIRED,False,0,STELLAR,null,0,null,3,https://heasarc.gsfc.nasa.gov/FTP/nustar/data/obs/03/3/30302020007/
30302020008,GRS 1915+105,BH,2018-04-19T03:56:09.600,12919.2304,GRS_1915p105,CATALOG_POSITIVE_EXPOSURE,CATALOG_POSITIVE_EXPOSURE,PUBLIC_ARCHIVED,NOT_DOWNLOADED,NOT_ATTEMPTED,,grs_1915_105,12919.2304,13251.7598,58600,1.3635759117689679,VERIFIED_NAME_POSITION,True,0,(4/4),null,0,null,3,https://heasarc.gsfc.nasa.gov/FTP/nustar/data/obs/03/3/30302020008/
30502008001,GRS 1915+105,BH,2019-05-19T11:41:08.160,0.0,GRS_1915p105,NO_POSITIVE_EXPOSURE,NO_POSITIVE_EXPOSURE,PUBLIC_ARCHIVED,NOT_DOWNLOADED,NOT_ATTEMPTED,POSITION_REVIEW_REQUIRED;NOT_SCIENCE_OBSERVATION;NONPOSITIVE_MODULE_EXPOSURE,grs_1915_105,0.0,0.0,58636,,REVIEW_REQUIRED,False,0,STELLAR,null,0,null,5,https://heasarc.gsfc.nasa.gov/FTP/nustar/data/obs/05/3/30502008001/
30502008002,GRS 1915+105,BH,2019-05-19T12:36:08.640,25634.0046,GRS_1915p105,CATALOG_POSITIVE_EXPOSURE,CATALOG_POSITIVE_EXPOSURE,PUBLIC_ARCHIVED,NOT_DOWNLOADED,NOT_ATTEMPTED,,grs_1915_105,25743.0725,25634.0046,58636,2.3095592261139792,VERIFIED_NAME_POSITION,True,0,(1/3),null,0,null,5,https://heasarc.gsfc.nasa.gov/FTP/nustar/data/obs/05/3/30502008002/
30502008003,GRS 1915+105,BH,2019-07-31T20:36:05.760,0.0,GRS_1915p105,NO_POSITIVE_EXPOSURE,NO_POSITIVE_EXPOSURE,PUBLIC_ARCHIVED,NOT_DOWNLOADED,NOT_ATTEMPTED,POSITION_REVIEW_REQUIRED;NOT_SCIENCE_OBSERVATION;NONPOSITIVE_MODULE_EXPOSURE,grs_1915_105,0.0,0.0,58704,,REVIEW_REQUIRED,False,0,STELLAR,null,0,null,5,https://heasarc.gsfc.nasa.gov/FTP/nustar/data/obs/05/3/30502008003/
30502008004,GRS 1915+105,BH,2019-07-31T20:56:06.720,23198.0597,GRS_1915p105,CATALOG_POSITIVE_EXPOSURE,CATALOG_POSITIVE_EXPOSURE,PUBLIC_ARCHIVED,NOT_DOWNLOADED,NOT_ATTEMPTED,,grs_1915_105,23242.5828,23198.0597,58704,2.3231905030738025,VERIFIED_NAME_POSITION,True,0,(2/3),null,0,null,5,https://heasarc.gsfc.nasa.gov/FTP/nustar/data/obs/05/3/30502008004/
30502008005,GRS 1915+105,BH,2019-09-13T14:06:08.640,0.0,GRS_1915p105,NO_POSITIVE_EXPOSURE,NO_POSITIVE_EXPOSURE,PUBLIC_ARCHIVED,NOT_DOWNLOADED,NOT_ATTEMPTED,POSITION_REVIEW_REQUIRED;NOT_SCIENCE_OBSERVATION;NONPOSITIVE_MODULE_EXPOSURE,grs_1915_105,0.0,0.0,58759,,REVIEW_REQUIRED,False,0,STELLAR,null,0,null,5,https://heasarc.gsfc.nasa.gov/FTP/nustar/data/obs/05/3/30502008005/
30502008006,GRS 1915+105,BH,2019-09-13T15:06:11.520,23636.3781,GRS_1915p105,CATALOG_POSITIVE_EXPOSURE,CATALOG_POSITIVE_EXPOSURE,PUBLIC_ARCHIVED,NOT_DOWNLOADED,NOT_ATTEMPTED,,grs_1915_105,23723.3617,23636.3781,58759,1.8196107891683067,VERIFIED_NAME_POSITION,True,0,(3/3),null,0,null,5,https://heasarc.gsfc.nasa.gov/FTP/nustar/data/obs/05/3/30502008006/
30602008001,GRS 1915+105,BH,2020-04-14T22:11:08.160,0.0,GRS_1915p105,NO_POSITIVE_EXPOSURE,NO_POSITIVE_EXPOSURE,PUBLIC_ARCHIVED,NOT_DOWNLOADED,NOT_ATTEMPTED,POSITION_REVIEW_REQUIRED;NOT_SCIENCE_OBSERVATION;NONPOSITIVE_MODULE_EXPOSURE,grs_1915_105,0.0,0.0,59211,,REVIEW_REQUIRED,False,0,STELLAR,null,0,null,6,https://heasarc.gsfc.nasa.gov/FTP/nustar/data/obs/06/3/30602008001/
30602008002,GRS 1915+105,BH,2020-04-14T22:56:12.480,27388.7138,GRS_1915p105,CATALOG_POSITIVE_EXPOSURE,CATALOG_POSITIVE_EXPOSURE,PUBLIC_ARCHIVED,NOT_DOWNLOADED,NOT_ATTEMPTED,,grs_1915_105,27586.674,27388.7138,59211,2.116399379947528,VERIFIED_NAME_POSITION,True,0,(1/3),null,0,null,6,https://heasarc.gsfc.nasa.gov/FTP/nustar/data/obs/06/3/30602008002/
30602008003,GRS 1915+105,BH,2020-10-21T13:21:12.960,0.0,GRS_1915p105,NO_POSITIVE_EXPOSURE,NO_POSITIVE_EXPOSURE,PUBLIC_ARCHIVED,NOT_DOWNLOADED,NOT_ATTEMPTED,POSITION_REVIEW_REQUIRED;NOT_SCIENCE_OBSERVATION;NONPOSITIVE_MODULE_EXPOSURE,grs_1915_105,0.0,0.0,59211,,REVIEW_REQUIRED,False,0,STELLAR,null,0,null,6,https://heasarc.gsfc.nasa.gov/FTP/nustar/data/obs/06/3/30602008003/
30602008004,GRS 1915+105,BH,2020-10-21T14:01:06.240,24397.1878,GRS_1915p105,CATALOG_POSITIVE_EXPOSURE,CATALOG_POSITIVE_EXPOSURE,PUBLIC_ARCHIVED,NOT_DOWNLOADED,NOT_ATTEMPTED,,grs_1915_105,24605.0747,24397.1878,59211,1.6324204069321497,VERIFIED_NAME_POSITION,True,0,(2/3),null,0,null,6,https://heasarc.gsfc.nasa.gov/FTP/nustar/data/obs/06/3/30602008004/
30602008005,GRS 1915+105,BH,2020-11-29T16:16:10.560,0.0,GRS_1915p105,NO_POSITIVE_EXPOSURE,NO_POSITIVE_EXPOSURE,PUBLIC_ARCHIVED,NOT_DOWNLOADED,NOT_ATTEMPTED,POSITION_REVIEW_REQUIRED;NOT_SCIENCE_OBSERVATION;NONPOSITIVE_MODULE_EXPOSURE,grs_1915_105,0.0,0.0,59211,,REVIEW_REQUIRED,False,0,STELLAR,null,0,null,6,https://heasarc.gsfc.nasa.gov/FTP/nustar/data/obs/06/3/30602008005/
30602008006,GRS 1915+105,BH,2020-11-29T16:46:07.680,27344.3345,GRS_1915p105,CATALOG_POSITIVE_EXPOSURE,CATALOG_POSITIVE_EXPOSURE,PUBLIC_ARCHIVED,NOT_DOWNLOADED,NOT_ATTEMPTED,POSITION_REVIEW_REQUIRED,grs_1915_105,27545.4389,27344.3345,59211,3.436843578285936,REVIEW_REQUIRED,False,0,(3/3),null,0,null,6,https://heasarc.gsfc.nasa.gov/FTP/nustar/data/obs/06/3/30602008006/
30802017001,GRS 1915+105,BH,2022-11-26T07:01:12.000,0.0,GRS_1915p105,NO_POSITIVE_EXPOSURE,NO_POSITIVE_EXPOSURE,PUBLIC_ARCHIVED,NOT_DOWNLOADED,NOT_ATTEMPTED,POSITION_REVIEW_REQUIRED;NOT_SCIENCE_OBSERVATION;NONPOSITIVE_MODULE_EXPOSURE,grs_1915_105,0.0,0.0,60270,,REVIEW_REQUIRED,False,0,STELLAR,null,0,null,8,https://heasarc.gsfc.nasa.gov/FTP/nustar/data/obs/08/3/30802017001/
30802017002,GRS 1915+105,BH,2022-11-26T07:36:11.520,18945.4459,GRS_1915p105,CATALOG_POSITIVE_EXPOSURE,CATALOG_POSITIVE_EXPOSURE,PUBLIC_ARCHIVED,NOT_DOWNLOADED,NOT_ATTEMPTED,POSITION_REVIEW_REQUIRED,grs_1915_105,19130.8933,18945.4459,60270,5.127972665947503,REVIEW_REQUIRED,False,0,(1/3),null,0,null,8,https://heasarc.gsfc.nasa.gov/FTP/nustar/data/obs/08/3/30802017002/
30802017003,GRS 1915+105,BH,2023-03-03T10:56:12.480,0.0,GRS_1915p105,NO_POSITIVE_EXPOSURE,NO_POSITIVE_EXPOSURE,PUBLIC_ARCHIVED,NOT_DOWNLOADED,NOT_ATTEMPTED,POSITION_REVIEW_REQUIRED;NOT_SCIENCE_OBSERVATION;NONPOSITIVE_MODULE_EXPOSURE,grs_1915_105,0.0,0.0,60270,,REVIEW_REQUIRED,False,0,STELLAR,null,0,null,8,https://heasarc.gsfc.nasa.gov/FTP/nustar/data/obs/08/3/30802017003/
30802017004,GRS 1915+105,BH,2023-03-03T11:21:07.200,18676.3102,GRS_1915p105,CATALOG_POSITIVE_EXPOSURE,CATALOG_POSITIVE_EXPOSURE,PUBLIC_ARCHIVED,NOT_DOWNLOADED,NOT_ATTEMPTED,,grs_1915_105,18869.2835,18676.3102,60270,2.8601883688548804,VERIFIED_NAME_POSITION,True,1,(2/3) / SL-A2 (4U 1907+09) / M-class solar flare,Solar flare,0,null,8,https://heasarc.gsfc.nasa.gov/FTP/nustar/data/obs/08/3/30802017004/
30802017005,GRS 1915+105,BH,2023-05-15T19:31:09.120,489.9128,GRS_1915p105,CATALOG_POSITIVE_EXPOSURE,CATALOG_POSITIVE_EXPOSURE,PUBLIC_ARCHIVED,NOT_DOWNLOADED,NOT_ATTEMPTED,POSITION_REVIEW_REQUIRED,grs_1915_105,495.1198,489.9128,60270,3.6033618456265453,REVIEW_REQUIRED,False,0,STELLAR,null,0,null,8,https://heasarc.gsfc.nasa.gov/FTP/nustar/data/obs/08/3/30802017005/
30802017006,GRS 1915+105,BH,2023-05-15T19:46:07.680,20375.0063,GRS_1915p105,CATALOG_POSITIVE_EXPOSURE,CATALOG_POSITIVE_EXPOSURE,PUBLIC_ARCHIVED,NOT_DOWNLOADED,NOT_ATTEMPTED,POSITION_REVIEW_REQUIRED,grs_1915_105,20537.6095,20375.0063,60270,3.036800232046676,REVIEW_REQUIRED,False,0,(3/3) idiagnostics / SL-A (4U 1907+09),null,0,null,8,https://heasarc.gsfc.nasa.gov/FTP/nustar/data/obs/08/3/30802017006/
31101004001,GRS 1915+105,BH,2025-05-13T00:11:05.280,449.2354,GRS_1915p105,CATALOG_POSITIVE_EXPOSURE,CATALOG_POSITIVE_EXPOSURE,PUBLIC_ARCHIVED,NOT_DOWNLOADED,NOT_ATTEMPTED,POSITION_REVIEW_REQUIRED,grs_1915_105,454.9759,449.2354,60994,3.618471143560881,REVIEW_REQUIRED,False,null,STELLAR,null,0,null,11,https://heasarc.gsfc.nasa.gov/FTP/nustar/data/obs/11/3/31101004001/
31101004002,GRS 1915+105,BH,2025-05-13T01:11:08.160,33525.6189,GRS_1915p105,CATALOG_POSITIVE_EXPOSURE,CATALOG_POSITIVE_EXPOSURE,PUBLIC_ARCHIVED,NOT_DOWNLOADED,NOT_ATTEMPTED,,grs_1915_105,33885.313,33525.6189,60994,2.9348412881078807,VERIFIED_NAME_POSITION,True,null,null,null,0,null,11,https://heasarc.gsfc.nasa.gov/FTP/nustar/data/obs/11/3/31101004002/
80401312001,GRS 1915+105,BH,2018-06-08T11:11:11.040,0.0,GRS_1915p105,NO_POSITIVE_EXPOSURE,NO_POSITIVE_EXPOSURE,PUBLIC_ARCHIVED,NOT_DOWNLOADED,NOT_ATTEMPTED,POSITION_REVIEW_REQUIRED;NOT_SCIENCE_OBSERVATION;NONPOSITIVE_MODULE_EXPOSURE,grs_1915_105,0.0,0.0,58477,,REVIEW_REQUIRED,False,0,STELLAR,null,0,null,4,https://heasarc.gsfc.nasa.gov/FTP/nustar/data/obs/04/8/80401312001/
80401312002,GRS 1915+105,BH,2018-06-08T12:01:09.120,26166.4891,GRS_1915p105,CATALOG_POSITIVE_EXPOSURE,CATALOG_POSITIVE_EXPOSURE,PUBLIC_ARCHIVED,NOT_DOWNLOADED,NOT_ATTEMPTED,,grs_1915_105,26166.4891,26511.8207,58477,2.2131363252484495,VERIFIED_NAME_POSITION,True,0,ToO,null,0,null,4,https://heasarc.gsfc.nasa.gov/FTP/nustar/data/obs/04/8/80401312002/
80801342001,GRS 1915+105,BH,2023-06-05T20:41:08.160,0.0,GRS_1915p105,NO_POSITIVE_EXPOSURE,NO_POSITIVE_EXPOSURE,PUBLIC_ARCHIVED,NOT_DOWNLOADED,NOT_ATTEMPTED,POSITION_REVIEW_REQUIRED;NOT_SCIENCE_OBSERVATION;NONPOSITIVE_MODULE_EXPOSURE,grs_1915_105,0.0,0.0,60290,,REVIEW_REQUIRED,False,0,STELLAR,null,0,null,8,https://heasarc.gsfc.nasa.gov/FTP/nustar/data/obs/08/8/80801342001/
80801342002,GRS 1915+105,BH,2023-06-05T21:16:07.680,21826.6952,GRS_1915p105,CATALOG_POSITIVE_EXPOSURE,CATALOG_POSITIVE_EXPOSURE,PUBLIC_ARCHIVED,NOT_DOWNLOADED,NOT_ATTEMPTED,POSITION_REVIEW_REQUIRED,grs_1915_105,21981.8218,21826.6952,60290,3.1214836727993553,REVIEW_REQUIRED,False,0,ToO / idiagnostics,null,0,null,8,https://heasarc.gsfc.nasa.gov/FTP/nustar/data/obs/08/8/80801342002/
81201362,GRS 1915+105,BH,,0.0,GRS_1915p105,NO_POSITIVE_EXPOSURE,NO_POSITIVE_EXPOSURE,accepted,NOT_DOWNLOADED,NOT_ATTEMPTED,NOT_PUBLIC_ARCHIVED;NOT_SCIENCE_OBSERVATION;NONPOSITIVE_MODULE_EXPOSURE,grs_1915_105,0.0,0.0,null,0.00328099687530307,VERIFIED_NAME_POSITION,False,0,null,null,0,0,12,https://heasarc.gsfc.nasa.gov/FTP/nustar/data/obs/12/8/81201362/
81202311,GRS 1915+105,BH,,-60000.0,GRS_1915p105,NO_POSITIVE_EXPOSURE,NO_POSITIVE_EXPOSURE,accepted,NOT_DOWNLOADED,NOT_ATTEMPTED,NOT_PUBLIC_ARCHIVED;NOT_SCIENCE_OBSERVATION;NONPOSITIVE_MODULE_EXPOSURE,grs_1915_105,-60000.0,-60000.0,null,0.00328099687530307,VERIFIED_NAME_POSITION,False,0,null,null,0,0,12,https://heasarc.gsfc.nasa.gov/FTP/nustar/data/obs/12/8/81202311/
81202349,GRS 1915+105,BH,,-40000.0,GRS_1915p105,NO_POSITIVE_EXPOSURE,NO_POSITIVE_EXPOSURE,accepted,NOT_DOWNLOADED,NOT_ATTEMPTED,NOT_PUBLIC_ARCHIVED;NOT_SCIENCE_OBSERVATION;NONPOSITIVE_MODULE_EXPOSURE,grs_1915_105,-40000.0,-40000.0,null,0.00328099687530307,VERIFIED_NAME_POSITION,False,0,null,null,0,0,12,https://heasarc.gsfc.nasa.gov/FTP/nustar/data/obs/12/8/81202349/
90001001001,GRS 1915+105,BH,2015-02-23T09:51:07.200,0.0,GRS1915p105,NO_POSITIVE_EXPOSURE,NO_POSITIVE_EXPOSURE,PUBLIC_ARCHIVED,NOT_DOWNLOADED,NOT_ATTEMPTED,POSITION_REVIEW_REQUIRED;NOT_SCIENCE_OBSERVATION;NONPOSITIVE_MODULE_EXPOSURE,grs_1915_105,0.0,0.0,57270,,REVIEW_REQUIRED,False,0,STELLAR,null,0,null,0,https://heasarc.gsfc.nasa.gov/FTP/nustar/data/obs/00/9/90001001001/
90001001002,GRS 1915+105,BH,2015-02-23T10:41:05.280,19296.485,GRS1915p105,CATALOG_POSITIVE_EXPOSURE,CATALOG_POSITIVE_EXPOSURE,PUBLIC_ARCHIVED,NOT_DOWNLOADED,NOT_ATTEMPTED,,grs_1915_105,19296.485,19977.1847,57270,2.597886864253792,VERIFIED_NAME_POSITION,True,1,ToO,Solar CME,8,null,0,https://heasarc.gsfc.nasa.gov/FTP/nustar/data/obs/00/9/90001001002/
90201053001,GRS 1915+105,BH,2017-03-28T15:21:10.080,0.0,GRS_1915p105,NO_POSITIVE_EXPOSURE,NO_POSITIVE_EXPOSURE,PUBLIC_ARCHIVED,NOT_DOWNLOADED,NOT_ATTEMPTED,POSITION_REVIEW_REQUIRED;NOT_SCIENCE_OBSERVATION;NONPOSITIVE_MODULE_EXPOSURE,grs_1915_105,0.0,0.0,57857,,REVIEW_REQUIRED,False,0,STELLAR,null,0,null,2,https://heasarc.gsfc.nasa.gov/FTP/nustar/data/obs/02/9/90201053001/
90201053002,GRS 1915+105,BH,2017-03-28T16:06:05.760,13097.4004,GRS_1915p105,CATALOG_POSITIVE_EXPOSURE,CATALOG_POSITIVE_EXPOSURE,PUBLIC_ARCHIVED,NOT_DOWNLOADED,NOT_ATTEMPTED,,grs_1915_105,13097.4004,13292.4638,57857,2.025342552415555,VERIFIED_NAME_POSITION,True,0,ToO,null,0,null,2,https://heasarc.gsfc.nasa.gov/FTP/nustar/data/obs/02/9/90201053002/
90202045001,GRS 1915+105,BH,2017-02-22T03:36:08.640,0.0,GRS_1915p105,NO_POSITIVE_EXPOSURE,NO_POSITIVE_EXPOSURE,PUBLIC_ARCHIVED,NOT_DOWNLOADED,NOT_ATTEMPTED,POSITION_REVIEW_REQUIRED;NOT_SCIENCE_OBSERVATION;NONPOSITIVE_MODULE_EXPOSURE,grs_1915_105,0.0,0.0,57818,,REVIEW_REQUIRED,False,0,STELLAR,null,0,null,2,https://heasarc.gsfc.nasa.gov/FTP/nustar/data/obs/02/9/90202045001/
90202045002,GRS 1915+105,BH,2017-02-22T03:56:09.600,13902.5431,GRS_1915p105,CATALOG_POSITIVE_EXPOSURE,CATALOG_POSITIVE_EXPOSURE,PUBLIC_ARCHIVED,NOT_DOWNLOADED,NOT_ATTEMPTED,,grs_1915_105,13902.5431,14205.9028,57818,2.656648849377115,VERIFIED_NAME_POSITION,True,0,(1/2) DDT,null,0,null,2,https://heasarc.gsfc.nasa.gov/FTP/nustar/data/obs/02/9/90202045002/
90202045003,GRS 1915+105,BH,2017-03-26T18:36:08.640,0.0,GRS_1915p105,NO_POSITIVE_EXPOSURE,NO_POSITIVE_EXPOSURE,PUBLIC_ARCHIVED,NOT_DOWNLOADED,NOT_ATTEMPTED,POSITION_REVIEW_REQUIRED;NOT_SCIENCE_OBSERVATION;NONPOSITIVE_MODULE_EXPOSURE,grs_1915_105,0.0,0.0,57857,,REVIEW_REQUIRED,False,0,STELLAR,null,0,null,2,https://heasarc.gsfc.nasa.gov/FTP/nustar/data/obs/02/9/90202045003/
90202045004,GRS 1915+105,BH,2017-03-26T18:56:09.600,19817.0539,GRS_1915p105,CATALOG_POSITIVE_EXPOSURE,CATALOG_POSITIVE_EXPOSURE,PUBLIC_ARCHIVED,NOT_DOWNLOADED,NOT_ATTEMPTED,,grs_1915_105,19817.0539,20111.0703,57857,2.039387494367012,VERIFIED_NAME_POSITION,True,1,(2/2) DDT / Kp=5,Solar CME,0,null,2,https://heasarc.gsfc.nasa.gov/FTP/nustar/data/obs/02/9/90202045004/
90301001001,GRS 1915+105,BH,2017-05-02T03:51:07.200,0.0,GRS_1915p105,NO_POSITIVE_EXPOSURE,NO_POSITIVE_EXPOSURE,PUBLIC_ARCHIVED,NOT_DOWNLOADED,NOT_ATTEMPTED,POSITION_REVIEW_REQUIRED;NOT_SCIENCE_OBSERVATION;NONPOSITIVE_MODULE_EXPOSURE,grs_1915_105,0.0,0.0,57884,,REVIEW_REQUIRED,False,0,STELLAR,null,0,null,3,https://heasarc.gsfc.nasa.gov/FTP/nustar/data/obs/03/9/90301001001/
90301001002,GRS 1915+105,BH,2017-05-02T04:16:10.560,15087.9776,GRS_1915p105,CATALOG_POSITIVE_EXPOSURE,CATALOG_POSITIVE_EXPOSURE,PUBLIC_ARCHIVED,NOT_DOWNLOADED,NOT_ATTEMPTED,,grs_1915_105,15087.9776,15340.82,57884,2.22608907037334,VERIFIED_NAME_POSITION,True,0,DDT,null,0,null,3,https://heasarc.gsfc.nasa.gov/FTP/nustar/data/obs/03/9/90301001002/
90501321001,GRS 1915+105,BH,2019-05-05T06:11:05.280,0.0,GRS_1915p105,NO_POSITIVE_EXPOSURE,NO_POSITIVE_EXPOSURE,PUBLIC_ARCHIVED,NOT_DOWNLOADED,NOT_ATTEMPTED,POSITION_REVIEW_REQUIRED;NOT_SCIENCE_OBSERVATION;NONPOSITIVE_MODULE_EXPOSURE,grs_1915_105,0.0,0.0,58620,,REVIEW_REQUIRED,False,0,STELLAR,null,0,null,5,https://heasarc.gsfc.nasa.gov/FTP/nustar/data/obs/05/9/90501321001/
90501321002,GRS 1915+105,BH,2019-05-05T07:06:05.760,28668.6492,GRS_1915p105,CATALOG_POSITIVE_EXPOSURE,CATALOG_POSITIVE_EXPOSURE,PUBLIC_ARCHIVED,NOT_DOWNLOADED,NOT_ATTEMPTED,,grs_1915_105,28700.368,28668.6492,58620,2.1426280754581626,VERIFIED_NAME_POSITION,True,1,ToO / data + HK gaps,null,101,null,5,https://heasarc.gsfc.nasa.gov/FTP/nustar/data/obs/05/9/90501321002/
90501346001,GRS 1915+105,BH,2019-10-16T06:31:06.240,0.0,GRS_1915p105,NO_POSITIVE_EXPOSURE,NO_POSITIVE_EXPOSURE,PUBLIC_ARCHIVED,NOT_DOWNLOADED,NOT_ATTEMPTED,POSITION_REVIEW_REQUIRED;NOT_SCIENCE_OBSERVATION;NONPOSITIVE_MODULE_EXPOSURE,grs_1915_105,0.0,0.0,58786,,REVIEW_REQUIRED,False,0,STELLAR,null,0,null,5,https://heasarc.gsfc.nasa.gov/FTP/nustar/data/obs/05/9/90501346001/
90501346002,GRS 1915+105,BH,2019-10-16T07:21:12.960,42406.0964,GRS_1915p105,CATALOG_POSITIVE_EXPOSURE,CATALOG_POSITIVE_EXPOSURE,PUBLIC_ARCHIVED,NOT_DOWNLOADED,NOT_ATTEMPTED,,grs_1915_105,42617.0774,42406.0964,58786,1.7636879445561178,VERIFIED_NAME_POSITION,True,0,ToO,null,0,null,5,https://heasarc.gsfc.nasa.gov/FTP/nustar/data/obs/05/9/90501346002/
90701323001,GRS 1915+105,BH,2021-07-14T06:11:05.280,0.0,GRS_1915p105,NO_POSITIVE_EXPOSURE,NO_POSITIVE_EXPOSURE,PUBLIC_ARCHIVED,NOT_DOWNLOADED,NOT_ATTEMPTED,POSITION_REVIEW_REQUIRED;NOT_SCIENCE_OBSERVATION;NONPOSITIVE_MODULE_EXPOSURE,grs_1915_105,0.0,0.0,59414,,REVIEW_REQUIRED,False,0,STELLAR,null,0,null,7,https://heasarc.gsfc.nasa.gov/FTP/nustar/data/obs/07/9/90701323001/
90701323002,GRS 1915+105,BH,2021-07-14T06:36:08.640,20442.4056,GRS_1915p105,CATALOG_POSITIVE_EXPOSURE,CATALOG_POSITIVE_EXPOSURE,PUBLIC_ARCHIVED,NOT_DOWNLOADED,NOT_ATTEMPTED,,grs_1915_105,20442.4056,20565.2159,59414,2.7351390473587096,VERIFIED_NAME_POSITION,True,0,ToO,null,0,null,7,https://heasarc.gsfc.nasa.gov/FTP/nustar/data/obs/07/9/90701323002/
90701332001,GRS 1915+105,BH,2021-09-30T05:11:11.040,0.0,GRS_1915p105,NO_POSITIVE_EXPOSURE,NO_POSITIVE_EXPOSURE,PUBLIC_ARCHIVED,NOT_DOWNLOADED,NOT_ATTEMPTED,POSITION_REVIEW_REQUIRED;NOT_SCIENCE_OBSERVATION;NONPOSITIVE_MODULE_EXPOSURE,grs_1915_105,0.0,0.0,59498,,REVIEW_REQUIRED,False,0,STELLAR,null,0,null,7,https://heasarc.gsfc.nasa.gov/FTP/nustar/data/obs/07/9/90701332001/
90701332002,GRS 1915+105,BH,2021-09-30T05:36:05.760,39786.6539,GRS_1915p105,CATALOG_POSITIVE_EXPOSURE,CATALOG_POSITIVE_EXPOSURE,PUBLIC_ARCHIVED,NOT_DOWNLOADED,NOT_ATTEMPTED,,grs_1915_105,40050.7645,39786.6539,59498,2.8126317717307856,VERIFIED_NAME_POSITION,True,0,ToO / idiagnostics,null,0,null,7,https://heasarc.gsfc.nasa.gov/FTP/nustar/data/obs/07/9/90701332002/
90701335001,GRS 1915+105,BH,2021-11-15T23:31:12.000,0.0,GRS_1915p105,NO_POSITIVE_EXPOSURE,NO_POSITIVE_EXPOSURE,PUBLIC_ARCHIVED,NOT_DOWNLOADED,NOT_ATTEMPTED,POSITION_REVIEW_REQUIRED;NOT_SCIENCE_OBSERVATION;NONPOSITIVE_MODULE_EXPOSURE,grs_1915_105,0.0,0.0,59540,,REVIEW_REQUIRED,False,0,STELLAR,null,0,null,7,https://heasarc.gsfc.nasa.gov/FTP/nustar/data/obs/07/9/90701335001/
90701335002,GRS 1915+105,BH,2021-11-15T23:46:10.560,28575.065,GRS_1915p105,CATALOG_POSITIVE_EXPOSURE,CATALOG_POSITIVE_EXPOSURE,PUBLIC_ARCHIVED,NOT_DOWNLOADED,NOT_ATTEMPTED,POSITION_REVIEW_REQUIRED,grs_1915_105,28804.0808,28575.065,59540,4.321748250381965,REVIEW_REQUIRED,False,0,ToO / idiagnostics,null,0,null,7,https://heasarc.gsfc.nasa.gov/FTP/nustar/data/obs/07/9/90701335002/
91101345001,GRS 1915+105,BH,2025-11-17T04:06:05.760,0.0,GRS_1915p105,NO_POSITIVE_EXPOSURE,NO_POSITIVE_EXPOSURE,PUBLIC_ARCHIVED,NOT_DOWNLOADED,NOT_ATTEMPTED,POSITION_REVIEW_REQUIRED;NOT_SCIENCE_OBSERVATION;NONPOSITIVE_MODULE_EXPOSURE,grs_1915_105,0.0,0.0,61000,,REVIEW_REQUIRED,False,null,DDT,null,0,null,11,https://heasarc.gsfc.nasa.gov/FTP/nustar/data/obs/11/9/91101345001/
91101345002,GRS 1915+105,BH,2025-11-17T05:06:08.640,32679.2415,GRS_1915p105,CATALOG_POSITIVE_EXPOSURE,CATALOG_POSITIVE_EXPOSURE,PUBLIC_ARCHIVED,NOT_DOWNLOADED,NOT_ATTEMPTED,POSITION_REVIEW_REQUIRED,grs_1915_105,33015.0849,32679.2415,61000,3.4895698128045103,REVIEW_REQUIRED,False,null,DDT,null,0,null,11,https://heasarc.gsfc.nasa.gov/FTP/nustar/data/obs/11/9/91101345002/
81160304001,GS 1354-64,BH,2026-01-27T02:16:13.440,0.0,GS_1354m64,NO_POSITIVE_EXPOSURE,NO_POSITIVE_EXPOSURE,PUBLIC_ARCHIVED,NOT_DOWNLOADED,NOT_ATTEMPTED,POSITION_REVIEW_REQUIRED;NOT_SCIENCE_OBSERVATION;NONPOSITIVE_MODULE_EXPOSURE,gs_1354_64,0.0,0.0,61251,3.152095098617743,REVIEW_REQUIRED,False,null,ToO,null,0,null,11,https://heasarc.gsfc.nasa.gov/FTP/nustar/data/obs/11/8/81160304001/
81160304002,GS 1354-64,BH,2026-01-27T03:01:09.120,15826.3949,GS_1354m64,CATALOG_POSITIVE_EXPOSURE,CATALOG_POSITIVE_EXPOSURE,PUBLIC_ARCHIVED,NOT_DOWNLOADED,NOT_ATTEMPTED,POSITION_REVIEW_REQUIRED,gs_1354_64,15826.3949,15976.9507,61251,3.4763783000404973,REVIEW_REQUIRED,False,1,ToO / Data gaps,null,3,null,11,https://heasarc.gsfc.nasa.gov/FTP/nustar/data/obs/11/8/81160304002/
81202301001,GS 1354-64,BH,2026-02-07T21:06:11.520,0.0,GS_1354m64,NO_POSITIVE_EXPOSURE,NO_POSITIVE_EXPOSURE,processed,NOT_DOWNLOADED,NOT_ATTEMPTED,POSITION_REVIEW_REQUIRED;NOT_PUBLIC_ARCHIVED;NOT_SCIENCE_OBSERVATION;NONPOSITIVE_MODULE_EXPOSURE,gs_1354_64,0.0,0.0,null,,REVIEW_REQUIRED,False,null,ToO,null,0,null,12,https://heasarc.gsfc.nasa.gov/FTP/nustar/data/obs/12/8/81202301001/
81202301002,GS 1354-64,BH,2026-02-07T22:01:12.000,15685.6525,GS_1354m64,CATALOG_POSITIVE_EXPOSURE,CATALOG_POSITIVE_EXPOSURE,processed,NOT_DOWNLOADED,NOT_ATTEMPTED,POSITION_REVIEW_REQUIRED;NOT_PUBLIC_ARCHIVED,gs_1354_64,15685.6525,15887.8392,null,3.1484809160359215,REVIEW_REQUIRED,False,null,ToO (1/4),null,0,null,12,https://heasarc.gsfc.nasa.gov/FTP/nustar/data/obs/12/8/81202301002/
81202301003,GS 1354-64,BH,2026-02-25T01:16:10.560,0.0,GS_1354m64,NO_POSITIVE_EXPOSURE,NO_POSITIVE_EXPOSURE,processed,NOT_DOWNLOADED,NOT_ATTEMPTED,POSITION_REVIEW_REQUIRED;NOT_PUBLIC_ARCHIVED;NOT_SCIENCE_OBSERVATION;NONPOSITIVE_MODULE_EXPOSURE,gs_1354_64,0.0,0.0,null,,REVIEW_REQUIRED,False,null,ToO,null,0,null,12,https://heasarc.gsfc.nasa.gov/FTP/nustar/data/obs/12/8/81202301003/
81202301004,GS 1354-64,BH,2026-02-25T01:46:07.680,19224.2812,GS_1354m64,CATALOG_POSITIVE_EXPOSURE,CATALOG_POSITIVE_EXPOSURE,processed,NOT_DOWNLOADED,NOT_ATTEMPTED,POSITION_REVIEW_REQUIRED;NOT_PUBLIC_ARCHIVED,gs_1354_64,19224.2812,19428.6449,null,3.369871676626979,REVIEW_REQUIRED,False,1,ToO (2/4) / Data gaps,null,1024,null,12,https://heasarc.gsfc.nasa.gov/FTP/nustar/data/obs/12/8/81202301004/
81202301005,GS 1354-64,BH,2026-03-08T18:56:09.600,0.0,GS_1354m64,NO_POSITIVE_EXPOSURE,NO_POSITIVE_EXPOSURE,processed,NOT_DOWNLOADED,NOT_ATTEMPTED,POSITION_REVIEW_REQUIRED;NOT_PUBLIC_ARCHIVED;NOT_SCIENCE_OBSERVATION;NONPOSITIVE_MODULE_EXPOSURE,gs_1354_64,0.0,0.0,null,,REVIEW_REQUIRED,False,null,ToO,null,0,null,12,https://heasarc.gsfc.nasa.gov/FTP/nustar/data/obs/12/8/81202301005/
81202301006,GS 1354-64,BH,2026-03-08T19:16:10.560,22129.8069,GS_1354m64,CATALOG_POSITIVE_EXPOSURE,CATALOG_POSITIVE_EXPOSURE,processed,NOT_DOWNLOADED,NOT_ATTEMPTED,POSITION_REVIEW_REQUIRED;NOT_PUBLIC_ARCHIVED,gs_1354_64,22129.8069,22150.8048,null,3.1726615036902728,REVIEW_REQUIRED,False,null,ToO (3/4),null,0,null,12,https://heasarc.gsfc.nasa.gov/FTP/nustar/data/obs/12/8/81202301006/
81202301007,GS 1354-64,BH,2026-04-03T20:51:12.960,0.0,GS_1354m64,NO_POSITIVE_EXPOSURE,NO_POSITIVE_EXPOSURE,processed,NOT_DOWNLOADED,NOT_ATTEMPTED,POSITION_REVIEW_REQUIRED;NOT_PUBLIC_ARCHIVED;NOT_SCIENCE_OBSERVATION;NONPOSITIVE_MODULE_EXPOSURE,gs_1354_64,0.0,0.0,null,,REVIEW_REQUIRED,False,null,ToO,null,0,null,12,https://heasarc.gsfc.nasa.gov/FTP/nustar/data/obs/12/8/81202301007/
81202301008,GS 1354-64,BH,2026-04-03T21:16:07.680,22729.4047,GS_1354m64,CATALOG_POSITIVE_EXPOSURE,CATALOG_POSITIVE_EXPOSURE,processed,NOT_DOWNLOADED,NOT_ATTEMPTED,POSITION_REVIEW_REQUIRED;NOT_PUBLIC_ARCHIVED,gs_1354_64,22871.8064,22729.4047,null,3.0393589645668464,REVIEW_REQUIRED,False,1,ToO (4/4) / Bursting pixel / Solar flare,Solar flare,0,null,12,https://heasarc.gsfc.nasa.gov/FTP/nustar/data/obs/12/8/81202301008/
81202310001,GS 1354-64,BH,2026-03-29T03:36:08.640,0.0,GS_1354m64,NO_POSITIVE_EXPOSURE,NO_POSITIVE_EXPOSURE,processed,NOT_DOWNLOADED,NOT_ATTEMPTED,POSITION_REVIEW_REQUIRED;NOT_PUBLIC_ARCHIVED;NOT_SCIENCE_OBSERVATION;NONPOSITIVE_MODULE_EXPOSURE,gs_1354_64,0.0,0.0,null,,REVIEW_REQUIRED,False,null,ToO,null,0,null,12,https://heasarc.gsfc.nasa.gov/FTP/nustar/data/obs/12/8/81202310001/
81202310002,GS 1354-64,BH,2026-03-29T04:36:11.520,20999.7679,GS_1354m64,CATALOG_POSITIVE_EXPOSURE,CATALOG_POSITIVE_EXPOSURE,processed,NOT_DOWNLOADED,NOT_ATTEMPTED,POSITION_REVIEW_REQUIRED;NOT_PUBLIC_ARCHIVED,gs_1354_64,21049.5903,20999.7679,null,3.0758553839918648,REVIEW_REQUIRED,False,null,ToO (1/2),null,0,null,12,https://heasarc.gsfc.nasa.gov/FTP/nustar/data/obs/12/8/81202310002/
90101006002,GS 1354-64,BH,2015-06-13T06:56:09.600,24022.096,GS_1354m645,CATALOG_POSITIVE_EXPOSURE,CATALOG_POSITIVE_EXPOSURE,PUBLIC_ARCHIVED,NOT_DOWNLOADED,NOT_ATTEMPTED,NAME_REVIEW_REQUIRED,gs_1354_64,24022.096,24039.7804,57386,1.7584927384042557,REVIEW_REQUIRED,False,0,ToO,null,0,null,1,https://heasarc.gsfc.nasa.gov/FTP/nustar/data/obs/01/9/90101006002/
90101006004,GS 1354-64,BH,2015-07-11T13:41:05.280,29705.4415,GS_1354m645,CATALOG_POSITIVE_EXPOSURE,CATALOG_POSITIVE_EXPOSURE,PUBLIC_ARCHIVED,NOT_DOWNLOADED,NOT_ATTEMPTED,NAME_REVIEW_REQUIRED,gs_1354_64,29705.4415,29960.8574,57415,2.1036989640445403,REVIEW_REQUIRED,False,0,ToO,null,0,null,1,https://heasarc.gsfc.nasa.gov/FTP/nustar/data/obs/01/9/90101006004/
90101006005,GS 1354-64,BH,2015-08-06T06:11:05.280,0.0,GS_1354m645,NO_POSITIVE_EXPOSURE,NO_POSITIVE_EXPOSURE,PUBLIC_ARCHIVED,NOT_DOWNLOADED,NOT_ATTEMPTED,NAME_REVIEW_REQUIRED;NOT_SCIENCE_OBSERVATION;NONPOSITIVE_MODULE_EXPOSURE,gs_1354_64,0.0,0.0,57430,1.9493965403116258,REVIEW_REQUIRED,False,0,STELLAR,null,0,null,1,https://heasarc.gsfc.nasa.gov/FTP/nustar/data/obs/01/9/90101006005/
90101006006,GS 1354-64,BH,2015-08-06T07:06:05.760,35347.2621,GS_1354m645,CATALOG_POSITIVE_EXPOSURE,CATALOG_POSITIVE_EXPOSURE,PUBLIC_ARCHIVED,NOT_DOWNLOADED,NOT_ATTEMPTED,NAME_REVIEW_REQUIRED,gs_1354_64,35347.2621,35636.5421,57430,1.802411141674159,REVIEW_REQUIRED,False,0,ToO,null,0,null,1,https://heasarc.gsfc.nasa.gov/FTP/nustar/data/obs/01/9/90101006006/
91201302001,GS 1354-64,BH,2026-01-13T07:21:12.960,0.0,GS_1354m64,NO_POSITIVE_EXPOSURE,NO_POSITIVE_EXPOSURE,PUBLIC_ARCHIVED,NOT_DOWNLOADED,NOT_ATTEMPTED,POSITION_REVIEW_REQUIRED;NOT_SCIENCE_OBSERVATION;NONPOSITIVE_MODULE_EXPOSURE,gs_1354_64,0.0,0.0,61056,,REVIEW_REQUIRED,False,null,DDT,null,0,null,12,https://heasarc.gsfc.nasa.gov/FTP/nustar/data/obs/12/9/91201302001/
91201302002,GS 1354-64,BH,2026-01-13T08:06:08.640,24657.99,GS_1354m64,CATALOG_POSITIVE_EXPOSURE,CATALOG_POSITIVE_EXPOSURE,PUBLIC_ARCHIVED,NOT_DOWNLOADED,NOT_ATTEMPTED,POSITION_REVIEW_REQUIRED,gs_1354_64,24657.99,24858.1044,61056,3.8816501689562197,REVIEW_REQUIRED,False,null,DDT,null,0,null,12,https://heasarc.gsfc.nasa.gov/FTP/nustar/data/obs/12/9/91201302002/
91201302003,GS 1354-64,BH,2026-01-21T06:06:11.520,47.6493,GS_1354m64,CATALOG_POSITIVE_EXPOSURE,CATALOG_POSITIVE_EXPOSURE,PUBLIC_ARCHIVED,NOT_DOWNLOADED,NOT_ATTEMPTED,,gs_1354_64,47.6493,48.0508,61063,2.8939330569946624,VERIFIED_NAME_POSITION,True,null,DDT,null,0,null,12,https://heasarc.gsfc.nasa.gov/FTP/nustar/data/obs/12/9/91201302003/
91201302004,GS 1354-64,BH,2026-01-21T07:06:05.760,20769.6377,GS_1354m64,CATALOG_POSITIVE_EXPOSURE,CATALOG_POSITIVE_EXPOSURE,PUBLIC_ARCHIVED,NOT_DOWNLOADED,NOT_ATTEMPTED,POSITION_REVIEW_REQUIRED,gs_1354_64,20769.6377,20996.6279,61063,4.109790913418911,REVIEW_REQUIRED,False,1,DDT / Solar flare / Solar CME,Solar CME,0,null,12,https://heasarc.gsfc.nasa.gov/FTP/nustar/data/obs/12/9/91201302004/
91201302005,GS 1354-64,BH,2026-01-24T11:11:11.040,0.0,GS_1354m64,NO_POSITIVE_EXPOSURE,NO_POSITIVE_EXPOSURE,PUBLIC_ARCHIVED,NOT_DOWNLOADED,NOT_ATTEMPTED,POSITION_REVIEW_REQUIRED;NOT_SCIENCE_OBSERVATION;NONPOSITIVE_MODULE_EXPOSURE,gs_1354_64,0.0,0.0,61070,3.2313193240639624,REVIEW_REQUIRED,False,null,DDT,null,0,null,12,https://heasarc.gsfc.nasa.gov/FTP/nustar/data/obs/12/9/91201302005/
91201302006,GS 1354-64,BH,2026-01-24T11:26:09.600,17191.0875,GS_1354m64,CATALOG_POSITIVE_EXPOSURE,CATALOG_POSITIVE_EXPOSURE,PUBLIC_ARCHIVED,NOT_DOWNLOADED,NOT_ATTEMPTED,POSITION_REVIEW_REQUIRED,gs_1354_64,17191.0875,17325.9739,61070,3.9432002299577205,REVIEW_REQUIRED,False,null,DDT (3/3),null,0,null,12,https://heasarc.gsfc.nasa.gov/FTP/nustar/data/obs/12/9/91201302006/
91202308001,GS 1354-64,BH,2026-01-30T02:21:07.200,0.0,GS_1354m64,NO_POSITIVE_EXPOSURE,NO_POSITIVE_EXPOSURE,PUBLIC_ARCHIVED,NOT_DOWNLOADED,NOT_ATTEMPTED,POSITION_REVIEW_REQUIRED;NOT_SCIENCE_OBSERVATION;NONPOSITIVE_MODULE_EXPOSURE,gs_1354_64,0.0,0.0,61077,,REVIEW_REQUIRED,False,null,DDT,null,0,null,12,https://heasarc.gsfc.nasa.gov/FTP/nustar/data/obs/12/9/91202308001/
91202308002,GS 1354-64,BH,2026-01-30T02:36:05.760,11837.5832,GS_1354m64,CATALOG_POSITIVE_EXPOSURE,CATALOG_POSITIVE_EXPOSURE,PUBLIC_ARCHIVED,NOT_DOWNLOADED,NOT_ATTEMPTED,POSITION_REVIEW_REQUIRED,gs_1354_64,11837.5832,12052.1299,61077,3.6188237053375465,REVIEW_REQUIRED,False,1,DDT (1/3) / Data gaps,null,4471,null,12,https://heasarc.gsfc.nasa.gov/FTP/nustar/data/obs/12/9/91202308002/
91202311001,GS 1354-64,BH,2026-02-11T17:31:12.000,0.0,GS_1354m64,NO_POSITIVE_EXPOSURE,NO_POSITIVE_EXPOSURE,PUBLIC_ARCHIVED,NOT_DOWNLOADED,NOT_ATTEMPTED,POSITION_REVIEW_REQUIRED;NOT_SCIENCE_OBSERVATION;NONPOSITIVE_MODULE_EXPOSURE,gs_1354_64,0.0,0.0,61084,,REVIEW_REQUIRED,False,null,DDT,null,0,null,12,https://heasarc.gsfc.nasa.gov/FTP/nustar/data/obs/12/9/91202311001/
91202311002,GS 1354-64,BH,2026-02-11T18:16:07.680,7541.4555,GS_1354m64,CATALOG_POSITIVE_EXPOSURE,CATALOG_POSITIVE_EXPOSURE,PUBLIC_ARCHIVED,NOT_DOWNLOADED,NOT_ATTEMPTED,,gs_1354_64,7541.4555,7628.4801,61084,2.955214075108924,VERIFIED_NAME_POSITION,True,null,DDT (1/6),null,0,null,12,https://heasarc.gsfc.nasa.gov/FTP/nustar/data/obs/12/9/91202311002/
91202311003,GS 1354-64,BH,2026-02-14T01:36:11.520,0.0,GS_1354m64,NO_POSITIVE_EXPOSURE,NO_POSITIVE_EXPOSURE,PUBLIC_ARCHIVED,NOT_DOWNLOADED,NOT_ATTEMPTED,POSITION_REVIEW_REQUIRED;NOT_SCIENCE_OBSERVATION;NONPOSITIVE_MODULE_EXPOSURE,gs_1354_64,0.0,0.0,61091,,REVIEW_REQUIRED,False,null,DDT,null,0,null,12,https://heasarc.gsfc.nasa.gov/FTP/nustar/data/obs/12/9/91202311003/
91202311004,GS 1354-64,BH,2026-02-14T01:51:10.080,6162.567,GS_1354m64,CATALOG_POSITIVE_EXPOSURE,CATALOG_POSITIVE_EXPOSURE,PUBLIC_ARCHIVED,NOT_DOWNLOADED,NOT_ATTEMPTED,POSITION_REVIEW_REQUIRED,gs_1354_64,6162.567,6237.5775,61091,3.3696657748535217,REVIEW_REQUIRED,False,null,DDT (2/6),null,0,null,12,https://heasarc.gsfc.nasa.gov/FTP/nustar/data/obs/12/9/91202311004/
91202311005,GS 1354-64,BH,2026-02-20T00:41:11.040,0.0,GS_1354m64,NO_POSITIVE_EXPOSURE,NO_POSITIVE_EXPOSURE,PUBLIC_ARCHIVED,NOT_DOWNLOADED,NOT_ATTEMPTED,POSITION_REVIEW_REQUIRED;NOT_SCIENCE_OBSERVATION;NONPOSITIVE_MODULE_EXPOSURE,gs_1354_64,0.0,0.0,61098,,REVIEW_REQUIRED,False,null,DDT,null,0,null,12,https://heasarc.gsfc.nasa.gov/FTP/nustar/data/obs/12/9/91202311005/
91202311006,GS 1354-64,BH,2026-02-20T00:56:09.600,6047.1781,GS_1354m64,CATALOG_POSITIVE_EXPOSURE,CATALOG_POSITIVE_EXPOSURE,PUBLIC_ARCHIVED,NOT_DOWNLOADED,NOT_ATTEMPTED,,gs_1354_64,6047.1781,6090.0273,61098,2.9014507811545345,VERIFIED_NAME_POSITION,True,null,DDT (3/6),null,0,null,12,https://heasarc.gsfc.nasa.gov/FTP/nustar/data/obs/12/9/91202311006/
91202311007,GS 1354-64,BH,2026-02-22T13:01:12.000,0.0,GS_1354m64,NO_POSITIVE_EXPOSURE,NO_POSITIVE_EXPOSURE,PUBLIC_ARCHIVED,NOT_DOWNLOADED,NOT_ATTEMPTED,POSITION_REVIEW_REQUIRED;NOT_SCIENCE_OBSERVATION;NONPOSITIVE_MODULE_EXPOSURE,gs_1354_64,0.0,0.0,61098,,REVIEW_REQUIRED,False,null,DDT,null,0,null,12,https://heasarc.gsfc.nasa.gov/FTP/nustar/data/obs/12/9/91202311007/
91202311008,GS 1354-64,BH,2026-02-22T13:21:12.960,7044.7445,GS_1354m64,CATALOG_POSITIVE_EXPOSURE,CATALOG_POSITIVE_EXPOSURE,PUBLIC_ARCHIVED,NOT_DOWNLOADED,NOT_ATTEMPTED,POSITION_REVIEW_REQUIRED,gs_1354_64,7044.7445,7120.6445,61098,3.4562290478279873,REVIEW_REQUIRED,False,1,DDT (4/6) / Data gaps,null,12,null,12,https://heasarc.gsfc.nasa.gov/FTP/nustar/data/obs/12/9/91202311008/
91202311009,GS 1354-64,BH,2026-02-27T07:01:12.000,0.0,GS_1354m64,NO_POSITIVE_EXPOSURE,NO_POSITIVE_EXPOSURE,PUBLIC_ARCHIVED,NOT_DOWNLOADED,NOT_ATTEMPTED,POSITION_REVIEW_REQUIRED;NOT_SCIENCE_OBSERVATION;NONPOSITIVE_MODULE_EXPOSURE,gs_1354_64,0.0,0.0,61105,,REVIEW_REQUIRED,False,null,DDT,null,0,null,12,https://heasarc.gsfc.nasa.gov/FTP/nustar/data/obs/12/9/91202311009/
91202311010,GS 1354-64,BH,2026-02-27T07:51:10.080,7461.3861,GS_1354m64,CATALOG_POSITIVE_EXPOSURE,CATALOG_POSITIVE_EXPOSURE,PUBLIC_ARCHIVED,NOT_DOWNLOADED,NOT_ATTEMPTED,POSITION_REVIEW_REQUIRED,gs_1354_64,7461.3861,7499.5536,61105,3.1193510641277515,REVIEW_REQUIRED,False,null,DDT (5/6),null,0,null,12,https://heasarc.gsfc.nasa.gov/FTP/nustar/data/obs/12/9/91202311010/
91202311011,GS 1354-64,BH,2026-03-18T08:56:06.720,0.0,GS_1354m64,NO_POSITIVE_EXPOSURE,NO_POSITIVE_EXPOSURE,PUBLIC_ARCHIVED,NOT_DOWNLOADED,NOT_ATTEMPTED,POSITION_REVIEW_REQUIRED;NOT_SCIENCE_OBSERVATION;NONPOSITIVE_MODULE_EXPOSURE,gs_1354_64,0.0,0.0,61119,,REVIEW_REQUIRED,False,null,DDT,null,0,null,12,https://heasarc.gsfc.nasa.gov/FTP/nustar/data/obs/12/9/91202311011/
91202311012,GS 1354-64,BH,2026-03-18T09:36:08.640,8050.6899,GS_1354m64,CATALOG_POSITIVE_EXPOSURE,CATALOG_POSITIVE_EXPOSURE,PUBLIC_ARCHIVED,NOT_DOWNLOADED,NOT_ATTEMPTED,POSITION_REVIEW_REQUIRED,gs_1354_64,8062.1293,8050.6899,61119,3.62553429177772,REVIEW_REQUIRED,False,null,DDT (6/6),null,0,null,12,https://heasarc.gsfc.nasa.gov/FTP/nustar/data/obs/12/9/91202311012/
91202311013,GS 1354-64,BH,2026-04-29T02:11:11.040,0.0,GS_1354m64,NO_POSITIVE_EXPOSURE,NO_POSITIVE_EXPOSURE,PUBLIC_ARCHIVED,NOT_DOWNLOADED,NOT_ATTEMPTED,POSITION_REVIEW_REQUIRED;NOT_SCIENCE_OBSERVATION;NONPOSITIVE_MODULE_EXPOSURE,gs_1354_64,0.0,0.0,61161,,REVIEW_REQUIRED,False,null,DDT,null,0,null,12,https://heasarc.gsfc.nasa.gov/FTP/nustar/data/obs/12/9/91202311013/
91202311014,GS 1354-64,BH,2026-04-29T02:51:12.960,13676.8313,GS_1354m64,CATALOG_POSITIVE_EXPOSURE,CATALOG_POSITIVE_EXPOSURE,PUBLIC_ARCHIVED,NOT_DOWNLOADED,NOT_ATTEMPTED,,gs_1354_64,13791.2209,13676.8313,61161,2.558994553457556,VERIFIED_NAME_POSITION,True,null,DDT,null,0,null,12,https://heasarc.gsfc.nasa.gov/FTP/nustar/data/obs/12/9/91202311014/
30801022002,GS 1826-24,NS,2022-09-12T16:41:05.280,30954.7513,GS_1826m238,CATALOG_POSITIVE_EXPOSURE,CATALOG_POSITIVE_EXPOSURE,PUBLIC_ARCHIVED,NOT_DOWNLOADED,NOT_ATTEMPTED,NAME_REVIEW_REQUIRED;POSITION_REVIEW_REQUIRED,gs_1826_24,30954.7513,31302.6726,60029,3.1965238820417654,REVIEW_REQUIRED,False,1,idiagnostics,Solar flare,0,null,8,https://heasarc.gsfc.nasa.gov/FTP/nustar/data/obs/08/3/30801022002/
31201025,GS 1826-24,NS,,-40000.0,GS_1826m238,NO_POSITIVE_EXPOSURE,NO_POSITIVE_EXPOSURE,accepted,NOT_DOWNLOADED,NOT_ATTEMPTED,NAME_REVIEW_REQUIRED;NOT_PUBLIC_ARCHIVED;NOT_SCIENCE_OBSERVATION;NONPOSITIVE_MODULE_EXPOSURE,gs_1826_24,-40000.0,-40000.0,null,0.1339284867643039,REVIEW_REQUIRED,False,0,null,null,0,0,12,https://heasarc.gsfc.nasa.gov/FTP/nustar/data/obs/12/3/31201025/
80001005002,GS 1826-24,NS,2014-06-27T15:36:08.640,13234.6348,GS1826m238,CATALOG_POSITIVE_EXPOSURE,CATALOG_POSITIVE_EXPOSURE,PUBLIC_ARCHIVED,NOT_DOWNLOADED,NOT_ATTEMPTED,NAME_REVIEW_REQUIRED,gs_1826_24,13235.0707,13234.6348,56923,1.1457402345867955,REVIEW_REQUIRED,False,0,ToO,null,0,null,0,https://heasarc.gsfc.nasa.gov/FTP/nustar/data/obs/00/8/80001005002/
80001005003,GS 1826-24,NS,2014-06-27T23:31:03.360,38678.5437,GS1826m238,CATALOG_POSITIVE_EXPOSURE,CATALOG_POSITIVE_EXPOSURE,PUBLIC_ARCHIVED,NOT_DOWNLOADED,NOT_ATTEMPTED,NAME_REVIEW_REQUIRED,gs_1826_24,38678.5437,38842.8155,56923,2.2174198630245616,REVIEW_REQUIRED,False,0,aim point refinement,null,0,null,0,https://heasarc.gsfc.nasa.gov/FTP/nustar/data/obs/00/8/80001005003/
91102323001,GS 1826-24,NS,2026-02-14T12:46:13.440,19323.5945,GS_1826m238,CATALOG_POSITIVE_EXPOSURE,CATALOG_POSITIVE_EXPOSURE,PUBLIC_ARCHIVED,NOT_DOWNLOADED,NOT_ATTEMPTED,NAME_REVIEW_REQUIRED;POSITION_REVIEW_REQUIRED,gs_1826_24,19323.5945,19328.0803,61091,4.446753720943113,REVIEW_REQUIRED,False,null,DDT (1/2),null,0,null,11,https://heasarc.gsfc.nasa.gov/FTP/nustar/data/obs/11/9/91102323001/
30301003001,GX 13+1,NS,2017-04-08T03:11:05.280,0.0,GX_13p1,NO_POSITIVE_EXPOSURE,NO_POSITIVE_EXPOSURE,PUBLIC_ARCHIVED,NOT_DOWNLOADED,NOT_ATTEMPTED,POSITION_REVIEW_REQUIRED;NOT_SCIENCE_OBSERVATION;NONPOSITIVE_MODULE_EXPOSURE,gx_13_1,0.0,0.0,58246,,REVIEW_REQUIRED,False,0,STELLAR,null,0,null,3,https://heasarc.gsfc.nasa.gov/FTP/nustar/data/obs/03/3/30301003001/
30301003002,GX 13+1,NS,2017-04-08T03:26:12.480,22711.1648,GX_13p1,CATALOG_POSITIVE_EXPOSURE,CATALOG_POSITIVE_EXPOSURE,PUBLIC_ARCHIVED,NOT_DOWNLOADED,NOT_ATTEMPTED,,gx_13_1,22711.1648,23317.2131,58246,1.9130476200988857,VERIFIED_NAME_POSITION,True,0,null,null,0,null,3,https://heasarc.gsfc.nasa.gov/FTP/nustar/data/obs/03/3/30301003002/
30901010001,GX 13+1,NS,2024-02-25T12:01:09.120,0.0,GX_13p1,NO_POSITIVE_EXPOSURE,NO_POSITIVE_EXPOSURE,PUBLIC_ARCHIVED,NOT_DOWNLOADED,NOT_ATTEMPTED,POSITION_REVIEW_REQUIRED;NOT_SCIENCE_OBSERVATION;NONPOSITIVE_MODULE_EXPOSURE,gx_13_1,0.0,0.0,60422,,REVIEW_REQUIRED,False,0,STELLAR,null,0,null,9,https://heasarc.gsfc.nasa.gov/FTP/nustar/data/obs/09/3/30901010001/
30901010002,GX 13+1,NS,2024-02-25T12:56:09.600,32177.946,GX_13p1,CATALOG_POSITIVE_EXPOSURE,CATALOG_POSITIVE_EXPOSURE,PUBLIC_ARCHIVED,NOT_DOWNLOADED,NOT_ATTEMPTED,POSITION_REVIEW_REQUIRED,gx_13_1,32177.946,32645.0638,60422,3.582330975154859,REVIEW_REQUIRED,False,1,SL-A2 (GX 17+2),null,37,null,9,https://heasarc.gsfc.nasa.gov/FTP/nustar/data/obs/09/3/30901010002/
91101330001,GX 13+1,NS,2025-08-30T12:16:07.680,0.0,GX13p1,NO_POSITIVE_EXPOSURE,NO_POSITIVE_EXPOSURE,PUBLIC_ARCHIVED,NOT_DOWNLOADED,NOT_ATTEMPTED,POSITION_REVIEW_REQUIRED;NOT_SCIENCE_OBSERVATION;NONPOSITIVE_MODULE_EXPOSURE,gx_13_1,0.0,0.0,60923,,REVIEW_REQUIRED,False,null,DDT,null,0,null,11,https://heasarc.gsfc.nasa.gov/FTP/nustar/data/obs/11/9/91101330001/
91101330002,GX 13+1,NS,2025-08-30T12:31:06.240,20544.2695,GX13p1,CATALOG_POSITIVE_EXPOSURE,CATALOG_POSITIVE_EXPOSURE,PUBLIC_ARCHIVED,NOT_DOWNLOADED,NOT_ATTEMPTED,POSITION_REVIEW_REQUIRED,gx_13_1,20544.2695,20828.3252,60923,3.3168479789032626,REVIEW_REQUIRED,False,null,DDT,null,0,null,11,https://heasarc.gsfc.nasa.gov/FTP/nustar/data/obs/11/9/91101330002/
91101332001,GX 13+1,NS,2025-09-09T15:16:07.680,0.0,GX_13p1,NO_POSITIVE_EXPOSURE,NO_POSITIVE_EXPOSURE,PUBLIC_ARCHIVED,NOT_DOWNLOADED,NOT_ATTEMPTED,POSITION_REVIEW_REQUIRED;NOT_SCIENCE_OBSERVATION;NONPOSITIVE_MODULE_EXPOSURE,gx_13_1,0.0,0.0,60930,,REVIEW_REQUIRED,False,null,DDT,null,0,null,11,https://heasarc.gsfc.nasa.gov/FTP/nustar/data/obs/11/9/91101332001/
91101332002,GX 13+1,NS,2025-09-09T16:16:10.560,10579.0798,GX_13p1,CATALOG_POSITIVE_EXPOSURE,CATALOG_POSITIVE_EXPOSURE,PUBLIC_ARCHIVED,NOT_DOWNLOADED,NOT_ATTEMPTED,POSITION_REVIEW_REQUIRED,gx_13_1,10579.0798,10739.7226,60930,3.162593409159601,REVIEW_REQUIRED,False,1,DDT (1/2) / Data gaps,null,12458,null,11,https://heasarc.gsfc.nasa.gov/FTP/nustar/data/obs/11/9/91101332002/
30101023001,GX 17+2,NS,2016-03-22T02:56:06.720,0.0,GX_17p2,NO_POSITIVE_EXPOSURE,NO_POSITIVE_EXPOSURE,PUBLIC_ARCHIVED,NOT_DOWNLOADED,NOT_ATTEMPTED,POSITION_REVIEW_REQUIRED;NOT_SCIENCE_OBSERVATION;NONPOSITIVE_MODULE_EXPOSURE,gx_17_2,0.0,0.0,57836,,REVIEW_REQUIRED,False,0,STELLAR,null,0,null,1,https://heasarc.gsfc.nasa.gov/FTP/nustar/data/obs/01/3/30101023001/
30101023002,GX 17+2,NS,2016-03-22T03:11:05.280,11444.2706,GX_17p2,CATALOG_POSITIVE_EXPOSURE,CATALOG_POSITIVE_EXPOSURE,PUBLIC_ARCHIVED,NOT_DOWNLOADED,NOT_ATTEMPTED,,gx_17_2,11444.2706,11882.5871,57836,1.852893273872231,VERIFIED_NAME_POSITION,True,0,null,null,0,null,1,https://heasarc.gsfc.nasa.gov/FTP/nustar/data/obs/01/3/30101023002/
30902026001,GX 17+2,NS,2024-03-16T15:11:05.280,173.475,GX_17p2,CATALOG_POSITIVE_EXPOSURE,CATALOG_POSITIVE_EXPOSURE,PUBLIC_ARCHIVED,NOT_DOWNLOADED,NOT_ATTEMPTED,POSITION_REVIEW_REQUIRED,gx_17_2,173.475,180.9305,60661,3.4835844228786783,REVIEW_REQUIRED,False,0,STELLAR,null,0,null,9,https://heasarc.gsfc.nasa.gov/FTP/nustar/data/obs/09/3/30902026001/
30902026002,GX 17+2,NS,2024-03-16T15:46:13.440,12639.7422,GX_17p2,CATALOG_POSITIVE_EXPOSURE,CATALOG_POSITIVE_EXPOSURE,PUBLIC_ARCHIVED,NOT_DOWNLOADED,NOT_ATTEMPTED,POSITION_REVIEW_REQUIRED,gx_17_2,12639.7422,13091.1109,60661,3.1442748522222495,REVIEW_REQUIRED,False,0,(1/4),null,0,null,9,https://heasarc.gsfc.nasa.gov/FTP/nustar/data/obs/09/3/30902026002/
30902026003,GX 17+2,NS,2024-04-27T08:36:05.760,0.0,GX_17p2,NO_POSITIVE_EXPOSURE,NO_POSITIVE_EXPOSURE,PUBLIC_ARCHIVED,NOT_DOWNLOADED,NOT_ATTEMPTED,POSITION_REVIEW_REQUIRED;NOT_SCIENCE_OBSERVATION;NONPOSITIVE_MODULE_EXPOSURE,gx_17_2,0.0,0.0,60661,,REVIEW_REQUIRED,False,0,STELLAR,null,0,null,9,https://heasarc.gsfc.nasa.gov/FTP/nustar/data/obs/09/3/30902026003/
30902026004,GX 17+2,NS,2024-04-27T09:16:07.680,8262.9433,GX_17p2,CATALOG_POSITIVE_EXPOSURE,CATALOG_POSITIVE_EXPOSURE,PUBLIC_ARCHIVED,NOT_DOWNLOADED,NOT_ATTEMPTED,,gx_17_2,8262.9433,8636.1963,60661,2.77531009268834,VERIFIED_NAME_POSITION,True,1,"(2/4) SL-A23B0 (4U 1812-12, GX 13+1) / data gaps 7868s",null,7868,null,9,https://heasarc.gsfc.nasa.gov/FTP/nustar/data/obs/09/3/30902026004/
30902026005,GX 17+2,NS,2024-05-27T05:51:12.960,164.5195,GX_17p2,CATALOG_POSITIVE_EXPOSURE,CATALOG_POSITIVE_EXPOSURE,PUBLIC_ARCHIVED,NOT_DOWNLOADED,NOT_ATTEMPTED,POSITION_REVIEW_REQUIRED,gx_17_2,164.5195,172.2518,60661,3.0038479799123117,REVIEW_REQUIRED,False,0,STELLAR,null,0,null,9,https://heasarc.gsfc.nasa.gov/FTP/nustar/data/obs/09/3/30902026005/
30902026006,GX 17+2,NS,2024-05-27T06:31:06.240,8639.1975,GX_17p2,CATALOG_POSITIVE_EXPOSURE,CATALOG_POSITIVE_EXPOSURE,PUBLIC_ARCHIVED,NOT_DOWNLOADED,NOT_ATTEMPTED,,gx_17_2,8639.1975,9037.5421,60661,2.538510746907506,VERIFIED_NAME_POSITION,True,1,(3/4) / data gaps 8802s / Solar flare,Solar flare,8802,null,9,https://heasarc.gsfc.nasa.gov/FTP/nustar/data/obs/09/3/30902026006/
30902026007,GX 17+2,NS,2024-06-08T05:11:11.040,0.0,GX_17p2,NO_POSITIVE_EXPOSURE,NO_POSITIVE_EXPOSURE,PUBLIC_ARCHIVED,NOT_DOWNLOADED,NOT_ATTEMPTED,POSITION_REVIEW_REQUIRED;NOT_SCIENCE_OBSERVATION;NONPOSITIVE_MODULE_EXPOSURE,gx_17_2,0.0,0.0,60661,,REVIEW_REQUIRED,False,0,STELLAR,null,0,null,9,https://heasarc.gsfc.nasa.gov/FTP/nustar/data/obs/09/3/30902026007/
30902026008,GX 17+2,NS,2024-06-08T05:56:06.720,9073.1903,GX_17p2,CATALOG_POSITIVE_EXPOSURE,CATALOG_POSITIVE_EXPOSURE,PUBLIC_ARCHIVED,NOT_DOWNLOADED,NOT_ATTEMPTED,,gx_17_2,9073.1903,9507.8307,60661,2.4330784909480796,VERIFIED_NAME_POSITION,True,1,(4/4) / Data gaps,null,1323,null,9,https://heasarc.gsfc.nasa.gov/FTP/nustar/data/obs/09/3/30902026008/
91001339001,GX 17+2,NS,2024-10-23T19:06:05.760,0.0,GX_17p2,NO_POSITIVE_EXPOSURE,NO_POSITIVE_EXPOSURE,PUBLIC_ARCHIVED,NOT_DOWNLOADED,NOT_ATTEMPTED,POSITION_REVIEW_REQUIRED;NOT_SCIENCE_OBSERVATION;NONPOSITIVE_MODULE_EXPOSURE,gx_17_2,0.0,0.0,60622,,REVIEW_REQUIRED,False,null,DDT,null,0,null,10,https://heasarc.gsfc.nasa.gov/FTP/nustar/data/obs/10/9/91001339001/
91001339002,GX 17+2,NS,2024-10-23T20:01:06.240,11188.8217,GX_17p2,CATALOG_POSITIVE_EXPOSURE,CATALOG_POSITIVE_EXPOSURE,PUBLIC_ARCHIVED,NOT_DOWNLOADED,NOT_ATTEMPTED,,gx_17_2,11188.8217,11563.3934,60622,2.7931113686457674,VERIFIED_NAME_POSITION,True,null,DDT (1/2),null,0,null,10,https://heasarc.gsfc.nasa.gov/FTP/nustar/data/obs/10/9/91001339002/
91001339003,GX 17+2,NS,2024-10-25T14:41:08.160,0.0,GX_17p2,NO_POSITIVE_EXPOSURE,NO_POSITIVE_EXPOSURE,PUBLIC_ARCHIVED,NOT_DOWNLOADED,NOT_ATTEMPTED,POSITION_REVIEW_REQUIRED;NOT_SCIENCE_OBSERVATION;NONPOSITIVE_MODULE_EXPOSURE,gx_17_2,0.0,0.0,60622,,REVIEW_REQUIRED,False,null,DDT,null,0,null,10,https://heasarc.gsfc.nasa.gov/FTP/nustar/data/obs/10/9/91001339003/
91001339004,GX 17+2,NS,2024-10-25T15:11:05.280,9868.2608,GX_17p2,CATALOG_POSITIVE_EXPOSURE,CATALOG_POSITIVE_EXPOSURE,PUBLIC_ARCHIVED,NOT_DOWNLOADED,NOT_ATTEMPTED,POSITION_REVIEW_REQUIRED,gx_17_2,9868.2608,10236.5252,60622,3.4689630587581104,REVIEW_REQUIRED,False,1,DDT (2/2) / Data gaps,null,4891,null,10,https://heasarc.gsfc.nasa.gov/FTP/nustar/data/obs/10/9/91001339004/
30363001001,GX 3+1,NS,2017-10-17T17:01:06.240,0.0,GX_3p1,NO_POSITIVE_EXPOSURE,NO_POSITIVE_EXPOSURE,PUBLIC_ARCHIVED,NOT_DOWNLOADED,NOT_ATTEMPTED,POSITION_REVIEW_REQUIRED;NOT_SCIENCE_OBSERVATION;NONPOSITIVE_MODULE_EXPOSURE,gx_3_1,0.0,0.0,58419,,REVIEW_REQUIRED,False,0,STELLAR,null,0,null,3,https://heasarc.gsfc.nasa.gov/FTP/nustar/data/obs/03/3/30363001001/
30363001002,GX 3+1,NS,2017-10-17T17:16:13.440,13664.2019,GX_3p1,CATALOG_POSITIVE_EXPOSURE,CATALOG_POSITIVE_EXPOSURE,PUBLIC_ARCHIVED,NOT_DOWNLOADED,NOT_ATTEMPTED,,gx_3_1,13664.2019,13976.3558,58419,2.4656388701394047,VERIFIED_NAME_POSITION,True,0,null,null,0,null,3,https://heasarc.gsfc.nasa.gov/FTP/nustar/data/obs/03/3/30363001002/
31001012001,GX 3+1,NS,2024-08-16T16:41:05.280,0.0,GX_3p1,NO_POSITIVE_EXPOSURE,NO_POSITIVE_EXPOSURE,PUBLIC_ARCHIVED,NOT_DOWNLOADED,NOT_ATTEMPTED,POSITION_REVIEW_REQUIRED;NOT_SCIENCE_OBSERVATION;NONPOSITIVE_MODULE_EXPOSURE,gx_3_1,0.0,0.0,60732,,REVIEW_REQUIRED,False,0,STELLAR,null,0,null,10,https://heasarc.gsfc.nasa.gov/FTP/nustar/data/obs/10/3/31001012001/
31001012002,GX 3+1,NS,2024-08-16T16:56:12.480,34700.7537,GX_3p1,CATALOG_POSITIVE_EXPOSURE,CATALOG_POSITIVE_EXPOSURE,PUBLIC_ARCHIVED,NOT_DOWNLOADED,NOT_ATTEMPTED,,gx_3_1,34700.7537,35693.5017,60732,2.9747067213499507,VERIFIED_NAME_POSITION,True,1,Data gaps 2s,null,2,null,10,https://heasarc.gsfc.nasa.gov/FTP/nustar/data/obs/10/3/31001012002/
80001013001,GX 339-4,BH,2013-08-11T23:01:06.240,0.0,GX339_4,NO_POSITIVE_EXPOSURE,NO_POSITIVE_EXPOSURE,PUBLIC_ARCHIVED,NOT_DOWNLOADED,NOT_ATTEMPTED,NOT_SCIENCE_OBSERVATION;NONPOSITIVE_MODULE_EXPOSURE,gx_339_4,0.0,0.0,57112,1.2753147008582881,VERIFIED_NAME_POSITION,False,0,STELLAR,null,0,null,0,https://heasarc.gsfc.nasa.gov/FTP/nustar/data/obs/00/8/80001013001/
80001013002,GX 339-4,BH,2013-08-11T23:46:10.560,35089.8145,GX339_4,CATALOG_POSITIVE_EXPOSURE,CATALOG_POSITIVE_EXPOSURE,PUBLIC_ARCHIVED,NOT_DOWNLOADED,NOT_ATTEMPTED,,gx_339_4,35089.8145,35099.2091,57112,0.11482242762834827,VERIFIED_NAME_POSITION,True,1,ToO,null,0,7868,0,https://heasarc.gsfc.nasa.gov/FTP/nustar/data/obs/00/8/80001013002/
80001013003,GX 339-4,BH,2013-08-16T16:46:07.680,0.0,GX339_4,NO_POSITIVE_EXPOSURE,NO_POSITIVE_EXPOSURE,PUBLIC_ARCHIVED,NOT_DOWNLOADED,NOT_ATTEMPTED,POSITION_REVIEW_REQUIRED;NOT_SCIENCE_OBSERVATION;NONPOSITIVE_MODULE_EXPOSURE,gx_339_4,0.0,0.0,57112,,REVIEW_REQUIRED,False,0,STELLAR,null,0,null,0,https://heasarc.gsfc.nasa.gov/FTP/nustar/data/obs/00/8/80001013003/
80001013004,GX 339-4,BH,2013-08-16T17:01:06.240,20795.1843,GX339_4,CATALOG_POSITIVE_EXPOSURE,CATALOG_POSITIVE_EXPOSURE,PUBLIC_ARCHIVED,NOT_DOWNLOADED,NOT_ATTEMPTED,,gx_339_4,20795.1843,20835.8719,57112,1.397453339665917,VERIFIED_NAME_POSITION,True,1,ToO follow-on,null,0,29983,0,https://heasarc.gsfc.nasa.gov/FTP/nustar/data/obs/00/8/80001013004/
80001013005,GX 339-4,BH,2013-08-24T12:21:10.080,0.0,GX339_4,NO_POSITIVE_EXPOSURE,NO_POSITIVE_EXPOSURE,PUBLIC_ARCHIVED,NOT_DOWNLOADED,NOT_ATTEMPTED,POSITION_REVIEW_REQUIRED;NOT_SCIENCE_OBSERVATION;NONPOSITIVE_MODULE_EXPOSURE,gx_339_4,0.0,0.0,57112,,REVIEW_REQUIRED,False,0,STELLAR,null,0,null,0,https://heasarc.gsfc.nasa.gov/FTP/nustar/data/obs/00/8/80001013005/
80001013006,GX 339-4,BH,2013-08-24T12:36:08.640,23153.465,GX339_4,CATALOG_POSITIVE_EXPOSURE,CATALOG_POSITIVE_EXPOSURE,PUBLIC_ARCHIVED,NOT_DOWNLOADED,NOT_ATTEMPTED,,gx_339_4,23153.465,23247.1243,57112,1.3493518925374266,VERIFIED_NAME_POSITION,True,1,ToO follow-on,null,0,31367,0,https://heasarc.gsfc.nasa.gov/FTP/nustar/data/obs/00/8/80001013006/
80001013007,GX 339-4,BH,2013-09-03T09:01:09.120,43.9915,GX339_4,CATALOG_POSITIVE_EXPOSURE,CATALOG_POSITIVE_EXPOSURE,PUBLIC_ARCHIVED,NOT_DOWNLOADED,NOT_ATTEMPTED,,gx_339_4,43.9915,44.1728,57112,1.8120125235933808,VERIFIED_NAME_POSITION,True,0,STELLAR,null,0,null,0,https://heasarc.gsfc.nasa.gov/FTP/nustar/data/obs/00/8/80001013007/
80001013008,GX 339-4,BH,2013-09-03T09:56:09.600,43190.373,GX339_4,CATALOG_POSITIVE_EXPOSURE,CATALOG_POSITIVE_EXPOSURE,PUBLIC_ARCHIVED,NOT_DOWNLOADED,NOT_ATTEMPTED,,gx_339_4,43190.373,43442.241,57112,1.7358445394542996,VERIFIED_NAME_POSITION,True,1,ToO follow-on,null,0,22196,0,https://heasarc.gsfc.nasa.gov/FTP/nustar/data/obs/00/8/80001013008/
80001013009,GX 339-4,BH,2013-10-16T23:16:04.800,0.0,GX339_4,NO_POSITIVE_EXPOSURE,NO_POSITIVE_EXPOSURE,PUBLIC_ARCHIVED,NOT_DOWNLOADED,NOT_ATTEMPTED,POSITION_REVIEW_REQUIRED;NOT_SCIENCE_OBSERVATION;NONPOSITIVE_MODULE_EXPOSURE,gx_339_4,0.0,0.0,57112,,REVIEW_REQUIRED,False,0,STELLAR,null,0,null,0,https://heasarc.gsfc.nasa.gov/FTP/nustar/data/obs/00/8/80001013009/
80001013010,GX 339-4,BH,2013-10-16T23:51:04.320,98205.9988,GX339_4,CATALOG_POSITIVE_EXPOSURE,CATALOG_POSITIVE_EXPOSURE,PUBLIC_ARCHIVED,NOT_DOWNLOADED,NOT_ATTEMPTED,,gx_339_4,98205.9988,98222.1264,57112,2.6825248547187557,VERIFIED_NAME_POSITION,True,0,ToO follow-on,null,0,null,0,https://heasarc.gsfc.nasa.gov/FTP/nustar/data/obs/00/8/80001013010/
80001015001,GX 339-4,BH,2015-01-13T05:36:05.760,10375.0542,GX339_4,CATALOG_POSITIVE_EXPOSURE,CATALOG_POSITIVE_EXPOSURE,PUBLIC_ARCHIVED,NOT_DOWNLOADED,NOT_ATTEMPTED,POSITION_REVIEW_REQUIRED,gx_339_4,10375.0542,10547.5321,57282,3.0807114836904663,REVIEW_REQUIRED,False,1,ToO,null,1,null,0,https://heasarc.gsfc.nasa.gov/FTP/nustar/data/obs/00/8/80001015001/
80001015002,GX 339-4,BH,2015-03-11T14:46:10.560,0.0,GX339_4,NO_POSITIVE_EXPOSURE,NO_POSITIVE_EXPOSURE,PUBLIC_ARCHIVED,NOT_DOWNLOADED,NOT_ATTEMPTED,POSITION_REVIEW_REQUIRED;NOT_SCIENCE_OBSERVATION;NONPOSITIVE_MODULE_EXPOSURE,gx_339_4,0.0,0.0,57282,,REVIEW_REQUIRED,False,0,STELLAR,null,0,null,0,https://heasarc.gsfc.nasa.gov/FTP/nustar/data/obs/00/8/80001015002/
80001015003,GX 339-4,BH,2015-03-11T15:16:07.680,30047.3881,GX339_4,CATALOG_POSITIVE_EXPOSURE,CATALOG_POSITIVE_EXPOSURE,PUBLIC_ARCHIVED,NOT_DOWNLOADED,NOT_ATTEMPTED,,gx_339_4,30047.3881,30890.6735,57282,2.2408657941914036,VERIFIED_NAME_POSITION,True,1,ToO,Solar flare,0,null,0,https://heasarc.gsfc.nasa.gov/FTP/nustar/data/obs/00/8/80001015003/
80102011001,GX 339-4,BH,2015-08-28T12:31:06.240,0.0,GX339m4,NO_POSITIVE_EXPOSURE,NO_POSITIVE_EXPOSURE,PUBLIC_ARCHIVED,NOT_DOWNLOADED,NOT_ATTEMPTED,POSITION_REVIEW_REQUIRED;NOT_SCIENCE_OBSERVATION;NONPOSITIVE_MODULE_EXPOSURE,gx_339_4,0.0,0.0,57681,,REVIEW_REQUIRED,False,0,STELLAR,null,0,null,1,https://heasarc.gsfc.nasa.gov/FTP/nustar/data/obs/01/8/80102011001/
80102011002,GX 339-4,BH,2015-08-28T13:06:05.760,21634.2068,GX339m4,CATALOG_POSITIVE_EXPOSURE,CATALOG_POSITIVE_EXPOSURE,PUBLIC_ARCHIVED,NOT_DOWNLOADED,NOT_ATTEMPTED,,gx_339_4,21634.2068,21694.4888,57681,1.586110466512694,VERIFIED_NAME_POSITION,True,1,ToO (1/6),Solar CME,0,null,1,https://heasarc.gsfc.nasa.gov/FTP/nustar/data/obs/01/8/80102011002/
80102011003,GX 339-4,BH,2015-09-02T11:46:10.560,59.6487,GX339m4,CATALOG_POSITIVE_EXPOSURE,CATALOG_POSITIVE_EXPOSURE,PUBLIC_ARCHIVED,NOT_DOWNLOADED,NOT_ATTEMPTED,,gx_339_4,59.6603,59.6487,57681,1.5945389343470087,VERIFIED_NAME_POSITION,True,0,STELLAR,null,0,null,1,https://heasarc.gsfc.nasa.gov/FTP/nustar/data/obs/01/8/80102011003/
80102011004,GX 339-4,BH,2015-09-02T12:36:08.640,18299.2216,GX339m4,CATALOG_POSITIVE_EXPOSURE,CATALOG_POSITIVE_EXPOSURE,PUBLIC_ARCHIVED,NOT_DOWNLOADED,NOT_ATTEMPTED,,gx_339_4,18299.2216,18378.1749,57681,2.0664085870057143,VERIFIED_NAME_POSITION,True,0,ToO (2/6),null,0,null,1,https://heasarc.gsfc.nasa.gov/FTP/nustar/data/obs/01/8/80102011004/
80102011005,GX 339-4,BH,2015-09-07T14:21:07.200,0.0,GX339m4,NO_POSITIVE_EXPOSURE,NO_POSITIVE_EXPOSURE,PUBLIC_ARCHIVED,NOT_DOWNLOADED,NOT_ATTEMPTED,POSITION_REVIEW_REQUIRED;NOT_SCIENCE_OBSERVATION;NONPOSITIVE_MODULE_EXPOSURE,gx_339_4,0.0,0.0,57681,,REVIEW_REQUIRED,False,0,STELLAR,null,0,null,1,https://heasarc.gsfc.nasa.gov/FTP/nustar/data/obs/01/8/80102011005/
80102011006,GX 339-4,BH,2015-09-07T14:51:04.320,19795.1604,GX339m4,CATALOG_POSITIVE_EXPOSURE,CATALOG_POSITIVE_EXPOSURE,PUBLIC_ARCHIVED,NOT_DOWNLOADED,NOT_ATTEMPTED,,gx_339_4,19795.1604,19853.3807,57681,1.6940844968667859,VERIFIED_NAME_POSITION,True,1,ToO (3/6),Solar CME,0,null,1,https://heasarc.gsfc.nasa.gov/FTP/nustar/data/obs/01/8/80102011006/
80102011007,GX 339-4,BH,2015-09-12T15:31:06.240,0.0,GX339m4,NO_POSITIVE_EXPOSURE,NO_POSITIVE_EXPOSURE,PUBLIC_ARCHIVED,NOT_DOWNLOADED,NOT_ATTEMPTED,POSITION_REVIEW_REQUIRED;NOT_SCIENCE_OBSERVATION;NONPOSITIVE_MODULE_EXPOSURE,gx_339_4,0.0,0.0,57681,,REVIEW_REQUIRED,False,0,STELLAR,null,0,null,1,https://heasarc.gsfc.nasa.gov/FTP/nustar/data/obs/01/8/80102011007/
80102011008,GX 339-4,BH,2015-09-12T15:46:04.800,21464.4696,GX339m4,CATALOG_POSITIVE_EXPOSURE,CATALOG_POSITIVE_EXPOSURE,PUBLIC_ARCHIVED,NOT_DOWNLOADED,NOT_ATTEMPTED,,gx_339_4,21464.4696,21494.7104,57681,1.3702160719019787,VERIFIED_NAME_POSITION,True,0,ToO (4/6),null,0,null,1,https://heasarc.gsfc.nasa.gov/FTP/nustar/data/obs/01/8/80102011008/
80102011009,GX 339-4,BH,2015-09-17T09:06:11.520,0.0,GX339m4,NO_POSITIVE_EXPOSURE,NO_POSITIVE_EXPOSURE,PUBLIC_ARCHIVED,NOT_DOWNLOADED,NOT_ATTEMPTED,POSITION_REVIEW_REQUIRED;NOT_SCIENCE_OBSERVATION;NONPOSITIVE_MODULE_EXPOSURE,gx_339_4,0.0,0.0,57681,,REVIEW_REQUIRED,False,0,STELLAR,null,0,null,1,https://heasarc.gsfc.nasa.gov/FTP/nustar/data/obs/01/8/80102011009/
80102011010,GX 339-4,BH,2015-09-17T10:06:05.760,38501.6651,GX339m4,CATALOG_POSITIVE_EXPOSURE,CATALOG_POSITIVE_EXPOSURE,PUBLIC_ARCHIVED,NOT_DOWNLOADED,NOT_ATTEMPTED,,gx_339_4,38501.6651,38516.8848,57681,1.7676624308870366,VERIFIED_NAME_POSITION,True,0,(5/6),null,0,null,1,https://heasarc.gsfc.nasa.gov/FTP/nustar/data/obs/01/8/80102011010/
80102011011,GX 339-4,BH,2015-09-30T00:56:09.600,0.0,GX339m4,NO_POSITIVE_EXPOSURE,NO_POSITIVE_EXPOSURE,PUBLIC_ARCHIVED,NOT_DOWNLOADED,NOT_ATTEMPTED,POSITION_REVIEW_REQUIRED;NOT_SCIENCE_OBSERVATION;NONPOSITIVE_MODULE_EXPOSURE,gx_339_4,0.0,0.0,57681,,REVIEW_REQUIRED,False,0,STELLAR,null,0,null,1,https://heasarc.gsfc.nasa.gov/FTP/nustar/data/obs/01/8/80102011011/
80102011012,GX 339-4,BH,2015-09-30T01:11:08.160,41325.892,GX339m4,CATALOG_POSITIVE_EXPOSURE,CATALOG_POSITIVE_EXPOSURE,PUBLIC_ARCHIVED,NOT_DOWNLOADED,NOT_ATTEMPTED,,gx_339_4,41333.8977,41325.892,57681,2.317346325982207,VERIFIED_NAME_POSITION,True,0,null,null,0,null,1,https://heasarc.gsfc.nasa.gov/FTP/nustar/data/obs/01/8/80102011012/
80302304001,GX 339-4,BH,2017-10-02T03:16:07.680,0.0,GX_339m4,NO_POSITIVE_EXPOSURE,NO_POSITIVE_EXPOSURE,PUBLIC_ARCHIVED,NOT_DOWNLOADED,NOT_ATTEMPTED,POSITION_REVIEW_REQUIRED;NOT_SCIENCE_OBSERVATION;NONPOSITIVE_MODULE_EXPOSURE,gx_339_4,0.0,0.0,58521,,REVIEW_REQUIRED,False,0,STELLAR,null,0,null,3,https://heasarc.gsfc.nasa.gov/FTP/nustar/data/obs/03/8/80302304001/
80302304002,GX 339-4,BH,2017-10-02T03:41:11.040,21441.5879,GX_339m4,CATALOG_POSITIVE_EXPOSURE,CATALOG_POSITIVE_EXPOSURE,PUBLIC_ARCHIVED,NOT_DOWNLOADED,NOT_ATTEMPTED,,gx_339_4,21476.0623,21441.5879,58521,2.3763393699916837,VERIFIED_NAME_POSITION,True,0,(1/4),null,0,null,3,https://heasarc.gsfc.nasa.gov/FTP/nustar/data/obs/03/8/80302304002/
80302304003,GX 339-4,BH,2017-10-25T13:31:09.120,0.0,GX_339m4,NO_POSITIVE_EXPOSURE,NO_POSITIVE_EXPOSURE,PUBLIC_ARCHIVED,NOT_DOWNLOADED,NOT_ATTEMPTED,POSITION_REVIEW_REQUIRED;NOT_SCIENCE_OBSERVATION;NONPOSITIVE_MODULE_EXPOSURE,gx_339_4,0.0,0.0,58521,,REVIEW_REQUIRED,False,0,STELLAR,null,0,null,3,https://heasarc.gsfc.nasa.gov/FTP/nustar/data/obs/03/8/80302304003/
80302304004,GX 339-4,BH,2017-10-25T13:46:07.680,17982.3345,GX_339m4,CATALOG_POSITIVE_EXPOSURE,CATALOG_POSITIVE_EXPOSURE,PUBLIC_ARCHIVED,NOT_DOWNLOADED,NOT_ATTEMPTED,,gx_339_4,17982.3345,18032.62,58521,2.8780632189768203,VERIFIED_NAME_POSITION,True,0,(2/4),null,0,null,3,https://heasarc.gsfc.nasa.gov/FTP/nustar/data/obs/03/8/80302304004/
80302304005,GX 339-4,BH,2017-11-02T21:21:10.080,18921.0656,GX_339m4,CATALOG_POSITIVE_EXPOSURE,CATALOG_POSITIVE_EXPOSURE,PUBLIC_ARCHIVED,NOT_DOWNLOADED,NOT_ATTEMPTED,,gx_339_4,18921.0656,18938.3192,58521,2.444630686501733,VERIFIED_NAME_POSITION,True,0,(3/4) ToO,null,0,null,3,https://heasarc.gsfc.nasa.gov/FTP/nustar/data/obs/03/8/80302304005/
80302304006,GX 339-4,BH,2018-01-30T07:56:12.480,0.0,GX_339m4,NO_POSITIVE_EXPOSURE,NO_POSITIVE_EXPOSURE,PUBLIC_ARCHIVED,NOT_DOWNLOADED,NOT_ATTEMPTED,POSITION_REVIEW_REQUIRED;NOT_SCIENCE_OBSERVATION;NONPOSITIVE_MODULE_EXPOSURE,gx_339_4,0.0,0.0,58521,,REVIEW_REQUIRED,False,0,STELLAR,null,0,null,3,https://heasarc.gsfc.nasa.gov/FTP/nustar/data/obs/03/8/80302304006/
80302304007,GX 339-4,BH,2018-01-30T08:41:08.160,28890.2258,GX_339m4,CATALOG_POSITIVE_EXPOSURE,CATALOG_POSITIVE_EXPOSURE,PUBLIC_ARCHIVED,NOT_DOWNLOADED,NOT_ATTEMPTED,,gx_339_4,28964.3859,28890.2258,58521,2.2366777206287995,VERIFIED_NAME_POSITION,True,0,(4/4) ToO,null,0,null,3,https://heasarc.gsfc.nasa.gov/FTP/nustar/data/obs/03/8/80302304007/
80502325001,GX 339-4,BH,2020-02-20T02:51:12.960,0.0,GX_339m4,NO_POSITIVE_EXPOSURE,NO_POSITIVE_EXPOSURE,PUBLIC_ARCHIVED,NOT_DOWNLOADED,NOT_ATTEMPTED,POSITION_REVIEW_REQUIRED;NOT_SCIENCE_OBSERVATION;NONPOSITIVE_MODULE_EXPOSURE,gx_339_4,0.0,0.0,59145,,REVIEW_REQUIRED,False,0,STELLAR,null,0,null,5,https://heasarc.gsfc.nasa.gov/FTP/nustar/data/obs/05/8/80502325001/
80502325002,GX 339-4,BH,2020-02-20T03:06:11.520,18001.0235,GX_339m4,CATALOG_POSITIVE_EXPOSURE,CATALOG_POSITIVE_EXPOSURE,PUBLIC_ARCHIVED,NOT_DOWNLOADED,NOT_ATTEMPTED,,gx_339_4,18001.0235,18005.2431,59145,2.6875701968535872,VERIFIED_NAME_POSITION,True,0,(1/4),null,0,null,5,https://heasarc.gsfc.nasa.gov/FTP/nustar/data/obs/05/8/80502325002/
80502325003,GX 339-4,BH,2020-02-29T14:51:12.960,0.0,GX_339m4,NO_POSITIVE_EXPOSURE,NO_POSITIVE_EXPOSURE,PUBLIC_ARCHIVED,NOT_DOWNLOADED,NOT_ATTEMPTED,POSITION_REVIEW_REQUIRED;NOT_SCIENCE_OBSERVATION;NONPOSITIVE_MODULE_EXPOSURE,gx_339_4,0.0,0.0,59145,,REVIEW_REQUIRED,False,0,STELLAR,null,0,null,5,https://heasarc.gsfc.nasa.gov/FTP/nustar/data/obs/05/8/80502325003/
80502325004,GX 339-4,BH,2020-02-29T15:41:11.040,20273.9833,GX_339m4,CATALOG_POSITIVE_EXPOSURE,CATALOG_POSITIVE_EXPOSURE,PUBLIC_ARCHIVED,NOT_DOWNLOADED,NOT_ATTEMPTED,,gx_339_4,20302.3817,20273.9833,59145,2.2287551111827684,VERIFIED_NAME_POSITION,True,0,(2/4),null,0,null,5,https://heasarc.gsfc.nasa.gov/FTP/nustar/data/obs/05/8/80502325004/
80502325005,GX 339-4,BH,2020-04-01T11:51:12.960,0.0,GX_339m4,NO_POSITIVE_EXPOSURE,NO_POSITIVE_EXPOSURE,PUBLIC_ARCHIVED,NOT_DOWNLOADED,NOT_ATTEMPTED,NOT_SCIENCE_OBSERVATION;NONPOSITIVE_MODULE_EXPOSURE,gx_339_4,0.0,0.0,59145,1.2579345842037337,VERIFIED_NAME_POSITION,False,0,STELLAR,null,0,null,5,https://heasarc.gsfc.nasa.gov/FTP/nustar/data/obs/05/8/80502325005/
80502325006,GX 339-4,BH,2020-04-01T12:46:13.440,21476.8674,GX_339m4,CATALOG_POSITIVE_EXPOSURE,CATALOG_POSITIVE_EXPOSURE,PUBLIC_ARCHIVED,NOT_DOWNLOADED,NOT_ATTEMPTED,,gx_339_4,21546.4259,21476.8674,59145,2.1207402306888237,VERIFIED_NAME_POSITION,True,0,(3/4) ToO,null,0,null,5,https://heasarc.gsfc.nasa.gov/FTP/nustar/data/obs/05/8/80502325006/
80502325007,GX 339-4,BH,2020-04-20T00:51:07.200,0.0,GX_339m4,NO_POSITIVE_EXPOSURE,NO_POSITIVE_EXPOSURE,PUBLIC_ARCHIVED,NOT_DOWNLOADED,NOT_ATTEMPTED,POSITION_REVIEW_REQUIRED;NOT_SCIENCE_OBSERVATION;NONPOSITIVE_MODULE_EXPOSURE,gx_339_4,0.0,0.0,59145,,REVIEW_REQUIRED,False,0,STELLAR,null,0,null,5,https://heasarc.gsfc.nasa.gov/FTP/nustar/data/obs/05/8/80502325007/
80502325008,GX 339-4,BH,2020-04-20T01:06:05.760,22248.2778,GX_339m4,CATALOG_POSITIVE_EXPOSURE,CATALOG_POSITIVE_EXPOSURE,PUBLIC_ARCHIVED,NOT_DOWNLOADED,NOT_ATTEMPTED,,gx_339_4,22395.472,22248.2778,59145,2.43167203576364,VERIFIED_NAME_POSITION,True,1,(4/4) Kp=5,Solar CME,0,null,5,https://heasarc.gsfc.nasa.gov/FTP/nustar/data/obs/05/8/80502325008/
80601302001,GX 339-4,BH,2021-05-04T22:41:05.280,0.0,GX_339m4,NO_POSITIVE_EXPOSURE,NO_POSITIVE_EXPOSURE,PUBLIC_ARCHIVED,NOT_DOWNLOADED,NOT_ATTEMPTED,POSITION_REVIEW_REQUIRED;NOT_SCIENCE_OBSERVATION;NONPOSITIVE_MODULE_EXPOSURE,gx_339_4,0.0,0.0,59528,,REVIEW_REQUIRED,False,0,STELLAR,null,0,null,6,https://heasarc.gsfc.nasa.gov/FTP/nustar/data/obs/06/8/80601302001/
80601302002,GX 339-4,BH,2021-05-04T23:01:06.240,13589.6709,GX_339m4,CATALOG_POSITIVE_EXPOSURE,CATALOG_POSITIVE_EXPOSURE,PUBLIC_ARCHIVED,NOT_DOWNLOADED,NOT_ATTEMPTED,POSITION_REVIEW_REQUIRED,gx_339_4,13589.6709,13978.6279,59528,3.061603286653163,REVIEW_REQUIRED,False,0,ToO / idiagnostics,null,0,null,6,https://heasarc.gsfc.nasa.gov/FTP/nustar/data/obs/06/8/80601302002/
80601302003,GX 339-4,BH,2021-05-05T09:56:09.600,0.0,GX_339m4,NO_POSITIVE_EXPOSURE,NO_POSITIVE_EXPOSURE,PUBLIC_ARCHIVED,NOT_DOWNLOADED,NOT_ATTEMPTED,POSITION_REVIEW_REQUIRED;NOT_SCIENCE_OBSERVATION;NONPOSITIVE_MODULE_EXPOSURE,gx_339_4,0.0,0.0,59528,,REVIEW_REQUIRED,False,0,STELLAR,null,0,null,6,https://heasarc.gsfc.nasa.gov/FTP/nustar/data/obs/06/8/80601302003/
80601302004,GX 339-4,BH,2021-05-05T10:06:05.760,4057.7276,GX_339m4,CATALOG_POSITIVE_EXPOSURE,CATALOG_POSITIVE_EXPOSURE,PUBLIC_ARCHIVED,NOT_DOWNLOADED,NOT_ATTEMPTED,,gx_339_4,4057.7276,4182.0798,59528,2.7866063450549508,VERIFIED_NAME_POSITION,True,0,ToO / idiagnostics,null,0,null,6,https://heasarc.gsfc.nasa.gov/FTP/nustar/data/obs/06/8/80601302004/
80601302005,GX 339-4,BH,2021-05-05T14:46:10.560,0.0,GX_339m4,NO_POSITIVE_EXPOSURE,NO_POSITIVE_EXPOSURE,PUBLIC_ARCHIVED,NOT_DOWNLOADED,NOT_ATTEMPTED,POSITION_REVIEW_REQUIRED;NOT_SCIENCE_OBSERVATION;NONPOSITIVE_MODULE_EXPOSURE,gx_339_4,0.0,0.0,59528,,REVIEW_REQUIRED,False,0,STELLAR,null,0,null,6,https://heasarc.gsfc.nasa.gov/FTP/nustar/data/obs/06/8/80601302005/
80601302006,GX 339-4,BH,2021-05-05T14:56:06.720,2400.8526,GX_339m4,CATALOG_POSITIVE_EXPOSURE,CATALOG_POSITIVE_EXPOSURE,PUBLIC_ARCHIVED,NOT_DOWNLOADED,NOT_ATTEMPTED,,gx_339_4,2400.8526,2467.4387,59528,2.886468747019831,VERIFIED_NAME_POSITION,True,0,ToO / idiagnostics,null,0,null,6,https://heasarc.gsfc.nasa.gov/FTP/nustar/data/obs/06/8/80601302006/
80702316001,GX 339-4,BH,2021-10-10T01:16:10.560,0.0,GX_339m4,NO_POSITIVE_EXPOSURE,NO_POSITIVE_EXPOSURE,PUBLIC_ARCHIVED,NOT_DOWNLOADED,NOT_ATTEMPTED,POSITION_REVIEW_REQUIRED;NOT_SCIENCE_OBSERVATION;NONPOSITIVE_MODULE_EXPOSURE,gx_339_4,0.0,0.0,59714,,REVIEW_REQUIRED,False,0,STELLAR,null,0,null,7,https://heasarc.gsfc.nasa.gov/FTP/nustar/data/obs/07/8/80702316001/
80702316002,GX 339-4,BH,2021-10-10T02:06:08.640,21191.3039,GX_339m4,CATALOG_POSITIVE_EXPOSURE,CATALOG_POSITIVE_EXPOSURE,PUBLIC_ARCHIVED,NOT_DOWNLOADED,NOT_ATTEMPTED,POSITION_REVIEW_REQUIRED,gx_339_4,21325.971,21191.3039,59714,3.232863316793866,REVIEW_REQUIRED,False,0,(1/3) ToO / idiagnostics,null,0,null,7,https://heasarc.gsfc.nasa.gov/FTP/nustar/data/obs/07/8/80702316002/
80702316003,GX 339-4,BH,2021-10-20T01:41:05.280,0.0,GX_339m4,NO_POSITIVE_EXPOSURE,NO_POSITIVE_EXPOSURE,PUBLIC_ARCHIVED,NOT_DOWNLOADED,NOT_ATTEMPTED,POSITION_REVIEW_REQUIRED;NOT_SCIENCE_OBSERVATION;NONPOSITIVE_MODULE_EXPOSURE,gx_339_4,0.0,0.0,59714,,REVIEW_REQUIRED,False,0,STELLAR,null,0,null,7,https://heasarc.gsfc.nasa.gov/FTP/nustar/data/obs/07/8/80702316003/
80702316004,GX 339-4,BH,2021-10-20T02:01:06.240,21166.7837,GX_339m4,CATALOG_POSITIVE_EXPOSURE,CATALOG_POSITIVE_EXPOSURE,PUBLIC_ARCHIVED,NOT_DOWNLOADED,NOT_ATTEMPTED,POSITION_REVIEW_REQUIRED,gx_339_4,21341.2545,21166.7837,59714,3.639183774429167,REVIEW_REQUIRED,False,0,(2/3) ToO,null,0,null,7,https://heasarc.gsfc.nasa.gov/FTP/nustar/data/obs/07/8/80702316004/
80702316005,GX 339-4,BH,2021-11-02T08:26:09.600,17690.0296,GX_339m4,CATALOG_POSITIVE_EXPOSURE,CATALOG_POSITIVE_EXPOSURE,PUBLIC_ARCHIVED,NOT_DOWNLOADED,NOT_ATTEMPTED,POSITION_REVIEW_REQUIRED,gx_339_4,17820.8196,17690.0296,59714,3.7781077972536394,REVIEW_REQUIRED,False,0,(3/3) ToO,null,0,null,7,https://heasarc.gsfc.nasa.gov/FTP/nustar/data/obs/07/8/80702316005/
80801341001,GX 339-4,BH,2022-09-11T04:41:05.280,0.0,GX_339m4,NO_POSITIVE_EXPOSURE,NO_POSITIVE_EXPOSURE,PUBLIC_ARCHIVED,NOT_DOWNLOADED,NOT_ATTEMPTED,POSITION_REVIEW_REQUIRED;NOT_SCIENCE_OBSERVATION;NONPOSITIVE_MODULE_EXPOSURE,gx_339_4,0.0,0.0,60029,,REVIEW_REQUIRED,False,0,STELLAR,null,0,null,8,https://heasarc.gsfc.nasa.gov/FTP/nustar/data/obs/08/8/80801341001/
80801341002,GX 339-4,BH,2022-09-11T05:11:11.040,20840.8808,GX_339m4,CATALOG_POSITIVE_EXPOSURE,CATALOG_POSITIVE_EXPOSURE,PUBLIC_ARCHIVED,NOT_DOWNLOADED,NOT_ATTEMPTED,POSITION_REVIEW_REQUIRED,gx_339_4,20992.3866,20840.8808,60029,3.240182877200426,REVIEW_REQUIRED,False,1,ToO / idiagnostics / SL-B1 (XTE J1701-462),null,0,null,8,https://heasarc.gsfc.nasa.gov/FTP/nustar/data/obs/08/8/80801341002/
80802320001,GX 339-4,BH,2022-09-01T15:06:11.520,0.0,GX339m4,NO_POSITIVE_EXPOSURE,NO_POSITIVE_EXPOSURE,PUBLIC_ARCHIVED,NOT_DOWNLOADED,NOT_ATTEMPTED,POSITION_REVIEW_REQUIRED;NOT_SCIENCE_OBSERVATION;NONPOSITIVE_MODULE_EXPOSURE,gx_339_4,0.0,0.0,60562,,REVIEW_REQUIRED,False,0,STELLAR,null,0,null,8,https://heasarc.gsfc.nasa.gov/FTP/nustar/data/obs/08/8/80802320001/
80802320002,GX 339-4,BH,2022-09-01T15:16:07.680,21189.5195,GX339m4,CATALOG_POSITIVE_EXPOSURE,CATALOG_POSITIVE_EXPOSURE,PUBLIC_ARCHIVED,NOT_DOWNLOADED,NOT_ATTEMPTED,,gx_339_4,21311.3464,21189.5195,60562,2.863078513320393,VERIFIED_NAME_POSITION,True,1,(1/3) ToO / idiagnostics / SL-B01 (1701-462),null,0,null,8,https://heasarc.gsfc.nasa.gov/FTP/nustar/data/obs/08/8/80802320002/
80902342001,GX 339-4,BH,2024-03-10T01:41:05.280,361.9643,GX_339m4,CATALOG_POSITIVE_EXPOSURE,CATALOG_POSITIVE_EXPOSURE,PUBLIC_ARCHIVED,NOT_DOWNLOADED,NOT_ATTEMPTED,POSITION_REVIEW_REQUIRED,gx_339_4,362.1068,361.9643,60835,4.002128332903904,REVIEW_REQUIRED,False,0,STELLAR,null,0,null,9,https://heasarc.gsfc.nasa.gov/FTP/nustar/data/obs/09/8/80902342001/
80902342002,GX 339-4,BH,2024-03-10T02:31:12.000,19461.0154,GX_339m4,CATALOG_POSITIVE_EXPOSURE,CATALOG_POSITIVE_EXPOSURE,PUBLIC_ARCHIVED,NOT_DOWNLOADED,NOT_ATTEMPTED,POSITION_REVIEW_REQUIRED,gx_339_4,19483.8697,19461.0154,60835,3.356227889547623,REVIEW_REQUIRED,False,0,(1/2) ToO,null,0,null,9,https://heasarc.gsfc.nasa.gov/FTP/nustar/data/obs/09/8/80902342002/
81002317001,GX 339-4,BH,2025-08-22T10:01:12.000,0.0,GX339m4,NO_POSITIVE_EXPOSURE,NO_POSITIVE_EXPOSURE,processed,NOT_DOWNLOADED,NOT_ATTEMPTED,POSITION_REVIEW_REQUIRED;NOT_PUBLIC_ARCHIVED;NOT_SCIENCE_OBSERVATION;NONPOSITIVE_MODULE_EXPOSURE,gx_339_4,0.0,0.0,null,,REVIEW_REQUIRED,False,null,ToO,null,0,null,10,https://heasarc.gsfc.nasa.gov/FTP/nustar/data/obs/10/8/81002317001/
81002317002,GX 339-4,BH,2025-08-22T10:16:10.560,17868.7981,GX339m4,CATALOG_POSITIVE_EXPOSURE,CATALOG_POSITIVE_EXPOSURE,processed,NOT_DOWNLOADED,NOT_ATTEMPTED,POSITION_REVIEW_REQUIRED;NOT_PUBLIC_ARCHIVED,gx_339_4,18019.8492,17868.7981,null,3.162042596846702,REVIEW_REQUIRED,False,1,ToO (1/10) / Solar flare,Solar flare,0,null,10,https://heasarc.gsfc.nasa.gov/FTP/nustar/data/obs/10/8/81002317002/
81002317003,GX 339-4,BH,2025-08-28T15:11:05.280,0.0,GX339m4,NO_POSITIVE_EXPOSURE,NO_POSITIVE_EXPOSURE,processed,NOT_DOWNLOADED,NOT_ATTEMPTED,POSITION_REVIEW_REQUIRED;NOT_PUBLIC_ARCHIVED;NOT_SCIENCE_OBSERVATION;NONPOSITIVE_MODULE_EXPOSURE,gx_339_4,0.0,0.0,null,,REVIEW_REQUIRED,False,null,ToO,null,0,null,10,https://heasarc.gsfc.nasa.gov/FTP/nustar/data/obs/10/8/81002317003/
81002317004,GX 339-4,BH,2025-08-28T15:46:13.440,20127.977,GX339m4,CATALOG_POSITIVE_EXPOSURE,CATALOG_POSITIVE_EXPOSURE,processed,NOT_DOWNLOADED,NOT_ATTEMPTED,NOT_PUBLIC_ARCHIVED,gx_339_4,20300.3428,20127.977,null,2.236641256957473,VERIFIED_NAME_POSITION,False,null,ToO (2/10),null,0,null,10,https://heasarc.gsfc.nasa.gov/FTP/nustar/data/obs/10/8/81002317004/
81002317005,GX 339-4,BH,2025-09-03T21:11:05.280,0.0,GX339m4,NO_POSITIVE_EXPOSURE,NO_POSITIVE_EXPOSURE,processed,NOT_DOWNLOADED,NOT_ATTEMPTED,POSITION_REVIEW_REQUIRED;NOT_PUBLIC_ARCHIVED;NOT_SCIENCE_OBSERVATION;NONPOSITIVE_MODULE_EXPOSURE,gx_339_4,0.0,0.0,null,,REVIEW_REQUIRED,False,null,ToO,null,0,null,10,https://heasarc.gsfc.nasa.gov/FTP/nustar/data/obs/10/8/81002317005/
81002317006,GX 339-4,BH,2025-09-03T21:41:11.040,18888.4893,GX339m4,CATALOG_POSITIVE_EXPOSURE,CATALOG_POSITIVE_EXPOSURE,processed,NOT_DOWNLOADED,NOT_ATTEMPTED,NOT_PUBLIC_ARCHIVED,gx_339_4,19057.0651,18888.4893,null,2.702206050566028,VERIFIED_NAME_POSITION,False,null,ToO (3/10),null,0,null,10,https://heasarc.gsfc.nasa.gov/FTP/nustar/data/obs/10/8/81002317006/
81002317007,GX 339-4,BH,2025-09-06T01:21:12.960,0.0,GX339m4,NO_POSITIVE_EXPOSURE,NO_POSITIVE_EXPOSURE,processed,NOT_DOWNLOADED,NOT_ATTEMPTED,POSITION_REVIEW_REQUIRED;NOT_PUBLIC_ARCHIVED;NOT_SCIENCE_OBSERVATION;NONPOSITIVE_MODULE_EXPOSURE,gx_339_4,0.0,0.0,null,,REVIEW_REQUIRED,False,null,ToO,null,0,null,10,https://heasarc.gsfc.nasa.gov/FTP/nustar/data/obs/10/8/81002317007/
81002317008,GX 339-4,BH,2025-09-06T02:16:13.440,20599.0971,GX339m4,CATALOG_POSITIVE_EXPOSURE,CATALOG_POSITIVE_EXPOSURE,processed,NOT_DOWNLOADED,NOT_ATTEMPTED,NOT_PUBLIC_ARCHIVED,gx_339_4,20796.0948,20599.0971,null,2.922912479040008,VERIFIED_NAME_POSITION,False,null,ToO (4/10),null,0,null,10,https://heasarc.gsfc.nasa.gov/FTP/nustar/data/obs/10/8/81002317008/
81002317009,GX 339-4,BH,2025-09-10T16:31:09.120,0.0,GX339m4,NO_POSITIVE_EXPOSURE,NO_POSITIVE_EXPOSURE,processed,NOT_DOWNLOADED,NOT_ATTEMPTED,POSITION_REVIEW_REQUIRED;NOT_PUBLIC_ARCHIVED;NOT_SCIENCE_OBSERVATION;NONPOSITIVE_MODULE_EXPOSURE,gx_339_4,0.0,0.0,null,,REVIEW_REQUIRED,False,null,ToO,null,0,null,10,https://heasarc.gsfc.nasa.gov/FTP/nustar/data/obs/10/8/81002317009/
81002317010,GX 339-4,BH,2025-09-10T17:31:12.000,18825.4621,GX339m4,CATALOG_POSITIVE_EXPOSURE,CATALOG_POSITIVE_EXPOSURE,processed,NOT_DOWNLOADED,NOT_ATTEMPTED,NOT_PUBLIC_ARCHIVED,gx_339_4,18989.5951,18825.4621,null,2.5626778651128186,VERIFIED_NAME_POSITION,False,null,ToO (5/10),null,0,null,10,https://heasarc.gsfc.nasa.gov/FTP/nustar/data/obs/10/8/81002317010/
81002317011,GX 339-4,BH,2026-02-06T17:31:12.000,319.7933,GX339m4,CATALOG_POSITIVE_EXPOSURE,CATALOG_POSITIVE_EXPOSURE,processed,NOT_DOWNLOADED,NOT_ATTEMPTED,POSITION_REVIEW_REQUIRED;NOT_PUBLIC_ARCHIVED,gx_339_4,322.1279,319.7933,null,3.0416598988181853,REVIEW_REQUIRED,False,null,ToO,null,0,null,10,https://heasarc.gsfc.nasa.gov/FTP/nustar/data/obs/10/8/81002317011/
81002317012,GX 339-4,BH,2026-02-06T17:51:12.960,20769.7897,GX339m4,CATALOG_POSITIVE_EXPOSURE,CATALOG_POSITIVE_EXPOSURE,processed,NOT_DOWNLOADED,NOT_ATTEMPTED,POSITION_REVIEW_REQUIRED;NOT_PUBLIC_ARCHIVED,gx_339_4,20973.9965,20769.7897,null,3.741536321241329,REVIEW_REQUIRED,False,null,ToO (5/10),null,0,null,10,https://heasarc.gsfc.nasa.gov/FTP/nustar/data/obs/10/8/81002317012/
81002317013,GX 339-4,BH,2026-02-15T00:26:12.480,399.5649,GX339m4,CATALOG_POSITIVE_EXPOSURE,CATALOG_POSITIVE_EXPOSURE,processed,NOT_DOWNLOADED,NOT_ATTEMPTED,POSITION_REVIEW_REQUIRED;NOT_PUBLIC_ARCHIVED,gx_339_4,402.9196,399.5649,null,4.268203540691147,REVIEW_REQUIRED,False,null,ToO,null,0,null,10,https://heasarc.gsfc.nasa.gov/FTP/nustar/data/obs/10/8/81002317013/
81002317014,GX 339-4,BH,2026-02-15T00:46:13.440,22557.4132,GX339m4,CATALOG_POSITIVE_EXPOSURE,CATALOG_POSITIVE_EXPOSURE,processed,NOT_DOWNLOADED,NOT_ATTEMPTED,POSITION_REVIEW_REQUIRED;NOT_PUBLIC_ARCHIVED,gx_339_4,22813.1043,22557.4132,null,3.5062352775367076,REVIEW_REQUIRED,False,1,ToO (7/10) / Solar CME,Solar CME,0,null,10,https://heasarc.gsfc.nasa.gov/FTP/nustar/data/obs/10/8/81002317014/
81002317015,GX 339-4,BH,2026-02-22T01:06:05.760,454.5472,GX339m4,CATALOG_POSITIVE_EXPOSURE,CATALOG_POSITIVE_EXPOSURE,processed,NOT_DOWNLOADED,NOT_ATTEMPTED,POSITION_REVIEW_REQUIRED;NOT_PUBLIC_ARCHIVED,gx_339_4,459.3846,454.5472,null,3.615332362250762,REVIEW_REQUIRED,False,null,ToO,null,0,null,10,https://heasarc.gsfc.nasa.gov/FTP/nustar/data/obs/10/8/81002317015/
81002317016,GX 339-4,BH,2026-02-22T01:31:09.120,23373.62,GX339m4,CATALOG_POSITIVE_EXPOSURE,CATALOG_POSITIVE_EXPOSURE,processed,NOT_DOWNLOADED,NOT_ATTEMPTED,POSITION_REVIEW_REQUIRED;NOT_PUBLIC_ARCHIVED,gx_339_4,23629.8264,23373.62,null,3.5368924812239193,REVIEW_REQUIRED,False,1,ToO (8/10) / Solar CME,Solar CME,0,null,10,https://heasarc.gsfc.nasa.gov/FTP/nustar/data/obs/10/8/81002317016/
81002317017,GX 339-4,BH,2026-03-02T23:26:09.600,512.9983,GX339m4,CATALOG_POSITIVE_EXPOSURE,CATALOG_POSITIVE_EXPOSURE,processed,NOT_DOWNLOADED,NOT_ATTEMPTED,POSITION_REVIEW_REQUIRED;NOT_PUBLIC_ARCHIVED,gx_339_4,518.8234,512.9983,null,3.1355125216450506,REVIEW_REQUIRED,False,null,ToO,null,0,null,10,https://heasarc.gsfc.nasa.gov/FTP/nustar/data/obs/10/8/81002317017/
81002317018,GX 339-4,BH,2026-03-03T00:21:10.080,21175.0127,GX339m4,CATALOG_POSITIVE_EXPOSURE,CATALOG_POSITIVE_EXPOSURE,processed,NOT_DOWNLOADED,NOT_ATTEMPTED,POSITION_REVIEW_REQUIRED;NOT_PUBLIC_ARCHIVED,gx_339_4,21397.7402,21175.0127,null,3.7079708316926183,REVIEW_REQUIRED,False,null,ToO (9/10),null,0,null,10,https://heasarc.gsfc.nasa.gov/FTP/nustar/data/obs/10/8/81002317018/
81002317019,GX 339-4,BH,2026-03-08T03:51:07.200,530.1175,GX339m4,CATALOG_POSITIVE_EXPOSURE,CATALOG_POSITIVE_EXPOSURE,processed,NOT_DOWNLOADED,NOT_ATTEMPTED,NOT_PUBLIC_ARCHIVED,gx_339_4,535.7678,530.1175,null,2.1348413208765034,VERIFIED_NAME_POSITION,False,null,ToO,null,0,null,10,https://heasarc.gsfc.nasa.gov/FTP/nustar/data/obs/10/8/81002317019/
81002317020,GX 339-4,BH,2026-03-08T04:31:09.120,26133.3252,GX339m4,CATALOG_POSITIVE_EXPOSURE,CATALOG_POSITIVE_EXPOSURE,processed,NOT_DOWNLOADED,NOT_ATTEMPTED,POSITION_REVIEW_REQUIRED;NOT_PUBLIC_ARCHIVED,gx_339_4,26397.6917,26133.3252,null,3.1293104348091565,REVIEW_REQUIRED,False,null,ToO (10/10),null,0,null,10,https://heasarc.gsfc.nasa.gov/FTP/nustar/data/obs/10/8/81002317020/
81160302001,GX 339-4,BH,2025-08-26T17:01:06.240,0.0,GX339m4,NO_POSITIVE_EXPOSURE,NO_POSITIVE_EXPOSURE,PUBLIC_ARCHIVED,NOT_DOWNLOADED,NOT_ATTEMPTED,POSITION_REVIEW_REQUIRED;NOT_SCIENCE_OBSERVATION;NONPOSITIVE_MODULE_EXPOSURE,gx_339_4,0.0,0.0,61100,,REVIEW_REQUIRED,False,null,ToO,null,0,null,11,https://heasarc.gsfc.nasa.gov/FTP/nustar/data/obs/11/8/81160302001/
81160302002,GX 339-4,BH,2025-08-26T17:31:12.000,22532.8033,GX339m4,CATALOG_POSITIVE_EXPOSURE,CATALOG_POSITIVE_EXPOSURE,PUBLIC_ARCHIVED,NOT_DOWNLOADED,NOT_ATTEMPTED,POSITION_REVIEW_REQUIRED,gx_339_4,22736.798,22532.8033,61100,3.5811563785155034,REVIEW_REQUIRED,False,null,ToO (1/2),null,0,null,11,https://heasarc.gsfc.nasa.gov/FTP/nustar/data/obs/11/8/81160302002/
81160302003,GX 339-4,BH,2025-08-31T05:41:08.160,0.0,GX339m4,NO_POSITIVE_EXPOSURE,NO_POSITIVE_EXPOSURE,PUBLIC_ARCHIVED,NOT_DOWNLOADED,NOT_ATTEMPTED,POSITION_REVIEW_REQUIRED;NOT_SCIENCE_OBSERVATION;NONPOSITIVE_MODULE_EXPOSURE,gx_339_4,0.0,0.0,61104,,REVIEW_REQUIRED,False,null,ToO,null,0,null,11,https://heasarc.gsfc.nasa.gov/FTP/nustar/data/obs/11/8/81160302003/
81160302004,GX 339-4,BH,2025-08-31T06:01:09.120,19644.0338,GX339m4,CATALOG_POSITIVE_EXPOSURE,CATALOG_POSITIVE_EXPOSURE,PUBLIC_ARCHIVED,NOT_DOWNLOADED,NOT_ATTEMPTED,,gx_339_4,19809.4816,19644.0338,61104,2.7563921427778935,VERIFIED_NAME_POSITION,True,null,ToO (2/2),null,0,null,11,https://heasarc.gsfc.nasa.gov/FTP/nustar/data/obs/11/8/81160302004/
81160302005,GX 339-4,BH,2025-09-13T14:56:06.720,0.0,GX339m4,NO_POSITIVE_EXPOSURE,NO_POSITIVE_EXPOSURE,PUBLIC_ARCHIVED,NOT_DOWNLOADED,NOT_ATTEMPTED,POSITION_REVIEW_REQUIRED;NOT_SCIENCE_OBSERVATION;NONPOSITIVE_MODULE_EXPOSURE,gx_339_4,0.0,0.0,61118,,REVIEW_REQUIRED,False,null,ToO,null,0,null,11,https://heasarc.gsfc.nasa.gov/FTP/nustar/data/obs/11/8/81160302005/
81160302006,GX 339-4,BH,2025-09-13T15:46:13.440,22453.5983,GX339m4,CATALOG_POSITIVE_EXPOSURE,CATALOG_POSITIVE_EXPOSURE,PUBLIC_ARCHIVED,NOT_DOWNLOADED,NOT_ATTEMPTED,,gx_339_4,22630.4141,22453.5983,61118,2.8312345307026154,VERIFIED_NAME_POSITION,True,null,ToO (3/3),null,0,null,11,https://heasarc.gsfc.nasa.gov/FTP/nustar/data/obs/11/8/81160302006/
81202344,GX 339-4,BH,,-60000.0,GX_339m4,NO_POSITIVE_EXPOSURE,NO_POSITIVE_EXPOSURE,accepted,NOT_DOWNLOADED,NOT_ATTEMPTED,NOT_PUBLIC_ARCHIVED;NOT_SCIENCE_OBSERVATION;NONPOSITIVE_MODULE_EXPOSURE,gx_339_4,-60000.0,-60000.0,null,0.0052852783539104106,VERIFIED_NAME_POSITION,False,0,null,null,0,0,12,https://heasarc.gsfc.nasa.gov/FTP/nustar/data/obs/12/8/81202344/
90401369001,GX 339-4,BH,2018-12-19T03:31:06.240,0.0,GX_339m4,NO_POSITIVE_EXPOSURE,NO_POSITIVE_EXPOSURE,PUBLIC_ARCHIVED,NOT_DOWNLOADED,NOT_ATTEMPTED,POSITION_REVIEW_REQUIRED;NOT_SCIENCE_OBSERVATION;NONPOSITIVE_MODULE_EXPOSURE,gx_339_4,0.0,0.0,58476,,REVIEW_REQUIRED,False,0,STELLAR,null,0,null,4,https://heasarc.gsfc.nasa.gov/FTP/nustar/data/obs/04/9/90401369001/
90401369002,GX 339-4,BH,2018-12-19T04:16:10.560,628.1749,GX_339m4,CATALOG_POSITIVE_EXPOSURE,CATALOG_POSITIVE_EXPOSURE,PUBLIC_ARCHIVED,NOT_DOWNLOADED,NOT_ATTEMPTED,,gx_339_4,632.9917,628.1749,58476,2.8097289322217325,VERIFIED_NAME_POSITION,True,1,DDT / Sun proximity / reduced CHU4 astrometry,null,0,null,4,https://heasarc.gsfc.nasa.gov/FTP/nustar/data/obs/04/9/90401369002/
90401369003,GX 339-4,BH,2019-01-05T14:16:13.440,0.0,GX_339m4,NO_POSITIVE_EXPOSURE,NO_POSITIVE_EXPOSURE,PUBLIC_ARCHIVED,NOT_DOWNLOADED,NOT_ATTEMPTED,NOT_SCIENCE_OBSERVATION;NONPOSITIVE_MODULE_EXPOSURE,gx_339_4,0.0,0.0,58507,2.471130226496927,VERIFIED_NAME_POSITION,False,0,STELLAR,null,0,null,4,https://heasarc.gsfc.nasa.gov/FTP/nustar/data/obs/04/9/90401369003/
90401369004,GX 339-4,BH,2019-01-05T15:11:05.280,3616.3238,GX_339m4,CATALOG_POSITIVE_EXPOSURE,CATALOG_POSITIVE_EXPOSURE,PUBLIC_ARCHIVED,NOT_DOWNLOADED,NOT_ATTEMPTED,POSITION_REVIEW_REQUIRED,gx_339_4,3621.4675,3616.3238,58507,3.778864257624418,REVIEW_REQUIRED,False,1,DDT / Sun proximity / reduced CHU4 astrometry,null,0,null,4,https://heasarc.gsfc.nasa.gov/FTP/nustar/data/obs/04/9/90401369004/
90502356001,GX 339-4,BH,2019-12-15T19:16:10.560,0.0,GX_339m4,NO_POSITIVE_EXPOSURE,NO_POSITIVE_EXPOSURE,PUBLIC_ARCHIVED,NOT_DOWNLOADED,NOT_ATTEMPTED,POSITION_REVIEW_REQUIRED;NOT_SCIENCE_OBSERVATION;NONPOSITIVE_MODULE_EXPOSURE,gx_339_4,0.0,0.0,58837,,REVIEW_REQUIRED,False,0,STELLAR,null,0,null,5,https://heasarc.gsfc.nasa.gov/FTP/nustar/data/obs/05/9/90502356001/
90502356002,GX 339-4,BH,2019-12-15T19:51:10.080,0.0,GX_339m4,NO_POSITIVE_EXPOSURE,NO_POSITIVE_EXPOSURE,PUBLIC_ARCHIVED,NOT_DOWNLOADED,NOT_ATTEMPTED,NONPOSITIVE_MODULE_EXPOSURE,gx_339_4,0.0,0.0,58837,1.8983652815856829,VERIFIED_NAME_POSITION,False,1,(1/2) ToO / Sun proximity no CHU4,null,0,null,5,https://heasarc.gsfc.nasa.gov/FTP/nustar/data/obs/05/9/90502356002/
90502356003,GX 339-4,BH,2019-12-29T13:31:09.120,0.0,GX_339m4,NO_POSITIVE_EXPOSURE,NO_POSITIVE_EXPOSURE,PUBLIC_ARCHIVED,NOT_DOWNLOADED,NOT_ATTEMPTED,POSITION_REVIEW_REQUIRED;NOT_SCIENCE_OBSERVATION;NONPOSITIVE_MODULE_EXPOSURE,gx_339_4,0.0,0.0,58851,,REVIEW_REQUIRED,False,0,STELLAR,null,0,null,5,https://heasarc.gsfc.nasa.gov/FTP/nustar/data/obs/05/9/90502356003/
90502356004,GX 339-4,BH,2019-12-29T14:01:06.240,643.862,GX_339m4,CATALOG_POSITIVE_EXPOSURE,CATALOG_POSITIVE_EXPOSURE,PUBLIC_ARCHIVED,NOT_DOWNLOADED,NOT_ATTEMPTED,,gx_339_4,643.862,668.7722,58851,2.7660140552689714,VERIFIED_NAME_POSITION,True,1,(2/2) ToO / Sun proximity / reduced CHU4 astrometry,null,0,null,5,https://heasarc.gsfc.nasa.gov/FTP/nustar/data/obs/05/9/90502356004/
90702303001,GX 339-4,BH,2021-01-23T21:46:13.440,24906.2851,GX_339m4,CATALOG_POSITIVE_EXPOSURE,CATALOG_POSITIVE_EXPOSURE,PUBLIC_ARCHIVED,NOT_DOWNLOADED,NOT_ATTEMPTED,POSITION_REVIEW_REQUIRED,gx_339_4,25071.0489,24906.2851,59246,3.5396557769151378,REVIEW_REQUIRED,False,0,ToO / INERTIAL only,null,0,null,7,https://heasarc.gsfc.nasa.gov/FTP/nustar/data/obs/07/9/90702303001/
90702303002,GX 339-4,BH,2021-02-05T23:26:09.600,0.0,GX_339m4,NO_POSITIVE_EXPOSURE,NO_POSITIVE_EXPOSURE,PUBLIC_ARCHIVED,NOT_DOWNLOADED,NOT_ATTEMPTED,POSITION_REVIEW_REQUIRED;NOT_SCIENCE_OBSERVATION;NONPOSITIVE_MODULE_EXPOSURE,gx_339_4,0.0,0.0,59260,,REVIEW_REQUIRED,False,0,STELLAR,null,0,null,7,https://heasarc.gsfc.nasa.gov/FTP/nustar/data/obs/07/9/90702303002/
90702303003,GX 339-4,BH,2021-02-05T23:56:06.720,21925.5468,GX_339m4,CATALOG_POSITIVE_EXPOSURE,CATALOG_POSITIVE_EXPOSURE,PUBLIC_ARCHIVED,NOT_DOWNLOADED,NOT_ATTEMPTED,POSITION_REVIEW_REQUIRED,gx_339_4,21925.5468,21937.6927,59260,3.5630629636835454,REVIEW_REQUIRED,False,0,(2/2) ToO,null,0,null,7,https://heasarc.gsfc.nasa.gov/FTP/nustar/data/obs/07/9/90702303003/
90702303004,GX 339-4,BH,2021-02-20T09:36:08.640,0.0,GX_339m4,NO_POSITIVE_EXPOSURE,NO_POSITIVE_EXPOSURE,PUBLIC_ARCHIVED,NOT_DOWNLOADED,NOT_ATTEMPTED,POSITION_REVIEW_REQUIRED;NOT_SCIENCE_OBSERVATION;NONPOSITIVE_MODULE_EXPOSURE,gx_339_4,0.0,0.0,59274,,REVIEW_REQUIRED,False,0,STELLAR,null,0,null,7,https://heasarc.gsfc.nasa.gov/FTP/nustar/data/obs/07/9/90702303004/
90702303005,GX 339-4,BH,2021-02-20T10:06:05.760,20947.9282,GX_339m4,CATALOG_POSITIVE_EXPOSURE,CATALOG_POSITIVE_EXPOSURE,PUBLIC_ARCHIVED,NOT_DOWNLOADED,NOT_ATTEMPTED,POSITION_REVIEW_REQUIRED,gx_339_4,20947.9282,21113.7675,59274,3.5227801868939914,REVIEW_REQUIRED,False,0,(3/4) ToO,null,0,null,7,https://heasarc.gsfc.nasa.gov/FTP/nustar/data/obs/07/9/90702303005/
90702303006,GX 339-4,BH,2021-03-07T23:01:06.240,0.0,GX_339m4,NO_POSITIVE_EXPOSURE,NO_POSITIVE_EXPOSURE,PUBLIC_ARCHIVED,NOT_DOWNLOADED,NOT_ATTEMPTED,POSITION_REVIEW_REQUIRED;NOT_SCIENCE_OBSERVATION;NONPOSITIVE_MODULE_EXPOSURE,gx_339_4,0.0,0.0,59288,3.252807108041737,REVIEW_REQUIRED,False,0,STELLAR,null,0,null,7,https://heasarc.gsfc.nasa.gov/FTP/nustar/data/obs/07/9/90702303006/
90702303007,GX 339-4,BH,2021-03-07T23:46:10.560,23415.9263,GX_339m4,CATALOG_POSITIVE_EXPOSURE,CATALOG_POSITIVE_EXPOSURE,PUBLIC_ARCHIVED,NOT_DOWNLOADED,NOT_ATTEMPTED,POSITION_REVIEW_REQUIRED,gx_339_4,23415.9263,23615.2478,59288,3.145197963792969,REVIEW_REQUIRED,False,0,(2/2) ToO,null,0,null,7,https://heasarc.gsfc.nasa.gov/FTP/nustar/data/obs/07/9/90702303007/
90702303008,GX 339-4,BH,2021-03-26T11:31:12.000,0.0,GX_339m4,NO_POSITIVE_EXPOSURE,NO_POSITIVE_EXPOSURE,PUBLIC_ARCHIVED,NOT_DOWNLOADED,NOT_ATTEMPTED,POSITION_REVIEW_REQUIRED;NOT_SCIENCE_OBSERVATION;NONPOSITIVE_MODULE_EXPOSURE,gx_339_4,0.0,0.0,59309,,REVIEW_REQUIRED,False,0,STELLAR,null,0,null,7,https://heasarc.gsfc.nasa.gov/FTP/nustar/data/obs/07/9/90702303008/
90702303009,GX 339-4,BH,2021-03-26T12:06:11.520,15788.0519,GX_339m4,CATALOG_POSITIVE_EXPOSURE,CATALOG_POSITIVE_EXPOSURE,PUBLIC_ARCHIVED,NOT_DOWNLOADED,NOT_ATTEMPTED,POSITION_REVIEW_REQUIRED,gx_339_4,15788.0519,16069.9933,59309,3.0589828094977345,REVIEW_REQUIRED,False,0,(1/2) ToO,null,0,null,7,https://heasarc.gsfc.nasa.gov/FTP/nustar/data/obs/07/9/90702303009/
90702303010,GX 339-4,BH,2021-04-01T19:01:12.000,0.0,GX_339m4,NO_POSITIVE_EXPOSURE,NO_POSITIVE_EXPOSURE,PUBLIC_ARCHIVED,NOT_DOWNLOADED,NOT_ATTEMPTED,POSITION_REVIEW_REQUIRED;NOT_SCIENCE_OBSERVATION;NONPOSITIVE_MODULE_EXPOSURE,gx_339_4,0.0,0.0,59316,,REVIEW_REQUIRED,False,0,STELLAR,null,0,null,7,https://heasarc.gsfc.nasa.gov/FTP/nustar/data/obs/07/9/90702303010/
90702303011,GX 339-4,BH,2021-04-01T19:21:12.960,14753.1363,GX_339m4,CATALOG_POSITIVE_EXPOSURE,CATALOG_POSITIVE_EXPOSURE,PUBLIC_ARCHIVED,NOT_DOWNLOADED,NOT_ATTEMPTED,POSITION_REVIEW_REQUIRED,gx_339_4,14753.1363,15045.8173,59316,3.0445366916282244,REVIEW_REQUIRED,False,0,(2/2) ToO,null,0,null,7,https://heasarc.gsfc.nasa.gov/FTP/nustar/data/obs/07/9/90702303011/
90702303012,GX 339-4,BH,2021-04-23T19:06:05.760,0.0,GX_339m4,NO_POSITIVE_EXPOSURE,NO_POSITIVE_EXPOSURE,PUBLIC_ARCHIVED,NOT_DOWNLOADED,NOT_ATTEMPTED,POSITION_REVIEW_REQUIRED;NOT_SCIENCE_OBSERVATION;NONPOSITIVE_MODULE_EXPOSURE,gx_339_4,0.0,0.0,59337,,REVIEW_REQUIRED,False,0,STELLAR,null,0,null,7,https://heasarc.gsfc.nasa.gov/FTP/nustar/data/obs/07/9/90702303012/
90702303013,GX 339-4,BH,2021-04-23T19:41:05.280,20143.4631,GX_339m4,CATALOG_POSITIVE_EXPOSURE,CATALOG_POSITIVE_EXPOSURE,PUBLIC_ARCHIVED,NOT_DOWNLOADED,NOT_ATTEMPTED,POSITION_REVIEW_REQUIRED,gx_339_4,20143.4631,20696.1555,59337,3.2607922596867764,REVIEW_REQUIRED,False,0,(1/2) ToO,null,0,null,7,https://heasarc.gsfc.nasa.gov/FTP/nustar/data/obs/07/9/90702303013/
91001302001,GX 339-4,BH,2024-01-19T00:51:07.200,18636.8074,GX339m4,CATALOG_POSITIVE_EXPOSURE,CATALOG_POSITIVE_EXPOSURE,PUBLIC_ARCHIVED,NOT_DOWNLOADED,NOT_ATTEMPTED,POSITION_REVIEW_REQUIRED,gx_339_4,18636.8074,18748.528,60338,3.576225142775587,REVIEW_REQUIRED,False,0,DDT,null,0,null,10,https://heasarc.gsfc.nasa.gov/FTP/nustar/data/obs/10/9/91001302001/
91001304001,GX 339-4,BH,2024-01-31T12:01:09.120,0.0,GX339m4,NO_POSITIVE_EXPOSURE,NO_POSITIVE_EXPOSURE,PUBLIC_ARCHIVED,NOT_DOWNLOADED,NOT_ATTEMPTED,POSITION_REVIEW_REQUIRED;NOT_SCIENCE_OBSERVATION;NONPOSITIVE_MODULE_EXPOSURE,gx_339_4,0.0,0.0,60352,,REVIEW_REQUIRED,False,0,STELLAR,null,0,null,10,https://heasarc.gsfc.nasa.gov/FTP/nustar/data/obs/10/9/91001304001/
91001304002,GX 339-4,BH,2024-01-31T13:01:12.000,17275.6279,GX339m4,CATALOG_POSITIVE_EXPOSURE,CATALOG_POSITIVE_EXPOSURE,PUBLIC_ARCHIVED,NOT_DOWNLOADED,NOT_ATTEMPTED,POSITION_REVIEW_REQUIRED,gx_339_4,17275.6279,17604.2025,60352,4.324041039190634,REVIEW_REQUIRED,False,0,DDT PI Garcia,null,0,null,10,https://heasarc.gsfc.nasa.gov/FTP/nustar/data/obs/10/9/91001304002/
91002306001,GX 339-4,BH,2024-02-14T16:26:06.720,0.0,GX339m4,NO_POSITIVE_EXPOSURE,NO_POSITIVE_EXPOSURE,PUBLIC_ARCHIVED,NOT_DOWNLOADED,NOT_ATTEMPTED,POSITION_REVIEW_REQUIRED;NOT_SCIENCE_OBSERVATION;NONPOSITIVE_MODULE_EXPOSURE,gx_339_4,0.0,0.0,60366,,REVIEW_REQUIRED,False,0,STELLAR,null,0,null,10,https://heasarc.gsfc.nasa.gov/FTP/nustar/data/obs/10/9/91002306001/
91002306002,GX 339-4,BH,2024-02-14T16:51:10.080,16394.6342,GX339m4,CATALOG_POSITIVE_EXPOSURE,CATALOG_POSITIVE_EXPOSURE,PUBLIC_ARCHIVED,NOT_DOWNLOADED,NOT_ATTEMPTED,POSITION_REVIEW_REQUIRED,gx_339_4,16394.6342,16713.0505,60366,3.9446559002856727,REVIEW_REQUIRED,False,0,ToO,null,0,null,10,https://heasarc.gsfc.nasa.gov/FTP/nustar/data/obs/10/9/91002306002/
90101010001,IGR J00291+5934,NS,2015-07-28T12:31:06.240,0.0,IGR_J00291p5934,NO_POSITIVE_EXPOSURE,NO_POSITIVE_EXPOSURE,PUBLIC_ARCHIVED,NOT_DOWNLOADED,NOT_ATTEMPTED,POSITION_REVIEW_REQUIRED;NOT_SCIENCE_OBSERVATION;NONPOSITIVE_MODULE_EXPOSURE,igr_j00291_5934,0.0,0.0,57604,,REVIEW_REQUIRED,False,0,STELLAR,null,0,null,1,https://heasarc.gsfc.nasa.gov/FTP/nustar/data/obs/01/9/90101010001/
90101010002,IGR J00291+5934,NS,2015-07-28T12:46:04.800,38087.3615,IGR_J00291p5934,CATALOG_POSITIVE_EXPOSURE,CATALOG_POSITIVE_EXPOSURE,PUBLIC_ARCHIVED,NOT_DOWNLOADED,NOT_ATTEMPTED,,igr_j00291_5934,38102.7867,38087.3615,57604,1.6218141889286872,VERIFIED_NAME_POSITION,True,0,ToO,null,0,null,1,https://heasarc.gsfc.nasa.gov/FTP/nustar/data/obs/01/9/90101010002/
30101034001,IGR J17062-6143,NS,2015-05-06T18:41:11.040,0.0,IGR_J17062m6143,NO_POSITIVE_EXPOSURE,NO_POSITIVE_EXPOSURE,PUBLIC_ARCHIVED,NOT_DOWNLOADED,NOT_ATTEMPTED,POSITION_REVIEW_REQUIRED;NOT_SCIENCE_OBSERVATION;NONPOSITIVE_MODULE_EXPOSURE,igr_j17062_6143,0.0,0.0,57523,,REVIEW_REQUIRED,False,0,STELLAR,null,0,null,1,https://heasarc.gsfc.nasa.gov/FTP/nustar/data/obs/01/3/30101034001/
30101034002,IGR J17062-6143,NS,2015-05-06T19:26:06.720,70006.3548,IGR_J17062m6143,CATALOG_POSITIVE_EXPOSURE,CATALOG_POSITIVE_EXPOSURE,PUBLIC_ARCHIVED,NOT_DOWNLOADED,NOT_ATTEMPTED,,igr_j17062_6143,70109.5076,70006.3548,57523,2.019036207943713,VERIFIED_NAME_POSITION,True,0,null,null,0,null,1,https://heasarc.gsfc.nasa.gov/FTP/nustar/data/obs/01/3/30101034002/
30201018001,IGR J17062-6143,NS,2016-09-13T08:01:06.240,0.0,IGR_J17062m6143,NO_POSITIVE_EXPOSURE,NO_POSITIVE_EXPOSURE,PUBLIC_ARCHIVED,NOT_DOWNLOADED,NOT_ATTEMPTED,NOT_SCIENCE_OBSERVATION;NONPOSITIVE_MODULE_EXPOSURE,igr_j17062_6143,0.0,0.0,58020,2.8337889211607146,VERIFIED_NAME_POSITION,False,0,STELLAR,null,0,null,2,https://heasarc.gsfc.nasa.gov/FTP/nustar/data/obs/02/3/30201018001/
30201018002,IGR J17062-6143,NS,2016-09-13T08:46:10.560,66452.7413,IGR_J17062m6143,CATALOG_POSITIVE_EXPOSURE,CATALOG_POSITIVE_EXPOSURE,PUBLIC_ARCHIVED,NOT_DOWNLOADED,NOT_ATTEMPTED,,igr_j17062_6143,66600.2456,66452.7413,58020,1.9135912865913893,VERIFIED_NAME_POSITION,True,0,null,null,0,null,2,https://heasarc.gsfc.nasa.gov/FTP/nustar/data/obs/02/3/30201018002/
30801032001,IGR J17062-6143,NS,2022-09-19T12:11:05.280,323.3229,IGR_J17062m6143,CATALOG_POSITIVE_EXPOSURE,CATALOG_POSITIVE_EXPOSURE,PUBLIC_ARCHIVED,NOT_DOWNLOADED,NOT_ATTEMPTED,POSITION_REVIEW_REQUIRED,igr_j17062_6143,326.3543,323.3229,60029,3.06216809185583,REVIEW_REQUIRED,False,0,STELLAR,null,0,null,8,https://heasarc.gsfc.nasa.gov/FTP/nustar/data/obs/08/3/30801032001/
30801032002,IGR J17062-6143,NS,2022-09-19T12:36:08.640,62180.1819,IGR_J17062m6143,CATALOG_POSITIVE_EXPOSURE,CATALOG_POSITIVE_EXPOSURE,PUBLIC_ARCHIVED,NOT_DOWNLOADED,NOT_ATTEMPTED,,igr_j17062_6143,62748.5749,62180.1819,60029,2.61640867492816,VERIFIED_NAME_POSITION,True,1,M-class solar flare,null,0,null,8,https://heasarc.gsfc.nasa.gov/FTP/nustar/data/obs/08/3/30801032002/
90401312001,IGR J17379-3747,NS,2018-04-02T02:21:07.200,0.0,IGR_J17379m3747,NO_POSITIVE_EXPOSURE,NO_POSITIVE_EXPOSURE,PUBLIC_ARCHIVED,NOT_DOWNLOADED,NOT_ATTEMPTED,POSITION_REVIEW_REQUIRED;NOT_SCIENCE_OBSERVATION;NONPOSITIVE_MODULE_EXPOSURE,igr_j17379_3747,0.0,0.0,58227,,REVIEW_REQUIRED,False,0,STELLAR,null,0,null,4,https://heasarc.gsfc.nasa.gov/FTP/nustar/data/obs/04/9/90401312001/
90401312002,IGR J17379-3747,NS,2018-04-02T02:41:08.160,37235.2392,IGR_J17379m3747,CATALOG_POSITIVE_EXPOSURE,CATALOG_POSITIVE_EXPOSURE,PUBLIC_ARCHIVED,NOT_DOWNLOADED,NOT_ATTEMPTED,,igr_j17379_3747,37359.826,37235.2392,58227,1.8278396052850086,VERIFIED_NAME_POSITION,True,0,ToO,null,0,null,4,https://heasarc.gsfc.nasa.gov/FTP/nustar/data/obs/04/9/90401312002/
90601333001,IGR J17379-3747,NS,2020-10-18T11:01:06.240,0.0,IGR_J17379m3747,NO_POSITIVE_EXPOSURE,NO_POSITIVE_EXPOSURE,PUBLIC_ARCHIVED,NOT_DOWNLOADED,NOT_ATTEMPTED,POSITION_REVIEW_REQUIRED;NOT_SCIENCE_OBSERVATION;NONPOSITIVE_MODULE_EXPOSURE,igr_j17379_3747,0.0,0.0,59148,,REVIEW_REQUIRED,False,0,STELLAR,null,0,null,6,https://heasarc.gsfc.nasa.gov/FTP/nustar/data/obs/06/9/90601333001/
90601333002,IGR J17379-3747,NS,2020-10-18T11:51:12.960,19726.9895,IGR_J17379m3747,CATALOG_POSITIVE_EXPOSURE,CATALOG_POSITIVE_EXPOSURE,PUBLIC_ARCHIVED,NOT_DOWNLOADED,NOT_ATTEMPTED,,igr_j17379_3747,19877.1542,19726.9895,59148,2.489050923670085,VERIFIED_NAME_POSITION,True,0,ToO,null,0,null,6,https://heasarc.gsfc.nasa.gov/FTP/nustar/data/obs/06/9/90601333002/
40660007002,IGR J17464-2811,NS,2021-04-26T02:21:07.200,53382.916,CXO_J174722d8m280915,CATALOG_POSITIVE_EXPOSURE,CATALOG_POSITIVE_EXPOSURE,PUBLIC_ARCHIVED,NOT_DOWNLOADED,NOT_ATTEMPTED,NAME_REVIEW_REQUIRED;POSITION_REVIEW_REQUIRED,igr_j17464_2811,53710.362,53382.916,59702,6.562901302934147,REVIEW_REQUIRED,False,1,Kp=5,Solar CME,0,null,6,https://heasarc.gsfc.nasa.gov/FTP/nustar/data/obs/06/4/40660007002/
91201340002,IGR J17464-2811,NS,2026-08-19T13:56:12.480,51328.6148,SRGAJ174800d5m280826,CATALOG_POSITIVE_EXPOSURE,CATALOG_POSITIVE_EXPOSURE,PUBLIC_ARCHIVED,NOT_DOWNLOADED,NOT_ATTEMPTED,NAME_REVIEW_REQUIRED;POSITION_REVIEW_REQUIRED,igr_j17464_2811,52499.6212,51328.6148,61280,7.7968062084450676,REVIEW_REQUIRED,False,1,DDT / Stray light / Solar flare,Solar flare,0,null,12,https://heasarc.gsfc.nasa.gov/FTP/nustar/data/obs/12/9/91201340002/
41001001002,IGR J17480-2446,NS,2025-03-10T04:11:08.160,146641.3028,Terzan_5,CATALOG_POSITIVE_EXPOSURE,CATALOG_POSITIVE_EXPOSURE,PUBLIC_ARCHIVED,NOT_DOWNLOADED,NOT_ATTEMPTED,NAME_REVIEW_REQUIRED;POSITION_REVIEW_REQUIRED;CLUSTER_ATTRIBUTION_REVIEW,igr_j17480_2446,150187.1737,146641.3028,60939,3.3469229640856337,REVIEW_REQUIRED,False,1,Stray light,null,0,null,10,https://heasarc.gsfc.nasa.gov/FTP/nustar/data/obs/10/4/41001001002/
80601304002,IGR J17480-2446,NS,2023-03-04T11:26:09.600,27451.1596,Terzan_5,CATALOG_POSITIVE_EXPOSURE,CATALOG_POSITIVE_EXPOSURE,PUBLIC_ARCHIVED,NOT_DOWNLOADED,NOT_ATTEMPTED,NAME_REVIEW_REQUIRED;POSITION_REVIEW_REQUIRED;CLUSTER_ATTRIBUTION_REVIEW,igr_j17480_2446,27451.1596,27970.5175,60425,3.705411763477048,REVIEW_REQUIRED,False,1,ToO / idiagnostics / SL-AB (GX 3+1) / M-class solar flare / 43456s data gaps,Solar flare,43456,null,6,https://heasarc.gsfc.nasa.gov/FTP/nustar/data/obs/06/8/80601304002/
90901317001,IGR J17498-2921,NS,2023-04-23T10:06:05.760,0.0,IGR_J17498m2921,NO_POSITIVE_EXPOSURE,NO_POSITIVE_EXPOSURE,PUBLIC_ARCHIVED,NOT_DOWNLOADED,NOT_ATTEMPTED,POSITION_REVIEW_REQUIRED;NOT_SCIENCE_OBSERVATION;NONPOSITIVE_MODULE_EXPOSURE,igr_j17498_2921,0.0,0.0,60065,,REVIEW_REQUIRED,False,0,STELLAR,null,0,null,9,https://heasarc.gsfc.nasa.gov/FTP/nustar/data/obs/09/9/90901317001/
90901317002,IGR J17498-2921,NS,2023-04-23T10:21:12.960,44434.9666,IGR_J17498m2921,CATALOG_POSITIVE_EXPOSURE,CATALOG_POSITIVE_EXPOSURE,PUBLIC_ARCHIVED,NOT_DOWNLOADED,NOT_ATTEMPTED,,igr_j17498_2921,44612.371,44434.9666,60065,2.6219196000525735,VERIFIED_NAME_POSITION,True,1,DDT / SL-AB (many) / CME Kp=5-8,CME,0,null,9,https://heasarc.gsfc.nasa.gov/FTP/nustar/data/obs/09/9/90901317002/
90101001001,IGR J17511-3057,NS,2015-04-08T19:46:07.680,0.0,IGR_J17511m3057,NO_POSITIVE_EXPOSURE,NO_POSITIVE_EXPOSURE,PUBLIC_ARCHIVED,NOT_DOWNLOADED,NOT_ATTEMPTED,POSITION_REVIEW_REQUIRED;NOT_SCIENCE_OBSERVATION;NONPOSITIVE_MODULE_EXPOSURE,igr_j17511_3057,0.0,0.0,57316,,REVIEW_REQUIRED,False,0,STELLAR,null,0,null,1,https://heasarc.gsfc.nasa.gov/FTP/nustar/data/obs/01/9/90101001001/
90101001002,IGR J17511-3057,NS,2015-04-08T20:36:05.760,42240.9032,IGR_J17511m3057,CATALOG_POSITIVE_EXPOSURE,CATALOG_POSITIVE_EXPOSURE,PUBLIC_ARCHIVED,NOT_DOWNLOADED,NOT_ATTEMPTED,,igr_j17511_3057,42240.9032,42288.0309,57316,2.1589418568226555,VERIFIED_NAME_POSITION,True,0,ToO,null,0,null,1,https://heasarc.gsfc.nasa.gov/FTP/nustar/data/obs/01/9/90101001002/
91101304001,IGR J17511-3057,NS,2025-02-19T14:46:10.560,0.0,IGR_J17511m3057,NO_POSITIVE_EXPOSURE,NO_POSITIVE_EXPOSURE,PUBLIC_ARCHIVED,NOT_DOWNLOADED,NOT_ATTEMPTED,POSITION_REVIEW_REQUIRED;NOT_SCIENCE_OBSERVATION;NONPOSITIVE_MODULE_EXPOSURE,igr_j17511_3057,0.0,0.0,60734,,REVIEW_REQUIRED,False,null,DDT,null,0,null,11,https://heasarc.gsfc.nasa.gov/FTP/nustar/data/obs/11/9/91101304001/
91101304002,IGR J17511-3057,NS,2025-02-19T15:01:09.120,34014.7302,IGR_J17511m3057,CATALOG_POSITIVE_EXPOSURE,CATALOG_POSITIVE_EXPOSURE,PUBLIC_ARCHIVED,NOT_DOWNLOADED,NOT_ATTEMPTED,,igr_j17511_3057,34119.3161,34014.7302,60734,2.839381705570176,VERIFIED_NAME_POSITION,True,1,DDT / Stray light,null,0,null,11,https://heasarc.gsfc.nasa.gov/FTP/nustar/data/obs/11/9/91101304002/
80301311001,IGR J17591-2342,NS,2018-08-17T19:41:05.280,0.0,IGR_J17591m2342,NO_POSITIVE_EXPOSURE,NO_POSITIVE_EXPOSURE,PUBLIC_ARCHIVED,NOT_DOWNLOADED,NOT_ATTEMPTED,POSITION_REVIEW_REQUIRED;NOT_SCIENCE_OBSERVATION;NONPOSITIVE_MODULE_EXPOSURE,igr_j17591_2342,0.0,0.0,58725,,REVIEW_REQUIRED,False,0,STELLAR,null,0,null,3,https://heasarc.gsfc.nasa.gov/FTP/nustar/data/obs/03/8/80301311001/
80301311002,IGR J17591-2342,NS,2018-08-17T20:01:06.240,29167.8325,IGR_J17591m2342,CATALOG_POSITIVE_EXPOSURE,CATALOG_POSITIVE_EXPOSURE,PUBLIC_ARCHIVED,NOT_DOWNLOADED,NOT_ATTEMPTED,,igr_j17591_2342,29167.8325,29642.5514,58725,1.5816095374343988,VERIFIED_NAME_POSITION,True,0,ToO,null,0,null,3,https://heasarc.gsfc.nasa.gov/FTP/nustar/data/obs/03/8/80301311002/
90401331001,IGR J17591-2342,NS,2018-08-13T22:16:10.560,0.0,IGR_J17591m2342,NO_POSITIVE_EXPOSURE,NO_POSITIVE_EXPOSURE,PUBLIC_ARCHIVED,NOT_DOWNLOADED,NOT_ATTEMPTED,POSITION_REVIEW_REQUIRED;NOT_SCIENCE_OBSERVATION;NONPOSITIVE_MODULE_EXPOSURE,igr_j17591_2342,0.0,0.0,58348,,REVIEW_REQUIRED,False,0,STELLAR,null,0,null,4,https://heasarc.gsfc.nasa.gov/FTP/nustar/data/obs/04/9/90401331001/
90401331002,IGR J17591-2342,NS,2018-08-13T22:36:11.520,27085.058,IGR_J17591m2342,CATALOG_POSITIVE_EXPOSURE,CATALOG_POSITIVE_EXPOSURE,PUBLIC_ARCHIVED,NOT_DOWNLOADED,NOT_ATTEMPTED,,igr_j17591_2342,27085.058,27601.7575,58348,2.150869840114001,VERIFIED_NAME_POSITION,True,0,ToO,null,0,null,4,https://heasarc.gsfc.nasa.gov/FTP/nustar/data/obs/04/9/90401331002/
10202005002,IGR J18245-2452,NS,2017-04-18T13:06:05.760,156170.1244,PSR_B1821m24,CATALOG_POSITIVE_EXPOSURE,CATALOG_POSITIVE_EXPOSURE,PUBLIC_ARCHIVED,NOT_DOWNLOADED,NOT_ATTEMPTED,NAME_REVIEW_REQUIRED;CLUSTER_ATTRIBUTION_REVIEW,igr_j18245_2452,156507.4232,156170.1244,58742,2.5889581613870054,REVIEW_REQUIRED,False,1,(1/2) Timing calibration / Kp=6 / Solar Flare C5.5 2017:108:1921Z,Solar flare CME,0,null,2,https://heasarc.gsfc.nasa.gov/FTP/nustar/data/obs/02/1/10202005002/
10202005004,IGR J18245-2452,NS,2017-09-23T08:36:05.760,155367.8649,PSR_B1821m24,CATALOG_POSITIVE_EXPOSURE,CATALOG_POSITIVE_EXPOSURE,PUBLIC_ARCHIVED,NOT_DOWNLOADED,NOT_ATTEMPTED,NAME_REVIEW_REQUIRED;CLUSTER_ATTRIBUTION_REVIEW,igr_j18245_2452,156543.2727,155367.8649,58742,1.7076092815230275,REVIEW_REQUIRED,False,0,(2/2) Timing calibration,null,0,null,2,https://heasarc.gsfc.nasa.gov/FTP/nustar/data/obs/02/1/10202005004/
11101307002,IGR J18245-2452,NS,2025-03-08T01:16:10.560,40406.1785,PSR_B1821m24,CATALOG_POSITIVE_EXPOSURE,CATALOG_POSITIVE_EXPOSURE,PUBLIC_ARCHIVED,NOT_DOWNLOADED,NOT_ATTEMPTED,NAME_REVIEW_REQUIRED;POSITION_REVIEW_REQUIRED;CLUSTER_ATTRIBUTION_REVIEW,igr_j18245_2452,40784.6792,40406.1785,60748,3.2638529099768085,REVIEW_REQUIRED,False,1,Calibration / Stray light,null,0,null,11,https://heasarc.gsfc.nasa.gov/FTP/nustar/data/obs/11/1/11101307002/
30101053002,IGR J18245-2452,NS,2015-06-17T16:06:05.760,131113.7362,PSR_B1821m24,CATALOG_POSITIVE_EXPOSURE,CATALOG_POSITIVE_EXPOSURE,PUBLIC_ARCHIVED,NOT_DOWNLOADED,NOT_ATTEMPTED,NAME_REVIEW_REQUIRED;POSITION_REVIEW_REQUIRED;CLUSTER_ATTRIBUTION_REVIEW,igr_j18245_2452,131323.73,131113.7362,57570,3.6932546072422414,REVIEW_REQUIRED,False,1,"Target location on DET0 is [8,8] to avoid stray light",Solar flare,0,null,1,https://heasarc.gsfc.nasa.gov/FTP/nustar/data/obs/01/3/30101053002/
30101053004,IGR J18245-2452,NS,2015-06-21T07:11:08.160,51461.5767,PSR_B1821m24,CATALOG_POSITIVE_EXPOSURE,CATALOG_POSITIVE_EXPOSURE,PUBLIC_ARCHIVED,NOT_DOWNLOADED,NOT_ATTEMPTED,NAME_REVIEW_REQUIRED;POSITION_REVIEW_REQUIRED;CLUSTER_ATTRIBUTION_REVIEW,igr_j18245_2452,51521.9084,51461.5767,57570,4.192716797674303,REVIEW_REQUIRED,False,1,"Target location on DET0 is [8,8] to avoid stray light",Solar flare,0,null,1,https://heasarc.gsfc.nasa.gov/FTP/nustar/data/obs/01/3/30101053004/
40032010001,KS 1741-293,NS,2013-09-24T23:11:11.040,42731.5909,GalSurvey_B_MOS010,CATALOG_POSITIVE_EXPOSURE,CATALOG_POSITIVE_EXPOSURE,PUBLIC_ARCHIVED,NOT_DOWNLOADED,NOT_ATTEMPTED,NAME_REVIEW_REQUIRED;POSITION_REVIEW_REQUIRED,ks_1741_293,42941.3432,42731.5909,57112,7.927902851649905,REVIEW_REQUIRED,False,0,null,null,0,null,0,https://heasarc.gsfc.nasa.gov/FTP/nustar/data/obs/00/4/40032010001/
80001046002,KS 1741-293,NS,2014-10-10T08:51:04.320,29275.2901,IGRJ17454m2919,CATALOG_POSITIVE_EXPOSURE,CATALOG_POSITIVE_EXPOSURE,PUBLIC_ARCHIVED,NOT_DOWNLOADED,NOT_ATTEMPTED,NAME_REVIEW_REQUIRED;POSITION_REVIEW_REQUIRED,ks_1741_293,29408.3653,29275.2901,57282,6.587237445706134,REVIEW_REQUIRED,False,0,ToO,null,0,null,0,https://heasarc.gsfc.nasa.gov/FTP/nustar/data/obs/00/8/80001046002/
90201020002,KS 1741-293,NS,2016-09-19T19:36:11.520,93119.4424,COm0d4m0d22,CATALOG_POSITIVE_EXPOSURE,CATALOG_POSITIVE_EXPOSURE,PUBLIC_ARCHIVED,NOT_DOWNLOADED,NOT_ATTEMPTED,NAME_REVIEW_REQUIRED;POSITION_REVIEW_REQUIRED,ks_1741_293,93516.066,93119.4424,57476,8.135147142618807,REVIEW_REQUIRED,False,1,DDT,Solar CME,0,null,2,https://heasarc.gsfc.nasa.gov/FTP/nustar/data/obs/02/9/90201020002/
30001039001,LMC X-1,BH,2014-08-08T12:16:07.680,460.0988,LMC_X1,CATALOG_POSITIVE_EXPOSURE,CATALOG_POSITIVE_EXPOSURE,PUBLIC_ARCHIVED,NOT_DOWNLOADED,NOT_ATTEMPTED,POSITION_REVIEW_REQUIRED,lmc_x_1,460.0988,460.2847,57282,3.0258652531887886,REVIEW_REQUIRED,False,0,STELLAR,null,0,null,0,https://heasarc.gsfc.nasa.gov/FTP/nustar/data/obs/00/3/30001039001/
30001039002,LMC X-1,BH,2014-08-08T12:31:06.240,39970.3978,LMC_X1,CATALOG_POSITIVE_EXPOSURE,CATALOG_POSITIVE_EXPOSURE,PUBLIC_ARCHIVED,NOT_DOWNLOADED,NOT_ATTEMPTED,POSITION_REVIEW_REQUIRED,lmc_x_1,39971.132,39970.3978,57282,3.2870040672477834,REVIEW_REQUIRED,False,0,null,null,0,null,0,https://heasarc.gsfc.nasa.gov/FTP/nustar/data/obs/00/3/30001039002/
30001143001,LMC X-1,BH,2014-11-09T05:36:05.760,0.0,LMC_X1,NO_POSITIVE_EXPOSURE,NO_POSITIVE_EXPOSURE,PUBLIC_ARCHIVED,NOT_DOWNLOADED,NOT_ATTEMPTED,POSITION_REVIEW_REQUIRED;NOT_SCIENCE_OBSERVATION;NONPOSITIVE_MODULE_EXPOSURE,lmc_x_1,0.0,0.0,57351,,REVIEW_REQUIRED,False,0,STELLAR,null,0,null,0,https://heasarc.gsfc.nasa.gov/FTP/nustar/data/obs/00/3/30001143001/
30001143002,LMC X-1,BH,2014-11-09T06:16:07.680,47748.1901,LMC_X1,CATALOG_POSITIVE_EXPOSURE,CATALOG_POSITIVE_EXPOSURE,PUBLIC_ARCHIVED,NOT_DOWNLOADED,NOT_ATTEMPTED,,lmc_x_1,47788.7635,47748.1901,57351,0.8350150963478638,VERIFIED_NAME_POSITION,True,1,null,Solar CME,0,null,0,https://heasarc.gsfc.nasa.gov/FTP/nustar/data/obs/00/3/30001143002/
30201029001,LMC X-1,BH,2016-05-11T20:06:08.640,305.2285,LMC_X1,CATALOG_POSITIVE_EXPOSURE,CATALOG_POSITIVE_EXPOSURE,PUBLIC_ARCHIVED,NOT_DOWNLOADED,NOT_ATTEMPTED,,lmc_x_1,305.2285,305.3943,57886,2.5450773494376113,VERIFIED_NAME_POSITION,True,0,STELLAR,null,0,null,2,https://heasarc.gsfc.nasa.gov/FTP/nustar/data/obs/02/3/30201029001/
30201029002,LMC X-1,BH,2016-05-11T20:26:09.600,40193.5845,LMC_X1,CATALOG_POSITIVE_EXPOSURE,CATALOG_POSITIVE_EXPOSURE,PUBLIC_ARCHIVED,NOT_DOWNLOADED,NOT_ATTEMPTED,,lmc_x_1,40222.769,40193.5845,57886,1.7451349423170974,VERIFIED_NAME_POSITION,True,0,null,null,0,null,2,https://heasarc.gsfc.nasa.gov/FTP/nustar/data/obs/02/3/30201029002/
31202041,LMC X-1,BH,,-90000.0,LMC_X1,NO_POSITIVE_EXPOSURE,NO_POSITIVE_EXPOSURE,accepted,NOT_DOWNLOADED,NOT_ATTEMPTED,NOT_PUBLIC_ARCHIVED;NOT_SCIENCE_OBSERVATION;NONPOSITIVE_MODULE_EXPOSURE,lmc_x_1,-90000.0,-90000.0,null,0.0007989994644370243,VERIFIED_NAME_POSITION,False,0,null,null,0,0,12,https://heasarc.gsfc.nasa.gov/FTP/nustar/data/obs/12/3/31202041/
90801324001,LMC X-1,BH,2022-10-24T03:11:05.280,0.0,LMC_X1,NO_POSITIVE_EXPOSURE,NO_POSITIVE_EXPOSURE,PUBLIC_ARCHIVED,NOT_DOWNLOADED,NOT_ATTEMPTED,POSITION_REVIEW_REQUIRED;NOT_SCIENCE_OBSERVATION;NONPOSITIVE_MODULE_EXPOSURE,lmc_x_1,0.0,0.0,59890,,REVIEW_REQUIRED,False,0,STELLAR,null,0,null,8,https://heasarc.gsfc.nasa.gov/FTP/nustar/data/obs/08/9/90801324001/
90801324002,LMC X-1,BH,2022-10-24T03:56:09.600,19129.9816,LMC_X1,CATALOG_POSITIVE_EXPOSURE,CATALOG_POSITIVE_EXPOSURE,PUBLIC_ARCHIVED,NOT_DOWNLOADED,NOT_ATTEMPTED,,lmc_x_1,19281.5354,19129.9816,59890,2.813523746570558,VERIFIED_NAME_POSITION,True,0,DDT / idiagnostics,null,0,null,8,https://heasarc.gsfc.nasa.gov/FTP/nustar/data/obs/08/9/90801324002/
10601308001,LMC X-3,BH,2020-04-07T13:26:06.720,9.6505,LMC_X3,CATALOG_POSITIVE_EXPOSURE,CATALOG_POSITIVE_EXPOSURE,PUBLIC_ARCHIVED,NOT_DOWNLOADED,NOT_ATTEMPTED,,lmc_x_3,9.735,9.6505,58956,2.350538646353522,VERIFIED_NAME_POSITION,True,0,STELLAR,null,0,null,6,https://heasarc.gsfc.nasa.gov/FTP/nustar/data/obs/06/1/10601308001/
10601308002,LMC X-3,BH,2020-04-07T14:11:11.040,12118.1339,LMC_X3,L1_BYTES_VERIFIED_CLEAN_EVENTS_GENERATED,L1_BYTES_VERIFIED_CLEAN_EVENTS_GENERATED,PUBLIC_ARCHIVED,L1_AUX_HK_COMPLETE_SHA256_VERIFIED,CLEAN_BOTH_MODULES_PRODUCTS_BLOCKED_CALDB_RMF,PENDING_NOT_REJECTED_CALDB_RMF_DOWNLOAD_FAILURE,lmc_x_3,12183.8123,12118.1339,58956,1.9808015265590937,VERIFIED_NAME_POSITION,True,0,pre-Laser-0 duty-cycle adjustment,null,0,null,6,https://heasarc.gsfc.nasa.gov/FTP/nustar/data/obs/06/1/10601308002/
10601308003,LMC X-3,BH,2020-04-07T21:14:15.360,28.4837,LMC_X3,CATALOG_POSITIVE_EXPOSURE,CATALOG_POSITIVE_EXPOSURE,PUBLIC_ARCHIVED,NOT_DOWNLOADED,NOT_ATTEMPTED,,lmc_x_3,28.644,28.4837,58956,2.0595273734394173,VERIFIED_NAME_POSITION,True,1,Laser-0 duty-cycle transition,null,0,null,6,https://heasarc.gsfc.nasa.gov/FTP/nustar/data/obs/06/1/10601308003/
10601308004,LMC X-3,BH,2020-04-07T21:15:50.400,9813.4154,LMC_X3,CATALOG_POSITIVE_EXPOSURE,CATALOG_POSITIVE_EXPOSURE,PUBLIC_ARCHIVED,NOT_DOWNLOADED,NOT_ATTEMPTED,,lmc_x_3,9886.5344,9813.4154,58956,1.9460667660373723,VERIFIED_NAME_POSITION,True,1,post-Laser-0 duty-cycle adjustment / METFLG=6 / NuSTARDAS v1.9.2,null,0,null,6,https://heasarc.gsfc.nasa.gov/FTP/nustar/data/obs/06/1/10601308004/
30101052001,LMC X-3,BH,2015-12-29T11:06:08.640,0.0,LMC_X3,NO_POSITIVE_EXPOSURE,NO_POSITIVE_EXPOSURE,PUBLIC_ARCHIVED,NOT_DOWNLOADED,NOT_ATTEMPTED,POSITION_REVIEW_REQUIRED;NOT_SCIENCE_OBSERVATION;NONPOSITIVE_MODULE_EXPOSURE,lmc_x_3,0.0,0.0,57768,,REVIEW_REQUIRED,False,0,STELLAR,null,0,null,1,https://heasarc.gsfc.nasa.gov/FTP/nustar/data/obs/01/3/30101052001/
30101052002,LMC X-3,BH,2015-12-29T11:46:10.560,27166.2344,LMC_X3,CATALOG_POSITIVE_EXPOSURE,CATALOG_POSITIVE_EXPOSURE,PUBLIC_ARCHIVED,NOT_DOWNLOADED,NOT_ATTEMPTED,,lmc_x_3,27166.2344,27186.4988,57768,1.757357476931269,VERIFIED_NAME_POSITION,True,0,null,null,0,null,1,https://heasarc.gsfc.nasa.gov/FTP/nustar/data/obs/01/3/30101052002/
30402035001,LMC X-3,BH,2019-02-18T03:01:09.120,0.0,LMC_X3,NO_POSITIVE_EXPOSURE,NO_POSITIVE_EXPOSURE,PUBLIC_ARCHIVED,NOT_DOWNLOADED,NOT_ATTEMPTED,POSITION_REVIEW_REQUIRED;NOT_SCIENCE_OBSERVATION;NONPOSITIVE_MODULE_EXPOSURE,lmc_x_3,0.0,0.0,59042,,REVIEW_REQUIRED,False,0,STELLAR,null,0,null,4,https://heasarc.gsfc.nasa.gov/FTP/nustar/data/obs/04/3/30402035001/
30402035002,LMC X-3,BH,2019-02-18T03:36:08.640,21718.3035,LMC_X3,CATALOG_POSITIVE_EXPOSURE,CATALOG_POSITIVE_EXPOSURE,PUBLIC_ARCHIVED,NOT_DOWNLOADED,NOT_ATTEMPTED,,lmc_x_3,21793.1565,21718.3035,59042,2.294941666741185,VERIFIED_NAME_POSITION,True,0,(1/4),null,0,null,4,https://heasarc.gsfc.nasa.gov/FTP/nustar/data/obs/04/3/30402035002/
30402035003,LMC X-3,BH,2019-04-18T04:21:12.960,0.0,LMC_X3,NO_POSITIVE_EXPOSURE,NO_POSITIVE_EXPOSURE,PUBLIC_ARCHIVED,NOT_DOWNLOADED,NOT_ATTEMPTED,NOT_SCIENCE_OBSERVATION;NONPOSITIVE_MODULE_EXPOSURE,lmc_x_3,0.0,0.0,59042,1.9824274071094308,VERIFIED_NAME_POSITION,False,0,STELLAR,null,0,null,4,https://heasarc.gsfc.nasa.gov/FTP/nustar/data/obs/04/3/30402035003/
30402035004,LMC X-3,BH,2019-04-18T05:01:06.240,30614.9853,LMC_X3,CATALOG_POSITIVE_EXPOSURE,CATALOG_POSITIVE_EXPOSURE,PUBLIC_ARCHIVED,NOT_DOWNLOADED,NOT_ATTEMPTED,,lmc_x_3,30655.1595,30614.9853,59042,1.647205175185652,VERIFIED_NAME_POSITION,True,0,(2/4),null,0,null,4,https://heasarc.gsfc.nasa.gov/FTP/nustar/data/obs/04/3/30402035004/
30402035005,LMC X-3,BH,2019-05-25T02:21:07.200,0.0,LMC_X3,NO_POSITIVE_EXPOSURE,NO_POSITIVE_EXPOSURE,PUBLIC_ARCHIVED,NOT_DOWNLOADED,NOT_ATTEMPTED,NOT_SCIENCE_OBSERVATION;NONPOSITIVE_MODULE_EXPOSURE,lmc_x_3,0.0,0.0,59042,2.110418895080467,VERIFIED_NAME_POSITION,False,0,STELLAR,null,0,null,4,https://heasarc.gsfc.nasa.gov/FTP/nustar/data/obs/04/3/30402035005/
30402035006,LMC X-3,BH,2019-05-25T02:56:06.720,23042.8578,LMC_X3,CATALOG_POSITIVE_EXPOSURE,CATALOG_POSITIVE_EXPOSURE,PUBLIC_ARCHIVED,NOT_DOWNLOADED,NOT_ATTEMPTED,,lmc_x_3,23105.8773,23042.8578,59042,2.04467014730996,VERIFIED_NAME_POSITION,True,0,(3/4),null,0,null,4,https://heasarc.gsfc.nasa.gov/FTP/nustar/data/obs/04/3/30402035006/
30402035007,LMC X-3,BH,2019-06-21T19:31:09.120,176.9451,LMC_X3,CATALOG_POSITIVE_EXPOSURE,CATALOG_POSITIVE_EXPOSURE,PUBLIC_ARCHIVED,NOT_DOWNLOADED,NOT_ATTEMPTED,,lmc_x_3,177.2982,176.9451,59042,2.0188618712764903,VERIFIED_NAME_POSITION,True,0,STELLAR,null,0,null,4,https://heasarc.gsfc.nasa.gov/FTP/nustar/data/obs/04/3/30402035007/
30402035008,LMC X-3,BH,2019-06-21T19:56:12.480,31755.3351,LMC_X3,CATALOG_POSITIVE_EXPOSURE,CATALOG_POSITIVE_EXPOSURE,PUBLIC_ARCHIVED,NOT_DOWNLOADED,NOT_ATTEMPTED,,lmc_x_3,31906.3348,31755.3351,59042,1.64665258273109,VERIFIED_NAME_POSITION,True,0,(4/4),null,0,null,4,https://heasarc.gsfc.nasa.gov/FTP/nustar/data/obs/04/3/30402035008/
30802016001,LMC X-3,BH,2022-07-04T15:16:07.680,0.0,LMC_X3,NO_POSITIVE_EXPOSURE,NO_POSITIVE_EXPOSURE,PUBLIC_ARCHIVED,NOT_DOWNLOADED,NOT_ATTEMPTED,POSITION_REVIEW_REQUIRED;NOT_SCIENCE_OBSERVATION;NONPOSITIVE_MODULE_EXPOSURE,lmc_x_3,0.0,0.0,60234,,REVIEW_REQUIRED,False,0,STELLAR,null,0,null,8,https://heasarc.gsfc.nasa.gov/FTP/nustar/data/obs/08/3/30802016001/
30802016002,LMC X-3,BH,2022-07-04T16:06:05.760,22750.8857,LMC_X3,CATALOG_POSITIVE_EXPOSURE,CATALOG_POSITIVE_EXPOSURE,PUBLIC_ARCHIVED,NOT_DOWNLOADED,NOT_ATTEMPTED,,lmc_x_3,22964.8063,22750.8857,60234,2.551515832697043,VERIFIED_NAME_POSITION,True,0,(1/4),null,0,null,8,https://heasarc.gsfc.nasa.gov/FTP/nustar/data/obs/08/3/30802016002/
30802016003,LMC X-3,BH,2022-09-30T22:11:08.160,249.7409,LMC_X3,CATALOG_POSITIVE_EXPOSURE,CATALOG_POSITIVE_EXPOSURE,PUBLIC_ARCHIVED,NOT_DOWNLOADED,NOT_ATTEMPTED,POSITION_REVIEW_REQUIRED,lmc_x_3,252.2417,249.7409,60234,3.080446848623227,REVIEW_REQUIRED,False,0,STELLAR,null,0,null,8,https://heasarc.gsfc.nasa.gov/FTP/nustar/data/obs/08/3/30802016003/
30802016004,LMC X-3,BH,2022-09-30T22:51:10.080,26579.8892,LMC_X3,CATALOG_POSITIVE_EXPOSURE,CATALOG_POSITIVE_EXPOSURE,PUBLIC_ARCHIVED,NOT_DOWNLOADED,NOT_ATTEMPTED,,lmc_x_3,26791.1619,26579.8892,60234,2.898277259534166,VERIFIED_NAME_POSITION,True,1,(2/4) / SL-A03,null,0,null,8,https://heasarc.gsfc.nasa.gov/FTP/nustar/data/obs/08/3/30802016004/
30802016005,LMC X-3,BH,2023-01-14T12:01:09.120,0.0,LMC_X3,NO_POSITIVE_EXPOSURE,NO_POSITIVE_EXPOSURE,PUBLIC_ARCHIVED,NOT_DOWNLOADED,NOT_ATTEMPTED,POSITION_REVIEW_REQUIRED;NOT_SCIENCE_OBSERVATION;NONPOSITIVE_MODULE_EXPOSURE,lmc_x_3,0.0,0.0,60234,,REVIEW_REQUIRED,False,0,STELLAR,null,0,null,8,https://heasarc.gsfc.nasa.gov/FTP/nustar/data/obs/08/3/30802016005/
30802016006,LMC X-3,BH,2023-01-14T12:46:13.440,21231.1105,LMC_X3,CATALOG_POSITIVE_EXPOSURE,CATALOG_POSITIVE_EXPOSURE,PUBLIC_ARCHIVED,NOT_DOWNLOADED,NOT_ATTEMPTED,,lmc_x_3,21431.9666,21231.1105,60234,2.7839015551325144,VERIFIED_NAME_POSITION,True,0,(3/4),null,0,null,8,https://heasarc.gsfc.nasa.gov/FTP/nustar/data/obs/08/3/30802016006/
30802016007,LMC X-3,BH,2023-04-10T10:41:05.280,0.0,LMC_X3,NO_POSITIVE_EXPOSURE,NO_POSITIVE_EXPOSURE,PUBLIC_ARCHIVED,NOT_DOWNLOADED,NOT_ATTEMPTED,POSITION_REVIEW_REQUIRED;NOT_SCIENCE_OBSERVATION;NONPOSITIVE_MODULE_EXPOSURE,lmc_x_3,0.0,0.0,60234,,REVIEW_REQUIRED,False,0,STELLAR,null,0,null,8,https://heasarc.gsfc.nasa.gov/FTP/nustar/data/obs/08/3/30802016007/
30802016008,LMC X-3,BH,2023-04-10T11:36:05.760,29431.8637,LMC_X3,CATALOG_POSITIVE_EXPOSURE,CATALOG_POSITIVE_EXPOSURE,PUBLIC_ARCHIVED,NOT_DOWNLOADED,NOT_ATTEMPTED,,lmc_x_3,29645.9371,29431.8637,60234,2.9024510726343857,VERIFIED_NAME_POSITION,True,0,(4/4),null,0,null,8,https://heasarc.gsfc.nasa.gov/FTP/nustar/data/obs/08/3/30802016008/
30902041001,LMC X-3,BH,2023-07-09T11:21:07.200,0.0,LMC_X3,NO_POSITIVE_EXPOSURE,NO_POSITIVE_EXPOSURE,PUBLIC_ARCHIVED,NOT_DOWNLOADED,NOT_ATTEMPTED,NOT_SCIENCE_OBSERVATION;NONPOSITIVE_MODULE_EXPOSURE,lmc_x_3,0.0,0.0,60330,2.5183792672535845,VERIFIED_NAME_POSITION,False,0,STELLAR,null,0,null,9,https://heasarc.gsfc.nasa.gov/FTP/nustar/data/obs/09/3/30902041001/
30902041002,LMC X-3,BH,2023-07-09T12:16:07.680,27385.0695,LMC_X3,CATALOG_POSITIVE_EXPOSURE,CATALOG_POSITIVE_EXPOSURE,PUBLIC_ARCHIVED,NOT_DOWNLOADED,NOT_ATTEMPTED,,lmc_x_3,27610.2642,27385.0695,59965,2.628035512592548,VERIFIED_NAME_POSITION,True,0,(1/3),null,0,null,9,https://heasarc.gsfc.nasa.gov/FTP/nustar/data/obs/09/3/30902041002/
30902041003,LMC X-3,BH,2023-07-14T07:41:05.280,173.3514,LMC_X3,CATALOG_POSITIVE_EXPOSURE,CATALOG_POSITIVE_EXPOSURE,PUBLIC_ARCHIVED,NOT_DOWNLOADED,NOT_ATTEMPTED,,lmc_x_3,174.9787,173.3514,60330,2.7339868639868765,VERIFIED_NAME_POSITION,True,0,STELLAR,null,0,null,9,https://heasarc.gsfc.nasa.gov/FTP/nustar/data/obs/09/3/30902041003/
30902041004,LMC X-3,BH,2023-07-14T07:56:12.480,27892.0162,LMC_X3,CATALOG_POSITIVE_EXPOSURE,CATALOG_POSITIVE_EXPOSURE,PUBLIC_ARCHIVED,NOT_DOWNLOADED,NOT_ATTEMPTED,,lmc_x_3,28117.9912,27892.0162,60330,2.395918808400093,VERIFIED_NAME_POSITION,True,0,(2/3),null,0,null,9,https://heasarc.gsfc.nasa.gov/FTP/nustar/data/obs/09/3/30902041004/
30902041005,LMC X-3,BH,2023-07-19T18:46:13.440,293.3372,LMC_X3,CATALOG_POSITIVE_EXPOSURE,CATALOG_POSITIVE_EXPOSURE,PUBLIC_ARCHIVED,NOT_DOWNLOADED,NOT_ATTEMPTED,,lmc_x_3,294.9825,293.3372,60330,2.9082573189428604,VERIFIED_NAME_POSITION,True,0,STELLAR,null,0,null,9,https://heasarc.gsfc.nasa.gov/FTP/nustar/data/obs/09/3/30902041005/
30902041006,LMC X-3,BH,2023-07-19T19:41:05.280,28759.3714,LMC_X3,CATALOG_POSITIVE_EXPOSURE,CATALOG_POSITIVE_EXPOSURE,PUBLIC_ARCHIVED,NOT_DOWNLOADED,NOT_ATTEMPTED,,lmc_x_3,28982.1902,28759.3714,60330,2.780191727592306,VERIFIED_NAME_POSITION,True,0,(3/3),null,0,null,9,https://heasarc.gsfc.nasa.gov/FTP/nustar/data/obs/09/3/30902041006/
31002032001,LMC X-3,BH,2024-10-04T07:46:07.680,377.3686,LMC_X3,CATALOG_POSITIVE_EXPOSURE,CATALOG_POSITIVE_EXPOSURE,PUBLIC_ARCHIVED,NOT_DOWNLOADED,NOT_ATTEMPTED,,lmc_x_3,379.5415,377.3686,60883,1.9216145657413648,VERIFIED_NAME_POSITION,True,null,STELLAR,null,0,null,10,https://heasarc.gsfc.nasa.gov/FTP/nustar/data/obs/10/3/31002032001/
31002032002,LMC X-3,BH,2024-10-04T08:16:13.440,40400.0669,LMC_X3,CATALOG_POSITIVE_EXPOSURE,CATALOG_POSITIVE_EXPOSURE,PUBLIC_ARCHIVED,NOT_DOWNLOADED,NOT_ATTEMPTED,,lmc_x_3,40632.5959,40400.0669,60883,2.638940106796147,VERIFIED_NAME_POSITION,True,null,(1/3),null,0,null,10,https://heasarc.gsfc.nasa.gov/FTP/nustar/data/obs/10/3/31002032002/
31002032003,LMC X-3,BH,2024-11-24T06:16:07.680,0.0,LMC_X3,NO_POSITIVE_EXPOSURE,NO_POSITIVE_EXPOSURE,PUBLIC_ARCHIVED,NOT_DOWNLOADED,NOT_ATTEMPTED,POSITION_REVIEW_REQUIRED;NOT_SCIENCE_OBSERVATION;NONPOSITIVE_MODULE_EXPOSURE,lmc_x_3,0.0,0.0,60883,,REVIEW_REQUIRED,False,null,STELLAR,null,0,null,10,https://heasarc.gsfc.nasa.gov/FTP/nustar/data/obs/10/3/31002032003/
31002032004,LMC X-3,BH,2024-11-24T07:11:08.160,44146.7974,LMC_X3,CATALOG_POSITIVE_EXPOSURE,CATALOG_POSITIVE_EXPOSURE,PUBLIC_ARCHIVED,NOT_DOWNLOADED,NOT_ATTEMPTED,,lmc_x_3,44534.2963,44146.7974,60883,2.788335602838844,VERIFIED_NAME_POSITION,True,null,(2/3),null,0,null,10,https://heasarc.gsfc.nasa.gov/FTP/nustar/data/obs/10/3/31002032004/
31002032005,LMC X-3,BH,2025-01-11T15:46:13.440,0.0,LMC_X3,NO_POSITIVE_EXPOSURE,NO_POSITIVE_EXPOSURE,PUBLIC_ARCHIVED,NOT_DOWNLOADED,NOT_ATTEMPTED,POSITION_REVIEW_REQUIRED;NOT_SCIENCE_OBSERVATION;NONPOSITIVE_MODULE_EXPOSURE,lmc_x_3,0.0,0.0,60883,,REVIEW_REQUIRED,False,null,STELLAR,null,0,null,10,https://heasarc.gsfc.nasa.gov/FTP/nustar/data/obs/10/3/31002032005/
31002032006,LMC X-3,BH,2025-01-11T16:21:12.960,35298.6521,LMC_X3,CATALOG_POSITIVE_EXPOSURE,CATALOG_POSITIVE_EXPOSURE,PUBLIC_ARCHIVED,NOT_DOWNLOADED,NOT_ATTEMPTED,,lmc_x_3,35587.0552,35298.6521,60883,2.6578296974779807,VERIFIED_NAME_POSITION,True,null,(3/3),null,0,null,10,https://heasarc.gsfc.nasa.gov/FTP/nustar/data/obs/10/3/31002032006/
90201024002,MAXI J0911-655,NS,2016-05-24T00:31:06.240,59836.1592,MAXIJ0911m635,CATALOG_POSITIVE_EXPOSURE,CATALOG_POSITIVE_EXPOSURE,PUBLIC_ARCHIVED,NOT_DOWNLOADED,NOT_ATTEMPTED,NAME_REVIEW_REQUIRED;CLUSTER_ATTRIBUTION_REVIEW,maxi_j0911_655,59897.088,59836.1592,57720,1.539351921412867,REVIEW_REQUIRED,False,0,ToO,null,0,null,2,https://heasarc.gsfc.nasa.gov/FTP/nustar/data/obs/02/9/90201024002/
90201042001,MAXI J0911-655,NS,2016-11-23T14:46:10.560,35.678,MAXIJ0911m635,CATALOG_POSITIVE_EXPOSURE,CATALOG_POSITIVE_EXPOSURE,PUBLIC_ARCHIVED,NOT_DOWNLOADED,NOT_ATTEMPTED,NAME_REVIEW_REQUIRED;CLUSTER_ATTRIBUTION_REVIEW,maxi_j0911_655,35.8159,35.678,57729,1.4998969785165388,REVIEW_REQUIRED,False,0,STELLAR,null,0,null,2,https://heasarc.gsfc.nasa.gov/FTP/nustar/data/obs/02/9/90201042001/
90201042002,MAXI J0911-655,NS,2016-11-23T15:26:12.480,33703.6129,MAXIJ0911m635,CATALOG_POSITIVE_EXPOSURE,CATALOG_POSITIVE_EXPOSURE,PUBLIC_ARCHIVED,NOT_DOWNLOADED,NOT_ATTEMPTED,NAME_REVIEW_REQUIRED;CLUSTER_ATTRIBUTION_REVIEW,maxi_j0911_655,33756.9993,33703.6129,57729,1.8616162828268572,REVIEW_REQUIRED,False,0,(2/2) ToO,null,0,null,2,https://heasarc.gsfc.nasa.gov/FTP/nustar/data/obs/02/9/90201042002/
90301322001,MAXI J1621-501,UNRESOLVED,2017-10-26T00:46:13.440,19463.8027,MAXI_J1621m501,CATALOG_POSITIVE_EXPOSURE,CATALOG_POSITIVE_EXPOSURE,PUBLIC_ARCHIVED,NOT_DOWNLOADED,NOT_ATTEMPTED,NAME_REVIEW_REQUIRED;LABEL_UNRESOLVED,maxi_j1621_501,19463.8027,19580.5624,58066,2.856153032368145,REVIEW_REQUIRED,False,0,ToO,null,0,null,3,https://heasarc.gsfc.nasa.gov/FTP/nustar/data/obs/03/9/90301322001/
81001347001,MAXI J1752-457,UNRESOLVED,2024-11-13T00:51:07.200,4472.8269,MAXI_J1752m457,CATALOG_POSITIVE_EXPOSURE,CATALOG_POSITIVE_EXPOSURE,PUBLIC_ARCHIVED,NOT_DOWNLOADED,NOT_ATTEMPTED,NAME_REVIEW_REQUIRED;LABEL_UNRESOLVED,maxi_j1752_457,4509.6777,4472.8269,60810,2.8947426706979624,REVIEW_REQUIRED,False,1,ToO (2/2) / Stray light / No CHU4,null,0,null,10,https://heasarc.gsfc.nasa.gov/FTP/nustar/data/obs/10/8/81001347001/
81010301001,MAXI J1752-457,UNRESOLVED,2024-11-12T04:06:05.760,1218.1122,MAXI_J1752m45_MOS1,CATALOG_POSITIVE_EXPOSURE,CATALOG_POSITIVE_EXPOSURE,PUBLIC_ARCHIVED,NOT_DOWNLOADED,NOT_ATTEMPTED,NAME_REVIEW_REQUIRED;POSITION_REVIEW_REQUIRED;LABEL_UNRESOLVED,maxi_j1752_457,1226.7825,1218.1122,60810,8.308874550277752,REVIEW_REQUIRED,False,1,ToO / Stray light,null,0,null,10,https://heasarc.gsfc.nasa.gov/FTP/nustar/data/obs/10/8/81010301001/
81010302001,MAXI J1752-457,UNRESOLVED,2024-11-12T06:31:06.240,1279.4194,MAXI_J1752m45_MOS2,CATALOG_POSITIVE_EXPOSURE,CATALOG_POSITIVE_EXPOSURE,PUBLIC_ARCHIVED,NOT_DOWNLOADED,NOT_ATTEMPTED,NAME_REVIEW_REQUIRED;POSITION_REVIEW_REQUIRED;LABEL_UNRESOLVED,maxi_j1752_457,1289.5196,1279.4194,60810,3.2924344381973394,REVIEW_REQUIRED,False,1,ToO / Stray light,null,0,null,10,https://heasarc.gsfc.nasa.gov/FTP/nustar/data/obs/10/8/81010302001/
90501342002,MAXI J1807+132,UNRESOLVED,2019-09-26T08:56:06.720,21970.0679,MAXI_J1807p132,CATALOG_POSITIVE_EXPOSURE,CATALOG_POSITIVE_EXPOSURE,PUBLIC_ARCHIVED,NOT_DOWNLOADED,NOT_ATTEMPTED,NAME_REVIEW_REQUIRED;LABEL_UNRESOLVED,maxi_j1807_132,22129.9634,21970.0679,58759,1.9814878008310957,REVIEW_REQUIRED,False,0,ToO,null,0,null,5,https://heasarc.gsfc.nasa.gov/FTP/nustar/data/obs/05/9/90501342002/
90801315001,MAXI J1816-195,NS,2022-06-23T10:26:06.720,35699.349,MAXI_J1816m195,CATALOG_POSITIVE_EXPOSURE,CATALOG_POSITIVE_EXPOSURE,PUBLIC_ARCHIVED,NOT_DOWNLOADED,NOT_ATTEMPTED,,maxi_j1816_195,35699.349,35888.9807,59771,2.9844708258806083,VERIFIED_NAME_POSITION,True,1,idiagnostics / SL-A23 (GX 13+1) ASL,null,0,null,8,https://heasarc.gsfc.nasa.gov/FTP/nustar/data/obs/08/9/90801315001/
81201363,MAXI J1820+070,BH,,0.0,MAXI_J1820p070,NO_POSITIVE_EXPOSURE,NO_POSITIVE_EXPOSURE,accepted,NOT_DOWNLOADED,NOT_ATTEMPTED,NOT_PUBLIC_ARCHIVED;NOT_SCIENCE_OBSERVATION;NONPOSITIVE_MODULE_EXPOSURE,maxi_j1820_070,0.0,0.0,null,0.0004340277940322827,VERIFIED_NAME_POSITION,False,0,null,null,0,0,12,https://heasarc.gsfc.nasa.gov/FTP/nustar/data/obs/12/8/81201363/
90401309001,MAXI J1820+070,BH,2018-03-14T19:31:09.120,0.0,MAXI_J1820p070,NO_POSITIVE_EXPOSURE,NO_POSITIVE_EXPOSURE,PUBLIC_ARCHIVED,NOT_DOWNLOADED,NOT_ATTEMPTED,POSITION_REVIEW_REQUIRED;NOT_SCIENCE_OBSERVATION;NONPOSITIVE_MODULE_EXPOSURE,maxi_j1820_070,0.0,0.0,58197,,REVIEW_REQUIRED,False,0,STELLAR,null,0,null,4,https://heasarc.gsfc.nasa.gov/FTP/nustar/data/obs/04/9/90401309001/
90401309002,MAXI J1820+070,BH,2018-03-14T20:26:09.600,11768.4031,MAXI_J1820p070,CATALOG_POSITIVE_EXPOSURE,CATALOG_POSITIVE_EXPOSURE,PUBLIC_ARCHIVED,NOT_DOWNLOADED,NOT_ATTEMPTED,,maxi_j1820_070,11768.4031,11979.8874,58197,1.6191963684291697,VERIFIED_NAME_POSITION,True,1,ToO / data gap 18152s,null,18152,null,4,https://heasarc.gsfc.nasa.gov/FTP/nustar/data/obs/04/9/90401309002/
90401309003,MAXI J1820+070,BH,2018-03-21T00:11:05.280,0.0,MAXI_J1820p070,NO_POSITIVE_EXPOSURE,NO_POSITIVE_EXPOSURE,PUBLIC_ARCHIVED,NOT_DOWNLOADED,NOT_ATTEMPTED,POSITION_REVIEW_REQUIRED;NOT_SCIENCE_OBSERVATION;NONPOSITIVE_MODULE_EXPOSURE,maxi_j1820_070,0.0,0.0,58210,,REVIEW_REQUIRED,False,0,STELLAR,null,0,null,4,https://heasarc.gsfc.nasa.gov/FTP/nustar/data/obs/04/9/90401309003/
90401309004,MAXI J1820+070,BH,2018-03-21T00:31:06.240,2760.5355,MAXI_J1820p070,CATALOG_POSITIVE_EXPOSURE,CATALOG_POSITIVE_EXPOSURE,PUBLIC_ARCHIVED,NOT_DOWNLOADED,NOT_ATTEMPTED,,maxi_j1820_070,2760.5355,2876.6392,58210,1.6314361086957248,VERIFIED_NAME_POSITION,True,1,ToO / data gap 2s,null,2,null,4,https://heasarc.gsfc.nasa.gov/FTP/nustar/data/obs/04/9/90401309004/
90401309005,MAXI J1820+070,BH,2018-03-21T06:56:09.600,0.0,MAXI_J1820p070,NO_POSITIVE_EXPOSURE,NO_POSITIVE_EXPOSURE,PUBLIC_ARCHIVED,NOT_DOWNLOADED,NOT_ATTEMPTED,POSITION_REVIEW_REQUIRED;NOT_SCIENCE_OBSERVATION;NONPOSITIVE_MODULE_EXPOSURE,maxi_j1820_070,0.0,0.0,58210,,REVIEW_REQUIRED,False,0,STELLAR,null,0,null,4,https://heasarc.gsfc.nasa.gov/FTP/nustar/data/obs/04/9/90401309005/
90401309006,MAXI J1820+070,BH,2018-03-21T07:06:05.760,4539.4912,MAXI_J1820p070,CATALOG_POSITIVE_EXPOSURE,CATALOG_POSITIVE_EXPOSURE,PUBLIC_ARCHIVED,NOT_DOWNLOADED,NOT_ATTEMPTED,,maxi_j1820_070,4539.4912,4761.9546,58210,1.8415865698579783,VERIFIED_NAME_POSITION,True,0,ToO,null,0,null,4,https://heasarc.gsfc.nasa.gov/FTP/nustar/data/obs/04/9/90401309006/
90401309007,MAXI J1820+070,BH,2018-03-24T12:11:05.280,0.0,MAXI_J1820p070,NO_POSITIVE_EXPOSURE,NO_POSITIVE_EXPOSURE,PUBLIC_ARCHIVED,NOT_DOWNLOADED,NOT_ATTEMPTED,POSITION_REVIEW_REQUIRED;NOT_SCIENCE_OBSERVATION;NONPOSITIVE_MODULE_EXPOSURE,maxi_j1820_070,0.0,0.0,58210,,REVIEW_REQUIRED,False,0,STELLAR,null,0,null,4,https://heasarc.gsfc.nasa.gov/FTP/nustar/data/obs/04/9/90401309007/
90401309008,MAXI J1820+070,BH,2018-03-24T12:31:06.240,3045.7844,MAXI_J1820p070,CATALOG_POSITIVE_EXPOSURE,CATALOG_POSITIVE_EXPOSURE,PUBLIC_ARCHIVED,NOT_DOWNLOADED,NOT_ATTEMPTED,,maxi_j1820_070,3045.7844,3213.7984,58210,2.417149094574387,VERIFIED_NAME_POSITION,True,0,ToO,null,0,null,4,https://heasarc.gsfc.nasa.gov/FTP/nustar/data/obs/04/9/90401309008/
90401309009,MAXI J1820+070,BH,2018-03-24T20:16:13.440,0.0,MAXI_J1820p070,NO_POSITIVE_EXPOSURE,NO_POSITIVE_EXPOSURE,PUBLIC_ARCHIVED,NOT_DOWNLOADED,NOT_ATTEMPTED,POSITION_REVIEW_REQUIRED;NOT_SCIENCE_OBSERVATION;NONPOSITIVE_MODULE_EXPOSURE,maxi_j1820_070,0.0,0.0,58210,,REVIEW_REQUIRED,False,0,STELLAR,null,0,null,4,https://heasarc.gsfc.nasa.gov/FTP/nustar/data/obs/04/9/90401309009/
90401309010,MAXI J1820+070,BH,2018-03-24T20:26:09.600,2660.1312,MAXI_J1820p070,CATALOG_POSITIVE_EXPOSURE,CATALOG_POSITIVE_EXPOSURE,PUBLIC_ARCHIVED,NOT_DOWNLOADED,NOT_ATTEMPTED,,maxi_j1820_070,2660.1312,2801.1965,58210,2.129939528941323,VERIFIED_NAME_POSITION,True,1,ToO / data gap 2s,null,2,null,4,https://heasarc.gsfc.nasa.gov/FTP/nustar/data/obs/04/9/90401309010/
90401309011,MAXI J1820+070,BH,2018-04-04T03:31:06.240,0.0,MAXI_J1820p070,NO_POSITIVE_EXPOSURE,NO_POSITIVE_EXPOSURE,PUBLIC_ARCHIVED,NOT_DOWNLOADED,NOT_ATTEMPTED,POSITION_REVIEW_REQUIRED;NOT_SCIENCE_OBSERVATION;NONPOSITIVE_MODULE_EXPOSURE,maxi_j1820_070,0.0,0.0,58227,,REVIEW_REQUIRED,False,0,STELLAR,null,0,null,4,https://heasarc.gsfc.nasa.gov/FTP/nustar/data/obs/04/9/90401309011/
90401309012,MAXI J1820+070,BH,2018-04-04T04:31:09.120,12333.1798,MAXI_J1820p070,CATALOG_POSITIVE_EXPOSURE,CATALOG_POSITIVE_EXPOSURE,PUBLIC_ARCHIVED,NOT_DOWNLOADED,NOT_ATTEMPTED,,maxi_j1820_070,12333.1798,12963.1906,58227,2.1404796601495466,VERIFIED_NAME_POSITION,True,0,ToO,null,0,null,4,https://heasarc.gsfc.nasa.gov/FTP/nustar/data/obs/04/9/90401309012/
90401309013,MAXI J1820+070,BH,2018-04-16T22:21:12.960,1834.2278,MAXI_J1820p070,CATALOG_POSITIVE_EXPOSURE,CATALOG_POSITIVE_EXPOSURE,PUBLIC_ARCHIVED,NOT_DOWNLOADED,NOT_ATTEMPTED,,maxi_j1820_070,1834.2278,1933.9055,58235,2.077520374116461,VERIFIED_NAME_POSITION,True,0,ToO,null,0,null,4,https://heasarc.gsfc.nasa.gov/FTP/nustar/data/obs/04/9/90401309013/
90401309014,MAXI J1820+070,BH,2018-04-17T06:31:06.240,9208.0477,MAXI_J1820p070,CATALOG_POSITIVE_EXPOSURE,CATALOG_POSITIVE_EXPOSURE,PUBLIC_ARCHIVED,NOT_DOWNLOADED,NOT_ATTEMPTED,,maxi_j1820_070,9208.0477,9707.7527,58235,2.1143415876263236,VERIFIED_NAME_POSITION,True,1,ToO / data gaps 3745s,null,3745,null,4,https://heasarc.gsfc.nasa.gov/FTP/nustar/data/obs/04/9/90401309014/
90401309015,MAXI J1820+070,BH,2018-05-03T18:42:02.880,0.0,MAXI_J1820p070,NO_POSITIVE_EXPOSURE,NO_POSITIVE_EXPOSURE,PUBLIC_ARCHIVED,NOT_DOWNLOADED,NOT_ATTEMPTED,POSITION_REVIEW_REQUIRED;NOT_SCIENCE_OBSERVATION;NONPOSITIVE_MODULE_EXPOSURE,maxi_j1820_070,0.0,0.0,58250,47.67862653918405,REVIEW_REQUIRED,False,0,STELLAR,null,0,null,4,https://heasarc.gsfc.nasa.gov/FTP/nustar/data/obs/04/9/90401309015/
90401309016,MAXI J1820+070,BH,2018-05-03T18:51:07.200,13791.2575,MAXI_J1820p070,CATALOG_POSITIVE_EXPOSURE,CATALOG_POSITIVE_EXPOSURE,PUBLIC_ARCHIVED,NOT_DOWNLOADED,NOT_ATTEMPTED,,maxi_j1820_070,13791.2575,14536.4545,58250,1.634624421826956,VERIFIED_NAME_POSITION,True,1,(1/2) ToO / data gaps 5s,null,5,null,4,https://heasarc.gsfc.nasa.gov/FTP/nustar/data/obs/04/9/90401309016/
90401309017,MAXI J1820+070,BH,2018-05-17T02:46:10.560,0.0,MAXI_J1820p070,NO_POSITIVE_EXPOSURE,NO_POSITIVE_EXPOSURE,PUBLIC_ARCHIVED,NOT_DOWNLOADED,NOT_ATTEMPTED,POSITION_REVIEW_REQUIRED;NOT_SCIENCE_OBSERVATION;NONPOSITIVE_MODULE_EXPOSURE,maxi_j1820_070,0.0,0.0,58263,,REVIEW_REQUIRED,False,0,STELLAR,null,0,null,4,https://heasarc.gsfc.nasa.gov/FTP/nustar/data/obs/04/9/90401309017/
90401309018,MAXI J1820+070,BH,2018-05-17T03:36:08.640,2733.2927,MAXI_J1820p070,CATALOG_POSITIVE_EXPOSURE,CATALOG_POSITIVE_EXPOSURE,PUBLIC_ARCHIVED,NOT_DOWNLOADED,NOT_ATTEMPTED,,maxi_j1820_070,2733.2927,2879.4591,58263,1.5447065476383113,VERIFIED_NAME_POSITION,True,0,(2/2) ToO,null,0,null,4,https://heasarc.gsfc.nasa.gov/FTP/nustar/data/obs/04/9/90401309018/
90401309019,MAXI J1820+070,BH,2018-05-17T14:26:09.600,9443.5759,MAXI_J1820p070,CATALOG_POSITIVE_EXPOSURE,CATALOG_POSITIVE_EXPOSURE,PUBLIC_ARCHIVED,NOT_DOWNLOADED,NOT_ATTEMPTED,,maxi_j1820_070,9443.5759,9937.7875,58263,1.5625433917628033,VERIFIED_NAME_POSITION,True,1,(2/2) ToO / data gaps 3s,null,3,null,4,https://heasarc.gsfc.nasa.gov/FTP/nustar/data/obs/04/9/90401309019/
90401309020,MAXI J1820+070,BH,2018-06-28T02:56:06.720,0.0,MAXI_J1820p070,NO_POSITIVE_EXPOSURE,NO_POSITIVE_EXPOSURE,PUBLIC_ARCHIVED,NOT_DOWNLOADED,NOT_ATTEMPTED,POSITION_REVIEW_REQUIRED;NOT_SCIENCE_OBSERVATION;NONPOSITIVE_MODULE_EXPOSURE,maxi_j1820_070,0.0,0.0,58306,,REVIEW_REQUIRED,False,0,STELLAR,null,0,null,4,https://heasarc.gsfc.nasa.gov/FTP/nustar/data/obs/04/9/90401309020/
90401309021,MAXI J1820+070,BH,2018-06-28T03:56:09.600,21867.837,MAXI_J1820p070,CATALOG_POSITIVE_EXPOSURE,CATALOG_POSITIVE_EXPOSURE,PUBLIC_ARCHIVED,NOT_DOWNLOADED,NOT_ATTEMPTED,,maxi_j1820_070,21867.837,22852.9701,58306,2.820811451719311,VERIFIED_NAME_POSITION,True,0,(1/2) ToO,null,0,null,4,https://heasarc.gsfc.nasa.gov/FTP/nustar/data/obs/04/9/90401309021/
90401309022,MAXI J1820+070,BH,2018-07-07T08:06:08.640,0.0,MAXI_J1820p070,NO_POSITIVE_EXPOSURE,NO_POSITIVE_EXPOSURE,PUBLIC_ARCHIVED,NOT_DOWNLOADED,NOT_ATTEMPTED,POSITION_REVIEW_REQUIRED;NOT_SCIENCE_OBSERVATION;NONPOSITIVE_MODULE_EXPOSURE,maxi_j1820_070,0.0,0.0,58320,,REVIEW_REQUIRED,False,0,STELLAR,null,0,null,4,https://heasarc.gsfc.nasa.gov/FTP/nustar/data/obs/04/9/90401309022/
90401309023,MAXI J1820+070,BH,2018-07-07T08:36:05.760,7268.8124,MAXI_J1820p070,CATALOG_POSITIVE_EXPOSURE,CATALOG_POSITIVE_EXPOSURE,PUBLIC_ARCHIVED,NOT_DOWNLOADED,NOT_ATTEMPTED,POSITION_REVIEW_REQUIRED,maxi_j1820_070,7268.8124,7752.5696,58320,3.0635692377903716,REVIEW_REQUIRED,False,1,(2a/2) ToO,null,7,null,4,https://heasarc.gsfc.nasa.gov/FTP/nustar/data/obs/04/9/90401309023/
90401309024,MAXI J1820+070,BH,2018-07-15T17:21:07.200,0.0,MAXI_J1820p070,NO_POSITIVE_EXPOSURE,NO_POSITIVE_EXPOSURE,PUBLIC_ARCHIVED,NOT_DOWNLOADED,NOT_ATTEMPTED,POSITION_REVIEW_REQUIRED;NOT_SCIENCE_OBSERVATION;NONPOSITIVE_MODULE_EXPOSURE,maxi_j1820_070,0.0,0.0,58327,,REVIEW_REQUIRED,False,0,STELLAR,null,0,null,4,https://heasarc.gsfc.nasa.gov/FTP/nustar/data/obs/04/9/90401309024/
90401309025,MAXI J1820+070,BH,2018-07-15T17:51:12.960,8053.0501,MAXI_J1820p070,CATALOG_POSITIVE_EXPOSURE,CATALOG_POSITIVE_EXPOSURE,PUBLIC_ARCHIVED,NOT_DOWNLOADED,NOT_ATTEMPTED,,maxi_j1820_070,8053.0501,8632.913,58327,2.3331427444641255,VERIFIED_NAME_POSITION,True,0,(2b/2) ToO,null,0,null,4,https://heasarc.gsfc.nasa.gov/FTP/nustar/data/obs/04/9/90401309025/
90401309026,MAXI J1820+070,BH,2018-07-28T00:46:13.440,245.9237,MAXI_J1820p070,CATALOG_POSITIVE_EXPOSURE,CATALOG_POSITIVE_EXPOSURE,PUBLIC_ARCHIVED,NOT_DOWNLOADED,NOT_ATTEMPTED,,maxi_j1820_070,245.9237,262.0489,58348,2.65997127734828,VERIFIED_NAME_POSITION,True,0,STELLAR,null,0,null,4,https://heasarc.gsfc.nasa.gov/FTP/nustar/data/obs/04/9/90401309026/
90401309027,MAXI J1820+070,BH,2018-07-28T01:11:08.160,20633.788,MAXI_J1820p070,CATALOG_POSITIVE_EXPOSURE,CATALOG_POSITIVE_EXPOSURE,PUBLIC_ARCHIVED,NOT_DOWNLOADED,NOT_ATTEMPTED,,maxi_j1820_070,20633.788,22009.4532,58348,2.7540247302744683,VERIFIED_NAME_POSITION,True,1,ToO (1/2),null,1,null,4,https://heasarc.gsfc.nasa.gov/FTP/nustar/data/obs/04/9/90401309027/
90401309028,MAXI J1820+070,BH,2018-08-13T14:16:13.440,0.0,MAXI_J1820p070,NO_POSITIVE_EXPOSURE,NO_POSITIVE_EXPOSURE,PUBLIC_ARCHIVED,NOT_DOWNLOADED,NOT_ATTEMPTED,POSITION_REVIEW_REQUIRED;NOT_SCIENCE_OBSERVATION;NONPOSITIVE_MODULE_EXPOSURE,maxi_j1820_070,0.0,0.0,58355,,REVIEW_REQUIRED,False,0,STELLAR,null,0,null,4,https://heasarc.gsfc.nasa.gov/FTP/nustar/data/obs/04/9/90401309028/
90401309029,MAXI J1820+070,BH,2018-08-13T14:26:09.600,8708.0577,MAXI_J1820p070,CATALOG_POSITIVE_EXPOSURE,CATALOG_POSITIVE_EXPOSURE,PUBLIC_ARCHIVED,NOT_DOWNLOADED,NOT_ATTEMPTED,,maxi_j1820_070,8708.0577,9176.4291,58355,2.646171385127189,VERIFIED_NAME_POSITION,True,0,ToO,null,0,null,4,https://heasarc.gsfc.nasa.gov/FTP/nustar/data/obs/04/9/90401309029/
90401309030,MAXI J1820+070,BH,2018-08-19T06:41:11.040,0.0,MAXI_J1820p070,NO_POSITIVE_EXPOSURE,NO_POSITIVE_EXPOSURE,PUBLIC_ARCHIVED,NOT_DOWNLOADED,NOT_ATTEMPTED,POSITION_REVIEW_REQUIRED;NOT_SCIENCE_OBSERVATION;NONPOSITIVE_MODULE_EXPOSURE,maxi_j1820_070,0.0,0.0,58369,,REVIEW_REQUIRED,False,0,STELLAR,null,0,null,4,https://heasarc.gsfc.nasa.gov/FTP/nustar/data/obs/04/9/90401309030/
90401309031,MAXI J1820+070,BH,2018-08-19T07:26:06.720,18502.3148,MAXI_J1820p070,CATALOG_POSITIVE_EXPOSURE,CATALOG_POSITIVE_EXPOSURE,PUBLIC_ARCHIVED,NOT_DOWNLOADED,NOT_ATTEMPTED,,maxi_j1820_070,18502.3148,19390.2096,58369,2.6341576995990357,VERIFIED_NAME_POSITION,True,0,(2/2) ToO,null,0,null,4,https://heasarc.gsfc.nasa.gov/FTP/nustar/data/obs/04/9/90401309031/
90401309032,MAXI J1820+070,BH,2018-09-27T21:31:06.240,0.0,MAXI_J1820p070,NO_POSITIVE_EXPOSURE,NO_POSITIVE_EXPOSURE,PUBLIC_ARCHIVED,NOT_DOWNLOADED,NOT_ATTEMPTED,POSITION_REVIEW_REQUIRED;NOT_SCIENCE_OBSERVATION;NONPOSITIVE_MODULE_EXPOSURE,maxi_j1820_070,0.0,0.0,58395,,REVIEW_REQUIRED,False,0,STELLAR,null,0,null,4,https://heasarc.gsfc.nasa.gov/FTP/nustar/data/obs/04/9/90401309032/
90401309033,MAXI J1820+070,BH,2018-09-27T21:51:07.200,24894.7486,MAXI_J1820p070,CATALOG_POSITIVE_EXPOSURE,CATALOG_POSITIVE_EXPOSURE,PUBLIC_ARCHIVED,NOT_DOWNLOADED,NOT_ATTEMPTED,,maxi_j1820_070,24894.7486,25345.1268,58395,2.0493186051583954,VERIFIED_NAME_POSITION,True,0,(1/2) ToO,null,0,null,4,https://heasarc.gsfc.nasa.gov/FTP/nustar/data/obs/04/9/90401309033/
90401309034,MAXI J1820+070,BH,2018-10-06T06:26:12.480,0.0,MAXI_J1820p070,NO_POSITIVE_EXPOSURE,NO_POSITIVE_EXPOSURE,PUBLIC_ARCHIVED,NOT_DOWNLOADED,NOT_ATTEMPTED,POSITION_REVIEW_REQUIRED;NOT_SCIENCE_OBSERVATION;NONPOSITIVE_MODULE_EXPOSURE,maxi_j1820_070,0.0,0.0,58409,,REVIEW_REQUIRED,False,0,STELLAR,null,0,null,4,https://heasarc.gsfc.nasa.gov/FTP/nustar/data/obs/04/9/90401309034/
90401309035,MAXI J1820+070,BH,2018-10-06T07:11:08.160,18571.5006,MAXI_J1820p070,CATALOG_POSITIVE_EXPOSURE,CATALOG_POSITIVE_EXPOSURE,PUBLIC_ARCHIVED,NOT_DOWNLOADED,NOT_ATTEMPTED,,maxi_j1820_070,18571.5006,18642.3532,58409,1.852520483553515,VERIFIED_NAME_POSITION,True,0,ToO,null,0,null,4,https://heasarc.gsfc.nasa.gov/FTP/nustar/data/obs/04/9/90401309035/
90401309036,MAXI J1820+070,BH,2018-10-13T22:16:10.560,0.0,MAXI_J1820p070,NO_POSITIVE_EXPOSURE,NO_POSITIVE_EXPOSURE,PUBLIC_ARCHIVED,NOT_DOWNLOADED,NOT_ATTEMPTED,POSITION_REVIEW_REQUIRED;NOT_SCIENCE_OBSERVATION;NONPOSITIVE_MODULE_EXPOSURE,maxi_j1820_070,0.0,0.0,58409,,REVIEW_REQUIRED,False,0,STELLAR,null,0,null,4,https://heasarc.gsfc.nasa.gov/FTP/nustar/data/obs/04/9/90401309036/
90401309037,MAXI J1820+070,BH,2018-10-13T22:46:07.680,38404.1657,MAXI_J1820p070,CATALOG_POSITIVE_EXPOSURE,CATALOG_POSITIVE_EXPOSURE,PUBLIC_ARCHIVED,NOT_DOWNLOADED,NOT_ATTEMPTED,,maxi_j1820_070,38469.1449,38404.1657,58409,2.5502565697764954,VERIFIED_NAME_POSITION,True,0,ToO,null,0,null,4,https://heasarc.gsfc.nasa.gov/FTP/nustar/data/obs/04/9/90401309037/
90401309038,MAXI J1820+070,BH,2018-10-29T00:31:06.240,0.0,MAXI_J1820p070,NO_POSITIVE_EXPOSURE,NO_POSITIVE_EXPOSURE,PUBLIC_ARCHIVED,NOT_DOWNLOADED,NOT_ATTEMPTED,POSITION_REVIEW_REQUIRED;NOT_SCIENCE_OBSERVATION;NONPOSITIVE_MODULE_EXPOSURE,maxi_j1820_070,0.0,0.0,58431,,REVIEW_REQUIRED,False,0,STELLAR,null,0,null,4,https://heasarc.gsfc.nasa.gov/FTP/nustar/data/obs/04/9/90401309038/
90401309039,MAXI J1820+070,BH,2018-10-29T01:11:08.160,57992.206,MAXI_J1820p070,CATALOG_POSITIVE_EXPOSURE,CATALOG_POSITIVE_EXPOSURE,PUBLIC_ARCHIVED,NOT_DOWNLOADED,NOT_ATTEMPTED,,maxi_j1820_070,58253.5749,57992.206,58431,2.335295440252358,VERIFIED_NAME_POSITION,True,0,ToO,null,0,null,4,https://heasarc.gsfc.nasa.gov/FTP/nustar/data/obs/04/9/90401309039/
90401324001,MAXI J1820+070,BH,2018-05-21T05:06:08.640,0.0,MAXI_J1820p070,NO_POSITIVE_EXPOSURE,NO_POSITIVE_EXPOSURE,PUBLIC_ARCHIVED,NOT_DOWNLOADED,NOT_ATTEMPTED,POSITION_REVIEW_REQUIRED;NOT_SCIENCE_OBSERVATION;NONPOSITIVE_MODULE_EXPOSURE,maxi_j1820_070,0.0,0.0,58263,,REVIEW_REQUIRED,False,0,STELLAR,null,0,null,4,https://heasarc.gsfc.nasa.gov/FTP/nustar/data/obs/04/9/90401324001/
90401324002,MAXI J1820+070,BH,2018-05-21T05:51:12.960,6570.4217,MAXI_J1820p070,CATALOG_POSITIVE_EXPOSURE,CATALOG_POSITIVE_EXPOSURE,PUBLIC_ARCHIVED,NOT_DOWNLOADED,NOT_ATTEMPTED,,maxi_j1820_070,6570.4217,6931.0035,58263,2.186241092929374,VERIFIED_NAME_POSITION,True,0,ToO,null,0,null,4,https://heasarc.gsfc.nasa.gov/FTP/nustar/data/obs/04/9/90401324002/
90501311001,MAXI J1820+070,BH,2019-03-25T19:26:06.720,0.0,MAXI_J1820p070,NO_POSITIVE_EXPOSURE,NO_POSITIVE_EXPOSURE,PUBLIC_ARCHIVED,NOT_DOWNLOADED,NOT_ATTEMPTED,POSITION_REVIEW_REQUIRED;NOT_SCIENCE_OBSERVATION;NONPOSITIVE_MODULE_EXPOSURE,maxi_j1820_070,0.0,0.0,58578,,REVIEW_REQUIRED,False,0,STELLAR,null,0,null,5,https://heasarc.gsfc.nasa.gov/FTP/nustar/data/obs/05/9/90501311001/
90501311002,MAXI J1820+070,BH,2019-03-25T19:51:10.080,28588.0875,MAXI_J1820p070,CATALOG_POSITIVE_EXPOSURE,CATALOG_POSITIVE_EXPOSURE,PUBLIC_ARCHIVED,NOT_DOWNLOADED,NOT_ATTEMPTED,,maxi_j1820_070,28664.1756,28588.0875,58578,2.30876285800372,VERIFIED_NAME_POSITION,True,0,ToO,null,0,null,5,https://heasarc.gsfc.nasa.gov/FTP/nustar/data/obs/05/9/90501311002/
90501320001,MAXI J1820+070,BH,2019-05-01T09:16:07.680,0.0,MAXI_J1820p070,NO_POSITIVE_EXPOSURE,NO_POSITIVE_EXPOSURE,PUBLIC_ARCHIVED,NOT_DOWNLOADED,NOT_ATTEMPTED,POSITION_REVIEW_REQUIRED;NOT_SCIENCE_OBSERVATION;NONPOSITIVE_MODULE_EXPOSURE,maxi_j1820_070,0.0,0.0,58620,,REVIEW_REQUIRED,False,0,STELLAR,null,0,null,5,https://heasarc.gsfc.nasa.gov/FTP/nustar/data/obs/05/9/90501320001/
90501320002,MAXI J1820+070,BH,2019-05-01T09:36:08.640,42371.7696,MAXI_J1820p070,CATALOG_POSITIVE_EXPOSURE,CATALOG_POSITIVE_EXPOSURE,PUBLIC_ARCHIVED,NOT_DOWNLOADED,NOT_ATTEMPTED,,maxi_j1820_070,42642.6906,42371.7696,58620,2.0624514166789347,VERIFIED_NAME_POSITION,True,0,ToO / idiagnostics_off 121:1743,null,0,null,5,https://heasarc.gsfc.nasa.gov/FTP/nustar/data/obs/05/9/90501320002/
90501337001,MAXI J1820+070,BH,2019-08-26T06:41:11.040,0.0,MAXI_J1820p070,NO_POSITIVE_EXPOSURE,NO_POSITIVE_EXPOSURE,PUBLIC_ARCHIVED,NOT_DOWNLOADED,NOT_ATTEMPTED,POSITION_REVIEW_REQUIRED;NOT_SCIENCE_OBSERVATION;NONPOSITIVE_MODULE_EXPOSURE,maxi_j1820_070,0.0,0.0,58742,,REVIEW_REQUIRED,False,0,STELLAR,null,0,null,5,https://heasarc.gsfc.nasa.gov/FTP/nustar/data/obs/05/9/90501337001/
90501337002,MAXI J1820+070,BH,2019-08-26T07:16:10.560,44433.2286,MAXI_J1820p070,CATALOG_POSITIVE_EXPOSURE,CATALOG_POSITIVE_EXPOSURE,PUBLIC_ARCHIVED,NOT_DOWNLOADED,NOT_ATTEMPTED,,maxi_j1820_070,44580.9133,44433.2286,58742,2.365782348908407,VERIFIED_NAME_POSITION,True,0,ToO,null,0,null,5,https://heasarc.gsfc.nasa.gov/FTP/nustar/data/obs/05/9/90501337002/
90501337003,MAXI J1820+070,BH,2019-09-20T18:56:09.600,0.0,MAXI_J1820p070,NO_POSITIVE_EXPOSURE,NO_POSITIVE_EXPOSURE,PUBLIC_ARCHIVED,NOT_DOWNLOADED,NOT_ATTEMPTED,POSITION_REVIEW_REQUIRED;NOT_SCIENCE_OBSERVATION;NONPOSITIVE_MODULE_EXPOSURE,maxi_j1820_070,0.0,0.0,58759,,REVIEW_REQUIRED,False,0,STELLAR,null,0,null,5,https://heasarc.gsfc.nasa.gov/FTP/nustar/data/obs/05/9/90501337003/
90501337004,MAXI J1820+070,BH,2019-09-20T19:16:10.560,47321.9581,MAXI_J1820p070,CATALOG_POSITIVE_EXPOSURE,CATALOG_POSITIVE_EXPOSURE,PUBLIC_ARCHIVED,NOT_DOWNLOADED,NOT_ATTEMPTED,,maxi_j1820_070,47617.4151,47321.9581,58759,1.9662483693250694,VERIFIED_NAME_POSITION,True,0,ToO,null,0,null,5,https://heasarc.gsfc.nasa.gov/FTP/nustar/data/obs/05/9/90501337004/
90101013002,MXB 1658-298,NS,2015-09-28T21:51:07.200,51452.5061,H1658m298,CATALOG_POSITIVE_EXPOSURE,CATALOG_POSITIVE_EXPOSURE,PUBLIC_ARCHIVED,NOT_DOWNLOADED,NOT_ATTEMPTED,NAME_REVIEW_REQUIRED,mxb_1658_298,51497.8553,51452.5061,57486,1.7527362418597014,REVIEW_REQUIRED,False,0,ToO,null,0,null,1,https://heasarc.gsfc.nasa.gov/FTP/nustar/data/obs/01/9/90101013002/
90201017002,MXB 1658-298,NS,2016-04-21T14:41:08.160,26771.992,H1658m298,CATALOG_POSITIVE_EXPOSURE,CATALOG_POSITIVE_EXPOSURE,PUBLIC_ARCHIVED,NOT_DOWNLOADED,NOT_ATTEMPTED,NAME_REVIEW_REQUIRED,mxb_1658_298,26771.992,26791.8743,57690,1.9949126484489452,REVIEW_REQUIRED,False,0,ToO,null,0,null,2,https://heasarc.gsfc.nasa.gov/FTP/nustar/data/obs/02/9/90201017002/
90101009002,MXB 1730-335,NS,2015-10-06T12:11:05.280,46645.1743,Rapid_Burster,CATALOG_POSITIVE_EXPOSURE,CATALOG_POSITIVE_EXPOSURE,PUBLIC_ARCHIVED,NOT_DOWNLOADED,NOT_ATTEMPTED,NAME_REVIEW_REQUIRED;CLUSTER_ATTRIBUTION_REVIEW,mxb_1730_335,46645.1743,46810.9408,57490,1.7052102436748142,REVIEW_REQUIRED,False,1,ToO,Solar CME,0,null,1,https://heasarc.gsfc.nasa.gov/FTP/nustar/data/obs/01/9/90101009002/
90401321002,MXB 1730-335,NS,2018-05-05T14:26:09.600,55026.232,CXOU_J173324d6m332321,CATALOG_POSITIVE_EXPOSURE,CATALOG_POSITIVE_EXPOSURE,PUBLIC_ARCHIVED,NOT_DOWNLOADED,NOT_ATTEMPTED,NAME_REVIEW_REQUIRED;CLUSTER_ATTRIBUTION_REVIEW,mxb_1730_335,55194.0476,55026.232,58250,2.0548323971883304,REVIEW_REQUIRED,False,1,ToO / Kp=6,Solar CME,0,null,4,https://heasarc.gsfc.nasa.gov/FTP/nustar/data/obs/04/9/90401321002/
40501005002,SAX J1747.0-2853,NS,2020-02-14T19:56:12.480,99006.9087,G0d13m0d11,CATALOG_POSITIVE_EXPOSURE,CATALOG_POSITIVE_EXPOSURE,PUBLIC_ARCHIVED,NOT_DOWNLOADED,NOT_ATTEMPTED,NAME_REVIEW_REQUIRED;POSITION_REVIEW_REQUIRED,sax_j1747_0_2853,99034.1809,99006.9087,59269,7.7024002931078,REVIEW_REQUIRED,False,0,null,null,0,null,5,https://heasarc.gsfc.nasa.gov/FTP/nustar/data/obs/05/4/40501005002/
40801002001,SAX J1747.0-2853,NS,2023-05-10T07:01:12.000,416.5765,GC_MC_BRIDGE,CATALOG_POSITIVE_EXPOSURE,CATALOG_POSITIVE_EXPOSURE,PUBLIC_ARCHIVED,NOT_DOWNLOADED,NOT_ATTEMPTED,NAME_REVIEW_REQUIRED;POSITION_REVIEW_REQUIRED,sax_j1747_0_2853,418.6401,416.5765,60270,8.535796552533922,REVIEW_REQUIRED,False,0,STELLAR,null,0,null,8,https://heasarc.gsfc.nasa.gov/FTP/nustar/data/obs/08/4/40801002001/
40801002002,SAX J1747.0-2853,NS,2023-05-10T07:56:12.480,107078.1397,GC_MC_BRIDGE,CATALOG_POSITIVE_EXPOSURE,CATALOG_POSITIVE_EXPOSURE,PUBLIC_ARCHIVED,NOT_DOWNLOADED,NOT_ATTEMPTED,NAME_REVIEW_REQUIRED;POSITION_REVIEW_REQUIRED,sax_j1747_0_2853,107701.8186,107078.1397,60270,8.774825482866385,REVIEW_REQUIRED,False,1,CME Kp=5,CME,0,null,8,https://heasarc.gsfc.nasa.gov/FTP/nustar/data/obs/08/4/40801002002/
40901002004,SAX J1747.0-2853,NS,2024-05-08T17:36:05.760,38671.8511,GC_BRIDGE,CATALOG_POSITIVE_EXPOSURE,CATALOG_POSITIVE_EXPOSURE,PUBLIC_ARCHIVED,NOT_DOWNLOADED,NOT_ATTEMPTED,NAME_REVIEW_REQUIRED;POSITION_REVIEW_REQUIRED,sax_j1747_0_2853,38671.8511,38693.7708,60634,8.827667295822248,REVIEW_REQUIRED,False,1,(2/2) / Solar flare / Stray light,Solar flare,0,null,9,https://heasarc.gsfc.nasa.gov/FTP/nustar/data/obs/09/4/40901002004/
41001006002,SAX J1747.0-2853,NS,2025-03-27T22:16:10.560,93788.0258,GC_BRIDGE,CATALOG_POSITIVE_EXPOSURE,CATALOG_POSITIVE_EXPOSURE,PUBLIC_ARCHIVED,NOT_DOWNLOADED,NOT_ATTEMPTED,NAME_REVIEW_REQUIRED;POSITION_REVIEW_REQUIRED,sax_j1747_0_2853,93838.6119,93788.0258,60952,8.485270395950165,REVIEW_REQUIRED,False,null,null,null,0,null,10,https://heasarc.gsfc.nasa.gov/FTP/nustar/data/obs/10/4/41001006002/
90001002001,SAX J1748.9-2021,NS,2015-02-26T17:31:03.360,0.0,IGRJ17488m2018,NO_POSITIVE_EXPOSURE,NO_POSITIVE_EXPOSURE,PUBLIC_ARCHIVED,NOT_DOWNLOADED,NOT_ATTEMPTED,NAME_REVIEW_REQUIRED;CLUSTER_ATTRIBUTION_REVIEW;NOT_SCIENCE_OBSERVATION;NONPOSITIVE_MODULE_EXPOSURE,sax_j1748_9_2021,0.0,0.0,57270,2.079744146052536,REVIEW_REQUIRED,False,0,STELLAR,null,0,null,0,https://heasarc.gsfc.nasa.gov/FTP/nustar/data/obs/00/9/90001002001/
90001002002,SAX J1748.9-2021,NS,2015-02-26T17:46:10.560,18172.4984,IGRJ17488m2018,CATALOG_POSITIVE_EXPOSURE,CATALOG_POSITIVE_EXPOSURE,PUBLIC_ARCHIVED,NOT_DOWNLOADED,NOT_ATTEMPTED,NAME_REVIEW_REQUIRED;CLUSTER_ATTRIBUTION_REVIEW,sax_j1748_9_2021,18172.4984,18308.8061,57270,2.0457879428143904,REVIEW_REQUIRED,False,0,ToO,null,0,null,0,https://heasarc.gsfc.nasa.gov/FTP/nustar/data/obs/00/9/90001002002/
90301320002,SAX J1748.9-2021,NS,2017-10-11T21:11:05.280,44374.7298,NGC_6440,CATALOG_POSITIVE_EXPOSURE,CATALOG_POSITIVE_EXPOSURE,PUBLIC_ARCHIVED,NOT_DOWNLOADED,NOT_ATTEMPTED,NAME_REVIEW_REQUIRED;CLUSTER_ATTRIBUTION_REVIEW,sax_j1748_9_2021,44470.1994,44374.7298,58044,2.8749223019244203,REVIEW_REQUIRED,False,1,ToO / Kp=5,Solar CME,0,null,3,https://heasarc.gsfc.nasa.gov/FTP/nustar/data/obs/03/9/90301320002/
90701338002,SAX J1748.9-2021,NS,2021-11-17T22:46:07.680,199.8068,MAXI_J1749m204,CATALOG_POSITIVE_EXPOSURE,CATALOG_POSITIVE_EXPOSURE,PUBLIC_ARCHIVED,NOT_DOWNLOADED,NOT_ATTEMPTED,NAME_REVIEW_REQUIRED;POSITION_REVIEW_REQUIRED;CLUSTER_ATTRIBUTION_REVIEW,sax_j1748_9_2021,200.0978,199.8068,59549,3.1923100886605766,REVIEW_REQUIRED,False,1,ToO / Sun proximity no CHU4 / idiagnostics / SL-A3B3 (GX 9+1),null,0,null,7,https://heasarc.gsfc.nasa.gov/FTP/nustar/data/obs/07/9/90701338002/
91201343001,SAX J1748.9-2021,NS,2026-08-26T18:46:13.440,0.0,SAX_J1748d9m2021,NO_POSITIVE_EXPOSURE,NO_POSITIVE_EXPOSURE,PUBLIC_ARCHIVED,NOT_DOWNLOADED,NOT_ATTEMPTED,POSITION_REVIEW_REQUIRED;CLUSTER_ATTRIBUTION_REVIEW;NOT_SCIENCE_OBSERVATION;NONPOSITIVE_MODULE_EXPOSURE,sax_j1748_9_2021,0.0,0.0,61288,,REVIEW_REQUIRED,False,null,DDT,null,0,null,12,https://heasarc.gsfc.nasa.gov/FTP/nustar/data/obs/12/9/91201343001/
91201343002,SAX J1748.9-2021,NS,2026-08-26T19:01:12.000,22268.2372,SAX_J1748d9m2021,CATALOG_POSITIVE_EXPOSURE,CATALOG_POSITIVE_EXPOSURE,PUBLIC_ARCHIVED,NOT_DOWNLOADED,NOT_ATTEMPTED,CLUSTER_ATTRIBUTION_REVIEW,sax_j1748_9_2021,22412.4371,22268.2372,61288,2.905533247876804,VERIFIED_NAME_POSITION,False,1,DDT / Stray light / Data gaps,null,33,null,12,https://heasarc.gsfc.nasa.gov/FTP/nustar/data/obs/12/9/91201343002/
80701312001,SAX J1808.4-3658,NS,2022-08-22T17:01:06.240,0.0,SAX_J1808d4m3658,NO_POSITIVE_EXPOSURE,NO_POSITIVE_EXPOSURE,PUBLIC_ARCHIVED,NOT_DOWNLOADED,NOT_ATTEMPTED,POSITION_REVIEW_REQUIRED;NOT_SCIENCE_OBSERVATION;NONPOSITIVE_MODULE_EXPOSURE,sax_j1808_4_3658,0.0,0.0,60234,,REVIEW_REQUIRED,False,0,STELLAR,null,0,null,7,https://heasarc.gsfc.nasa.gov/FTP/nustar/data/obs/07/8/80701312001/
80701312002,SAX J1808.4-3658,NS,2022-08-22T17:16:13.440,106934.8062,SAX_J1808d4m3658,CATALOG_POSITIVE_EXPOSURE,CATALOG_POSITIVE_EXPOSURE,PUBLIC_ARCHIVED,NOT_DOWNLOADED,NOT_ATTEMPTED,,sax_j1808_4_3658,107454.7004,106934.8062,60234,2.5854534745847557,VERIFIED_NAME_POSITION,True,0,ToO / idiagnostics,null,0,null,7,https://heasarc.gsfc.nasa.gov/FTP/nustar/data/obs/07/8/80701312002/
81101311001,SAX J1808.4-3658,NS,2025-08-20T01:51:10.080,12.4532,SAX_J1808d4m3658,CATALOG_POSITIVE_EXPOSURE,CATALOG_POSITIVE_EXPOSURE,processed,NOT_DOWNLOADED,NOT_ATTEMPTED,POSITION_REVIEW_REQUIRED;NOT_PUBLIC_ARCHIVED,sax_j1808_4_3658,12.5063,12.4532,61307,3.2414006854696034,REVIEW_REQUIRED,False,null,ToO,null,0,null,11,https://heasarc.gsfc.nasa.gov/FTP/nustar/data/obs/11/8/81101311001/
81101311002,SAX J1808.4-3658,NS,2025-08-20T02:11:11.040,98553.7045,SAX_J1808d4m3658,CATALOG_POSITIVE_EXPOSURE,CATALOG_POSITIVE_EXPOSURE,processed,NOT_DOWNLOADED,NOT_ATTEMPTED,NOT_PUBLIC_ARCHIVED,sax_j1808_4_3658,99145.6222,98553.7045,61307,2.5301705543765696,VERIFIED_NAME_POSITION,False,1,ToO / Solar CME,Solar CME,0,null,11,https://heasarc.gsfc.nasa.gov/FTP/nustar/data/obs/11/8/81101311002/
81101346001,SAX J1808.4-3658,NS,2025-08-08T20:11:11.040,510.735,SAX_J1808d4m3658,CATALOG_POSITIVE_EXPOSURE,CATALOG_POSITIVE_EXPOSURE,PUBLIC_ARCHIVED,NOT_DOWNLOADED,NOT_ATTEMPTED,POSITION_REVIEW_REQUIRED,sax_j1808_4_3658,513.8958,510.735,61086,3.1893922687569414,REVIEW_REQUIRED,False,null,ToO,null,0,null,11,https://heasarc.gsfc.nasa.gov/FTP/nustar/data/obs/11/8/81101346001/
81101346002,SAX J1808.4-3658,NS,2025-08-08T20:31:12.000,43169.9496,SAX_J1808d4m3658,CATALOG_POSITIVE_EXPOSURE,CATALOG_POSITIVE_EXPOSURE,PUBLIC_ARCHIVED,NOT_DOWNLOADED,NOT_ATTEMPTED,,sax_j1808_4_3658,43310.8727,43169.9496,61086,2.9817366587188827,VERIFIED_NAME_POSITION,True,null,ToO,null,0,null,11,https://heasarc.gsfc.nasa.gov/FTP/nustar/data/obs/11/8/81101346002/
90102003001,SAX J1808.4-3658,NS,2015-04-15T00:51:07.200,0.0,SAX_J1808d4m3658,NO_POSITIVE_EXPOSURE,NO_POSITIVE_EXPOSURE,PUBLIC_ARCHIVED,NOT_DOWNLOADED,NOT_ATTEMPTED,POSITION_REVIEW_REQUIRED;NOT_SCIENCE_OBSERVATION;NONPOSITIVE_MODULE_EXPOSURE,sax_j1808_4_3658,0.0,0.0,57513,,REVIEW_REQUIRED,False,0,STELLAR,null,0,null,1,https://heasarc.gsfc.nasa.gov/FTP/nustar/data/obs/01/9/90102003001/
90102003002,SAX J1808.4-3658,NS,2015-04-15T01:01:03.360,49264.216,SAX_J1808d4m3658,CATALOG_POSITIVE_EXPOSURE,CATALOG_POSITIVE_EXPOSURE,PUBLIC_ARCHIVED,NOT_DOWNLOADED,NOT_ATTEMPTED,,sax_j1808_4_3658,49264.216,49405.3953,57513,1.6986883940699629,VERIFIED_NAME_POSITION,True,1,ToO,Solar CME,0,null,1,https://heasarc.gsfc.nasa.gov/FTP/nustar/data/obs/01/9/90102003002/
90102003003,SAX J1808.4-3658,NS,2015-05-09T23:01:06.240,0.0,SAX_J1808d4m3658,NO_POSITIVE_EXPOSURE,NO_POSITIVE_EXPOSURE,PUBLIC_ARCHIVED,NOT_DOWNLOADED,NOT_ATTEMPTED,POSITION_REVIEW_REQUIRED;NOT_SCIENCE_OBSERVATION;NONPOSITIVE_MODULE_EXPOSURE,sax_j1808_4_3658,0.0,0.0,57386,,REVIEW_REQUIRED,False,0,STELLAR,null,0,null,1,https://heasarc.gsfc.nasa.gov/FTP/nustar/data/obs/01/9/90102003003/
90102003004,SAX J1808.4-3658,NS,2015-05-09T23:16:04.800,21464.5109,SAX_J1808d4m3658,CATALOG_POSITIVE_EXPOSURE,CATALOG_POSITIVE_EXPOSURE,PUBLIC_ARCHIVED,NOT_DOWNLOADED,NOT_ATTEMPTED,,sax_j1808_4_3658,21507.4594,21464.5109,57386,2.1213830436929877,VERIFIED_NAME_POSITION,True,0,ToO,null,0,null,1,https://heasarc.gsfc.nasa.gov/FTP/nustar/data/obs/01/9/90102003004/
90102003005,SAX J1808.4-3658,NS,2015-06-13T18:01:09.120,0.0,SAX_J1808d4m3658,NO_POSITIVE_EXPOSURE,NO_POSITIVE_EXPOSURE,PUBLIC_ARCHIVED,NOT_DOWNLOADED,NOT_ATTEMPTED,POSITION_REVIEW_REQUIRED;NOT_SCIENCE_OBSERVATION;NONPOSITIVE_MODULE_EXPOSURE,sax_j1808_4_3658,0.0,0.0,57386,,REVIEW_REQUIRED,False,0,STELLAR,null,0,null,1,https://heasarc.gsfc.nasa.gov/FTP/nustar/data/obs/01/9/90102003005/
90102003006,SAX J1808.4-3658,NS,2015-06-13T18:31:06.240,83616.0218,SAX_J1808d4m3658,CATALOG_POSITIVE_EXPOSURE,CATALOG_POSITIVE_EXPOSURE,PUBLIC_ARCHIVED,NOT_DOWNLOADED,NOT_ATTEMPTED,,sax_j1808_4_3658,83812.1482,83616.0218,57386,1.5388184626860795,VERIFIED_NAME_POSITION,True,1,ToO 2/2 observations,Solar flare CME,0,null,1,https://heasarc.gsfc.nasa.gov/FTP/nustar/data/obs/01/9/90102003006/
90501335001,SAX J1808.4-3658,NS,2019-08-10T10:46:07.680,0.0,SAX_J1808d4m3658,NO_POSITIVE_EXPOSURE,NO_POSITIVE_EXPOSURE,PUBLIC_ARCHIVED,NOT_DOWNLOADED,NOT_ATTEMPTED,POSITION_REVIEW_REQUIRED;NOT_SCIENCE_OBSERVATION;NONPOSITIVE_MODULE_EXPOSURE,sax_j1808_4_3658,0.0,0.0,58721,,REVIEW_REQUIRED,False,0,STELLAR,null,0,null,5,https://heasarc.gsfc.nasa.gov/FTP/nustar/data/obs/05/9/90501335001/
90501335002,SAX J1808.4-3658,NS,2019-08-10T11:11:11.040,40894.889,SAX_J1808d4m3658,CATALOG_POSITIVE_EXPOSURE,CATALOG_POSITIVE_EXPOSURE,PUBLIC_ARCHIVED,NOT_DOWNLOADED,NOT_ATTEMPTED,,sax_j1808_4_3658,41025.0505,40894.889,58721,2.258466447597727,VERIFIED_NAME_POSITION,True,0,ToO,null,0,null,5,https://heasarc.gsfc.nasa.gov/FTP/nustar/data/obs/05/9/90501335002/
91101333001,SAX J1808.4-3658,NS,2025-08-30T01:09:07.200,0.0,SAX_J1808d4m3658,NO_POSITIVE_EXPOSURE,NO_POSITIVE_EXPOSURE,PUBLIC_ARCHIVED,NOT_DOWNLOADED,NOT_ATTEMPTED,POSITION_REVIEW_REQUIRED;NOT_SCIENCE_OBSERVATION;NONPOSITIVE_MODULE_EXPOSURE,sax_j1808_4_3658,0.0,0.0,60923,,REVIEW_REQUIRED,False,null,DDT,null,0,null,11,https://heasarc.gsfc.nasa.gov/FTP/nustar/data/obs/11/9/91101333001/
91101333002,SAX J1808.4-3658,NS,2025-08-30T01:26:06.720,19212.378,SAX_J1808d4m3658,CATALOG_POSITIVE_EXPOSURE,CATALOG_POSITIVE_EXPOSURE,PUBLIC_ARCHIVED,NOT_DOWNLOADED,NOT_ATTEMPTED,POSITION_REVIEW_REQUIRED,sax_j1808_4_3658,19393.9613,19212.378,60923,3.148837404878635,REVIEW_REQUIRED,False,null,DDT,null,0,null,11,https://heasarc.gsfc.nasa.gov/FTP/nustar/data/obs/11/9/91101333002/
91101333003,SAX J1808.4-3658,NS,2025-09-14T04:21:12.960,0.0,SAX_J1808d4m3658,NO_POSITIVE_EXPOSURE,NO_POSITIVE_EXPOSURE,PUBLIC_ARCHIVED,NOT_DOWNLOADED,NOT_ATTEMPTED,POSITION_REVIEW_REQUIRED;NOT_SCIENCE_OBSERVATION;NONPOSITIVE_MODULE_EXPOSURE,sax_j1808_4_3658,0.0,0.0,60937,,REVIEW_REQUIRED,False,null,DDT,null,0,null,11,https://heasarc.gsfc.nasa.gov/FTP/nustar/data/obs/11/9/91101333003/
91101333004,SAX J1808.4-3658,NS,2025-09-14T04:36:11.520,20988.3003,SAX_J1808d4m3658,CATALOG_POSITIVE_EXPOSURE,CATALOG_POSITIVE_EXPOSURE,PUBLIC_ARCHIVED,NOT_DOWNLOADED,NOT_ATTEMPTED,,sax_j1808_4_3658,21176.5264,20988.3003,60937,2.5060938631029166,VERIFIED_NAME_POSITION,True,null,DDT (2/2),null,0,null,11,https://heasarc.gsfc.nasa.gov/FTP/nustar/data/obs/11/9/91101333004/
30601007001,SLX 1735-269,NS,2020-04-15T16:11:08.160,0.0,SLX_1735m269,NO_POSITIVE_EXPOSURE,NO_POSITIVE_EXPOSURE,PUBLIC_ARCHIVED,NOT_DOWNLOADED,NOT_ATTEMPTED,POSITION_REVIEW_REQUIRED;NOT_SCIENCE_OBSERVATION;NONPOSITIVE_MODULE_EXPOSURE,slx_1735_269,0.0,0.0,59328,,REVIEW_REQUIRED,False,0,STELLAR,null,0,null,6,https://heasarc.gsfc.nasa.gov/FTP/nustar/data/obs/06/3/30601007001/
30601007002,SLX 1735-269,NS,2020-04-15T16:36:11.520,30952.8902,SLX_1735m269,CATALOG_POSITIVE_EXPOSURE,CATALOG_POSITIVE_EXPOSURE,PUBLIC_ARCHIVED,NOT_DOWNLOADED,NOT_ATTEMPTED,,slx_1735_269,31034.7631,30952.8902,59328,2.2474391288831566,VERIFIED_NAME_POSITION,True,0,null,null,0,null,6,https://heasarc.gsfc.nasa.gov/FTP/nustar/data/obs/06/3/30601007002/
30601007003,SLX 1735-269,NS,2021-04-18T05:21:07.200,0.0,SLX_1735m269,NO_POSITIVE_EXPOSURE,NO_POSITIVE_EXPOSURE,PUBLIC_ARCHIVED,NOT_DOWNLOADED,NOT_ATTEMPTED,POSITION_REVIEW_REQUIRED;NOT_SCIENCE_OBSERVATION;NONPOSITIVE_MODULE_EXPOSURE,slx_1735_269,0.0,0.0,59691,,REVIEW_REQUIRED,False,0,STELLAR,null,0,null,6,https://heasarc.gsfc.nasa.gov/FTP/nustar/data/obs/06/3/30601007003/
30601007004,SLX 1735-269,NS,2021-04-18T06:01:09.120,31774.1865,SLX_1735m269,CATALOG_POSITIVE_EXPOSURE,CATALOG_POSITIVE_EXPOSURE,PUBLIC_ARCHIVED,NOT_DOWNLOADED,NOT_ATTEMPTED,POSITION_REVIEW_REQUIRED,slx_1735_269,31858.4818,31774.1865,59691,3.391367685902211,REVIEW_REQUIRED,False,0,null,null,0,null,6,https://heasarc.gsfc.nasa.gov/FTP/nustar/data/obs/06/3/30601007004/
30401036002,SLX 1744-299,UNRESOLVED,2018-07-29T00:46:13.440,40263.1144,PSR_J1747m2958,CATALOG_POSITIVE_EXPOSURE,CATALOG_POSITIVE_EXPOSURE,PUBLIC_ARCHIVED,NOT_DOWNLOADED,NOT_ATTEMPTED,NAME_REVIEW_REQUIRED;POSITION_REVIEW_REQUIRED;LABEL_UNRESOLVED,slx_1744_299,40444.4708,40263.1144,58713,3.051551434540063,REVIEW_REQUIRED,False,0,null,null,0,null,4,https://heasarc.gsfc.nasa.gov/FTP/nustar/data/obs/04/3/30401036002/
30401036002,SLX 1744-300,NS,2018-07-29T00:46:13.440,40263.1144,PSR_J1747m2958,CATALOG_POSITIVE_EXPOSURE,CATALOG_POSITIVE_EXPOSURE,PUBLIC_ARCHIVED,NOT_DOWNLOADED,NOT_ATTEMPTED,NAME_REVIEW_REQUIRED;POSITION_REVIEW_REQUIRED,slx_1744_300,40444.4708,40263.1144,58713,3.9917539296071,REVIEW_REQUIRED,False,0,null,null,0,null,4,https://heasarc.gsfc.nasa.gov/FTP/nustar/data/obs/04/3/30401036002/
80901307002,SRGA J144459.2-604207,NS,2024-02-26T11:01:06.240,157439.9701,SRGA_J144459d2m604207,CATALOG_POSITIVE_EXPOSURE,CATALOG_POSITIVE_EXPOSURE,PUBLIC_ARCHIVED,NOT_DOWNLOADED,NOT_ATTEMPTED,NAME_REVIEW_REQUIRED;POSITION_REVIEW_REQUIRED,srga_j144459_2_604207,157675.1377,157439.9701,60564,3.166494821960683,REVIEW_REQUIRED,False,0,ToO,null,0,null,9,https://heasarc.gsfc.nasa.gov/FTP/nustar/data/obs/09/8/80901307002/
90201057002,SWIFT J1357.2-0933,UNRESOLVED,2017-04-28T12:51:07.200,34516.5004,Swift_J1357d2m0933,CATALOG_POSITIVE_EXPOSURE,CATALOG_POSITIVE_EXPOSURE,PUBLIC_ARCHIVED,NOT_DOWNLOADED,NOT_ATTEMPTED,NAME_REVIEW_REQUIRED;LABEL_UNRESOLVED,swift_j1357_2_0933,34536.5831,34516.5004,57877,1.6827260857720046,REVIEW_REQUIRED,False,0,ToO,null,0,null,2,https://heasarc.gsfc.nasa.gov/FTP/nustar/data/obs/02/9/90201057002/
90301005002,SWIFT J1357.2-0933,UNRESOLVED,2017-06-10T13:36:11.520,23956.7047,Swift_J1357d2m0933,CATALOG_POSITIVE_EXPOSURE,CATALOG_POSITIVE_EXPOSURE,PUBLIC_ARCHIVED,NOT_DOWNLOADED,NOT_ATTEMPTED,NAME_REVIEW_REQUIRED;POSITION_REVIEW_REQUIRED;LABEL_UNRESOLVED,swift_j1357_2_0933,23983.7293,23956.7047,57927,3.077494266202388,REVIEW_REQUIRED,False,0,ToO,null,0,null,3,https://heasarc.gsfc.nasa.gov/FTP/nustar/data/obs/03/9/90301005002/
90501325002,SWIFT J1357.2-0933,UNRESOLVED,2019-05-29T12:11:05.280,31393.6614,Swift_J1357d2m0933,CATALOG_POSITIVE_EXPOSURE,CATALOG_POSITIVE_EXPOSURE,PUBLIC_ARCHIVED,NOT_DOWNLOADED,NOT_ATTEMPTED,NAME_REVIEW_REQUIRED;LABEL_UNRESOLVED,swift_j1357_2_0933,31576.2368,31393.6614,58640,2.6053190759973988,REVIEW_REQUIRED,False,0,ToO,null,0,null,5,https://heasarc.gsfc.nasa.gov/FTP/nustar/data/obs/05/9/90501325002/
30001013001,Ser X-1,NS,2013-07-12T14:41:08.160,0.0,Ser_X1,NO_POSITIVE_EXPOSURE,NO_POSITIVE_EXPOSURE,PUBLIC_ARCHIVED,NOT_DOWNLOADED,NOT_ATTEMPTED,POSITION_REVIEW_REQUIRED;NOT_SCIENCE_OBSERVATION;NONPOSITIVE_MODULE_EXPOSURE,ser_x_1,0.0,0.0,56784,,REVIEW_REQUIRED,False,0,STELLAR,null,0,null,0,https://heasarc.gsfc.nasa.gov/FTP/nustar/data/obs/00/3/30001013001/
30001013002,Ser X-1,NS,2013-07-12T15:11:05.280,7595.2959,Ser_X1,CATALOG_POSITIVE_EXPOSURE,CATALOG_POSITIVE_EXPOSURE,PUBLIC_ARCHIVED,NOT_DOWNLOADED,NOT_ATTEMPTED,,ser_x_1,7595.2959,7755.3427,56784,2.8875250308902487,VERIFIED_NAME_POSITION,True,1,null,null,0,1553,0,https://heasarc.gsfc.nasa.gov/FTP/nustar/data/obs/00/3/30001013002/
30001013003,Ser X-1,NS,2013-07-13T03:46:04.800,0.0,Ser_X1,NO_POSITIVE_EXPOSURE,NO_POSITIVE_EXPOSURE,PUBLIC_ARCHIVED,NOT_DOWNLOADED,NOT_ATTEMPTED,POSITION_REVIEW_REQUIRED;NOT_SCIENCE_OBSERVATION;NONPOSITIVE_MODULE_EXPOSURE,ser_x_1,0.0,0.0,56784,,REVIEW_REQUIRED,False,0,STELLAR,null,0,null,0,https://heasarc.gsfc.nasa.gov/FTP/nustar/data/obs/00/3/30001013003/
30001013004,Ser X-1,NS,2013-07-13T04:06:05.760,22826.4172,Ser_X1,CATALOG_POSITIVE_EXPOSURE,CATALOG_POSITIVE_EXPOSURE,PUBLIC_ARCHIVED,NOT_DOWNLOADED,NOT_ATTEMPTED,,ser_x_1,22826.4172,23217.6548,56784,1.8089329665747775,VERIFIED_NAME_POSITION,True,1,Aim point refinement,null,0,281,0,https://heasarc.gsfc.nasa.gov/FTP/nustar/data/obs/00/3/30001013004/
30301021001,Ser X-1,NS,2018-02-17T20:51:12.960,0.0,Serpens_X1,NO_POSITIVE_EXPOSURE,NO_POSITIVE_EXPOSURE,PUBLIC_ARCHIVED,NOT_DOWNLOADED,NOT_ATTEMPTED,POSITION_REVIEW_REQUIRED;NOT_SCIENCE_OBSERVATION;NONPOSITIVE_MODULE_EXPOSURE,ser_x_1,0.0,0.0,58538,,REVIEW_REQUIRED,False,0,STELLAR,null,0,null,3,https://heasarc.gsfc.nasa.gov/FTP/nustar/data/obs/03/3/30301021001/
30301021002,Ser X-1,NS,2018-02-17T21:16:07.680,30787.9849,Serpens_X1,CATALOG_POSITIVE_EXPOSURE,CATALOG_POSITIVE_EXPOSURE,PUBLIC_ARCHIVED,NOT_DOWNLOADED,NOT_ATTEMPTED,,ser_x_1,30787.9849,31260.3427,58538,1.8198728138717717,VERIFIED_NAME_POSITION,True,0,null,null,0,null,3,https://heasarc.gsfc.nasa.gov/FTP/nustar/data/obs/03/3/30301021002/
30901004001,Ser X-1,NS,2023-06-03T02:41:08.160,0.0,Serpens_X1,NO_POSITIVE_EXPOSURE,NO_POSITIVE_EXPOSURE,PUBLIC_ARCHIVED,NOT_DOWNLOADED,NOT_ATTEMPTED,POSITION_REVIEW_REQUIRED;NOT_SCIENCE_OBSERVATION;NONPOSITIVE_MODULE_EXPOSURE,ser_x_1,0.0,0.0,60290,,REVIEW_REQUIRED,False,0,STELLAR,null,0,null,9,https://heasarc.gsfc.nasa.gov/FTP/nustar/data/obs/09/3/30901004001/
30901004002,Ser X-1,NS,2023-06-03T03:26:12.480,24744.7253,Serpens_X1,CATALOG_POSITIVE_EXPOSURE,CATALOG_POSITIVE_EXPOSURE,PUBLIC_ARCHIVED,NOT_DOWNLOADED,NOT_ATTEMPTED,,ser_x_1,24744.7253,25127.5805,60290,2.9676716902206612,VERIFIED_NAME_POSITION,True,0,null,null,0,null,9,https://heasarc.gsfc.nasa.gov/FTP/nustar/data/obs/09/3/30901004002/
91001316001,Ser X-1,NS,2024-04-15T08:36:05.760,0.0,Ser_X1,NO_POSITIVE_EXPOSURE,NO_POSITIVE_EXPOSURE,PUBLIC_ARCHIVED,NOT_DOWNLOADED,NOT_ATTEMPTED,POSITION_REVIEW_REQUIRED;NOT_SCIENCE_OBSERVATION;NONPOSITIVE_MODULE_EXPOSURE,ser_x_1,0.0,0.0,60422,,REVIEW_REQUIRED,False,0,STELLAR,null,0,null,10,https://heasarc.gsfc.nasa.gov/FTP/nustar/data/obs/10/9/91001316001/
91001316002,Ser X-1,NS,2024-04-15T08:51:12.960,33768.2928,Ser_X1,CATALOG_POSITIVE_EXPOSURE,CATALOG_POSITIVE_EXPOSURE,PUBLIC_ARCHIVED,NOT_DOWNLOADED,NOT_ATTEMPTED,POSITION_REVIEW_REQUIRED,ser_x_1,33768.2928,34341.3539,60422,3.0777598772920047,REVIEW_REQUIRED,False,0,DDT,null,0,null,10,https://heasarc.gsfc.nasa.gov/FTP/nustar/data/obs/10/9/91001316002/
91001342001,Ser X-1,NS,2024-10-18T14:46:10.560,0.0,Ser_X1,NO_POSITIVE_EXPOSURE,NO_POSITIVE_EXPOSURE,PUBLIC_ARCHIVED,NOT_DOWNLOADED,NOT_ATTEMPTED,POSITION_REVIEW_REQUIRED;NOT_SCIENCE_OBSERVATION;NONPOSITIVE_MODULE_EXPOSURE,ser_x_1,0.0,0.0,60608,,REVIEW_REQUIRED,False,null,DDT,null,0,null,10,https://heasarc.gsfc.nasa.gov/FTP/nustar/data/obs/10/9/91001342001/
91001342002,Ser X-1,NS,2024-10-18T15:21:10.080,15315.705,Ser_X1,CATALOG_POSITIVE_EXPOSURE,CATALOG_POSITIVE_EXPOSURE,PUBLIC_ARCHIVED,NOT_DOWNLOADED,NOT_ATTEMPTED,POSITION_REVIEW_REQUIRED,ser_x_1,15315.705,15579.9725,60608,3.5925372857029387,REVIEW_REQUIRED,False,null,DDT,null,0,null,10,https://heasarc.gsfc.nasa.gov/FTP/nustar/data/obs/10/9/91001342002/
41001001002,Swift J174805.3-244637,UNRESOLVED,2025-03-10T04:11:08.160,146641.3028,Terzan_5,CATALOG_POSITIVE_EXPOSURE,CATALOG_POSITIVE_EXPOSURE,PUBLIC_ARCHIVED,NOT_DOWNLOADED,NOT_ATTEMPTED,NAME_REVIEW_REQUIRED;POSITION_REVIEW_REQUIRED;LABEL_UNRESOLVED;CLUSTER_ATTRIBUTION_REVIEW,swift_j174805_3_244637,150187.1737,146641.3028,60939,3.1233982170911774,REVIEW_REQUIRED,False,1,Stray light,null,0,null,10,https://heasarc.gsfc.nasa.gov/FTP/nustar/data/obs/10/4/41001001002/
80601304002,Swift J174805.3-244637,UNRESOLVED,2023-03-04T11:26:09.600,27451.1596,Terzan_5,CATALOG_POSITIVE_EXPOSURE,CATALOG_POSITIVE_EXPOSURE,PUBLIC_ARCHIVED,NOT_DOWNLOADED,NOT_ATTEMPTED,NAME_REVIEW_REQUIRED;POSITION_REVIEW_REQUIRED;LABEL_UNRESOLVED;CLUSTER_ATTRIBUTION_REVIEW,swift_j174805_3_244637,27451.1596,27970.5175,60425,3.4875028098555405,REVIEW_REQUIRED,False,1,ToO / idiagnostics / SL-AB (GX 3+1) / M-class solar flare / 43456s data gaps,Solar flare,43456,null,6,https://heasarc.gsfc.nasa.gov/FTP/nustar/data/obs/06/8/80601304002/
90701310002,Swift J1749.4-2807,NS,2021-03-04T07:11:08.160,49245.3209,Swift_J1749d4m2807,CATALOG_POSITIVE_EXPOSURE,CATALOG_POSITIVE_EXPOSURE,PUBLIC_ARCHIVED,NOT_DOWNLOADED,NOT_ATTEMPTED,NAME_REVIEW_REQUIRED;POSITION_REVIEW_REQUIRED,swift_j1749_4_2807,49394.315,49245.3209,59288,3.8366262715997204,REVIEW_REQUIRED,False,0,ToO / idiagnostics,null,0,null,7,https://heasarc.gsfc.nasa.gov/FTP/nustar/data/obs/07/9/90701310002/
90301009002,Swift J181723.1-164300,UNRESOLVED,2017-08-06T05:31:12.000,35643.9502,SwiftJ181723d1m164300,CATALOG_POSITIVE_EXPOSURE,CATALOG_POSITIVE_EXPOSURE,PUBLIC_ARCHIVED,NOT_DOWNLOADED,NOT_ATTEMPTED,NAME_REVIEW_REQUIRED;LABEL_UNRESOLVED,swift_j181723_1_164300,35983.4501,35643.9502,57977,1.974281596908753,REVIEW_REQUIRED,False,0,ToO,null,0,null,3,https://heasarc.gsfc.nasa.gov/FTP/nustar/data/obs/03/9/90301009002/
80401317002,Swift J1858.6-0814,UNRESOLVED,2018-11-03T06:46:13.440,53424.8591,Swift_J1858d6m0814,CATALOG_POSITIVE_EXPOSURE,CATALOG_POSITIVE_EXPOSURE,PUBLIC_ARCHIVED,NOT_DOWNLOADED,NOT_ATTEMPTED,NAME_REVIEW_REQUIRED;LABEL_UNRESOLVED,swift_j1858_6_0814,53671.4108,53424.8591,58612,2.465193465573675,REVIEW_REQUIRED,False,0,ToO,null,0,null,4,https://heasarc.gsfc.nasa.gov/FTP/nustar/data/obs/04/8/80401317002/
90501304001,Swift J1858.6-0814,UNRESOLVED,2019-02-14T10:16:10.560,6414.9252,Swift_J1858d6m0814,CATALOG_POSITIVE_EXPOSURE,CATALOG_POSITIVE_EXPOSURE,PUBLIC_ARCHIVED,NOT_DOWNLOADED,NOT_ATTEMPTED,NAME_REVIEW_REQUIRED;POSITION_REVIEW_REQUIRED;LABEL_UNRESOLVED,swift_j1858_6_0814,6440.6256,6414.9252,58539,3.4139419765787404,REVIEW_REQUIRED,False,1,ToO / Moon proximity reduced CHU4 astrometry,null,0,null,5,https://heasarc.gsfc.nasa.gov/FTP/nustar/data/obs/05/9/90501304001/
90501309002,Swift J1858.6-0814,UNRESOLVED,2019-03-23T22:46:07.680,37381.1559,Swift_J1858d6m0814,CATALOG_POSITIVE_EXPOSURE,CATALOG_POSITIVE_EXPOSURE,PUBLIC_ARCHIVED,NOT_DOWNLOADED,NOT_ATTEMPTED,NAME_REVIEW_REQUIRED;LABEL_UNRESOLVED,swift_j1858_6_0814,37601.2607,37381.1559,58570,2.4166813808358016,REVIEW_REQUIRED,False,0,ToO,null,0,null,5,https://heasarc.gsfc.nasa.gov/FTP/nustar/data/obs/05/9/90501309002/
90501309004,Swift J1858.6-0814,UNRESOLVED,2019-04-13T21:21:10.080,29023.7936,Swift_J1858d6m0814,CATALOG_POSITIVE_EXPOSURE,CATALOG_POSITIVE_EXPOSURE,PUBLIC_ARCHIVED,NOT_DOWNLOADED,NOT_ATTEMPTED,NAME_REVIEW_REQUIRED;LABEL_UNRESOLVED,swift_j1858_6_0814,29219.731,29023.7936,58600,2.0433133580806073,REVIEW_REQUIRED,False,0,ToO,null,0,null,5,https://heasarc.gsfc.nasa.gov/FTP/nustar/data/obs/05/9/90501309004/
90501322002,Swift J1858.6-0814,UNRESOLVED,2019-05-07T23:31:12.000,18500.0617,Swift_J1858d6m0814,CATALOG_POSITIVE_EXPOSURE,CATALOG_POSITIVE_EXPOSURE,PUBLIC_ARCHIVED,NOT_DOWNLOADED,NOT_ATTEMPTED,NAME_REVIEW_REQUIRED;LABEL_UNRESOLVED,swift_j1858_6_0814,18617.3824,18500.0617,58620,2.5195049325021888,REVIEW_REQUIRED,False,0,"ToO also coordinated with NTT-ULTRACAM, VLT-HAWKI",null,0,null,5,https://heasarc.gsfc.nasa.gov/FTP/nustar/data/obs/05/9/90501322002/
90501333002,Swift J1858.6-0814,UNRESOLVED,2019-08-05T18:31:06.240,21821.4218,Swift_J1858d6m0814,CATALOG_POSITIVE_EXPOSURE,CATALOG_POSITIVE_EXPOSURE,PUBLIC_ARCHIVED,NOT_DOWNLOADED,NOT_ATTEMPTED,NAME_REVIEW_REQUIRED;LABEL_UNRESOLVED,swift_j1858_6_0814,21912.1286,21821.4218,58711,2.2597145430664014,REVIEW_REQUIRED,False,0,ToO,null,0,null,5,https://heasarc.gsfc.nasa.gov/FTP/nustar/data/obs/05/9/90501333002/
90601308002,Swift J1858.6-0814,UNRESOLVED,2020-03-06T08:36:05.760,23659.1198,Swift_J1858d6m0814,CATALOG_POSITIVE_EXPOSURE,CATALOG_POSITIVE_EXPOSURE,PUBLIC_ARCHIVED,NOT_DOWNLOADED,NOT_ATTEMPTED,NAME_REVIEW_REQUIRED;LABEL_UNRESOLVED,swift_j1858_6_0814,23762.0147,23659.1198,58936,2.450651563478149,REVIEW_REQUIRED,False,0,ToO,null,0,null,6,https://heasarc.gsfc.nasa.gov/FTP/nustar/data/obs/06/9/90601308002/
31001015002,UW CrB,UNRESOLVED,2024-07-01T19:06:05.760,51993.1695,MS_1603d6p2600,CATALOG_POSITIVE_EXPOSURE,CATALOG_POSITIVE_EXPOSURE,PUBLIC_ARCHIVED,NOT_DOWNLOADED,NOT_ATTEMPTED,NAME_REVIEW_REQUIRED;LABEL_UNRESOLVED,uw_crb,52508.9076,51993.1695,60690,2.7659493467934477,REVIEW_REQUIRED,False,0,null,null,0,null,10,https://heasarc.gsfc.nasa.gov/FTP/nustar/data/obs/10/3/31001015002/
30001010001,V404 Cyg,BH,2013-10-13T11:36:05.760,0.0,V404_Cyg,NO_POSITIVE_EXPOSURE,NO_POSITIVE_EXPOSURE,PUBLIC_ARCHIVED,NOT_DOWNLOADED,NOT_ATTEMPTED,POSITION_REVIEW_REQUIRED;NOT_SCIENCE_OBSERVATION;NONPOSITIVE_MODULE_EXPOSURE,v404_cyg,0.0,0.0,57112,,REVIEW_REQUIRED,False,0,STELLAR,null,0,null,0,https://heasarc.gsfc.nasa.gov/FTP/nustar/data/obs/00/3/30001010001/
30001010002,V404 Cyg,BH,2013-10-13T12:06:02.880,61231.5324,V404_Cyg,CATALOG_POSITIVE_EXPOSURE,CATALOG_POSITIVE_EXPOSURE,PUBLIC_ARCHIVED,NOT_DOWNLOADED,NOT_ATTEMPTED,POSITION_REVIEW_REQUIRED,v404_cyg,61387.2374,61231.5324,57112,3.0249936559146535,REVIEW_REQUIRED,False,0,null,null,0,null,0,https://heasarc.gsfc.nasa.gov/FTP/nustar/data/obs/00/3/30001010002/
30001010003,V404 Cyg,BH,2013-10-14T21:46:04.800,90646.658,V404_Cyg,CATALOG_POSITIVE_EXPOSURE,CATALOG_POSITIVE_EXPOSURE,PUBLIC_ARCHIVED,NOT_DOWNLOADED,NOT_ATTEMPTED,,v404_cyg,90872.6601,90646.658,57112,1.1429720911960906,VERIFIED_NAME_POSITION,True,0,Aim point refinement,null,0,null,0,https://heasarc.gsfc.nasa.gov/FTP/nustar/data/obs/00/3/30001010003/
30001010004,V404 Cyg,BH,2013-12-02T17:16:04.800,0.0,V404_Cyg,NO_POSITIVE_EXPOSURE,NO_POSITIVE_EXPOSURE,PUBLIC_ARCHIVED,NOT_DOWNLOADED,NOT_ATTEMPTED,POSITION_REVIEW_REQUIRED;NOT_SCIENCE_OBSERVATION;NONPOSITIVE_MODULE_EXPOSURE,v404_cyg,0.0,0.0,57112,,REVIEW_REQUIRED,False,0,STELLAR,null,0,null,0,https://heasarc.gsfc.nasa.gov/FTP/nustar/data/obs/00/3/30001010004/
30001010005,V404 Cyg,BH,2013-12-02T17:36:05.760,24869.1943,V404_Cyg,CATALOG_POSITIVE_EXPOSURE,CATALOG_POSITIVE_EXPOSURE,PUBLIC_ARCHIVED,NOT_DOWNLOADED,NOT_ATTEMPTED,,v404_cyg,24925.178,24869.1943,57112,2.212194954025259,VERIFIED_NAME_POSITION,True,0,null,null,0,null,0,https://heasarc.gsfc.nasa.gov/FTP/nustar/data/obs/00/3/30001010005/
81201364,V404 Cyg,BH,,0.0,V404_CYG,NO_POSITIVE_EXPOSURE,NO_POSITIVE_EXPOSURE,accepted,NOT_DOWNLOADED,NOT_ATTEMPTED,NOT_PUBLIC_ARCHIVED;NOT_SCIENCE_OBSERVATION;NONPOSITIVE_MODULE_EXPOSURE,v404_cyg,0.0,0.0,null,0.002647979298333541,VERIFIED_NAME_POSITION,False,0,null,null,0,0,12,https://heasarc.gsfc.nasa.gov/FTP/nustar/data/obs/12/8/81201364/
90102007001,V404 Cyg,BH,2015-06-24T21:51:07.200,0.0,V404_Cyg,NO_POSITIVE_EXPOSURE,NO_POSITIVE_EXPOSURE,PUBLIC_ARCHIVED,NOT_DOWNLOADED,NOT_ATTEMPTED,POSITION_REVIEW_REQUIRED;NOT_SCIENCE_OBSERVATION;NONPOSITIVE_MODULE_EXPOSURE,v404_cyg,0.0,0.0,57596,,REVIEW_REQUIRED,False,0,STELLAR,null,0,null,1,https://heasarc.gsfc.nasa.gov/FTP/nustar/data/obs/01/9/90102007001/
90102007002,V404 Cyg,BH,2015-06-24T22:11:08.160,17720.5094,V404_Cyg,CATALOG_POSITIVE_EXPOSURE,CATALOG_POSITIVE_EXPOSURE,PUBLIC_ARCHIVED,NOT_DOWNLOADED,NOT_ATTEMPTED,,v404_cyg,17720.5094,18318.8024,57596,0.9511333965049504,VERIFIED_NAME_POSITION,True,1,ToO (1/5) / Data gap due to overwrite of on-board data storage,Solar CME,3,null,1,https://heasarc.gsfc.nasa.gov/FTP/nustar/data/obs/01/9/90102007002/
90102007003,V404 Cyg,BH,2015-06-25T16:21:04.320,6152.4752,V404_Cyg,CATALOG_POSITIVE_EXPOSURE,CATALOG_POSITIVE_EXPOSURE,PUBLIC_ARCHIVED,NOT_DOWNLOADED,NOT_ATTEMPTED,,v404_cyg,6152.4752,6428.4836,57596,2.297866080799763,VERIFIED_NAME_POSITION,True,1,aim point refinement / data gap due to overwrite of on-board data storage,null,3876,null,1,https://heasarc.gsfc.nasa.gov/FTP/nustar/data/obs/01/9/90102007003/
90102007004,V404 Cyg,BH,2015-07-01T00:11:05.280,0.0,V404_Cyg,NO_POSITIVE_EXPOSURE,NO_POSITIVE_EXPOSURE,PUBLIC_ARCHIVED,NOT_DOWNLOADED,NOT_ATTEMPTED,POSITION_REVIEW_REQUIRED;NOT_SCIENCE_OBSERVATION;NONPOSITIVE_MODULE_EXPOSURE,v404_cyg,0.0,0.0,57596,,REVIEW_REQUIRED,False,0,STELLAR,null,0,null,1,https://heasarc.gsfc.nasa.gov/FTP/nustar/data/obs/01/9/90102007004/
90102007005,V404 Cyg,BH,2015-07-01T01:06:05.760,24559.0948,V404_Cyg,CATALOG_POSITIVE_EXPOSURE,CATALOG_POSITIVE_EXPOSURE,PUBLIC_ARCHIVED,NOT_DOWNLOADED,NOT_ATTEMPTED,,v404_cyg,24573.7293,24559.0948,57596,2.8395396637124155,VERIFIED_NAME_POSITION,True,1,ToO (2/5),Solar CME,0,null,1,https://heasarc.gsfc.nasa.gov/FTP/nustar/data/obs/01/9/90102007005/
90102007006,V404 Cyg,BH,2015-07-06T06:06:11.520,0.0,V404_Cyg,NO_POSITIVE_EXPOSURE,NO_POSITIVE_EXPOSURE,PUBLIC_ARCHIVED,NOT_DOWNLOADED,NOT_ATTEMPTED,POSITION_REVIEW_REQUIRED;NOT_SCIENCE_OBSERVATION;NONPOSITIVE_MODULE_EXPOSURE,v404_cyg,0.0,0.0,57596,,REVIEW_REQUIRED,False,0,STELLAR,null,0,null,1,https://heasarc.gsfc.nasa.gov/FTP/nustar/data/obs/01/9/90102007006/
90102007007,V404 Cyg,BH,2015-07-06T06:41:11.040,26285.5916,V404_Cyg,CATALOG_POSITIVE_EXPOSURE,CATALOG_POSITIVE_EXPOSURE,PUBLIC_ARCHIVED,NOT_DOWNLOADED,NOT_ATTEMPTED,POSITION_REVIEW_REQUIRED,v404_cyg,26339.7928,26285.5916,57596,3.05555653752414,REVIEW_REQUIRED,False,1,ToO (3/5),Solar CME,0,null,1,https://heasarc.gsfc.nasa.gov/FTP/nustar/data/obs/01/9/90102007007/
90102007008,V404 Cyg,BH,2015-07-08T22:11:08.160,0.0,V404_Cyg,NO_POSITIVE_EXPOSURE,NO_POSITIVE_EXPOSURE,PUBLIC_ARCHIVED,NOT_DOWNLOADED,NOT_ATTEMPTED,POSITION_REVIEW_REQUIRED;NOT_SCIENCE_OBSERVATION;NONPOSITIVE_MODULE_EXPOSURE,v404_cyg,0.0,0.0,57596,,REVIEW_REQUIRED,False,0,STELLAR,null,0,null,1,https://heasarc.gsfc.nasa.gov/FTP/nustar/data/obs/01/9/90102007008/
90102007009,V404 Cyg,BH,2015-07-08T23:11:11.040,102619.7974,V404_Cyg,CATALOG_POSITIVE_EXPOSURE,CATALOG_POSITIVE_EXPOSURE,PUBLIC_ARCHIVED,NOT_DOWNLOADED,NOT_ATTEMPTED,,v404_cyg,102715.4441,102619.7974,57596,2.173637261502136,VERIFIED_NAME_POSITION,True,1,ToO (4/5),Solar CME,0,null,1,https://heasarc.gsfc.nasa.gov/FTP/nustar/data/obs/01/9/90102007009/
90102007010,V404 Cyg,BH,2015-07-23T07:46:07.680,0.0,V404_Cyg,NO_POSITIVE_EXPOSURE,NO_POSITIVE_EXPOSURE,PUBLIC_ARCHIVED,NOT_DOWNLOADED,NOT_ATTEMPTED,POSITION_REVIEW_REQUIRED;NOT_SCIENCE_OBSERVATION;NONPOSITIVE_MODULE_EXPOSURE,v404_cyg,0.0,0.0,57596,,REVIEW_REQUIRED,False,0,STELLAR,null,0,null,1,https://heasarc.gsfc.nasa.gov/FTP/nustar/data/obs/01/9/90102007010/
90102007011,V404 Cyg,BH,2015-07-23T08:21:07.200,47595.7112,V404_Cyg,CATALOG_POSITIVE_EXPOSURE,CATALOG_POSITIVE_EXPOSURE,PUBLIC_ARCHIVED,NOT_DOWNLOADED,NOT_ATTEMPTED,,v404_cyg,47683.4331,47595.7112,57596,1.4801981578288625,VERIFIED_NAME_POSITION,True,1,ToO (5/5),Solar CME,0,null,1,https://heasarc.gsfc.nasa.gov/FTP/nustar/data/obs/01/9/90102007011/
90102007012,V404 Cyg,BH,2015-12-24T09:56:09.600,0.0,V404_Cyg,NO_POSITIVE_EXPOSURE,NO_POSITIVE_EXPOSURE,PUBLIC_ARCHIVED,NOT_DOWNLOADED,NOT_ATTEMPTED,POSITION_REVIEW_REQUIRED;NOT_SCIENCE_OBSERVATION;NONPOSITIVE_MODULE_EXPOSURE,v404_cyg,0.0,0.0,57569,,REVIEW_REQUIRED,False,0,STELLAR,null,0,null,1,https://heasarc.gsfc.nasa.gov/FTP/nustar/data/obs/01/9/90102007012/
90102007013,V404 Cyg,BH,2015-12-24T10:21:04.320,50084.256,V404_Cyg,CATALOG_POSITIVE_EXPOSURE,CATALOG_POSITIVE_EXPOSURE,PUBLIC_ARCHIVED,NOT_DOWNLOADED,NOT_ATTEMPTED,,v404_cyg,50225.2817,50084.256,57569,1.1856618260303844,VERIFIED_NAME_POSITION,True,0,ToO,null,0,null,1,https://heasarc.gsfc.nasa.gov/FTP/nustar/data/obs/01/9/90102007013/
90102007014,V404 Cyg,BH,2016-01-06T15:16:07.680,0.0,V404_Cyg,NO_POSITIVE_EXPOSURE,NO_POSITIVE_EXPOSURE,PUBLIC_ARCHIVED,NOT_DOWNLOADED,NOT_ATTEMPTED,NOT_SCIENCE_OBSERVATION;NONPOSITIVE_MODULE_EXPOSURE,v404_cyg,0.0,0.0,57586,2.1379803613943937,VERIFIED_NAME_POSITION,False,0,STELLAR,null,0,null,1,https://heasarc.gsfc.nasa.gov/FTP/nustar/data/obs/01/9/90102007014/
90102007015,V404 Cyg,BH,2016-01-06T15:26:12.480,59456.63,V404_Cyg,CATALOG_POSITIVE_EXPOSURE,CATALOG_POSITIVE_EXPOSURE,PUBLIC_ARCHIVED,NOT_DOWNLOADED,NOT_ATTEMPTED,,v404_cyg,59581.3714,59456.63,57586,1.1839846017586826,VERIFIED_NAME_POSITION,True,0,ToO,null,0,null,1,https://heasarc.gsfc.nasa.gov/FTP/nustar/data/obs/01/9/90102007015/
41110001,V4641 Sgr,BH,,-70000.0,V4641_SGR_POS1,NO_POSITIVE_EXPOSURE,NO_POSITIVE_EXPOSURE,accepted,NOT_DOWNLOADED,NOT_ATTEMPTED,NAME_REVIEW_REQUIRED;POSITION_REVIEW_REQUIRED;NOT_PUBLIC_ARCHIVED;NOT_SCIENCE_OBSERVATION;NONPOSITIVE_MODULE_EXPOSURE,v4641_sgr,-70000.0,-70000.0,null,6.454837118158875,REVIEW_REQUIRED,False,0,null,null,0,0,11,https://heasarc.gsfc.nasa.gov/FTP/nustar/data/obs/11/4/41110001/
80002012001,V4641 Sgr,BH,2014-02-13T23:51:04.320,0.0,V4641_Sgr,NO_POSITIVE_EXPOSURE,NO_POSITIVE_EXPOSURE,PUBLIC_ARCHIVED,NOT_DOWNLOADED,NOT_ATTEMPTED,POSITION_REVIEW_REQUIRED;NOT_SCIENCE_OBSERVATION;NONPOSITIVE_MODULE_EXPOSURE,v4641_sgr,0.0,0.0,56923,,REVIEW_REQUIRED,False,0,STELLAR,null,0,null,0,https://heasarc.gsfc.nasa.gov/FTP/nustar/data/obs/00/8/80002012001/
80002012002,V4641 Sgr,BH,2014-02-14T00:36:08.640,24045.4965,V4641_Sgr,CATALOG_POSITIVE_EXPOSURE,CATALOG_POSITIVE_EXPOSURE,PUBLIC_ARCHIVED,NOT_DOWNLOADED,NOT_ATTEMPTED,POSITION_REVIEW_REQUIRED,v4641_sgr,24045.4965,24066.8539,56923,3.8674200452486773,REVIEW_REQUIRED,False,0,ToO,null,0,null,0,https://heasarc.gsfc.nasa.gov/FTP/nustar/data/obs/00/8/80002012002/
80002012003,V4641 Sgr,BH,2014-04-17T22:06:05.760,0.0,V4641_Sgr,NO_POSITIVE_EXPOSURE,NO_POSITIVE_EXPOSURE,PUBLIC_ARCHIVED,NOT_DOWNLOADED,NOT_ATTEMPTED,POSITION_REVIEW_REQUIRED;NOT_SCIENCE_OBSERVATION;NONPOSITIVE_MODULE_EXPOSURE,v4641_sgr,0.0,0.0,56923,,REVIEW_REQUIRED,False,0,STELLAR,null,0,null,0,https://heasarc.gsfc.nasa.gov/FTP/nustar/data/obs/00/8/80002012003/
80002012004,V4641 Sgr,BH,2014-04-17T22:46:07.680,26329.694,V4641_Sgr,CATALOG_POSITIVE_EXPOSURE,CATALOG_POSITIVE_EXPOSURE,PUBLIC_ARCHIVED,NOT_DOWNLOADED,NOT_ATTEMPTED,,v4641_sgr,26417.8885,26329.694,56923,1.6733793394158725,VERIFIED_NAME_POSITION,True,0,ToO,null,0,null,0,https://heasarc.gsfc.nasa.gov/FTP/nustar/data/obs/00/8/80002012004/
80702324001,V4641 Sgr,BH,2021-10-15T10:26:06.720,0.0,V4641_Sgr,NO_POSITIVE_EXPOSURE,NO_POSITIVE_EXPOSURE,PUBLIC_ARCHIVED,NOT_DOWNLOADED,NOT_ATTEMPTED,POSITION_REVIEW_REQUIRED;NOT_SCIENCE_OBSERVATION;NONPOSITIVE_MODULE_EXPOSURE,v4641_sgr,0.0,0.0,59714,,REVIEW_REQUIRED,False,0,STELLAR,null,0,null,7,https://heasarc.gsfc.nasa.gov/FTP/nustar/data/obs/07/8/80702324001/
80702324002,V4641 Sgr,BH,2021-10-15T11:01:06.240,17971.7086,V4641_Sgr,CATALOG_POSITIVE_EXPOSURE,CATALOG_POSITIVE_EXPOSURE,PUBLIC_ARCHIVED,NOT_DOWNLOADED,NOT_ATTEMPTED,POSITION_REVIEW_REQUIRED,v4641_sgr,18037.4621,17971.7086,59714,3.616226405622319,REVIEW_REQUIRED,False,0,(1/5) ToO / idiagnostics,null,0,null,7,https://heasarc.gsfc.nasa.gov/FTP/nustar/data/obs/07/8/80702324002/
80702324003,V4641 Sgr,BH,2021-10-19T12:26:12.480,0.0,V4641_Sgr,NO_POSITIVE_EXPOSURE,NO_POSITIVE_EXPOSURE,PUBLIC_ARCHIVED,NOT_DOWNLOADED,NOT_ATTEMPTED,POSITION_REVIEW_REQUIRED;NOT_SCIENCE_OBSERVATION;NONPOSITIVE_MODULE_EXPOSURE,v4641_sgr,0.0,0.0,59714,,REVIEW_REQUIRED,False,0,STELLAR,null,0,null,7,https://heasarc.gsfc.nasa.gov/FTP/nustar/data/obs/07/8/80702324003/
80702324004,V4641 Sgr,BH,2021-10-19T13:11:08.160,19062.1586,V4641_Sgr,CATALOG_POSITIVE_EXPOSURE,CATALOG_POSITIVE_EXPOSURE,PUBLIC_ARCHIVED,NOT_DOWNLOADED,NOT_ATTEMPTED,POSITION_REVIEW_REQUIRED,v4641_sgr,19160.1971,19062.1586,59714,3.515197317129045,REVIEW_REQUIRED,False,0,(2/5) ToO / idiagnostics,null,0,null,7,https://heasarc.gsfc.nasa.gov/FTP/nustar/data/obs/07/8/80702324004/
80702324005,V4641 Sgr,BH,2021-10-22T08:31:12.000,0.0,V4641_Sgr,NO_POSITIVE_EXPOSURE,NO_POSITIVE_EXPOSURE,PUBLIC_ARCHIVED,NOT_DOWNLOADED,NOT_ATTEMPTED,POSITION_REVIEW_REQUIRED;NOT_SCIENCE_OBSERVATION;NONPOSITIVE_MODULE_EXPOSURE,v4641_sgr,0.0,0.0,59714,,REVIEW_REQUIRED,False,0,STELLAR,null,0,null,7,https://heasarc.gsfc.nasa.gov/FTP/nustar/data/obs/07/8/80702324005/
80702324006,V4641 Sgr,BH,2021-10-22T08:46:10.560,17393.6858,V4641_Sgr,CATALOG_POSITIVE_EXPOSURE,CATALOG_POSITIVE_EXPOSURE,PUBLIC_ARCHIVED,NOT_DOWNLOADED,NOT_ATTEMPTED,POSITION_REVIEW_REQUIRED,v4641_sgr,17469.6325,17393.6858,59714,3.4560654794019605,REVIEW_REQUIRED,False,0,(3/5) ToO / idiagnostics,null,0,null,7,https://heasarc.gsfc.nasa.gov/FTP/nustar/data/obs/07/8/80702324006/
80702324007,V4641 Sgr,BH,2021-10-26T23:36:05.760,0.0,V4641_Sgr,NO_POSITIVE_EXPOSURE,NO_POSITIVE_EXPOSURE,PUBLIC_ARCHIVED,NOT_DOWNLOADED,NOT_ATTEMPTED,POSITION_REVIEW_REQUIRED;NOT_SCIENCE_OBSERVATION;NONPOSITIVE_MODULE_EXPOSURE,v4641_sgr,0.0,0.0,59714,,REVIEW_REQUIRED,False,0,STELLAR,null,0,null,7,https://heasarc.gsfc.nasa.gov/FTP/nustar/data/obs/07/8/80702324007/
80702324008,V4641 Sgr,BH,2021-10-26T23:56:06.720,19821.4156,V4641_Sgr,CATALOG_POSITIVE_EXPOSURE,CATALOG_POSITIVE_EXPOSURE,PUBLIC_ARCHIVED,NOT_DOWNLOADED,NOT_ATTEMPTED,POSITION_REVIEW_REQUIRED,v4641_sgr,19953.1196,19821.4156,59714,3.3161281399268425,REVIEW_REQUIRED,False,0,(4/5) ToO / idiagnostics,null,0,null,7,https://heasarc.gsfc.nasa.gov/FTP/nustar/data/obs/07/8/80702324008/
80702324009,V4641 Sgr,BH,2021-11-09T12:51:07.200,19995.1608,V4641_Sgr,CATALOG_POSITIVE_EXPOSURE,CATALOG_POSITIVE_EXPOSURE,PUBLIC_ARCHIVED,NOT_DOWNLOADED,NOT_ATTEMPTED,POSITION_REVIEW_REQUIRED,v4641_sgr,20118.9036,19995.1608,59714,3.517977472725854,REVIEW_REQUIRED,False,1,(5/5) ToO / idiagnostics / M-class solar flare,Solar flare,0,null,7,https://heasarc.gsfc.nasa.gov/FTP/nustar/data/obs/07/8/80702324009/
81201309,V4641 Sgr,BH,,-20000.0,V4641_Sgr,NO_POSITIVE_EXPOSURE,NO_POSITIVE_EXPOSURE,accepted,NOT_DOWNLOADED,NOT_ATTEMPTED,NOT_PUBLIC_ARCHIVED;NOT_SCIENCE_OBSERVATION;NONPOSITIVE_MODULE_EXPOSURE,v4641_sgr,-20000.0,-20000.0,null,0.01656797957573402,VERIFIED_NAME_POSITION,False,0,null,null,0,0,12,https://heasarc.gsfc.nasa.gov/FTP/nustar/data/obs/12/8/81201309/
81201361,V4641 Sgr,BH,,-20000.0,V4641_SGR,NO_POSITIVE_EXPOSURE,NO_POSITIVE_EXPOSURE,accepted,NOT_DOWNLOADED,NOT_ATTEMPTED,NOT_PUBLIC_ARCHIVED;NOT_SCIENCE_OBSERVATION;NONPOSITIVE_MODULE_EXPOSURE,v4641_sgr,-20000.0,-20000.0,null,0.01656797957573402,VERIFIED_NAME_POSITION,False,0,null,null,0,0,12,https://heasarc.gsfc.nasa.gov/FTP/nustar/data/obs/12/8/81201361/
90102011001,V4641 Sgr,BH,2015-08-14T11:21:07.200,0.0,V4641_Sgr,NO_POSITIVE_EXPOSURE,NO_POSITIVE_EXPOSURE,PUBLIC_ARCHIVED,NOT_DOWNLOADED,NOT_ATTEMPTED,POSITION_REVIEW_REQUIRED;NOT_SCIENCE_OBSERVATION;NONPOSITIVE_MODULE_EXPOSURE,v4641_sgr,0.0,0.0,57441,,REVIEW_REQUIRED,False,0,STELLAR,null,0,null,1,https://heasarc.gsfc.nasa.gov/FTP/nustar/data/obs/01/9/90102011001/
90102011002,V4641 Sgr,BH,2015-08-14T12:21:10.080,30595.9682,V4641_Sgr,CATALOG_POSITIVE_EXPOSURE,CATALOG_POSITIVE_EXPOSURE,PUBLIC_ARCHIVED,NOT_DOWNLOADED,NOT_ATTEMPTED,,v4641_sgr,30652.0304,30595.9682,57441,2.4896851022958595,VERIFIED_NAME_POSITION,True,0,ToO,null,0,null,1,https://heasarc.gsfc.nasa.gov/FTP/nustar/data/obs/01/9/90102011002/
90601302001,V4641 Sgr,BH,2020-01-22T15:11:05.280,0.0,V4641_Sgr,NO_POSITIVE_EXPOSURE,NO_POSITIVE_EXPOSURE,PUBLIC_ARCHIVED,NOT_DOWNLOADED,NOT_ATTEMPTED,POSITION_REVIEW_REQUIRED;NOT_SCIENCE_OBSERVATION;NONPOSITIVE_MODULE_EXPOSURE,v4641_sgr,0.0,0.0,58873,,REVIEW_REQUIRED,False,0,STELLAR,null,0,null,6,https://heasarc.gsfc.nasa.gov/FTP/nustar/data/obs/06/9/90601302001/
90601302002,V4641 Sgr,BH,2020-01-22T16:06:05.760,3351.0883,V4641_Sgr,CATALOG_POSITIVE_EXPOSURE,CATALOG_POSITIVE_EXPOSURE,PUBLIC_ARCHIVED,NOT_DOWNLOADED,NOT_ATTEMPTED,POSITION_REVIEW_REQUIRED,v4641_sgr,3356.3221,3351.0883,58873,3.538557184634498,REVIEW_REQUIRED,False,1,ToO / Sun proximity / reduced CHU4 astrometry,null,0,null,6,https://heasarc.gsfc.nasa.gov/FTP/nustar/data/obs/06/9/90601302002/
30902017002,XB 1916-053,NS,2024-04-16T08:56:06.720,23004.0292,4U_1916m054,CATALOG_POSITIVE_EXPOSURE,CATALOG_POSITIVE_EXPOSURE,PUBLIC_ARCHIVED,NOT_DOWNLOADED,NOT_ATTEMPTED,NAME_REVIEW_REQUIRED,xb_1916_053,23201.4722,23004.0292,60422,2.760690774201955,REVIEW_REQUIRED,False,0,(1/2),null,0,null,9,https://heasarc.gsfc.nasa.gov/FTP/nustar/data/obs/09/3/30902017002/
30902017004,XB 1916-053,NS,2024-04-20T21:56:09.600,22571.3849,4U_1916m054,CATALOG_POSITIVE_EXPOSURE,CATALOG_POSITIVE_EXPOSURE,PUBLIC_ARCHIVED,NOT_DOWNLOADED,NOT_ATTEMPTED,NAME_REVIEW_REQUIRED;POSITION_REVIEW_REQUIRED,xb_1916_053,22689.6616,22571.3849,60429,3.020199167419404,REVIEW_REQUIRED,False,0,(2/2),null,0,null,9,https://heasarc.gsfc.nasa.gov/FTP/nustar/data/obs/09/3/30902017004/
90701325002,XB 1916-053,NS,2021-09-01T02:51:12.960,31606.9334,4U_1916m053,CATALOG_POSITIVE_EXPOSURE,CATALOG_POSITIVE_EXPOSURE,PUBLIC_ARCHIVED,NOT_DOWNLOADED,NOT_ATTEMPTED,NAME_REVIEW_REQUIRED;POSITION_REVIEW_REQUIRED,xb_1916_053,31829.3834,31606.9334,59477,3.1413288907689942,REVIEW_REQUIRED,False,0,ToO / idiagnostics,null,0,null,7,https://heasarc.gsfc.nasa.gov/FTP/nustar/data/obs/07/9/90701325002/
40031001002,XMM J174457-2850.3,UNRESOLVED,2013-07-31T14:51:04.320,40967.2951,GalSurvey_A_MOS001,CATALOG_POSITIVE_EXPOSURE,CATALOG_POSITIVE_EXPOSURE,PUBLIC_ARCHIVED,NOT_DOWNLOADED,NOT_ATTEMPTED,NAME_REVIEW_REQUIRED;POSITION_REVIEW_REQUIRED;LABEL_UNRESOLVED,xmm_j174457_2850_3,41299.5501,40967.2951,57112,3.8627499293728866,REVIEW_REQUIRED,False,1,null,null,0,252,0,https://heasarc.gsfc.nasa.gov/FTP/nustar/data/obs/00/4/40031001002/
40031002001,XMM J174457-2850.3,UNRESOLVED,2013-08-01T13:21:04.320,40085.7063,GalSurvey_A_MOS002,CATALOG_POSITIVE_EXPOSURE,CATALOG_POSITIVE_EXPOSURE,PUBLIC_ARCHIVED,NOT_DOWNLOADED,NOT_ATTEMPTED,NAME_REVIEW_REQUIRED;POSITION_REVIEW_REQUIRED;LABEL_UNRESOLVED,xmm_j174457_2850_3,40427.5766,40085.7063,57112,6.76133716043183,REVIEW_REQUIRED,False,0,null,null,0,null,0,https://heasarc.gsfc.nasa.gov/FTP/nustar/data/obs/00/4/40031002001/
40031003002,XMM J174457-2850.3,UNRESOLVED,2013-08-03T07:31:09.120,37161.851,GalSurvey_A_MOS003,CATALOG_POSITIVE_EXPOSURE,CATALOG_POSITIVE_EXPOSURE,PUBLIC_ARCHIVED,NOT_DOWNLOADED,NOT_ATTEMPTED,NAME_REVIEW_REQUIRED;LABEL_UNRESOLVED,xmm_j174457_2850_3,37482.7527,37161.851,57112,2.4184051630589747,REVIEW_REQUIRED,False,1,null,null,0,3606,0,https://heasarc.gsfc.nasa.gov/FTP/nustar/data/obs/00/4/40031003002/
40031004001,XMM J174457-2850.3,UNRESOLVED,2013-08-04T06:01:09.120,40618.5218,GalSurvey_A_MOS004,CATALOG_POSITIVE_EXPOSURE,CATALOG_POSITIVE_EXPOSURE,PUBLIC_ARCHIVED,NOT_DOWNLOADED,NOT_ATTEMPTED,NAME_REVIEW_REQUIRED;POSITION_REVIEW_REQUIRED;LABEL_UNRESOLVED,xmm_j174457_2850_3,40980.73,40618.5218,57112,7.086190837573758,REVIEW_REQUIRED,False,1,null,Solar CME,0,null,0,https://heasarc.gsfc.nasa.gov/FTP/nustar/data/obs/00/4/40031004001/
40031005001,XMM J174457-2850.3,UNRESOLVED,2013-08-05T04:41:05.280,40464.4591,GalSurvey_A_MOS005,CATALOG_POSITIVE_EXPOSURE,CATALOG_POSITIVE_EXPOSURE,PUBLIC_ARCHIVED,NOT_DOWNLOADED,NOT_ATTEMPTED,NAME_REVIEW_REQUIRED;POSITION_REVIEW_REQUIRED;LABEL_UNRESOLVED,xmm_j174457_2850_3,40845.7003,40464.4591,57112,8.275041036866577,REVIEW_REQUIRED,False,0,null,null,0,null,0,https://heasarc.gsfc.nasa.gov/FTP/nustar/data/obs/00/4/40031005001/
40031006002,XMM J174457-2850.3,UNRESOLVED,2014-08-14T04:56:03.840,39979.287,GalSurvey_A_MOS006,CATALOG_POSITIVE_EXPOSURE,CATALOG_POSITIVE_EXPOSURE,PUBLIC_ARCHIVED,NOT_DOWNLOADED,NOT_ATTEMPTED,NAME_REVIEW_REQUIRED;POSITION_REVIEW_REQUIRED;LABEL_UNRESOLVED,xmm_j174457_2850_3,40232.9013,39979.287,57282,8.4523673061049,REVIEW_REQUIRED,False,0,null,null,0,null,0,https://heasarc.gsfc.nasa.gov/FTP/nustar/data/obs/00/4/40031006002/
40112001002,XMM J174457-2850.3,UNRESOLVED,2017-04-01T00:31:06.240,103300.4709,GCR_Block_A1,CATALOG_POSITIVE_EXPOSURE,CATALOG_POSITIVE_EXPOSURE,PUBLIC_ARCHIVED,NOT_DOWNLOADED,NOT_ATTEMPTED,NAME_REVIEW_REQUIRED;POSITION_REVIEW_REQUIRED;LABEL_UNRESOLVED,xmm_j174457_2850_3,103300.4709,103432.1081,57857,3.500975269867468,REVIEW_REQUIRED,False,1,Galactic Legacy Survey / Solar flares M4.4 091:2135 M5.3 092:0750 M2.3 092:1252 M2.1 092:1818 M5.7 092:2026 M1.2 093:00,Solar flare,0,null,1,https://heasarc.gsfc.nasa.gov/FTP/nustar/data/obs/01/4/40112001002/
40112002002,XMM J174457-2850.3,UNRESOLVED,2017-04-03T18:31:06.240,101216.783,GCR_Block_A2,CATALOG_POSITIVE_EXPOSURE,CATALOG_POSITIVE_EXPOSURE,PUBLIC_ARCHIVED,NOT_DOWNLOADED,NOT_ATTEMPTED,NAME_REVIEW_REQUIRED;POSITION_REVIEW_REQUIRED;LABEL_UNRESOLVED,xmm_j174457_2850_3,101216.783,101327.6777,57857,4.6349588373586155,REVIEW_REQUIRED,False,1,GLS / Kp=5,Solar CME,0,null,1,https://heasarc.gsfc.nasa.gov/FTP/nustar/data/obs/01/4/40112002002/
80002017002,XMM J174457-2850.3,UNRESOLVED,2014-02-15T05:36:05.760,28667.4178,GRO_J1744m28,CATALOG_POSITIVE_EXPOSURE,CATALOG_POSITIVE_EXPOSURE,PUBLIC_ARCHIVED,NOT_DOWNLOADED,NOT_ATTEMPTED,NAME_REVIEW_REQUIRED;POSITION_REVIEW_REQUIRED;LABEL_UNRESOLVED,xmm_j174457_2850_3,28667.4178,29181.5127,57112,8.69269445639908,REVIEW_REQUIRED,False,0,ToO,null,0,null,0,https://heasarc.gsfc.nasa.gov/FTP/nustar/data/obs/00/8/80002017002/
80002017004,XMM J174457-2850.3,UNRESOLVED,2014-03-03T06:06:02.880,8541.0849,GRO_J1744m28,CATALOG_POSITIVE_EXPOSURE,CATALOG_POSITIVE_EXPOSURE,PUBLIC_ARCHIVED,NOT_DOWNLOADED,NOT_ATTEMPTED,NAME_REVIEW_REQUIRED;POSITION_REVIEW_REQUIRED;LABEL_UNRESOLVED,xmm_j174457_2850_3,8541.0849,8845.4972,57112,8.873370403384852,REVIEW_REQUIRED,False,0,ToO,null,0,null,0,https://heasarc.gsfc.nasa.gov/FTP/nustar/data/obs/00/8/80002017004/
80202027002,XMM J174457-2850.3,UNRESOLVED,2017-02-18T14:31:12.000,28822.7225,GRO_J1744m28,CATALOG_POSITIVE_EXPOSURE,CATALOG_POSITIVE_EXPOSURE,PUBLIC_ARCHIVED,NOT_DOWNLOADED,NOT_ATTEMPTED,NAME_REVIEW_REQUIRED;POSITION_REVIEW_REQUIRED;LABEL_UNRESOLVED,xmm_j174457_2850_3,28822.7225,28916.375,58270,8.902921866097856,REVIEW_REQUIRED,False,0,(1/3) ToO,null,0,null,2,https://heasarc.gsfc.nasa.gov/FTP/nustar/data/obs/02/8/80202027002/
90601317002,XMM J174457-2850.3,UNRESOLVED,2020-05-07T07:06:05.760,28407.5669,GRS_1741d9m2853,CATALOG_POSITIVE_EXPOSURE,CATALOG_POSITIVE_EXPOSURE,PUBLIC_ARCHIVED,NOT_DOWNLOADED,NOT_ATTEMPTED,NAME_REVIEW_REQUIRED;POSITION_REVIEW_REQUIRED;LABEL_UNRESOLVED,xmm_j174457_2850_3,28407.5669,28463.2723,58987,3.178833374338993,REVIEW_REQUIRED,False,0,ToO / idiagnostics,null,0,null,6,https://heasarc.gsfc.nasa.gov/FTP/nustar/data/obs/06/9/90601317002/
90801325001,XTE J1701-462,NS,2022-10-08T10:11:08.160,0.0,XTE_J1701m462,NO_POSITIVE_EXPOSURE,NO_POSITIVE_EXPOSURE,PUBLIC_ARCHIVED,NOT_DOWNLOADED,NOT_ATTEMPTED,POSITION_REVIEW_REQUIRED;NOT_SCIENCE_OBSERVATION;NONPOSITIVE_MODULE_EXPOSURE,xte_j1701_462,0.0,0.0,59869,,REVIEW_REQUIRED,False,0,STELLAR,null,0,null,8,https://heasarc.gsfc.nasa.gov/FTP/nustar/data/obs/08/9/90801325001/
90801325002,XTE J1701-462,NS,2022-10-08T10:41:05.280,12208.799,XTE_J1701m462,CATALOG_POSITIVE_EXPOSURE,CATALOG_POSITIVE_EXPOSURE,PUBLIC_ARCHIVED,NOT_DOWNLOADED,NOT_ATTEMPTED,POSITION_REVIEW_REQUIRED,xte_j1701_462,12208.799,12669.5325,59869,3.27637911704644,REVIEW_REQUIRED,False,0,DDT / idiagnostics,null,0,null,8,https://heasarc.gsfc.nasa.gov/FTP/nustar/data/obs/08/9/90801325002/
90802322001,XTE J1701-462,NS,2022-09-11T16:36:11.520,0.0,XTE_J1701m462,NO_POSITIVE_EXPOSURE,NO_POSITIVE_EXPOSURE,PUBLIC_ARCHIVED,NOT_DOWNLOADED,NOT_ATTEMPTED,POSITION_REVIEW_REQUIRED;NOT_SCIENCE_OBSERVATION;NONPOSITIVE_MODULE_EXPOSURE,xte_j1701_462,0.0,0.0,59848,,REVIEW_REQUIRED,False,0,STELLAR,null,0,null,8,https://heasarc.gsfc.nasa.gov/FTP/nustar/data/obs/08/9/90802322001/
90802322002,XTE J1701-462,NS,2022-09-11T16:46:07.680,14749.4555,XTE_J1701m462,CATALOG_POSITIVE_EXPOSURE,CATALOG_POSITIVE_EXPOSURE,PUBLIC_ARCHIVED,NOT_DOWNLOADED,NOT_ATTEMPTED,,xte_j1701_462,14749.4555,15010.7564,59848,2.580504760668628,VERIFIED_NAME_POSITION,True,1,"DDT / idiagnostics / SL-A123Ball (GX 339-4, 4U 1705-440, GX 340+0)",null,0,null,8,https://heasarc.gsfc.nasa.gov/FTP/nustar/data/obs/08/9/90802322002/
90802322003,XTE J1701-462,NS,2022-09-24T15:41:11.040,0.0,XTE_J1701m462,NO_POSITIVE_EXPOSURE,NO_POSITIVE_EXPOSURE,PUBLIC_ARCHIVED,NOT_DOWNLOADED,NOT_ATTEMPTED,POSITION_REVIEW_REQUIRED;NOT_SCIENCE_OBSERVATION;NONPOSITIVE_MODULE_EXPOSURE,xte_j1701_462,0.0,0.0,59855,,REVIEW_REQUIRED,False,0,STELLAR,null,0,null,8,https://heasarc.gsfc.nasa.gov/FTP/nustar/data/obs/08/9/90802322003/
90802322004,XTE J1701-462,NS,2022-09-24T16:41:05.280,9388.1039,XTE_J1701m462,CATALOG_POSITIVE_EXPOSURE,CATALOG_POSITIVE_EXPOSURE,PUBLIC_ARCHIVED,NOT_DOWNLOADED,NOT_ATTEMPTED,POSITION_REVIEW_REQUIRED,xte_j1701_462,9388.1039,9770.4123,59855,3.402626772739007,REVIEW_REQUIRED,False,1,(2/2) / idiagnostics / SL-A123Ball,null,0,null,8,https://heasarc.gsfc.nasa.gov/FTP/nustar/data/obs/08/9/90802322004/
90901311001,XTE J1701-462,NS,2023-03-19T04:41:05.280,0.0,XTE_J1701m462,NO_POSITIVE_EXPOSURE,NO_POSITIVE_EXPOSURE,PUBLIC_ARCHIVED,NOT_DOWNLOADED,NOT_ATTEMPTED,NOT_SCIENCE_OBSERVATION;NONPOSITIVE_MODULE_EXPOSURE,xte_j1701_462,0.0,0.0,60030,2.346012974652091,VERIFIED_NAME_POSITION,False,0,STELLAR,null,0,null,9,https://heasarc.gsfc.nasa.gov/FTP/nustar/data/obs/09/9/90901311001/
90901311002,XTE J1701-462,NS,2023-03-19T05:01:06.240,21936.7266,XTE_J1701m462,CATALOG_POSITIVE_EXPOSURE,CATALOG_POSITIVE_EXPOSURE,PUBLIC_ARCHIVED,NOT_DOWNLOADED,NOT_ATTEMPTED,,xte_j1701_462,22110.1525,21936.7266,60030,2.7937512587011604,VERIFIED_NAME_POSITION,True,0,DDT / idiagnostics,null,0,null,9,https://heasarc.gsfc.nasa.gov/FTP/nustar/data/obs/09/9/90901311002/
90201025002,XTE J1709-267,NS,2016-06-08T06:51:07.200,17728.0393,1RXS_J170930d2m263927,CATALOG_POSITIVE_EXPOSURE,CATALOG_POSITIVE_EXPOSURE,PUBLIC_ARCHIVED,NOT_DOWNLOADED,NOT_ATTEMPTED,NAME_REVIEW_REQUIRED,xte_j1709_267,17728.0393,17936.1077,57739,1.9791589496817685,REVIEW_REQUIRED,False,0,ToO,null,0,null,2,https://heasarc.gsfc.nasa.gov/FTP/nustar/data/obs/02/9/90201025002/
90201025003,XTE J1709-267,NS,2016-06-08T17:51:04.320,20440.7851,1RXS_J170930d2m263927,CATALOG_POSITIVE_EXPOSURE,CATALOG_POSITIVE_EXPOSURE,PUBLIC_ARCHIVED,NOT_DOWNLOADED,NOT_ATTEMPTED,NAME_REVIEW_REQUIRED,xte_j1709_267,20440.7851,20706.1939,57739,1.4431735487911364,REVIEW_REQUIRED,False,1,ToO,null,27,null,2,https://heasarc.gsfc.nasa.gov/FTP/nustar/data/obs/02/9/90201025003/
81101352001,XTE J1739-285,NS,2026-03-27T09:46:13.440,0.0,XTE_J1739m285,NO_POSITIVE_EXPOSURE,NO_POSITIVE_EXPOSURE,processed,NOT_DOWNLOADED,NOT_ATTEMPTED,POSITION_REVIEW_REQUIRED;NOT_PUBLIC_ARCHIVED;NOT_SCIENCE_OBSERVATION;NONPOSITIVE_MODULE_EXPOSURE,xte_j1739_285,0.0,0.0,61316,,REVIEW_REQUIRED,False,null,ToO,null,0,null,11,https://heasarc.gsfc.nasa.gov/FTP/nustar/data/obs/11/8/81101352001/
81101352002,XTE J1739-285,NS,2026-03-27T10:01:12.000,40748.46,XTE_J1739m285,CATALOG_POSITIVE_EXPOSURE,CATALOG_POSITIVE_EXPOSURE,processed,NOT_DOWNLOADED,NOT_ATTEMPTED,NOT_PUBLIC_ARCHIVED,xte_j1739_285,40748.46,40895.7671,61316,2.909847637445844,VERIFIED_NAME_POSITION,False,1,ToO / Stray light / Data gaps,null,14130,null,11,https://heasarc.gsfc.nasa.gov/FTP/nustar/data/obs/11/8/81101352002/
90501343001,XTE J1739-285,NS,2019-10-01T21:56:09.600,0.0,XTE_J1739m285,NO_POSITIVE_EXPOSURE,NO_POSITIVE_EXPOSURE,PUBLIC_ARCHIVED,NOT_DOWNLOADED,NOT_ATTEMPTED,POSITION_REVIEW_REQUIRED;NOT_SCIENCE_OBSERVATION;NONPOSITIVE_MODULE_EXPOSURE,xte_j1739_285,0.0,0.0,58786,,REVIEW_REQUIRED,False,0,STELLAR / idiagnostics_on,null,0,null,5,https://heasarc.gsfc.nasa.gov/FTP/nustar/data/obs/05/9/90501343001/
90501343002,XTE J1739-285,NS,2019-10-01T22:36:11.520,27314.5393,XTE_J1739m285,CATALOG_POSITIVE_EXPOSURE,CATALOG_POSITIVE_EXPOSURE,PUBLIC_ARCHIVED,NOT_DOWNLOADED,NOT_ATTEMPTED,,xte_j1739_285,27314.5393,27710.3469,58786,2.5682429840442222,VERIFIED_NAME_POSITION,True,1,ToO / data gaps 6763s,null,6763,null,5,https://heasarc.gsfc.nasa.gov/FTP/nustar/data/obs/05/9/90501343002/
90601307001,XTE J1739-285,NS,2020-02-19T08:21:07.200,0.0,XTE_J1739m285,NO_POSITIVE_EXPOSURE,NO_POSITIVE_EXPOSURE,PUBLIC_ARCHIVED,NOT_DOWNLOADED,NOT_ATTEMPTED,POSITION_REVIEW_REQUIRED;NOT_SCIENCE_OBSERVATION;NONPOSITIVE_MODULE_EXPOSURE,xte_j1739_285,0.0,0.0,58903,,REVIEW_REQUIRED,False,0,STELLAR,null,0,null,6,https://heasarc.gsfc.nasa.gov/FTP/nustar/data/obs/06/9/90601307001/
90601307002,XTE J1739-285,NS,2020-02-19T09:16:07.680,29088.0,XTE_J1739m285,CATALOG_POSITIVE_EXPOSURE,CATALOG_POSITIVE_EXPOSURE,PUBLIC_ARCHIVED,NOT_DOWNLOADED,NOT_ATTEMPTED,,xte_j1739_285,29167.0989,29088.0,58903,1.9514549539553843,VERIFIED_NAME_POSITION,True,0,ToO,null,0,null,6,https://heasarc.gsfc.nasa.gov/FTP/nustar/data/obs/06/9/90601307002/
91201339001,XTE J1739-285,NS,2026-08-18T23:26:09.600,0.0,XTE_J1739m285,NO_POSITIVE_EXPOSURE,NO_POSITIVE_EXPOSURE,PUBLIC_ARCHIVED,NOT_DOWNLOADED,NOT_ATTEMPTED,POSITION_REVIEW_REQUIRED;NOT_SCIENCE_OBSERVATION;NONPOSITIVE_MODULE_EXPOSURE,xte_j1739_285,0.0,0.0,61280,,REVIEW_REQUIRED,False,null,DDT,null,0,null,12,https://heasarc.gsfc.nasa.gov/FTP/nustar/data/obs/12/9/91201339001/
91201339002,XTE J1739-285,NS,2026-08-18T23:36:05.760,25854.4645,XTE_J1739m285,CATALOG_POSITIVE_EXPOSURE,CATALOG_POSITIVE_EXPOSURE,PUBLIC_ARCHIVED,NOT_DOWNLOADED,NOT_ATTEMPTED,,xte_j1739_285,26013.388,25854.4645,61280,2.5664378760655153,VERIFIED_NAME_POSITION,True,1,DDT / Stray light,null,0,null,12,https://heasarc.gsfc.nasa.gov/FTP/nustar/data/obs/12/9/91201339002/
90701305001,XTE J1859+226,BH,2021-02-13T09:46:13.440,0.0,XTE_J1859p226,NO_POSITIVE_EXPOSURE,NO_POSITIVE_EXPOSURE,PUBLIC_ARCHIVED,NOT_DOWNLOADED,NOT_ATTEMPTED,POSITION_REVIEW_REQUIRED;NOT_SCIENCE_OBSERVATION;NONPOSITIVE_MODULE_EXPOSURE,xte_j1859_226,0.0,0.0,59267,,REVIEW_REQUIRED,False,0,STELLAR,null,0,null,7,https://heasarc.gsfc.nasa.gov/FTP/nustar/data/obs/07/9/90701305001/
90701305002,XTE J1859+226,BH,2021-02-13T10:36:11.520,40606.602,XTE_J1859p226,CATALOG_POSITIVE_EXPOSURE,CATALOG_POSITIVE_EXPOSURE,PUBLIC_ARCHIVED,NOT_DOWNLOADED,NOT_ATTEMPTED,,xte_j1859_226,40977.8142,40606.602,59267,2.588996862307289,VERIFIED_NAME_POSITION,True,0,ToO,null,0,null,7,https://heasarc.gsfc.nasa.gov/FTP/nustar/data/obs/07/9/90701305002/
