mission,instrument,obsid,physical_source,class_label,source_path,background_path,response_path,feature_status,source_sha256,background_sha256,response_sha256,source_poiserr,source_has_stat_err,background_poiserr,background_has_stat_err
RXTE,PCA_PCU2_TOP_LAYER,80431-01-02-03,1a_1744_361,NS,../data/processed/validation_heasoft/reduction/80431-01-02-03/source.pha,../data/processed/validation_heasoft/reduction/80431-01-02-03/background.pha,../data/processed/validation_heasoft/reduction/80431-01-02-03/response.rsp,NOT_GENERATED,fabcdd84478cd9cab95218ed76d8db7eb745bb010aa5a2533dcd27a0ff6648c9,d0b9102bc2867acc36932b557db878e595f44d656a9ad882eb45ff99e0561192,6bc4efb7b2e56cc7a6b266e8a78c363241ed0bfa117628b77f40b8f79d92a9d7,False,True,False,True
RXTE,PCA_PCU2_TOP_LAYER,80431-01-03-00,1a_1744_361,NS,../data/processed/validation_heasoft/reduction/80431-01-03-00/source.pha,../data/processed/validation_heasoft/reduction/80431-01-03-00/background.pha,../data/processed/validation_heasoft/reduction/80431-01-03-00/response.rsp,NOT_GENERATED,622d99cf7a19b050be688e6db60a2524cc87a882fa42d6b1a6cad8d62383de5d,b5f75c85e9b804536f5f21aef2639abb36cd54ffe155c0fb218403043f029f65,83e58d82109c38499169c8806ef8c432e5fdc2175522d6edb46bc4da7b31eefc,False,True,False,True
RXTE,PCA_PCU2_TOP_LAYER,91050-05-02-00,1a_1744_361,NS,../data/processed/validation_heasoft/reduction/91050-05-02-00/source.pha,../data/processed/validation_heasoft/reduction/91050-05-02-00/background.pha,../data/processed/validation_heasoft/reduction/91050-05-02-00/response.rsp,NOT_GENERATED,a1467ad327c3829287e49a88419b08b1324cbc66fb6fb789d2661fef5d666bc7,dbd13a5a704ca8f275240af10bf82f0b5b2951723ec7787c64a2522ee98176e3,4fdc42d9d004979bf24f978376120ad46c881ce31a431d0776bfeb67355f04fc,False,True,False,True
RXTE,PCA_PCU2_TOP_LAYER,93155-01-02-00,1a_1744_361,NS,../data/processed/validation_heasoft/reduction/93155-01-02-00/source.pha,../data/processed/validation_heasoft/reduction/93155-01-02-00/background.pha,../data/processed/validation_heasoft/reduction/93155-01-02-00/response.rsp,NOT_GENERATED,010845da1e02a6a7a9822b10788506c666a635a775a633bdfc56feb541a4028e,3d8363fe431bcea9972f8e3ba4f5054b2edcc1acbc7dcaec11dd5936b89206f3,409df6dd7622c17e381a362a655218bce8ee7c683d1c1ca47e5150a4b42d35f6,False,True,False,True
RXTE,PCA_PCU2_TOP_LAYER,93155-01-06-01,1a_1744_361,NS,../data/processed/validation_heasoft/reduction/93155-01-06-01/source.pha,../data/processed/validation_heasoft/reduction/93155-01-06-01/background.pha,../data/processed/validation_heasoft/reduction/93155-01-06-01/response.rsp,NOT_GENERATED,3f41d930ebcb44a59f0126fc527c24319b697057f35b420c0a332822d24b5b28,58f0dcb189892bbde30a8e7ec7856aad793d5f703d1cec03180eeb289a82f1bf,c37ca0e54d18267f51cf9044a567332a50b57a5e66a41965b00c5eb02d804414,False,True,False,True
RXTE,PCA_PCU2_TOP_LAYER,93155-01-08-00,1a_1744_361,NS,../data/processed/validation_heasoft/reduction/93155-01-08-00/source.pha,../data/processed/validation_heasoft/reduction/93155-01-08-00/background.pha,../data/processed/validation_heasoft/reduction/93155-01-08-00/response.rsp,NOT_GENERATED,88928d835b8b887cafc96176ef88c00e2b40464bdbb08279e16148e94b3d8e3d,636ddb5fc5a82444b7b395a390bb189c5fa31a912390121581028ffc2493b09a,9e66b743ca2bb561ef5b82ec3bbaf59ef697462367f21fbc7ad0110ce308ea85,False,True,False,True
RXTE,PCA_PCU2_TOP_LAYER,95416-01-01-00,1a_1744_361,NS,../data/processed/validation_heasoft/reduction/95416-01-01-00/source.pha,../data/processed/validation_heasoft/reduction/95416-01-01-00/background.pha,../data/processed/validation_heasoft/reduction/95416-01-01-00/response.rsp,NOT_GENERATED,85d24bdf015e4b6cf9229b7f228f6e92b64025ae5a88f2c4333324ea665c7d30,7fbca4bc4bdd088743cba26b26ba906fdbcbd6ff2855d49b08d1e5f612be7767,c584fdfe57f5112afa62011c0d446efd752b15fe3684f8e0286de5f94ff747b1,False,True,False,True
RXTE,PCA_PCU2_TOP_LAYER,96437-01-02-00,1a_1744_361,NS,../data/processed/validation_heasoft/reduction/96437-01-02-00/source.pha,../data/processed/validation_heasoft/reduction/96437-01-02-00/background.pha,../data/processed/validation_heasoft/reduction/96437-01-02-00/response.rsp,NOT_GENERATED,fdb8a3c99ff17e310baa6d4cc603fd2b4699010d1d49968cc90a485c50f71dcd,837befdac01dc7cea15e9d2b909497f8e51f6a6e4492f76b65ff2e5371ce8278,df54c56533b6a34521cd08fc4f3c228af76bea15a741de85e003cff5f753f43f,False,True,False,True
RXTE,PCA_PCU2_TOP_LAYER,10095-01-01-00,4u_0614_09,NS,../data/processed/validation_heasoft/reduction/10095-01-01-00/source.pha,../data/processed/validation_heasoft/reduction/10095-01-01-00/background.pha,../data/processed/validation_heasoft/reduction/10095-01-01-00/response.rsp,NOT_GENERATED,203e0bec767ed4920db42b49a716d3916e4deeffe50ef3dffb4574a007a1698f,cee93eaa7806ec623a6fd3066ac7b0f31371368940c23d948b1fbe522341276b,f87eb0d5aa20f583c4197c264b551d9f080b4dfbbf04082e8950223cc3df926e,False,True,False,True
RXTE,PCA_PCU2_TOP_LAYER,40429-01-03-01,4u_0614_09,NS,../data/processed/validation_heasoft/reduction/40429-01-03-01/source.pha,../data/processed/validation_heasoft/reduction/40429-01-03-01/background.pha,../data/processed/validation_heasoft/reduction/40429-01-03-01/response.rsp,NOT_GENERATED,9eb19b6e667e6f394cf90bd38b27d67767fed425c11e8485940b8f4c6d04c810,5db8bf3570d24ac638393ea7dcdcd4a6169f7089ed11a8f378d923cc065bc919,f2790b555a0a0429fd830202879eec3591ec19ad5c58d9b8ffa3454e4cc88766,False,True,False,True
RXTE,PCA_PCU2_TOP_LAYER,50031-01-04-08,4u_0614_09,NS,../data/processed/validation_heasoft/reduction/50031-01-04-08/source.pha,../data/processed/validation_heasoft/reduction/50031-01-04-08/background.pha,../data/processed/validation_heasoft/reduction/50031-01-04-08/response.rsp,NOT_GENERATED,a6fe1732ac6ef7ed01a61868aeb2dae3edac204f6fc7b517f3f2815ed05637f0,c94ec5c40dc2491833634c108fae2524e6cb613f33dd409501c4650644b2064a,a911b00e07d272078ff909e61a2d08ccf81b50c5aa5f495cb173e92ddeb8b9c1,False,True,False,True
RXTE,PCA_PCU2_TOP_LAYER,80051-02-01-02,4u_0614_09,NS,../data/processed/validation_heasoft/reduction/80051-02-01-02/source.pha,../data/processed/validation_heasoft/reduction/80051-02-01-02/background.pha,../data/processed/validation_heasoft/reduction/80051-02-01-02/response.rsp,NOT_GENERATED,7e209a7a4d49bf95e259b314d98dcc7aa979e44615022edb9ab56d32fcc2748b,cf3b05b3ab571f44e091260796af7b7b918280471269346ac22cbf00c90f4592,24c3e4b22842413c95edb5b6b865276d3f54caa00fceea86cd0bc9c2e671b359,False,True,False,True
RXTE,PCA_PCU2_TOP_LAYER,92411-01-01-02,4u_0614_09,NS,../data/processed/validation_heasoft/reduction/92411-01-01-02/source.pha,../data/processed/validation_heasoft/reduction/92411-01-01-02/background.pha,../data/processed/validation_heasoft/reduction/92411-01-01-02/response.rsp,NOT_GENERATED,1dbef4cd77e31cc1e87e4ba15bac2799c0afab572f59fce61a6addef58167d70,fcededf92a40cb9389b25dc30daa7f0049bbbfb842f0aac33be138bbb8a15d89,1eab37cfec89307219558fc5db8ddb6d984ceb497150f756aefbd6a97e03e5e2,False,True,False,True
RXTE,PCA_PCU2_TOP_LAYER,93404-01-07-00,4u_0614_09,NS,../data/processed/validation_heasoft/reduction/93404-01-07-00/source.pha,../data/processed/validation_heasoft/reduction/93404-01-07-00/background.pha,../data/processed/validation_heasoft/reduction/93404-01-07-00/response.rsp,NOT_GENERATED,4313009528eb84eca85715c9c4abd154c38a5b2dfb92278d384c07ac5a266040,d3cba216eeaaab45dda47fea4bd6b44d42d0e76e7e5026000d7240db52195c58,3870467581fdcea7c0cb276cca0622d0b6cc4905f3e17d866238d3651519b552,False,True,False,True
RXTE,PCA_PCU2_TOP_LAYER,95404-01-01-01,4u_0614_09,NS,../data/processed/validation_heasoft/reduction/95404-01-01-01/source.pha,../data/processed/validation_heasoft/reduction/95404-01-01-01/background.pha,../data/processed/validation_heasoft/reduction/95404-01-01-01/response.rsp,NOT_GENERATED,249f8be8fa0f0c846df7ddbfecd89812f4ebb405a8126395599b4cdca0f038d9,721f0abb75e03a45325061b1a2d2b385daa97c0106d0a5b6c6aea07169329397,34e54a461d5b8f0e16f733e3a8be30455bfaa7ace17b3d7306104e805e261656,False,True,False,True
RXTE,PCA_PCU2_TOP_LAYER,96307-01-10-00,4u_0614_09,NS,../data/processed/validation_heasoft/reduction/96307-01-10-00/source.pha,../data/processed/validation_heasoft/reduction/96307-01-10-00/background.pha,../data/processed/validation_heasoft/reduction/96307-01-10-00/response.rsp,NOT_GENERATED,c1dcbfabe8f0a38f170548073e5cf43494734cd1782802d60563801e242b6208,88d89017510c99d9bb718cf9ef6a82fdf0dbf594dad6efeeb6ad8841f5a9255f,a8b0f3d9a73bf38c9f3a37735b7ed1932fc86260d602a7183b46ec92e7f1629c,False,True,False,True
RXTE,PCA_PCU2_TOP_LAYER,90036-01-01-01,4u_1254_69,NS,../data/processed/validation_heasoft/reduction/90036-01-01-01/source.pha,../data/processed/validation_heasoft/reduction/90036-01-01-01/background.pha,../data/processed/validation_heasoft/reduction/90036-01-01-01/response.rsp,NOT_GENERATED,aa4c58c8e4fc313b9a3d02e87823b8a6df7c0f9856064bf1e28f862861b37b55,fc88a544d44087845dda4955e61b35fbfc58b85ac0e226353462dbf1688324e2,2db376e67b3ee81be9fa433c24eba51071ed61c171e912cb1be489516755a29e,False,True,False,True
RXTE,PCA_PCU2_TOP_LAYER,90036-01-01-02,4u_1254_69,NS,../data/processed/validation_heasoft/reduction/90036-01-01-02/source.pha,../data/processed/validation_heasoft/reduction/90036-01-01-02/background.pha,../data/processed/validation_heasoft/reduction/90036-01-01-02/response.rsp,NOT_GENERATED,249bf132367ab0d1c16ac73a510b74edc27de3aee8a2ed278535a9c3c06fa8da,7336cc348fe21fff96ab45aff5feaeb12beb739878d66ea23ab1712676b7292e,f6deb06436b82214bd03625a8f5cce1c19791db7e348ffef87b6956707e74ad0,False,True,False,True
RXTE,PCA_PCU2_TOP_LAYER,90036-01-01-03,4u_1254_69,NS,../data/processed/validation_heasoft/reduction/90036-01-01-03/source.pha,../data/processed/validation_heasoft/reduction/90036-01-01-03/background.pha,../data/processed/validation_heasoft/reduction/90036-01-01-03/response.rsp,NOT_GENERATED,bb2cea76f4a8799f3e8e607a1840ba37529dac516aa927b189a6e9be847ef2b3,3c0ff24a65f4900ccb5d065e1086c1f1c3941a0d97771090056f1ee40898c3a5,78f5e9cc58e7bbaa67633ff929a0b763f566d343ffae5428b68c2a58bf2b1411,False,True,False,True
RXTE,PCA_PCU2_TOP_LAYER,90036-01-02-01,4u_1254_69,NS,../data/processed/validation_heasoft/reduction/90036-01-02-01/source.pha,../data/processed/validation_heasoft/reduction/90036-01-02-01/background.pha,../data/processed/validation_heasoft/reduction/90036-01-02-01/response.rsp,NOT_GENERATED,129342819ad1f533d81882a499122c55a4b4c89127fa801d287fee70a9cdbdeb,178c4c650e204ef7f86cd7d46e6f66b178f7c5b6d34034c3bd80876d1940fa3a,4073c619b085fe502f6a8c456903657f60da3feeb054fdc8f9b42ad7f8939f29,False,True,False,True
RXTE,PCA_PCU2_TOP_LAYER,93406-13-01-00,4u_1254_69,NS,../data/processed/validation_heasoft/reduction/93406-13-01-00/source.pha,../data/processed/validation_heasoft/reduction/93406-13-01-00/background.pha,../data/processed/validation_heasoft/reduction/93406-13-01-00/response.rsp,NOT_GENERATED,05ed104c875bbcc1bcf9fd4b84ea5c2ec6203087a4a7b4de34a88b3f844a20f8,ae8e0463010b56e6d1877667c217cab3909098102acb438688e3e7a3865a14c0,794b554d672c5713ec2671725d729b213b3bfe819a8db7bc770769d35b7e29c7,False,True,False,True
RXTE,PCA_PCU2_TOP_LAYER,95324-01-01-01,4u_1254_69,NS,../data/processed/validation_heasoft/reduction/95324-01-01-01/source.pha,../data/processed/validation_heasoft/reduction/95324-01-01-01/background.pha,../data/processed/validation_heasoft/reduction/95324-01-01-01/response.rsp,NOT_GENERATED,ded6b088810f9fd0e4ed532c7645b76f1c130abc671143b82e75b1f19fe2d2fd,09260be2c5efadd041a6e4858a778ba32099434eedad83f7805612c1777c1fa3,909d80ce554d1ea328c7980e0b1cf141a4977b66e7148ccaf7ec20384233b8a9,False,True,False,True
RXTE,PCA_PCU2_TOP_LAYER,95324-01-02-00,4u_1254_69,NS,../data/processed/validation_heasoft/reduction/95324-01-02-00/source.pha,../data/processed/validation_heasoft/reduction/95324-01-02-00/background.pha,../data/processed/validation_heasoft/reduction/95324-01-02-00/response.rsp,NOT_GENERATED,f611067ec6879b0d9264df6047eae811c27e9cc47cfe845f0c6857364775ffc3,d283226a851fb8905548335df65cc98ffe6d76aad417f4c286820f288e8be39c,38c2f94ff83ebac55516d064825ec78619b5a96a00a7cc0e3c83c51b86da5bc7,False,True,False,True
RXTE,PCA_PCU2_TOP_LAYER,95324-01-02-01,4u_1254_69,NS,../data/processed/validation_heasoft/reduction/95324-01-02-01/source.pha,../data/processed/validation_heasoft/reduction/95324-01-02-01/background.pha,../data/processed/validation_heasoft/reduction/95324-01-02-01/response.rsp,NOT_GENERATED,44bc54d36d3ad78772944c0aa8a47ddef6164c95ccc6bc1b33196bf3d999a58f,dd34c9f6e856368c05b6308b2712ec2dd716b41f0e004f4c575733f1a628fa58,e45ff727b228c902a9561562bf0bf987d29aef89151c9938a2d5350931590042,False,True,False,True
RXTE,PCA_PCU2_TOP_LAYER,70133-01-26-01,4u_1543_475,BH,../data/processed/validation_heasoft/reduction/70133-01-26-01/source.pha,../data/processed/validation_heasoft/reduction/70133-01-26-01/background.pha,../data/processed/validation_heasoft/reduction/70133-01-26-01/response.rsp,NOT_GENERATED,8cd64faf7c871ff92a4ce517a8b6346d91c3af1257e65479adc519d01e920dfd,407cf5e2f47c692657c95a0d7fddf72b89d72a24d925b32fba6b9f1b2e2b3150,0da0f1cdfd930e2521e813df95a7018c22dd080f1cfd4958d6a7e966b92a6299,False,True,False,True
RXTE,PCA_PCU2_TOP_LAYER,70133-01-31-00,4u_1543_475,BH,../data/processed/validation_heasoft/reduction/70133-01-31-00/source.pha,../data/processed/validation_heasoft/reduction/70133-01-31-00/background.pha,../data/processed/validation_heasoft/reduction/70133-01-31-00/response.rsp,NOT_GENERATED,201953b9cfda48f6b8cb8b86d6770c77c0f559d88ed4f642c835a47a8e7b415d,f6ca58dde5846ff58a4c1e02dec62203d7240dfde7f9b918bce66b8201624e82,1b9938778a3f161315ca59d5a6386dd0729a94df6ab7728ecdacd38f74a676ee,False,True,False,True
RXTE,PCA_PCU2_TOP_LAYER,70124-02-06-00,4u_1543_475,BH,../data/processed/validation_heasoft/reduction/70124-02-06-00/source.pha,../data/processed/validation_heasoft/reduction/70124-02-06-00/background.pha,../data/processed/validation_heasoft/reduction/70124-02-06-00/response.rsp,NOT_GENERATED,837f49dbe8d270137ebae3340de986e819e6e52a8c9195af09de3dcf3f12e433,681c2e60803b5a08f8abeebf3cd27d61eceb65a5f8c8b6439361256395eaa6ad,7ae7aff9e282b0e91896a3f4b5ebd94043ef7bdd158d72fc6d75c7738672ef29,False,True,False,True
RXTE,PCA_PCU2_TOP_LAYER,70124-02-11-00,4u_1543_475,BH,../data/processed/validation_heasoft/reduction/70124-02-11-00/source.pha,../data/processed/validation_heasoft/reduction/70124-02-11-00/background.pha,../data/processed/validation_heasoft/reduction/70124-02-11-00/response.rsp,NOT_GENERATED,171f38e8d059f2db03d742f3a1de00ad100d6ea499efd0019aad712f7743c901,380f118cfe71cf4586024726829442d5f311ed00c5822e9a01397474e82f715b,f7ad9bc9c8b0cf129c3a6e06eba5e240689794070288b9f4b123c249faedcb60,False,True,False,True
RXTE,PCA_PCU2_TOP_LAYER,10093-01-01-01,4u_1608_522,NS,../data/processed/validation_heasoft/reduction/10093-01-01-01/source.pha,../data/processed/validation_heasoft/reduction/10093-01-01-01/background.pha,../data/processed/validation_heasoft/reduction/10093-01-01-01/response.rsp,NOT_GENERATED,c4a6b38e9d37ed3150eb08272c2be0aae8643a6fcb3eb9af758ce629ac907205,a5151d9a078e857cd2f1a94171f22a66c9b70fd06a2b8d3b39e9f6eaa6a2ddc0,61d9ff3550097b41fb2c13fe01378138a8a18129529d4a1bba04c422d9ab72bc,False,True,False,True
RXTE,PCA_PCU2_TOP_LAYER,60052-02-04-03,4u_1608_522,NS,../data/processed/validation_heasoft/reduction/60052-02-04-03/source.pha,../data/processed/validation_heasoft/reduction/60052-02-04-03/background.pha,../data/processed/validation_heasoft/reduction/60052-02-04-03/response.rsp,NOT_GENERATED,1272aed753424c18af05a5130e386a49db6048eed13ea83cfaaf2f43ca54df34,a123d41094f7dda49c5c51c44b8404e4faea7cf8a565784b640794edf847c6e6,ae98fc1ca879bb421ad09aefd785b210d4a1963c01af6cc0af0cac783d67fe8b,False,True,False,True
RXTE,PCA_PCU2_TOP_LAYER,70069-01-03-01,4u_1608_522,NS,../data/processed/validation_heasoft/reduction/70069-01-03-01/source.pha,../data/processed/validation_heasoft/reduction/70069-01-03-01/background.pha,../data/processed/validation_heasoft/reduction/70069-01-03-01/response.rsp,NOT_GENERATED,b3dae57caaa94fe9e868a10e968e186a1d4fce9831779b801d515bc38c5d5fbb,6e75653df645ab11bd8dadd2bde0f4faaef5b36dea75cb1670d9565d149bfac2,8ae35c5542be666d0b0917d96aaf7bac9b04086fd4c6b16e6ec430579a576abf,False,True,False,True
RXTE,PCA_PCU2_TOP_LAYER,92401-01-11-03,4u_1608_522,NS,../data/processed/validation_heasoft/reduction/92401-01-11-03/source.pha,../data/processed/validation_heasoft/reduction/92401-01-11-03/background.pha,../data/processed/validation_heasoft/reduction/92401-01-11-03/response.rsp,NOT_GENERATED,15612969fd3d35dc91fec0fbab481cad924687afc79d5ab85518ee17b326c0e2,45f1d7c06f09e31bde71c3b3e16bb241030f6467040e6ea8f4bcb72f782345b4,d7198dc2bcd3682abbc615971b7493a1eafaa33ac893b1c2198a7e023b760224,False,True,False,True
RXTE,PCA_PCU2_TOP_LAYER,93408-01-26-03,4u_1608_522,NS,../data/processed/validation_heasoft/reduction/93408-01-26-03/source.pha,../data/processed/validation_heasoft/reduction/93408-01-26-03/background.pha,../data/processed/validation_heasoft/reduction/93408-01-26-03/response.rsp,NOT_GENERATED,e7c5b29660596811ea698881b150de652004a242b1712aa15a112593cd2997c2,f3159506e3768dc6fba849bc957bad37f0f6ad02518e447c333a2a262d8bc517,460304d7efe20bb1843f625d6b33f1f19818c800501358dfb0e55c6647167243,False,True,False,True
RXTE,PCA_PCU2_TOP_LAYER,93408-01-66-01,4u_1608_522,NS,../data/processed/validation_heasoft/reduction/93408-01-66-01/source.pha,../data/processed/validation_heasoft/reduction/93408-01-66-01/background.pha,../data/processed/validation_heasoft/reduction/93408-01-66-01/response.rsp,NOT_GENERATED,b541c30409bc30bd89dbf108908bcf4327b7c525139c60dec68ab3b4a3595781,199cebf681c843930ff4ec9aaf5ac4dc9570585cbffcf6b8e2ccd5598a6cbf9d,0fd3997c00f71f6e42d9e2419402ab11202fa4ccdb1155d7f37ea6fd45953ea7,False,True,False,True
RXTE,PCA_PCU2_TOP_LAYER,94401-01-34-00,4u_1608_522,NS,../data/processed/validation_heasoft/reduction/94401-01-34-00/source.pha,../data/processed/validation_heasoft/reduction/94401-01-34-00/background.pha,../data/processed/validation_heasoft/reduction/94401-01-34-00/response.rsp,NOT_GENERATED,c95feff0feb71af25fb415ac937977eab3b13f1d0877817e41770e0f63cf145d,f63fe4e6ca142ea76ff59f80897a418fa371acf23fe1c7ee9d55f36204df9d33,32be06bccdebab3f7885b24350a142187fd7f2f8a634e0c43438b2ad19245511,False,True,False,True
RXTE,PCA_PCU2_TOP_LAYER,96423-01-39-02,4u_1608_522,NS,../data/processed/validation_heasoft/reduction/96423-01-39-02/source.pha,../data/processed/validation_heasoft/reduction/96423-01-39-02/background.pha,../data/processed/validation_heasoft/reduction/96423-01-39-02/response.rsp,NOT_GENERATED,09125a70c77ef86fb4e00791f3136f3a80efabaadc1c62cdd22ff334ee2af911,d8d274dbdf9d162e816452f6dcf4d50bed502b71ce723fa9346e60435fd31e0b,792953a751e9411a9cf99dc810d5878fa04204459c8f23fca61ef6a49286f084,False,True,False,True
RXTE,PCA_PCU2_TOP_LAYER,30053-02-01-00,4u_1636_536,NS,../data/processed/validation_heasoft/reduction/30053-02-01-00/source.pha,../data/processed/validation_heasoft/reduction/30053-02-01-00/background.pha,../data/processed/validation_heasoft/reduction/30053-02-01-00/response.rsp,NOT_GENERATED,3fc04dc9dd1e6bddb9be6b398fab383c2980d3f652eed71f3bdf75d4136ea77a,2c9e7a421abfe50584b78f8fc9b0d7f9686c51e744f83d08958b3db2c390d7d3,030b6e6c5952f7ea7949873ee70e4fa0a0a77aaf1d3d71a2827e61d3708aa950,False,True,False,True
RXTE,PCA_PCU2_TOP_LAYER,60032-05-15-00,4u_1636_536,NS,../data/processed/validation_heasoft/reduction/60032-05-15-00/source.pha,../data/processed/validation_heasoft/reduction/60032-05-15-00/background.pha,../data/processed/validation_heasoft/reduction/60032-05-15-00/response.rsp,NOT_GENERATED,9ab5d2d01364166913cf3125b53b338038d4f53a69f17e7c52e88e3cb1094ff7,3d4256de8b735218cb285b76cec2e457e14274bcf18639222c0d5b78b7c9f4f5,fc6f278513fdf4d7d61a15cc9a6cdcef02155deb98cc60e6cc0299db2b103aed,False,True,False,True
RXTE,PCA_PCU2_TOP_LAYER,92023-02-08-00,4u_1636_536,NS,../data/processed/validation_heasoft/reduction/92023-02-08-00/source.pha,../data/processed/validation_heasoft/reduction/92023-02-08-00/background.pha,../data/processed/validation_heasoft/reduction/92023-02-08-00/response.rsp,NOT_GENERATED,7b1a1f03502cfce6dd1fe9beb217778a8b807fd63548e2261102ba8966894235,8e397442bac3190f87ec25ebd5346794e0fa51a55ba60cb40a64c27a02e08c06,2b5f0a10789f3a7d1e632d2822abb32523d6b938ef13d69ec58abf7f82c948cf,False,True,False,True
RXTE,PCA_PCU2_TOP_LAYER,91024-01-85-10,4u_1636_536,NS,../data/processed/validation_heasoft/reduction/91024-01-85-10/source.pha,../data/processed/validation_heasoft/reduction/91024-01-85-10/background.pha,../data/processed/validation_heasoft/reduction/91024-01-85-10/response.rsp,NOT_GENERATED,2a8da1717c2bd83ad8d7d09a67bc64e9c4ea45567d368fa7908bd145c037e3c3,18d3dfb54a066feb8410314d79a71029af0c10d69bf0b5465150e22f4ad2e767,83bd2eda03fbdcd62019fba264d9c3a26323a6ec8218b65d4331c67be988f81d,False,True,False,True
RXTE,PCA_PCU2_TOP_LAYER,93087-01-36-10,4u_1636_536,NS,../data/processed/validation_heasoft/reduction/93087-01-36-10/source.pha,../data/processed/validation_heasoft/reduction/93087-01-36-10/background.pha,../data/processed/validation_heasoft/reduction/93087-01-36-10/response.rsp,NOT_GENERATED,00904f92ffb02f3ea704dd49ae5cfdadad1f8e160c07e861d68635a2290d218f,f5602e34a3a116033aace168d1ec1bc2b0a502bc750d2aec7016c1b01c4d7a57,f8776d0272683994d670c2d649b0af51891ea8630fbf608d28207975d4bbfff9,False,True,False,True
RXTE,PCA_PCU2_TOP_LAYER,94087-01-49-00,4u_1636_536,NS,../data/processed/validation_heasoft/reduction/94087-01-49-00/source.pha,../data/processed/validation_heasoft/reduction/94087-01-49-00/background.pha,../data/processed/validation_heasoft/reduction/94087-01-49-00/response.rsp,NOT_GENERATED,83987e76aa1ab8a91ffd5ba98ee0fc10c2c882d12e13ba058c105dcf62312571,2a10159b21e3aeacc92abdfb4fdddab76ba10ce031d5a54ec27ed75005a3567f,046ea44e8fa12a49a80aee88f0c516513922ce304cf779a0051473c371f62ccb,False,True,False,True
RXTE,PCA_PCU2_TOP_LAYER,95087-01-15-10,4u_1636_536,NS,../data/processed/validation_heasoft/reduction/95087-01-15-10/source.pha,../data/processed/validation_heasoft/reduction/95087-01-15-10/background.pha,../data/processed/validation_heasoft/reduction/95087-01-15-10/response.rsp,NOT_GENERATED,a1f5bb6e9f5427ab10d18346c877c7ad4ae8de6f4cd74d884bc18b6ce6463482,6fa9939f3f59afaabea51b47fb1fc83bc846a714c34c0c9ca27855baf1a66f87,cfde18e47110043cf19b50077803c27c07d5ec4271f2cc4177500466312e6fa8,False,True,False,True
RXTE,PCA_PCU2_TOP_LAYER,96087-01-84-10,4u_1636_536,NS,../data/processed/validation_heasoft/reduction/96087-01-84-10/source.pha,../data/processed/validation_heasoft/reduction/96087-01-84-10/background.pha,../data/processed/validation_heasoft/reduction/96087-01-84-10/response.rsp,NOT_GENERATED,4f99c01cf0bc4ca0ae809eca1eaa1f0039c201e1111fbfcd097b3281b53900e4,9893c30dfdfd0e00496f4ae800c9ed43972cf5776c2f26ff61b57fd7abcd7618,e72091c88ee2530478487977daa3a144833c781923d8fe7c13443fa49c92f6b5,False,True,False,True
RXTE,PCA_PCU2_TOP_LAYER,20084-02-01-00,4u_1702_429,NS,../data/processed/validation_heasoft/reduction/20084-02-01-00/source.pha,../data/processed/validation_heasoft/reduction/20084-02-01-00/background.pha,../data/processed/validation_heasoft/reduction/20084-02-01-00/response.rsp,NOT_GENERATED,325da5b1236e1b8f4a37718af2be584544ab039cc9e9faf1322ec704ca3d0f60,d6b0d8db111761aecd82d446963687de7706bd7d5654386a8745746f5bc77352,87524bcba4e042cefeb667a07507714d72478ce299c0285d0ef4e80375126e1c,False,True,False,True
RXTE,PCA_PCU2_TOP_LAYER,40025-04-02-00,4u_1702_429,NS,../data/processed/validation_heasoft/reduction/40025-04-02-00/source.pha,../data/processed/validation_heasoft/reduction/40025-04-02-00/background.pha,../data/processed/validation_heasoft/reduction/40025-04-02-00/response.rsp,NOT_GENERATED,a030ab02c7f5cd818e7b537da1d8cbf5726b3eaab09cd4ed7a94bfa521f012fe,8aa25b81c7d595ad645e228eedc3a52107134600bbc7fe0b0b13aa0e5ba458cf,fae00b0bc6079b7a29827247c40c72ead7100f77d33e68fdeb366a40bad8a141,False,True,False,True
RXTE,PCA_PCU2_TOP_LAYER,50030-01-01-03,4u_1702_429,NS,../data/processed/validation_heasoft/reduction/50030-01-01-03/source.pha,../data/processed/validation_heasoft/reduction/50030-01-01-03/background.pha,../data/processed/validation_heasoft/reduction/50030-01-01-03/response.rsp,NOT_GENERATED,fb568c73297313c648e09ceadc789dac27b0ec394c26d5b4f39ad627a70fc8e2,db19b6b2a0902b74f0ae16233280962e05c5b466de4342d9169447de489159ae,922dc45d34cf9f633fca321bf551cf86ebb26c43d3b21b20849c1190ac73b426,False,True,False,True
RXTE,PCA_PCU2_TOP_LAYER,50025-01-01-01,4u_1702_429,NS,../data/processed/validation_heasoft/reduction/50025-01-01-01/source.pha,../data/processed/validation_heasoft/reduction/50025-01-01-01/background.pha,../data/processed/validation_heasoft/reduction/50025-01-01-01/response.rsp,NOT_GENERATED,198e7d67dc1be1949c84e1001109dd91da01b2318ccc16a1122241fbf4539e52,5a38bd3304531fd14c1dcd78148b98fee938ef1ff063f7f5eb3cccacc2ef8473,36b0d7d3c3ec9c163d5f0b129a6ca92b6500fc66bb4764bc52a6e2af00364169,False,True,False,True
RXTE,PCA_PCU2_TOP_LAYER,50030-01-07-00,4u_1702_429,NS,../data/processed/validation_heasoft/reduction/50030-01-07-00/source.pha,../data/processed/validation_heasoft/reduction/50030-01-07-00/background.pha,../data/processed/validation_heasoft/reduction/50030-01-07-00/response.rsp,NOT_GENERATED,a170bff76601b7fd9c38efd7a2cbef513af317578968d2f382f6464d52f4e7db,77260c9d3e0af62fb2a17021c9528b5ebdcdf1a5fd9990cda19bbe81618d0fa4,7bccaf36ae0db80954e362d1a2321a595d62e8295f97371c0f01208b3492a6d1,False,True,False,True
RXTE,PCA_PCU2_TOP_LAYER,50030-01-10-00,4u_1702_429,NS,../data/processed/validation_heasoft/reduction/50030-01-10-00/source.pha,../data/processed/validation_heasoft/reduction/50030-01-10-00/background.pha,../data/processed/validation_heasoft/reduction/50030-01-10-00/response.rsp,NOT_GENERATED,5321887a31db8a01d6666d982aead19d0e35379b3efa5daaadf6cbf7c908ae51,bc76b5274b407b52b3faf258af0f783e7f064a6c072f1666c5d93e22da7f09c9,be8fca584318452d5aa2bae603a112165d9d113ded11d120f56c0cc60976883e,False,True,False,True
RXTE,PCA_PCU2_TOP_LAYER,50030-01-13-01,4u_1702_429,NS,../data/processed/validation_heasoft/reduction/50030-01-13-01/source.pha,../data/processed/validation_heasoft/reduction/50030-01-13-01/background.pha,../data/processed/validation_heasoft/reduction/50030-01-13-01/response.rsp,NOT_GENERATED,67c85a440372b7871b881f562c1299a5d0bfc23fd227f55350f0ab6ee87302c9,c5a03ece1ef273932aad36e1d8b1a52edc97b67ac11934c886a866e6a13248b6,7f8959de8b259f928af7b570eafe60f5038a088333b98218d0539460f97cfdf2,False,True,False,True
RXTE,PCA_PCU2_TOP_LAYER,94415-01-02-01,4u_1702_429,NS,../data/processed/validation_heasoft/reduction/94415-01-02-01/source.pha,../data/processed/validation_heasoft/reduction/94415-01-02-01/background.pha,../data/processed/validation_heasoft/reduction/94415-01-02-01/response.rsp,NOT_GENERATED,042d3e24bd19be24ee105ef61f0b98b144247304ccce7c55490308fe0957b192,345e8549ec5e844a22bd3a64cd4c5668403412d26bc0dca91b997c24c4974e41,3b954cfa86f19481418d38cc2cdd7b9084f100ba42f1b8decfe9df37a69b0c7d,False,True,False,True
RXTE,PCA_PCU2_TOP_LAYER,70038-01-01-00,4u_1705_44,NS,../data/processed/validation_heasoft/reduction/70038-01-01-00/source.pha,../data/processed/validation_heasoft/reduction/70038-01-01-00/background.pha,../data/processed/validation_heasoft/reduction/70038-01-01-00/response.rsp,NOT_GENERATED,9891bd3a0c9af658a911293472d7577c25294f3428fdb032dcc3a560d4cf69ad,1f28a4c35037b99abff6c14c142643a778da67a2e9255d7401f3fd5398205a98,ff1438d946ce74bfaf37e67eb9a3b527428915833b0e4ca31ba3e2ae406560a7,False,True,False,True
RXTE,PCA_PCU2_TOP_LAYER,91039-01-02-61,4u_1705_44,NS,../data/processed/validation_heasoft/reduction/91039-01-02-61/source.pha,../data/processed/validation_heasoft/reduction/91039-01-02-61/background.pha,../data/processed/validation_heasoft/reduction/91039-01-02-61/response.rsp,NOT_GENERATED,a00d2c7140b19cf6e25bafb6664d3a858267ebc077f6cc5fcf18612228204f25,3bab8e55c9dcd5e387e891f14cd4c986789f25dad9b3bb7285bbe8a9b95ad339,e922dda46031e737dd13c75536142348319a8b2f1f12da193a5fb5e2f9bcb618,False,True,False,True
RXTE,PCA_PCU2_TOP_LAYER,93060-01-58-00,4u_1705_44,NS,../data/processed/validation_heasoft/reduction/93060-01-58-00/source.pha,../data/processed/validation_heasoft/reduction/93060-01-58-00/background.pha,../data/processed/validation_heasoft/reduction/93060-01-58-00/response.rsp,NOT_GENERATED,4edb372ac1564c9dedab7e01028beca74cb82b323396d0a47a50c8610a33e489,cdbb8ff0d823f9bac4421c84710b23f5fbc4167380721173b9da195278bf34f5,28b33b9eb7f71cb336909e074a6eed4db3e729529b13a9935ce6ef50442b3348,False,True,False,True
RXTE,PCA_PCU2_TOP_LAYER,93060-01-14-10,4u_1705_44,NS,../data/processed/validation_heasoft/reduction/93060-01-14-10/source.pha,../data/processed/validation_heasoft/reduction/93060-01-14-10/background.pha,../data/processed/validation_heasoft/reduction/93060-01-14-10/response.rsp,NOT_GENERATED,aeb760245a7143c882da07c8c26bf21710867cc8a16865ace3b6c077ea0b3076,ccef9c77e08528d2c022047972a89562bc6c25be7b1c79b543257acbb2f98062,e7bb63a1ab538d362c281580dd1ab65ced274e6a5b417dbabab99637bc2ae186,False,True,False,True
RXTE,PCA_PCU2_TOP_LAYER,94060-01-46-00,4u_1705_44,NS,../data/processed/validation_heasoft/reduction/94060-01-46-00/source.pha,../data/processed/validation_heasoft/reduction/94060-01-46-00/background.pha,../data/processed/validation_heasoft/reduction/94060-01-46-00/response.rsp,NOT_GENERATED,e6d6c27c591fa76cd095cc53433692a043aafaa45f5f71fcc409683f43a25c7d,9d0616dd5cb102b7a45a2823a56e3b443959311d4b3ce66040d4926df50ab5ee,89f8631d55e71e060a59695ea2e8d6915d8e2d597f28ca558411fc73f56a7bb2,False,True,False,True
RXTE,PCA_PCU2_TOP_LAYER,95060-01-36-00,4u_1705_44,NS,../data/processed/validation_heasoft/reduction/95060-01-36-00/source.pha,../data/processed/validation_heasoft/reduction/95060-01-36-00/background.pha,../data/processed/validation_heasoft/reduction/95060-01-36-00/response.rsp,NOT_GENERATED,d575f134dd0bb4212315cbb273701741e4468526fa9e663624066be57c966bb6,746a9c3063d732a211bf59511cba254f5323791d6e329158267f84a5a8d3df93,959581328c960d89e52df161ee963b3c890385f395fd9ec4d3de7bc689cb17d5,False,True,False,True
RXTE,PCA_PCU2_TOP_LAYER,96060-01-23-00,4u_1705_44,NS,../data/processed/validation_heasoft/reduction/96060-01-23-00/source.pha,../data/processed/validation_heasoft/reduction/96060-01-23-00/background.pha,../data/processed/validation_heasoft/reduction/96060-01-23-00/response.rsp,NOT_GENERATED,ca08343a8a30f7169c1ac16b6006cceb5f295aa1bfc01e6cecabc877309b859b,88166caff7478f8154b66942b606fd2494fea0cfd9261eec39e526b2263d2d6a,dec06d250c3943daa604f02195fd6583eb8452399147535e433275a3ad847bd8,False,True,False,True
RXTE,PCA_PCU2_TOP_LAYER,96060-01-78-00,4u_1705_44,NS,../data/processed/validation_heasoft/reduction/96060-01-78-00/source.pha,../data/processed/validation_heasoft/reduction/96060-01-78-00/background.pha,../data/processed/validation_heasoft/reduction/96060-01-78-00/response.rsp,NOT_GENERATED,d069c883237c4a982e2d360b039592b09c66287c744eb427306e9fdeb99abeb7,4c4d001d174eaa11d2cbf1882f5b85fffe270b038d28d297207bfb7cf314ff4d,b10d81c89ed262455142077d895e128eaf3f8fea303418d3185d8c08097525ff,False,True,False,True
RXTE,PCA_PCU2_TOP_LAYER,10410-01-01-00,4u_1728_34,NS,../data/processed/validation_heasoft/reduction/10410-01-01-00/source.pha,../data/processed/validation_heasoft/reduction/10410-01-01-00/background.pha,../data/processed/validation_heasoft/reduction/10410-01-01-00/response.rsp,NOT_GENERATED,a50ae90d87d6d72b17e20f8bdf97262042afa690d297956c39cd8fac1ca4ae30,b17dfc0340c2b35acc5804da8cd20bddd333885c514dc8b1e17f87ccf816c53d,204cab3ba882facce06fd805f3dd05cf74089f9cfe08986c0227fee4cc0c4c42,False,True,False,True
RXTE,PCA_PCU2_TOP_LAYER,40033-06-02-05,4u_1728_34,NS,../data/processed/validation_heasoft/reduction/40033-06-02-05/source.pha,../data/processed/validation_heasoft/reduction/40033-06-02-05/background.pha,../data/processed/validation_heasoft/reduction/40033-06-02-05/response.rsp,NOT_GENERATED,51de8f3d28a7927a5d8e1b2b8f1b757fc79612d0fe3841617865f6afd6b5ed7c,9d9f2df71acbdb14ad82bd7da89ce757568c9a3b715dd8a34de281ab47ae3f00,90ece7681576c9e94d413111f0935dde4e9c32e1d0836e9fbfe3f635b9a90c10,False,True,False,True
RXTE,PCA_PCU2_TOP_LAYER,50023-01-19-00,4u_1728_34,NS,../data/processed/validation_heasoft/reduction/50023-01-19-00/source.pha,../data/processed/validation_heasoft/reduction/50023-01-19-00/background.pha,../data/processed/validation_heasoft/reduction/50023-01-19-00/response.rsp,NOT_GENERATED,569c684815978aa43bf225151e7fc1ad1d500a2d5de48160ae0a912ed177756c,879f1b2cfdf35b69977fda4bed1481b1a49c97b1a1206b7610fd5a5c51c59ded,b4fc4b508c575d3a03ac556ee59ec6aa97c57b8727815387b4d14608496abe86,False,True,False,True
RXTE,PCA_PCU2_TOP_LAYER,70028-01-01-08,4u_1728_34,NS,../data/processed/validation_heasoft/reduction/70028-01-01-08/source.pha,../data/processed/validation_heasoft/reduction/70028-01-01-08/background.pha,../data/processed/validation_heasoft/reduction/70028-01-01-08/response.rsp,NOT_GENERATED,9c812122f6c30bca8b0c0d02688ed476b53ccf957f763295386be6e2bb23254f,09683d5a58f6550d75596f30dfcd65e0d9734d760138de00fce809be6838012d,bd59de0059d513654643d48b76c2c8f567bc8f1072c2a8f93f67d3b1b3294609,False,True,False,True
RXTE,PCA_PCU2_TOP_LAYER,92023-03-52-00,4u_1728_34,NS,../data/processed/validation_heasoft/reduction/92023-03-52-00/source.pha,../data/processed/validation_heasoft/reduction/92023-03-52-00/background.pha,../data/processed/validation_heasoft/reduction/92023-03-52-00/response.rsp,NOT_GENERATED,573500720e467ed425d14e4d1d186a93f8de9a780c04b88942b33a32c136c68a,e0d696f2d75acf8e4a8d7141ec406fd51761555ed57588c76eb9de229bfefc3d,dd718be5dfd12f658f8668ad46493d9a58defdc51d0609bf3b3c72868c6e2327,False,True,False,True
RXTE,PCA_PCU2_TOP_LAYER,92023-03-22-10,4u_1728_34,NS,../data/processed/validation_heasoft/reduction/92023-03-22-10/source.pha,../data/processed/validation_heasoft/reduction/92023-03-22-10/background.pha,../data/processed/validation_heasoft/reduction/92023-03-22-10/response.rsp,NOT_GENERATED,f77fa1c20c7f8ffa18a5af9cf4c28387d1136ee2a11790b59041314e26d8187d,a9457f54ace5465cc7879153badd00dbd377cafca465bcb1332f9c063c830e3e,51994526b1d64100a51b3f5d4a32c5639f4a09ecfd7ec28557f71862ac58aacb,False,True,False,True
RXTE,PCA_PCU2_TOP_LAYER,92023-03-68-00,4u_1728_34,NS,../data/processed/validation_heasoft/reduction/92023-03-68-00/source.pha,../data/processed/validation_heasoft/reduction/92023-03-68-00/background.pha,../data/processed/validation_heasoft/reduction/92023-03-68-00/response.rsp,NOT_GENERATED,cc59461654e68231f98b7414152342506b09e8c4db4db1049af13ce4882d2b9e,94f43bf5760a6512fc3f70d3daf7c308b1794d8825aaa3e3bf17dba7c58538e1,017e1e6e863b7410f0d83e0cc82a3667c0fc2c84756c9d81d32bd621acbb2e47,False,True,False,True
RXTE,PCA_PCU2_TOP_LAYER,96322-01-05-00,4u_1728_34,NS,../data/processed/validation_heasoft/reduction/96322-01-05-00/source.pha,../data/processed/validation_heasoft/reduction/96322-01-05-00/background.pha,../data/processed/validation_heasoft/reduction/96322-01-05-00/response.rsp,NOT_GENERATED,caf59a99d650de1ba98c62878e4ef1f3bf3a141766dafa3ec08b030e29f0c442,b72cd4ab39ae5677241e04d1782a57708902c0383407e0bd2951439072eae642,6f5654a51da23ebddb6775540df865cbb3ebb8076154c56f27e5e42553c11f63,False,True,False,True
RXTE,PCA_PCU2_TOP_LAYER,20084-01-01-00,4u_1735_444,NS,../data/processed/validation_heasoft/reduction/20084-01-01-00/source.pha,../data/processed/validation_heasoft/reduction/20084-01-01-00/background.pha,../data/processed/validation_heasoft/reduction/20084-01-01-00/response.rsp,NOT_GENERATED,d820d15258c0662ef9e860f8314e104670747045cd682c2f0553889532cc6c90,e8c9aa304d967801f9bca19b56865b6a02cb735385efd10cf10aee38a3ff393f,ce8ffd7324e577f0117cd6b77aa46b42ffe0c1463fe4799c9d079c68df129c8a,False,True,False,True
RXTE,PCA_PCU2_TOP_LAYER,40030-02-09-01,4u_1735_444,NS,../data/processed/validation_heasoft/reduction/40030-02-09-01/source.pha,../data/processed/validation_heasoft/reduction/40030-02-09-01/background.pha,../data/processed/validation_heasoft/reduction/40030-02-09-01/response.rsp,NOT_GENERATED,4fd43905a31c3f10ff6c76294e3ec344f12c0b13678df0afd4fa1206db346080,cef7cbab33bebde3544f46cb1624932f568f7792e48b3737e98253a4faaaf755,e9dda81c9553a1b3cbc172da8ccd2e040f8bc5fe9c453a86e0245ce7e9b368ee,False,True,False,True
RXTE,PCA_PCU2_TOP_LAYER,50026-01-01-03,4u_1735_444,NS,../data/processed/validation_heasoft/reduction/50026-01-01-03/source.pha,../data/processed/validation_heasoft/reduction/50026-01-01-03/background.pha,../data/processed/validation_heasoft/reduction/50026-01-01-03/response.rsp,NOT_GENERATED,89c85a89e2a00d2d01aa773d1e624aed689472032dea262fc55e1c46fd68541e,f639efe55e9aa9c9969eb267126152f0b7df52755c5c461eaebf760ea674313a,1252642ec822dee02954157a4f59e4c79058bc75ac2e0e2411ac3217c8c238f8,False,True,False,True
RXTE,PCA_PCU2_TOP_LAYER,91025-01-04-06,4u_1735_444,NS,../data/processed/validation_heasoft/reduction/91025-01-04-06/source.pha,../data/processed/validation_heasoft/reduction/91025-01-04-06/background.pha,../data/processed/validation_heasoft/reduction/91025-01-04-06/response.rsp,NOT_GENERATED,6c1ada1764019077fe4fd93c478c8c7df890641b701e0f23b5ea1601406da263,b054a1fd00976e968686b5ac7bec6701283d1393c019dff8f528b4426204b4ff,ebbadf8cfd61327c42c6779b78cf372b4df65194d72a6cb26d0a1679e7f0d0fe,False,True,False,True
RXTE,PCA_PCU2_TOP_LAYER,91025-01-08-05,4u_1735_444,NS,../data/processed/validation_heasoft/reduction/91025-01-08-05/source.pha,../data/processed/validation_heasoft/reduction/91025-01-08-05/background.pha,../data/processed/validation_heasoft/reduction/91025-01-08-05/response.rsp,NOT_GENERATED,fb909b92c977e583a71d6f8b27641ec2699990557d9ecbacf6c86da6f30e0bf3,96e1ea427e82268e48e4c0b7dd7d33f0e1509661f74316f316476b7d6fb2768a,fcb4eecbf8b843e6ed063fe30d9844adca64e9be98a6613f220e46954b0ff657,False,True,False,True
RXTE,PCA_PCU2_TOP_LAYER,91025-01-09-18,4u_1735_444,NS,../data/processed/validation_heasoft/reduction/91025-01-09-18/source.pha,../data/processed/validation_heasoft/reduction/91025-01-09-18/background.pha,../data/processed/validation_heasoft/reduction/91025-01-09-18/response.rsp,NOT_GENERATED,e800d6d3f3363426d568e682fad7e143d00950f040bf2894693fe55493027ec2,7da01ab94dd68bc4287a1e9cd6d8d653ad9e59103dce0c48bbab4af8b2151347,011af07bd0144a12a15f6e222302c4be2f6f9c064a07c48521ac1e3b26b79e8f,False,True,False,True
RXTE,PCA_PCU2_TOP_LAYER,93200-01-01-04,4u_1735_444,NS,../data/processed/validation_heasoft/reduction/93200-01-01-04/source.pha,../data/processed/validation_heasoft/reduction/93200-01-01-04/background.pha,../data/processed/validation_heasoft/reduction/93200-01-01-04/response.rsp,NOT_GENERATED,9a41afa526ba0d684450a7744a6df5e80364d75ff9b7a4a860db64fffb62a493,d654c4975b22a8bac945649ff6d141e2e86dd0b4eaddbc5a64d20f07366753e4,caa37cd534b45d700315486260215933ecb2ee517c3f572b593e45ba7710f5d2,False,True,False,True
RXTE,PCA_PCU2_TOP_LAYER,96331-01-03-02,4u_1735_444,NS,../data/processed/validation_heasoft/reduction/96331-01-03-02/source.pha,../data/processed/validation_heasoft/reduction/96331-01-03-02/background.pha,../data/processed/validation_heasoft/reduction/96331-01-03-02/response.rsp,NOT_GENERATED,daeccbbaf0cb3bdcf0ce84c00389492c90ffed6df38cb262485c606120555904,4c4bf8b9e2562973bce18d200c9bd17a05acc94fe555f938df473a1a2fe410b8,150cc7373173e30893d1306e74513e7d9f066dfb24aee37f89164c8222152aca,False,True,False,True
RXTE,PCA_PCU2_TOP_LAYER,70050-01-01-01,4u_1746_37,NS,../data/processed/validation_heasoft/reduction/70050-01-01-01/source.pha,../data/processed/validation_heasoft/reduction/70050-01-01-01/background.pha,../data/processed/validation_heasoft/reduction/70050-01-01-01/response.rsp,NOT_GENERATED,7530414716ef2000474034a9f5a07ba90a9e2984fde8679d173701218a29b6ac,97aaaa68bf4df30a06117ecff5dcec35c61fd01aae0ca7168df317cf5acecc64,d9d348cebe5d8eed321d8c65e6258ed61bd53922ee4809e6f8fce9e38f9d2379,False,True,False,True
RXTE,PCA_PCU2_TOP_LAYER,70050-01-01-05,4u_1746_37,NS,../data/processed/validation_heasoft/reduction/70050-01-01-05/source.pha,../data/processed/validation_heasoft/reduction/70050-01-01-05/background.pha,../data/processed/validation_heasoft/reduction/70050-01-01-05/response.rsp,NOT_GENERATED,10664c54f1e8951fccb2e3c6d5efda2a06eab22d5d1a732e46da058fd0dca959,3cebdc9d88b5de810a501e83593e60d8c68507870b278a2aacf7df48606ee008,53151dfa6572e332f1eb93985abeb67c6f6a913982900c7562967c77d3648ea3,False,True,False,True
RXTE,PCA_PCU2_TOP_LAYER,70050-01-01-04,4u_1746_37,NS,../data/processed/validation_heasoft/reduction/70050-01-01-04/source.pha,../data/processed/validation_heasoft/reduction/70050-01-01-04/background.pha,../data/processed/validation_heasoft/reduction/70050-01-01-04/response.rsp,NOT_GENERATED,5e9c039a75236846210d79de36ccac1cd5d572ad3bc4d97070a197058dc7e946,787941346d4f4c4c59a227c67909a461144163aacabaf89147b029fb5e8dce74,9cb53b517b6011fddf64a83f6db6378f6c71235c2045d3130cb9c2891f5ac830,False,True,False,True
RXTE,PCA_PCU2_TOP_LAYER,70050-01-01-07,4u_1746_37,NS,../data/processed/validation_heasoft/reduction/70050-01-01-07/source.pha,../data/processed/validation_heasoft/reduction/70050-01-01-07/background.pha,../data/processed/validation_heasoft/reduction/70050-01-01-07/response.rsp,NOT_GENERATED,5607518994c6305bcf1c4e325959f4f69c183ec30755e54158e414787b03e919,5c136df68777e4cb4e54714b0caa00bf9ab1640c1252ab917fd4d405ba295574,344590d14e91ebad6397d4cca67ee92cf1f07cd2baafe44d3bb2e595f2c6c1e6,False,True,False,True
RXTE,PCA_PCU2_TOP_LAYER,70050-01-01-09,4u_1746_37,NS,../data/processed/validation_heasoft/reduction/70050-01-01-09/source.pha,../data/processed/validation_heasoft/reduction/70050-01-01-09/background.pha,../data/processed/validation_heasoft/reduction/70050-01-01-09/response.rsp,NOT_GENERATED,4a03df4e6f7965f6325afe6c3b57c24f822f7a26b89f4e6e38e67b273be4caf9,8218c5253973875ed8760a73a8d186b65af96b138cf16ed7049cb77d14db75d7,e66f10c1ae17eaf802ad910ebdef017778718d1019bcfd060877fff03e8b2034,False,True,False,True
RXTE,PCA_PCU2_TOP_LAYER,90044-01-01-00,4u_1746_37,NS,../data/processed/validation_heasoft/reduction/90044-01-01-00/source.pha,../data/processed/validation_heasoft/reduction/90044-01-01-00/background.pha,../data/processed/validation_heasoft/reduction/90044-01-01-00/response.rsp,NOT_GENERATED,184d17d99848b222e91e1e4c3a46c14a2a5cd15e6a7e8b17978c593e746ca90c,a31019b8e597d1ad37ff9f6700c500df20797b71f88d28035ffb781a4406b4d1,82f9fd319e03f52607ea977891c32caa98b4bc9bb0081da5ed37b2abae288c56,False,True,False,True
RXTE,PCA_PCU2_TOP_LAYER,90044-01-03-00,4u_1746_37,NS,../data/processed/validation_heasoft/reduction/90044-01-03-00/source.pha,../data/processed/validation_heasoft/reduction/90044-01-03-00/background.pha,../data/processed/validation_heasoft/reduction/90044-01-03-00/response.rsp,NOT_GENERATED,266f2eae92848560f631ebeb431b9c135f5e7ec530b47d8d4d43ab3e2e1704b9,1918e63a23de4217ce20667f476c4e87a7d8e7940b34cf9815436700e39507bc,6571fdde4dbeb66c0b95921f4c2dbe29cd4f4c33dbd61399a75891037273b760,False,True,False,True
RXTE,PCA_PCU2_TOP_LAYER,91037-15-01-00,4u_1746_37,NS,../data/processed/validation_heasoft/reduction/91037-15-01-00/source.pha,../data/processed/validation_heasoft/reduction/91037-15-01-00/background.pha,../data/processed/validation_heasoft/reduction/91037-15-01-00/response.rsp,NOT_GENERATED,992d893d2d0bc7ec7bd62a44bea2d66ff9971fb0eaf1eb7f83ee699eb45bcb5f,e0392a0279a64ac3e2af8a6f32bf7ba9591ef3ee2a934c752fd147a0c232579f,396dff545734c4017f110f2eb118a76db8a6f051fb18959138542cac26d29d14,False,True,False,True
RXTE,PCA_PCU2_TOP_LAYER,20098-03-01-00,aql_x_1,NS,../data/processed/validation_heasoft/reduction/20098-03-01-00/source.pha,../data/processed/validation_heasoft/reduction/20098-03-01-00/background.pha,../data/processed/validation_heasoft/reduction/20098-03-01-00/response.rsp,NOT_GENERATED,65848bb4afb2d26aad9fde493203e87f3be85a6b87c658126f58a650be71b7a4,1ccf0647373882cde5b31e8f22b1d58ad5a5dccb1e1fe33ff4e2384e28047351,fe4167c70347b8fbf59e9e028fcde8e5d6f68489c85cf73c6b1f2e90e5156d74,False,True,False,True
RXTE,PCA_PCU2_TOP_LAYER,30073-05-01-00,aql_x_1,NS,../data/processed/validation_heasoft/reduction/30073-05-01-00/source.pha,../data/processed/validation_heasoft/reduction/30073-05-01-00/background.pha,../data/processed/validation_heasoft/reduction/30073-05-01-00/response.rsp,NOT_GENERATED,d28cc4361c9e72d37bd8bf0645eebeb4a3f7e54fcac5047fbc40cda276ddf5d2,f51c035f266e186ccb83f3a637b899f94932d50c6affd4e89df03258e43b6f2b,f46291b826b582206636c0f4e705df282f3d10af7bce20f0cfac85d6055d8059,False,True,False,True
RXTE,PCA_PCU2_TOP_LAYER,50049-01-05-01,aql_x_1,NS,../data/processed/validation_heasoft/reduction/50049-01-05-01/source.pha,../data/processed/validation_heasoft/reduction/50049-01-05-01/background.pha,../data/processed/validation_heasoft/reduction/50049-01-05-01/response.rsp,NOT_GENERATED,215ceee6a1c413133f787bb888efc7a9731d8e32738e8c9c0a7e6959857073c0,1f0371c01904ca4b6586f90376dc21b4f4dd6b1d7377ce4705a38388086f6df8,b4bc663af511164c13426a66759f566cacb96d980652a969a21e556c79f64fb9,False,True,False,True
RXTE,PCA_PCU2_TOP_LAYER,70069-03-02-03,aql_x_1,NS,../data/processed/validation_heasoft/reduction/70069-03-02-03/source.pha,../data/processed/validation_heasoft/reduction/70069-03-02-03/background.pha,../data/processed/validation_heasoft/reduction/70069-03-02-03/response.rsp,NOT_GENERATED,38e448df7543b67205f9f2f5993cf0da34fdaacbdd4dfc1f3baff7135008257f,e61938042986f1d3e5d640478c7e3123fb77de5c36356c5219b9cb6887706667,a9e67d5594046dcaaa31fe522264a1659af7f6a907e1655866a1ee2d098b4ad9,False,True,False,True
RXTE,PCA_PCU2_TOP_LAYER,91028-01-01-00,aql_x_1,NS,../data/processed/validation_heasoft/reduction/91028-01-01-00/source.pha,../data/processed/validation_heasoft/reduction/91028-01-01-00/background.pha,../data/processed/validation_heasoft/reduction/91028-01-01-00/response.rsp,NOT_GENERATED,81d10219814e6d31a28a85e57ed7689fb961a2e9bcaa84cafca91cb220641912,1bf4b4187db7c000d2d0a8be18d97a797e4d8650f9c42585946dbcc4c9acdb4f,02766e134bef739b4ca2c8c4580ffbd95a186d5ccfa7b30fa584aa1ee204c54c,False,True,False,True
RXTE,PCA_PCU2_TOP_LAYER,93076-01-09-00,aql_x_1,NS,../data/processed/validation_heasoft/reduction/93076-01-09-00/source.pha,../data/processed/validation_heasoft/reduction/93076-01-09-00/background.pha,../data/processed/validation_heasoft/reduction/93076-01-09-00/response.rsp,NOT_GENERATED,be9bb8440b38cf0cb1871de4d2b8d702a681bba2a91f5eabd5980ad00e6d10bf,a0e8218fb2aee164f1bb6d7d7c269a13e6a621a904fc39dfcaae27f566af153c,6e1f5a0aee5546b185bfc99b74f91498d0ef8abf3a5c5b62598547f5ab5cd379,False,True,False,True
RXTE,PCA_PCU2_TOP_LAYER,94441-01-01-02,aql_x_1,NS,../data/processed/validation_heasoft/reduction/94441-01-01-02/source.pha,../data/processed/validation_heasoft/reduction/94441-01-01-02/background.pha,../data/processed/validation_heasoft/reduction/94441-01-01-02/response.rsp,NOT_GENERATED,2435798c05c4f68e5b0718952b3de18652613dafa00e32b5832acc9f5433750d,898d540432bd94a4ff62ad424b22631e4f3cae75713bf1bb4a8fb745d8c181b1,14f8f205bed7f7518f2d7a6c7afbcc621f10412d4ab13746ddff7f5d9fb2b285,False,True,False,True
RXTE,PCA_PCU2_TOP_LAYER,96440-01-08-06,aql_x_1,NS,../data/processed/validation_heasoft/reduction/96440-01-08-06/source.pha,../data/processed/validation_heasoft/reduction/96440-01-08-06/background.pha,../data/processed/validation_heasoft/reduction/96440-01-08-06/response.rsp,NOT_GENERATED,bbfed525352d17e20eff3f95432693536a04d6089411816bd82319b71ce6e66c,60aeb8f07537761037c358708a052f16716f789ccc4f22aa9869e546f4dcffcd,6f68d190fc0874960fe24e539f3e7ed80c2b118df8d3b54807b459ee800035c8,False,True,False,True
RXTE,PCA_PCU2_TOP_LAYER,20053-04-01-01,cyg_x_2,NS,../data/processed/validation_heasoft/reduction/20053-04-01-01/source.pha,../data/processed/validation_heasoft/reduction/20053-04-01-01/background.pha,../data/processed/validation_heasoft/reduction/20053-04-01-01/response.rsp,NOT_GENERATED,13d32a897f82aff1e6b2626a36d7a95c5e8078171c77a24ca6d5815995b0e1cf,c015004cd23c3323b2d710475cad8c3a1d040b916d9b200e374749f32366210e,6bbfb9fa871a458570f47a6f41a950fc51b415ad5ee38d412a922735a9baabe7,False,True,False,True
RXTE,PCA_PCU2_TOP_LAYER,40017-02-16-06,cyg_x_2,NS,../data/processed/validation_heasoft/reduction/40017-02-16-06/source.pha,../data/processed/validation_heasoft/reduction/40017-02-16-06/background.pha,../data/processed/validation_heasoft/reduction/40017-02-16-06/response.rsp,NOT_GENERATED,d69194aeeba4f5dfbab3d262eb6bd706980dede97516e6df57e48b5428b8287b,83d3ede4aeb3666ec87f3134c492029a7f5fc2f6b5254358aca7324c853148dd,4c5bac50e9f144dc7a49ec356297a95b766c3f30fe56eb17d3080c3dfa6ae879,False,True,False,True
RXTE,PCA_PCU2_TOP_LAYER,70014-02-02-00,cyg_x_2,NS,../data/processed/validation_heasoft/reduction/70014-02-02-00/source.pha,../data/processed/validation_heasoft/reduction/70014-02-02-00/background.pha,../data/processed/validation_heasoft/reduction/70014-02-02-00/response.rsp,NOT_GENERATED,7ecfbd7c630cb4d036516de3de09abce442c6a8e27df6896f2bda83884d487e3,e74b85a191d55e102980fb4b66f2ea930e12af91bc91c951ae88329aa9698052,ebf66b6458a4dece4c096b8d27f9276e738b42e1c4918601ea6f22659e483ff1,False,True,False,True
RXTE,PCA_PCU2_TOP_LAYER,90030-01-53-00,cyg_x_2,NS,../data/processed/validation_heasoft/reduction/90030-01-53-00/source.pha,../data/processed/validation_heasoft/reduction/90030-01-53-00/background.pha,../data/processed/validation_heasoft/reduction/90030-01-53-00/response.rsp,NOT_GENERATED,8a024286046bdf1245494a259595d95c23be5d96eee5c52130151c2458239b91,37aecbd6b836c4e18745fd0ffc43a18e3e70e07b621cd986bbe60a6cc89a4d81,92d2cd5fa9276a0c92430c864a3a67c59a4fd4dd925f47e5650d4155aa97d733,False,True,False,True
RXTE,PCA_PCU2_TOP_LAYER,91010-01-01-05,cyg_x_2,NS,../data/processed/validation_heasoft/reduction/91010-01-01-05/source.pha,../data/processed/validation_heasoft/reduction/91010-01-01-05/background.pha,../data/processed/validation_heasoft/reduction/91010-01-01-05/response.rsp,NOT_GENERATED,16a391a418d27a5821c358e82b4411ed638ca86007528f5d5f85b9f1eccf498b,aef0724bccdac365e0cb502e6b00a63adf17ae8d567958926a9a1470517704eb,5d2fa1d732177890430357631dd472a61d7b8e33565793ff728bdbe8016a446a,False,True,False,True
RXTE,PCA_PCU2_TOP_LAYER,90030-01-95-00,cyg_x_2,NS,../data/processed/validation_heasoft/reduction/90030-01-95-00/source.pha,../data/processed/validation_heasoft/reduction/90030-01-95-00/background.pha,../data/processed/validation_heasoft/reduction/90030-01-95-00/response.rsp,NOT_GENERATED,401dd6ac68ee78a6202397a73a6cc47587903c9735f3eada599bf7dc87b306c5,6109ae2e68bd46fe2097e90d66d1e110d18b24e9b9e82308e17eb4137f3a440a,46ab426cc665138b7bb55e8310b70263d94dd70fe383877bd0025f0cf34171ad,False,True,False,True
RXTE,PCA_PCU2_TOP_LAYER,95345-01-42-00,cyg_x_2,NS,../data/processed/validation_heasoft/reduction/95345-01-42-00/source.pha,../data/processed/validation_heasoft/reduction/95345-01-42-00/background.pha,../data/processed/validation_heasoft/reduction/95345-01-42-00/response.rsp,NOT_GENERATED,6b5605210d2505523abe314a90d6c3e20ab556e2a5d134bb43a49754af52b93d,2c04012943b8f416598efa9aed1ebe47a1c576884b071828525d7299f35d7387,4c47a357853967120e70d62b24fa39ccf2bb62f7a93b74ced2962d38fe3beeda,False,True,False,True
RXTE,PCA_PCU2_TOP_LAYER,90058-16-05-00,gro_j1655_40,BH,../data/processed/validation_heasoft/reduction/90058-16-05-00/source.pha,../data/processed/validation_heasoft/reduction/90058-16-05-00/background.pha,../data/processed/validation_heasoft/reduction/90058-16-05-00/response.rsp,NOT_GENERATED,d7a8a3356a20ec4829414fd58761417bfb17898e40b8d91cd99041d2482a0bb2,b796c252986c77e7ab4b361cd57a250ce7e0e8c9ca671569202ff699aae546b7,3136d8a69001b07eeda09875a7345f8222f367e853c0d24f9e38c8ad350dee65,False,True,False,True
RXTE,PCA_PCU2_TOP_LAYER,91702-01-71-04,gro_j1655_40,BH,../data/processed/validation_heasoft/reduction/91702-01-71-04/source.pha,../data/processed/validation_heasoft/reduction/91702-01-71-04/background.pha,../data/processed/validation_heasoft/reduction/91702-01-71-04/response.rsp,NOT_GENERATED,64afa343754c6100a9a602a2e76321566b56377ae6ae197221f2f73111061f79,f1f98806c2a91c30aa6b5be9fefafd2bc09972fe67f93c30d380d90109865392,41bbe0aa3c8634c6e23a0308050f1c5434f7b0d4e6e6781a70407123f173a004,False,True,False,True
RXTE,PCA_PCU2_TOP_LAYER,20187-02-01-00,grs_1915_105,BH,../data/processed/validation_heasoft/reduction/20187-02-01-00/source.pha,../data/processed/validation_heasoft/reduction/20187-02-01-00/background.pha,../data/processed/validation_heasoft/reduction/20187-02-01-00/response.rsp,NOT_GENERATED,e1ca3adedd201844a1fe7b97b7a5493cb7b1cdefded4ee16eb549b8028cf69b7,9bd73e18d2988d8e837365929c942c17b10cf669ed239720c4df0c642802964b,b491b9a953cf42a003ef27bf7e59e8091fd1746adc47a39c7f4660718e38c0bc,False,True,False,True
RXTE,PCA_PCU2_TOP_LAYER,40703-01-41-02,grs_1915_105,BH,../data/processed/validation_heasoft/reduction/40703-01-41-02/source.pha,../data/processed/validation_heasoft/reduction/40703-01-41-02/background.pha,../data/processed/validation_heasoft/reduction/40703-01-41-02/response.rsp,NOT_GENERATED,7d73c4307a477fbd87abeedd4f154ef3b2f7e667aa585a4bd193218824b40543,3dacc84de1ce71f92c67736b8a4fcd4044e5d09ff7b353dbe07ecf041b2ef606,90ad380d32cc34ae308b6ed4cad0fd1aec8f2f62f9ecea3a26acedcde5e2071a,False,True,False,True
RXTE,PCA_PCU2_TOP_LAYER,80127-01-01-00,grs_1915_105,BH,../data/processed/validation_heasoft/reduction/80127-01-01-00/source.pha,../data/processed/validation_heasoft/reduction/80127-01-01-00/background.pha,../data/processed/validation_heasoft/reduction/80127-01-01-00/response.rsp,NOT_GENERATED,5608d0377e778b27abd6a7eb5cabf39450132a912b2b5422a1a388660491084c,f99aff9260998ad40da73848c9fe2c3a098c5c2b869aaa7a66ea687d9baf8e3e,cb0bd1a93049bb4f0a588bf34bb8687ebfbad04fde1535b29e4f7e82356ad513,False,True,False,True
RXTE,PCA_PCU2_TOP_LAYER,90105-03-02-02,grs_1915_105,BH,../data/processed/validation_heasoft/reduction/90105-03-02-02/source.pha,../data/processed/validation_heasoft/reduction/90105-03-02-02/background.pha,../data/processed/validation_heasoft/reduction/90105-03-02-02/response.rsp,NOT_GENERATED,788f0b775350c5dba9aba89527351d96510aadf9442406ebf6d97af185e1a7fc,45b580af7ac4744d517ff2fadf172493b767589b24947a6fe8688293d3cb8c69,e5b56fd3f4b79a369c006496cc07fd435e9ab98809a517a5f61350b5c4ce361d,False,True,False,True
RXTE,PCA_PCU2_TOP_LAYER,20431-01-03-00,gs_1354_64,BH,../data/processed/validation_heasoft/reduction/20431-01-03-00/source.pha,../data/processed/validation_heasoft/reduction/20431-01-03-00/background.pha,../data/processed/validation_heasoft/reduction/20431-01-03-00/response.rsp,NOT_GENERATED,e0c67298cb4f77fa6982a7abc7e3b2e7b1c504f0ea9c57297fa7075f6030d0d9,bc0d9602031fdfe5f77718ea91916bb6463389beebd7099e1b4a0d813df6bab1,9237ebf4dceefe0bd7a5cd94f767277d5b27a5b990e24aeff3e267abd0154045,False,True,False,True
RXTE,PCA_PCU2_TOP_LAYER,20431-01-04-00,gs_1354_64,BH,../data/processed/validation_heasoft/reduction/20431-01-04-00/source.pha,../data/processed/validation_heasoft/reduction/20431-01-04-00/background.pha,../data/processed/validation_heasoft/reduction/20431-01-04-00/response.rsp,NOT_GENERATED,de586a312584053b99c6030a9ac343dca0e5c901a4e2643723b6f36ed3964c0e,1a48edffc7d270b9038c6d94db6ad3c1350fc82dbd1ba898253e9631ba5a5440,99c840cb035a77780811c5d29544378e8cb34750be981e6bbb6a2c03fc4d7abf,False,True,False,True
RXTE,PCA_PCU2_TOP_LAYER,20431-01-05-00,gs_1354_64,BH,../data/processed/validation_heasoft/reduction/20431-01-05-00/source.pha,../data/processed/validation_heasoft/reduction/20431-01-05-00/background.pha,../data/processed/validation_heasoft/reduction/20431-01-05-00/response.rsp,NOT_GENERATED,ff7bc36ab8de55b7786006deb706c2c2ba6ec7fc47cb411a7763019ecdd8cc3c,f48cd61df422a2052d15e6a5dd181d199f5e146f1ed3f47d953437a0d62d41cd,48f0cd9a53bfa34490ff8d79b99fc02a50fa5a3a5ae41558005f6ed4c250205d,False,True,False,True
RXTE,PCA_PCU2_TOP_LAYER,30401-01-01-00,gs_1354_64,BH,../data/processed/validation_heasoft/reduction/30401-01-01-00/source.pha,../data/processed/validation_heasoft/reduction/30401-01-01-00/background.pha,../data/processed/validation_heasoft/reduction/30401-01-01-00/response.rsp,NOT_GENERATED,e4eb17875244c14873d81385fa5a35fcc2f0e52f8262d238bc41cbdee874355e,72d472bc35b260904675c5ba103bbd45be3004139c74d55f33b4f6b451126625,ed29b8af17ff1ca7be34153d9a81630937cc122dfc21696629595880d70a0773,False,True,False,True
RXTE,PCA_PCU2_TOP_LAYER,30401-01-02-00,gs_1354_64,BH,../data/processed/validation_heasoft/reduction/30401-01-02-00/source.pha,../data/processed/validation_heasoft/reduction/30401-01-02-00/background.pha,../data/processed/validation_heasoft/reduction/30401-01-02-00/response.rsp,NOT_GENERATED,96d369351e574d2ec42e6c5610cf61c27ac6587cce7af611bfd00d095ed9295c,a1a248ba8ce6ca909f44d563c5bb4b6eef5ae6c09a186a83fdf6b769f12df488,231d5c3ece1173d20d36eaef5189f25af298b15ab0d0c9807fd74970e43214e3,False,True,False,True
RXTE,PCA_PCU2_TOP_LAYER,30401-01-03-00,gs_1354_64,BH,../data/processed/validation_heasoft/reduction/30401-01-03-00/source.pha,../data/processed/validation_heasoft/reduction/30401-01-03-00/background.pha,../data/processed/validation_heasoft/reduction/30401-01-03-00/response.rsp,NOT_GENERATED,a0370dbbb8e31251173c739bee3251f2bb45fd32b0f0c84b10b7a0e98cdc0f2c,58456561379b0460af98bdccf5fe7e6dca48f185d05287f3b713967babfda1b7,3d0869f61de6cacd2980aa2fabd1319d5868538a420ecc19c97dbb6142c1e06f,False,True,False,True
RXTE,PCA_PCU2_TOP_LAYER,30401-01-04-00,gs_1354_64,BH,../data/processed/validation_heasoft/reduction/30401-01-04-00/source.pha,../data/processed/validation_heasoft/reduction/30401-01-04-00/background.pha,../data/processed/validation_heasoft/reduction/30401-01-04-00/response.rsp,NOT_GENERATED,4e5753fe1ed1a94a6d6e5eba07c33efc72f701c7f1b38e83d4414f5cb4744d0d,ecdcb210b69db39e0ca99df8e7f323765dbe92f7dd50a7fb3fc917f439a684ca,178c8a52b2c417c00d347a4c114bc5aad4b40e193298cc2e1c0050297b161585,False,True,False,True
RXTE,PCA_PCU2_TOP_LAYER,10420-01-01-00,gx_339_4,BH,../data/processed/validation_heasoft/reduction/10420-01-01-00/source.pha,../data/processed/validation_heasoft/reduction/10420-01-01-00/background.pha,../data/processed/validation_heasoft/reduction/10420-01-01-00/response.rsp,NOT_GENERATED,5a89e224e401d040da904cc757af64524bf3163ed050fad72ca7abf9d6bf38e6,eb590f3b15d7461d600beef2a5e3d3894e537e46d40c3ce1cdfd3446063b6b1a,3a32b02455dd8a49a314e761cd9a430b4770c68c86eaed655ee68cf00b0866f8,False,True,False,True
RXTE,PCA_PCU2_TOP_LAYER,70109-01-28-00,gx_339_4,BH,../data/processed/validation_heasoft/reduction/70109-01-28-00/source.pha,../data/processed/validation_heasoft/reduction/70109-01-28-00/background.pha,../data/processed/validation_heasoft/reduction/70109-01-28-00/response.rsp,NOT_GENERATED,cb00c0ba68630afc42256e2b0265cfc05ee69a673dfef17d9c4d7a3ef39f2fc9,80af0a8082bb88660fe9e16e0ccc968ad78ff32c3c91b6c59f5e03860fe374fd,6daefb37dce04bbfade34e302e383ac149ed7bac0c578a4e473030f61c9ec6da,False,True,False,True
RXTE,PCA_PCU2_TOP_LAYER,80132-01-15-00,gx_339_4,BH,../data/processed/validation_heasoft/reduction/80132-01-15-00/source.pha,../data/processed/validation_heasoft/reduction/80132-01-15-00/background.pha,../data/processed/validation_heasoft/reduction/80132-01-15-00/response.rsp,NOT_GENERATED,d6aa8ddf7704a9856c98edaab7f40259d7c868008bb05af72323706a9dac5856,f6abc2562e5b823ea9c484d9a239cb0a405144dbdad1fb44c0d414dfb4a133ec,e52df0df1c2540b8654b5372222bc8d1d2fbcb8cdc149dc8d87e709850d64eeb,False,True,False,True
RXTE,PCA_PCU2_TOP_LAYER,60705-01-80-00,gx_339_4,BH,../data/processed/validation_heasoft/reduction/60705-01-80-00/source.pha,../data/processed/validation_heasoft/reduction/60705-01-80-00/background.pha,../data/processed/validation_heasoft/reduction/60705-01-80-00/response.rsp,NOT_GENERATED,34643076f2871b839a2940738292a467fcd056359cfdaee967fceaae5eb2d964,8e7231847f2e2fdcb3f28e43125a272a697a85b365a563273229ab60420279a1,d63163bf1c26a9e9dda74a985e902bd604bab4b73afdba3b6726e5ddf13d0095,False,True,False,True
RXTE,PCA_PCU2_TOP_LAYER,92085-02-01-00,gx_339_4,BH,../data/processed/validation_heasoft/reduction/92085-02-01-00/source.pha,../data/processed/validation_heasoft/reduction/92085-02-01-00/background.pha,../data/processed/validation_heasoft/reduction/92085-02-01-00/response.rsp,NOT_GENERATED,8885bc1a8fa969c154f43e069cf181d6ee65b6f2b66b509d30fe3a42250d8c30,3be3818b70d82395f89ab5d3b9341c0d5a4e202992558ce894bdd05d0b3e6e26,739eceee3c46b80b6eae277825d0f442dc293b0a897ceccdf5173f9565a9c851,False,True,False,True
RXTE,PCA_PCU2_TOP_LAYER,93409-01-04-01,gx_339_4,BH,../data/processed/validation_heasoft/reduction/93409-01-04-01/source.pha,../data/processed/validation_heasoft/reduction/93409-01-04-01/background.pha,../data/processed/validation_heasoft/reduction/93409-01-04-01/response.rsp,NOT_GENERATED,b08924ed225ea6abe0d213df5a6e6c95071fe736778166549fc24a0723ad9f59,c250b787774c25417ddc051c29afffe445b8a96bb7867f97ac2e1340723ef7bc,3733e2cfdd3b8174d05a27e531381586433c8adce21dcce37719c9d79c92943c,False,True,False,True
RXTE,PCA_PCU2_TOP_LAYER,96409-01-02-03,gx_339_4,BH,../data/processed/validation_heasoft/reduction/96409-01-02-03/source.pha,../data/processed/validation_heasoft/reduction/96409-01-02-03/background.pha,../data/processed/validation_heasoft/reduction/96409-01-02-03/response.rsp,NOT_GENERATED,9c8686c6dabf4b96cff8a3d1c24c42effebcb11a4f1a82b81a2b69e38ab498d0,f9057456fb7c30e65c185c181637fbfe3dfd5886253e2e81b0166e8b07f8f6d2,b5bbe5ea1ee7fc9ceb84e4b14c5db7adfe59e2cbd66508ad2dc9b42c1a791c94,False,True,False,True
RXTE,PCA_PCU2_TOP_LAYER,91015-01-01-00,hete_j1900_1_2455,NS,../data/processed/validation_heasoft/reduction/91015-01-01-00/source.pha,../data/processed/validation_heasoft/reduction/91015-01-01-00/background.pha,../data/processed/validation_heasoft/reduction/91015-01-01-00/response.rsp,NOT_GENERATED,3f4e270a531892db8b76d4e2926517b2aee76d319956fd7651a2c9b7538666e1,de6df96239065928ab077f36949d78e32a2913143f060e23f8ea5e62120b6d1c,836adef2cbfc0dfa2da2171a00ddefd433c064a713cb7b168b3aeaeb294d17eb,False,True,False,True
RXTE,PCA_PCU2_TOP_LAYER,91057-01-03-01,hete_j1900_1_2455,NS,../data/processed/validation_heasoft/reduction/91057-01-03-01/source.pha,../data/processed/validation_heasoft/reduction/91057-01-03-01/background.pha,../data/processed/validation_heasoft/reduction/91057-01-03-01/response.rsp,NOT_GENERATED,a8fac7b559a72f120053127575f31b81be5d6395f697c9ecfc6033d3de2eb0c6,8987371861fbbf5877e4d9a095c7344852a700a4b89dcbaf8f076b1b2df7238a,2b844fe4c1d5d90e861bf5ca2fa7c9ba47661c2f035e2787b626615492c468cc,False,True,False,True
RXTE,PCA_PCU2_TOP_LAYER,92049-01-04-00,hete_j1900_1_2455,NS,../data/processed/validation_heasoft/reduction/92049-01-04-00/source.pha,../data/processed/validation_heasoft/reduction/92049-01-04-00/background.pha,../data/processed/validation_heasoft/reduction/92049-01-04-00/response.rsp,NOT_GENERATED,ae066ffe9467766b0540728a6ace5f6eed263489cbfb7fd70b0629a2fd7687dc,95cd5ca93f5816aaf78d68698d82d95205272cf204eae5890e406b240c5cae09,46f7c272d29596b2ded0100992056d741d23f7855855158598f2dc27b91b4c55,False,True,False,True
RXTE,PCA_PCU2_TOP_LAYER,92049-01-49-00,hete_j1900_1_2455,NS,../data/processed/validation_heasoft/reduction/92049-01-49-00/source.pha,../data/processed/validation_heasoft/reduction/92049-01-49-00/background.pha,../data/processed/validation_heasoft/reduction/92049-01-49-00/response.rsp,NOT_GENERATED,1173152aeaee2be08b535fe83f2295b28f43f709815c61b86e9d032f57bec0a0,18dfdf4e983901b97a8b8915dd7540e94da60363bad0c45a746d6ee60aa47afd,bb53dd06af7e7126f9445fd46d82350156d23abb549543a1dd98ea3a3c03a985,False,True,False,True
RXTE,PCA_PCU2_TOP_LAYER,93030-01-48-00,hete_j1900_1_2455,NS,../data/processed/validation_heasoft/reduction/93030-01-48-00/source.pha,../data/processed/validation_heasoft/reduction/93030-01-48-00/background.pha,../data/processed/validation_heasoft/reduction/93030-01-48-00/response.rsp,NOT_GENERATED,51fc78b88189bd4b1db6fed15a29a364a8de4a28520dc765a46203e219780080,0c20b4df75c6143f6a12f4b00a9e7046c32d65d136a838e60061649225355bfd,b5545a121888b0518ef94b3af698245f3eda281403d5b332480202a4b82a0179,False,True,False,True
RXTE,PCA_PCU2_TOP_LAYER,94030-01-24-00,hete_j1900_1_2455,NS,../data/processed/validation_heasoft/reduction/94030-01-24-00/source.pha,../data/processed/validation_heasoft/reduction/94030-01-24-00/background.pha,../data/processed/validation_heasoft/reduction/94030-01-24-00/response.rsp,NOT_GENERATED,9ccc8c7b8663e5200271c588a71506dbe14065f73b425e08f8e7bfa817f67c46,0dda0237821c5d93d6bfd424e5aea5b3a8559d4bc4733b3671d1527f15c1fa4b,028d83925daa1b9d0b2c8c5871d50d8c6fcbc3468a12c92ce5625df7a0ac2d2f,False,True,False,True
RXTE,PCA_PCU2_TOP_LAYER,95030-01-27-00,hete_j1900_1_2455,NS,../data/processed/validation_heasoft/reduction/95030-01-27-00/source.pha,../data/processed/validation_heasoft/reduction/95030-01-27-00/background.pha,../data/processed/validation_heasoft/reduction/95030-01-27-00/response.rsp,NOT_GENERATED,885cb6825a2858f99d8ef3777ed0e16520d3ebf546b09b6c9c634b397aabb468,14730aa6a13ec7e177dd47ce689e1c5b9d872f2f1d971ed756c3a10623b5ea4e,494d890c39904005340a82eea7800a44d37a76baf322334e1922e3b41c214d7b,False,True,False,True
RXTE,PCA_PCU2_TOP_LAYER,96030-01-32-00,hete_j1900_1_2455,NS,../data/processed/validation_heasoft/reduction/96030-01-32-00/source.pha,../data/processed/validation_heasoft/reduction/96030-01-32-00/background.pha,../data/processed/validation_heasoft/reduction/96030-01-32-00/response.rsp,NOT_GENERATED,382ce44ad80deefc069d4459c3a25812c15f2ce31c94cb39f5138b30353d62bf,260428290f7f360ef8f46de6e226e4feea01f896fb69f198f8b1a979d19c8253,760946b73eb529e4619d4d7a6e3f239a5806fc66480e00486b4def9e666e07dd,False,True,False,True
RXTE,PCA_PCU2_TOP_LAYER,90052-03-01-00,igr_j00291_5934,NS,../data/processed/validation_heasoft/reduction/90052-03-01-00/source.pha,../data/processed/validation_heasoft/reduction/90052-03-01-00/background.pha,../data/processed/validation_heasoft/reduction/90052-03-01-00/response.rsp,NOT_GENERATED,18c9240b4282cfe8a28f26dca65226c1fa655f66b5f4319bb95ee469058a1a06,eec293f89be263f4e475a7f4f46a74dc517d457c1b799a8345e2591dfc11cfe0,9ab2c3e8bab46c95bce7d80b7910e5a2453e1b2d6a3cd40bf4b894551a7eac86,False,True,False,True
RXTE,PCA_PCU2_TOP_LAYER,90425-01-01-13,igr_j00291_5934,NS,../data/processed/validation_heasoft/reduction/90425-01-01-13/source.pha,../data/processed/validation_heasoft/reduction/90425-01-01-13/background.pha,../data/processed/validation_heasoft/reduction/90425-01-01-13/response.rsp,NOT_GENERATED,e0d83ed29a34377dca5d3ca0ad34efcec1cd6dcead65d64559bec8c48f2fc189,c1fbaaa0241ed0a54560c12328fc3e40d85b22234e0c90415fd9fe6d25d58fd9,b176326e919c1a22c86f2f8d1d79710baab9492daf519d8266360ef6ccae40d3,False,True,False,True
RXTE,PCA_PCU2_TOP_LAYER,90425-01-02-14,igr_j00291_5934,NS,../data/processed/validation_heasoft/reduction/90425-01-02-14/source.pha,../data/processed/validation_heasoft/reduction/90425-01-02-14/background.pha,../data/processed/validation_heasoft/reduction/90425-01-02-14/response.rsp,NOT_GENERATED,7f3b399ee687386375da5ad22bc1e7ecac75abeb9ad6af98af85fd5434216f61,8c37788ba191d2989807adca3e6a71d405ed3af8ffb27e4f24513e898b6af22e,7c2afff907080611f6276ad4492b574b5a13c2d3d69dc378cc97057f77606263,False,True,False,True
RXTE,PCA_PCU2_TOP_LAYER,93013-07-18-00,igr_j00291_5934,NS,../data/processed/validation_heasoft/reduction/93013-07-18-00/source.pha,../data/processed/validation_heasoft/reduction/93013-07-18-00/background.pha,../data/processed/validation_heasoft/reduction/93013-07-18-00/response.rsp,NOT_GENERATED,a1523cc2361949e8e583c4be12ed674f6b8a6faf17dbaf43520899d73c4c2a6a,067d3b5fd298dcee228ccfba317676bef93e5e32837a47624f34651b518b68cf,e1b4da6ba5f6d7e1f68becafdf4bd80e7fc2e54781cf5d789f5cfc119a9a5f08,False,True,False,True
RXTE,PCA_PCU2_TOP_LAYER,10416-01-01-00,ks_1731_260,NS,../data/processed/validation_heasoft/reduction/10416-01-01-00/source.pha,../data/processed/validation_heasoft/reduction/10416-01-01-00/background.pha,../data/processed/validation_heasoft/reduction/10416-01-01-00/response.rsp,NOT_GENERATED,7625ec1e7e9dfa3422b7a3e2ed72ed07075a3685b6b53a4bc0dbed2a9cd7e67c,a02588158644156475dddd3a751e58b7cf02925795360f0226d654d1db79d47f,a31f0273b3f34c5e2df06d2f26493024f764e178ae250e1dd51596e1bfecb136,False,True,False,True
RXTE,PCA_PCU2_TOP_LAYER,30061-01-01-02,ks_1731_260,NS,../data/processed/validation_heasoft/reduction/30061-01-01-02/source.pha,../data/processed/validation_heasoft/reduction/30061-01-01-02/background.pha,../data/processed/validation_heasoft/reduction/30061-01-01-02/response.rsp,NOT_GENERATED,8b7973d6ce0f1d38f3627a8c1eeb62c84651949b5fd534e43e573ae297a9d463,87c84900cc55e78a94788a5bc2dbb8a6d9ae8b211bdd881bd6b2f88ea2149a9d,1529bd854f45b19a5c825f1cebb952881d3341b3fc626c95d1964b300c2480f9,False,True,False,True
RXTE,PCA_PCU2_TOP_LAYER,30061-01-02-06,ks_1731_260,NS,../data/processed/validation_heasoft/reduction/30061-01-02-06/source.pha,../data/processed/validation_heasoft/reduction/30061-01-02-06/background.pha,../data/processed/validation_heasoft/reduction/30061-01-02-06/response.rsp,NOT_GENERATED,fdb6ea701806c0a9da7b17aba324e84ea10707b1bb9fdbcf32764e3ba117c37a,194580a0ccd336bad08b404d05f2c00a61edc4d9acb2ef26fb588469458bb365,eb7b226b50d53e6a766024cd933bb260c226c1fc77b0c07df6c120d01b9ef075,False,True,False,True
RXTE,PCA_PCU2_TOP_LAYER,30061-01-04-00,ks_1731_260,NS,../data/processed/validation_heasoft/reduction/30061-01-04-00/source.pha,../data/processed/validation_heasoft/reduction/30061-01-04-00/background.pha,../data/processed/validation_heasoft/reduction/30061-01-04-00/response.rsp,NOT_GENERATED,2e2a473b5b42de4181117983f2d268c08dbdcd99421c2a67729b6a7b13b1abd6,198fd9cfafc9f274173e592be57707237b57157b5422a71482445977b85e6beb,bae1ccc302d19832b7fcbddf2660c7e92aacdaef8db78a0a04343f6638d0136b,False,True,False,True
RXTE,PCA_PCU2_TOP_LAYER,50031-02-01-01,ks_1731_260,NS,../data/processed/validation_heasoft/reduction/50031-02-01-01/source.pha,../data/processed/validation_heasoft/reduction/50031-02-01-01/background.pha,../data/processed/validation_heasoft/reduction/50031-02-01-01/response.rsp,NOT_GENERATED,bcfbf7e141cd8357aef209d7b738d6cb450b94752a78d898645ad6696715aa8d,cece15a0f1007b28d3a7672d66d31930cc909d6cb55bab194151bb46b356cf37,6e6a4ce5ded55f01cae1b92b7681e06d4f2786525b38095ad5bb32e2d3f643c9,False,True,False,True
RXTE,PCA_PCU2_TOP_LAYER,50031-02-02-04,ks_1731_260,NS,../data/processed/validation_heasoft/reduction/50031-02-02-04/source.pha,../data/processed/validation_heasoft/reduction/50031-02-02-04/background.pha,../data/processed/validation_heasoft/reduction/50031-02-02-04/response.rsp,NOT_GENERATED,18b0b6059014d89e93ea448b95fecdf6f68cde32ebe1b39c1269c5247b4b4a2d,6f55cbe46543b5e71c67d4cfa7d837e58e2d58d357256f18f632b6061cd0fc94,9ee2b8ed7d4f12d559db6c0ed15b8aaf6e24c624b16613544999591b3ee2234d,False,True,False,True
RXTE,PCA_PCU2_TOP_LAYER,50031-02-03-00,ks_1731_260,NS,../data/processed/validation_heasoft/reduction/50031-02-03-00/source.pha,../data/processed/validation_heasoft/reduction/50031-02-03-00/background.pha,../data/processed/validation_heasoft/reduction/50031-02-03-00/response.rsp,NOT_GENERATED,1c7fbcd3058ad8db6679e511b8c52e06b231a611bdaa984f145f52ace863b3a7,cad18fd21460f15dd9aed400204db43eeff2754173f4ffcbcf72cff639296a52,0c5a843caad03666afd8f31a72052bc0c4b8b65062d140b6de8594f1c1a9bc00,False,True,False,True
RXTE,PCA_PCU2_TOP_LAYER,50031-02-03-08,ks_1731_260,NS,../data/processed/validation_heasoft/reduction/50031-02-03-08/source.pha,../data/processed/validation_heasoft/reduction/50031-02-03-08/background.pha,../data/processed/validation_heasoft/reduction/50031-02-03-08/response.rsp,NOT_GENERATED,5893905376cad3e804c03fdcc011e4fe4735936b0cc269649b3cc6aad76e36f6,fb4b782b7208b62870ec292b9d6afce3d56bfd6410c8f3c42d69b51a6542c16d,be248b5e5f7ac9b82c32a6a99c9d992691383ab51b414d4ab2dd437309466773,False,True,False,True
RXTE,PCA_PCU2_TOP_LAYER,40414-01-01-00,mxb_1658_298,NS,../data/processed/validation_heasoft/reduction/40414-01-01-00/source.pha,../data/processed/validation_heasoft/reduction/40414-01-01-00/background.pha,../data/processed/validation_heasoft/reduction/40414-01-01-00/response.rsp,NOT_GENERATED,44942e1ca00a03297b681b8770d69d85c9cacfc376c21c87feaa1c76877bff84,6a73766c2be58f62758fae7dfd9912c8aff41c40080283ec9840dcb58f5c3471,c7740a535b39ba672c40cbb0fe81d0607f36d35759ba2fc49a180777812711c1,False,True,False,True
RXTE,PCA_PCU2_TOP_LAYER,40414-01-02-00,mxb_1658_298,NS,../data/processed/validation_heasoft/reduction/40414-01-02-00/source.pha,../data/processed/validation_heasoft/reduction/40414-01-02-00/background.pha,../data/processed/validation_heasoft/reduction/40414-01-02-00/response.rsp,NOT_GENERATED,2843e7e6dc2167a4ad2a1b37d3de5a37d4627dca4caada0a034ade91094266e9,61f995cc259b0a70f38c7a514e9d47c985ab9f690c8198ad8ed55ad04ed4caa6,3738d62687d53009411a2c19091aa1c42008ad5204b7df518c43b8cfaf0220c9,False,True,False,True
RXTE,PCA_PCU2_TOP_LAYER,40414-01-14-00,mxb_1658_298,NS,../data/processed/validation_heasoft/reduction/40414-01-14-00/source.pha,../data/processed/validation_heasoft/reduction/40414-01-14-00/background.pha,../data/processed/validation_heasoft/reduction/40414-01-14-00/response.rsp,NOT_GENERATED,e7e438a18814f1d7519f29bf929eb08cc3a879a1a8938f8738899536266ba0e7,c76a7d041fb2140921e9ad72b6f2ed947265dc5084847167e24b37a8d66bb3fd,f604541967b2b4644e909ac4e5f9606babfca69dd9270a41ec81b68994a539ac,False,True,False,True
RXTE,PCA_PCU2_TOP_LAYER,50410-01-03-00,mxb_1658_298,NS,../data/processed/validation_heasoft/reduction/50410-01-03-00/source.pha,../data/processed/validation_heasoft/reduction/50410-01-03-00/background.pha,../data/processed/validation_heasoft/reduction/50410-01-03-00/response.rsp,NOT_GENERATED,6b2cda00ab837c31e81bbd787e5d1d822d2f6681b7e514b1de13b28c2f661453,6285b5c60b91f7fa060abdbb9706cec3940bd538695db47cd09c89209e81f140,f8f9e3aa3d8b649ca8448535e524f4129fcc364fdfc5e93a4a6f50a05be2d542,False,True,False,True
RXTE,PCA_PCU2_TOP_LAYER,60048-01-02-00,mxb_1658_298,NS,../data/processed/validation_heasoft/reduction/60048-01-02-00/source.pha,../data/processed/validation_heasoft/reduction/60048-01-02-00/background.pha,../data/processed/validation_heasoft/reduction/60048-01-02-00/response.rsp,NOT_GENERATED,c145763ee3da9940fbbe9e48d54bd563f591db80a44429d13d55b75164918924,481502174bfecbd0f78ebe699bd47f03e9ed22a0aa377e3c60338c5acbfa2bd3,6ce2a92ee4107cbb9b352775600b4e25704c020c6dfdb9d09b83db2a8609ffc5,False,True,False,True
RXTE,PCA_PCU2_TOP_LAYER,60048-02-01-00,mxb_1658_298,NS,../data/processed/validation_heasoft/reduction/60048-02-01-00/source.pha,../data/processed/validation_heasoft/reduction/60048-02-01-00/background.pha,../data/processed/validation_heasoft/reduction/60048-02-01-00/response.rsp,NOT_GENERATED,7a37948392bcd85d78c6aedd4845bc42c519181a50969be7f929d4cf8f4715c7,33a79b6d4ff44aa9cfb2fec536c9cf36b19884f7d649066dff579ed47cdc0fbb,017c18e27f79d394f4f0a722d2648d32d1e5217e20a67e99db0ec77953a4ded6,False,True,False,True
RXTE,PCA_PCU2_TOP_LAYER,60048-03-03-00,mxb_1658_298,NS,../data/processed/validation_heasoft/reduction/60048-03-03-00/source.pha,../data/processed/validation_heasoft/reduction/60048-03-03-00/background.pha,../data/processed/validation_heasoft/reduction/60048-03-03-00/response.rsp,NOT_GENERATED,3b9d408c9d06d746d7d3ff27e939ca421d8d135cde405370b38450323f4a7fa2,6def4434aae59a1bf4687b52fea184b526f972cd3b929ea3de257c96c4108bf3,626f900ceeb61d3757ac0d33ded122e4600844c3251199e287c11d8f12176aa2,False,True,False,True
RXTE,PCA_PCU2_TOP_LAYER,60419-01-01-00,mxb_1658_298,NS,../data/processed/validation_heasoft/reduction/60419-01-01-00/source.pha,../data/processed/validation_heasoft/reduction/60419-01-01-00/background.pha,../data/processed/validation_heasoft/reduction/60419-01-01-00/response.rsp,NOT_GENERATED,df18c0d500fa27adef51e2fd6ce3dbea81c48477827fcad5e1bf1ca7fc34eba8,258dde7ee9f3faa6db24ceb55ef0d47fddbd2ce004acb466326077dd0c70147f,fbcd3cbdeab28b14be847485421b3bad9e3064b57b1720767abef9570461705f,False,True,False,True
RXTE,PCA_PCU2_TOP_LAYER,60084-03-02-00,sax_j1750_8_2900,NS,../data/processed/validation_heasoft/reduction/60084-03-02-00/source.pha,../data/processed/validation_heasoft/reduction/60084-03-02-00/background.pha,../data/processed/validation_heasoft/reduction/60084-03-02-00/response.rsp,NOT_GENERATED,2852e76b98863eea82da03a4a4c6272328e8411de21c400f191a92253e34284b,415d995e9cf30cb962f5447aaa248021401e786678003e932962a3eb50e46714,aa93b2f1eedaae15ef93fe3d3b4b423fc39d00f3d11c222e1ea6a917a1534f21,False,True,False,True
RXTE,PCA_PCU2_TOP_LAYER,93044-08-02-00,sax_j1750_8_2900,NS,../data/processed/validation_heasoft/reduction/93044-08-02-00/source.pha,../data/processed/validation_heasoft/reduction/93044-08-02-00/background.pha,../data/processed/validation_heasoft/reduction/93044-08-02-00/response.rsp,NOT_GENERATED,508456e918e017b50b1ff7839ef5032325930f6b37f64847d6c5710198b64816,98e0908989f937858c29c43fe118c5f79af3e7a741185116ed1894315c3bd58e,d19e14c4bc4b7f0d75ce18e2c4566e7bfcdd746dfc9015d4a852bf3dcad78f3a,False,True,False,True
RXTE,PCA_PCU2_TOP_LAYER,93432-01-02-05,sax_j1750_8_2900,NS,../data/processed/validation_heasoft/reduction/93432-01-02-05/source.pha,../data/processed/validation_heasoft/reduction/93432-01-02-05/background.pha,../data/processed/validation_heasoft/reduction/93432-01-02-05/response.rsp,NOT_GENERATED,c4efbc1aaa0584f927bcc646a8fc95da29eba3bab3646b930d3b542cf3a4104d,dca64b4f5495706a4a5b1802f769a03f9d4b94a65b7272570454a5b48bea9aab,6529a1fc7b006b6a9a8ee69dae0fa17ef5a0feaaeadac287cea03e6b10e5799e,False,True,False,True
RXTE,PCA_PCU2_TOP_LAYER,93432-01-05-02,sax_j1750_8_2900,NS,../data/processed/validation_heasoft/reduction/93432-01-05-02/source.pha,../data/processed/validation_heasoft/reduction/93432-01-05-02/background.pha,../data/processed/validation_heasoft/reduction/93432-01-05-02/response.rsp,NOT_GENERATED,b520595123a5c6fbef0471342430abe4206e1a7c255560a3c7bb47eec5edc61d,24da7f3a003a5b5a00cdf0f03fba0639ceedaa097798d0b9662dbba9cfbaa65e,3d9b1ba87fc8154f147534f6c3b8599620b9678ffd7c90f2e4bbe7c180d20327,False,True,False,True
RXTE,PCA_PCU2_TOP_LAYER,93432-01-08-01,sax_j1750_8_2900,NS,../data/processed/validation_heasoft/reduction/93432-01-08-01/source.pha,../data/processed/validation_heasoft/reduction/93432-01-08-01/background.pha,../data/processed/validation_heasoft/reduction/93432-01-08-01/response.rsp,NOT_GENERATED,07c5848edba23489e4489c98b8d691d509edccede461d27ce63b4e005698e631,6f09d5a5636cb76953e5c1667c01b771c3b1185b6da6a77da39f6d951bd54313,5c79ec0b000eda21b126151d0b632df161185569e8485d91835a8f1538c428b7,False,True,False,True
RXTE,PCA_PCU2_TOP_LAYER,93432-01-11-03,sax_j1750_8_2900,NS,../data/processed/validation_heasoft/reduction/93432-01-11-03/source.pha,../data/processed/validation_heasoft/reduction/93432-01-11-03/background.pha,../data/processed/validation_heasoft/reduction/93432-01-11-03/response.rsp,NOT_GENERATED,36cff6b65fbfdc1915907bd219bd2259a349e35701bb8d888e0afe1c3df5a06c,6824a43ef4dd7594b8536f06daf53173180816ce689c97f18f7bf7318066271b,a34de8e7017ffe5e60ad841ffc3ea0a5c2316cae9856d437b81f2ddcb3c4f295,False,True,False,True
RXTE,PCA_PCU2_TOP_LAYER,93432-01-14-03,sax_j1750_8_2900,NS,../data/processed/validation_heasoft/reduction/93432-01-14-03/source.pha,../data/processed/validation_heasoft/reduction/93432-01-14-03/background.pha,../data/processed/validation_heasoft/reduction/93432-01-14-03/response.rsp,NOT_GENERATED,c25fa7501a7da80b572128c6d802c7b0518294561898ad987bf53a3886bd7870,57cbbaba1fd0f017c998f0d0686a8484052761ee168629a9c1a4247cc828660a,796b123b45822fb060775f3798240f40e95d95a6f62d1deb9881b85c628930fe,False,True,False,True
RXTE,PCA_PCU2_TOP_LAYER,93432-01-17-02,sax_j1750_8_2900,NS,../data/processed/validation_heasoft/reduction/93432-01-17-02/source.pha,../data/processed/validation_heasoft/reduction/93432-01-17-02/background.pha,../data/processed/validation_heasoft/reduction/93432-01-17-02/response.rsp,NOT_GENERATED,02dff2ee7d9bd29a9c1ea0886a38c0dd516bf43684e652e2630ec1b061d09740,081220738c2a3748f9d24919d0c2d12aaddc05f5eedcd57f608a7d9717cb7628,de8e4837d8ad6f8969723be3b506fd3113052e10a914292ae95e69386af68c09,False,True,False,True
RXTE,PCA_PCU2_TOP_LAYER,96085-04-01-00,sax_j1806_5_2215,NS,../data/processed/validation_heasoft/reduction/96085-04-01-00/source.pha,../data/processed/validation_heasoft/reduction/96085-04-01-00/background.pha,../data/processed/validation_heasoft/reduction/96085-04-01-00/response.rsp,NOT_GENERATED,f65b9f9c62201525daa57e400638b94b7dad129f46ab2d8078af74cc99c9bff0,1ce6244f9ece1e31212f0119cc03d414e1d650df86b9c9a3b4d3558bb2599f8a,eb72ea0f41823ba17e5a0000d5e91665c0b388b41b8d8789f6b8d92eb1aa55ca,False,True,False,True
RXTE,PCA_PCU2_TOP_LAYER,96085-04-03-03,sax_j1806_5_2215,NS,../data/processed/validation_heasoft/reduction/96085-04-03-03/source.pha,../data/processed/validation_heasoft/reduction/96085-04-03-03/background.pha,../data/processed/validation_heasoft/reduction/96085-04-03-03/response.rsp,NOT_GENERATED,2f3279b2a5c80d98e80ce44ee3508aa2c8f6646cdd57859e7001aaa657d4c713,c983212f5c63e1c93e367394f29ed669824d12f0526d1fcee77e91be809a44b7,8d3a19bbf2f7852d031b34bd8308f0f86a7c694fae1c56a7e3baff0dc6a56ef3,False,True,False,True
RXTE,PCA_PCU2_TOP_LAYER,96085-04-05-03,sax_j1806_5_2215,NS,../data/processed/validation_heasoft/reduction/96085-04-05-03/source.pha,../data/processed/validation_heasoft/reduction/96085-04-05-03/background.pha,../data/processed/validation_heasoft/reduction/96085-04-05-03/response.rsp,NOT_GENERATED,2e03a076f75e09b47a0b504e61950a3901a48a6dce8c0620f33dc43221426ef7,b20b77bb328f5dff88f817e1dc17a114d72736630d0f0f35f8a77700ed5ffea9,7dee1b1448f91f4897a331824bf459a2e89be6638b7f67928be22ecaea8c7f33,False,True,False,True
RXTE,PCA_PCU2_TOP_LAYER,96085-04-09-00,sax_j1806_5_2215,NS,../data/processed/validation_heasoft/reduction/96085-04-09-00/source.pha,../data/processed/validation_heasoft/reduction/96085-04-09-00/background.pha,../data/processed/validation_heasoft/reduction/96085-04-09-00/response.rsp,NOT_GENERATED,eb3db415221e04f312f24e2135583ccbdc9d3876700107a3f854fbd5e32024f2,c20a4c406c5c4cfef397029b143a50507f4d9f13fd13c0e4ac64b9eae4793397,06d5e360dff907622b480f17ed93e59bb9c64fbe3e1bd7e9d60637b2d4660e75,False,True,False,True
RXTE,PCA_PCU2_TOP_LAYER,96085-04-13-00,sax_j1806_5_2215,NS,../data/processed/validation_heasoft/reduction/96085-04-13-00/source.pha,../data/processed/validation_heasoft/reduction/96085-04-13-00/background.pha,../data/processed/validation_heasoft/reduction/96085-04-13-00/response.rsp,NOT_GENERATED,481544d910db3938586aad95af0239f8051c6ccd1a6f047319dc1522d2fe6f50,998055519462003c265355001891e8ee22a3bed3258a6eecea17827160b4e30a,0fb48d63778b62c243b279493a2b0619298ea9950a33958e1ca36d778c5616a8,False,True,False,True
RXTE,PCA_PCU2_TOP_LAYER,96085-04-19-00,sax_j1806_5_2215,NS,../data/processed/validation_heasoft/reduction/96085-04-19-00/source.pha,../data/processed/validation_heasoft/reduction/96085-04-19-00/background.pha,../data/processed/validation_heasoft/reduction/96085-04-19-00/response.rsp,NOT_GENERATED,afc143fec9cfcf212a1128755cb89f5992ac81d31586b5d7f19e339b63513389,af80d58c0a8662f6a53bec134b2f8d0e98a71403994e9ac7506b8dec3530ff40,08e0ce2f8fa6bd31150aebd6ba8e9ba6ffc20a7aa60514d0ddbcefdd2efc4d39,False,True,False,True
RXTE,PCA_PCU2_TOP_LAYER,96085-04-29-00,sax_j1806_5_2215,NS,../data/processed/validation_heasoft/reduction/96085-04-29-00/source.pha,../data/processed/validation_heasoft/reduction/96085-04-29-00/background.pha,../data/processed/validation_heasoft/reduction/96085-04-29-00/response.rsp,NOT_GENERATED,c3d9d4c466ffd87720e7f4064751a13f8176dd8496814ee6771180a30decde06,cd02acc735e464fef429865bc7253fd6997dcf9c28c27b204c90e0fe6525deac,e2b5641d8e3517384bdaf160e12d73d39d9cb6043fa42c9854085a8f7ce18478,False,True,False,True
RXTE,PCA_PCU2_TOP_LAYER,96085-04-33-00,sax_j1806_5_2215,NS,../data/processed/validation_heasoft/reduction/96085-04-33-00/source.pha,../data/processed/validation_heasoft/reduction/96085-04-33-00/background.pha,../data/processed/validation_heasoft/reduction/96085-04-33-00/response.rsp,NOT_GENERATED,542d5b091bef2e928dd5f205fb3f42ff180b86c939bca9dfec1e6361da3652e6,3dcf2852718d6c52da893260fa12b34dd521f44d5f22167b1c09089f12c04aa2,583ca1a5fb9c06b7753f93d99d70eee5ca172352e011bfa660fa459c4a080b54,False,True,False,True
RXTE,PCA_PCU2_TOP_LAYER,70080-01-02-03,sax_j1808_4_3658,NS,../data/processed/validation_heasoft/reduction/70080-01-02-03/source.pha,../data/processed/validation_heasoft/reduction/70080-01-02-03/background.pha,../data/processed/validation_heasoft/reduction/70080-01-02-03/response.rsp,NOT_GENERATED,959b98773035821bf2af78f0b0318745b8d153489e50cfd22f832e82f480e0db,4465a9e7bced9e8c96123da2c52b6fa51a3d3d373bbd5943cb3c4a961faf61a6,436429d1b0afc19720c065c07de124a729b4be66a3d04f09d42166a4eebf2923,False,True,False,True
RXTE,PCA_PCU2_TOP_LAYER,70080-01-03-12,sax_j1808_4_3658,NS,../data/processed/validation_heasoft/reduction/70080-01-03-12/source.pha,../data/processed/validation_heasoft/reduction/70080-01-03-12/background.pha,../data/processed/validation_heasoft/reduction/70080-01-03-12/response.rsp,NOT_GENERATED,d24bb5bf93dd358facf80bf50ba768c59fe3e771905444ddd0b48d860c3642a3,5354e8a997d4f8ccbcee11c997634ebc289d6dc5012d1028f4d990f227a41e9b,8f52d5edea8e15ae7cf44de5e16919ebe8607521387b8004818bb052a5f6173c,False,True,False,True
RXTE,PCA_PCU2_TOP_LAYER,70080-02-02-35,sax_j1808_4_3658,NS,../data/processed/validation_heasoft/reduction/70080-02-02-35/source.pha,../data/processed/validation_heasoft/reduction/70080-02-02-35/background.pha,../data/processed/validation_heasoft/reduction/70080-02-02-35/response.rsp,NOT_GENERATED,dd40694632deb96fb6dcf9cfe70b76952973ffc21ded6c9019469c08960742b3,894f44208df39a109dfe8e11beba629770b566521ee77a8aa7d9a8e66a5a0538,b596ef20f0f1813bb42097d01dbb353d0b5ed042c17a419a6a9a741d41d7d865,False,True,False,True
RXTE,PCA_PCU2_TOP_LAYER,70080-03-20-10,sax_j1808_4_3658,NS,../data/processed/validation_heasoft/reduction/70080-03-20-10/source.pha,../data/processed/validation_heasoft/reduction/70080-03-20-10/background.pha,../data/processed/validation_heasoft/reduction/70080-03-20-10/response.rsp,NOT_GENERATED,202fbbad559c097712aa62129e6f6af63ad01936372953217144df501d990e5a,73f3c3cd3c70099001dfba99cfe8816ded204dc79d5df5b437cff0d283d6d729,dc88ec88395146c36357d29e8f6456a7685009245a3365e1e393500f0540559c,False,True,False,True
RXTE,PCA_PCU2_TOP_LAYER,91056-01-03-09,sax_j1808_4_3658,NS,../data/processed/validation_heasoft/reduction/91056-01-03-09/source.pha,../data/processed/validation_heasoft/reduction/91056-01-03-09/background.pha,../data/processed/validation_heasoft/reduction/91056-01-03-09/response.rsp,NOT_GENERATED,4894902a5aa2f92200190e4f7c2c4563276b9f19703698fabdeff7b2b0a426be,b4e7be38079af81e3540a11586245e9a580728526c5911194d34e0a40131247d,d5dca4dd6be6fb2278d8b98a59318a6c7e599d6e136ace831ad48784a926cb27,False,True,False,True
RXTE,PCA_PCU2_TOP_LAYER,93027-01-02-00,sax_j1808_4_3658,NS,../data/processed/validation_heasoft/reduction/93027-01-02-00/source.pha,../data/processed/validation_heasoft/reduction/93027-01-02-00/background.pha,../data/processed/validation_heasoft/reduction/93027-01-02-00/response.rsp,NOT_GENERATED,9b3a8a4add67a9e826daf56fcbb651cd589e6eaf2c191f3c550570b50ce9d649,5391f1a02a0789ab817e68f942dbf4c9d99e3672da9a75792dd1f9515f7e4dbe,18be724ac747e04ed6d10723773b73d29f58e96866e6511384fa0715d5c1b724,False,True,False,True
RXTE,PCA_PCU2_TOP_LAYER,96027-01-02-07,sax_j1808_4_3658,NS,../data/processed/validation_heasoft/reduction/96027-01-02-07/source.pha,../data/processed/validation_heasoft/reduction/96027-01-02-07/background.pha,../data/processed/validation_heasoft/reduction/96027-01-02-07/response.rsp,NOT_GENERATED,9f7d88664737a29a90760df71cbde3b2dcdc0867e6651622377ab79d33892088,b43745e905d1dfc8f71fd52fb0ced7f311a3a100d5e87b2b2a9327c09318429a,1002dc1eafaeaf4b60ee39fedd60788aaa54516c9be6bf8e19dc1a2750bf2af6,False,True,False,True
RXTE,PCA_PCU2_TOP_LAYER,93044-02-06-00,sax_j1810_8_2609,NS,../data/processed/validation_heasoft/reduction/93044-02-06-00/source.pha,../data/processed/validation_heasoft/reduction/93044-02-06-00/background.pha,../data/processed/validation_heasoft/reduction/93044-02-06-00/response.rsp,NOT_GENERATED,9dfff3b497f56eaf6d6c503f917d456eed0979a2105b4a46ed660cfc3821ad88,88fb83f529c7be34ea470eb894f50e93363faf66e3a958aac8cf862974d1e1a5,fbc60d3ca1f51b09348ebbacb6120906a8c5b6cffe9bbc893abca4e52ff28146,False,True,False,True
RXTE,PCA_PCU2_TOP_LAYER,93414-01-01-02,sax_j1810_8_2609,NS,../data/processed/validation_heasoft/reduction/93414-01-01-02/source.pha,../data/processed/validation_heasoft/reduction/93414-01-01-02/background.pha,../data/processed/validation_heasoft/reduction/93414-01-01-02/response.rsp,NOT_GENERATED,7a9ba6e446d59fddd5f07a2a959a8d305c674babb09a0b986a43b2b0910df596,c34161d1c1a3c009f637ac967c8659ccfc2aa7aa1bcd1766d26af550711d1430,fe9fe6b0b6582683bf8cb19f495e5258aa2ea96ddef9360945821fca6c61149a,False,True,False,True
RXTE,PCA_PCU2_TOP_LAYER,93414-01-04-01,sax_j1810_8_2609,NS,../data/processed/validation_heasoft/reduction/93414-01-04-01/source.pha,../data/processed/validation_heasoft/reduction/93414-01-04-01/background.pha,../data/processed/validation_heasoft/reduction/93414-01-04-01/response.rsp,NOT_GENERATED,3f197d2516143a0a3ea913f1b63f55d0b1da45957b1c9fc8d1b2f2e2ea3456c7,7eaa3cf3d28f5081ec6480bc66332792714866da3ea57a19a538d01ecd936589,9d6d92c629bf509e74cf170f48f93eaabe8d220a06f284ed6785258e06df150b,False,True,False,True
RXTE,PCA_PCU2_TOP_LAYER,93093-01-01-01,sax_j1810_8_2609,NS,../data/processed/validation_heasoft/reduction/93093-01-01-01/source.pha,../data/processed/validation_heasoft/reduction/93093-01-01-01/background.pha,../data/processed/validation_heasoft/reduction/93093-01-01-01/response.rsp,NOT_GENERATED,ca2c6ce6df13a27c061a326cf4cbcbabb4295e2c56f78938dd1218175fddb1b6,141be466b5f2f7014076bac782b72bfe9906626ce594358d5553abe4c93e1e6c,52ea1c4ed4162a8f886f91ed39043c4c013e1ccf9c1918403581a002754937d1,False,True,False,True
RXTE,PCA_PCU2_TOP_LAYER,93093-01-02-03,sax_j1810_8_2609,NS,../data/processed/validation_heasoft/reduction/93093-01-02-03/source.pha,../data/processed/validation_heasoft/reduction/93093-01-02-03/background.pha,../data/processed/validation_heasoft/reduction/93093-01-02-03/response.rsp,NOT_GENERATED,9b187944a530c3e2e6e19c7bd5968814398e289cca163689533032b659b14722,06f3149458ba330bc1315b37be346e3b091a0e0a8defb6bbc8fab5031830ed7d,3e6e80489688ab0b2f0c14ec0a6e87c1f368d43ff48d894f839eb8cd2fe2500e,False,True,False,True
RXTE,PCA_PCU2_TOP_LAYER,93093-01-02-08,sax_j1810_8_2609,NS,../data/processed/validation_heasoft/reduction/93093-01-02-08/source.pha,../data/processed/validation_heasoft/reduction/93093-01-02-08/background.pha,../data/processed/validation_heasoft/reduction/93093-01-02-08/response.rsp,NOT_GENERATED,e7cfe4faf30c6fb26fe33e4c9ef559856ffbb692d1d011f1285cb5c0bbd12358,c4f919191a812a2817b366f071b94bb8363d824c5a2889bbfc4cfb2d9d12a527,7e4a261bd4e09692ea9118cf6cc8c022323ee0b61375cd4daa8e235eeb29c186,False,True,False,True
RXTE,PCA_PCU2_TOP_LAYER,93414-01-05-01,sax_j1810_8_2609,NS,../data/processed/validation_heasoft/reduction/93414-01-05-01/source.pha,../data/processed/validation_heasoft/reduction/93414-01-05-01/background.pha,../data/processed/validation_heasoft/reduction/93414-01-05-01/response.rsp,NOT_GENERATED,05642ad2fec629d8212411c0fb366b82b49bb1941f0c3cf7d849e2be0de782d9,07b32c1b314dfddcad42ea9c23dc4d38d8fbb8c7291900f787e57cae5b0ccc58,7ffe72d8268cf734073fb35efec085d8ec5bbd165c08198e37ff9c0e071426c6,False,True,False,True
RXTE,PCA_PCU2_TOP_LAYER,40025-03-01-00,ser_x_1,NS,../data/processed/validation_heasoft/reduction/40025-03-01-00/source.pha,../data/processed/validation_heasoft/reduction/40025-03-01-00/background.pha,../data/processed/validation_heasoft/reduction/40025-03-01-00/response.rsp,NOT_GENERATED,53ddc060aa996c9dfbcd84650091297bc3c678c1f5521ac90bd15439a18a24c7,0257f420593371c9d3479d3094d7b0e4d990911dc11f567ee60dcb41d9b76859,f3c6d068d2b592561cdc30edd3d88fa1ce6943b05d4e63c410d6d45cf1c877c9,False,True,False,True
RXTE,PCA_PCU2_TOP_LAYER,40025-03-01-02,ser_x_1,NS,../data/processed/validation_heasoft/reduction/40025-03-01-02/source.pha,../data/processed/validation_heasoft/reduction/40025-03-01-02/background.pha,../data/processed/validation_heasoft/reduction/40025-03-01-02/response.rsp,NOT_GENERATED,e1d4f22ae09399a4f233bb773af54b123f41f0d596ee175825830d44528832a9,0d87278abe53e06fc564d757ea04ed8876746c4dfc8f23e90bc42a0114722276,934cbc07312db282c5eeed0300391e91c393a56e6c8cf5cfe36aafb64bbf2de3,False,True,False,True
RXTE,PCA_PCU2_TOP_LAYER,40426-01-01-00,ser_x_1,NS,../data/processed/validation_heasoft/reduction/40426-01-01-00/source.pha,../data/processed/validation_heasoft/reduction/40426-01-01-00/background.pha,../data/processed/validation_heasoft/reduction/40426-01-01-00/response.rsp,NOT_GENERATED,d520b2641e4f5f7a2825a3e0ee31d05c71a9af3a16a4b2c4847aede5d5e1a1c3,d3d4567c749fbed5f0d698217d75d5cd24d2ed22d50309bdeeba915187508363,a291bc9babfd0b6edc7b236151e1a3612ac247e759651f2884c36486818e4336,False,True,False,True
RXTE,PCA_PCU2_TOP_LAYER,70027-04-01-00,ser_x_1,NS,../data/processed/validation_heasoft/reduction/70027-04-01-00/source.pha,../data/processed/validation_heasoft/reduction/70027-04-01-00/background.pha,../data/processed/validation_heasoft/reduction/70027-04-01-00/response.rsp,NOT_GENERATED,c7741c6700d9ddf453557e02baa52c36cba7ed7d81fa2bab6cc8937c6275a1ef,d3a9eafb9159ecbdd534f9167a316fc212a736df9f103b6e2b9300201edd2e8d,722987ed4828bb520e33d2a841e59afe5eb7d7425384090f1545bac5791a0c45,False,True,False,True
RXTE,PCA_PCU2_TOP_LAYER,70014-03-01-00,ser_x_1,NS,../data/processed/validation_heasoft/reduction/70014-03-01-00/source.pha,../data/processed/validation_heasoft/reduction/70014-03-01-00/background.pha,../data/processed/validation_heasoft/reduction/70014-03-01-00/response.rsp,NOT_GENERATED,e5c45b66f987385561ace7ba3f06ca5fffe16984e4ae2aa2b2f8f97b48b9611a,ef3c13da833daff1d0eb6f3f2712a016a019ef3b4d4e7d9d25de8c8d34f35aa5,2cfb753fc53557f2e0d7c3934c71699267f89bf1424e9ea4cbe928c8c634fd05,False,True,False,True
RXTE,PCA_PCU2_TOP_LAYER,70014-03-01-01,ser_x_1,NS,../data/processed/validation_heasoft/reduction/70014-03-01-01/source.pha,../data/processed/validation_heasoft/reduction/70014-03-01-01/background.pha,../data/processed/validation_heasoft/reduction/70014-03-01-01/response.rsp,NOT_GENERATED,80c78f0883765af98c10faf81c80d6af9a7184b211747ee5a0c46f49c721d287,d81cf58e1c0d20f16e1a13e6cc2f4c84091f1aaf8af68183521a90e5a18b5a10,870389b243a0f76a27f0373ce58ff495624427816f07ec1f49f97212ac94f620,False,True,False,True
RXTE,PCA_PCU2_TOP_LAYER,70014-03-02-01,ser_x_1,NS,../data/processed/validation_heasoft/reduction/70014-03-02-01/source.pha,../data/processed/validation_heasoft/reduction/70014-03-02-01/background.pha,../data/processed/validation_heasoft/reduction/70014-03-02-01/response.rsp,NOT_GENERATED,ee7ed8cc6e5313f3010f1fbaccbb9522ee2e6900f5ae63ddb0ceaab271058269,1ce8e746c26a0ee3496144746c2e50bab8b44f028121ad9ec028f460b9533266,9244f07b6c346ef1d902bc4d6d226cada7f7e6a8da5e6f2e233a0894ae167b2e,False,True,False,True
RXTE,PCA_PCU2_TOP_LAYER,70027-04-08-00,ser_x_1,NS,../data/processed/validation_heasoft/reduction/70027-04-08-00/source.pha,../data/processed/validation_heasoft/reduction/70027-04-08-00/background.pha,../data/processed/validation_heasoft/reduction/70027-04-08-00/response.rsp,NOT_GENERATED,ba69eabe75b6bb309eb3f3d32ad813860b85b8b19eb47df5be38b0f04e3b1c5b,7bff07b9cf3138ff2ac70f2386b24bc414cdfaedafac3eb507bf5078aaeecde3,29ca3cb6e08bfb6dff134f9257016f273e2f5097fc534cdcbce080467cadf750,False,True,False,True
RXTE,PCA_PCU2_TOP_LAYER,20170-03-01-00,slx_1735_269,NS,../data/processed/validation_heasoft/reduction/20170-03-01-00/source.pha,../data/processed/validation_heasoft/reduction/20170-03-01-00/background.pha,../data/processed/validation_heasoft/reduction/20170-03-01-00/response.rsp,NOT_GENERATED,f3e35fde605eaef60de931aa4ea5b5048bc7ef6d0e3fde885c84973c28b4618a,a5114f4c30b318c67455d1094c45c7dc60005d748bf71dfb5f53c08584344301,7ae27c94a4aec91395273809e4897e3f1c45dfde879039e2e3bb3d1f7a48bfbf,False,True,False,True
RXTE,PCA_PCU2_TOP_LAYER,20170-03-11-00,slx_1735_269,NS,../data/processed/validation_heasoft/reduction/20170-03-11-00/source.pha,../data/processed/validation_heasoft/reduction/20170-03-11-00/background.pha,../data/processed/validation_heasoft/reduction/20170-03-11-00/response.rsp,NOT_GENERATED,350a24fb6e6dfe0afd851f3bc863d8f5afa1b8c6a24918085ac56d700fefa9c3,3357ea0f04843d946e377ebcf00556a48f97c642fca6466f53c2297b62b45372,db0a0c50830519a6a78a2dfe1add8e3b102fa81fd4d738be8b37f5f9d6d234c0,False,True,False,True
RXTE,PCA_PCU2_TOP_LAYER,60034-01-02-03,slx_1735_269,NS,../data/processed/validation_heasoft/reduction/60034-01-02-03/source.pha,../data/processed/validation_heasoft/reduction/60034-01-02-03/background.pha,../data/processed/validation_heasoft/reduction/60034-01-02-03/response.rsp,NOT_GENERATED,ebf548d3764e191f3adfeac14ef87fc635274428971545f0feb06d7973b5454e,565f85072ea0bd8e5403d59254844ad3e910595751c7a592c95f90d3359bcfc5,fd5920f70392b6ef508c55121382a7e954ca1a118ed3afb2651b3e54d58bbb56,False,True,False,True
RXTE,PCA_PCU2_TOP_LAYER,80138-03-04-00,slx_1735_269,NS,../data/processed/validation_heasoft/reduction/80138-03-04-00/source.pha,../data/processed/validation_heasoft/reduction/80138-03-04-00/background.pha,../data/processed/validation_heasoft/reduction/80138-03-04-00/response.rsp,NOT_GENERATED,c11577f08f5ffe7663fba2519efde7d6a9cf8b2ff759f7973eaac4449fdc297b,c6912420e9c9578e9e6dbd8a32e2d97bf5672c7234a491379f1c0dfa211449a7,6bdefa69db921e834a0d6efb0379880bb83b2eb3861cc0478833e4d41d99130e,False,True,False,True
RXTE,PCA_PCU2_TOP_LAYER,80138-03-08-00,slx_1735_269,NS,../data/processed/validation_heasoft/reduction/80138-03-08-00/source.pha,../data/processed/validation_heasoft/reduction/80138-03-08-00/background.pha,../data/processed/validation_heasoft/reduction/80138-03-08-00/response.rsp,NOT_GENERATED,40a28844221cde45bf65b9b91e2a6966347542c1efc12edd4319de7fa82297d6,2d85aad4ca5dbdcd061b45fa2d5dc0c9fc56b003ea5806b5b4aceb54f1412320,985658a9e927cd3d81c6f3fce20bd1b2caf69e49739fd17a6c98609cd67eef54,False,True,False,True
RXTE,PCA_PCU2_TOP_LAYER,94044-05-01-00,slx_1735_269,NS,../data/processed/validation_heasoft/reduction/94044-05-01-00/source.pha,../data/processed/validation_heasoft/reduction/94044-05-01-00/background.pha,../data/processed/validation_heasoft/reduction/94044-05-01-00/response.rsp,NOT_GENERATED,2f6d93414c665c9408b60e93f507bfbef0ceb583b4b8d82c7761b65853ee2447,bbb736594714c56d845a09a9211feff94fa0dc1f7655d062ab77365b37a57529,b3cda7248bce8a0e4feb1b5b3daa442682380f2a6d22458a5e5408136c4fc730,False,True,False,True
RXTE,PCA_PCU2_TOP_LAYER,96429-01-05-00,slx_1735_269,NS,../data/processed/validation_heasoft/reduction/96429-01-05-00/source.pha,../data/processed/validation_heasoft/reduction/96429-01-05-00/background.pha,../data/processed/validation_heasoft/reduction/96429-01-05-00/response.rsp,NOT_GENERATED,ce14e4115477cd1d43bf9dee76bb218fa5f2cc18c78a4f6b6fc0b2b7c26a3579,4b7e0e1209e8f8ff80c206f8d33989dc6d26bdb0ec777cb66ef542cb9571fc81,bc6cadaf68e679e0e9458e252c4479ce86e729db5bd60e86a8473a268d410e37,False,True,False,True
RXTE,PCA_PCU2_TOP_LAYER,96429-01-08-03,slx_1735_269,NS,../data/processed/validation_heasoft/reduction/96429-01-08-03/source.pha,../data/processed/validation_heasoft/reduction/96429-01-08-03/background.pha,../data/processed/validation_heasoft/reduction/96429-01-08-03/response.rsp,NOT_GENERATED,5f9d0be7c96fe7a84a695b33d950b79602f5ad220ae7617aeb65e153d3a43141,3a65c51809a4de58647b6638b6dd5166b87f8644e6184a8ffe6ba92af1d57c96,b6f3b67ad4e0757f59f44c759db31b798a24aec623e79e1a6ee82a61a7bb115c,False,True,False,True
RXTE,PCA_PCU2_TOP_LAYER,80054-08-01-00,v4641_sgr,BH,../data/processed/validation_heasoft/reduction/80054-08-01-00/source.pha,../data/processed/validation_heasoft/reduction/80054-08-01-00/background.pha,../data/processed/validation_heasoft/reduction/80054-08-01-00/response.rsp,NOT_GENERATED,93879eb373b65dc9863f0ee84c0c9e79a88810605fc4b45ee14b52ad7cd5ee9a,67fe588b321972228fbec4f60ecc01a56ac1d11bd15ecd8df3da331fd8ed10e3,58114fe06b0d48dba9386e10fcc93b4c3276d5667c4113aab60fcbd8764f72f9,False,True,False,True
RXTE,PCA_PCU2_TOP_LAYER,80054-08-01-01,v4641_sgr,BH,../data/processed/validation_heasoft/reduction/80054-08-01-01/source.pha,../data/processed/validation_heasoft/reduction/80054-08-01-01/background.pha,../data/processed/validation_heasoft/reduction/80054-08-01-01/response.rsp,NOT_GENERATED,5d6626aabe1700ce802316873eaded23286f8fbd22ecee21c8fb5e68d8aff1fb,e56c45df2f6b94480b99c8447b4caae139c487b55e8b426cb820686445921946,b9ac5372ba95302d3a36da1f39df6f22498ad138df0ff61bc2ac185aaaccb8ec,False,True,False,True
RXTE,PCA_PCU2_TOP_LAYER,80054-08-02-00,v4641_sgr,BH,../data/processed/validation_heasoft/reduction/80054-08-02-00/source.pha,../data/processed/validation_heasoft/reduction/80054-08-02-00/background.pha,../data/processed/validation_heasoft/reduction/80054-08-02-00/response.rsp,NOT_GENERATED,56bc63307a24cd8e1247f0a4af9dee4ed8aa91241cd5d7c8b281981819f97fcc,d8fb7c4701178157a7156417981096e50e8f7b1458b70363c30159e8ff2e0fc2,09d8d7b7ab21f489d5db9b7b52d27976603c4887fd06161917d300b73f72d6a1,False,True,False,True
RXTE,PCA_PCU2_TOP_LAYER,91422-01-01-00,v4641_sgr,BH,../data/processed/validation_heasoft/reduction/91422-01-01-00/source.pha,../data/processed/validation_heasoft/reduction/91422-01-01-00/background.pha,../data/processed/validation_heasoft/reduction/91422-01-01-00/response.rsp,NOT_GENERATED,27511716520b963a2f8b0e65e98397a8231ad7b0aa21541290e1571f6a5617fa,e7ad2e8a209677db03671f95aeb267145d9e22baa47075758676720fb53c560a,9f00521503738d8e1f269dca5190e99de5f1e9e952a895e91f76c6705ad4a974,False,True,False,True
RXTE,PCA_PCU2_TOP_LAYER,95436-01-01-00,v4641_sgr,BH,../data/processed/validation_heasoft/reduction/95436-01-01-00/source.pha,../data/processed/validation_heasoft/reduction/95436-01-01-00/background.pha,../data/processed/validation_heasoft/reduction/95436-01-01-00/response.rsp,NOT_GENERATED,f7fd773ac8b74ecc2edd2941895127ca4b2e58ff62804cfd79a66feba88de812,d408be33b72b03aa25ae4866afe7b8254194f629c2c41b1ed9c7fe5d81f6630e,2e420523af4cab2e53a5befe9cd33db166f8c046e59ee030e86dd2963aab07d9,False,True,False,True
RXTE,PCA_PCU2_TOP_LAYER,50137-01-01-00,xte_j1118_480,BH,../data/processed/validation_heasoft/reduction/50137-01-01-00/source.pha,../data/processed/validation_heasoft/reduction/50137-01-01-00/background.pha,../data/processed/validation_heasoft/reduction/50137-01-01-00/response.rsp,NOT_GENERATED,9df013a1b22eaec7ab99201688ee94ae67a2a3993094db9fccfc6f5f68c88525,d036e6697c8d1fa3064969c0f3efd808cb3bce41b1bf90ec234e59adad4f55cd,981bd1461817289be220db98db063fbc5e32786e248afecc9bdc6f840e12cfbe,False,True,False,True
RXTE,PCA_PCU2_TOP_LAYER,50407-01-02-00,xte_j1118_480,BH,../data/processed/validation_heasoft/reduction/50407-01-02-00/source.pha,../data/processed/validation_heasoft/reduction/50407-01-02-00/background.pha,../data/processed/validation_heasoft/reduction/50407-01-02-00/response.rsp,NOT_GENERATED,cda235fa0c2147eecaf3f0e875b2e4586e85c81d612ebf8032aa1ee5125b519f,32db08fa1fe35f29f0fdd107c2aec1c930d5c50189d6fc5017f96cb7bc660d27,cccf7bdfa95ee58500fc057c47b4aeecab7bc5e12e2897a09d5cb89263c729ff,False,True,False,True
RXTE,PCA_PCU2_TOP_LAYER,50407-01-05-01,xte_j1118_480,BH,../data/processed/validation_heasoft/reduction/50407-01-05-01/source.pha,../data/processed/validation_heasoft/reduction/50407-01-05-01/background.pha,../data/processed/validation_heasoft/reduction/50407-01-05-01/response.rsp,NOT_GENERATED,760d8f6b4feb669925c2527111206167c73bb07a6e965db930d8dc0c961f830f,b0de92a5729345acab099fa78e3b54d86a12dc0b886be51032c9eef9a185accd,e6838bd689fb3044f51ad25db043581177eb1c2b4c3b313c167e4f0208e70e2a,False,True,False,True
RXTE,PCA_PCU2_TOP_LAYER,50407-01-10-01,xte_j1118_480,BH,../data/processed/validation_heasoft/reduction/50407-01-10-01/source.pha,../data/processed/validation_heasoft/reduction/50407-01-10-01/background.pha,../data/processed/validation_heasoft/reduction/50407-01-10-01/response.rsp,NOT_GENERATED,f4874128f9d5a2f1bc4ec1f015ce43dbd621832de2eb6ea0f8b41e4f146b1c74,764580fd57e5accd831641f7452847a988d7c6867dec093fda1afb9fed47735f,90b11590abf0828a0757a12cdf6b951ce17c7f4fe45651adfef797f8eca8f3d6,False,True,False,True
RXTE,PCA_PCU2_TOP_LAYER,50407-01-15-00,xte_j1118_480,BH,../data/processed/validation_heasoft/reduction/50407-01-15-00/source.pha,../data/processed/validation_heasoft/reduction/50407-01-15-00/background.pha,../data/processed/validation_heasoft/reduction/50407-01-15-00/response.rsp,NOT_GENERATED,615031334909df3125cb1285101a8362987e03c9e017c9a6310d9b5d36aaacd3,82c1358ba0241440a0da8b99e622117f3a2bc4974055a09b2ec507623993db32,1a9869cf434b04fb3fba955fa66524cf1a54fc54ed19a381766c81fbc7de34e8,False,True,False,True
RXTE,PCA_PCU2_TOP_LAYER,90011-01-01-09,xte_j1118_480,BH,../data/processed/validation_heasoft/reduction/90011-01-01-09/source.pha,../data/processed/validation_heasoft/reduction/90011-01-01-09/background.pha,../data/processed/validation_heasoft/reduction/90011-01-01-09/response.rsp,NOT_GENERATED,d2e8044d9ad1edec6fcad636e04afaee72728de94e964b4e3aae4e8f82a89d1d,ad30e16aed253f084193f7035cfc576b20d3ebd44c90e337ca8fb50c15362a87,db6e59ccef4f18cf791a3e068334eedb99a7073e91a5e51e99e7847d3fd7237a,False,True,False,True
RXTE,PCA_PCU2_TOP_LAYER,90111-01-02-02,xte_j1118_480,BH,../data/processed/validation_heasoft/reduction/90111-01-02-02/source.pha,../data/processed/validation_heasoft/reduction/90111-01-02-02/background.pha,../data/processed/validation_heasoft/reduction/90111-01-02-02/response.rsp,NOT_GENERATED,d23d169d852e29eb0c244ee6b1298660a614c0fdc54362aeb57eff73da408c42,1caf8b60b505399b327e1e5d8a59aec9fb72c8a3a4a581c25bc86097ac57b78f,7bfccbe9fcc95c2a4292f6424cd04e9971413169a59f088e6190913f8b15a7d8,False,True,False,True
RXTE,PCA_PCU2_TOP_LAYER,40401-01-96-01,xte_j1550_564,BH,../data/processed/validation_heasoft/reduction/40401-01-96-01/source.pha,../data/processed/validation_heasoft/reduction/40401-01-96-01/background.pha,../data/processed/validation_heasoft/reduction/40401-01-96-01/response.rsp,NOT_GENERATED,c5c30b324307a79b91c988e33da5cdcc11f97eff6cefb795374f0a1212b60519,9787d7c76f7eb04c9c23c123ddec53dae7bf4f9bb5239469865ea477e1227014,7d15c2127888e1fb62f5cf05165de9185f9c6d92e7ae271cbac36ce9f24fe238,False,True,False,True
RXTE,PCA_PCU2_TOP_LAYER,50134-01-05-00,xte_j1550_564,BH,../data/processed/validation_heasoft/reduction/50134-01-05-00/source.pha,../data/processed/validation_heasoft/reduction/50134-01-05-00/background.pha,../data/processed/validation_heasoft/reduction/50134-01-05-00/response.rsp,NOT_GENERATED,e4ff132668d68504522d98d8144d7a11274487bea14d1aca8de10dcc32eb9f11,a81e41c0ea01fb0ca4ca33dcccee1618dd9f73f7aa7ab2f8912fbc61d3db8f27,ff407e4f57767e60384740cebb78d012db3fea34aaccff7b3d8014a60d667702,False,True,False,True
RXTE,PCA_PCU2_TOP_LAYER,80135-01-04-01,xte_j1550_564,BH,../data/processed/validation_heasoft/reduction/80135-01-04-01/source.pha,../data/processed/validation_heasoft/reduction/80135-01-04-01/background.pha,../data/processed/validation_heasoft/reduction/80135-01-04-01/response.rsp,NOT_GENERATED,0203088091bdb31adf492a111ce46682524770158f64a867cfe71708dc7b81fc,7a46674d1b3fd0aeb885e7e50d5cdfadeb4544b2abbda671c219b93314d81e11,cecde3e3b3be7fabc31e460f12306ff64ffb269aab3303df79d4bb76b88c7806,False,True,False,True
RXTE,PCA_PCU2_TOP_LAYER,40124-01-38-00,xte_j1859_226,BH,../data/processed/validation_heasoft/reduction/40124-01-38-00/source.pha,../data/processed/validation_heasoft/reduction/40124-01-38-00/background.pha,../data/processed/validation_heasoft/reduction/40124-01-38-00/response.rsp,NOT_GENERATED,a34d8d5c9e9c1755c77877b8f417d447eb96654ea9ad2d238347f999d99d3432,f520802255f6d53af1c44a2060201c8e35504d062773154f3caa81a1fa343acc,efd524663b71f11607553146c38ccd0ac882cf3d2c6c3f4bcd56f65ebbbbb9ce,False,True,False,True
RXTE,PCA_PCU2_TOP_LAYER,40124-01-49-00,xte_j1859_226,BH,../data/processed/validation_heasoft/reduction/40124-01-49-00/source.pha,../data/processed/validation_heasoft/reduction/40124-01-49-00/background.pha,../data/processed/validation_heasoft/reduction/40124-01-49-00/response.rsp,NOT_GENERATED,29ff0e837b0adf0eb2b5c72168d5ab9ef10f67728be61c223246fffbd8db5326,620b2189cac283b8f308b2786e7575f9c18ae9f6cd50dccec7c2b1ee0e4ce31a,19d8219359affb040c480670a6a9ee63e0f8f9620ee76744f71ae94fc94fa112,False,True,False,True
RXTE,PCA_PCU2_TOP_LAYER,40124-01-55-00,xte_j1859_226,BH,../data/processed/validation_heasoft/reduction/40124-01-55-00/source.pha,../data/processed/validation_heasoft/reduction/40124-01-55-00/background.pha,../data/processed/validation_heasoft/reduction/40124-01-55-00/response.rsp,NOT_GENERATED,0703d226de3f177f20c89cd5f57adb46a5684738404b0132d8500cc21c494da1,22016b3f0e8f80e4c2ff109f072675938ba3e65890ab342f930ca5797acbbf06,29e6856eaa1aa3d6d7b3ca599c9786158356d14b7a1b775530fb44e60a42f219,False,True,False,True
RXTE,PCA_PCU2_TOP_LAYER,40124-01-58-03,xte_j1859_226,BH,../data/processed/validation_heasoft/reduction/40124-01-58-03/source.pha,../data/processed/validation_heasoft/reduction/40124-01-58-03/background.pha,../data/processed/validation_heasoft/reduction/40124-01-58-03/response.rsp,NOT_GENERATED,1028a98a703c816fbafb1282a09b00349811256f647065384ec44dde9dc533d3,46257ba38d6ef919c23b58abe5d24aa98db2a71dde58fc010a7a787bc07e2b51,1644a9285a7b8e67c3718ed29169037202379637aa3c859bc4e3aed4947f3853,False,True,False,True
RXTE,PCA_PCU2_TOP_LAYER,40440-01-03-00,xte_j1859_226,BH,../data/processed/validation_heasoft/reduction/40440-01-03-00/source.pha,../data/processed/validation_heasoft/reduction/40440-01-03-00/background.pha,../data/processed/validation_heasoft/reduction/40440-01-03-00/response.rsp,NOT_GENERATED,3c5f67afbde3bcc78702ba95b72c84aa2d5b66363fa4f3133b4b20aa7d6417b8,cdee1954997bd14af5c7ce23362afe86b3e02346326082ee850ef8f2b80b4298,afe04072264763b83ce4e82bcf1c38d302f77c7b6641d014eede9f2f1eef6143,False,True,False,True
