rxte_obsid,source_id,canonical_source,archive_target_name,reference_class,class_label,proposal_id,cycle,observation_start,duration,exposure,archive_identifier,mapping_method,mapping_confidence,separation_deg,ra,dec,archive_status,status,query_record,notes,selection_method,inspection_sample
80431-01-01-00,1a_1744_361,1A 1744-361,X1744-361,NS,NS,80431,8,52954.16675,5879.0,3533.0,AO8/P80431/80431-01-01-00,explicit_designation_and_independent_catalog_position,high,0.0233959596614616,267.08,-36.121,archived,ACCEPTED_CANDIDATE,data/provenance/reconstruction/query_1a_1744_361.json,,chronological_even_rank_cap32_v1,True
80431-01-02-03,1a_1744_361,1A 1744-361,X1744-361,NS,NS,80431,8,52958.30841,2880.0,2746.0,AO8/P80431/80431-01-02-03,explicit_designation_and_independent_catalog_position,high,0.023388927330161,267.07999,-36.121,archived,ACCEPTED_CANDIDATE,data/provenance/reconstruction/query_1a_1744_361.json,,chronological_even_rank_cap32_v1,False
80431-01-02-01,1a_1744_361,1A 1744-361,X1744-361,NS,NS,80431,8,52959.48889,3090.0,1914.0,AO8/P80431/80431-01-02-01,explicit_designation_and_independent_catalog_position,high,0.023388927330161,267.07999,-36.121,archived,ACCEPTED_CANDIDATE,data/provenance/reconstruction/query_1a_1744_361.json,,chronological_even_rank_cap32_v1,False
80431-01-02-04,1a_1744_361,1A 1744-361,X1744-361,NS,NS,80431,8,52961.26321,3420.0,2813.0,AO8/P80431/80431-01-02-04,explicit_designation_and_independent_catalog_position,high,0.023388927330161,267.07999,-36.121,archived,ACCEPTED_CANDIDATE,data/provenance/reconstruction/query_1a_1744_361.json,,chronological_even_rank_cap32_v1,False
80431-01-02-05,1a_1744_361,1A 1744-361,X1744-361,NS,NS,80431,8,52962.11953,2460.0,2324.0,AO8/P80431/80431-01-02-05,explicit_designation_and_independent_catalog_position,high,0.023388927330161,267.07999,-36.121,archived,ACCEPTED_CANDIDATE,data/provenance/reconstruction/query_1a_1744_361.json,,chronological_even_rank_cap32_v1,False
80431-01-03-00,1a_1744_361,1A 1744-361,X1744-361,NS,NS,80431,8,52964.29131,3693.0,2815.0,AO8/P80431/80431-01-03-00,explicit_designation_and_independent_catalog_position,high,0.023388927330161,267.07999,-36.121,archived,ACCEPTED_CANDIDATE,data/provenance/reconstruction/query_1a_1744_361.json,,chronological_even_rank_cap32_v1,False
80431-01-03-02,1a_1744_361,1A 1744-361,X1744-361,NS,NS,80431,8,52965.40358,3450.0,2799.0,AO8/P80431/80431-01-03-02,explicit_designation_and_independent_catalog_position,high,0.023388927330161,267.07999,-36.121,archived,ACCEPTED_CANDIDATE,data/provenance/reconstruction/query_1a_1744_361.json,,chronological_even_rank_cap32_v1,False
90058-04-02-00,1a_1744_361,1A 1744-361,A1744-361,NS,NS,90058,9,53105.48897,2023.0,1015.0,AO9/P90058/90058-04-02-00,explicit_designation_and_independent_catalog_position,high,0.0239037698753019,267.08,-36.12,archived,ACCEPTED_CANDIDATE,data/provenance/reconstruction/query_1a_1744_361.json,,chronological_even_rank_cap32_v1,False
91050-05-02-00,1a_1744_361,1A 1744-361,A1744-36,NS,NS,91050,10,53570.84299,4767.0,3538.0,AO10/P91050/91050-05-02-00,explicit_designation_and_independent_catalog_position,high,0.0239037698753019,267.08,-36.12,archived,ACCEPTED_CANDIDATE,data/provenance/reconstruction/query_1a_1744_361.json,,chronological_even_rank_cap32_v1,False
91050-05-03-00,1a_1744_361,1A 1744-361,A1744-36,NS,NS,91050,10,53571.76814,4153.0,3533.0,AO10/P91050/91050-05-03-00,explicit_designation_and_independent_catalog_position,high,0.0239037698753019,267.08,-36.12,archived,ACCEPTED_CANDIDATE,data/provenance/reconstruction/query_1a_1744_361.json,,chronological_even_rank_cap32_v1,False
91050-05-05-00,1a_1744_361,1A 1744-361,A1744-36,NS,NS,91050,10,53840.92537,1235.0,891.0,AO10/P91050/91050-05-05-00,explicit_designation_and_independent_catalog_position,high,0.0238968868942235,267.07999,-36.12,archived,ACCEPTED_CANDIDATE,data/provenance/reconstruction/query_1a_1744_361.json,,chronological_even_rank_cap32_v1,False
93155-01-01-00,1a_1744_361,1A 1744-361,A1744-361,NS,NS,93155,12,54652.34012,3740.0,2484.0,AO12/P93155/93155-01-01-00,explicit_designation_and_independent_catalog_position,high,0.0003270835971806,267.0546,-36.1328,archived,ACCEPTED_CANDIDATE,data/provenance/reconstruction/query_1a_1744_361.json,,chronological_even_rank_cap32_v1,False
93155-01-02-01,1a_1744_361,1A 1744-361,A1744-361,NS,NS,93155,12,54653.12651,3001.0,1179.0,AO12/P93155/93155-01-02-01,explicit_designation_and_independent_catalog_position,high,0.0003270835971806,267.0546,-36.1328,archived,ACCEPTED_CANDIDATE,data/provenance/reconstruction/query_1a_1744_361.json,,chronological_even_rank_cap32_v1,False
93155-01-02-00,1a_1744_361,1A 1744-361,A1744-361,NS,NS,93155,12,54653.26113,3062.0,1792.0,AO12/P93155/93155-01-02-00,explicit_designation_and_independent_catalog_position,high,0.0003270835971806,267.0546,-36.1328,archived,ACCEPTED_CANDIDATE,data/provenance/reconstruction/query_1a_1744_361.json,,chronological_even_rank_cap32_v1,False
93155-01-03-02,1a_1744_361,1A 1744-361,A1744-361,NS,NS,93155,12,54654.71661,2940.0,1984.0,AO12/P93155/93155-01-03-02,explicit_designation_and_independent_catalog_position,high,0.0003270835971806,267.0546,-36.1328,archived,ACCEPTED_CANDIDATE,data/provenance/reconstruction/query_1a_1744_361.json,,chronological_even_rank_cap32_v1,False
93155-01-03-01,1a_1744_361,1A 1744-361,A1744-361,NS,NS,93155,12,54654.85481,2251.0,1323.0,AO12/P93155/93155-01-03-01,explicit_designation_and_independent_catalog_position,high,0.0003270835971806,267.0546,-36.1328,archived,ACCEPTED_CANDIDATE,data/provenance/reconstruction/query_1a_1744_361.json,,chronological_even_rank_cap32_v1,False
93155-01-03-03,1a_1744_361,1A 1744-361,A1744-361,NS,NS,93155,12,54654.92255,2366.0,1139.0,AO12/P93155/93155-01-03-03,explicit_designation_and_independent_catalog_position,high,0.0003270835971806,267.0546,-36.1328,archived,ACCEPTED_CANDIDATE,data/provenance/reconstruction/query_1a_1744_361.json,,chronological_even_rank_cap32_v1,True
93155-01-06-01,1a_1744_361,1A 1744-361,A1744-361,NS,NS,93155,12,54662.29105,5400.0,3403.0,AO12/P93155/93155-01-06-01,explicit_designation_and_independent_catalog_position,high,0.0003270835971806,267.0546,-36.1328,archived,ACCEPTED_CANDIDATE,data/provenance/reconstruction/query_1a_1744_361.json,,chronological_even_rank_cap32_v1,False
93155-01-06-02,1a_1744_361,1A 1744-361,A1744-361,NS,NS,93155,12,54664.01695,2346.0,1148.0,AO12/P93155/93155-01-06-02,explicit_designation_and_independent_catalog_position,high,0.0003270835971806,267.0546,-36.1328,archived,ACCEPTED_CANDIDATE,data/provenance/reconstruction/query_1a_1744_361.json,,chronological_even_rank_cap32_v1,False
93155-01-07-00,1a_1744_361,1A 1744-361,A1744-361,NS,NS,93155,12,54665.45087,3684.0,1889.0,AO12/P93155/93155-01-07-00,explicit_designation_and_independent_catalog_position,high,0.0003270835971806,267.0546,-36.1328,archived,ACCEPTED_CANDIDATE,data/provenance/reconstruction/query_1a_1744_361.json,,chronological_even_rank_cap32_v1,False
93155-01-07-02,1a_1744_361,1A 1744-361,A1744-361,NS,NS,93155,12,54670.14779,1578.0,1397.0,AO12/P93155/93155-01-07-02,explicit_designation_and_independent_catalog_position,high,0.0003270835971806,267.0546,-36.1328,archived,ACCEPTED_CANDIDATE,data/provenance/reconstruction/query_1a_1744_361.json,,chronological_even_rank_cap32_v1,False
93155-01-08-00,1a_1744_361,1A 1744-361,A1744-361,NS,NS,93155,12,54672.50326,5567.0,3383.0,AO12/P93155/93155-01-08-00,explicit_designation_and_independent_catalog_position,high,0.0003270835971806,267.0546,-36.1328,archived,ACCEPTED_CANDIDATE,data/provenance/reconstruction/query_1a_1744_361.json,,chronological_even_rank_cap32_v1,False
93155-01-08-02,1a_1744_361,1A 1744-361,A1744-361,NS,NS,93155,12,54678.84945,4110.0,3570.0,AO12/P93155/93155-01-08-02,explicit_designation_and_independent_catalog_position,high,0.0003270835971806,267.0546,-36.1328,archived,ACCEPTED_CANDIDATE,data/provenance/reconstruction/query_1a_1744_361.json,,chronological_even_rank_cap32_v1,False
93155-01-09-00,1a_1744_361,1A 1744-361,A1744-361,NS,NS,93155,12,54681.92508,4317.0,3722.0,AO12/P93155/93155-01-09-00,explicit_designation_and_independent_catalog_position,high,0.0003270835971806,267.0546,-36.1328,archived,ACCEPTED_CANDIDATE,data/provenance/reconstruction/query_1a_1744_361.json,,chronological_even_rank_cap32_v1,False
93155-01-10-00,1a_1744_361,1A 1744-361,A1744-361,NS,NS,93155,12,54686.24229,5714.0,2052.0,AO12/P93155/93155-01-10-00,explicit_designation_and_independent_catalog_position,high,0.0003270835971806,267.0546,-36.1328,archived,ACCEPTED_CANDIDATE,data/provenance/reconstruction/query_1a_1744_361.json,,chronological_even_rank_cap32_v1,False
93155-01-10-02,1a_1744_361,1A 1744-361,A1744-361,NS,NS,93155,12,54692.54869,3600.0,1437.0,AO12/P93155/93155-01-10-02,explicit_designation_and_independent_catalog_position,high,0.0003270835971806,267.0546,-36.1328,archived,ACCEPTED_CANDIDATE,data/provenance/reconstruction/query_1a_1744_361.json,,chronological_even_rank_cap32_v1,False
95416-01-01-00,1a_1744_361,1A 1744-361,A1744-361,NS,NS,95416,14,55281.43162,1295.0,1133.0,AO14/P95416/95416-01-01-00,explicit_designation_and_independent_catalog_position,high,0.0003270835971806,267.0546,-36.1328,archived,ACCEPTED_CANDIDATE,data/provenance/reconstruction/query_1a_1744_361.json,,chronological_even_rank_cap32_v1,False
95416-01-01-02,1a_1744_361,1A 1744-361,A1744-361,NS,NS,95416,14,55284.57261,5154.0,2812.0,AO14/P95416/95416-01-01-02,explicit_designation_and_independent_catalog_position,high,0.0003270835971806,267.0546,-36.1328,archived,ACCEPTED_CANDIDATE,data/provenance/reconstruction/query_1a_1744_361.json,,chronological_even_rank_cap32_v1,False
95416-01-01-03,1a_1744_361,1A 1744-361,A1744-361,NS,NS,95416,14,55285.35487,3328.0,2515.0,AO14/P95416/95416-01-01-03,explicit_designation_and_independent_catalog_position,high,0.0003270835971806,267.0546,-36.1328,archived,ACCEPTED_CANDIDATE,data/provenance/reconstruction/query_1a_1744_361.json,,chronological_even_rank_cap32_v1,False
95416-01-02-00,1a_1744_361,1A 1744-361,A1744-361,NS,NS,95416,14,55288.82508,10567.0,7350.0,AO14/P95416/95416-01-02-00,explicit_designation_and_independent_catalog_position,high,0.0003270835971806,267.0546,-36.1328,archived,ACCEPTED_CANDIDATE,data/provenance/reconstruction/query_1a_1744_361.json,,chronological_even_rank_cap32_v1,False
95416-01-02-02,1a_1744_361,1A 1744-361,A1744-361,NS,NS,95416,14,55291.25057,3664.0,2836.0,AO14/P95416/95416-01-02-02,explicit_designation_and_independent_catalog_position,high,0.0003270835971806,267.0546,-36.1328,archived,ACCEPTED_CANDIDATE,data/provenance/reconstruction/query_1a_1744_361.json,,chronological_even_rank_cap32_v1,False
96437-01-02-00,1a_1744_361,1A 1744-361,A1744-361,NS,NS,96437,15,55806.41183,5656.0,3221.0,AO15/P96437/96437-01-02-00,explicit_designation_and_independent_catalog_position,high,0.0003270835971806,267.0546,-36.1328,archived,ACCEPTED_CANDIDATE,data/provenance/reconstruction/query_1a_1744_361.json,,chronological_even_rank_cap32_v1,True
10095-01-01-00,4u_0614_09,4U 0614+09,4U0614+091,NS,NS,10095,1,50195.79947,18547.0,10047.0,AO1/P10095/10095-01-01-00,explicit_designation_and_independent_catalog_position,high,0.0006918302770041,94.2813,9.1369,archived,ACCEPTED_CANDIDATE,data/provenance/reconstruction/query_4u_0614_09.json,,chronological_even_rank_cap32_v1,True
20428-01-01-03,4u_0614_09,4U 0614+09,4U_0614+091,NS,NS,20428,2,50697.87917,8580.0,6532.0,AO2/P20428/20428-01-01-03,explicit_designation_and_independent_catalog_position,high,0.0006918302770041,94.2813,9.1369,archived,ACCEPTED_CANDIDATE,data/provenance/reconstruction/query_4u_0614_09.json,,chronological_even_rank_cap32_v1,False
30054-01-02-03,4u_0614_09,4U 0614+09,4U_0614+091,NS,NS,30054,3,50959.09299,10600.0,6851.0,AO3/P30054/30054-01-02-03,explicit_designation_and_independent_catalog_position,high,0.0016008471105845,94.279,9.137,archived,ACCEPTED_CANDIDATE,data/provenance/reconstruction/query_4u_0614_09.json,,chronological_even_rank_cap32_v1,False
40030-01-14-00,4u_0614_09,4U 0614+09,4U_0614+091,NS,NS,40030,4,51183.98055,8195.0,2562.0,AO4/P40030/40030-01-14-00,explicit_designation_and_independent_catalog_position,high,0.0006157888219194,94.28,9.137,archived,ACCEPTED_CANDIDATE,data/provenance/reconstruction/query_4u_0614_09.json,,chronological_even_rank_cap32_v1,False
40429-01-03-01,4u_0614_09,4U 0614+09,4U_0614+091,NS,NS,40429,4,51467.65837,25321.0,14029.0,AO4/P40429/40429-01-03-01,explicit_designation_and_independent_catalog_position,high,0.0016008471105845,94.279,9.137,archived,ACCEPTED_CANDIDATE,data/provenance/reconstruction/query_4u_0614_09.json,,chronological_even_rank_cap32_v1,False
40429-01-06-01,4u_0614_09,4U 0614+09,4U_0614+091,NS,NS,40429,4,51575.46958,18425.0,9937.0,AO4/P40429/40429-01-06-01,explicit_designation_and_independent_catalog_position,high,0.0016008471105845,94.279,9.137,archived,ACCEPTED_CANDIDATE,data/provenance/reconstruction/query_4u_0614_09.json,,chronological_even_rank_cap32_v1,False
50031-01-01-01,4u_0614_09,4U 0614+09,4U_0614+09,NS,NS,50031,5,51790.25249,15304.0,8987.0,AO5/P50031/50031-01-01-01,explicit_designation_and_independent_catalog_position,high,0.0006157888219194,94.28,9.137,archived,ACCEPTED_CANDIDATE,data/provenance/reconstruction/query_4u_0614_09.json,,chronological_even_rank_cap32_v1,False
50031-01-02-07,4u_0614_09,4U 0614+09,4U_0614+09,NS,NS,50031,5,51842.37052,3445.0,2454.0,AO5/P50031/50031-01-02-07,explicit_designation_and_independent_catalog_position,high,0.0006157888219194,94.28,9.137,archived,ACCEPTED_CANDIDATE,data/provenance/reconstruction/query_4u_0614_09.json,,chronological_even_rank_cap32_v1,False
50026-02-01-01,4u_0614_09,4U 0614+09,4U0614+091,NS,NS,50026,5,51981.6493,2718.0,1497.0,AO5/P50026/50026-02-01-01,explicit_designation_and_independent_catalog_position,high,0.0016008471105845,94.279,9.137,archived,ACCEPTED_CANDIDATE,data/provenance/reconstruction/query_4u_0614_09.json,,chronological_even_rank_cap32_v1,False
50031-01-04-08,4u_0614_09,4U 0614+09,4U_0614+09,NS,NS,50031,5,52055.27846,3852.0,3118.0,AO5/P50031/50031-01-04-08,explicit_designation_and_independent_catalog_position,high,0.0006157888219194,94.28,9.137,archived,ACCEPTED_CANDIDATE,data/provenance/reconstruction/query_4u_0614_09.json,,chronological_even_rank_cap32_v1,False
60424-01-02-01,4u_0614_09,4U 0614+09,4U_0614+09,NS,NS,60424,6,52316.4805,5474.0,3427.0,AO6/P60424/60424-01-02-01,explicit_designation_and_independent_catalog_position,high,0.0006157888219194,94.28,9.137,archived,ACCEPTED_CANDIDATE,data/provenance/reconstruction/query_4u_0614_09.json,,chronological_even_rank_cap32_v1,False
80414-01-02-00,4u_0614_09,4U 0614+09,4U_0614+09,NS,NS,80414,8,52776.32149,9296.0,5822.0,AO8/P80414/80414-01-02-00,explicit_designation_and_independent_catalog_position,high,0.0006157888219194,94.28,9.137,archived,ACCEPTED_CANDIDATE,data/provenance/reconstruction/query_4u_0614_09.json,,chronological_even_rank_cap32_v1,False
80414-01-05-02,4u_0614_09,4U 0614+09,4U_0614+09,NS,NS,80414,8,52918.98035,6430.0,2760.0,AO8/P80414/80414-01-05-02,explicit_designation_and_independent_catalog_position,high,0.0006157888219194,94.28,9.137,archived,ACCEPTED_CANDIDATE,data/provenance/reconstruction/query_4u_0614_09.json,,chronological_even_rank_cap32_v1,False
80051-02-01-02,4u_0614_09,4U 0614+09,4U_0614+09,NS,NS,80051,8,53024.4165,17284.0,10168.0,AO8/P80051/80051-02-01-02,explicit_designation_and_independent_catalog_position,high,0.0006157888219194,94.28,9.137,archived,ACCEPTED_CANDIDATE,data/provenance/reconstruction/query_4u_0614_09.json,,chronological_even_rank_cap32_v1,False
80037-01-07-04,4u_0614_09,4U 0614+09,4U_0614+09,NS,NS,80037,8,53084.55896,3701.0,2287.0,AO8/P80037/80037-01-07-04,explicit_designation_and_independent_catalog_position,high,0.0006157888219194,94.28,9.137,archived,ACCEPTED_CANDIDATE,data/provenance/reconstruction/query_4u_0614_09.json,,chronological_even_rank_cap32_v1,False
80037-01-09-08,4u_0614_09,4U 0614+09,4U_0614+09,NS,NS,80037,8,53126.07272,2615.0,1233.0,AO8/P80037/80037-01-09-08,explicit_designation_and_independent_catalog_position,high,0.0006157888219194,94.28,9.137,archived,ACCEPTED_CANDIDATE,data/provenance/reconstruction/query_4u_0614_09.json,,chronological_even_rank_cap32_v1,False
90422-01-01-02,4u_0614_09,4U 0614+09,4U_0614+09,NS,NS,90422,9,53284.79383,11737.0,6885.0,AO9/P90422/90422-01-01-02,explicit_designation_and_independent_catalog_position,high,0.0006157888219194,94.28,9.137,archived,ACCEPTED_CANDIDATE,data/provenance/reconstruction/query_4u_0614_09.json,,chronological_even_rank_cap32_v1,True
91425-01-04-02,4u_0614_09,4U 0614+09,4U_0614+09,NS,NS,91425,10,53689.50082,4859.0,2439.0,AO10/P91425/91425-01-04-02,explicit_designation_and_independent_catalog_position,high,0.0006157888219194,94.28,9.137,archived,ACCEPTED_CANDIDATE,data/provenance/reconstruction/query_4u_0614_09.json,,chronological_even_rank_cap32_v1,False
92411-01-01-02,4u_0614_09,4U 0614+09,4U_0614+09,NS,NS,92411,11,53995.91916,5774.0,3347.0,AO11/P92411/92411-01-01-02,explicit_designation_and_independent_catalog_position,high,0.0006157888219194,94.28,9.137,archived,ACCEPTED_CANDIDATE,data/provenance/reconstruction/query_4u_0614_09.json,,chronological_even_rank_cap32_v1,False
92411-01-07-02,4u_0614_09,4U 0614+09,4U_0614+09,NS,NS,92411,11,54042.61001,17685.0,9786.0,AO11/P92411/92411-01-07-02,explicit_designation_and_independent_catalog_position,high,0.0006157888219194,94.28,9.137,archived,ACCEPTED_CANDIDATE,data/provenance/reconstruction/query_4u_0614_09.json,,chronological_even_rank_cap32_v1,False
92411-01-10-00,4u_0614_09,4U 0614+09,4U_0614+09,NS,NS,92411,11,54067.75299,5102.0,3321.0,AO11/P92411/92411-01-10-00,explicit_designation_and_independent_catalog_position,high,0.0006157888219194,94.28,9.137,archived,ACCEPTED_CANDIDATE,data/provenance/reconstruction/query_4u_0614_09.json,,chronological_even_rank_cap32_v1,False
93404-01-02-00,4u_0614_09,4U 0614+09,4U_0614+09,NS,NS,93404,12,54308.99584,5124.0,3418.0,AO12/P93404/93404-01-02-00,explicit_designation_and_independent_catalog_position,high,0.0006157888219194,94.28,9.137,archived,ACCEPTED_CANDIDATE,data/provenance/reconstruction/query_4u_0614_09.json,,chronological_even_rank_cap32_v1,False
93404-01-07-00,4u_0614_09,4U 0614+09,4U_0614+09,NS,NS,93404,12,54364.95428,16413.0,10416.0,AO12/P93404/93404-01-07-00,explicit_designation_and_independent_catalog_position,high,0.0006157888219194,94.28,9.137,archived,ACCEPTED_CANDIDATE,data/provenance/reconstruction/query_4u_0614_09.json,,chronological_even_rank_cap32_v1,False
93404-01-11-02,4u_0614_09,4U 0614+09,4U_0614+09,NS,NS,93404,12,54408.61573,20099.0,12098.0,AO12/P93404/93404-01-11-02,explicit_designation_and_independent_catalog_position,high,0.0006157888219194,94.28,9.137,archived,ACCEPTED_CANDIDATE,data/provenance/reconstruction/query_4u_0614_09.json,,chronological_even_rank_cap32_v1,False
93404-01-14-00,4u_0614_09,4U 0614+09,4U_0614+09,NS,NS,93404,12,54455.737,4662.0,3322.0,AO12/P93404/93404-01-14-00,explicit_designation_and_independent_catalog_position,high,0.0006157888219194,94.28,9.137,archived,ACCEPTED_CANDIDATE,data/provenance/reconstruction/query_4u_0614_09.json,,chronological_even_rank_cap32_v1,False
93404-01-21-00,4u_0614_09,4U 0614+09,4U_0614+09,NS,NS,93404,12,54595.97745,4402.0,3057.0,AO12/P93404/93404-01-21-00,explicit_designation_and_independent_catalog_position,high,0.0006157888219194,94.28,9.137,archived,ACCEPTED_CANDIDATE,data/provenance/reconstruction/query_4u_0614_09.json,,chronological_even_rank_cap32_v1,False
94404-01-07-00,4u_0614_09,4U 0614+09,4U_0614+09,NS,NS,94404,13,55106.90997,6319.0,3375.0,AO13/P94404/94404-01-07-00,explicit_designation_and_independent_catalog_position,high,0.0006157888219194,94.28,9.137,archived,ACCEPTED_CANDIDATE,data/provenance/reconstruction/query_4u_0614_09.json,,chronological_even_rank_cap32_v1,False
95404-01-01-01,4u_0614_09,4U 0614+09,4U_0614+09,NS,NS,95404,14,55201.54544,12839.0,6480.0,AO14/P95404/95404-01-01-01,explicit_designation_and_independent_catalog_position,high,0.0006157888219194,94.28,9.137,archived,ACCEPTED_CANDIDATE,data/provenance/reconstruction/query_4u_0614_09.json,,chronological_even_rank_cap32_v1,False
95404-01-09-02,4u_0614_09,4U 0614+09,4U_0614+09,NS,NS,95404,14,55501.70921,6184.0,3265.0,AO14/P95404/95404-01-09-02,explicit_designation_and_independent_catalog_position,high,0.0006157888219194,94.28,9.137,archived,ACCEPTED_CANDIDATE,data/provenance/reconstruction/query_4u_0614_09.json,,chronological_even_rank_cap32_v1,False
96404-01-02-00,4u_0614_09,4U 0614+09,4U_0614+09,NS,NS,96404,15,55570.07191,3446.0,1493.0,AO15/P96404/96404-01-02-00,explicit_designation_and_independent_catalog_position,high,0.0006157888219194,94.28,9.137,archived,ACCEPTED_CANDIDATE,data/provenance/reconstruction/query_4u_0614_09.json,,chronological_even_rank_cap32_v1,False
96307-01-04-00,4u_0614_09,4U 0614+09,4U_0614+09,NS,NS,96307,15,55918.9098,4155.0,3415.0,AO15/P96307/96307-01-04-00,explicit_designation_and_independent_catalog_position,high,0.0002739863987555,94.2804,9.1369,archived,ACCEPTED_CANDIDATE,data/provenance/reconstruction/query_4u_0614_09.json,,chronological_even_rank_cap32_v1,False
96307-01-10-00,4u_0614_09,4U 0614+09,4U_0614+09,NS,NS,96307,15,55924.90195,4700.0,3312.0,AO15/P96307/96307-01-10-00,explicit_designation_and_independent_catalog_position,high,0.0002739863987555,94.2804,9.1369,archived,ACCEPTED_CANDIDATE,data/provenance/reconstruction/query_4u_0614_09.json,,chronological_even_rank_cap32_v1,True
90036-01-01-01,4u_1254_69,4U 1254-69,4U_1254-690,NS,NS,90036,9,53150.99358,16357.0,9684.0,AO9/P90036/90036-01-01-01,explicit_designation_and_independent_catalog_position,high,0.0051704839206429,194.405,-69.284,archived,ACCEPTED_CANDIDATE,data/provenance/reconstruction/query_4u_1254_69.json,,chronological_even_rank_cap32_v1,True
90036-01-01-02,4u_1254_69,4U 1254-69,4U_1254-690,NS,NS,90036,9,53151.19679,2484.0,1990.0,AO9/P90036/90036-01-01-02,explicit_designation_and_independent_catalog_position,high,0.0051704839206429,194.405,-69.284,archived,ACCEPTED_CANDIDATE,data/provenance/reconstruction/query_4u_1254_69.json,,chronological_even_rank_cap32_v1,False
90036-01-01-00,4u_1254_69,4U 1254-69,4U_1254-690,NS,NS,90036,9,53151.97694,16416.0,10041.0,AO9/P90036/90036-01-01-00,explicit_designation_and_independent_catalog_position,high,0.0051704839206429,194.405,-69.284,archived,ACCEPTED_CANDIDATE,data/provenance/reconstruction/query_4u_1254_69.json,,chronological_even_rank_cap32_v1,False
90036-01-01-03,4u_1254_69,4U 1254-69,4U_1254-690,NS,NS,90036,9,53152.18083,4230.0,3728.0,AO9/P90036/90036-01-01-03,explicit_designation_and_independent_catalog_position,high,0.0051704839206429,194.405,-69.284,archived,ACCEPTED_CANDIDATE,data/provenance/reconstruction/query_4u_1254_69.json,,chronological_even_rank_cap32_v1,False
90036-01-02-01,4u_1254_69,4U 1254-69,4U_1254-690,NS,NS,90036,9,53153.00425,1396.0,896.0,AO9/P90036/90036-01-02-01,explicit_designation_and_independent_catalog_position,high,0.0051704839206429,194.405,-69.284,archived,ACCEPTED_CANDIDATE,data/provenance/reconstruction/query_4u_1254_69.json,,chronological_even_rank_cap32_v1,False
90036-01-02-00,4u_1254_69,4U 1254-69,4U_1254-690,NS,NS,90036,9,53153.03292,16105.0,11347.0,AO9/P90036/90036-01-02-00,explicit_designation_and_independent_catalog_position,high,0.0051704839206429,194.405,-69.284,archived,ACCEPTED_CANDIDATE,data/provenance/reconstruction/query_4u_1254_69.json,,chronological_even_rank_cap32_v1,True
93406-13-01-00,4u_1254_69,4U 1254-69,4U_1254-690,NS,NS,93406,12,54280.34208,8846.0,6045.0,AO12/P93406/93406-13-01-00,explicit_designation_and_independent_catalog_position,high,7.682950458726966e-05,194.405,-69.2892,archived,ACCEPTED_CANDIDATE,data/provenance/reconstruction/query_4u_1254_69.json,,chronological_even_rank_cap32_v1,False
95324-01-01-01,4u_1254_69,4U 1254-69,4U_1254-69,NS,NS,95324,14,55196.15378,31207.0,29466.0,AO14/P95324/95324-01-01-01,explicit_designation_and_independent_catalog_position,high,9.951279249041242e-05,194.405,-69.2891,archived,ACCEPTED_CANDIDATE,data/provenance/reconstruction/query_4u_1254_69.json,,chronological_even_rank_cap32_v1,False
95324-01-01-00,4u_1254_69,4U 1254-69,4U_1254-69,NS,NS,95324,14,55196.5837,34982.0,23092.0,AO14/P95324/95324-01-01-00,explicit_designation_and_independent_catalog_position,high,9.951279249041242e-05,194.405,-69.2891,archived,ACCEPTED_CANDIDATE,data/provenance/reconstruction/query_4u_1254_69.json,,chronological_even_rank_cap32_v1,False
95324-01-02-00,4u_1254_69,4U 1254-69,4U_1254-69,NS,NS,95324,14,55197.06277,37506.0,35878.0,AO14/P95324/95324-01-02-00,explicit_designation_and_independent_catalog_position,high,9.951279249041242e-05,194.405,-69.2891,archived,ACCEPTED_CANDIDATE,data/provenance/reconstruction/query_4u_1254_69.json,,chronological_even_rank_cap32_v1,False
95324-01-02-01,4u_1254_69,4U 1254-69,4U_1254-69,NS,NS,95324,14,55197.57009,19348.0,12424.0,AO14/P95324/95324-01-02-01,explicit_designation_and_independent_catalog_position,high,9.951279249041242e-05,194.405,-69.2891,archived,ACCEPTED_CANDIDATE,data/provenance/reconstruction/query_4u_1254_69.json,,chronological_even_rank_cap32_v1,True
70133-01-01-00,4u_1543_475,4U 1543-475,4U1543-47,BH,BH,70133,7,52442.80656,12828.0,11066.0,AO7/P70133/70133-01-01-00,explicit_designation_and_independent_catalog_position,high,0.0007034422292616,236.785,-47.669,archived,ACCEPTED_CANDIDATE,data/provenance/reconstruction/query_4u_1543_475.json,,chronological_even_rank_cap32_v1,True
70132-01-01-00,4u_1543_475,4U 1543-475,4U1543-47,BH,BH,70132,7,52446.073,4936.0,4357.0,AO7/P70132/70132-01-01-00,explicit_designation_and_independent_catalog_position,high,0.0007034422292616,236.785,-47.669,archived,ACCEPTED_CANDIDATE,data/provenance/reconstruction/query_4u_1543_475.json,,chronological_even_rank_cap32_v1,False
70132-01-01-03,4u_1543_475,4U 1543-475,4U1543-47,BH,BH,70132,7,52449.11189,3960.0,,AO7/P70132/70132-01-01-03,explicit_designation_and_independent_catalog_position,high,0.0007034422292616,236.785,-47.669,archived,ACCEPTED_CANDIDATE,data/provenance/reconstruction/query_4u_1543_475.json,,chronological_even_rank_cap32_v1,False
70133-01-05-00,4u_1543_475,4U 1543-475,4U1543-47,BH,BH,70133,7,52453.48653,9158.0,4967.0,AO7/P70133/70133-01-05-00,explicit_designation_and_independent_catalog_position,high,0.0007034422292616,236.785,-47.669,archived,ACCEPTED_CANDIDATE,data/provenance/reconstruction/query_4u_1543_475.json,,chronological_even_rank_cap32_v1,False
70132-01-02-01,4u_1543_475,4U 1543-475,4U1543-47,BH,BH,70132,7,52456.10307,3601.0,1389.0,AO7/P70132/70132-01-02-01,explicit_designation_and_independent_catalog_position,high,0.0007034422292616,236.785,-47.669,archived,ACCEPTED_CANDIDATE,data/provenance/reconstruction/query_4u_1543_475.json,,chronological_even_rank_cap32_v1,False
70133-01-10-00,4u_1543_475,4U 1543-475,4U1543-47,BH,BH,70133,7,52458.42396,3578.0,1917.0,AO7/P70133/70133-01-10-00,explicit_designation_and_independent_catalog_position,high,0.0007034422292616,236.785,-47.669,archived,ACCEPTED_CANDIDATE,data/provenance/reconstruction/query_4u_1543_475.json,,chronological_even_rank_cap32_v1,False
70133-01-16-00,4u_1543_475,4U 1543-475,4U1543-47,BH,BH,70133,7,52461.40172,2568.0,900.0,AO7/P70133/70133-01-16-00,explicit_designation_and_independent_catalog_position,high,0.0007034422292616,236.785,-47.669,archived,ACCEPTED_CANDIDATE,data/provenance/reconstruction/query_4u_1543_475.json,,chronological_even_rank_cap32_v1,False
70133-01-20-00,4u_1543_475,4U 1543-475,4U1543-47,BH,BH,70133,7,52465.06734,3611.0,1203.0,AO7/P70133/70133-01-20-00,explicit_designation_and_independent_catalog_position,high,0.0007034422292616,236.785,-47.669,archived,ACCEPTED_CANDIDATE,data/provenance/reconstruction/query_4u_1543_475.json,,chronological_even_rank_cap32_v1,False
70133-01-23-00,4u_1543_475,4U 1543-475,4U1543-47,BH,BH,70133,7,52468.63395,3997.0,3359.0,AO7/P70133/70133-01-23-00,explicit_designation_and_independent_catalog_position,high,0.0007034422292616,236.785,-47.669,archived,ACCEPTED_CANDIDATE,data/provenance/reconstruction/query_4u_1543_475.json,,chronological_even_rank_cap32_v1,False
70133-01-25-01,4u_1543_475,4U 1543-475,4U1543-47,BH,BH,70133,7,52470.22562,2054.0,1388.0,AO7/P70133/70133-01-25-01,explicit_designation_and_independent_catalog_position,high,0.0007034422292616,236.785,-47.669,archived,ACCEPTED_CANDIDATE,data/provenance/reconstruction/query_4u_1543_475.json,,chronological_even_rank_cap32_v1,False
70133-01-26-01,4u_1543_475,4U 1543-475,4U1543-47,BH,BH,70133,7,52471.00448,2728.0,1084.0,AO7/P70133/70133-01-26-01,explicit_designation_and_independent_catalog_position,high,0.0007034422292616,236.785,-47.669,archived,ACCEPTED_CANDIDATE,data/provenance/reconstruction/query_4u_1543_475.json,,chronological_even_rank_cap32_v1,False
70133-01-28-00,4u_1543_475,4U 1543-475,4U1543-47,BH,BH,70133,7,52473.2452,3850.0,2866.0,AO7/P70133/70133-01-28-00,explicit_designation_and_independent_catalog_position,high,0.0007034422292616,236.785,-47.669,archived,ACCEPTED_CANDIDATE,data/provenance/reconstruction/query_4u_1543_475.json,,chronological_even_rank_cap32_v1,False
70132-01-03-00,4u_1543_475,4U 1543-475,4U1543-47,BH,BH,70132,7,52476.01203,2998.0,,AO7/P70132/70132-01-03-00,explicit_designation_and_independent_catalog_position,high,0.0007034422292616,236.785,-47.669,archived,ACCEPTED_CANDIDATE,data/provenance/reconstruction/query_4u_1543_475.json,,chronological_even_rank_cap32_v1,False
70133-01-31-00,4u_1543_475,4U 1543-475,4U1543-47,BH,BH,70133,7,52477.26723,5362.0,3552.0,AO7/P70133/70133-01-31-00,explicit_designation_and_independent_catalog_position,high,0.0007034422292616,236.785,-47.669,archived,ACCEPTED_CANDIDATE,data/provenance/reconstruction/query_4u_1543_475.json,,chronological_even_rank_cap32_v1,False
70124-02-03-00,4u_1543_475,4U 1543-475,4U1543-47,BH,BH,70124,7,52480.65196,2259.0,1757.0,AO7/P70124/70124-02-03-00,explicit_designation_and_independent_catalog_position,high,0.0007034422292616,236.785,-47.669,archived,ACCEPTED_CANDIDATE,data/provenance/reconstruction/query_4u_1543_475.json,,chronological_even_rank_cap32_v1,False
70124-02-06-00,4u_1543_475,4U 1543-475,4U1543-47,BH,BH,70124,7,52483.92904,4522.0,2480.0,AO7/P70124/70124-02-06-00,explicit_designation_and_independent_catalog_position,high,0.0007034422292616,236.785,-47.669,archived,ACCEPTED_CANDIDATE,data/provenance/reconstruction/query_4u_1543_475.json,,chronological_even_rank_cap32_v1,False
70124-02-09-00,4u_1543_475,4U 1543-475,4U1543-47,BH,BH,70124,7,52486.7841,2764.0,1786.0,AO7/P70124/70124-02-09-00,explicit_designation_and_independent_catalog_position,high,0.0007034422292616,236.785,-47.669,archived,ACCEPTED_CANDIDATE,data/provenance/reconstruction/query_4u_1543_475.json,,chronological_even_rank_cap32_v1,True
70124-02-11-00,4u_1543_475,4U 1543-475,4U1543-47,BH,BH,70124,7,52489.20008,1174.0,827.0,AO7/P70124/70124-02-11-00,explicit_designation_and_independent_catalog_position,high,0.0007034422292616,236.785,-47.669,archived,ACCEPTED_CANDIDATE,data/provenance/reconstruction/query_4u_1543_475.json,,chronological_even_rank_cap32_v1,False
70124-02-13-00,4u_1543_475,4U 1543-475,4U1543-47,BH,BH,70124,7,52491.21495,4115.0,1912.0,AO7/P70124/70124-02-13-00,explicit_designation_and_independent_catalog_position,high,0.0007034422292616,236.785,-47.669,archived,ACCEPTED_CANDIDATE,data/provenance/reconstruction/query_4u_1543_475.json,,chronological_even_rank_cap32_v1,False
70124-02-04-00,4u_1543_475,4U 1543-475,4U1543-47,BH,BH,70124,7,52495.19924,2336.0,1748.0,AO7/P70124/70124-02-04-00,explicit_designation_and_independent_catalog_position,high,0.0007034422292616,236.785,-47.669,archived,ACCEPTED_CANDIDATE,data/provenance/reconstruction/query_4u_1543_475.json,,chronological_even_rank_cap32_v1,False
70124-02-19-00,4u_1543_475,4U 1543-475,4U1543-47,BH,BH,70124,7,52498.66402,2682.0,2017.0,AO7/P70124/70124-02-19-00,explicit_designation_and_independent_catalog_position,high,0.0007034422292616,236.785,-47.669,archived,ACCEPTED_CANDIDATE,data/provenance/reconstruction/query_4u_1543_475.json,,chronological_even_rank_cap32_v1,False
70124-02-22-00,4u_1543_475,4U 1543-475,4U1543-47,BH,BH,70124,7,52501.93435,3963.0,1800.0,AO7/P70124/70124-02-22-00,explicit_designation_and_independent_catalog_position,high,0.0007034422292616,236.785,-47.669,archived,ACCEPTED_CANDIDATE,data/provenance/reconstruction/query_4u_1543_475.json,,chronological_even_rank_cap32_v1,False
70124-02-25-00,4u_1543_475,4U 1543-475,4U1543-47,BH,BH,70124,7,52504.2527,4008.0,2232.0,AO7/P70124/70124-02-25-00,explicit_designation_and_independent_catalog_position,high,0.0007034422292616,236.785,-47.669,archived,ACCEPTED_CANDIDATE,data/provenance/reconstruction/query_4u_1543_475.json,,chronological_even_rank_cap32_v1,False
70124-02-29-00,4u_1543_475,4U 1543-475,4U1543-47,BH,BH,70124,7,52508.13727,3960.0,1955.0,AO7/P70124/70124-02-29-00,explicit_designation_and_independent_catalog_position,high,0.0007034422292616,236.785,-47.669,archived,ACCEPTED_CANDIDATE,data/provenance/reconstruction/query_4u_1543_475.json,,chronological_even_rank_cap32_v1,False
70124-02-32-00,4u_1543_475,4U 1543-475,4U1543-47,BH,BH,70124,7,52511.17372,3504.0,1900.0,AO7/P70124/70124-02-32-00,explicit_designation_and_independent_catalog_position,high,0.0007034422292616,236.785,-47.669,archived,ACCEPTED_CANDIDATE,data/provenance/reconstruction/query_4u_1543_475.json,,chronological_even_rank_cap32_v1,False
70124-02-36-00,4u_1543_475,4U 1543-475,4U1543-47,BH,BH,70124,7,52515.51704,2627.0,1911.0,AO7/P70124/70124-02-36-00,explicit_designation_and_independent_catalog_position,high,0.0007034422292616,236.785,-47.669,archived,ACCEPTED_CANDIDATE,data/provenance/reconstruction/query_4u_1543_475.json,,chronological_even_rank_cap32_v1,False
70124-02-39-00,4u_1543_475,4U 1543-475,4U1543-47,BH,BH,70124,7,52522.96422,3419.0,1682.0,AO7/P70124/70124-02-39-00,explicit_designation_and_independent_catalog_position,high,0.0007034422292616,236.785,-47.669,archived,ACCEPTED_CANDIDATE,data/provenance/reconstruction/query_4u_1543_475.json,,chronological_even_rank_cap32_v1,False
70124-02-43-00,4u_1543_475,4U 1543-475,4U1543-47,BH,BH,70124,7,52532.41938,1471.0,967.0,AO7/P70124/70124-02-43-00,explicit_designation_and_independent_catalog_position,high,0.0007034422292616,236.785,-47.669,archived,ACCEPTED_CANDIDATE,data/provenance/reconstruction/query_4u_1543_475.json,,chronological_even_rank_cap32_v1,False
70124-02-46-00,4u_1543_475,4U 1543-475,4U1543-47,BH,BH,70124,7,52538.46883,1800.0,1650.0,AO7/P70124/70124-02-46-00,explicit_designation_and_independent_catalog_position,high,0.0007034422292616,236.785,-47.669,archived,ACCEPTED_CANDIDATE,data/provenance/reconstruction/query_4u_1543_475.json,,chronological_even_rank_cap32_v1,False
70124-02-50-00,4u_1543_475,4U 1543-475,4U1543-47,BH,BH,70124,7,52547.07894,573.0,,AO7/P70124/70124-02-50-00,explicit_designation_and_independent_catalog_position,high,0.0007034422292616,236.785,-47.669,archived,ACCEPTED_CANDIDATE,data/provenance/reconstruction/query_4u_1543_475.json,,chronological_even_rank_cap32_v1,False
70124-02-52-00,4u_1543_475,4U 1543-475,4U1543-47,BH,BH,70124,7,52551.00008,5220.0,1951.0,AO7/P70124/70124-02-52-00,explicit_designation_and_independent_catalog_position,high,0.0007034422292616,236.785,-47.669,archived,ACCEPTED_CANDIDATE,data/provenance/reconstruction/query_4u_1543_475.json,,chronological_even_rank_cap32_v1,False
70124-02-57-00,4u_1543_475,4U 1543-475,4U1543-47,BH,BH,70124,7,52564.88237,3720.0,1665.0,AO7/P70124/70124-02-57-00,explicit_designation_and_independent_catalog_position,high,0.0007034422292616,236.785,-47.669,archived,ACCEPTED_CANDIDATE,data/provenance/reconstruction/query_4u_1543_475.json,,chronological_even_rank_cap32_v1,True
10093-01-01-01,4u_1608_522,4U 1608-522,4U_1608-522,NS,NS,10093,1,50157.80108,3251.0,1790.0,AO1/P10093/10093-01-01-01,explicit_designation_and_independent_catalog_position,high,0.0002471882537335,243.1788,-52.4231,archived,ACCEPTED_CANDIDATE,data/provenance/reconstruction/query_4u_1608_522.json,,chronological_even_rank_cap32_v1,True
30062-02-01-05,4u_1608_522,4U 1608-522,4U_1608-52,NS,NS,30062,3,50864.24914,1860.0,1166.0,AO3/P30062/30062-02-01-05,explicit_designation_and_independent_catalog_position,high,0.000135924765726,243.179,-52.423,archived,ACCEPTED_CANDIDATE,data/provenance/reconstruction/query_4u_1608_522.json,,chronological_even_rank_cap32_v1,False
40437-01-01-01,4u_1608_522,4U 1608-522,4U_1608-52,NS,NS,40437,4,51549.94481,3215.0,2390.0,AO4/P40437/40437-01-01-01,explicit_designation_and_independent_catalog_position,high,0.000135924765726,243.179,-52.423,archived,ACCEPTED_CANDIDATE,data/provenance/reconstruction/query_4u_1608_522.json,,chronological_even_rank_cap32_v1,False
50052-01-23-00,4u_1608_522,4U 1608-522,4U1608-52,NS,NS,50052,5,51670.47927,3949.0,1783.0,AO5/P50052/50052-01-23-00,explicit_designation_and_independent_catalog_position,high,0.000135924765726,243.179,-52.423,archived,ACCEPTED_CANDIDATE,data/provenance/reconstruction/query_4u_1608_522.json,,chronological_even_rank_cap32_v1,False
60052-02-04-03,4u_1608_522,4U 1608-522,4U_1608-52,NS,NS,60052,6,52227.52943,2945.0,1573.0,AO6/P60052/60052-02-04-03,explicit_designation_and_independent_catalog_position,high,0.000135924765726,243.179,-52.423,archived,ACCEPTED_CANDIDATE,data/provenance/reconstruction/query_4u_1608_522.json,,chronological_even_rank_cap32_v1,False
60052-01-03-01,4u_1608_522,4U 1608-522,4U_1608-52,NS,NS,60052,6,52320.16127,2463.0,1527.0,AO6/P60052/60052-01-03-01,explicit_designation_and_independent_catalog_position,high,0.000135924765726,243.179,-52.423,archived,ACCEPTED_CANDIDATE,data/provenance/reconstruction/query_4u_1608_522.json,,chronological_even_rank_cap32_v1,False
70058-01-22-00,4u_1608_522,4U 1608-522,4U1608-52,NS,NS,70058,7,52493.69479,2620.0,1437.0,AO7/P70058/70058-01-22-00,explicit_designation_and_independent_catalog_position,high,0.000135924765726,243.179,-52.423,archived,ACCEPTED_CANDIDATE,data/provenance/reconstruction/query_4u_1608_522.json,,chronological_even_rank_cap32_v1,False
70058-01-37-00,4u_1608_522,4U 1608-522,4U1608-52,NS,NS,70058,7,52525.13733,4947.0,3569.0,AO7/P70058/70058-01-37-00,explicit_designation_and_independent_catalog_position,high,0.000135924765726,243.179,-52.423,archived,ACCEPTED_CANDIDATE,data/provenance/reconstruction/query_4u_1608_522.json,,chronological_even_rank_cap32_v1,False
70069-01-03-01,4u_1608_522,4U 1608-522,4U_1608-52,NS,NS,70069,7,52548.67759,1621.0,1049.0,AO7/P70069/70069-01-03-01,explicit_designation_and_independent_catalog_position,high,0.000135924765726,243.179,-52.423,archived,ACCEPTED_CANDIDATE,data/provenance/reconstruction/query_4u_1608_522.json,,chronological_even_rank_cap32_v1,False
80406-01-04-07,4u_1608_522,4U 1608-522,4U1608-52,NS,NS,80406,8,52727.10668,2318.0,1241.0,AO8/P80406/80406-01-04-07,explicit_designation_and_independent_catalog_position,high,0.000135924765726,243.179,-52.423,archived,ACCEPTED_CANDIDATE,data/provenance/reconstruction/query_4u_1608_522.json,,chronological_even_rank_cap32_v1,False
80406-01-10-03,4u_1608_522,4U 1608-522,4U1608-52,NS,NS,80406,8,52935.66002,1560.0,903.0,AO8/P80406/80406-01-10-03,explicit_designation_and_independent_catalog_position,high,0.000135924765726,243.179,-52.423,archived,ACCEPTED_CANDIDATE,data/provenance/reconstruction/query_4u_1608_522.json,,chronological_even_rank_cap32_v1,False
90408-01-05-02,4u_1608_522,4U 1608-522,4U1608-52,NS,NS,90408,9,53111.22855,1440.0,1214.0,AO9/P90408/90408-01-05-02,explicit_designation_and_independent_catalog_position,high,0.000135924765726,243.179,-52.423,archived,ACCEPTED_CANDIDATE,data/provenance/reconstruction/query_4u_1608_522.json,,chronological_even_rank_cap32_v1,False
91405-01-10-02,4u_1608_522,4U 1608-522,4U1608-52,NS,NS,91405,10,53509.40875,1582.0,705.0,AO10/P91405/91405-01-10-02,explicit_designation_and_independent_catalog_position,high,0.000135924765726,243.179,-52.423,archived,ACCEPTED_CANDIDATE,data/provenance/reconstruction/query_4u_1608_522.json,,chronological_even_rank_cap32_v1,False
91405-01-27-00,4u_1608_522,4U 1608-522,4U1608-52,NS,NS,91405,10,53623.09079,2909.0,1110.0,AO10/P91405/91405-01-27-00,explicit_designation_and_independent_catalog_position,high,0.000135924765726,243.179,-52.423,archived,ACCEPTED_CANDIDATE,data/provenance/reconstruction/query_4u_1608_522.json,,chronological_even_rank_cap32_v1,False
91405-01-41-00,4u_1608_522,4U 1608-522,4U1608-52,NS,NS,91405,10,53720.82866,1851.0,1493.0,AO10/P91405/91405-01-41-00,explicit_designation_and_independent_catalog_position,high,0.000135924765726,243.179,-52.423,archived,ACCEPTED_CANDIDATE,data/provenance/reconstruction/query_4u_1608_522.json,,chronological_even_rank_cap32_v1,False
92401-01-11-03,4u_1608_522,4U 1608-522,4U1608-52,NS,NS,92401,11,54278.91245,780.0,544.0,AO11/P92401/92401-01-11-03,explicit_designation_and_independent_catalog_position,high,0.000135924765726,243.179,-52.423,archived,ACCEPTED_CANDIDATE,data/provenance/reconstruction/query_4u_1608_522.json,,chronological_even_rank_cap32_v1,False
93408-01-11-00,4u_1608_522,4U 1608-522,4U1608-52,NS,NS,93408,12,54350.19473,2742.0,2286.0,AO12/P93408/93408-01-11-00,explicit_designation_and_independent_catalog_position,high,0.000135924765726,243.179,-52.423,archived,ACCEPTED_CANDIDATE,data/provenance/reconstruction/query_4u_1608_522.json,,chronological_even_rank_cap32_v1,True
93408-01-19-01,4u_1608_522,4U 1608-522,4U1608-52,NS,NS,93408,12,54406.43854,2302.0,1495.0,AO12/P93408/93408-01-19-01,explicit_designation_and_independent_catalog_position,high,0.000135924765726,243.179,-52.423,archived,ACCEPTED_CANDIDATE,data/provenance/reconstruction/query_4u_1608_522.json,,chronological_even_rank_cap32_v1,False
93408-01-22-06,4u_1608_522,4U 1608-522,4U1608-52,NS,NS,93408,12,54430.30886,2887.0,1945.0,AO12/P93408/93408-01-22-06,explicit_designation_and_independent_catalog_position,high,0.000135924765726,243.179,-52.423,archived,ACCEPTED_CANDIDATE,data/provenance/reconstruction/query_4u_1608_522.json,,chronological_even_rank_cap32_v1,False
93408-01-26-03,4u_1608_522,4U 1608-522,4U1608-52,NS,NS,93408,12,54458.99628,7488.0,4359.0,AO12/P93408/93408-01-26-03,explicit_designation_and_independent_catalog_position,high,0.000135924765726,243.179,-52.423,archived,ACCEPTED_CANDIDATE,data/provenance/reconstruction/query_4u_1608_522.json,,chronological_even_rank_cap32_v1,False
93408-01-32-04,4u_1608_522,4U 1608-522,4U1608-52,NS,NS,93408,12,54502.18898,1814.0,941.0,AO12/P93408/93408-01-32-04,explicit_designation_and_independent_catalog_position,high,0.000135924765726,243.179,-52.423,archived,ACCEPTED_CANDIDATE,data/provenance/reconstruction/query_4u_1608_522.json,,chronological_even_rank_cap32_v1,False
93408-01-42-05,4u_1608_522,4U 1608-522,4U1608-52,NS,NS,93408,12,54572.43784,2078.0,1859.0,AO12/P93408/93408-01-42-05,explicit_designation_and_independent_catalog_position,high,0.000135924765726,243.179,-52.423,archived,ACCEPTED_CANDIDATE,data/provenance/reconstruction/query_4u_1608_522.json,,chronological_even_rank_cap32_v1,False
93408-01-52-02,4u_1608_522,4U 1608-522,4U1608-52,NS,NS,93408,12,54642.34455,3643.0,1479.0,AO12/P93408/93408-01-52-02,explicit_designation_and_independent_catalog_position,high,0.000135924765726,243.179,-52.423,archived,ACCEPTED_CANDIDATE,data/provenance/reconstruction/query_4u_1608_522.json,,chronological_even_rank_cap32_v1,False
93408-01-66-01,4u_1608_522,4U 1608-522,4U1608-52,NS,NS,93408,12,54737.86144,3588.0,1682.0,AO12/P93408/93408-01-66-01,explicit_designation_and_independent_catalog_position,high,0.000135924765726,243.179,-52.423,archived,ACCEPTED_CANDIDATE,data/provenance/reconstruction/query_4u_1608_522.json,,chronological_even_rank_cap32_v1,False
94401-01-01-01,4u_1608_522,4U 1608-522,4U1608-52,NS,NS,94401,13,54829.28757,1659.0,822.0,AO13/P94401/94401-01-01-01,explicit_designation_and_independent_catalog_position,high,0.000135924765726,243.179,-52.423,archived,ACCEPTED_CANDIDATE,data/provenance/reconstruction/query_4u_1608_522.json,,chronological_even_rank_cap32_v1,False
94401-01-18-00,4u_1608_522,4U 1608-522,4U1608-52,NS,NS,94401,13,54945.84024,2762.0,2031.0,AO13/P94401/94401-01-18-00,explicit_designation_and_independent_catalog_position,high,0.000135924765726,243.179,-52.423,archived,ACCEPTED_CANDIDATE,data/provenance/reconstruction/query_4u_1608_522.json,,chronological_even_rank_cap32_v1,False
94401-01-34-00,4u_1608_522,4U 1608-522,4U1608-52,NS,NS,94401,13,55057.3283,2279.0,929.0,AO13/P94401/94401-01-34-00,explicit_designation_and_independent_catalog_position,high,0.000135924765726,243.179,-52.423,archived,ACCEPTED_CANDIDATE,data/provenance/reconstruction/query_4u_1608_522.json,,chronological_even_rank_cap32_v1,False
95334-01-03-00,4u_1608_522,4U 1608-522,4U_1608-52,NS,NS,95334,14,55267.75968,6312.0,3604.0,AO14/P95334/95334-01-03-00,explicit_designation_and_independent_catalog_position,high,3.999999999277129e-05,243.1792,-52.4231,archived,ACCEPTED_CANDIDATE,data/provenance/reconstruction/query_4u_1608_522.json,,chronological_even_rank_cap32_v1,False
96423-01-05-00,4u_1608_522,4U 1608-522,4U1608-52,NS,NS,96423,15,55680.20297,1637.0,1104.0,AO15/P96423/96423-01-05-00,explicit_designation_and_independent_catalog_position,high,0.000135924765726,243.179,-52.423,archived,ACCEPTED_CANDIDATE,data/provenance/reconstruction/query_4u_1608_522.json,,chronological_even_rank_cap32_v1,False
96423-01-13-01,4u_1608_522,4U 1608-522,4U1608-52,NS,NS,96423,15,55738.77401,2197.0,1366.0,AO15/P96423/96423-01-13-01,explicit_designation_and_independent_catalog_position,high,0.000135924765726,243.179,-52.423,archived,ACCEPTED_CANDIDATE,data/provenance/reconstruction/query_4u_1608_522.json,,chronological_even_rank_cap32_v1,False
96423-01-26-01,4u_1608_522,4U 1608-522,4U1608-52,NS,NS,96423,15,55829.97995,1651.0,1179.0,AO15/P96423/96423-01-26-01,explicit_designation_and_independent_catalog_position,high,0.000135924765726,243.179,-52.423,archived,ACCEPTED_CANDIDATE,data/provenance/reconstruction/query_4u_1608_522.json,,chronological_even_rank_cap32_v1,False
96423-01-39-02,4u_1608_522,4U 1608-522,4U1608-52,NS,NS,96423,15,55923.18525,2684.0,1917.0,AO15/P96423/96423-01-39-02,explicit_designation_and_independent_catalog_position,high,0.000135924765726,243.179,-52.423,archived,ACCEPTED_CANDIDATE,data/provenance/reconstruction/query_4u_1608_522.json,,chronological_even_rank_cap32_v1,True
30053-02-01-00,4u_1636_536,4U 1636-536,4U_1636-536,NS,NS,30053,3,50868.9713,58647.0,49956.0,AO3/P30053/30053-02-01-00,explicit_designation_and_independent_catalog_position,high,0.001566706065081,250.229,-53.751,archived,ACCEPTED_CANDIDATE,data/provenance/reconstruction/query_4u_1636_536.json,,chronological_even_rank_cap32_v1,True
40028-01-14-02,4u_1636_536,4U 1636-536,4U_1636-53,NS,NS,40028,4,51573.04572,3754.0,2775.0,AO4/P40028/40028-01-14-02,explicit_designation_and_independent_catalog_position,high,0.0010139481167556,250.23,-53.751,archived,ACCEPTED_CANDIDATE,data/provenance/reconstruction/query_4u_1636_536.json,,chronological_even_rank_cap32_v1,False
60032-01-04-00,4u_1636_536,4U 1636-536,4U_1636-53,NS,NS,60032,6,52117.18531,5753.0,3559.0,AO6/P60032/60032-01-04-00,explicit_designation_and_independent_catalog_position,high,0.0005485135898381,250.231,-53.751,archived,ACCEPTED_CANDIDATE,data/provenance/reconstruction/query_4u_1636_536.json,,chronological_even_rank_cap32_v1,False
60032-01-14-01,4u_1636_536,4U 1636-536,4U_1636-53,NS,NS,60032,6,52214.28661,3108.0,2549.0,AO6/P60032/60032-01-14-01,explicit_designation_and_independent_catalog_position,high,0.0005485135898381,250.231,-53.751,archived,ACCEPTED_CANDIDATE,data/provenance/reconstruction/query_4u_1636_536.json,,chronological_even_rank_cap32_v1,False
60032-05-15-00,4u_1636_536,4U 1636-536,4U_1636-53,NS,NS,60032,6,52333.56916,38703.0,26505.0,AO6/P60032/60032-05-15-00,explicit_designation_and_independent_catalog_position,high,0.0005485135898381,250.231,-53.751,archived,ACCEPTED_CANDIDATE,data/provenance/reconstruction/query_4u_1636_536.json,,chronological_even_rank_cap32_v1,False
91024-01-13-00,4u_1636_536,4U 1636-536,4U_1636-536,NS,NS,91024,10,53459.01777,3008.0,1964.0,AO10/P91024/91024-01-13-00,explicit_designation_and_independent_catalog_position,high,0.0013843821599843,250.2292,-53.7514,archived,ACCEPTED_CANDIDATE,data/provenance/reconstruction/query_4u_1636_536.json,,chronological_even_rank_cap32_v1,False
91024-01-62-00,4u_1636_536,4U 1636-536,4U_1636-536,NS,NS,91024,10,53556.62772,1212.0,728.0,AO10/P91024/91024-01-62-00,explicit_designation_and_independent_catalog_position,high,0.0013843821599843,250.2292,-53.7514,archived,ACCEPTED_CANDIDATE,data/provenance/reconstruction/query_4u_1636_536.json,,chronological_even_rank_cap32_v1,False
91024-01-07-10,4u_1636_536,4U 1636-536,4U_1636-536,NS,NS,91024,10,53642.48936,2882.0,1797.0,AO10/P91024/91024-01-07-10,explicit_designation_and_independent_catalog_position,high,0.0013843821599843,250.2292,-53.7514,archived,ACCEPTED_CANDIDATE,data/provenance/reconstruction/query_4u_1636_536.json,,chronological_even_rank_cap32_v1,False
91024-01-53-10,4u_1636_536,4U 1636-536,4U_1636-536,NS,NS,91024,10,53734.14398,2873.0,1757.0,AO10/P91024/91024-01-53-10,explicit_designation_and_independent_catalog_position,high,0.0013843821599843,250.2292,-53.7514,archived,ACCEPTED_CANDIDATE,data/provenance/reconstruction/query_4u_1636_536.json,,chronological_even_rank_cap32_v1,False
92023-02-08-00,4u_1636_536,4U 1636-536,4U_1636-53,NS,NS,92023,11,53811.00008,2499.0,1975.0,AO11/P92023/92023-02-08-00,explicit_designation_and_independent_catalog_position,high,0.0013843821599843,250.2292,-53.7514,archived,ACCEPTED_CANDIDATE,data/provenance/reconstruction/query_4u_1636_536.json,,chronological_even_rank_cap32_v1,False
92023-01-43-00,4u_1636_536,4U 1636-536,4U_1636-53,NS,NS,92023,11,53882.45674,5135.0,1954.0,AO11/P92023/92023-01-43-00,explicit_designation_and_independent_catalog_position,high,0.0013843821599843,250.2292,-53.7514,archived,ACCEPTED_CANDIDATE,data/provenance/reconstruction/query_4u_1636_536.json,,chronological_even_rank_cap32_v1,False
92023-01-93-00,4u_1636_536,4U 1636-536,4U_1636-53,NS,NS,92023,11,53982.46338,2271.0,1944.0,AO11/P92023/92023-01-93-00,explicit_designation_and_independent_catalog_position,high,0.0013843821599843,250.2292,-53.7514,archived,ACCEPTED_CANDIDATE,data/provenance/reconstruction/query_4u_1636_536.json,,chronological_even_rank_cap32_v1,False
92023-01-42-10,4u_1636_536,4U 1636-536,4U_1636-53,NS,NS,92023,11,54076.52792,3817.0,1831.0,AO11/P92023/92023-01-42-10,explicit_designation_and_independent_catalog_position,high,0.0013843821599843,250.2292,-53.7514,archived,ACCEPTED_CANDIDATE,data/provenance/reconstruction/query_4u_1636_536.json,,chronological_even_rank_cap32_v1,False
91024-01-85-10,4u_1636_536,4U 1636-536,4U_1636-536,NS,NS,91024,10,54170.69211,2923.0,1797.0,AO10/P91024/91024-01-85-10,explicit_designation_and_independent_catalog_position,high,0.0013843821599843,250.2292,-53.7514,archived,ACCEPTED_CANDIDATE,data/provenance/reconstruction/query_4u_1636_536.json,,chronological_even_rank_cap32_v1,False
92023-01-94-10,4u_1636_536,4U 1636-536,4U_1636-53,NS,NS,92023,11,54270.32519,2550.0,1886.0,AO11/P92023/92023-01-94-10,explicit_designation_and_independent_catalog_position,high,0.0013843821599843,250.2292,-53.7514,archived,ACCEPTED_CANDIDATE,data/provenance/reconstruction/query_4u_1636_536.json,,chronological_even_rank_cap32_v1,False
93087-01-41-00,4u_1636_536,4U 1636-536,4U_1636-53,NS,NS,93087,12,54360.20703,2308.0,1925.0,AO12/P93087/93087-01-41-00,explicit_designation_and_independent_catalog_position,high,0.0013843821599843,250.2292,-53.7514,archived,ACCEPTED_CANDIDATE,data/provenance/reconstruction/query_4u_1636_536.json,,chronological_even_rank_cap32_v1,False
93087-01-87-00,4u_1636_536,4U 1636-536,4U_1636-53,NS,NS,93087,12,54452.2484,2671.0,2013.0,AO12/P93087/93087-01-87-00,explicit_designation_and_independent_catalog_position,high,0.0013843821599843,250.2292,-53.7514,archived,ACCEPTED_CANDIDATE,data/provenance/reconstruction/query_4u_1636_536.json,,chronological_even_rank_cap32_v1,True
93087-01-36-10,4u_1636_536,4U 1636-536,4U_1636-53,NS,NS,93087,12,54546.60798,3547.0,1859.0,AO12/P93087/93087-01-36-10,explicit_designation_and_independent_catalog_position,high,0.0013843821599843,250.2292,-53.7514,archived,ACCEPTED_CANDIDATE,data/provenance/reconstruction/query_4u_1636_536.json,,chronological_even_rank_cap32_v1,False
93087-01-83-10,4u_1636_536,4U 1636-536,4U_1636-53,NS,NS,93087,12,54640.30799,4081.0,1918.0,AO12/P93087/93087-01-83-10,explicit_designation_and_independent_catalog_position,high,0.0013843821599843,250.2292,-53.7514,archived,ACCEPTED_CANDIDATE,data/provenance/reconstruction/query_4u_1636_536.json,,chronological_even_rank_cap32_v1,False
93087-01-36-20,4u_1636_536,4U 1636-536,4U_1636-53,NS,NS,93087,12,54742.05261,3284.0,2069.0,AO12/P93087/93087-01-36-20,explicit_designation_and_independent_catalog_position,high,0.0013843821599843,250.2292,-53.7514,archived,ACCEPTED_CANDIDATE,data/provenance/reconstruction/query_4u_1636_536.json,,chronological_even_rank_cap32_v1,False
94087-01-10-00,4u_1636_536,4U 1636-536,4U_1636-53,NS,NS,94087,13,54844.31524,2605.0,1921.0,AO13/P94087/94087-01-10-00,explicit_designation_and_independent_catalog_position,high,0.0013843821599843,250.2292,-53.7514,archived,ACCEPTED_CANDIDATE,data/provenance/reconstruction/query_4u_1636_536.json,,chronological_even_rank_cap32_v1,False
94087-01-49-00,4u_1636_536,4U 1636-536,4U_1636-53,NS,NS,94087,13,54922.56413,2420.0,1873.0,AO13/P94087/94087-01-49-00,explicit_designation_and_independent_catalog_position,high,0.0013843821599843,250.2292,-53.7514,archived,ACCEPTED_CANDIDATE,data/provenance/reconstruction/query_4u_1636_536.json,,chronological_even_rank_cap32_v1,False
94087-01-94-00,4u_1636_536,4U 1636-536,4U_1636-53,NS,NS,94087,13,55012.62667,3213.0,1856.0,AO13/P94087/94087-01-94-00,explicit_designation_and_independent_catalog_position,high,0.0013843821599843,250.2292,-53.7514,archived,ACCEPTED_CANDIDATE,data/provenance/reconstruction/query_4u_1636_536.json,,chronological_even_rank_cap32_v1,False
94087-01-47-10,4u_1636_536,4U 1636-536,4U_1636-53,NS,NS,94087,13,55114.41535,2615.0,1902.0,AO13/P94087/94087-01-47-10,explicit_designation_and_independent_catalog_position,high,0.0013843821599843,250.2292,-53.7514,archived,ACCEPTED_CANDIDATE,data/provenance/reconstruction/query_4u_1636_536.json,,chronological_even_rank_cap32_v1,False
95087-01-15-00,4u_1636_536,4U 1636-536,4U_1636-53,NS,NS,95087,14,55226.31836,2570.0,1623.0,AO14/P95087/95087-01-15-00,explicit_designation_and_independent_catalog_position,high,0.0013843821599843,250.2292,-53.7514,archived,ACCEPTED_CANDIDATE,data/provenance/reconstruction/query_4u_1636_536.json,,chronological_even_rank_cap32_v1,False
95087-01-71-00,4u_1636_536,4U 1636-536,4U_1636-53,NS,NS,95087,14,55338.5702,1982.0,1607.0,AO14/P95087/95087-01-71-00,explicit_designation_and_independent_catalog_position,high,0.0013843821599843,250.2292,-53.7514,archived,ACCEPTED_CANDIDATE,data/provenance/reconstruction/query_4u_1636_536.json,,chronological_even_rank_cap32_v1,False
95087-01-15-10,4u_1636_536,4U 1636-536,4U_1636-53,NS,NS,95087,14,55422.66577,2376.0,1710.0,AO14/P95087/95087-01-15-10,explicit_designation_and_independent_catalog_position,high,0.0013843821599843,250.2292,-53.7514,archived,ACCEPTED_CANDIDATE,data/provenance/reconstruction/query_4u_1636_536.json,,chronological_even_rank_cap32_v1,False
95087-01-61-10,4u_1636_536,4U 1636-536,4U_1636-53,NS,NS,95087,14,55514.30402,2706.0,1938.0,AO14/P95087/95087-01-61-10,explicit_designation_and_independent_catalog_position,high,0.0013843821599843,250.2292,-53.7514,archived,ACCEPTED_CANDIDATE,data/provenance/reconstruction/query_4u_1636_536.json,,chronological_even_rank_cap32_v1,False
96087-01-25-00,4u_1636_536,4U 1636-536,4U_1636-53,NS,NS,96087,15,55610.68275,4554.0,1958.0,AO15/P96087/96087-01-25-00,explicit_designation_and_independent_catalog_position,high,0.0013843821599843,250.2292,-53.7514,archived,ACCEPTED_CANDIDATE,data/provenance/reconstruction/query_4u_1636_536.json,,chronological_even_rank_cap32_v1,False
96087-01-77-00,4u_1636_536,4U 1636-536,4U_1636-53,NS,NS,96087,15,55714.34322,3392.0,2188.0,AO15/P96087/96087-01-77-00,explicit_designation_and_independent_catalog_position,high,0.0013843821599843,250.2292,-53.7514,archived,ACCEPTED_CANDIDATE,data/provenance/reconstruction/query_4u_1636_536.json,,chronological_even_rank_cap32_v1,False
96087-01-28-10,4u_1636_536,4U 1636-536,4U_1636-53,NS,NS,96087,15,55812.08556,3508.0,1956.0,AO15/P96087/96087-01-28-10,explicit_designation_and_independent_catalog_position,high,0.0013843821599843,250.2292,-53.7514,archived,ACCEPTED_CANDIDATE,data/provenance/reconstruction/query_4u_1636_536.json,,chronological_even_rank_cap32_v1,False
96087-01-84-10,4u_1636_536,4U 1636-536,4U_1636-53,NS,NS,96087,15,55924.1583,3132.0,2097.0,AO15/P96087/96087-01-84-10,explicit_designation_and_independent_catalog_position,high,0.0013843821599843,250.2292,-53.7514,archived,ACCEPTED_CANDIDATE,data/provenance/reconstruction/query_4u_1636_536.json,,chronological_even_rank_cap32_v1,True
20084-02-01-00,4u_1702_429,4U 1702-429,4U_1702-429,NS,NS,20084,2,50648.36021,43552.0,20492.0,AO2/P20084/20084-02-01-00,explicit_designation_and_independent_catalog_position,high,0.0004499592930494,256.56329,-43.036,archived,ACCEPTED_CANDIDATE,data/provenance/reconstruction/query_4u_1702_429.json,,chronological_even_rank_cap32_v1,True
20084-02-01-03,4u_1702_429,4U 1702-429,4U_1702-429,NS,NS,20084,2,50655.16582,8982.0,4944.0,AO2/P20084/20084-02-01-03,explicit_designation_and_independent_catalog_position,high,0.0004499592930494,256.56329,-43.036,archived,ACCEPTED_CANDIDATE,data/provenance/reconstruction/query_4u_1702_429.json,,chronological_even_rank_cap32_v1,False
20084-02-02-01,4u_1702_429,4U 1702-429,4U_1702-429,NS,NS,20084,2,50655.82751,9287.0,6523.0,AO2/P20084/20084-02-02-01,explicit_designation_and_independent_catalog_position,high,0.0004499592930494,256.56329,-43.036,archived,ACCEPTED_CANDIDATE,data/provenance/reconstruction/query_4u_1702_429.json,,chronological_even_rank_cap32_v1,False
40025-04-01-01,4u_1702_429,4U 1702-429,4U_1702-429,NS,NS,40025,4,51231.11023,8821.0,4409.0,AO4/P40025/40025-04-01-01,explicit_designation_and_independent_catalog_position,high,0.0006434499181003,256.56299,-43.036,archived,ACCEPTED_CANDIDATE,data/provenance/reconstruction/query_4u_1702_429.json,,chronological_even_rank_cap32_v1,False
40025-04-02-00,4u_1702_429,4U 1702-429,4U_1702-429,NS,NS,40025,4,51233.40193,4822.0,2931.0,AO4/P40025/40025-04-02-00,explicit_designation_and_independent_catalog_position,high,0.0006434499181003,256.56299,-43.036,archived,ACCEPTED_CANDIDATE,data/provenance/reconstruction/query_4u_1702_429.json,,chronological_even_rank_cap32_v1,False
40025-04-03-01,4u_1702_429,4U 1702-429,4U_1702-429,NS,NS,40025,4,51237.49037,3120.0,2868.0,AO4/P40025/40025-04-03-01,explicit_designation_and_independent_catalog_position,high,0.0006434499181003,256.56299,-43.036,archived,ACCEPTED_CANDIDATE,data/provenance/reconstruction/query_4u_1702_429.json,,chronological_even_rank_cap32_v1,False
40025-04-03-03,4u_1702_429,4U 1702-429,4U_1702-429,NS,NS,40025,4,51241.96398,3442.0,2994.0,AO4/P40025/40025-04-03-03,explicit_designation_and_independent_catalog_position,high,0.0006434499181003,256.56299,-43.036,archived,ACCEPTED_CANDIDATE,data/provenance/reconstruction/query_4u_1702_429.json,,chronological_even_rank_cap32_v1,False
50030-01-01-07,4u_1702_429,4U 1702-429,4U_1702-429,NS,NS,50030,5,51717.06189,2047.0,929.0,AO5/P50030/50030-01-01-07,explicit_designation_and_independent_catalog_position,high,0.0006434499181003,256.56299,-43.036,archived,ACCEPTED_CANDIDATE,data/provenance/reconstruction/query_4u_1702_429.json,,chronological_even_rank_cap32_v1,False
50030-01-01-03,4u_1702_429,4U 1702-429,4U_1702-429,NS,NS,50030,5,51717.32798,4216.0,2364.0,AO5/P50030/50030-01-01-03,explicit_designation_and_independent_catalog_position,high,0.0006434499181003,256.56299,-43.036,archived,ACCEPTED_CANDIDATE,data/provenance/reconstruction/query_4u_1702_429.json,,chronological_even_rank_cap32_v1,False
50030-01-01-05,4u_1702_429,4U 1702-429,4U_1702-429,NS,NS,50030,5,51717.60715,4094.0,2842.0,AO5/P50030/50030-01-01-05,explicit_designation_and_independent_catalog_position,high,0.0006434499181003,256.56299,-43.036,archived,ACCEPTED_CANDIDATE,data/provenance/reconstruction/query_4u_1702_429.json,,chronological_even_rank_cap32_v1,False
50030-01-02-00,4u_1702_429,4U 1702-429,4U_1702-429,NS,NS,50030,5,51748.22161,32795.0,19964.0,AO5/P50030/50030-01-02-00,explicit_designation_and_independent_catalog_position,high,0.0006434499181003,256.56299,-43.036,archived,ACCEPTED_CANDIDATE,data/provenance/reconstruction/query_4u_1702_429.json,,chronological_even_rank_cap32_v1,False
50030-01-03-02,4u_1702_429,4U 1702-429,4U_1702-429,NS,NS,50030,5,51770.94445,3104.0,1918.0,AO5/P50030/50030-01-03-02,explicit_designation_and_independent_catalog_position,high,0.0006434499181003,256.56299,-43.036,archived,ACCEPTED_CANDIDATE,data/provenance/reconstruction/query_4u_1702_429.json,,chronological_even_rank_cap32_v1,False
50025-01-01-01,4u_1702_429,4U 1702-429,4U1702-429,NS,NS,50025,5,51781.03822,3692.0,1555.0,AO5/P50025/50025-01-01-01,explicit_designation_and_independent_catalog_position,high,0.0002877334799907,256.56399,-43.036,archived,ACCEPTED_CANDIDATE,data/provenance/reconstruction/query_4u_1702_429.json,,chronological_even_rank_cap32_v1,False
50025-01-01-03,4u_1702_429,4U 1702-429,4U1702-429,NS,NS,50025,5,51781.50852,2640.0,2245.0,AO5/P50025/50025-01-01-03,explicit_designation_and_independent_catalog_position,high,0.0002877334799907,256.56399,-43.036,archived,ACCEPTED_CANDIDATE,data/provenance/reconstruction/query_4u_1702_429.json,,chronological_even_rank_cap32_v1,False
50025-01-01-05,4u_1702_429,4U 1702-429,4U1702-429,NS,NS,50025,5,51781.72578,2496.0,1797.0,AO5/P50025/50025-01-01-05,explicit_designation_and_independent_catalog_position,high,0.0002877334799907,256.56399,-43.036,archived,ACCEPTED_CANDIDATE,data/provenance/reconstruction/query_4u_1702_429.json,,chronological_even_rank_cap32_v1,False
50025-01-01-07,4u_1702_429,4U 1702-429,4U1702-429,NS,NS,50025,5,51782.03495,4633.0,1519.0,AO5/P50025/50025-01-01-07,explicit_designation_and_independent_catalog_position,high,0.0002877334799907,256.56399,-43.036,archived,ACCEPTED_CANDIDATE,data/provenance/reconstruction/query_4u_1702_429.json,,chronological_even_rank_cap32_v1,False
50030-01-05-00,4u_1702_429,4U 1702-429,4U_1702-429,NS,NS,50030,5,51859.85249,29587.0,18528.0,AO5/P50030/50030-01-05-00,explicit_designation_and_independent_catalog_position,high,0.0006434499181003,256.56299,-43.036,archived,ACCEPTED_CANDIDATE,data/provenance/reconstruction/query_4u_1702_429.json,,chronological_even_rank_cap32_v1,True
50030-01-06-00,4u_1702_429,4U 1702-429,4U_1702-429,NS,NS,50030,5,51914.72939,29492.0,19101.0,AO5/P50030/50030-01-06-00,explicit_designation_and_independent_catalog_position,high,0.0006434499181003,256.56299,-43.036,archived,ACCEPTED_CANDIDATE,data/provenance/reconstruction/query_4u_1702_429.json,,chronological_even_rank_cap32_v1,False
50030-01-07-00,4u_1702_429,4U 1702-429,4U_1702-429,NS,NS,50030,5,51938.95788,26992.0,17055.0,AO5/P50030/50030-01-07-00,explicit_designation_and_independent_catalog_position,high,0.0006434499181003,256.56299,-43.036,archived,ACCEPTED_CANDIDATE,data/provenance/reconstruction/query_4u_1702_429.json,,chronological_even_rank_cap32_v1,False
50030-01-09-01,4u_1702_429,4U 1702-429,4U_1702-429,NS,NS,50030,5,51950.69039,3242.0,2199.0,AO5/P50030/50030-01-09-01,explicit_designation_and_independent_catalog_position,high,0.0006434499181003,256.56299,-43.036,archived,ACCEPTED_CANDIDATE,data/provenance/reconstruction/query_4u_1702_429.json,,chronological_even_rank_cap32_v1,False
50030-01-09-02,4u_1702_429,4U 1702-429,4U_1702-429,NS,NS,50030,5,51950.82362,4151.0,3415.0,AO5/P50030/50030-01-09-02,explicit_designation_and_independent_catalog_position,high,0.0006434499181003,256.56299,-43.036,archived,ACCEPTED_CANDIDATE,data/provenance/reconstruction/query_4u_1702_429.json,,chronological_even_rank_cap32_v1,False
50030-01-09-04,4u_1702_429,4U 1702-429,4U_1702-429,NS,NS,50030,5,51950.95626,4151.0,3416.0,AO5/P50030/50030-01-09-04,explicit_designation_and_independent_catalog_position,high,0.0006434499181003,256.56299,-43.036,archived,ACCEPTED_CANDIDATE,data/provenance/reconstruction/query_4u_1702_429.json,,chronological_even_rank_cap32_v1,False
50030-01-10-00,4u_1702_429,4U 1702-429,4U_1702-429,NS,NS,50030,5,51961.56207,4992.0,3674.0,AO5/P50030/50030-01-10-00,explicit_designation_and_independent_catalog_position,high,0.0006434499181003,256.56299,-43.036,archived,ACCEPTED_CANDIDATE,data/provenance/reconstruction/query_4u_1702_429.json,,chronological_even_rank_cap32_v1,False
50030-01-10-02,4u_1702_429,4U 1702-429,4U_1702-429,NS,NS,50030,5,51961.77053,11101.0,6592.0,AO5/P50030/50030-01-10-02,explicit_designation_and_independent_catalog_position,high,0.0006434499181003,256.56299,-43.036,archived,ACCEPTED_CANDIDATE,data/provenance/reconstruction/query_4u_1702_429.json,,chronological_even_rank_cap32_v1,False
50030-01-11-01,4u_1702_429,4U 1702-429,4U_1702-429,NS,NS,50030,5,52000.97521,2960.0,2118.0,AO5/P50030/50030-01-11-01,explicit_designation_and_independent_catalog_position,high,0.0006434499181003,256.56299,-43.036,archived,ACCEPTED_CANDIDATE,data/provenance/reconstruction/query_4u_1702_429.json,,chronological_even_rank_cap32_v1,False
50030-01-11-02,4u_1702_429,4U 1702-429,4U_1702-429,NS,NS,50030,5,52131.00008,1087.0,655.0,AO5/P50030/50030-01-11-02,explicit_designation_and_independent_catalog_position,high,0.0006434499181003,256.56299,-43.036,archived,ACCEPTED_CANDIDATE,data/provenance/reconstruction/query_4u_1702_429.json,,chronological_even_rank_cap32_v1,False
50030-01-13-01,4u_1702_429,4U 1702-429,4U_1702-429,NS,NS,50030,5,52168.06482,9720.0,6854.0,AO5/P50030/50030-01-13-01,explicit_designation_and_independent_catalog_position,high,0.0006434499181003,256.56299,-43.036,archived,ACCEPTED_CANDIDATE,data/provenance/reconstruction/query_4u_1702_429.json,,chronological_even_rank_cap32_v1,False
50030-01-14-02,4u_1702_429,4U 1702-429,4U_1702-429,NS,NS,50030,5,52229.57416,3287.0,2541.0,AO5/P50030/50030-01-14-02,explicit_designation_and_independent_catalog_position,high,0.0006434499181003,256.56299,-43.036,archived,ACCEPTED_CANDIDATE,data/provenance/reconstruction/query_4u_1702_429.json,,chronological_even_rank_cap32_v1,False
50030-01-14-03,4u_1702_429,4U 1702-429,4U_1702-429,NS,NS,50030,5,52229.83641,3964.0,2769.0,AO5/P50030/50030-01-14-03,explicit_designation_and_independent_catalog_position,high,0.0006434499181003,256.56299,-43.036,archived,ACCEPTED_CANDIDATE,data/provenance/reconstruction/query_4u_1702_429.json,,chronological_even_rank_cap32_v1,False
94415-01-01-01,4u_1702_429,4U 1702-429,4U_1702-429,NS,NS,94415,13,54892.85494,4105.0,3235.0,AO13/P94415/94415-01-01-01,explicit_designation_and_independent_catalog_position,high,5.251119438003828e-05,256.56381,-43.0358,archived,ACCEPTED_CANDIDATE,data/provenance/reconstruction/query_4u_1702_429.json,,chronological_even_rank_cap32_v1,False
94415-01-02-01,4u_1702_429,4U 1702-429,4U_1702-429,NS,NS,94415,13,55125.9079,10725.0,7694.0,AO13/P94415/94415-01-02-01,explicit_designation_and_independent_catalog_position,high,5.200000000205267e-05,256.5638,-43.0358,archived,ACCEPTED_CANDIDATE,data/provenance/reconstruction/query_4u_1702_429.json,,chronological_even_rank_cap32_v1,False
95338-04-01-01,4u_1702_429,4U 1702-429,4U1702-429,NS,NS,95338,14,55376.7695,2502.0,1666.0,AO14/P95338/95338-04-01-01,explicit_designation_and_independent_catalog_position,high,0.005472663543715,256.56451,-43.0303,archived,ACCEPTED_CANDIDATE,data/provenance/reconstruction/query_4u_1702_429.json,,chronological_even_rank_cap32_v1,True
70038-01-01-00,4u_1705_44,4U 1705-44,4U_1705-44,NS,NS,70038,7,52392.90718,16017.0,12373.0,AO7/P70038/70038-01-01-00,explicit_designation_and_independent_catalog_position,high,0.0017983042149446,257.229,-44.101,archived,ACCEPTED_CANDIDATE,data/provenance/reconstruction/query_4u_1705_44.json,,chronological_even_rank_cap32_v1,True
91039-01-01-10,4u_1705_44,4U 1705-44,4U_1705-44,NS,NS,91039,10,53517.12162,2897.0,1958.0,AO10/P91039/91039-01-01-10,explicit_designation_and_independent_catalog_position,high,0.0025958258155941,257.22919,-44.1,archived,ACCEPTED_CANDIDATE,data/provenance/reconstruction/query_4u_1705_44.json,,chronological_even_rank_cap32_v1,False
91039-01-01-50,4u_1705_44,4U 1705-44,4U_1705-44,NS,NS,91039,10,53545.96086,1559.0,758.0,AO10/P91039/91039-01-01-50,explicit_designation_and_independent_catalog_position,high,0.0025958258155941,257.22919,-44.1,archived,ACCEPTED_CANDIDATE,data/provenance/reconstruction/query_4u_1705_44.json,,chronological_even_rank_cap32_v1,False
91039-01-02-30,4u_1705_44,4U 1705-44,4U_1705-44,NS,NS,91039,10,53650.55153,2543.0,1677.0,AO10/P91039/91039-01-02-30,explicit_designation_and_independent_catalog_position,high,0.0025958258155941,257.22919,-44.1,archived,ACCEPTED_CANDIDATE,data/provenance/reconstruction/query_4u_1705_44.json,,chronological_even_rank_cap32_v1,False
91039-01-02-61,4u_1705_44,4U 1705-44,4U_1705-44,NS,NS,91039,10,53674.91373,3913.0,1826.0,AO10/P91039/91039-01-02-61,explicit_designation_and_independent_catalog_position,high,0.0025958258155941,257.22919,-44.1,archived,ACCEPTED_CANDIDATE,data/provenance/reconstruction/query_4u_1705_44.json,,chronological_even_rank_cap32_v1,False
91039-01-03-33,4u_1705_44,4U 1705-44,4U_1705-44,NS,NS,91039,10,54048.34548,3318.0,1977.0,AO10/P91039/91039-01-03-33,explicit_designation_and_independent_catalog_position,high,0.0025958258155941,257.22919,-44.1,archived,ACCEPTED_CANDIDATE,data/provenance/reconstruction/query_4u_1705_44.json,,chronological_even_rank_cap32_v1,False
93060-01-10-00,4u_1705_44,4U 1705-44,4U_1705-44,NS,NS,93060,12,54312.43399,5899.0,2918.0,AO12/P93060/93060-01-10-00,explicit_designation_and_independent_catalog_position,high,0.0014075822992713,257.22501,-44.1019,archived,ACCEPTED_CANDIDATE,data/provenance/reconstruction/query_4u_1705_44.json,,chronological_even_rank_cap32_v1,False
93060-01-22-00,4u_1705_44,4U 1705-44,4U_1705-44,NS,NS,93060,12,54360.15777,4256.0,2137.0,AO12/P93060/93060-01-22-00,explicit_designation_and_independent_catalog_position,high,0.0014075822992713,257.22501,-44.1019,archived,ACCEPTED_CANDIDATE,data/provenance/reconstruction/query_4u_1705_44.json,,chronological_even_rank_cap32_v1,False
93060-01-35-00,4u_1705_44,4U 1705-44,4U_1705-44,NS,NS,93060,12,54412.18179,5689.0,2844.0,AO12/P93060/93060-01-35-00,explicit_designation_and_independent_catalog_position,high,0.0014075822992713,257.22501,-44.1019,archived,ACCEPTED_CANDIDATE,data/provenance/reconstruction/query_4u_1705_44.json,,chronological_even_rank_cap32_v1,False
93060-01-58-00,4u_1705_44,4U 1705-44,4U_1705-44,NS,NS,93060,12,54504.85662,3568.0,2872.0,AO12/P93060/93060-01-58-00,explicit_designation_and_independent_catalog_position,high,0.0014075822992713,257.22501,-44.1019,archived,ACCEPTED_CANDIDATE,data/provenance/reconstruction/query_4u_1705_44.json,,chronological_even_rank_cap32_v1,False
93060-01-71-00,4u_1705_44,4U 1705-44,4U_1705-44,NS,NS,93060,12,54556.88451,2723.0,1953.0,AO12/P93060/93060-01-71-00,explicit_designation_and_independent_catalog_position,high,0.0014075822992713,257.22501,-44.1019,archived,ACCEPTED_CANDIDATE,data/provenance/reconstruction/query_4u_1705_44.json,,chronological_even_rank_cap32_v1,False
93060-01-85-00,4u_1705_44,4U 1705-44,4U_1705-44,NS,NS,93060,12,54612.76661,2898.0,1925.0,AO12/P93060/93060-01-85-00,explicit_designation_and_independent_catalog_position,high,0.0014075822992713,257.22501,-44.1019,archived,ACCEPTED_CANDIDATE,data/provenance/reconstruction/query_4u_1705_44.json,,chronological_even_rank_cap32_v1,False
93060-01-01-10,4u_1705_44,4U 1705-44,4U_1705-44,NS,NS,93060,12,54668.06536,2474.0,1900.0,AO12/P93060/93060-01-01-10,explicit_designation_and_independent_catalog_position,high,0.0014075822992713,257.22501,-44.1019,archived,ACCEPTED_CANDIDATE,data/provenance/reconstruction/query_4u_1705_44.json,,chronological_even_rank_cap32_v1,False
93060-01-14-10,4u_1705_44,4U 1705-44,4U_1705-44,NS,NS,93060,12,54720.20147,2296.0,1927.0,AO12/P93060/93060-01-14-10,explicit_designation_and_independent_catalog_position,high,0.0014075822992713,257.22501,-44.1019,archived,ACCEPTED_CANDIDATE,data/provenance/reconstruction/query_4u_1705_44.json,,chronological_even_rank_cap32_v1,False
93060-01-28-10,4u_1705_44,4U 1705-44,4U_1705-44,NS,NS,93060,12,54776.91675,5431.0,3574.0,AO12/P93060/93060-01-28-10,explicit_designation_and_independent_catalog_position,high,0.0014075822992713,257.22501,-44.1019,archived,ACCEPTED_CANDIDATE,data/provenance/reconstruction/query_4u_1705_44.json,,chronological_even_rank_cap32_v1,False
94060-01-02-00,4u_1705_44,4U 1705-44,4U_1705-44,NS,NS,94060,13,54870.15964,3138.0,2050.0,AO13/P94060/94060-01-02-00,explicit_designation_and_independent_catalog_position,high,0.0014075822992713,257.22501,-44.1019,archived,ACCEPTED_CANDIDATE,data/provenance/reconstruction/query_4u_1705_44.json,,chronological_even_rank_cap32_v1,False
94060-01-15-00,4u_1705_44,4U 1705-44,4U_1705-44,NS,NS,94060,13,54922.74788,6027.0,3175.0,AO13/P94060/94060-01-15-00,explicit_designation_and_independent_catalog_position,high,0.0014075822992713,257.22501,-44.1019,archived,ACCEPTED_CANDIDATE,data/provenance/reconstruction/query_4u_1705_44.json,,chronological_even_rank_cap32_v1,True
94060-01-30-00,4u_1705_44,4U 1705-44,4U_1705-44,NS,NS,94060,13,54982.93215,3050.0,1879.0,AO13/P94060/94060-01-30-00,explicit_designation_and_independent_catalog_position,high,0.0014075822992713,257.22501,-44.1019,archived,ACCEPTED_CANDIDATE,data/provenance/reconstruction/query_4u_1705_44.json,,chronological_even_rank_cap32_v1,False
94060-01-46-00,4u_1705_44,4U 1705-44,4U_1705-44,NS,NS,94060,13,55046.31339,5644.0,2545.0,AO13/P94060/94060-01-46-00,explicit_designation_and_independent_catalog_position,high,0.0014075822992713,257.22501,-44.1019,archived,ACCEPTED_CANDIDATE,data/provenance/reconstruction/query_4u_1705_44.json,,chronological_even_rank_cap32_v1,False
94060-01-61-00,4u_1705_44,4U 1705-44,4U_1705-44,NS,NS,94060,13,55106.29502,5658.0,3304.0,AO13/P94060/94060-01-61-00,explicit_designation_and_independent_catalog_position,high,0.0014075822992713,257.22501,-44.1019,archived,ACCEPTED_CANDIDATE,data/provenance/reconstruction/query_4u_1705_44.json,,chronological_even_rank_cap32_v1,False
95060-01-07-00,4u_1705_44,4U 1705-44,4U_1705-44,NS,NS,95060,14,55222.26336,2774.0,1768.0,AO14/P95060/95060-01-07-00,explicit_designation_and_independent_catalog_position,high,0.0014075822992713,257.22501,-44.1019,archived,ACCEPTED_CANDIDATE,data/provenance/reconstruction/query_4u_1705_44.json,,chronological_even_rank_cap32_v1,False
95060-01-22-00,4u_1705_44,4U 1705-44,4U_1705-44,NS,NS,95060,14,55282.09597,2636.0,2311.0,AO14/P95060/95060-01-22-00,explicit_designation_and_independent_catalog_position,high,0.0014075822992713,257.22501,-44.1019,archived,ACCEPTED_CANDIDATE,data/provenance/reconstruction/query_4u_1705_44.json,,chronological_even_rank_cap32_v1,False
95060-01-36-00,4u_1705_44,4U 1705-44,4U_1705-44,NS,NS,95060,14,55338.59314,4641.0,1999.0,AO14/P95060/95060-01-36-00,explicit_designation_and_independent_catalog_position,high,0.0014075822992713,257.22501,-44.1019,archived,ACCEPTED_CANDIDATE,data/provenance/reconstruction/query_4u_1705_44.json,,chronological_even_rank_cap32_v1,False
95060-01-50-00,4u_1705_44,4U 1705-44,4U_1705-44,NS,NS,95060,14,55393.8832,2779.0,1938.0,AO14/P95060/95060-01-50-00,explicit_designation_and_independent_catalog_position,high,0.0014075822992713,257.22501,-44.1019,archived,ACCEPTED_CANDIDATE,data/provenance/reconstruction/query_4u_1705_44.json,,chronological_even_rank_cap32_v1,False
95060-01-63-00,4u_1705_44,4U 1705-44,4U_1705-44,NS,NS,95060,14,55446.25524,5666.0,2332.0,AO14/P95060/95060-01-63-00,explicit_designation_and_independent_catalog_position,high,0.0014075822992713,257.22501,-44.1019,archived,ACCEPTED_CANDIDATE,data/provenance/reconstruction/query_4u_1705_44.json,,chronological_even_rank_cap32_v1,False
95060-01-77-00,4u_1705_44,4U 1705-44,4U_1705-44,NS,NS,95060,14,55502.0877,4802.0,1464.0,AO14/P95060/95060-01-77-00,explicit_designation_and_independent_catalog_position,high,0.0014075822992713,257.22501,-44.1019,archived,ACCEPTED_CANDIDATE,data/provenance/reconstruction/query_4u_1705_44.json,,chronological_even_rank_cap32_v1,False
96060-01-10-00,4u_1705_44,4U 1705-44,4U_1705-44,NS,NS,96060,15,55600.7563,3836.0,1730.0,AO15/P96060/96060-01-10-00,explicit_designation_and_independent_catalog_position,high,0.0014075822992713,257.22501,-44.1019,archived,ACCEPTED_CANDIDATE,data/provenance/reconstruction/query_4u_1705_44.json,,chronological_even_rank_cap32_v1,False
96060-01-23-00,4u_1705_44,4U 1705-44,4U_1705-44,NS,NS,96060,15,55652.56258,3866.0,2087.0,AO15/P96060/96060-01-23-00,explicit_designation_and_independent_catalog_position,high,0.0014075822992713,257.22501,-44.1019,archived,ACCEPTED_CANDIDATE,data/provenance/reconstruction/query_4u_1705_44.json,,chronological_even_rank_cap32_v1,False
96060-01-36-00,4u_1705_44,4U 1705-44,4U_1705-44,NS,NS,96060,15,55704.67958,4717.0,3407.0,AO15/P96060/96060-01-36-00,explicit_designation_and_independent_catalog_position,high,0.0014075822992713,257.22501,-44.1019,archived,ACCEPTED_CANDIDATE,data/provenance/reconstruction/query_4u_1705_44.json,,chronological_even_rank_cap32_v1,False
96060-01-51-00,4u_1705_44,4U 1705-44,4U_1705-44,NS,NS,96060,15,55764.36258,1800.0,1601.0,AO15/P96060/96060-01-51-00,explicit_designation_and_independent_catalog_position,high,0.0014075822992713,257.22501,-44.1019,archived,ACCEPTED_CANDIDATE,data/provenance/reconstruction/query_4u_1705_44.json,,chronological_even_rank_cap32_v1,False
96060-01-65-00,4u_1705_44,4U 1705-44,4U_1705-44,NS,NS,96060,15,55820.51871,2827.0,1743.0,AO15/P96060/96060-01-65-00,explicit_designation_and_independent_catalog_position,high,0.0014075822992713,257.22501,-44.1019,archived,ACCEPTED_CANDIDATE,data/provenance/reconstruction/query_4u_1705_44.json,,chronological_even_rank_cap32_v1,False
96060-01-78-00,4u_1705_44,4U 1705-44,4U_1705-44,NS,NS,96060,15,55884.98758,4156.0,1800.0,AO15/P96060/96060-01-78-00,explicit_designation_and_independent_catalog_position,high,0.0014075822992713,257.22501,-44.1019,archived,ACCEPTED_CANDIDATE,data/provenance/reconstruction/query_4u_1705_44.json,,chronological_even_rank_cap32_v1,True
10410-01-01-00,4u_1728_34,4U 1728-34,4U1728-34,NS,NS,10410,1,50206.57118,1189.0,255.0,AO1/P10410/10410-01-01-00,explicit_designation_and_independent_catalog_position,high,0.0011217863731542,262.98901,-33.834,archived,ACCEPTED_CANDIDATE,data/provenance/reconstruction/query_4u_1728_34.json,,chronological_even_rank_cap32_v1,True
30042-03-02-00,4u_1728_34,4U 1728-34,4U_1728-34,NS,NS,30042,3,51093.20911,17428.0,10364.0,AO3/P30042/30042-03-02-00,explicit_designation_and_independent_catalog_position,high,0.0016529944349568,262.98901,-33.835,archived,ACCEPTED_CANDIDATE,data/provenance/reconstruction/query_4u_1728_34.json,,chronological_even_rank_cap32_v1,False
30042-03-08-00,4u_1728_34,4U 1728-34,4U_1728-34,NS,NS,30042,3,51122.16605,13235.0,6769.0,AO3/P30042/30042-03-08-00,explicit_designation_and_independent_catalog_position,high,0.0016529944349568,262.98901,-33.835,archived,ACCEPTED_CANDIDATE,data/provenance/reconstruction/query_4u_1728_34.json,,chronological_even_rank_cap32_v1,False
30042-03-17-00,4u_1728_34,4U 1728-34,4U_1728-34,NS,NS,30042,3,51134.53845,4242.0,3431.0,AO3/P30042/30042-03-17-00,explicit_designation_and_independent_catalog_position,high,0.0016529944349568,262.98901,-33.835,archived,ACCEPTED_CANDIDATE,data/provenance/reconstruction/query_4u_1728_34.json,,chronological_even_rank_cap32_v1,False
40033-06-02-05,4u_1728_34,4U 1728-34,4U_1728-34,NS,NS,40033,4,51206.11687,3600.0,2723.0,AO4/P40033/40033-06-02-05,explicit_designation_and_independent_catalog_position,high,0.0016529944349568,262.98901,-33.835,archived,ACCEPTED_CANDIDATE,data/provenance/reconstruction/query_4u_1728_34.json,,chronological_even_rank_cap32_v1,False
40027-06-01-02,4u_1728_34,4U 1728-34,4U_1728-34,NS,NS,40027,4,51237.17241,9528.0,6027.0,AO4/P40027/40027-06-01-02,explicit_designation_and_independent_catalog_position,high,0.0029526048319495,262.98801,-33.836,archived,ACCEPTED_CANDIDATE,data/provenance/reconstruction/query_4u_1728_34.json,,chronological_even_rank_cap32_v1,False
40027-08-02-02,4u_1728_34,4U 1728-34,4U_1728-34,NS,NS,40027,4,51366.34469,3139.0,1699.0,AO4/P40027/40027-08-02-02,explicit_designation_and_independent_catalog_position,high,0.0029526048319495,262.98801,-33.836,archived,ACCEPTED_CANDIDATE,data/provenance/reconstruction/query_4u_1728_34.json,,chronological_even_rank_cap32_v1,False
40019-03-01-02,4u_1728_34,4U 1728-34,4U1728-34,NS,NS,40019,4,51442.73239,3421.0,2139.0,AO4/P40019/40019-03-01-02,explicit_designation_and_independent_catalog_position,high,0.0016529944349568,262.98901,-33.835,archived,ACCEPTED_CANDIDATE,data/provenance/reconstruction/query_4u_1728_34.json,,chronological_even_rank_cap32_v1,False
50029-23-01-00,4u_1728_34,4U 1728-34,4U_1728-34,NS,NS,50029,5,51652.39999,3717.0,2460.0,AO5/P50029/50029-23-01-00,explicit_designation_and_independent_catalog_position,high,0.0016529944349568,262.98901,-33.835,archived,ACCEPTED_CANDIDATE,data/provenance/reconstruction/query_4u_1728_34.json,,chronological_even_rank_cap32_v1,False
50023-01-19-00,4u_1728_34,4U 1728-34,4U_1728-34,NS,NS,50023,5,51685.49141,4160.0,2740.0,AO5/P50023/50023-01-19-00,explicit_designation_and_independent_catalog_position,high,0.0016529944349568,262.98901,-33.835,archived,ACCEPTED_CANDIDATE,data/provenance/reconstruction/query_4u_1728_34.json,,chronological_even_rank_cap32_v1,False
50023-01-31-00,4u_1728_34,4U 1728-34,4U_1728-34,NS,NS,50023,5,51730.41855,6085.0,2794.0,AO5/P50023/50023-01-31-00,explicit_designation_and_independent_catalog_position,high,0.0016529944349568,262.98901,-33.835,archived,ACCEPTED_CANDIDATE,data/provenance/reconstruction/query_4u_1728_34.json,,chronological_even_rank_cap32_v1,False
50030-03-05-01,4u_1728_34,4U 1728-34,4U_1728-34,NS,NS,50030,5,52024.4923,4563.0,2949.0,AO5/P50030/50030-03-05-01,explicit_designation_and_independent_catalog_position,high,0.0016529944349568,262.98901,-33.835,archived,ACCEPTED_CANDIDATE,data/provenance/reconstruction/query_4u_1728_34.json,,chronological_even_rank_cap32_v1,False
50030-03-08-00,4u_1728_34,4U 1728-34,4U_1728-34,NS,NS,50030,5,52200.31367,21369.0,13954.0,AO5/P50030/50030-03-08-00,explicit_designation_and_independent_catalog_position,high,0.0016529944349568,262.98901,-33.835,archived,ACCEPTED_CANDIDATE,data/provenance/reconstruction/query_4u_1728_34.json,,chronological_even_rank_cap32_v1,False
70028-01-01-08,4u_1728_34,4U 1728-34,4U_1728-34,NS,NS,70028,7,52336.87321,3757.0,2108.0,AO7/P70028/70028-01-01-08,explicit_designation_and_independent_catalog_position,high,0.0016529944349568,262.98901,-33.835,archived,ACCEPTED_CANDIDATE,data/provenance/reconstruction/query_4u_1728_34.json,,chronological_even_rank_cap32_v1,False
91023-01-02-00,4u_1728_34,4U 1728-34,4U_1728-34,NS,NS,91023,10,53465.17557,10487.0,7638.0,AO10/P91023/91023-01-02-00,explicit_designation_and_independent_catalog_position,high,0.0014907804258614,262.9917,-33.8328,archived,ACCEPTED_CANDIDATE,data/provenance/reconstruction/query_4u_1728_34.json,,chronological_even_rank_cap32_v1,False
92023-03-07-00,4u_1728_34,4U 1728-34,4U_1728-34,NS,NS,92023,11,53810.21631,2668.0,1796.0,AO11/P92023/92023-03-07-00,explicit_designation_and_independent_catalog_position,high,0.0013262759456816,262.9892,-33.8347,archived,ACCEPTED_CANDIDATE,data/provenance/reconstruction/query_4u_1728_34.json,,chronological_even_rank_cap32_v1,False
92023-03-22-00,4u_1728_34,4U 1728-34,4U_1728-34,NS,NS,92023,11,53840.60141,2868.0,2033.0,AO11/P92023/92023-03-22-00,explicit_designation_and_independent_catalog_position,high,0.0013262759456816,262.9892,-33.8347,archived,ACCEPTED_CANDIDATE,data/provenance/reconstruction/query_4u_1728_34.json,,chronological_even_rank_cap32_v1,True
92023-03-33-00,4u_1728_34,4U 1728-34,4U_1728-34,NS,NS,92023,11,53862.09401,2821.0,1929.0,AO11/P92023/92023-03-33-00,explicit_designation_and_independent_catalog_position,high,0.0013262759456816,262.9892,-33.8347,archived,ACCEPTED_CANDIDATE,data/provenance/reconstruction/query_4u_1728_34.json,,chronological_even_rank_cap32_v1,False
92023-03-52-00,4u_1728_34,4U 1728-34,4U_1728-34,NS,NS,92023,11,53900.73322,2297.0,1516.0,AO11/P92023/92023-03-52-00,explicit_designation_and_independent_catalog_position,high,0.0013262759456816,262.9892,-33.8347,archived,ACCEPTED_CANDIDATE,data/provenance/reconstruction/query_4u_1728_34.json,,chronological_even_rank_cap32_v1,False
92023-03-81-00,4u_1728_34,4U 1728-34,4U_1728-34,NS,NS,92023,11,53958.42844,2338.0,1845.0,AO11/P92023/92023-03-81-00,explicit_designation_and_independent_catalog_position,high,0.0013262759456816,262.9892,-33.8347,archived,ACCEPTED_CANDIDATE,data/provenance/reconstruction/query_4u_1728_34.json,,chronological_even_rank_cap32_v1,False
92023-03-94-00,4u_1728_34,4U 1728-34,4U_1728-34,NS,NS,92023,11,53984.1628,3823.0,2167.0,AO11/P92023/92023-03-94-00,explicit_designation_and_independent_catalog_position,high,0.0013262759456816,262.9892,-33.8347,archived,ACCEPTED_CANDIDATE,data/provenance/reconstruction/query_4u_1728_34.json,,chronological_even_rank_cap32_v1,False
92023-03-09-10,4u_1728_34,4U 1728-34,4U_1728-34,NS,NS,92023,11,54010.42844,2809.0,1922.0,AO11/P92023/92023-03-09-10,explicit_designation_and_independent_catalog_position,high,0.0013262759456816,262.9892,-33.8347,archived,ACCEPTED_CANDIDATE,data/provenance/reconstruction/query_4u_1728_34.json,,chronological_even_rank_cap32_v1,False
92023-03-22-10,4u_1728_34,4U 1728-34,4U_1728-34,NS,NS,92023,11,54036.09891,3600.0,1927.0,AO11/P92023/92023-03-22-10,explicit_designation_and_independent_catalog_position,high,0.0013262759456816,262.9892,-33.8347,archived,ACCEPTED_CANDIDATE,data/provenance/reconstruction/query_4u_1728_34.json,,chronological_even_rank_cap32_v1,False
92023-03-33-10,4u_1728_34,4U 1728-34,4U_1728-34,NS,NS,92023,11,54118.2742,2941.0,1977.0,AO11/P92023/92023-03-33-10,explicit_designation_and_independent_catalog_position,high,0.0013262759456816,262.9892,-33.8347,archived,ACCEPTED_CANDIDATE,data/provenance/reconstruction/query_4u_1728_34.json,,chronological_even_rank_cap32_v1,False
92023-03-46-10,4u_1728_34,4U 1728-34,4U_1728-34,NS,NS,92023,11,54144.06166,2120.0,1703.0,AO11/P92023/92023-03-46-10,explicit_designation_and_independent_catalog_position,high,0.0013262759456816,262.9892,-33.8347,archived,ACCEPTED_CANDIDATE,data/provenance/reconstruction/query_4u_1728_34.json,,chronological_even_rank_cap32_v1,False
92023-03-47-00,4u_1728_34,4U 1728-34,4U_1728-34,NS,NS,92023,11,54172.54886,3816.0,2055.0,AO11/P92023/92023-03-47-00,explicit_designation_and_independent_catalog_position,high,0.0013262759456816,262.9892,-33.8347,archived,ACCEPTED_CANDIDATE,data/provenance/reconstruction/query_4u_1728_34.json,,chronological_even_rank_cap32_v1,False
92023-03-59-10,4u_1728_34,4U 1728-34,4U_1728-34,NS,NS,92023,11,54194.53711,4398.0,1985.0,AO11/P92023/92023-03-59-10,explicit_designation_and_independent_catalog_position,high,0.0013262759456816,262.9892,-33.8347,archived,ACCEPTED_CANDIDATE,data/provenance/reconstruction/query_4u_1728_34.json,,chronological_even_rank_cap32_v1,False
92023-03-68-00,4u_1728_34,4U 1728-34,4U_1728-34,NS,NS,92023,11,54222.43547,3197.0,1908.0,AO11/P92023/92023-03-68-00,explicit_designation_and_independent_catalog_position,high,0.0013262759456816,262.9892,-33.8347,archived,ACCEPTED_CANDIDATE,data/provenance/reconstruction/query_4u_1728_34.json,,chronological_even_rank_cap32_v1,False
92023-03-74-10,4u_1728_34,4U 1728-34,4U_1728-34,NS,NS,92023,11,54250.52487,2666.0,2061.0,AO11/P92023/92023-03-74-10,explicit_designation_and_independent_catalog_position,high,0.0013262759456816,262.9892,-33.8347,archived,ACCEPTED_CANDIDATE,data/provenance/reconstruction/query_4u_1728_34.json,,chronological_even_rank_cap32_v1,False
92023-03-88-10,4u_1728_34,4U 1728-34,4U_1728-34,NS,NS,92023,11,54278.71519,3120.0,2111.0,AO11/P92023/92023-03-88-10,explicit_designation_and_independent_catalog_position,high,0.0013262759456816,262.9892,-33.8347,archived,ACCEPTED_CANDIDATE,data/provenance/reconstruction/query_4u_1728_34.json,,chronological_even_rank_cap32_v1,False
96322-01-02-01,4u_1728_34,4U 1728-34,4U_1728-34,NS,NS,96322,15,55809.6242,2793.0,1818.0,AO15/P96322/96322-01-02-01,explicit_designation_and_independent_catalog_position,high,0.0013262759456816,262.9892,-33.8347,archived,ACCEPTED_CANDIDATE,data/provenance/reconstruction/query_4u_1728_34.json,,chronological_even_rank_cap32_v1,False
96322-01-05-00,4u_1728_34,4U 1728-34,4U_1728-34,NS,NS,96322,15,55841.06514,41419.0,24914.0,AO15/P96322/96322-01-05-00,explicit_designation_and_independent_catalog_position,high,0.0013262759456816,262.9892,-33.8347,archived,ACCEPTED_CANDIDATE,data/provenance/reconstruction/query_4u_1728_34.json,,chronological_even_rank_cap32_v1,True
20084-01-01-00,4u_1735_444,4U 1735-444,4U_1735-44,NS,NS,20084,2,50661.28966,29651.0,17881.0,AO2/P20084/20084-01-01-00,explicit_designation_and_independent_catalog_position,high,0.0003092954763971,264.74249,-44.4499,archived,ACCEPTED_CANDIDATE,data/provenance/reconstruction/query_4u_1735_444.json,,chronological_even_rank_cap32_v1,True
20084-01-02-03,4u_1735_444,4U 1735-444,4U_1735-44,NS,NS,20084,2,50692.36157,19183.0,8741.0,AO2/P20084/20084-01-02-03,explicit_designation_and_independent_catalog_position,high,0.0003092954763971,264.74249,-44.4499,archived,ACCEPTED_CANDIDATE,data/provenance/reconstruction/query_4u_1735_444.json,,chronological_even_rank_cap32_v1,False
40033-07-01-04,4u_1735_444,4U 1735-444,4U_1735-44,NS,NS,40033,4,51327.22881,17953.0,9122.0,AO4/P40033/40033-07-01-04,explicit_designation_and_independent_catalog_position,high,7.852480196684327e-05,264.74301,-44.45,archived,ACCEPTED_CANDIDATE,data/provenance/reconstruction/query_4u_1735_444.json,,chronological_even_rank_cap32_v1,False
40030-02-04-00,4u_1735_444,4U 1735-444,4U_1735-44,NS,NS,40030,4,51436.4723,2794.0,2142.0,AO4/P40030/40030-02-04-00,explicit_designation_and_independent_catalog_position,high,0.0006424756525849,264.742,-44.45,archived,ACCEPTED_CANDIDATE,data/provenance/reconstruction/query_4u_1735_444.json,,chronological_even_rank_cap32_v1,False
40030-02-09-01,4u_1735_444,4U 1735-444,4U_1735-44,NS,NS,40030,4,51442.54661,1855.0,1384.0,AO4/P40030/40030-02-09-01,explicit_designation_and_independent_catalog_position,high,0.0006424756525849,264.742,-44.45,archived,ACCEPTED_CANDIDATE,data/provenance/reconstruction/query_4u_1735_444.json,,chronological_even_rank_cap32_v1,False
50029-34-01-00,4u_1735_444,4U 1735-444,4U_1735-44,NS,NS,50029,5,51691.40408,5046.0,3011.0,AO5/P50029/50029-34-01-00,explicit_designation_and_independent_catalog_position,high,0.0006424756525849,264.742,-44.45,archived,ACCEPTED_CANDIDATE,data/provenance/reconstruction/query_4u_1735_444.json,,chronological_even_rank_cap32_v1,False
50025-02-01-01,4u_1735_444,4U 1735-444,4U1735-44,NS,NS,50025,5,51782.1069,3696.0,1746.0,AO5/P50025/50025-02-01-01,explicit_designation_and_independent_catalog_position,high,0.0006424756525849,264.742,-44.45,archived,ACCEPTED_CANDIDATE,data/provenance/reconstruction/query_4u_1735_444.json,,chronological_even_rank_cap32_v1,False
50025-02-01-06,4u_1735_444,4U 1735-444,4U1735-44,NS,NS,50025,5,51782.79885,2818.0,1217.0,AO5/P50025/50025-02-01-06,explicit_designation_and_independent_catalog_position,high,0.0006424756525849,264.742,-44.45,archived,ACCEPTED_CANDIDATE,data/provenance/reconstruction/query_4u_1735_444.json,,chronological_even_rank_cap32_v1,False
60042-01-01-01,4u_1735_444,4U 1735-444,4U_1735-44,NS,NS,60042,6,52136.73998,17252.0,11631.0,AO6/P60042/60042-01-01-01,explicit_designation_and_independent_catalog_position,high,0.0006424756525849,264.742,-44.45,archived,ACCEPTED_CANDIDATE,data/provenance/reconstruction/query_4u_1735_444.json,,chronological_even_rank_cap32_v1,False
50026-01-01-03,4u_1735_444,4U 1735-444,4U1735-44,NS,NS,50026,5,52155.48426,4068.0,3315.0,AO5/P50026/50026-01-01-03,explicit_designation_and_independent_catalog_position,high,0.0006424756525849,264.742,-44.45,archived,ACCEPTED_CANDIDATE,data/provenance/reconstruction/query_4u_1735_444.json,,chronological_even_rank_cap32_v1,False
91152-06-01-10,4u_1735_444,4U 1735-444,4U_1735-44,NS,NS,91152,10,53965.00008,7728.0,5995.0,AO10/P91152/91152-06-01-10,explicit_designation_and_independent_catalog_position,high,7.852480196684327e-05,264.74301,-44.45,archived,ACCEPTED_CANDIDATE,data/provenance/reconstruction/query_4u_1735_444.json,,chronological_even_rank_cap32_v1,False
91025-01-01-09,4u_1735_444,4U 1735-444,4U_1735-44,NS,NS,91025,10,53974.99736,3540.0,1595.0,AO10/P91025/91025-01-01-09,explicit_designation_and_independent_catalog_position,high,7.138618390345251e-06,264.74289,-44.45,archived,ACCEPTED_CANDIDATE,data/provenance/reconstruction/query_4u_1735_444.json,,chronological_even_rank_cap32_v1,False
91025-01-01-02,4u_1735_444,4U 1735-444,4U_1735-44,NS,NS,91025,10,53977.61613,1739.0,1109.0,AO10/P91025/91025-01-01-02,explicit_designation_and_independent_catalog_position,high,7.138618390345251e-06,264.74289,-44.45,archived,ACCEPTED_CANDIDATE,data/provenance/reconstruction/query_4u_1735_444.json,,chronological_even_rank_cap32_v1,False
91025-01-04-01,4u_1735_444,4U 1735-444,4U_1735-44,NS,NS,91025,10,54119.00008,10593.0,6431.0,AO10/P91025/91025-01-04-01,explicit_designation_and_independent_catalog_position,high,7.138618390345251e-06,264.74289,-44.45,archived,ACCEPTED_CANDIDATE,data/provenance/reconstruction/query_4u_1735_444.json,,chronological_even_rank_cap32_v1,False
91025-01-04-06,4u_1735_444,4U 1735-444,4U_1735-44,NS,NS,91025,10,54122.33828,31484.0,23577.0,AO10/P91025/91025-01-04-06,explicit_designation_and_independent_catalog_position,high,7.138618390345251e-06,264.74289,-44.45,archived,ACCEPTED_CANDIDATE,data/provenance/reconstruction/query_4u_1735_444.json,,chronological_even_rank_cap32_v1,False
91152-06-02-00,4u_1735_444,4U 1735-444,4U_1735-44,NS,NS,91152,10,54174.57019,16039.0,8031.0,AO10/P91152/91152-06-02-00,explicit_designation_and_independent_catalog_position,high,7.852480196684327e-05,264.74301,-44.45,archived,ACCEPTED_CANDIDATE,data/provenance/reconstruction/query_4u_1735_444.json,,chronological_even_rank_cap32_v1,False
91025-01-06-05,4u_1735_444,4U 1735-444,4U_1735-44,NS,NS,91025,10,54278.85271,5162.0,3851.0,AO10/P91025/91025-01-06-05,explicit_designation_and_independent_catalog_position,high,7.138618390345251e-06,264.74289,-44.45,archived,ACCEPTED_CANDIDATE,data/provenance/reconstruction/query_4u_1735_444.json,,chronological_even_rank_cap32_v1,True
91025-01-05-06,4u_1735_444,4U 1735-444,4U_1735-44,NS,NS,91025,10,54281.66238,2385.0,1096.0,AO10/P91025/91025-01-05-06,explicit_designation_and_independent_catalog_position,high,7.138618390345251e-06,264.74289,-44.45,archived,ACCEPTED_CANDIDATE,data/provenance/reconstruction/query_4u_1735_444.json,,chronological_even_rank_cap32_v1,False
91025-01-08-05,4u_1735_444,4U 1735-444,4U_1735-44,NS,NS,91025,10,54394.96932,3241.0,1640.0,AO10/P91025/91025-01-08-05,explicit_designation_and_independent_catalog_position,high,7.138618390345251e-06,264.74289,-44.45,archived,ACCEPTED_CANDIDATE,data/provenance/reconstruction/query_4u_1735_444.json,,chronological_even_rank_cap32_v1,False
91025-01-08-04,4u_1735_444,4U 1735-444,4U_1735-44,NS,NS,91025,10,54398.17738,9515.0,6846.0,AO10/P91025/91025-01-08-04,explicit_designation_and_independent_catalog_position,high,7.138618390345251e-06,264.74289,-44.45,archived,ACCEPTED_CANDIDATE,data/provenance/reconstruction/query_4u_1735_444.json,,chronological_even_rank_cap32_v1,False
91025-01-09-01,4u_1735_444,4U 1735-444,4U_1735-44,NS,NS,91025,10,54476.00883,4104.0,1893.0,AO10/P91025/91025-01-09-01,explicit_designation_and_independent_catalog_position,high,7.138618390345251e-06,264.74289,-44.45,archived,ACCEPTED_CANDIDATE,data/provenance/reconstruction/query_4u_1735_444.json,,chronological_even_rank_cap32_v1,False
91025-01-09-07,4u_1735_444,4U 1735-444,4U_1735-44,NS,NS,91025,10,54478.02161,16840.0,11879.0,AO10/P91025/91025-01-09-07,explicit_designation_and_independent_catalog_position,high,7.138618390345251e-06,264.74289,-44.45,archived,ACCEPTED_CANDIDATE,data/provenance/reconstruction/query_4u_1735_444.json,,chronological_even_rank_cap32_v1,False
91025-01-09-18,4u_1735_444,4U 1735-444,4U_1735-44,NS,NS,91025,10,54479.48942,2363.0,1283.0,AO10/P91025/91025-01-09-18,explicit_designation_and_independent_catalog_position,high,7.138618390345251e-06,264.74289,-44.45,archived,ACCEPTED_CANDIDATE,data/provenance/reconstruction/query_4u_1735_444.json,,chronological_even_rank_cap32_v1,False
91025-01-10-01,4u_1735_444,4U 1735-444,4U_1735-44,NS,NS,91025,10,54727.91536,4680.0,4545.0,AO10/P91025/91025-01-10-01,explicit_designation_and_independent_catalog_position,high,7.138618390345251e-06,264.74289,-44.45,archived,ACCEPTED_CANDIDATE,data/provenance/reconstruction/query_4u_1735_444.json,,chronological_even_rank_cap32_v1,False
91025-01-11-10,4u_1735_444,4U 1735-444,4U_1735-44,NS,NS,91025,10,54730.5602,3411.0,1835.0,AO10/P91025/91025-01-11-10,explicit_designation_and_independent_catalog_position,high,7.138618390345251e-06,264.74289,-44.45,archived,ACCEPTED_CANDIDATE,data/provenance/reconstruction/query_4u_1735_444.json,,chronological_even_rank_cap32_v1,False
91025-01-13-10,4u_1735_444,4U 1735-444,4U_1735-44,NS,NS,91025,10,54774.71756,2040.0,1279.0,AO10/P91025/91025-01-13-10,explicit_designation_and_independent_catalog_position,high,7.138618390345251e-06,264.74289,-44.45,archived,ACCEPTED_CANDIDATE,data/provenance/reconstruction/query_4u_1735_444.json,,chronological_even_rank_cap32_v1,False
91025-01-12-00,4u_1735_444,4U 1735-444,4U_1735-44,NS,NS,91025,10,54786.94278,3701.0,1305.0,AO10/P91025/91025-01-12-00,explicit_designation_and_independent_catalog_position,high,7.138618390345251e-06,264.74289,-44.45,archived,ACCEPTED_CANDIDATE,data/provenance/reconstruction/query_4u_1735_444.json,,chronological_even_rank_cap32_v1,False
93200-01-01-04,4u_1735_444,4U 1735-444,4U_1735-44,NS,NS,93200,12,54879.56744,4469.0,3032.0,AO12/P93200/93200-01-01-04,explicit_designation_and_independent_catalog_position,high,7.138618390345251e-06,264.74289,-44.45,archived,ACCEPTED_CANDIDATE,data/provenance/reconstruction/query_4u_1735_444.json,,chronological_even_rank_cap32_v1,False
91025-01-16-09,4u_1735_444,4U 1735-444,4U_1735-44,NS,NS,91025,10,55206.90772,3480.0,1412.0,AO10/P91025/91025-01-16-09,explicit_designation_and_independent_catalog_position,high,7.138618390345251e-06,264.74289,-44.45,archived,ACCEPTED_CANDIDATE,data/provenance/reconstruction/query_4u_1735_444.json,,chronological_even_rank_cap32_v1,False
96325-01-01-03,4u_1735_444,4U 1735-444,4U_1735-44,NS,NS,96325,15,55690.51226,4742.0,2682.0,AO15/P96325/96325-01-01-03,explicit_designation_and_independent_catalog_position,high,7.138618390345251e-06,264.74289,-44.45,archived,ACCEPTED_CANDIDATE,data/provenance/reconstruction/query_4u_1735_444.json,,chronological_even_rank_cap32_v1,False
96331-01-01-00,4u_1735_444,4U 1735-444,4U_1735-44,NS,NS,96331,15,55793.87336,4584.0,3700.0,AO15/P96331/96331-01-01-00,explicit_designation_and_independent_catalog_position,high,7.138618390345251e-06,264.74289,-44.45,archived,ACCEPTED_CANDIDATE,data/provenance/reconstruction/query_4u_1735_444.json,,chronological_even_rank_cap32_v1,False
96331-01-03-02,4u_1735_444,4U 1735-444,4U_1735-44,NS,NS,96331,15,55837.7328,6028.0,4533.0,AO15/P96331/96331-01-03-02,explicit_designation_and_independent_catalog_position,high,7.138618390345251e-06,264.74289,-44.45,archived,ACCEPTED_CANDIDATE,data/provenance/reconstruction/query_4u_1735_444.json,,chronological_even_rank_cap32_v1,True
70050-01-01-01,4u_1746_37,4U 1746-37,4U_1746-37,NS,NS,70050,7,52544.59163,4352.0,3717.0,AO7/P70050/70050-01-01-01,explicit_designation_and_independent_catalog_position,high,0.0001865428981016,267.55301,-37.052,archived,ACCEPTED_CANDIDATE,data/provenance/reconstruction/query_4u_1746_37.json,,chronological_even_rank_cap32_v1,True
70050-01-01-03,4u_1746_37,4U 1746-37,4U_1746-37,NS,NS,70050,7,52544.72326,1795.0,1377.0,AO7/P70050/70050-01-01-03,explicit_designation_and_independent_catalog_position,high,0.0001865428981016,267.55301,-37.052,archived,ACCEPTED_CANDIDATE,data/provenance/reconstruction/query_4u_1746_37.json,,chronological_even_rank_cap32_v1,False
70050-01-01-05,4u_1746_37,4U 1746-37,4U_1746-37,NS,NS,70050,7,52544.85033,4680.0,3959.0,AO7/P70050/70050-01-01-05,explicit_designation_and_independent_catalog_position,high,0.0001865428981016,267.55301,-37.052,archived,ACCEPTED_CANDIDATE,data/provenance/reconstruction/query_4u_1746_37.json,,chronological_even_rank_cap32_v1,False
70050-01-01-10,4u_1746_37,4U 1746-37,4U_1746-37,NS,NS,70050,7,52544.92117,3388.0,2458.0,AO7/P70050/70050-01-01-10,explicit_designation_and_independent_catalog_position,high,0.0001865428981016,267.55301,-37.052,archived,ACCEPTED_CANDIDATE,data/provenance/reconstruction/query_4u_1746_37.json,,chronological_even_rank_cap32_v1,False
70050-01-01-06,4u_1746_37,4U 1746-37,4U_1746-37,NS,NS,70050,7,52545.06086,3883.0,1962.0,AO7/P70050/70050-01-01-06,explicit_designation_and_independent_catalog_position,high,0.0001865428981016,267.55301,-37.052,archived,ACCEPTED_CANDIDATE,data/provenance/reconstruction/query_4u_1746_37.json,,chronological_even_rank_cap32_v1,False
70050-01-01-04,4u_1746_37,4U 1746-37,4U_1746-37,NS,NS,70050,7,52545.1315,3885.0,1454.0,AO7/P70050/70050-01-01-04,explicit_designation_and_independent_catalog_position,high,0.0001865428981016,267.55301,-37.052,archived,ACCEPTED_CANDIDATE,data/provenance/reconstruction/query_4u_1746_37.json,,chronological_even_rank_cap32_v1,False
70050-01-01-00,4u_1746_37,4U 1746-37,4U_1746-37,NS,NS,70050,7,52545.24962,32822.0,22376.0,AO7/P70050/70050-01-01-00,explicit_designation_and_independent_catalog_position,high,0.0001865428981016,267.55301,-37.052,archived,ACCEPTED_CANDIDATE,data/provenance/reconstruction/query_4u_1746_37.json,,chronological_even_rank_cap32_v1,False
70050-01-01-07,4u_1746_37,4U 1746-37,4U_1746-37,NS,NS,70050,7,52545.64687,4200.0,3897.0,AO7/P70050/70050-01-01-07,explicit_designation_and_independent_catalog_position,high,0.0001865428981016,267.55301,-37.052,archived,ACCEPTED_CANDIDATE,data/provenance/reconstruction/query_4u_1746_37.json,,chronological_even_rank_cap32_v1,False
70050-01-01-08,4u_1746_37,4U 1746-37,4U_1746-37,NS,NS,70050,7,52545.71284,4199.0,3898.0,AO7/P70050/70050-01-01-08,explicit_designation_and_independent_catalog_position,high,0.0001865428981016,267.55301,-37.052,archived,ACCEPTED_CANDIDATE,data/provenance/reconstruction/query_4u_1746_37.json,,chronological_even_rank_cap32_v1,True
70050-01-01-09,4u_1746_37,4U 1746-37,4U_1746-37,NS,NS,70050,7,52545.77881,4379.0,3897.0,AO7/P70050/70050-01-01-09,explicit_designation_and_independent_catalog_position,high,0.0001865428981016,267.55301,-37.052,archived,ACCEPTED_CANDIDATE,data/provenance/reconstruction/query_4u_1746_37.json,,chronological_even_rank_cap32_v1,False
90044-01-01-01,4u_1746_37,4U 1746-37,4U_1746-37,NS,NS,90044,9,53097.35633,1579.0,1011.0,AO9/P90044/90044-01-01-01,explicit_designation_and_independent_catalog_position,high,0.0001865428981016,267.55301,-37.052,archived,ACCEPTED_CANDIDATE,data/provenance/reconstruction/query_4u_1746_37.json,,chronological_even_rank_cap32_v1,False
90044-01-01-00,4u_1746_37,4U 1746-37,4U_1746-37,NS,NS,90044,9,53097.38919,28781.0,18908.0,AO9/P90044/90044-01-01-00,explicit_designation_and_independent_catalog_position,high,0.0001865428981016,267.55301,-37.052,archived,ACCEPTED_CANDIDATE,data/provenance/reconstruction/query_4u_1746_37.json,,chronological_even_rank_cap32_v1,False
90044-01-02-00,4u_1746_37,4U 1746-37,4U_1746-37,NS,NS,90044,9,53171.56215,15995.0,10257.0,AO9/P90044/90044-01-02-00,explicit_designation_and_independent_catalog_position,high,0.0001865428981016,267.55301,-37.052,archived,ACCEPTED_CANDIDATE,data/provenance/reconstruction/query_4u_1746_37.json,,chronological_even_rank_cap32_v1,False
90044-01-02-01,4u_1746_37,4U 1746-37,4U_1746-37,NS,NS,90044,9,53171.76535,16975.0,10306.0,AO9/P90044/90044-01-02-01,explicit_designation_and_independent_catalog_position,high,0.0001865428981016,267.55301,-37.052,archived,ACCEPTED_CANDIDATE,data/provenance/reconstruction/query_4u_1746_37.json,,chronological_even_rank_cap32_v1,False
90044-01-03-00,4u_1746_37,4U 1746-37,4U_1746-37,NS,NS,90044,9,53224.33043,34216.0,19520.0,AO9/P90044/90044-01-03-00,explicit_designation_and_independent_catalog_position,high,0.0001865428981016,267.55301,-37.052,archived,ACCEPTED_CANDIDATE,data/provenance/reconstruction/query_4u_1746_37.json,,chronological_even_rank_cap32_v1,False
90044-01-04-00,4u_1746_37,4U 1746-37,4U_1746-37,NS,NS,90044,9,53317.32161,30993.0,20259.0,AO9/P90044/90044-01-04-00,explicit_designation_and_independent_catalog_position,high,0.0001865428981016,267.55301,-37.052,archived,ACCEPTED_CANDIDATE,data/provenance/reconstruction/query_4u_1746_37.json,,chronological_even_rank_cap32_v1,False
91037-15-01-00,4u_1746_37,4U 1746-37,4U_1746-37,NS,NS,91037,10,53555.1119,5739.0,3776.0,AO10/P91037/91037-15-01-00,explicit_designation_and_independent_catalog_position,high,0.0005838673979674,267.55249,-37.0522,archived,ACCEPTED_CANDIDATE,data/provenance/reconstruction/query_4u_1746_37.json,,chronological_even_rank_cap32_v1,True
20098-03-01-00,aql_x_1,Aql X-1,AQL_X-1,NS,NS,20098,2,50495.95316,22452.0,12772.0,AO2/P20098/20098-03-01-00,explicit_designation_and_independent_catalog_position,high,0.0005680074498474,287.81631,0.5851,archived,ACCEPTED_CANDIDATE,data/provenance/reconstruction/query_aql_x_1.json,,chronological_even_rank_cap32_v1,True
20092-01-02-02,aql_x_1,Aql X-1,AQL_X-1,NS,NS,20092,2,50676.31778,3327.0,886.0,AO2/P20092/20092-01-02-02,explicit_designation_and_independent_catalog_position,high,0.0001557615314236,287.81671,0.585,archived,ACCEPTED_CANDIDATE,data/provenance/reconstruction/query_aql_x_1.json,,chronological_even_rank_cap32_v1,False
20092-01-04-00,aql_x_1,Aql X-1,AQL_X-1,NS,NS,20092,2,50692.18618,9076.0,5927.0,AO2/P20092/20092-01-04-00,explicit_designation_and_independent_catalog_position,high,0.0001557615314236,287.81671,0.585,archived,ACCEPTED_CANDIDATE,data/provenance/reconstruction/query_aql_x_1.json,,chronological_even_rank_cap32_v1,False
30188-03-02-00,aql_x_1,Aql X-1,AQL_X-1,NS,NS,30188,3,50879.3394,3503.0,1170.0,AO3/P30188/30188-03-02-00,explicit_designation_and_independent_catalog_position,high,0.0005680074498474,287.81631,0.5851,archived,ACCEPTED_CANDIDATE,data/provenance/reconstruction/query_aql_x_1.json,,chronological_even_rank_cap32_v1,False
30073-05-01-00,aql_x_1,Aql X-1,AQL_X-1,NS,NS,30073,3,50913.92772,11269.0,6009.0,AO3/P30073/30073-05-01-00,explicit_designation_and_independent_catalog_position,high,0.0005680074498474,287.81631,0.5851,archived,ACCEPTED_CANDIDATE,data/provenance/reconstruction/query_aql_x_1.json,,chronological_even_rank_cap32_v1,False
40047-03-03-00,aql_x_1,Aql X-1,AQL_X-1,NS,NS,40047,4,51333.56747,18192.0,10303.0,AO4/P40047/40047-03-03-00,explicit_designation_and_independent_catalog_position,high,0.0008509927667538,287.81601,0.585,archived,ACCEPTED_CANDIDATE,data/provenance/reconstruction/query_aql_x_1.json,,chronological_even_rank_cap32_v1,False
40033-10-02-07,aql_x_1,Aql X-1,AQL_X-1,NS,NS,40033,4,51406.56815,4535.0,3516.0,AO4/P40033/40033-10-02-07,explicit_designation_and_independent_catalog_position,high,0.0008509927667538,287.81601,0.585,archived,ACCEPTED_CANDIDATE,data/provenance/reconstruction/query_aql_x_1.json,,chronological_even_rank_cap32_v1,False
40432-01-04-00,aql_x_1,Aql X-1,AQL_X-1,NS,NS,40432,4,51471.28844,15874.0,10575.0,AO4/P40432/40432-01-04-00,explicit_designation_and_independent_catalog_position,high,0.0008509927667538,287.81601,0.585,archived,ACCEPTED_CANDIDATE,data/provenance/reconstruction/query_aql_x_1.json,,chronological_even_rank_cap32_v1,False
50049-01-05-01,aql_x_1,Aql X-1,AQL_X-1,NS,NS,50049,5,51824.74661,3744.0,2531.0,AO5/P50049/50049-01-05-01,explicit_designation_and_independent_catalog_position,high,0.0008509927667538,287.81601,0.585,archived,ACCEPTED_CANDIDATE,data/provenance/reconstruction/query_aql_x_1.json,,chronological_even_rank_cap32_v1,False
50049-02-08-03,aql_x_1,Aql X-1,AQL_X-1,NS,NS,50049,5,51846.18867,6026.0,3457.0,AO5/P50049/50049-02-08-03,explicit_designation_and_independent_catalog_position,high,0.0008509927667538,287.81601,0.585,archived,ACCEPTED_CANDIDATE,data/provenance/reconstruction/query_aql_x_1.json,,chronological_even_rank_cap32_v1,False
50049-02-15-04,aql_x_1,Aql X-1,AQL_X-1,NS,NS,50049,5,51862.0637,10166.0,5130.0,AO5/P50049/50049-02-15-04,explicit_designation_and_independent_catalog_position,high,0.0008509927667538,287.81601,0.585,archived,ACCEPTED_CANDIDATE,data/provenance/reconstruction/query_aql_x_1.json,,chronological_even_rank_cap32_v1,False
60054-02-01-04,aql_x_1,Aql X-1,AQL_X-1,NS,NS,60054,6,52087.65008,4534.0,3405.0,AO6/P60054/60054-02-01-04,explicit_designation_and_independent_catalog_position,high,0.0030447762199118,287.81699,0.588,archived,ACCEPTED_CANDIDATE,data/provenance/reconstruction/query_aql_x_1.json,,chronological_even_rank_cap32_v1,False
60054-02-05-02,aql_x_1,Aql X-1,AQL_X-1,NS,NS,60054,6,52112.77196,3510.0,2322.0,AO6/P60054/60054-02-05-02,explicit_designation_and_independent_catalog_position,high,0.0030447762199118,287.81699,0.588,archived,ACCEPTED_CANDIDATE,data/provenance/reconstruction/query_aql_x_1.json,,chronological_even_rank_cap32_v1,False
70069-03-02-03,aql_x_1,Aql X-1,AQL_X-1,NS,NS,70069,7,52347.16573,5668.0,3460.0,AO7/P70069/70069-03-02-03,explicit_designation_and_independent_catalog_position,high,0.0030447762199118,287.81699,0.588,archived,ACCEPTED_CANDIDATE,data/provenance/reconstruction/query_aql_x_1.json,,chronological_even_rank_cap32_v1,False
70069-03-04-08,aql_x_1,Aql X-1,AQL_X-1,NS,NS,70069,7,52357.99347,7830.0,4953.0,AO7/P70069/70069-03-04-08,explicit_designation_and_independent_catalog_position,high,0.0030447762199118,287.81699,0.588,archived,ACCEPTED_CANDIDATE,data/provenance/reconstruction/query_aql_x_1.json,,chronological_even_rank_cap32_v1,False
90403-01-01-00,aql_x_1,Aql X-1,AQL_X-1,NS,NS,90403,9,53062.34105,4140.0,3371.0,AO9/P90403/90403-01-01-00,explicit_designation_and_independent_catalog_position,high,0.0030447762199118,287.81699,0.588,archived,ACCEPTED_CANDIDATE,data/provenance/reconstruction/query_aql_x_1.json,,chronological_even_rank_cap32_v1,False
90017-01-07-00,aql_x_1,Aql X-1,AQL_X-1,NS,NS,90017,9,53155.75274,2394.0,1443.0,AO9/P90017/90017-01-07-00,explicit_designation_and_independent_catalog_position,high,0.0008509927667538,287.81601,0.585,archived,ACCEPTED_CANDIDATE,data/provenance/reconstruction/query_aql_x_1.json,,chronological_even_rank_cap32_v1,True
91028-01-01-00,aql_x_1,Aql X-1,AQL_X-1,NS,NS,91028,10,53464.00425,3642.0,3036.0,AO10/P91028/91028-01-01-00,explicit_designation_and_independent_catalog_position,high,0.0068597710361032,287.81,0.585,archived,ACCEPTED_CANDIDATE,data/provenance/reconstruction/query_aql_x_1.json,,chronological_even_rank_cap32_v1,False
91028-01-22-00,aql_x_1,Aql X-1,AQL_X-1,NS,NS,91028,10,53478.02963,5041.0,3460.0,AO10/P91028/91028-01-22-00,explicit_designation_and_independent_catalog_position,high,0.0001557615314236,287.81671,0.585,archived,ACCEPTED_CANDIDATE,data/provenance/reconstruction/query_aql_x_1.json,,chronological_even_rank_cap32_v1,False
91414-01-05-00,aql_x_1,Aql X-1,AQL_X-1,NS,NS,91414,10,53659.32258,5839.0,3480.0,AO10/P91414/91414-01-05-00,explicit_designation_and_independent_catalog_position,high,0.0001461573021134,287.817,0.585,archived,ACCEPTED_CANDIDATE,data/provenance/reconstruction/query_aql_x_1.json,,chronological_even_rank_cap32_v1,False
91414-01-09-07,aql_x_1,Aql X-1,AQL_X-1,NS,NS,91414,10,53721.83597,3347.0,1283.0,AO10/P91414/91414-01-09-07,explicit_designation_and_independent_catalog_position,high,0.0001557615314236,287.81671,0.585,archived,ACCEPTED_CANDIDATE,data/provenance/reconstruction/query_aql_x_1.json,,chronological_even_rank_cap32_v1,False
92034-01-05-06,aql_x_1,Aql X-1,AQL_X-1,NS,NS,92034,11,53964.58755,5738.0,3230.0,AO11/P92034/92034-01-05-06,explicit_designation_and_independent_catalog_position,high,0.0010607765456014,287.8158,0.585,archived,ACCEPTED_CANDIDATE,data/provenance/reconstruction/query_aql_x_1.json,,chronological_even_rank_cap32_v1,False
93076-01-09-00,aql_x_1,Aql X-1,AQL_X-1,NS,NS,93076,12,54251.49475,4621.0,3366.0,AO12/P93076/93076-01-09-00,explicit_designation_and_independent_catalog_position,high,0.0010607765456014,287.8158,0.585,archived,ACCEPTED_CANDIDATE,data/provenance/reconstruction/query_aql_x_1.json,,chronological_even_rank_cap32_v1,False
93405-01-01-01,aql_x_1,Aql X-1,AQL_X-1,NS,NS,93405,12,54282.12363,4310.0,1316.0,AO12/P93405/93405-01-01-01,explicit_designation_and_independent_catalog_position,high,0.0010607765456014,287.8158,0.585,archived,ACCEPTED_CANDIDATE,data/provenance/reconstruction/query_aql_x_1.json,,chronological_even_rank_cap32_v1,False
93405-01-05-02,aql_x_1,Aql X-1,AQL_X-1,NS,NS,93405,12,54379.85521,2888.0,1499.0,AO12/P93405/93405-01-05-02,explicit_designation_and_independent_catalog_position,high,0.0010607765456014,287.8158,0.585,archived,ACCEPTED_CANDIDATE,data/provenance/reconstruction/query_aql_x_1.json,,chronological_even_rank_cap32_v1,False
94076-01-04-07,aql_x_1,Aql X-1,AQL_X-1,NS,NS,94076,13,55149.98679,4791.0,2040.0,AO13/P94076/94076-01-04-07,explicit_designation_and_independent_catalog_position,high,0.0010607765456014,287.8158,0.585,archived,ACCEPTED_CANDIDATE,data/provenance/reconstruction/query_aql_x_1.json,,chronological_even_rank_cap32_v1,False
94441-01-01-02,aql_x_1,Aql X-1,AQL_X-1,NS,NS,94441,13,55168.82902,3855.0,2720.0,AO13/P94441/94441-01-01-02,explicit_designation_and_independent_catalog_position,high,0.0010607765456014,287.8158,0.585,archived,ACCEPTED_CANDIDATE,data/provenance/reconstruction/query_aql_x_1.json,,chronological_even_rank_cap32_v1,False
95413-01-06-01,aql_x_1,Aql X-1,AQL_X-1,NS,NS,95413,14,55450.04403,3863.0,1512.0,AO14/P95413/95413-01-06-01,explicit_designation_and_independent_catalog_position,high,0.0004483931381574,287.81659,0.5846,archived,ACCEPTED_CANDIDATE,data/provenance/reconstruction/query_aql_x_1.json,,chronological_even_rank_cap32_v1,False
96440-01-02-00,aql_x_1,Aql X-1,AQL_X-1,NS,NS,96440,15,55858.16435,5428.0,3395.0,AO15/P96440/96440-01-02-00,explicit_designation_and_independent_catalog_position,high,0.0004483931381574,287.81659,0.5846,archived,ACCEPTED_CANDIDATE,data/provenance/reconstruction/query_aql_x_1.json,,chronological_even_rank_cap32_v1,False
96440-01-05-04,aql_x_1,Aql X-1,AQL_X-1,NS,NS,96440,15,55880.61628,4145.0,2286.0,AO15/P96440/96440-01-05-04,explicit_designation_and_independent_catalog_position,high,0.0004483931381574,287.81659,0.5846,archived,ACCEPTED_CANDIDATE,data/provenance/reconstruction/query_aql_x_1.json,,chronological_even_rank_cap32_v1,False
96440-01-08-06,aql_x_1,Aql X-1,AQL_X-1,NS,NS,96440,15,55903.10642,3870.0,2486.0,AO15/P96440/96440-01-08-06,explicit_designation_and_independent_catalog_position,high,0.0004483931381574,287.81659,0.5846,archived,ACCEPTED_CANDIDATE,data/provenance/reconstruction/query_aql_x_1.json,,chronological_even_rank_cap32_v1,False
96440-01-10-05,aql_x_1,Aql X-1,AQL_X-1,NS,NS,96440,15,55916.13943,3622.0,2598.0,AO15/P96440/96440-01-10-05,explicit_designation_and_independent_catalog_position,high,0.0004483931381574,287.81659,0.5846,archived,ACCEPTED_CANDIDATE,data/provenance/reconstruction/query_aql_x_1.json,,chronological_even_rank_cap32_v1,True
00013-05-01-00,cyg_x_2,Cyg X-2,CYG_X-2,NS,NS,13,0,50092.85172,1050.0,0.0,AO0/P00013/00013-05-01-00,explicit_designation_and_independent_catalog_position,high,0.0003114193355521,326.17129,38.3217,archived,ACCEPTED_CANDIDATE,data/provenance/reconstruction/query_cyg_x_2.json,,chronological_even_rank_cap32_v1,True
20053-04-01-01,cyg_x_2,Cyg X-2,CYG_X-2,NS,NS,20053,2,50630.24535,41936.0,23840.0,AO2/P20053/20053-04-01-01,explicit_designation_and_independent_catalog_position,high,0.0003114193355521,326.17129,38.3217,archived,ACCEPTED_CANDIDATE,data/provenance/reconstruction/query_cyg_x_2.json,,chronological_even_rank_cap32_v1,False
30046-01-03-00,cyg_x_2,Cyg X-2,CYG_X-2,NS,NS,30046,3,51022.63922,25006.0,14876.0,AO3/P30046/30046-01-03-00,explicit_designation_and_independent_catalog_position,high,0.0006873615753926,326.17099,38.322,archived,ACCEPTED_CANDIDATE,data/provenance/reconstruction/query_cyg_x_2.json,,chronological_even_rank_cap32_v1,False
40017-02-02-02,cyg_x_2,Cyg X-2,CYG_X-2,NS,NS,40017,4,51205.3372,3563.0,2688.0,AO4/P40017/40017-02-02-02,explicit_designation_and_independent_catalog_position,high,0.0006873615753926,326.17099,38.322,archived,ACCEPTED_CANDIDATE,data/provenance/reconstruction/query_cyg_x_2.json,,chronological_even_rank_cap32_v1,False
40017-02-12-00,cyg_x_2,Cyg X-2,CYG_X-2,NS,NS,40017,4,51413.51697,20876.0,14947.0,AO4/P40017/40017-02-12-00,explicit_designation_and_independent_catalog_position,high,0.0006873615753926,326.17099,38.322,archived,ACCEPTED_CANDIDATE,data/provenance/reconstruction/query_cyg_x_2.json,,chronological_even_rank_cap32_v1,False
40017-02-16-06,cyg_x_2,Cyg X-2,CYG_X-2,NS,NS,40017,4,51502.97734,3803.0,1875.0,AO4/P40017/40017-02-16-06,explicit_designation_and_independent_catalog_position,high,0.0006873615753926,326.17099,38.322,archived,ACCEPTED_CANDIDATE,data/provenance/reconstruction/query_cyg_x_2.json,,chronological_even_rank_cap32_v1,False
40019-04-04-00,cyg_x_2,Cyg X-2,CYG_X-2,NS,NS,40019,4,51529.14193,29700.0,16572.0,AO4/P40019/40019-04-04-00,explicit_designation_and_independent_catalog_position,high,0.0006873615753926,326.17099,38.322,archived,ACCEPTED_CANDIDATE,data/provenance/reconstruction/query_cyg_x_2.json,,chronological_even_rank_cap32_v1,False
60417-01-01-00,cyg_x_2,Cyg X-2,CYG_X-2,NS,NS,60417,6,52123.23691,3532.0,2020.0,AO6/P60417/60417-01-01-00,explicit_designation_and_independent_catalog_position,high,0.0006873615753926,326.17099,38.322,archived,ACCEPTED_CANDIDATE,data/provenance/reconstruction/query_cyg_x_2.json,,chronological_even_rank_cap32_v1,False
70018-03-03-00,cyg_x_2,Cyg X-2,CYG_X-2,NS,NS,70018,7,52470.73272,2140.0,719.0,AO7/P70018/70018-03-03-00,explicit_designation_and_independent_catalog_position,high,0.0007269218479873,326.172,38.322,archived,ACCEPTED_CANDIDATE,data/provenance/reconstruction/query_cyg_x_2.json,,chronological_even_rank_cap32_v1,False
70014-02-02-00,cyg_x_2,Cyg X-2,CYG_X-2,NS,NS,70014,7,52639.65147,3551.0,3054.0,AO7/P70014/70014-02-02-00,explicit_designation_and_independent_catalog_position,high,0.0007269218479873,326.172,38.322,archived,ACCEPTED_CANDIDATE,data/provenance/reconstruction/query_cyg_x_2.json,,chronological_even_rank_cap32_v1,False
90030-01-08-00,cyg_x_2,Cyg X-2,CYG_X-2,NS,NS,90030,9,53099.37028,4453.0,3452.0,AO9/P90030/90030-01-08-00,explicit_designation_and_independent_catalog_position,high,0.0006873615753926,326.17099,38.322,archived,ACCEPTED_CANDIDATE,data/provenance/reconstruction/query_cyg_x_2.json,,chronological_even_rank_cap32_v1,False
90030-01-24-00,cyg_x_2,Cyg X-2,CYG_X-2,NS,NS,90030,9,53178.16073,2884.0,1740.0,AO9/P90030/90030-01-24-00,explicit_designation_and_independent_catalog_position,high,0.0006873615753926,326.17099,38.322,archived,ACCEPTED_CANDIDATE,data/provenance/reconstruction/query_cyg_x_2.json,,chronological_even_rank_cap32_v1,False
90030-01-41-00,cyg_x_2,Cyg X-2,CYG_X-2,NS,NS,90030,9,53261.80368,8209.0,5720.0,AO9/P90030/90030-01-41-00,explicit_designation_and_independent_catalog_position,high,0.0006873615753926,326.17099,38.322,archived,ACCEPTED_CANDIDATE,data/provenance/reconstruction/query_cyg_x_2.json,,chronological_even_rank_cap32_v1,False
90030-01-53-00,cyg_x_2,Cyg X-2,CYG_X-2,NS,NS,90030,9,53320.91506,4320.0,1713.0,AO9/P90030/90030-01-53-00,explicit_designation_and_independent_catalog_position,high,0.0006873615753926,326.17099,38.322,archived,ACCEPTED_CANDIDATE,data/provenance/reconstruction/query_cyg_x_2.json,,chronological_even_rank_cap32_v1,False
90030-01-67-00,cyg_x_2,Cyg X-2,CYG_X-2,NS,NS,90030,9,53389.78487,9787.0,6572.0,AO9/P90030/90030-01-67-00,explicit_designation_and_independent_catalog_position,high,0.0006873615753926,326.17099,38.322,archived,ACCEPTED_CANDIDATE,data/provenance/reconstruction/query_cyg_x_2.json,,chronological_even_rank_cap32_v1,False
91009-01-06-00,cyg_x_2,Cyg X-2,CYG_X-2,NS,NS,91009,10,53458.70073,4095.0,1914.0,AO10/P91009/91009-01-06-00,explicit_designation_and_independent_catalog_position,high,0.0003459685600312,326.1712,38.3217,archived,ACCEPTED_CANDIDATE,data/provenance/reconstruction/query_cyg_x_2.json,,chronological_even_rank_cap32_v1,False
91010-01-01-05,cyg_x_2,Cyg X-2,CYG_X-2,NS,NS,91010,10,53511.07601,25817.0,15904.0,AO10/P91010/91010-01-01-05,explicit_designation_and_independent_catalog_position,high,0.0003415819898307,326.17169,38.3217,archived,ACCEPTED_CANDIDATE,data/provenance/reconstruction/query_cyg_x_2.json,,chronological_even_rank_cap32_v1,True
91009-01-24-00,cyg_x_2,Cyg X-2,CYG_X-2,NS,NS,91009,10,53547.32871,4398.0,3315.0,AO10/P91009/91009-01-24-00,explicit_designation_and_independent_catalog_position,high,0.0003459685600312,326.1712,38.3217,archived,ACCEPTED_CANDIDATE,data/provenance/reconstruction/query_cyg_x_2.json,,chronological_even_rank_cap32_v1,False
91009-01-38-00,cyg_x_2,Cyg X-2,CYG_X-2,NS,NS,91009,10,53616.20576,4380.0,2124.0,AO10/P91009/91009-01-38-00,explicit_designation_and_independent_catalog_position,high,0.0003459685600312,326.1712,38.3217,archived,ACCEPTED_CANDIDATE,data/provenance/reconstruction/query_cyg_x_2.json,,chronological_even_rank_cap32_v1,False
90030-01-81-00,cyg_x_2,Cyg X-2,CYG_X-2,NS,NS,90030,9,53680.20269,7273.0,4440.0,AO9/P90030/90030-01-81-00,explicit_designation_and_independent_catalog_position,high,0.0006873615753926,326.17099,38.322,archived,ACCEPTED_CANDIDATE,data/provenance/reconstruction/query_cyg_x_2.json,,chronological_even_rank_cap32_v1,False
90030-01-95-00,cyg_x_2,Cyg X-2,CYG_X-2,NS,NS,90030,9,53749.09226,11370.0,6917.0,AO9/P90030/90030-01-95-00,explicit_designation_and_independent_catalog_position,high,0.0006873615753926,326.17099,38.322,archived,ACCEPTED_CANDIDATE,data/provenance/reconstruction/query_cyg_x_2.json,,chronological_even_rank_cap32_v1,False
92039-01-02-03,cyg_x_2,Cyg X-2,CYG_X-2,NS,NS,92039,11,53942.29105,1809.0,1209.0,AO11/P92039/92039-01-02-03,explicit_designation_and_independent_catalog_position,high,0.0003415819898307,326.17169,38.3217,archived,ACCEPTED_CANDIDATE,data/provenance/reconstruction/query_cyg_x_2.json,,chronological_even_rank_cap32_v1,False
92039-01-07-02,cyg_x_2,Cyg X-2,CYG_X-2,NS,NS,92039,11,53947.23837,15857.0,,AO11/P92039/92039-01-07-02,explicit_designation_and_independent_catalog_position,high,0.0003415819898307,326.17169,38.3217,archived,ACCEPTED_CANDIDATE,data/provenance/reconstruction/query_cyg_x_2.json,,chronological_even_rank_cap32_v1,False
90030-01-03-10,cyg_x_2,Cyg X-2,CYG_X-2,NS,NS,90030,9,54353.34813,34857.0,19576.0,AO9/P90030/90030-01-03-10,explicit_designation_and_independent_catalog_position,high,0.0006873615753926,326.17099,38.322,archived,ACCEPTED_CANDIDATE,data/provenance/reconstruction/query_cyg_x_2.json,,chronological_even_rank_cap32_v1,False
92038-01-05-01,cyg_x_2,Cyg X-2,CYG_X-2,NS,NS,92038,11,54392.00356,2791.0,1076.0,AO11/P92038/92038-01-05-01,explicit_designation_and_independent_catalog_position,high,0.0003415819898307,326.17169,38.3217,archived,ACCEPTED_CANDIDATE,data/provenance/reconstruction/query_cyg_x_2.json,,chronological_even_rank_cap32_v1,False
92038-01-10-02,cyg_x_2,Cyg X-2,CYG_X-2,NS,NS,92038,11,54397.95189,2347.0,1409.0,AO11/P92038/92038-01-10-02,explicit_designation_and_independent_catalog_position,high,0.0003415819898307,326.17169,38.3217,archived,ACCEPTED_CANDIDATE,data/provenance/reconstruction/query_cyg_x_2.json,,chronological_even_rank_cap32_v1,False
93082-02-04-02,cyg_x_2,Cyg X-2,CYG_X-2,NS,NS,93082,12,54429.92346,3870.0,1886.0,AO12/P93082/93082-02-04-02,explicit_designation_and_independent_catalog_position,high,0.0003415819898307,326.17169,38.3217,archived,ACCEPTED_CANDIDATE,data/provenance/reconstruction/query_cyg_x_2.json,,chronological_even_rank_cap32_v1,False
93443-01-01-13,cyg_x_2,Cyg X-2,CYG_X-2,NS,NS,93443,12,54649.30793,2462.0,842.0,AO12/P93443/93443-01-01-13,explicit_designation_and_independent_catalog_position,high,0.0003415819898307,326.17169,38.3217,archived,ACCEPTED_CANDIDATE,data/provenance/reconstruction/query_cyg_x_2.json,,chronological_even_rank_cap32_v1,False
95345-01-02-01,cyg_x_2,Cyg X-2,CYG_X-2,NS,NS,95345,14,55519.60926,3144.0,2116.0,AO14/P95345/95345-01-02-01,explicit_designation_and_independent_catalog_position,high,0.000667951825667,326.17068,38.3217,archived,ACCEPTED_CANDIDATE,data/provenance/reconstruction/query_cyg_x_2.json,,chronological_even_rank_cap32_v1,False
95345-01-18-00,cyg_x_2,Cyg X-2,CYG_X-2,NS,NS,95345,14,55524.77909,8164.0,4388.0,AO14/P95345/95345-01-18-00,explicit_designation_and_independent_catalog_position,high,0.000667951825667,326.17068,38.3217,archived,ACCEPTED_CANDIDATE,data/provenance/reconstruction/query_cyg_x_2.json,,chronological_even_rank_cap32_v1,False
95345-01-32-00,cyg_x_2,Cyg X-2,CYG_X-2,NS,NS,95345,14,55552.56053,2411.0,1776.0,AO14/P95345/95345-01-32-00,explicit_designation_and_independent_catalog_position,high,0.000667951825667,326.17068,38.3217,archived,ACCEPTED_CANDIDATE,data/provenance/reconstruction/query_cyg_x_2.json,,chronological_even_rank_cap32_v1,False
95345-01-42-00,cyg_x_2,Cyg X-2,CYG_X-2,NS,NS,95345,14,55556.25852,5182.0,3805.0,AO14/P95345/95345-01-42-00,explicit_designation_and_independent_catalog_position,high,0.000667951825667,326.17068,38.3217,archived,ACCEPTED_CANDIDATE,data/provenance/reconstruction/query_cyg_x_2.json,,chronological_even_rank_cap32_v1,True
20431-01-01-00,gs_1354_64,GS 1354-64,X1354-644,BH,BH,20431,2,50770.01744,135.0,,AO2/P20431/20431-01-01-00,explicit_designation_and_independent_catalog_position,high,0.0022353168139268,209.543,-64.733,archived,ACCEPTED_CANDIDATE,data/provenance/reconstruction/query_gs_1354_64.json,,chronological_even_rank_cap32_v1,True
20431-01-02-00,gs_1354_64,GS 1354-64,X1354-644,BH,BH,20431,2,50771.54738,127.0,,AO2/P20431/20431-01-02-00,explicit_designation_and_independent_catalog_position,high,0.0022353168139268,209.543,-64.733,archived,ACCEPTED_CANDIDATE,data/provenance/reconstruction/query_gs_1354_64.json,,chronological_even_rank_cap32_v1,False
20431-01-02-03,gs_1354_64,GS 1354-64,X1354-644,BH,BH,20431,2,50771.55738,6348.0,,AO2/P20431/20431-01-02-03,explicit_designation_and_independent_catalog_position,high,0.0022353168139268,209.543,-64.733,archived,ACCEPTED_CANDIDATE,data/provenance/reconstruction/query_gs_1354_64.json,,chronological_even_rank_cap32_v1,False
20431-01-03-00,gs_1354_64,GS 1354-64,X1354-644,BH,BH,20431,2,50774.39354,10020.0,8735.0,AO2/P20431/20431-01-03-00,explicit_designation_and_independent_catalog_position,high,0.0022353168139268,209.543,-64.733,archived,ACCEPTED_CANDIDATE,data/provenance/reconstruction/query_gs_1354_64.json,,chronological_even_rank_cap32_v1,False
20431-01-04-00,gs_1354_64,GS 1354-64,X1354-644,BH,BH,20431,2,50787.20514,10618.0,7511.0,AO2/P20431/20431-01-04-00,explicit_designation_and_independent_catalog_position,high,0.0022353168139268,209.543,-64.733,archived,ACCEPTED_CANDIDATE,data/provenance/reconstruction/query_gs_1354_64.json,,chronological_even_rank_cap32_v1,False
20431-01-05-00,gs_1354_64,GS 1354-64,X1354-644,BH,BH,20431,2,50794.79797,10717.0,6648.0,AO2/P20431/20431-01-05-00,explicit_designation_and_independent_catalog_position,high,0.0022353168139268,209.543,-64.733,archived,ACCEPTED_CANDIDATE,data/provenance/reconstruction/query_gs_1354_64.json,,chronological_even_rank_cap32_v1,False
30401-01-01-00,gs_1354_64,GS 1354-64,X1354-644,BH,BH,30401,3,50809.60707,9771.0,7292.0,AO3/P30401/30401-01-01-00,explicit_designation_and_independent_catalog_position,high,0.0022353168139268,209.543,-64.733,archived,ACCEPTED_CANDIDATE,data/provenance/reconstruction/query_gs_1354_64.json,,chronological_even_rank_cap32_v1,True
30401-01-02-00,gs_1354_64,GS 1354-64,X1354-644,BH,BH,30401,3,50817.73334,12895.0,7677.0,AO3/P30401/30401-01-02-00,explicit_designation_and_independent_catalog_position,high,0.0022353168139268,209.543,-64.733,archived,ACCEPTED_CANDIDATE,data/provenance/reconstruction/query_gs_1354_64.json,,chronological_even_rank_cap32_v1,False
30401-01-03-00,gs_1354_64,GS 1354-64,X1354-644,BH,BH,30401,3,50825.62101,11962.0,6626.0,AO3/P30401/30401-01-03-00,explicit_designation_and_independent_catalog_position,high,0.0022353168139268,209.543,-64.733,archived,ACCEPTED_CANDIDATE,data/provenance/reconstruction/query_gs_1354_64.json,,chronological_even_rank_cap32_v1,False
30401-01-04-00,gs_1354_64,GS 1354-64,X1354-644,BH,BH,30401,3,50839.49737,20371.0,7530.0,AO3/P30401/30401-01-04-00,explicit_designation_and_independent_catalog_position,high,0.0022353168139268,209.543,-64.733,archived,ACCEPTED_CANDIDATE,data/provenance/reconstruction/query_gs_1354_64.json,,chronological_even_rank_cap32_v1,False
30401-01-05-00,gs_1354_64,GS 1354-64,X1354-644,BH,BH,30401,3,51134.58755,2103.0,1666.0,AO3/P30401/30401-01-05-00,explicit_designation_and_independent_catalog_position,high,0.0022353168139268,209.543,-64.733,archived,ACCEPTED_CANDIDATE,data/provenance/reconstruction/query_gs_1354_64.json,,chronological_even_rank_cap32_v1,False
93424-01-01-00,gs_1354_64,GS 1354-64,GS_1354-644,BH,BH,93424,12,54437.20594,1140.0,588.0,AO12/P93424/93424-01-01-00,explicit_designation_and_independent_catalog_position,high,0.00025509321626,209.541,-64.735,archived,ACCEPTED_CANDIDATE,data/provenance/reconstruction/query_gs_1354_64.json,,chronological_even_rank_cap32_v1,True
10420-01-01-00,gx_339_4,GX 339-4,GX339-4,BH,BH,10420,1,50290.75675,7975.0,5910.0,AO1/P10420/10420-01-01-00,explicit_designation_and_independent_catalog_position,high,0.0002350733786371,255.70579,-48.7896,archived,ACCEPTED_CANDIDATE,data/provenance/reconstruction/query_gx_339_4.json,,chronological_even_rank_cap32_v1,True
40108-01-04-00,gx_339_4,GX 339-4,GX339-4,BH,BH,40108,4,51240.62575,34872.0,22611.0,AO4/P40108/40108-01-04-00,explicit_designation_and_independent_catalog_position,high,0.000196038776407,255.70599,-48.79,archived,ACCEPTED_CANDIDATE,data/provenance/reconstruction/query_gx_339_4.json,,chronological_even_rank_cap32_v1,False
60705-01-01-00,gx_339_4,GX 339-4,GX_339-4,BH,BH,60705,6,51974.04364,2040.0,1456.0,AO6/P60705/60705-01-01-00,explicit_designation_and_independent_catalog_position,high,0.000196038776407,255.70599,-48.79,archived,ACCEPTED_CANDIDATE,data/provenance/reconstruction/query_gx_339_4.json,,chronological_even_rank_cap32_v1,False
60705-01-44-00,gx_339_4,GX 339-4,GX_339-4,BH,BH,60705,6,52296.90868,3861.0,898.0,AO6/P60705/60705-01-44-00,explicit_designation_and_independent_catalog_position,high,0.000196038776407,255.70599,-48.79,archived,ACCEPTED_CANDIDATE,data/provenance/reconstruction/query_gx_339_4.json,,chronological_even_rank_cap32_v1,False
40031-03-03-00,gx_339_4,GX 339-4,GX339-4,BH,BH,40031,4,52414.04113,2956.0,1051.0,AO4/P40031/40031-03-03-00,explicit_designation_and_independent_catalog_position,high,0.000196038776407,255.70599,-48.79,archived,ACCEPTED_CANDIDATE,data/provenance/reconstruction/query_gx_339_4.json,,chronological_even_rank_cap32_v1,False
70110-01-36-00,gx_339_4,GX 339-4,GX_339-4,BH,BH,70110,7,52494.1098,2270.0,944.0,AO7/P70110/70110-01-36-00,explicit_designation_and_independent_catalog_position,high,0.000196038776407,255.70599,-48.79,archived,ACCEPTED_CANDIDATE,data/provenance/reconstruction/query_gx_339_4.json,,chronological_even_rank_cap32_v1,False
70109-01-28-00,gx_339_4,GX 339-4,GX_339-4,BH,BH,70109,7,52595.76612,5152.0,4293.0,AO7/P70109/70109-01-28-00,explicit_designation_and_independent_catalog_position,high,0.000196038776407,255.70599,-48.79,archived,ACCEPTED_CANDIDATE,data/provenance/reconstruction/query_gx_339_4.json,,chronological_even_rank_cap32_v1,False
60705-01-56-00,gx_339_4,GX 339-4,GX_339-4,BH,BH,60705,6,52710.71108,5770.0,2585.0,AO6/P60705/60705-01-56-00,explicit_designation_and_independent_catalog_position,high,0.000196038776407,255.70599,-48.79,archived,ACCEPTED_CANDIDATE,data/provenance/reconstruction/query_gx_339_4.json,,chronological_even_rank_cap32_v1,False
80102-04-12-00,gx_339_4,GX 339-4,GX_339-4,BH,BH,80102,8,52802.25826,1516.0,908.0,AO8/P80102/80102-04-12-00,explicit_designation_and_independent_catalog_position,high,0.000196038776407,255.70599,-48.79,archived,ACCEPTED_CANDIDATE,data/provenance/reconstruction/query_gx_339_4.json,,chronological_even_rank_cap32_v1,False
80102-04-57-01,gx_339_4,GX 339-4,GX_339-4,BH,BH,80102,8,53048.70394,2122.0,937.0,AO8/P80102/80102-04-57-01,explicit_designation_and_independent_catalog_position,high,0.000196038776407,255.70599,-48.79,archived,ACCEPTED_CANDIDATE,data/provenance/reconstruction/query_gx_339_4.json,,chronological_even_rank_cap32_v1,False
80132-01-15-00,gx_339_4,GX 339-4,GX_339-4,BH,BH,80132,8,53083.648,5988.0,3477.0,AO8/P80132/80132-01-15-00,explicit_designation_and_independent_catalog_position,high,0.000196038776407,255.70599,-48.79,archived,ACCEPTED_CANDIDATE,data/provenance/reconstruction/query_gx_339_4.json,,chronological_even_rank_cap32_v1,False
90019-01-02-00,gx_339_4,GX 339-4,GX_339-4,BH,BH,90019,9,53118.13955,4825.0,3665.0,AO9/P90019/90019-01-02-00,explicit_designation_and_independent_catalog_position,high,0.000196038776407,255.70599,-48.79,archived,ACCEPTED_CANDIDATE,data/provenance/reconstruction/query_gx_339_4.json,,chronological_even_rank_cap32_v1,False
60705-01-69-00,gx_339_4,GX 339-4,GX_339-4,BH,BH,60705,6,53225.39512,2562.0,1380.0,AO6/P60705/60705-01-69-00,explicit_designation_and_independent_catalog_position,high,0.000196038776407,255.70599,-48.79,archived,ACCEPTED_CANDIDATE,data/provenance/reconstruction/query_gx_339_4.json,,chronological_even_rank_cap32_v1,False
60705-01-80-00,gx_339_4,GX 339-4,GX_339-4,BH,BH,60705,6,53300.58738,1739.0,1034.0,AO6/P60705/60705-01-80-00,explicit_designation_and_independent_catalog_position,high,0.000196038776407,255.70599,-48.79,archived,ACCEPTED_CANDIDATE,data/provenance/reconstruction/query_gx_339_4.json,,chronological_even_rank_cap32_v1,False
91105-04-08-00,gx_339_4,GX 339-4,GX_339-4,BH,BH,91105,10,53455.82167,1376.0,811.0,AO10/P91105/91105-04-08-00,explicit_designation_and_independent_catalog_position,high,0.0003351178461286,255.7063,-48.7897,archived,ACCEPTED_CANDIDATE,data/provenance/reconstruction/query_gx_339_4.json,,chronological_even_rank_cap32_v1,False
91105-04-27-00,gx_339_4,GX 339-4,GX_339-4,BH,BH,91105,10,53526.0395,2400.0,1440.0,AO10/P91105/91105-04-27-00,explicit_designation_and_independent_catalog_position,high,0.0003351178461286,255.7063,-48.7897,archived,ACCEPTED_CANDIDATE,data/provenance/reconstruction/query_gx_339_4.json,,chronological_even_rank_cap32_v1,False
91105-04-70-00,gx_339_4,GX 339-4,GX_339-4,BH,BH,91105,10,53675.97527,2655.0,793.0,AO10/P91105/91105-04-70-00,explicit_designation_and_independent_catalog_position,high,0.0003351178461286,255.7063,-48.7897,archived,ACCEPTED_CANDIDATE,data/provenance/reconstruction/query_gx_339_4.json,,chronological_even_rank_cap32_v1,True
60705-01-01-10,gx_339_4,GX 339-4,GX_339-4,BH,BH,60705,6,53924.67031,2015.0,751.0,AO6/P60705/60705-01-01-10,explicit_designation_and_independent_catalog_position,high,0.000196038776407,255.70599,-48.79,archived,ACCEPTED_CANDIDATE,data/provenance/reconstruction/query_gx_339_4.json,,chronological_even_rank_cap32_v1,False
92035-01-02-06,gx_339_4,GX 339-4,GX_339-4,BH,BH,92035,11,54139.93846,4151.0,3489.0,AO11/P92035/92035-01-02-06,explicit_designation_and_independent_catalog_position,high,0.0003351178461286,255.7063,-48.7897,archived,ACCEPTED_CANDIDATE,data/provenance/reconstruction/query_gx_339_4.json,,chronological_even_rank_cap32_v1,False
92085-02-01-00,gx_339_4,GX 339-4,GX_339-4,BH,BH,92085,11,54176.07649,4499.0,4298.0,AO11/P92085/92085-02-01-00,explicit_designation_and_independent_catalog_position,high,0.0003351178461286,255.7063,-48.7897,archived,ACCEPTED_CANDIDATE,data/provenance/reconstruction/query_gx_339_4.json,,chronological_even_rank_cap32_v1,False
92704-03-11-00,gx_339_4,GX 339-4,GX_339-4,BH,BH,92704,11,54234.83689,3638.0,1346.0,AO11/P92704/92704-03-11-00,explicit_designation_and_independent_catalog_position,high,0.0003351178461286,255.7063,-48.7897,archived,ACCEPTED_CANDIDATE,data/provenance/reconstruction/query_gx_339_4.json,,chronological_even_rank_cap32_v1,False
92704-03-32-00,gx_339_4,GX 339-4,GX_339-4,BH,BH,92704,11,54266.81715,2555.0,1831.0,AO11/P92704/92704-03-32-00,explicit_designation_and_independent_catalog_position,high,0.0003351178461286,255.7063,-48.7897,archived,ACCEPTED_CANDIDATE,data/provenance/reconstruction/query_gx_339_4.json,,chronological_even_rank_cap32_v1,False
93409-01-04-01,gx_339_4,GX 339-4,GX_339-4,BH,BH,93409,12,54325.75211,2070.0,1310.0,AO12/P93409/93409-01-04-01,explicit_designation_and_independent_catalog_position,high,0.0003351178461286,255.7063,-48.7897,archived,ACCEPTED_CANDIDATE,data/provenance/reconstruction/query_gx_339_4.json,,chronological_even_rank_cap32_v1,False
93076-08-02-00,gx_339_4,GX 339-4,GX_339-4,BH,BH,93076,12,54644.69374,1874.0,1499.0,AO12/P93076/93076-08-02-00,explicit_designation_and_independent_catalog_position,high,0.0003351178461286,255.7063,-48.7897,archived,ACCEPTED_CANDIDATE,data/provenance/reconstruction/query_gx_339_4.json,,chronological_even_rank_cap32_v1,False
94331-07-01-03,gx_339_4,GX 339-4,GX_339-4,BH,BH,94331,13,54892.09383,1942.0,1007.0,AO13/P94331/94331-07-01-03,explicit_designation_and_independent_catalog_position,high,0.0003351178461286,255.7063,-48.7897,archived,ACCEPTED_CANDIDATE,data/provenance/reconstruction/query_gx_339_4.json,,chronological_even_rank_cap32_v1,False
95409-01-07-01,gx_339_4,GX 339-4,GX_339-4,BH,BH,95409,14,55250.50415,3314.0,1142.0,AO14/P95409/95409-01-07-01,explicit_designation_and_independent_catalog_position,high,0.0003351178461286,255.7063,-48.7897,archived,ACCEPTED_CANDIDATE,data/provenance/reconstruction/query_gx_339_4.json,,chronological_even_rank_cap32_v1,False
95409-01-15-01,gx_339_4,GX 339-4,GX_339-4,BH,BH,95409,14,55303.59997,1520.0,1021.0,AO14/P95409/95409-01-15-01,explicit_designation_and_independent_catalog_position,high,0.0003351178461286,255.7063,-48.7897,archived,ACCEPTED_CANDIDATE,data/provenance/reconstruction/query_gx_339_4.json,,chronological_even_rank_cap32_v1,False
95409-01-21-00,gx_339_4,GX 339-4,GX_339-4,BH,BH,95409,14,55344.85504,1912.0,1275.0,AO14/P95409/95409-01-21-00,explicit_designation_and_independent_catalog_position,high,0.0003351178461286,255.7063,-48.7897,archived,ACCEPTED_CANDIDATE,data/provenance/reconstruction/query_gx_339_4.json,,chronological_even_rank_cap32_v1,False
95409-01-26-07,gx_339_4,GX 339-4,GX_339-4,BH,BH,95409,14,55385.95911,1020.0,801.0,AO14/P95409/95409-01-26-07,explicit_designation_and_independent_catalog_position,high,0.0003351178461286,255.7063,-48.7897,archived,ACCEPTED_CANDIDATE,data/provenance/reconstruction/query_gx_339_4.json,,chronological_even_rank_cap32_v1,False
95409-01-38-01,gx_339_4,GX 339-4,GX_339-4,BH,BH,95409,14,55479.97114,1781.0,1623.0,AO14/P95409/95409-01-38-01,explicit_designation_and_independent_catalog_position,high,0.0003351178461286,255.7063,-48.7897,archived,ACCEPTED_CANDIDATE,data/provenance/reconstruction/query_gx_339_4.json,,chronological_even_rank_cap32_v1,False
96409-01-02-03,gx_339_4,GX 339-4,GX_339-4,BH,BH,96409,15,55574.8728,1337.0,1036.0,AO15/P96409/96409-01-02-03,explicit_designation_and_independent_catalog_position,high,0.0003351178461286,255.7063,-48.7897,archived,ACCEPTED_CANDIDATE,data/provenance/reconstruction/query_gx_339_4.json,,chronological_even_rank_cap32_v1,False
96409-01-14-00,gx_339_4,GX 339-4,GX_339-4,BH,BH,96409,15,55656.28269,3098.0,829.0,AO15/P96409/96409-01-14-00,explicit_designation_and_independent_catalog_position,high,0.0003351178461286,255.7063,-48.7897,archived,ACCEPTED_CANDIDATE,data/provenance/reconstruction/query_gx_339_4.json,,chronological_even_rank_cap32_v1,True
91015-01-01-00,hete_j1900_1_2455,HETE J1900.1-2455,HETE_J1900.1-2455,NS,NS,91015,10,53537.04957,2688.0,1091.0,AO10/P91015/91015-01-01-00,explicit_designation_and_independent_catalog_position,high,0.0192492659313526,285.0265,-24.9155,archived,ACCEPTED_CANDIDATE,data/provenance/reconstruction/query_hete_j1900_1_2455.json,,chronological_even_rank_cap32_v1,True
91015-01-04-07,hete_j1900_1_2455,HETE J1900.1-2455,HETE_J1900.1-2455,NS,NS,91015,10,53546.34869,3523.0,2339.0,AO10/P91015/91015-01-04-07,explicit_designation_and_independent_catalog_position,high,0.0168747230514292,285.05499,-24.912,archived,ACCEPTED_CANDIDATE,data/provenance/reconstruction/query_hete_j1900_1_2455.json,,chronological_even_rank_cap32_v1,False
91015-01-07-01,hete_j1900_1_2455,HETE J1900.1-2455,HETE_J1900.1-2455,NS,NS,91015,10,53567.6418,10619.0,6997.0,AO10/P91015/91015-01-07-01,explicit_designation_and_independent_catalog_position,high,0.0168747230514292,285.05499,-24.912,archived,ACCEPTED_CANDIDATE,data/provenance/reconstruction/query_hete_j1900_1_2455.json,,chronological_even_rank_cap32_v1,False
91059-03-03-00,hete_j1900_1_2455,HETE J1900.1-2455,HETE_J1900.1-2455,NS,NS,91059,10,53580.68694,4539.0,2675.0,AO10/P91059/91059-03-03-00,explicit_designation_and_independent_catalog_position,high,0.0192553354824158,285.02649,-24.9155,archived,ACCEPTED_CANDIDATE,data/provenance/reconstruction/query_hete_j1900_1_2455.json,,chronological_even_rank_cap32_v1,False
91057-01-03-01,hete_j1900_1_2455,HETE J1900.1-2455,HETE_J1900.1-2455,NS,NS,91057,10,53604.37793,8394.0,3634.0,AO10/P91057/91057-01-03-01,explicit_designation_and_independent_catalog_position,high,0.0192553354824158,285.02649,-24.9155,archived,ACCEPTED_CANDIDATE,data/provenance/reconstruction/query_hete_j1900_1_2455.json,,chronological_even_rank_cap32_v1,False
91057-01-05-04,hete_j1900_1_2455,HETE J1900.1-2455,HETE_J1900.1-2455,NS,NS,91057,10,53621.71119,5451.0,3436.0,AO10/P91057/91057-01-05-04,explicit_designation_and_independent_catalog_position,high,0.0192553354824158,285.02649,-24.9155,archived,ACCEPTED_CANDIDATE,data/provenance/reconstruction/query_hete_j1900_1_2455.json,,chronological_even_rank_cap32_v1,False
91057-01-08-00,hete_j1900_1_2455,HETE J1900.1-2455,HETE_J1900.1-2455,NS,NS,91057,10,53636.59505,3193.0,1869.0,AO10/P91057/91057-01-08-00,explicit_designation_and_independent_catalog_position,high,0.0192553354824158,285.02649,-24.9155,archived,ACCEPTED_CANDIDATE,data/provenance/reconstruction/query_hete_j1900_1_2455.json,,chronological_even_rank_cap32_v1,False
91057-01-11-00,hete_j1900_1_2455,HETE J1900.1-2455,HETE_J1900.1-2455,NS,NS,91057,10,53661.28828,5762.0,3615.0,AO10/P91057/91057-01-11-00,explicit_designation_and_independent_catalog_position,high,0.0192553354824158,285.02649,-24.9155,archived,ACCEPTED_CANDIDATE,data/provenance/reconstruction/query_hete_j1900_1_2455.json,,chronological_even_rank_cap32_v1,False
92049-01-04-00,hete_j1900_1_2455,HETE J1900.1-2455,HETE_J1900.1-2455,NS,NS,92049,11,53793.83035,5135.0,3396.0,AO11/P92049/92049-01-04-00,explicit_designation_and_independent_catalog_position,high,0.0197690485487418,285.03601,-24.9205,archived,ACCEPTED_CANDIDATE,data/provenance/reconstruction/query_hete_j1900_1_2455.json,,chronological_even_rank_cap32_v1,False
92049-01-14-00,hete_j1900_1_2455,HETE J1900.1-2455,HETE_J1900.1-2455,NS,NS,92049,11,53863.98728,4036.0,2973.0,AO11/P92049/92049-01-14-00,explicit_designation_and_independent_catalog_position,high,0.0197690485487418,285.03601,-24.9205,archived,ACCEPTED_CANDIDATE,data/provenance/reconstruction/query_hete_j1900_1_2455.json,,chronological_even_rank_cap32_v1,False
92049-01-26-00,hete_j1900_1_2455,HETE J1900.1-2455,HETE_J1900.1-2455,NS,NS,92049,11,53947.4219,5492.0,3356.0,AO11/P92049/92049-01-26-00,explicit_designation_and_independent_catalog_position,high,0.0197690485487418,285.03601,-24.9205,archived,ACCEPTED_CANDIDATE,data/provenance/reconstruction/query_hete_j1900_1_2455.json,,chronological_even_rank_cap32_v1,False
92049-01-37-00,hete_j1900_1_2455,HETE J1900.1-2455,HETE_J1900.1-2455,NS,NS,92049,11,54024.24745,4919.0,3020.0,AO11/P92049/92049-01-37-00,explicit_designation_and_independent_catalog_position,high,0.0197690485487418,285.03601,-24.9205,archived,ACCEPTED_CANDIDATE,data/provenance/reconstruction/query_hete_j1900_1_2455.json,,chronological_even_rank_cap32_v1,False
92049-01-49-00,hete_j1900_1_2455,HETE J1900.1-2455,HETE_J1900.1-2455,NS,NS,92049,11,54164.03796,5853.0,3040.0,AO11/P92049/92049-01-49-00,explicit_designation_and_independent_catalog_position,high,0.0197690485487418,285.03601,-24.9205,archived,ACCEPTED_CANDIDATE,data/provenance/reconstruction/query_hete_j1900_1_2455.json,,chronological_even_rank_cap32_v1,False
92049-01-61-00,hete_j1900_1_2455,HETE J1900.1-2455,HETE_J1900.1-2455,NS,NS,92049,11,54247.8333,6597.0,2459.0,AO11/P92049/92049-01-61-00,explicit_designation_and_independent_catalog_position,high,0.0197690485487418,285.03601,-24.9205,archived,ACCEPTED_CANDIDATE,data/provenance/reconstruction/query_hete_j1900_1_2455.json,,chronological_even_rank_cap32_v1,False
93030-01-03-00,hete_j1900_1_2455,HETE J1900.1-2455,HETE_J1900.1-2455,NS,NS,93030,12,54298.55962,4782.0,3257.0,AO12/P93030/93030-01-03-00,explicit_designation_and_independent_catalog_position,high,0.0197690485487418,285.03601,-24.9205,archived,ACCEPTED_CANDIDATE,data/provenance/reconstruction/query_hete_j1900_1_2455.json,,chronological_even_rank_cap32_v1,False
93030-01-15-00,hete_j1900_1_2455,HETE J1900.1-2455,HETE_J1900.1-2455,NS,NS,93030,12,54379.72223,5587.0,3478.0,AO12/P93030/93030-01-15-00,explicit_designation_and_independent_catalog_position,high,0.0197690485487418,285.03601,-24.9205,archived,ACCEPTED_CANDIDATE,data/provenance/reconstruction/query_hete_j1900_1_2455.json,,chronological_even_rank_cap32_v1,False
93030-01-25-01,hete_j1900_1_2455,HETE J1900.1-2455,HETE_J1900.1-2455,NS,NS,93030,12,54507.86804,5048.0,3002.0,AO12/P93030/93030-01-25-01,explicit_designation_and_independent_catalog_position,high,0.0197710020277085,285.036,-24.9205,archived,ACCEPTED_CANDIDATE,data/provenance/reconstruction/query_hete_j1900_1_2455.json,,chronological_even_rank_cap32_v1,True
93030-01-37-00,hete_j1900_1_2455,HETE J1900.1-2455,HETE_J1900.1-2455,NS,NS,93030,12,54590.97494,4422.0,3364.0,AO12/P93030/93030-01-37-00,explicit_designation_and_independent_catalog_position,high,0.0197690485487418,285.03601,-24.9205,archived,ACCEPTED_CANDIDATE,data/provenance/reconstruction/query_hete_j1900_1_2455.json,,chronological_even_rank_cap32_v1,False
93030-01-48-00,hete_j1900_1_2455,HETE J1900.1-2455,HETE_J1900.1-2455,NS,NS,93030,12,54666.55065,5322.0,3180.0,AO12/P93030/93030-01-48-00,explicit_designation_and_independent_catalog_position,high,0.0197690485487418,285.03601,-24.9205,archived,ACCEPTED_CANDIDATE,data/provenance/reconstruction/query_hete_j1900_1_2455.json,,chronological_even_rank_cap32_v1,False
93451-01-01-00,hete_j1900_1_2455,HETE J1900.1-2455,HETE_J1900.1-2455,NS,NS,93451,12,54752.398,3761.0,2946.0,AO12/P93451/93451-01-01-00,explicit_designation_and_independent_catalog_position,high,0.0197690485487418,285.03601,-24.9205,archived,ACCEPTED_CANDIDATE,data/provenance/reconstruction/query_hete_j1900_1_2455.json,,chronological_even_rank_cap32_v1,False
94030-01-04-00,hete_j1900_1_2455,HETE J1900.1-2455,HETE_J1900.1-2455,NS,NS,94030,13,54885.27586,3653.0,2667.0,AO13/P94030/94030-01-04-00,explicit_designation_and_independent_catalog_position,high,0.0197690485487418,285.03601,-24.9205,archived,ACCEPTED_CANDIDATE,data/provenance/reconstruction/query_hete_j1900_1_2455.json,,chronological_even_rank_cap32_v1,False
94030-01-12-00,hete_j1900_1_2455,HETE J1900.1-2455,HETE_J1900.1-2455,NS,NS,94030,13,54940.02642,3764.0,2928.0,AO13/P94030/94030-01-12-00,explicit_designation_and_independent_catalog_position,high,0.0197690485487418,285.03601,-24.9205,archived,ACCEPTED_CANDIDATE,data/provenance/reconstruction/query_hete_j1900_1_2455.json,,chronological_even_rank_cap32_v1,False
94030-01-24-00,hete_j1900_1_2455,HETE J1900.1-2455,HETE_J1900.1-2455,NS,NS,94030,13,55023.22627,5363.0,3079.0,AO13/P94030/94030-01-24-00,explicit_designation_and_independent_catalog_position,high,0.0197690485487418,285.03601,-24.9205,archived,ACCEPTED_CANDIDATE,data/provenance/reconstruction/query_hete_j1900_1_2455.json,,chronological_even_rank_cap32_v1,False
94030-01-37-00,hete_j1900_1_2455,HETE J1900.1-2455,HETE_J1900.1-2455,NS,NS,94030,13,55117.15425,5485.0,3439.0,AO13/P94030/94030-01-37-00,explicit_designation_and_independent_catalog_position,high,0.0197690485487418,285.03601,-24.9205,archived,ACCEPTED_CANDIDATE,data/provenance/reconstruction/query_hete_j1900_1_2455.json,,chronological_even_rank_cap32_v1,False
95030-01-05-00,hete_j1900_1_2455,HETE J1900.1-2455,HETE_J1900.1-2455,NS,NS,95030,14,55258.02395,4314.0,2995.0,AO14/P95030/95030-01-05-00,explicit_designation_and_independent_catalog_position,high,0.0197690485487418,285.03601,-24.9205,archived,ACCEPTED_CANDIDATE,data/provenance/reconstruction/query_hete_j1900_1_2455.json,,chronological_even_rank_cap32_v1,False
95030-01-16-00,hete_j1900_1_2455,HETE J1900.1-2455,HETE_J1900.1-2455,NS,NS,95030,14,55332.36971,3736.0,2533.0,AO14/P95030/95030-01-16-00,explicit_designation_and_independent_catalog_position,high,0.0197690485487418,285.03601,-24.9205,archived,ACCEPTED_CANDIDATE,data/provenance/reconstruction/query_hete_j1900_1_2455.json,,chronological_even_rank_cap32_v1,False
95030-01-27-00,hete_j1900_1_2455,HETE J1900.1-2455,HETE_J1900.1-2455,NS,NS,95030,14,55411.27411,5840.0,3454.0,AO14/P95030/95030-01-27-00,explicit_designation_and_independent_catalog_position,high,0.0197690485487418,285.03601,-24.9205,archived,ACCEPTED_CANDIDATE,data/provenance/reconstruction/query_hete_j1900_1_2455.json,,chronological_even_rank_cap32_v1,False
95030-01-40-00,hete_j1900_1_2455,HETE J1900.1-2455,HETE_J1900.1-2455,NS,NS,95030,14,55502.14328,5226.0,2720.0,AO14/P95030/95030-01-40-00,explicit_designation_and_independent_catalog_position,high,0.0197690485487418,285.03601,-24.9205,archived,ACCEPTED_CANDIDATE,data/provenance/reconstruction/query_hete_j1900_1_2455.json,,chronological_even_rank_cap32_v1,False
96030-01-07-00,hete_j1900_1_2455,HETE J1900.1-2455,HETE_J1900.1-2455,NS,NS,96030,15,55637.86976,5020.0,3302.0,AO15/P96030/96030-01-07-00,explicit_designation_and_independent_catalog_position,high,0.0197690485487418,285.03601,-24.9205,archived,ACCEPTED_CANDIDATE,data/provenance/reconstruction/query_hete_j1900_1_2455.json,,chronological_even_rank_cap32_v1,False
96030-01-20-00,hete_j1900_1_2455,HETE J1900.1-2455,HETE_J1900.1-2455,NS,NS,96030,15,55726.76503,5621.0,2623.0,AO15/P96030/96030-01-20-00,explicit_designation_and_independent_catalog_position,high,0.0197690485487418,285.03601,-24.9205,archived,ACCEPTED_CANDIDATE,data/provenance/reconstruction/query_hete_j1900_1_2455.json,,chronological_even_rank_cap32_v1,False
96030-01-32-00,hete_j1900_1_2455,HETE J1900.1-2455,HETE_J1900.1-2455,NS,NS,96030,15,55810.19564,3240.0,2193.0,AO15/P96030/96030-01-32-00,explicit_designation_and_independent_catalog_position,high,0.0197690485487418,285.03601,-24.9205,archived,ACCEPTED_CANDIDATE,data/provenance/reconstruction/query_hete_j1900_1_2455.json,,chronological_even_rank_cap32_v1,False
96030-01-45-00,hete_j1900_1_2455,HETE J1900.1-2455,HETE_J1900.1-2455,NS,NS,96030,15,55900.23395,3903.0,2945.0,AO15/P96030/96030-01-45-00,explicit_designation_and_independent_catalog_position,high,0.0197690485487418,285.03601,-24.9205,archived,ACCEPTED_CANDIDATE,data/provenance/reconstruction/query_hete_j1900_1_2455.json,,chronological_even_rank_cap32_v1,True
90052-03-01-00,igr_j00291_5934,IGR J00291+5934,IGR_J00291+5934,NS,NS,90052,9,53342.25808,4156.0,2022.0,AO9/P90052/90052-03-01-00,explicit_designation_and_independent_catalog_position,high,0.0091354491377076,7.279,59.568,archived,ACCEPTED_CANDIDATE,data/provenance/reconstruction/query_igr_j00291_5934.json,,chronological_even_rank_cap32_v1,True
90425-01-01-13,igr_j00291_5934,IGR J00291+5934,IGR_J00291+5934,NS,NS,90425,9,53348.67173,28370.0,17784.0,AO9/P90425/90425-01-01-13,explicit_designation_and_independent_catalog_position,high,0.0091354491377076,7.279,59.568,archived,ACCEPTED_CANDIDATE,data/provenance/reconstruction/query_igr_j00291_5934.json,,chronological_even_rank_cap32_v1,False
90425-01-02-14,igr_j00291_5934,IGR J00291+5934,IGR_J00291+5934,NS,NS,90425,9,53351.68492,21273.0,14482.0,AO9/P90425/90425-01-02-14,explicit_designation_and_independent_catalog_position,high,0.0091354491377076,7.279,59.568,archived,ACCEPTED_CANDIDATE,data/provenance/reconstruction/query_igr_j00291_5934.json,,chronological_even_rank_cap32_v1,False
90425-01-03-04,igr_j00291_5934,IGR J00291+5934,IGR_J00291+5934,NS,NS,90425,9,53358.63317,14329.0,9808.0,AO9/P90425/90425-01-03-04,explicit_designation_and_independent_catalog_position,high,0.0091354491377076,7.279,59.568,archived,ACCEPTED_CANDIDATE,data/provenance/reconstruction/query_igr_j00291_5934.json,,chronological_even_rank_cap32_v1,False
93435-01-05-01,igr_j00291_5934,IGR J00291+5934,IGR_J00291+5934,NS,NS,93435,12,54627.78897,1916.0,658.0,AO12/P93435/93435-01-05-01,explicit_designation_and_independent_catalog_position,high,0.0091850000681067,7.2792,59.5681,archived,ACCEPTED_CANDIDATE,data/provenance/reconstruction/query_igr_j00291_5934.json,,chronological_even_rank_cap32_v1,False
93435-01-12-01,igr_j00291_5934,IGR J00291+5934,IGR_J00291+5934,NS,NS,93435,12,54677.71591,1781.0,728.0,AO12/P93435/93435-01-12-01,explicit_designation_and_independent_catalog_position,high,0.0091850000681067,7.2792,59.5681,archived,ACCEPTED_CANDIDATE,data/provenance/reconstruction/query_igr_j00291_5934.json,,chronological_even_rank_cap32_v1,False
93013-07-06-02,igr_j00291_5934,IGR J00291+5934,IGR_J00291+5934,NS,NS,93013,12,54697.60912,8890.0,5381.0,AO12/P93013/93013-07-06-02,explicit_designation_and_independent_catalog_position,high,0.0091850000681067,7.2792,59.5681,archived,ACCEPTED_CANDIDATE,data/provenance/reconstruction/query_igr_j00291_5934.json,,chronological_even_rank_cap32_v1,False
93013-07-12-00,igr_j00291_5934,IGR J00291+5934,IGR_J00291+5934,NS,NS,93013,12,54702.68678,970.0,780.0,AO12/P93013/93013-07-12-00,explicit_designation_and_independent_catalog_position,high,0.0091850000681067,7.2792,59.5681,archived,ACCEPTED_CANDIDATE,data/provenance/reconstruction/query_igr_j00291_5934.json,,chronological_even_rank_cap32_v1,False
93013-07-18-00,igr_j00291_5934,IGR J00291+5934,IGR_J00291+5934,NS,NS,93013,12,54733.97883,2405.0,1071.0,AO12/P93013/93013-07-18-00,explicit_designation_and_independent_catalog_position,high,0.0091850000681067,7.2792,59.5681,archived,ACCEPTED_CANDIDATE,data/provenance/reconstruction/query_igr_j00291_5934.json,,chronological_even_rank_cap32_v1,False
93013-07-22-02,igr_j00291_5934,IGR J00291+5934,IGR_J00291+5934,NS,NS,93013,12,54747.11046,4034.0,1729.0,AO12/P93013/93013-07-22-02,explicit_designation_and_independent_catalog_position,high,0.0091850000681067,7.2792,59.5681,archived,ACCEPTED_CANDIDATE,data/provenance/reconstruction/query_igr_j00291_5934.json,,chronological_even_rank_cap32_v1,False
93435-01-29-00,igr_j00291_5934,IGR J00291+5934,IGR_J00291+5934,NS,NS,93435,12,54792.43929,1620.0,1308.0,AO12/P93435/93435-01-29-00,explicit_designation_and_independent_catalog_position,high,0.0091850000681067,7.2792,59.5681,archived,ACCEPTED_CANDIDATE,data/provenance/reconstruction/query_igr_j00291_5934.json,,chronological_even_rank_cap32_v1,False
94408-01-03-01,igr_j00291_5934,IGR J00291+5934,IGR_J00291+5934,NS,NS,94408,13,54845.38324,1155.0,912.0,AO13/P94408/94408-01-03-01,explicit_designation_and_independent_catalog_position,high,0.0091850000681067,7.2792,59.5681,archived,ACCEPTED_CANDIDATE,data/provenance/reconstruction/query_igr_j00291_5934.json,,chronological_even_rank_cap32_v1,False
94408-01-11-00,igr_j00291_5934,IGR J00291+5934,IGR_J00291+5934,NS,NS,94408,13,54898.31397,1524.0,908.0,AO13/P94408/94408-01-11-00,explicit_designation_and_independent_catalog_position,high,0.0091850000681067,7.2792,59.5681,archived,ACCEPTED_CANDIDATE,data/provenance/reconstruction/query_igr_j00291_5934.json,,chronological_even_rank_cap32_v1,False
94408-01-18-01,igr_j00291_5934,IGR J00291+5934,IGR_J00291+5934,NS,NS,94408,13,54951.23563,1521.0,679.0,AO13/P94408/94408-01-18-01,explicit_designation_and_independent_catalog_position,high,0.0091850000681067,7.2792,59.5681,archived,ACCEPTED_CANDIDATE,data/provenance/reconstruction/query_igr_j00291_5934.json,,chronological_even_rank_cap32_v1,False
94408-01-26-00,igr_j00291_5934,IGR J00291+5934,IGR_J00291+5934,NS,NS,94408,13,55009.90286,1415.0,905.0,AO13/P94408/94408-01-26-00,explicit_designation_and_independent_catalog_position,high,0.0091850000681067,7.2792,59.5681,archived,ACCEPTED_CANDIDATE,data/provenance/reconstruction/query_igr_j00291_5934.json,,chronological_even_rank_cap32_v1,False
94408-01-33-01,igr_j00291_5934,IGR J00291+5934,IGR_J00291+5934,NS,NS,94408,13,55063.72702,1513.0,726.0,AO13/P94408/94408-01-33-01,explicit_designation_and_independent_catalog_position,high,0.0091850000681067,7.2792,59.5681,archived,ACCEPTED_CANDIDATE,data/provenance/reconstruction/query_igr_j00291_5934.json,,chronological_even_rank_cap32_v1,False
94408-01-41-00,igr_j00291_5934,IGR J00291+5934,IGR_J00291+5934,NS,NS,94408,13,55122.55936,3464.0,1081.0,AO13/P94408/94408-01-41-00,explicit_designation_and_independent_catalog_position,high,0.0091850000681067,7.2792,59.5681,archived,ACCEPTED_CANDIDATE,data/provenance/reconstruction/query_igr_j00291_5934.json,,chronological_even_rank_cap32_v1,True
94408-01-49-01,igr_j00291_5934,IGR J00291+5934,IGR_J00291+5934,NS,NS,94408,13,55181.36258,2207.0,478.0,AO13/P94408/94408-01-49-01,explicit_designation_and_independent_catalog_position,high,0.0091850000681067,7.2792,59.5681,archived,ACCEPTED_CANDIDATE,data/provenance/reconstruction/query_igr_j00291_5934.json,,chronological_even_rank_cap32_v1,False
95401-01-11-00,igr_j00291_5934,IGR J00291+5934,IGR_J00291+5934,NS,NS,95401,14,55234.1878,701.0,422.0,AO14/P95401/95401-01-11-00,explicit_designation_and_independent_catalog_position,high,0.0091850000681067,7.2792,59.5681,archived,ACCEPTED_CANDIDATE,data/provenance/reconstruction/query_igr_j00291_5934.json,,chronological_even_rank_cap32_v1,False
95401-01-25-00,igr_j00291_5934,IGR J00291+5934,IGR_J00291+5934,NS,NS,95401,14,55283.11425,1744.0,713.0,AO14/P95401/95401-01-25-00,explicit_designation_and_independent_catalog_position,high,0.0091850000681067,7.2792,59.5681,archived,ACCEPTED_CANDIDATE,data/provenance/reconstruction/query_igr_j00291_5934.json,,chronological_even_rank_cap32_v1,False
95401-01-40-00,igr_j00291_5934,IGR J00291+5934,IGR_J00291+5934,NS,NS,95401,14,55334.96528,1383.0,597.0,AO14/P95401/95401-01-40-00,explicit_designation_and_independent_catalog_position,high,0.0091850000681067,7.2792,59.5681,archived,ACCEPTED_CANDIDATE,data/provenance/reconstruction/query_igr_j00291_5934.json,,chronological_even_rank_cap32_v1,False
95401-01-55-00,igr_j00291_5934,IGR J00291+5934,IGR_J00291+5934,NS,NS,95401,14,55387.70147,1520.0,1026.0,AO14/P95401/95401-01-55-00,explicit_designation_and_independent_catalog_position,high,0.0091850000681067,7.2792,59.5681,archived,ACCEPTED_CANDIDATE,data/provenance/reconstruction/query_igr_j00291_5934.json,,chronological_even_rank_cap32_v1,False
95401-01-70-00,igr_j00291_5934,IGR J00291+5934,IGR_J00291+5934,NS,NS,95401,14,55441.10494,2920.0,791.0,AO14/P95401/95401-01-70-00,explicit_designation_and_independent_catalog_position,high,0.0091850000681067,7.2792,59.5681,archived,ACCEPTED_CANDIDATE,data/provenance/reconstruction/query_igr_j00291_5934.json,,chronological_even_rank_cap32_v1,False
95401-01-86-00,igr_j00291_5934,IGR J00291+5934,IGR_J00291+5934,NS,NS,95401,14,55497.05855,3337.0,921.0,AO14/P95401/95401-01-86-00,explicit_designation_and_independent_catalog_position,high,0.0091850000681067,7.2792,59.5681,archived,ACCEPTED_CANDIDATE,data/provenance/reconstruction/query_igr_j00291_5934.json,,chronological_even_rank_cap32_v1,False
95401-01-03-10,igr_j00291_5934,IGR J00291+5934,IGR_J00291+5934,NS,NS,95401,14,55549.79522,2874.0,606.0,AO14/P95401/95401-01-03-10,explicit_designation_and_independent_catalog_position,high,0.0091850000681067,7.2792,59.5681,archived,ACCEPTED_CANDIDATE,data/provenance/reconstruction/query_igr_j00291_5934.json,,chronological_even_rank_cap32_v1,False
96401-01-12-00,igr_j00291_5934,IGR J00291+5934,IGR_J00291+5934,NS,NS,96401,15,55601.47508,2948.0,791.0,AO15/P96401/96401-01-12-00,explicit_designation_and_independent_catalog_position,high,0.0091850000681067,7.2792,59.5681,archived,ACCEPTED_CANDIDATE,data/provenance/reconstruction/query_igr_j00291_5934.json,,chronological_even_rank_cap32_v1,False
96401-01-28-00,igr_j00291_5934,IGR J00291+5934,IGR_J00291+5934,NS,NS,96401,15,55658.1088,3866.0,1355.0,AO15/P96401/96401-01-28-00,explicit_designation_and_independent_catalog_position,high,0.0091850000681067,7.2792,59.5681,archived,ACCEPTED_CANDIDATE,data/provenance/reconstruction/query_igr_j00291_5934.json,,chronological_even_rank_cap32_v1,False
96401-01-43-00,igr_j00291_5934,IGR J00291+5934,IGR_J00291+5934,NS,NS,96401,15,55710.92456,1065.0,852.0,AO15/P96401/96401-01-43-00,explicit_designation_and_independent_catalog_position,high,0.0091850000681067,7.2792,59.5681,archived,ACCEPTED_CANDIDATE,data/provenance/reconstruction/query_igr_j00291_5934.json,,chronological_even_rank_cap32_v1,False
96401-01-58-00,igr_j00291_5934,IGR J00291+5934,IGR_J00291+5934,NS,NS,96401,15,55762.76814,1140.0,959.0,AO15/P96401/96401-01-58-00,explicit_designation_and_independent_catalog_position,high,0.0091850000681067,7.2792,59.5681,archived,ACCEPTED_CANDIDATE,data/provenance/reconstruction/query_igr_j00291_5934.json,,chronological_even_rank_cap32_v1,False
96401-01-74-00,igr_j00291_5934,IGR J00291+5934,IGR_J00291+5934,NS,NS,96401,15,55819.76883,1339.0,913.0,AO15/P96401/96401-01-74-00,explicit_designation_and_independent_catalog_position,high,0.0091850000681067,7.2792,59.5681,archived,ACCEPTED_CANDIDATE,data/provenance/reconstruction/query_igr_j00291_5934.json,,chronological_even_rank_cap32_v1,False
96401-01-89-00,igr_j00291_5934,IGR J00291+5934,IGR_J00291+5934,NS,NS,96401,15,55872.60161,1141.0,717.0,AO15/P96401/96401-01-89-00,explicit_designation_and_independent_catalog_position,high,0.0091850000681067,7.2792,59.5681,archived,ACCEPTED_CANDIDATE,data/provenance/reconstruction/query_igr_j00291_5934.json,,chronological_even_rank_cap32_v1,False
96401-01-06-10,igr_j00291_5934,IGR J00291+5934,IGR_J00291+5934,NS,NS,96401,15,55924.33203,3360.0,1014.0,AO15/P96401/96401-01-06-10,explicit_designation_and_independent_catalog_position,high,0.0091850000681067,7.2792,59.5681,archived,ACCEPTED_CANDIDATE,data/provenance/reconstruction/query_igr_j00291_5934.json,,chronological_even_rank_cap32_v1,True
10416-01-01-00,ks_1731_260,KS 1731-260,KS1731-260,NS,NS,10416,1,50278.09062,17257.0,9896.0,AO1/P10416/10416-01-01-00,explicit_designation_and_independent_catalog_position,high,0.0071925902959569,263.55081,-26.0831,archived,ACCEPTED_CANDIDATE,data/provenance/reconstruction/query_ks_1731_260.json,,chronological_even_rank_cap32_v1,True
10416-01-03-00,ks_1731_260,KS 1731-260,KS1731-260,NS,NS,10416,1,50326.73326,8215.0,3490.0,AO1/P10416/10416-01-03-00,explicit_designation_and_independent_catalog_position,high,0.0071925902959569,263.55081,-26.0831,archived,ACCEPTED_CANDIDATE,data/provenance/reconstruction/query_ks_1731_260.json,,chronological_even_rank_cap32_v1,False
20085-01-01-02,ks_1731_260,KS 1731-260,KS1731-260,NS,NS,20085,2,50750.26406,8465.0,4286.0,AO2/P20085/20085-01-01-02,explicit_designation_and_independent_catalog_position,high,0.0031940470964735,263.5542,-26.0858,archived,ACCEPTED_CANDIDATE,data/provenance/reconstruction/query_ks_1731_260.json,,chronological_even_rank_cap32_v1,False
30061-01-01-00,ks_1731_260,KS 1731-260,KS_1731-260,NS,NS,30061,3,51025.46978,14078.0,8937.0,AO3/P30061/30061-01-01-00,explicit_designation_and_independent_catalog_position,high,0.0071575810631556,263.551,-26.083,archived,ACCEPTED_CANDIDATE,data/provenance/reconstruction/query_ks_1731_260.json,,chronological_even_rank_cap32_v1,False
30061-01-01-02,ks_1731_260,KS 1731-260,KS_1731-260,NS,NS,30061,3,51026.27318,38818.0,22927.0,AO3/P30061/30061-01-01-02,explicit_designation_and_independent_catalog_position,high,0.0071575810631556,263.551,-26.083,archived,ACCEPTED_CANDIDATE,data/provenance/reconstruction/query_ks_1731_260.json,,chronological_even_rank_cap32_v1,False
30061-01-01-04,ks_1731_260,KS 1731-260,KS_1731-260,NS,NS,30061,3,51027.3491,5097.0,2135.0,AO3/P30061/30061-01-01-04,explicit_designation_and_independent_catalog_position,high,0.0071575810631556,263.551,-26.083,archived,ACCEPTED_CANDIDATE,data/provenance/reconstruction/query_ks_1731_260.json,,chronological_even_rank_cap32_v1,False
30061-01-02-01,ks_1731_260,KS 1731-260,KS_1731-260,NS,NS,30061,3,51088.54064,6026.0,3536.0,AO3/P30061/30061-01-02-01,explicit_designation_and_independent_catalog_position,high,0.0071575810631556,263.551,-26.083,archived,ACCEPTED_CANDIDATE,data/provenance/reconstruction/query_ks_1731_260.json,,chronological_even_rank_cap32_v1,False
30061-01-02-03,ks_1731_260,KS 1731-260,KS_1731-260,NS,NS,30061,3,51089.23966,13513.0,7724.0,AO3/P30061/30061-01-02-03,explicit_designation_and_independent_catalog_position,high,0.0071575810631556,263.551,-26.083,archived,ACCEPTED_CANDIDATE,data/provenance/reconstruction/query_ks_1731_260.json,,chronological_even_rank_cap32_v1,False
30061-01-02-06,ks_1731_260,KS 1731-260,KS_1731-260,NS,NS,30061,3,51092.07388,27657.0,15310.0,AO3/P30061/30061-01-02-06,explicit_designation_and_independent_catalog_position,high,0.0071575810631556,263.551,-26.083,archived,ACCEPTED_CANDIDATE,data/provenance/reconstruction/query_ks_1731_260.json,,chronological_even_rank_cap32_v1,False
30061-01-03-00,ks_1731_260,KS 1731-260,KS_1731-260,NS,NS,30061,3,51231.76258,11840.0,7368.0,AO3/P30061/30061-01-03-00,explicit_designation_and_independent_catalog_position,high,0.0071575810631556,263.551,-26.083,archived,ACCEPTED_CANDIDATE,data/provenance/reconstruction/query_ks_1731_260.json,,chronological_even_rank_cap32_v1,False
30061-01-03-01,ks_1731_260,KS 1731-260,KS_1731-260,NS,NS,30061,3,51234.8965,8950.0,6057.0,AO3/P30061/30061-01-03-01,explicit_designation_and_independent_catalog_position,high,0.0071575810631556,263.551,-26.083,archived,ACCEPTED_CANDIDATE,data/provenance/reconstruction/query_ks_1731_260.json,,chronological_even_rank_cap32_v1,False
30061-01-04-00,ks_1731_260,KS 1731-260,KS_1731-260,NS,NS,30061,3,51235.62845,23368.0,13326.0,AO3/P30061/30061-01-04-00,explicit_designation_and_independent_catalog_position,high,0.0071575810631556,263.551,-26.083,archived,ACCEPTED_CANDIDATE,data/provenance/reconstruction/query_ks_1731_260.json,,chronological_even_rank_cap32_v1,False
30061-01-04-02,ks_1731_260,KS 1731-260,KS_1731-260,NS,NS,30061,3,51236.62843,11592.0,6069.0,AO3/P30061/30061-01-04-02,explicit_designation_and_independent_catalog_position,high,0.0071575810631556,263.551,-26.083,archived,ACCEPTED_CANDIDATE,data/provenance/reconstruction/query_ks_1731_260.json,,chronological_even_rank_cap32_v1,False
50031-02-01-09,ks_1731_260,KS 1731-260,KS_1731-260,NS,NS,50031,5,51762.90697,4191.0,3410.0,AO5/P50031/50031-02-01-09,explicit_designation_and_independent_catalog_position,high,0.0060301879547215,263.54999,-26.086,archived,ACCEPTED_CANDIDATE,data/provenance/reconstruction/query_ks_1731_260.json,,chronological_even_rank_cap32_v1,False
50031-02-01-11,ks_1731_260,KS 1731-260,KS_1731-260,NS,NS,50031,5,51763.03812,4379.0,3787.0,AO5/P50031/50031-02-01-11,explicit_designation_and_independent_catalog_position,high,0.0060301879547215,263.54999,-26.086,archived,ACCEPTED_CANDIDATE,data/provenance/reconstruction/query_ks_1731_260.json,,chronological_even_rank_cap32_v1,False
50031-02-01-01,ks_1731_260,KS 1731-260,KS_1731-260,NS,NS,50031,5,51763.17766,16338.0,8299.0,AO5/P50031/50031-02-01-01,explicit_designation_and_independent_catalog_position,high,0.0060301879547215,263.54999,-26.086,archived,ACCEPTED_CANDIDATE,data/provenance/reconstruction/query_ks_1731_260.json,,chronological_even_rank_cap32_v1,False
50031-02-01-03,ks_1731_260,KS 1731-260,KS_1731-260,NS,NS,50031,5,51763.84305,13296.0,8396.0,AO5/P50031/50031-02-01-03,explicit_designation_and_independent_catalog_position,high,0.0060301879547215,263.54999,-26.086,archived,ACCEPTED_CANDIDATE,data/provenance/reconstruction/query_ks_1731_260.json,,chronological_even_rank_cap32_v1,True
50031-02-01-05,ks_1731_260,KS 1731-260,KS_1731-260,NS,NS,50031,5,51764.57369,15408.0,9647.0,AO5/P50031/50031-02-01-05,explicit_designation_and_independent_catalog_position,high,0.0060301879547215,263.54999,-26.086,archived,ACCEPTED_CANDIDATE,data/provenance/reconstruction/query_ks_1731_260.json,,chronological_even_rank_cap32_v1,False
50031-02-02-04,ks_1731_260,KS 1731-260,KS_1731-260,NS,NS,50031,5,51815.7059,5738.0,3241.0,AO5/P50031/50031-02-02-04,explicit_designation_and_independent_catalog_position,high,0.0060301879547215,263.54999,-26.086,archived,ACCEPTED_CANDIDATE,data/provenance/reconstruction/query_ks_1731_260.json,,chronological_even_rank_cap32_v1,False
50031-02-02-06,ks_1731_260,KS 1731-260,KS_1731-260,NS,NS,50031,5,51816.03917,16744.0,8889.0,AO5/P50031/50031-02-02-06,explicit_designation_and_independent_catalog_position,high,0.0060301879547215,263.54999,-26.086,archived,ACCEPTED_CANDIDATE,data/provenance/reconstruction/query_ks_1731_260.json,,chronological_even_rank_cap32_v1,False
50031-02-02-02,ks_1731_260,KS 1731-260,KS_1731-260,NS,NS,50031,5,51816.37313,6371.0,3562.0,AO5/P50031/50031-02-02-02,explicit_designation_and_independent_catalog_position,high,0.0060301879547215,263.54999,-26.086,archived,ACCEPTED_CANDIDATE,data/provenance/reconstruction/query_ks_1731_260.json,,chronological_even_rank_cap32_v1,False
50031-02-02-07,ks_1731_260,KS 1731-260,KS_1731-260,NS,NS,50031,5,51816.96903,4439.0,2770.0,AO5/P50031/50031-02-02-07,explicit_designation_and_independent_catalog_position,high,0.0060301879547215,263.54999,-26.086,archived,ACCEPTED_CANDIDATE,data/provenance/reconstruction/query_ks_1731_260.json,,chronological_even_rank_cap32_v1,False
50031-02-03-00,ks_1731_260,KS 1731-260,KS_1731-260,NS,NS,50031,5,51928.07606,9421.0,6893.0,AO5/P50031/50031-02-03-00,explicit_designation_and_independent_catalog_position,high,0.0060301879547215,263.54999,-26.086,archived,ACCEPTED_CANDIDATE,data/provenance/reconstruction/query_ks_1731_260.json,,chronological_even_rank_cap32_v1,False
50031-02-03-06,ks_1731_260,KS 1731-260,KS_1731-260,NS,NS,50031,5,51928.66895,4200.0,1826.0,AO5/P50031/50031-02-03-06,explicit_designation_and_independent_catalog_position,high,0.0060301879547215,263.54999,-26.086,archived,ACCEPTED_CANDIDATE,data/provenance/reconstruction/query_ks_1731_260.json,,chronological_even_rank_cap32_v1,False
50031-02-03-07,ks_1731_260,KS 1731-260,KS_1731-260,NS,NS,50031,5,51929.26934,4080.0,3615.0,AO5/P50031/50031-02-03-07,explicit_designation_and_independent_catalog_position,high,0.0060301879547215,263.54999,-26.086,archived,ACCEPTED_CANDIDATE,data/provenance/reconstruction/query_ks_1731_260.json,,chronological_even_rank_cap32_v1,False
50031-02-03-08,ks_1731_260,KS 1731-260,KS_1731-260,NS,NS,50031,5,51929.73071,4323.0,2133.0,AO5/P50031/50031-02-03-08,explicit_designation_and_independent_catalog_position,high,0.0060301879547215,263.54999,-26.086,archived,ACCEPTED_CANDIDATE,data/provenance/reconstruction/query_ks_1731_260.json,,chronological_even_rank_cap32_v1,False
50031-02-03-09,ks_1731_260,KS 1731-260,KS_1731-260,NS,NS,50031,5,51930.19528,4454.0,3332.0,AO5/P50031/50031-02-03-09,explicit_designation_and_independent_catalog_position,high,0.0060301879547215,263.54999,-26.086,archived,ACCEPTED_CANDIDATE,data/provenance/reconstruction/query_ks_1731_260.json,,chronological_even_rank_cap32_v1,False
50031-02-04-03,ks_1731_260,KS 1731-260,KS_1731-260,NS,NS,50031,5,51970.8855,3164.0,824.0,AO5/P50031/50031-02-04-03,explicit_designation_and_independent_catalog_position,high,0.0060301879547215,263.54999,-26.086,archived,ACCEPTED_CANDIDATE,data/provenance/reconstruction/query_ks_1731_260.json,,chronological_even_rank_cap32_v1,False
50031-02-04-05,ks_1731_260,KS 1731-260,KS_1731-260,NS,NS,50031,5,51971.65262,4866.0,2787.0,AO5/P50031/50031-02-04-05,explicit_designation_and_independent_catalog_position,high,0.0060301879547215,263.54999,-26.086,archived,ACCEPTED_CANDIDATE,data/provenance/reconstruction/query_ks_1731_260.json,,chronological_even_rank_cap32_v1,False
50031-02-04-07,ks_1731_260,KS 1731-260,KS_1731-260,NS,NS,50031,5,51972.14297,1784.0,1151.0,AO5/P50031/50031-02-04-07,explicit_designation_and_independent_catalog_position,high,0.0060301879547215,263.54999,-26.086,archived,ACCEPTED_CANDIDATE,data/provenance/reconstruction/query_ks_1731_260.json,,chronological_even_rank_cap32_v1,False
50031-02-04-10,ks_1731_260,KS 1731-260,KS_1731-260,NS,NS,50031,5,51973.30828,2624.0,1747.0,AO5/P50031/50031-02-04-10,explicit_designation_and_independent_catalog_position,high,0.0060301879547215,263.54999,-26.086,archived,ACCEPTED_CANDIDATE,data/provenance/reconstruction/query_ks_1731_260.json,,chronological_even_rank_cap32_v1,False
93089-20-01-00,ks_1731_260,KS 1731-260,KS_1731-260,NS,NS,93089,12,54336.76728,6875.0,3480.0,AO12/P93089/93089-20-01-00,explicit_designation_and_independent_catalog_position,high,0.0044723343000398,263.553,-26.085,archived,ACCEPTED_CANDIDATE,data/provenance/reconstruction/query_ks_1731_260.json,,chronological_even_rank_cap32_v1,True
40414-01-01-00,mxb_1658_298,MXB 1658-298,X1658-298,NS,NS,40414,4,51273.83972,18851.0,7487.0,AO4/P40414/40414-01-01-00,explicit_designation_and_independent_catalog_position,high,0.0010984054579503,255.526,-29.946,archived,ACCEPTED_CANDIDATE,data/provenance/reconstruction/query_mxb_1658_298.json,,chronological_even_rank_cap32_v1,True
40050-04-05-00,mxb_1658_298,MXB 1658-298,X1658-298,NS,NS,40050,4,51275.60441,7031.0,4288.0,AO4/P40050/40050-04-05-00,explicit_designation_and_independent_catalog_position,high,0.0010984054579503,255.526,-29.946,archived,ACCEPTED_CANDIDATE,data/provenance/reconstruction/query_mxb_1658_298.json,,chronological_even_rank_cap32_v1,False
40050-04-05-02,mxb_1658_298,MXB 1658-298,X1658-298,NS,NS,40050,4,51276.67511,3733.0,2916.0,AO4/P40050/40050-04-05-02,explicit_designation_and_independent_catalog_position,high,0.0010984054579503,255.526,-29.946,archived,ACCEPTED_CANDIDATE,data/provenance/reconstruction/query_mxb_1658_298.json,,chronological_even_rank_cap32_v1,False
40414-01-02-00,mxb_1658_298,MXB 1658-298,X1658-298,NS,NS,40414,4,51277.81067,2820.0,2293.0,AO4/P40414/40414-01-02-00,explicit_designation_and_independent_catalog_position,high,0.0010984054579503,255.526,-29.946,archived,ACCEPTED_CANDIDATE,data/provenance/reconstruction/query_mxb_1658_298.json,,chronological_even_rank_cap32_v1,False
40414-01-04-00,mxb_1658_298,MXB 1658-298,X1658-298,NS,NS,40414,4,51283.74801,1680.0,1430.0,AO4/P40414/40414-01-04-00,explicit_designation_and_independent_catalog_position,high,0.0010984054579503,255.526,-29.946,archived,ACCEPTED_CANDIDATE,data/provenance/reconstruction/query_mxb_1658_298.json,,chronological_even_rank_cap32_v1,False
40414-01-06-00,mxb_1658_298,MXB 1658-298,X1658-298,NS,NS,40414,4,51335.63125,5851.0,3001.0,AO4/P40414/40414-01-06-00,explicit_designation_and_independent_catalog_position,high,0.0010984054579503,255.526,-29.946,archived,ACCEPTED_CANDIDATE,data/provenance/reconstruction/query_mxb_1658_298.json,,chronological_even_rank_cap32_v1,False
40414-01-08-00,mxb_1658_298,MXB 1658-298,X1658-298,NS,NS,40414,4,51389.12809,1767.0,1143.0,AO4/P40414/40414-01-08-00,explicit_designation_and_independent_catalog_position,high,0.0010984054579503,255.526,-29.946,archived,ACCEPTED_CANDIDATE,data/provenance/reconstruction/query_mxb_1658_298.json,,chronological_even_rank_cap32_v1,False
40414-01-10-00,mxb_1658_298,MXB 1658-298,X1658-298,NS,NS,40414,4,51396.12392,2699.0,1448.0,AO4/P40414/40414-01-10-00,explicit_designation_and_independent_catalog_position,high,0.0010984054579503,255.526,-29.946,archived,ACCEPTED_CANDIDATE,data/provenance/reconstruction/query_mxb_1658_298.json,,chronological_even_rank_cap32_v1,False
40414-01-11-00,mxb_1658_298,MXB 1658-298,X1658-298,NS,NS,40414,4,51397.30925,2095.0,1818.0,AO4/P40414/40414-01-11-00,explicit_designation_and_independent_catalog_position,high,0.0010984054579503,255.526,-29.946,archived,ACCEPTED_CANDIDATE,data/provenance/reconstruction/query_mxb_1658_298.json,,chronological_even_rank_cap32_v1,False
40414-01-14-00,mxb_1658_298,MXB 1658-298,X1658-298,NS,NS,40414,4,51467.29175,2419.0,1772.0,AO4/P40414/40414-01-14-00,explicit_designation_and_independent_catalog_position,high,0.0010984054579503,255.526,-29.946,archived,ACCEPTED_CANDIDATE,data/provenance/reconstruction/query_mxb_1658_298.json,,chronological_even_rank_cap32_v1,False
40414-01-15-00,mxb_1658_298,MXB 1658-298,X1658-298,NS,NS,40414,4,51557.42509,2983.0,1960.0,AO4/P40414/40414-01-15-00,explicit_designation_and_independent_catalog_position,high,0.0010984054579503,255.526,-29.946,archived,ACCEPTED_CANDIDATE,data/provenance/reconstruction/query_mxb_1658_298.json,,chronological_even_rank_cap32_v1,False
40414-01-17-00,mxb_1658_298,MXB 1658-298,X1658-298,NS,NS,40414,4,51562.46384,3060.0,1445.0,AO4/P40414/40414-01-17-00,explicit_designation_and_independent_catalog_position,high,0.0010984054579503,255.526,-29.946,archived,ACCEPTED_CANDIDATE,data/provenance/reconstruction/query_mxb_1658_298.json,,chronological_even_rank_cap32_v1,False
50410-01-02-00,mxb_1658_298,MXB 1658-298,X1658-298,NS,NS,50410,5,51681.65035,2800.0,1617.0,AO5/P50410/50410-01-02-00,explicit_designation_and_independent_catalog_position,high,0.0010984054579503,255.526,-29.946,archived,ACCEPTED_CANDIDATE,data/provenance/reconstruction/query_mxb_1658_298.json,,chronological_even_rank_cap32_v1,False
50410-01-03-00,mxb_1658_298,MXB 1658-298,X1658-298,NS,NS,50410,5,51682.83156,3695.0,2285.0,AO5/P50410/50410-01-03-00,explicit_designation_and_independent_catalog_position,high,0.0010984054579503,255.526,-29.946,archived,ACCEPTED_CANDIDATE,data/provenance/reconstruction/query_mxb_1658_298.json,,chronological_even_rank_cap32_v1,False
50410-01-05-00,mxb_1658_298,MXB 1658-298,X1658-298,NS,NS,50410,5,51764.37869,4341.0,2540.0,AO5/P50410/50410-01-05-00,explicit_designation_and_independent_catalog_position,high,0.0010984054579503,255.526,-29.946,archived,ACCEPTED_CANDIDATE,data/provenance/reconstruction/query_mxb_1658_298.json,,chronological_even_rank_cap32_v1,False
50410-01-07-00,mxb_1658_298,MXB 1658-298,X1658-298,NS,NS,50410,5,51835.25008,3960.0,1914.0,AO5/P50410/50410-01-07-00,explicit_designation_and_independent_catalog_position,high,0.0010984054579503,255.526,-29.946,archived,ACCEPTED_CANDIDATE,data/provenance/reconstruction/query_mxb_1658_298.json,,chronological_even_rank_cap32_v1,False
50410-01-09-00,mxb_1658_298,MXB 1658-298,X1658-298,NS,NS,50410,5,51837.0225,4915.0,2411.0,AO5/P50410/50410-01-09-00,explicit_designation_and_independent_catalog_position,high,0.0010984054579503,255.526,-29.946,archived,ACCEPTED_CANDIDATE,data/provenance/reconstruction/query_mxb_1658_298.json,,chronological_even_rank_cap32_v1,True
60048-01-02-00,mxb_1658_298,MXB 1658-298,X1658-298,NS,NS,60048,6,51974.90078,6000.0,3725.0,AO6/P60048/60048-01-02-00,explicit_designation_and_independent_catalog_position,high,0.0003980290103606,255.52699,-29.946,archived,ACCEPTED_CANDIDATE,data/provenance/reconstruction/query_mxb_1658_298.json,,chronological_even_rank_cap32_v1,False
60048-01-04-00,mxb_1658_298,MXB 1658-298,X1658-298,NS,NS,60048,6,51976.37112,3215.0,2647.0,AO6/P60048/60048-01-04-00,explicit_designation_and_independent_catalog_position,high,0.0003980290103606,255.52699,-29.946,archived,ACCEPTED_CANDIDATE,data/provenance/reconstruction/query_mxb_1658_298.json,,chronological_even_rank_cap32_v1,False
60048-01-05-00,mxb_1658_298,MXB 1658-298,X1658-298,NS,NS,60048,6,51976.95793,3642.0,3425.0,AO6/P60048/60048-01-05-00,explicit_designation_and_independent_catalog_position,high,0.0003980290103606,255.52699,-29.946,archived,ACCEPTED_CANDIDATE,data/provenance/reconstruction/query_mxb_1658_298.json,,chronological_even_rank_cap32_v1,False
60048-02-01-00,mxb_1658_298,MXB 1658-298,X1658-298,NS,NS,60048,6,52027.67369,5460.0,3562.0,AO6/P60048/60048-02-01-00,explicit_designation_and_independent_catalog_position,high,0.0003980290103606,255.52699,-29.946,archived,ACCEPTED_CANDIDATE,data/provenance/reconstruction/query_mxb_1658_298.json,,chronological_even_rank_cap32_v1,False
60048-02-03-00,mxb_1658_298,MXB 1658-298,X1658-298,NS,NS,60048,6,52030.91939,6012.0,3789.0,AO6/P60048/60048-02-03-00,explicit_designation_and_independent_catalog_position,high,0.0003980290103606,255.52699,-29.946,archived,ACCEPTED_CANDIDATE,data/provenance/reconstruction/query_mxb_1658_298.json,,chronological_even_rank_cap32_v1,False
60048-02-05-00,mxb_1658_298,MXB 1658-298,X1658-298,NS,NS,60048,6,52032.71422,2700.0,2397.0,AO6/P60048/60048-02-05-00,explicit_designation_and_independent_catalog_position,high,0.0003980290103606,255.52699,-29.946,archived,ACCEPTED_CANDIDATE,data/provenance/reconstruction/query_mxb_1658_298.json,,chronological_even_rank_cap32_v1,False
60048-03-02-00,mxb_1658_298,MXB 1658-298,X1658-298,NS,NS,60048,6,52077.17506,4365.0,3827.0,AO6/P60048/60048-03-02-00,explicit_designation_and_independent_catalog_position,high,0.0003980290103606,255.52699,-29.946,archived,ACCEPTED_CANDIDATE,data/provenance/reconstruction/query_mxb_1658_298.json,,chronological_even_rank_cap32_v1,False
60048-03-03-00,mxb_1658_298,MXB 1658-298,X1658-298,NS,NS,60048,6,52077.77194,6041.0,3120.0,AO6/P60048/60048-03-03-00,explicit_designation_and_independent_catalog_position,high,0.0003980290103606,255.52699,-29.946,archived,ACCEPTED_CANDIDATE,data/provenance/reconstruction/query_mxb_1658_298.json,,chronological_even_rank_cap32_v1,False
60048-03-05-00,mxb_1658_298,MXB 1658-298,X1658-298,NS,NS,60048,6,52078.96531,5038.0,3654.0,AO6/P60048/60048-03-05-00,explicit_designation_and_independent_catalog_position,high,0.0003980290103606,255.52699,-29.946,archived,ACCEPTED_CANDIDATE,data/provenance/reconstruction/query_mxb_1658_298.json,,chronological_even_rank_cap32_v1,False
60048-04-02-00,mxb_1658_298,MXB 1658-298,X1658-298,NS,NS,60048,6,52132.63538,3805.0,3068.0,AO6/P60048/60048-04-02-00,explicit_designation_and_independent_catalog_position,high,0.0003980290103606,255.52699,-29.946,archived,ACCEPTED_CANDIDATE,data/provenance/reconstruction/query_mxb_1658_298.json,,chronological_even_rank_cap32_v1,False
60048-04-04-00,mxb_1658_298,MXB 1658-298,X1658-298,NS,NS,60048,6,52133.82369,2820.0,2695.0,AO6/P60048/60048-04-04-00,explicit_designation_and_independent_catalog_position,high,0.0003980290103606,255.52699,-29.946,archived,ACCEPTED_CANDIDATE,data/provenance/reconstruction/query_mxb_1658_298.json,,chronological_even_rank_cap32_v1,False
60419-01-01-00,mxb_1658_298,MXB 1658-298,X1658-298,NS,NS,60419,6,52159.32352,3939.0,3192.0,AO6/P60419/60419-01-01-00,explicit_designation_and_independent_catalog_position,high,0.0003980290103606,255.52699,-29.946,archived,ACCEPTED_CANDIDATE,data/provenance/reconstruction/query_mxb_1658_298.json,,chronological_even_rank_cap32_v1,False
60419-01-02-00,mxb_1658_298,MXB 1658-298,X1658-298,NS,NS,60419,6,52166.14194,4669.0,3431.0,AO6/P60419/60419-01-02-00,explicit_designation_and_independent_catalog_position,high,0.0003980290103606,255.52699,-29.946,archived,ACCEPTED_CANDIDATE,data/provenance/reconstruction/query_mxb_1658_298.json,,chronological_even_rank_cap32_v1,False
60419-01-04-00,mxb_1658_298,MXB 1658-298,X1658-298,NS,NS,60419,6,52182.44259,3599.0,3317.0,AO6/P60419/60419-01-04-00,explicit_designation_and_independent_catalog_position,high,0.0003980290103606,255.52699,-29.946,archived,ACCEPTED_CANDIDATE,data/provenance/reconstruction/query_mxb_1658_298.json,,chronological_even_rank_cap32_v1,False
93412-01-01-00,mxb_1658_298,MXB 1658-298,X1658-298,NS,NS,93412,12,54321.08897,1234.0,528.0,AO12/P93412/93412-01-01-00,explicit_designation_and_independent_catalog_position,high,0.0049843250090172,255.53,-29.95,archived,ACCEPTED_CANDIDATE,data/provenance/reconstruction/query_mxb_1658_298.json,,chronological_even_rank_cap32_v1,True
60084-03-02-00,sax_j1750_8_2900,SAX J1750.8-2900,SAX_J1750.8-2900,NS,NS,60084,6,51975.87037,7901.0,3656.0,AO6/P60084/60084-03-02-00,explicit_designation_and_independent_catalog_position,high,0.0058149127769231,267.6,-29.032,archived,ACCEPTED_CANDIDATE,data/provenance/reconstruction/query_sax_j1750_8_2900.json,,chronological_even_rank_cap32_v1,True
60084-03-01-02,sax_j1750_8_2900,SAX J1750.8-2900,SAX_J1750.8-2900,NS,NS,60084,6,51980.07579,4412.0,3579.0,AO6/P60084/60084-03-01-02,explicit_designation_and_independent_catalog_position,high,0.005812618299705,267.60001,-29.032,archived,ACCEPTED_CANDIDATE,data/provenance/reconstruction/query_sax_j1750_8_2900.json,,chronological_even_rank_cap32_v1,False
60035-01-02-01,sax_j1750_8_2900,SAX J1750.8-2900,SAX_J1750.8-2900,NS,NS,60035,6,52008.44907,5020.0,3219.0,AO6/P60035/60035-01-02-01,explicit_designation_and_independent_catalog_position,high,0.005812618299705,267.60001,-29.032,archived,ACCEPTED_CANDIDATE,data/provenance/reconstruction/query_sax_j1750_8_2900.json,,chronological_even_rank_cap32_v1,False
60117-01-01-00,sax_j1750_8_2900,SAX J1750.8-2900,SAX_J1750.8-2900,NS,NS,60117,6,52051.59953,3780.0,3018.0,AO6/P60117/60117-01-01-00,explicit_designation_and_independent_catalog_position,high,0.005812618299705,267.60001,-29.032,archived,ACCEPTED_CANDIDATE,data/provenance/reconstruction/query_sax_j1750_8_2900.json,,chronological_even_rank_cap32_v1,False
93044-08-02-00,sax_j1750_8_2900,SAX J1750.8-2900,SAX_J1750.8-2900,NS,NS,93044,12,54542.9434,4357.0,3420.0,AO12/P93044/93044-08-02-00,explicit_designation_and_independent_catalog_position,high,0.0365798163282875,267.56,-29.04,archived,ACCEPTED_CANDIDATE,data/provenance/reconstruction/query_sax_j1750_8_2900.json,,chronological_even_rank_cap32_v1,False
93044-08-05-00,sax_j1750_8_2900,SAX J1750.8-2900,SAX_J1750.8-2900,NS,NS,93044,12,54546.87196,5430.0,2803.0,AO12/P93044/93044-08-05-00,explicit_designation_and_independent_catalog_position,high,0.0365798163282875,267.56,-29.04,archived,ACCEPTED_CANDIDATE,data/provenance/reconstruction/query_sax_j1750_8_2900.json,,chronological_even_rank_cap32_v1,False
93044-08-08-01,sax_j1750_8_2900,SAX J1750.8-2900,SAX_J1750.8-2900,NS,NS,93044,12,54549.76866,2276.0,1511.0,AO12/P93044/93044-08-08-01,explicit_designation_and_independent_catalog_position,high,0.0365798163282875,267.56,-29.04,archived,ACCEPTED_CANDIDATE,data/provenance/reconstruction/query_sax_j1750_8_2900.json,,chronological_even_rank_cap32_v1,False
93432-01-01-01,sax_j1750_8_2900,SAX J1750.8-2900,SAX_J1750.8-2900,NS,NS,93432,12,54552.84314,2393.0,1671.0,AO12/P93432/93432-01-01-01,explicit_designation_and_independent_catalog_position,high,0.0365798163282875,267.56,-29.04,archived,ACCEPTED_CANDIDATE,data/provenance/reconstruction/query_sax_j1750_8_2900.json,,chronological_even_rank_cap32_v1,False
93432-01-02-00,sax_j1750_8_2900,SAX J1750.8-2900,SAX_J1750.8-2900,NS,NS,93432,12,54555.78689,2405.0,1788.0,AO12/P93432/93432-01-02-00,explicit_designation_and_independent_catalog_position,high,0.0365798163282875,267.56,-29.04,archived,ACCEPTED_CANDIDATE,data/provenance/reconstruction/query_sax_j1750_8_2900.json,,chronological_even_rank_cap32_v1,False
93432-01-02-05,sax_j1750_8_2900,SAX J1750.8-2900,SAX_J1750.8-2900,NS,NS,93432,12,54558.71555,1484.0,970.0,AO12/P93432/93432-01-02-05,explicit_designation_and_independent_catalog_position,high,0.0365798163282875,267.56,-29.04,archived,ACCEPTED_CANDIDATE,data/provenance/reconstruction/query_sax_j1750_8_2900.json,,chronological_even_rank_cap32_v1,False
93432-01-03-01,sax_j1750_8_2900,SAX J1750.8-2900,SAX_J1750.8-2900,NS,NS,93432,12,54561.59651,3364.0,2639.0,AO12/P93432/93432-01-03-01,explicit_designation_and_independent_catalog_position,high,0.0365798163282875,267.56,-29.04,archived,ACCEPTED_CANDIDATE,data/provenance/reconstruction/query_sax_j1750_8_2900.json,,chronological_even_rank_cap32_v1,False
93432-01-03-05,sax_j1750_8_2900,SAX J1750.8-2900,SAX_J1750.8-2900,NS,NS,93432,12,54566.50066,4727.0,2824.0,AO12/P93432/93432-01-03-05,explicit_designation_and_independent_catalog_position,high,0.0365798163282875,267.56,-29.04,archived,ACCEPTED_CANDIDATE,data/provenance/reconstruction/query_sax_j1750_8_2900.json,,chronological_even_rank_cap32_v1,False
93432-01-04-02,sax_j1750_8_2900,SAX J1750.8-2900,SAX_J1750.8-2900,NS,NS,93432,12,54572.38619,4462.0,3714.0,AO12/P93432/93432-01-04-02,explicit_designation_and_independent_catalog_position,high,0.0365798163282875,267.56,-29.04,archived,ACCEPTED_CANDIDATE,data/provenance/reconstruction/query_sax_j1750_8_2900.json,,chronological_even_rank_cap32_v1,False
93432-01-05-02,sax_j1750_8_2900,SAX J1750.8-2900,SAX_J1750.8-2900,NS,NS,93432,12,54578.60771,5521.0,2385.0,AO12/P93432/93432-01-05-02,explicit_designation_and_independent_catalog_position,high,0.0365798163282875,267.56,-29.04,archived,ACCEPTED_CANDIDATE,data/provenance/reconstruction/query_sax_j1750_8_2900.json,,chronological_even_rank_cap32_v1,False
93432-01-06-00,sax_j1750_8_2900,SAX J1750.8-2900,SAX_J1750.8-2900,NS,NS,93432,12,54581.02926,5470.0,3283.0,AO12/P93432/93432-01-06-00,explicit_designation_and_independent_catalog_position,high,0.0365798163282875,267.56,-29.04,archived,ACCEPTED_CANDIDATE,data/provenance/reconstruction/query_sax_j1750_8_2900.json,,chronological_even_rank_cap32_v1,False
93432-01-06-03,sax_j1750_8_2900,SAX J1750.8-2900,SAX_J1750.8-2900,NS,NS,93432,12,54584.29584,3633.0,1497.0,AO12/P93432/93432-01-06-03,explicit_designation_and_independent_catalog_position,high,0.0365798163282875,267.56,-29.04,archived,ACCEPTED_CANDIDATE,data/provenance/reconstruction/query_sax_j1750_8_2900.json,,chronological_even_rank_cap32_v1,False
93432-01-07-00,sax_j1750_8_2900,SAX J1750.8-2900,SAX_J1750.8-2900,NS,NS,93432,12,54588.61611,5518.0,2795.0,AO12/P93432/93432-01-07-00,explicit_designation_and_independent_catalog_position,high,0.0365798163282875,267.56,-29.04,archived,ACCEPTED_CANDIDATE,data/provenance/reconstruction/query_sax_j1750_8_2900.json,,chronological_even_rank_cap32_v1,True
93432-01-07-04,sax_j1750_8_2900,SAX J1750.8-2900,SAX_J1750.8-2900,NS,NS,93432,12,54593.5913,3771.0,2343.0,AO12/P93432/93432-01-07-04,explicit_designation_and_independent_catalog_position,high,0.0365798163282875,267.56,-29.04,archived,ACCEPTED_CANDIDATE,data/provenance/reconstruction/query_sax_j1750_8_2900.json,,chronological_even_rank_cap32_v1,False
93432-01-08-01,sax_j1750_8_2900,SAX J1750.8-2900,SAX_J1750.8-2900,NS,NS,93432,12,54601.78425,2580.0,1939.0,AO12/P93432/93432-01-08-01,explicit_designation_and_independent_catalog_position,high,0.0365798163282875,267.56,-29.04,archived,ACCEPTED_CANDIDATE,data/provenance/reconstruction/query_sax_j1750_8_2900.json,,chronological_even_rank_cap32_v1,False
93432-01-09-03,sax_j1750_8_2900,SAX J1750.8-2900,SAX_J1750.8-2900,NS,NS,93432,12,54606.88403,2911.0,1675.0,AO12/P93432/93432-01-09-03,explicit_designation_and_independent_catalog_position,high,0.0365798163282875,267.56,-29.04,archived,ACCEPTED_CANDIDATE,data/provenance/reconstruction/query_sax_j1750_8_2900.json,,chronological_even_rank_cap32_v1,False
93432-01-10-01,sax_j1750_8_2900,SAX J1750.8-2900,SAX_J1750.8-2900,NS,NS,93432,12,54610.46854,5240.0,3398.0,AO12/P93432/93432-01-10-01,explicit_designation_and_independent_catalog_position,high,0.0365798163282875,267.56,-29.04,archived,ACCEPTED_CANDIDATE,data/provenance/reconstruction/query_sax_j1750_8_2900.json,,chronological_even_rank_cap32_v1,False
93432-01-10-04,sax_j1750_8_2900,SAX J1750.8-2900,SAX_J1750.8-2900,NS,NS,93432,12,54613.54186,2261.0,1703.0,AO12/P93432/93432-01-10-04,explicit_designation_and_independent_catalog_position,high,0.0365798163282875,267.56,-29.04,archived,ACCEPTED_CANDIDATE,data/provenance/reconstruction/query_sax_j1750_8_2900.json,,chronological_even_rank_cap32_v1,False
93432-01-11-03,sax_j1750_8_2900,SAX J1750.8-2900,SAX_J1750.8-2900,NS,NS,93432,12,54618.51333,2155.0,1653.0,AO12/P93432/93432-01-11-03,explicit_designation_and_independent_catalog_position,high,0.0365798163282875,267.56,-29.04,archived,ACCEPTED_CANDIDATE,data/provenance/reconstruction/query_sax_j1750_8_2900.json,,chronological_even_rank_cap32_v1,False
93432-01-11-02,sax_j1750_8_2900,SAX J1750.8-2900,SAX_J1750.8-2900,NS,NS,93432,12,54622.14174,1922.0,1062.0,AO12/P93432/93432-01-11-02,explicit_designation_and_independent_catalog_position,high,0.0365798163282875,267.56,-29.04,archived,ACCEPTED_CANDIDATE,data/provenance/reconstruction/query_sax_j1750_8_2900.json,,chronological_even_rank_cap32_v1,False
93432-01-12-02,sax_j1750_8_2900,SAX J1750.8-2900,SAX_J1750.8-2900,NS,NS,93432,12,54626.97578,1519.0,1070.0,AO12/P93432/93432-01-12-02,explicit_designation_and_independent_catalog_position,high,0.0365798163282875,267.56,-29.04,archived,ACCEPTED_CANDIDATE,data/provenance/reconstruction/query_sax_j1750_8_2900.json,,chronological_even_rank_cap32_v1,False
93432-01-13-02,sax_j1750_8_2900,SAX J1750.8-2900,SAX_J1750.8-2900,NS,NS,93432,12,54633.00493,3480.0,1548.0,AO12/P93432/93432-01-13-02,explicit_designation_and_independent_catalog_position,high,0.0365798163282875,267.56,-29.04,archived,ACCEPTED_CANDIDATE,data/provenance/reconstruction/query_sax_j1750_8_2900.json,,chronological_even_rank_cap32_v1,False
93432-01-14-01,sax_j1750_8_2900,SAX J1750.8-2900,SAX_J1750.8-2900,NS,NS,93432,12,54637.6941,1557.0,956.0,AO12/P93432/93432-01-14-01,explicit_designation_and_independent_catalog_position,high,0.0365798163282875,267.56,-29.04,archived,ACCEPTED_CANDIDATE,data/provenance/reconstruction/query_sax_j1750_8_2900.json,,chronological_even_rank_cap32_v1,False
93432-01-14-03,sax_j1750_8_2900,SAX J1750.8-2900,SAX_J1750.8-2900,NS,NS,93432,12,54640.43943,4272.0,2424.0,AO12/P93432/93432-01-14-03,explicit_designation_and_independent_catalog_position,high,0.0365798163282875,267.56,-29.04,archived,ACCEPTED_CANDIDATE,data/provenance/reconstruction/query_sax_j1750_8_2900.json,,chronological_even_rank_cap32_v1,False
93432-01-15-00,sax_j1750_8_2900,SAX J1750.8-2900,SAX_J1750.8-2900,NS,NS,93432,12,54644.71543,3912.0,1474.0,AO12/P93432/93432-01-15-00,explicit_designation_and_independent_catalog_position,high,0.0365798163282875,267.56,-29.04,archived,ACCEPTED_CANDIDATE,data/provenance/reconstruction/query_sax_j1750_8_2900.json,,chronological_even_rank_cap32_v1,False
93432-01-16-00,sax_j1750_8_2900,SAX J1750.8-2900,SAX_J1750.8-2900,NS,NS,93432,12,54651.58825,3543.0,1191.0,AO12/P93432/93432-01-16-00,explicit_designation_and_independent_catalog_position,high,0.0365798163282875,267.56,-29.04,archived,ACCEPTED_CANDIDATE,data/provenance/reconstruction/query_sax_j1750_8_2900.json,,chronological_even_rank_cap32_v1,False
93432-01-16-04,sax_j1750_8_2900,SAX J1750.8-2900,SAX_J1750.8-2900,NS,NS,93432,12,54655.55494,5926.0,3418.0,AO12/P93432/93432-01-16-04,explicit_designation_and_independent_catalog_position,high,0.0365798163282875,267.56,-29.04,archived,ACCEPTED_CANDIDATE,data/provenance/reconstruction/query_sax_j1750_8_2900.json,,chronological_even_rank_cap32_v1,False
93432-01-17-02,sax_j1750_8_2900,SAX J1750.8-2900,SAX_J1750.8-2900,NS,NS,93432,12,54664.72745,2437.0,1615.0,AO12/P93432/93432-01-17-02,explicit_designation_and_independent_catalog_position,high,0.0365798163282875,267.56,-29.04,archived,ACCEPTED_CANDIDATE,data/provenance/reconstruction/query_sax_j1750_8_2900.json,,chronological_even_rank_cap32_v1,True
96085-04-01-00,sax_j1806_5_2215,SAX J1806.5-2215,SAX_J1806.5-2215,NS,NS,96085,15,55616.95298,4502.0,3380.0,AO15/P96085/96085-04-01-00,explicit_designation_and_independent_catalog_position,high,0.0153023890107211,271.6417,-22.2517,archived,ACCEPTED_CANDIDATE,data/provenance/reconstruction/query_sax_j1806_5_2215.json,,chronological_even_rank_cap32_v1,True
96085-04-02-01,sax_j1806_5_2215,SAX J1806.5-2215,SAX_J1806.5-2215,NS,NS,96085,15,55619.77405,9124.0,6099.0,AO15/P96085/96085-04-02-01,explicit_designation_and_independent_catalog_position,high,0.0152980972433444,271.64169,-22.2517,archived,ACCEPTED_CANDIDATE,data/provenance/reconstruction/query_sax_j1806_5_2215.json,,chronological_even_rank_cap32_v1,False
96085-04-03-00,sax_j1806_5_2215,SAX J1806.5-2215,SAX_J1806.5-2215,NS,NS,96085,15,55631.78672,11458.0,7200.0,AO15/P96085/96085-04-03-00,explicit_designation_and_independent_catalog_position,high,0.0152980972433444,271.64169,-22.2517,archived,ACCEPTED_CANDIDATE,data/provenance/reconstruction/query_sax_j1806_5_2215.json,,chronological_even_rank_cap32_v1,False
96085-04-03-02,sax_j1806_5_2215,SAX J1806.5-2215,SAX_J1806.5-2215,NS,NS,96085,15,55635.44231,4295.0,3364.0,AO15/P96085/96085-04-03-02,explicit_designation_and_independent_catalog_position,high,0.0152980972433444,271.64169,-22.2517,archived,ACCEPTED_CANDIDATE,data/provenance/reconstruction/query_sax_j1806_5_2215.json,,chronological_even_rank_cap32_v1,False
96085-04-03-03,sax_j1806_5_2215,SAX J1806.5-2215,SAX_J1806.5-2215,NS,NS,96085,15,55635.51217,3831.0,2696.0,AO15/P96085/96085-04-03-03,explicit_designation_and_independent_catalog_position,high,0.0152980972433444,271.64169,-22.2517,archived,ACCEPTED_CANDIDATE,data/provenance/reconstruction/query_sax_j1806_5_2215.json,,chronological_even_rank_cap32_v1,False
96085-04-04-00,sax_j1806_5_2215,SAX J1806.5-2215,SAX_J1806.5-2215,NS,NS,96085,15,55638.2553,11500.0,7184.0,AO15/P96085/96085-04-04-00,explicit_designation_and_independent_catalog_position,high,0.0152980972433444,271.64169,-22.2517,archived,ACCEPTED_CANDIDATE,data/provenance/reconstruction/query_sax_j1806_5_2215.json,,chronological_even_rank_cap32_v1,False
96085-04-04-01,sax_j1806_5_2215,SAX J1806.5-2215,SAX_J1806.5-2215,NS,NS,96085,15,55639.30118,5905.0,3576.0,AO15/P96085/96085-04-04-01,explicit_designation_and_independent_catalog_position,high,0.0152980972433444,271.64169,-22.2517,archived,ACCEPTED_CANDIDATE,data/provenance/reconstruction/query_sax_j1806_5_2215.json,,chronological_even_rank_cap32_v1,False
96085-04-04-03,sax_j1806_5_2215,SAX J1806.5-2215,SAX_J1806.5-2215,NS,NS,96085,15,55641.13108,10194.0,7049.0,AO15/P96085/96085-04-04-03,explicit_designation_and_independent_catalog_position,high,0.0152980972433444,271.64169,-22.2517,archived,ACCEPTED_CANDIDATE,data/provenance/reconstruction/query_sax_j1806_5_2215.json,,chronological_even_rank_cap32_v1,False
96085-04-05-00,sax_j1806_5_2215,SAX J1806.5-2215,SAX_J1806.5-2215,NS,NS,96085,15,55646.03101,4251.0,3458.0,AO15/P96085/96085-04-05-00,explicit_designation_and_independent_catalog_position,high,0.0152980972433444,271.64169,-22.2517,archived,ACCEPTED_CANDIDATE,data/provenance/reconstruction/query_sax_j1806_5_2215.json,,chronological_even_rank_cap32_v1,False
96085-04-05-03,sax_j1806_5_2215,SAX J1806.5-2215,SAX_J1806.5-2215,NS,NS,96085,15,55649.1041,4904.0,2829.0,AO15/P96085/96085-04-05-03,explicit_designation_and_independent_catalog_position,high,0.0152980972433444,271.64169,-22.2517,archived,ACCEPTED_CANDIDATE,data/provenance/reconstruction/query_sax_j1806_5_2215.json,,chronological_even_rank_cap32_v1,False
96085-04-06-00,sax_j1806_5_2215,SAX J1806.5-2215,SAX_J1806.5-2215,NS,NS,96085,15,55652.04383,5388.0,3345.0,AO15/P96085/96085-04-06-00,explicit_designation_and_independent_catalog_position,high,0.0152980972433444,271.64169,-22.2517,archived,ACCEPTED_CANDIDATE,data/provenance/reconstruction/query_sax_j1806_5_2215.json,,chronological_even_rank_cap32_v1,False
96085-04-06-01,sax_j1806_5_2215,SAX J1806.5-2215,SAX_J1806.5-2215,NS,NS,96085,15,55653.87219,5770.0,3155.0,AO15/P96085/96085-04-06-01,explicit_designation_and_independent_catalog_position,high,0.0152980972433444,271.64169,-22.2517,archived,ACCEPTED_CANDIDATE,data/provenance/reconstruction/query_sax_j1806_5_2215.json,,chronological_even_rank_cap32_v1,False
96085-04-08-00,sax_j1806_5_2215,SAX J1806.5-2215,SAX_J1806.5-2215,NS,NS,96085,15,55671.57768,4516.0,2590.0,AO15/P96085/96085-04-08-00,explicit_designation_and_independent_catalog_position,high,0.0152980972433444,271.64169,-22.2517,archived,ACCEPTED_CANDIDATE,data/provenance/reconstruction/query_sax_j1806_5_2215.json,,chronological_even_rank_cap32_v1,False
96085-04-09-00,sax_j1806_5_2215,SAX J1806.5-2215,SAX_J1806.5-2215,NS,NS,96085,15,55675.68619,6060.0,3379.0,AO15/P96085/96085-04-09-00,explicit_designation_and_independent_catalog_position,high,0.0152980972433444,271.64169,-22.2517,archived,ACCEPTED_CANDIDATE,data/provenance/reconstruction/query_sax_j1806_5_2215.json,,chronological_even_rank_cap32_v1,False
96085-04-09-01,sax_j1806_5_2215,SAX J1806.5-2215,SAX_J1806.5-2215,NS,NS,96085,15,55679.70034,8858.0,4140.0,AO15/P96085/96085-04-09-01,explicit_designation_and_independent_catalog_position,high,0.0152980972433444,271.64169,-22.2517,archived,ACCEPTED_CANDIDATE,data/provenance/reconstruction/query_sax_j1806_5_2215.json,,chronological_even_rank_cap32_v1,False
96085-04-10-01,sax_j1806_5_2215,SAX J1806.5-2215,SAX_J1806.5-2215,NS,NS,96085,15,55686.85897,5873.0,3368.0,AO15/P96085/96085-04-10-01,explicit_designation_and_independent_catalog_position,high,0.0152980972433444,271.64169,-22.2517,archived,ACCEPTED_CANDIDATE,data/provenance/reconstruction/query_sax_j1806_5_2215.json,,chronological_even_rank_cap32_v1,False
96085-04-11-00,sax_j1806_5_2215,SAX J1806.5-2215,SAX_J1806.5-2215,NS,NS,96085,15,55687.70543,5239.0,3501.0,AO15/P96085/96085-04-11-00,explicit_designation_and_independent_catalog_position,high,0.0152980972433444,271.64169,-22.2517,archived,ACCEPTED_CANDIDATE,data/provenance/reconstruction/query_sax_j1806_5_2215.json,,chronological_even_rank_cap32_v1,True
96085-04-12-01,sax_j1806_5_2215,SAX J1806.5-2215,SAX_J1806.5-2215,NS,NS,96085,15,55697.63135,4461.0,3042.0,AO15/P96085/96085-04-12-01,explicit_designation_and_independent_catalog_position,high,0.0152980972433444,271.64169,-22.2517,archived,ACCEPTED_CANDIDATE,data/provenance/reconstruction/query_sax_j1806_5_2215.json,,chronological_even_rank_cap32_v1,False
96085-04-13-00,sax_j1806_5_2215,SAX J1806.5-2215,SAX_J1806.5-2215,NS,NS,96085,15,55705.46595,3775.0,2277.0,AO15/P96085/96085-04-13-00,explicit_designation_and_independent_catalog_position,high,0.0152980972433444,271.64169,-22.2517,archived,ACCEPTED_CANDIDATE,data/provenance/reconstruction/query_sax_j1806_5_2215.json,,chronological_even_rank_cap32_v1,False
96085-04-15-00,sax_j1806_5_2215,SAX J1806.5-2215,SAX_J1806.5-2215,NS,NS,96085,15,55719.50465,5232.0,3272.0,AO15/P96085/96085-04-15-00,explicit_designation_and_independent_catalog_position,high,0.0152980972433444,271.64169,-22.2517,archived,ACCEPTED_CANDIDATE,data/provenance/reconstruction/query_sax_j1806_5_2215.json,,chronological_even_rank_cap32_v1,False
96085-04-16-00,sax_j1806_5_2215,SAX J1806.5-2215,SAX_J1806.5-2215,NS,NS,96085,15,55724.27358,4809.0,3043.0,AO15/P96085/96085-04-16-00,explicit_designation_and_independent_catalog_position,high,0.0152980972433444,271.64169,-22.2517,archived,ACCEPTED_CANDIDATE,data/provenance/reconstruction/query_sax_j1806_5_2215.json,,chronological_even_rank_cap32_v1,False
96085-04-17-00,sax_j1806_5_2215,SAX J1806.5-2215,SAX_J1806.5-2215,NS,NS,96085,15,55731.25551,7609.0,4627.0,AO15/P96085/96085-04-17-00,explicit_designation_and_independent_catalog_position,high,0.0152980972433444,271.64169,-22.2517,archived,ACCEPTED_CANDIDATE,data/provenance/reconstruction/query_sax_j1806_5_2215.json,,chronological_even_rank_cap32_v1,False
96085-04-19-00,sax_j1806_5_2215,SAX J1806.5-2215,SAX_J1806.5-2215,NS,NS,96085,15,55746.47232,6059.0,3039.0,AO15/P96085/96085-04-19-00,explicit_designation_and_independent_catalog_position,high,0.0152980972433444,271.64169,-22.2517,archived,ACCEPTED_CANDIDATE,data/provenance/reconstruction/query_sax_j1806_5_2215.json,,chronological_even_rank_cap32_v1,False
96085-04-20-00,sax_j1806_5_2215,SAX J1806.5-2215,SAX_J1806.5-2215,NS,NS,96085,15,55755.74875,4162.0,3393.0,AO15/P96085/96085-04-20-00,explicit_designation_and_independent_catalog_position,high,0.0152980972433444,271.64169,-22.2517,archived,ACCEPTED_CANDIDATE,data/provenance/reconstruction/query_sax_j1806_5_2215.json,,chronological_even_rank_cap32_v1,False
96085-04-23-00,sax_j1806_5_2215,SAX J1806.5-2215,SAX_J1806.5-2215,NS,NS,96085,15,55775.20147,4726.0,3445.0,AO15/P96085/96085-04-23-00,explicit_designation_and_independent_catalog_position,high,0.0152980972433444,271.64169,-22.2517,archived,ACCEPTED_CANDIDATE,data/provenance/reconstruction/query_sax_j1806_5_2215.json,,chronological_even_rank_cap32_v1,False
96085-04-25-00,sax_j1806_5_2215,SAX J1806.5-2215,SAX_J1806.5-2215,NS,NS,96085,15,55785.51663,5830.0,3416.0,AO15/P96085/96085-04-25-00,explicit_designation_and_independent_catalog_position,high,0.0152980972433444,271.64169,-22.2517,archived,ACCEPTED_CANDIDATE,data/provenance/reconstruction/query_sax_j1806_5_2215.json,,chronological_even_rank_cap32_v1,False
96085-04-26-00,sax_j1806_5_2215,SAX J1806.5-2215,SAX_J1806.5-2215,NS,NS,96085,15,55800.34039,5165.0,2980.0,AO15/P96085/96085-04-26-00,explicit_designation_and_independent_catalog_position,high,0.0152980972433444,271.64169,-22.2517,archived,ACCEPTED_CANDIDATE,data/provenance/reconstruction/query_sax_j1806_5_2215.json,,chronological_even_rank_cap32_v1,False
96085-04-29-00,sax_j1806_5_2215,SAX J1806.5-2215,SAX_J1806.5-2215,NS,NS,96085,15,55820.013,2964.0,932.0,AO15/P96085/96085-04-29-00,explicit_designation_and_independent_catalog_position,high,0.0152980972433444,271.64169,-22.2517,archived,ACCEPTED_CANDIDATE,data/provenance/reconstruction/query_sax_j1806_5_2215.json,,chronological_even_rank_cap32_v1,False
96085-04-28-00,sax_j1806_5_2215,SAX J1806.5-2215,SAX_J1806.5-2215,NS,NS,96085,15,55827.16221,5492.0,3464.0,AO15/P96085/96085-04-28-00,explicit_designation_and_independent_catalog_position,high,0.0152980972433444,271.64169,-22.2517,archived,ACCEPTED_CANDIDATE,data/provenance/reconstruction/query_sax_j1806_5_2215.json,,chronological_even_rank_cap32_v1,False
96085-04-30-00,sax_j1806_5_2215,SAX J1806.5-2215,SAX_J1806.5-2215,NS,NS,96085,15,55837.67249,1916.0,1389.0,AO15/P96085/96085-04-30-00,explicit_designation_and_independent_catalog_position,high,0.0152980972433444,271.64169,-22.2517,archived,ACCEPTED_CANDIDATE,data/provenance/reconstruction/query_sax_j1806_5_2215.json,,chronological_even_rank_cap32_v1,False
96085-04-31-00,sax_j1806_5_2215,SAX J1806.5-2215,SAX_J1806.5-2215,NS,NS,96085,15,55842.56797,3048.0,2352.0,AO15/P96085/96085-04-31-00,explicit_designation_and_independent_catalog_position,high,0.0152980972433444,271.64169,-22.2517,archived,ACCEPTED_CANDIDATE,data/provenance/reconstruction/query_sax_j1806_5_2215.json,,chronological_even_rank_cap32_v1,False
96085-04-33-00,sax_j1806_5_2215,SAX J1806.5-2215,SAX_J1806.5-2215,NS,NS,96085,15,55862.14459,5845.0,3093.0,AO15/P96085/96085-04-33-00,explicit_designation_and_independent_catalog_position,high,0.0152980972433444,271.64169,-22.2517,archived,ACCEPTED_CANDIDATE,data/provenance/reconstruction/query_sax_j1806_5_2215.json,,chronological_even_rank_cap32_v1,True
30411-01-02-04,sax_j1808_4_3658,SAX J1808.4-3658,SAX_J1808.4-3658,NS,NS,30411,3,50916.07664,2126.0,,AO3/P30411/30411-01-02-04,explicit_designation_and_independent_catalog_position,high,0.0228655345772183,272.14,-36.99,archived,ACCEPTED_CANDIDATE,data/provenance/reconstruction/query_sax_j1808_4_3658.json,,chronological_even_rank_cap32_v1,True
30411-01-11-02,sax_j1808_4_3658,SAX J1808.4-3658,SAX_J1808.4-3658,NS,NS,30411,3,50935.05514,7401.0,3540.0,AO3/P30411/30411-01-11-02,explicit_designation_and_independent_catalog_position,high,0.0228794887743397,272.14002,-36.99,archived,ACCEPTED_CANDIDATE,data/provenance/reconstruction/query_sax_j1808_4_3658.json,,chronological_even_rank_cap32_v1,False
40035-01-02-01,sax_j1808_4_3658,SAX J1808.4-3658,SAX_J1808.4-3658,NS,NS,40035,4,51585.0962,2783.0,1733.0,AO4/P40035/40035-01-02-01,explicit_designation_and_independent_catalog_position,high,0.0008630369737406,272.11499,-36.978,archived,ACCEPTED_CANDIDATE,data/provenance/reconstruction/query_sax_j1808_4_3658.json,,chronological_even_rank_cap32_v1,False
40035-05-08-00,sax_j1808_4_3658,SAX J1808.4-3658,SAX_J1808.4-3658,NS,NS,40035,4,51589.01487,6006.0,2711.0,AO4/P40035/40035-05-08-00,explicit_designation_and_independent_catalog_position,high,0.0008630369737406,272.11499,-36.978,archived,ACCEPTED_CANDIDATE,data/provenance/reconstruction/query_sax_j1808_4_3658.json,,chronological_even_rank_cap32_v1,False
60083-03-01-00,sax_j1808_4_3658,SAX J1808.4-3658,SAX_J1808.4-3658,NS,NS,60083,6,52068.04966,1336.0,597.0,AO6/P60083/60083-03-01-00,explicit_designation_and_independent_catalog_position,high,0.0008630369737406,272.11499,-36.978,archived,ACCEPTED_CANDIDATE,data/provenance/reconstruction/query_sax_j1808_4_3658.json,,chronological_even_rank_cap32_v1,False
60083-03-06-00,sax_j1808_4_3658,SAX J1808.4-3658,SAX_J1808.4-3658,NS,NS,60083,6,52307.52568,2854.0,842.0,AO6/P60083/60083-03-06-00,explicit_designation_and_independent_catalog_position,high,0.0008630369737406,272.11499,-36.978,archived,ACCEPTED_CANDIDATE,data/provenance/reconstruction/query_sax_j1808_4_3658.json,,chronological_even_rank_cap32_v1,False
70080-01-02-03,sax_j1808_4_3658,SAX J1808.4-3658,SAX_J1808.4-3658,NS,NS,70080,7,52566.07383,3365.0,2362.0,AO7/P70080/70080-01-02-03,explicit_designation_and_independent_catalog_position,high,0.0008630369737406,272.11499,-36.978,archived,ACCEPTED_CANDIDATE,data/provenance/reconstruction/query_sax_j1808_4_3658.json,,chronological_even_rank_cap32_v1,False
70080-01-02-13,sax_j1808_4_3658,SAX J1808.4-3658,SAX_J1808.4-3658,NS,NS,70080,7,52570.94711,3180.0,1757.0,AO7/P70080/70080-01-02-13,explicit_designation_and_independent_catalog_position,high,0.0008630369737406,272.11499,-36.978,archived,ACCEPTED_CANDIDATE,data/provenance/reconstruction/query_sax_j1808_4_3658.json,,chronological_even_rank_cap32_v1,False
70080-01-03-12,sax_j1808_4_3658,SAX J1808.4-3658,SAX_J1808.4-3658,NS,NS,70080,7,52573.84606,2832.0,1279.0,AO7/P70080/70080-01-03-12,explicit_designation_and_independent_catalog_position,high,0.0008630369737406,272.11499,-36.978,archived,ACCEPTED_CANDIDATE,data/provenance/reconstruction/query_sax_j1808_4_3658.json,,chronological_even_rank_cap32_v1,False
70080-02-02-36,sax_j1808_4_3658,SAX J1808.4-3658,SAX_J1808.4-3658,NS,NS,70080,7,52579.80295,2940.0,1168.0,AO7/P70080/70080-02-02-36,explicit_designation_and_independent_catalog_position,high,0.0008630369737406,272.11499,-36.978,archived,ACCEPTED_CANDIDATE,data/provenance/reconstruction/query_sax_j1808_4_3658.json,,chronological_even_rank_cap32_v1,False
70080-02-02-35,sax_j1808_4_3658,SAX J1808.4-3658,SAX_J1808.4-3658,NS,NS,70080,7,52583.27499,2476.0,1797.0,AO7/P70080/70080-02-02-35,explicit_designation_and_independent_catalog_position,high,0.0008630369737406,272.11499,-36.978,archived,ACCEPTED_CANDIDATE,data/provenance/reconstruction/query_sax_j1808_4_3658.json,,chronological_even_rank_cap32_v1,False
70080-03-06-00,sax_j1808_4_3658,SAX J1808.4-3658,SAX_J1808.4-3658,NS,NS,70080,7,52586.0896,12443.0,7136.0,AO7/P70080/70080-03-06-00,explicit_designation_and_independent_catalog_position,high,0.0008630369737406,272.11499,-36.978,archived,ACCEPTED_CANDIDATE,data/provenance/reconstruction/query_sax_j1808_4_3658.json,,chronological_even_rank_cap32_v1,False
70080-03-20-02,sax_j1808_4_3658,SAX J1808.4-3658,SAX_J1808.4-3658,NS,NS,70080,7,52589.39968,2881.0,1971.0,AO7/P70080/70080-03-20-02,explicit_designation_and_independent_catalog_position,high,0.0008630369737406,272.11499,-36.978,archived,ACCEPTED_CANDIDATE,data/provenance/reconstruction/query_sax_j1808_4_3658.json,,chronological_even_rank_cap32_v1,False
70080-03-20-10,sax_j1808_4_3658,SAX J1808.4-3658,SAX_J1808.4-3658,NS,NS,70080,7,52592.70359,2958.0,2134.0,AO7/P70080/70080-03-20-10,explicit_designation_and_independent_catalog_position,high,0.0008630369737406,272.11499,-36.978,archived,ACCEPTED_CANDIDATE,data/provenance/reconstruction/query_sax_j1808_4_3658.json,,chronological_even_rank_cap32_v1,False
70422-01-02-00,sax_j1808_4_3658,SAX J1808.4-3658,SAX_J1808.4-3658,NS,NS,70422,7,52664.91079,1653.0,892.0,AO7/P70422/70422-01-02-00,explicit_designation_and_independent_catalog_position,high,0.0008630369737406,272.11499,-36.978,archived,ACCEPTED_CANDIDATE,data/provenance/reconstruction/query_sax_j1808_4_3658.json,,chronological_even_rank_cap32_v1,False
80083-01-03-03,sax_j1808_4_3658,SAX J1808.4-3658,SAX_J1808.4-3658,NS,NS,80083,8,52970.01892,2495.0,,AO8/P80083/80083-01-03-03,explicit_designation_and_independent_catalog_position,high,0.0008630369737406,272.11499,-36.978,archived,ACCEPTED_CANDIDATE,data/provenance/reconstruction/query_sax_j1808_4_3658.json,,chronological_even_rank_cap32_v1,False
91056-01-02-01,sax_j1808_4_3658,SAX J1808.4-3658,SAX_J1808.4-3658,NS,NS,91056,10,53524.6999,28663.0,17538.0,AO10/P91056/91056-01-02-01,explicit_designation_and_independent_catalog_position,high,0.0006513422438856,272.11459,-36.9783,archived,ACCEPTED_CANDIDATE,data/provenance/reconstruction/query_sax_j1808_4_3658.json,,chronological_even_rank_cap32_v1,True
91056-01-03-09,sax_j1808_4_3658,SAX J1808.4-3658,SAX_J1808.4-3658,NS,NS,91056,10,53536.49867,22734.0,13789.0,AO10/P91056/91056-01-03-09,explicit_designation_and_independent_catalog_position,high,0.0006513422438856,272.11459,-36.9783,archived,ACCEPTED_CANDIDATE,data/provenance/reconstruction/query_sax_j1808_4_3658.json,,chronological_even_rank_cap32_v1,False
91418-01-03-01,sax_j1808_4_3658,SAX J1808.4-3658,SAX_J1808.4-3658,NS,NS,91418,10,53553.81402,3270.0,2015.0,AO10/P91418/91418-01-03-01,explicit_designation_and_independent_catalog_position,high,0.0006513422438856,272.11459,-36.9783,archived,ACCEPTED_CANDIDATE,data/provenance/reconstruction/query_sax_j1808_4_3658.json,,chronological_even_rank_cap32_v1,False
91418-01-06-03,sax_j1808_4_3658,SAX J1808.4-3658,SAX_J1808.4-3658,NS,NS,91418,10,53578.40843,2261.0,859.0,AO10/P91418/91418-01-06-03,explicit_designation_and_independent_catalog_position,high,0.0006513422438856,272.11459,-36.9783,archived,ACCEPTED_CANDIDATE,data/provenance/reconstruction/query_sax_j1808_4_3658.json,,chronological_even_rank_cap32_v1,False
92420-01-03-00,sax_j1808_4_3658,SAX J1808.4-3658,SAX_J1808.4-3658,NS,NS,92420,11,54056.74188,2068.0,858.0,AO11/P92420/92420-01-03-00,explicit_designation_and_independent_catalog_position,high,0.0006513422438856,272.11459,-36.9783,archived,ACCEPTED_CANDIDATE,data/provenance/reconstruction/query_sax_j1808_4_3658.json,,chronological_even_rank_cap32_v1,False
93417-01-09-00,sax_j1808_4_3658,SAX J1808.4-3658,SAX_J1808.4-3658,NS,NS,93417,12,54627.57281,3427.0,976.0,AO12/P93417/93417-01-09-00,explicit_designation_and_independent_catalog_position,high,0.0006513422438856,272.11459,-36.9783,archived,ACCEPTED_CANDIDATE,data/provenance/reconstruction/query_sax_j1808_4_3658.json,,chronological_even_rank_cap32_v1,False
93027-01-02-00,sax_j1808_4_3658,SAX J1808.4-3658,SAX_J1808.4-3658,NS,NS,93027,12,54735.57925,15375.0,10745.0,AO12/P93027/93027-01-02-00,explicit_designation_and_independent_catalog_position,high,0.0006513422438856,272.11459,-36.9783,archived,ACCEPTED_CANDIDATE,data/provenance/reconstruction/query_sax_j1808_4_3658.json,,chronological_even_rank_cap32_v1,False
93027-01-03-05,sax_j1808_4_3658,SAX J1808.4-3658,SAX_J1808.4-3658,NS,NS,93027,12,54747.35483,11230.0,6771.0,AO12/P93027/93027-01-03-05,explicit_designation_and_independent_catalog_position,high,0.0006513422438856,272.11459,-36.9783,archived,ACCEPTED_CANDIDATE,data/provenance/reconstruction/query_sax_j1808_4_3658.json,,chronological_even_rank_cap32_v1,False
93027-01-05-01,sax_j1808_4_3658,SAX J1808.4-3658,SAX_J1808.4-3658,NS,NS,93027,12,54757.2333,3966.0,3349.0,AO12/P93027/93027-01-05-01,explicit_designation_and_independent_catalog_position,high,0.0006513422438856,272.11459,-36.9783,archived,ACCEPTED_CANDIDATE,data/provenance/reconstruction/query_sax_j1808_4_3658.json,,chronological_even_rank_cap32_v1,False
93027-01-06-06,sax_j1808_4_3658,SAX J1808.4-3658,SAX_J1808.4-3658,NS,NS,93027,12,54766.12786,5923.0,3586.0,AO12/P93027/93027-01-06-06,explicit_designation_and_independent_catalog_position,high,0.0006513422438856,272.11459,-36.9783,archived,ACCEPTED_CANDIDATE,data/provenance/reconstruction/query_sax_j1808_4_3658.json,,chronological_even_rank_cap32_v1,False
93417-01-14-01,sax_j1808_4_3658,SAX J1808.4-3658,SAX_J1808.4-3658,NS,NS,93417,12,54782.96039,2617.0,781.0,AO12/P93417/93417-01-14-01,explicit_designation_and_independent_catalog_position,high,0.0006513422438856,272.11459,-36.9783,archived,ACCEPTED_CANDIDATE,data/provenance/reconstruction/query_sax_j1808_4_3658.json,,chronological_even_rank_cap32_v1,False
95407-01-01-00,sax_j1808_4_3658,SAX J1808.4-3658,SAX_J1808.4-3658,NS,NS,95407,14,55216.3166,2017.0,906.0,AO14/P95407/95407-01-01-00,explicit_designation_and_independent_catalog_position,high,0.0006513422438856,272.11459,-36.9783,archived,ACCEPTED_CANDIDATE,data/provenance/reconstruction/query_sax_j1808_4_3658.json,,chronological_even_rank_cap32_v1,False
95407-01-10-00,sax_j1808_4_3658,SAX J1808.4-3658,SAX_J1808.4-3658,NS,NS,95407,14,55513.18302,1320.0,831.0,AO14/P95407/95407-01-10-00,explicit_designation_and_independent_catalog_position,high,0.0006513422438856,272.11459,-36.9783,archived,ACCEPTED_CANDIDATE,data/provenance/reconstruction/query_sax_j1808_4_3658.json,,chronological_even_rank_cap32_v1,False
96027-01-01-00,sax_j1808_4_3658,SAX J1808.4-3658,SAX_J1808.4-3658,NS,NS,96027,15,55870.03192,23787.0,13624.0,AO15/P96027/96027-01-01-00,explicit_designation_and_independent_catalog_position,high,0.0006513422438856,272.11459,-36.9783,archived,ACCEPTED_CANDIDATE,data/provenance/reconstruction/query_sax_j1808_4_3658.json,,chronological_even_rank_cap32_v1,False
96027-01-02-07,sax_j1808_4_3658,SAX J1808.4-3658,SAX_J1808.4-3658,NS,NS,96027,15,55879.94972,10540.0,7126.0,AO15/P96027/96027-01-02-07,explicit_designation_and_independent_catalog_position,high,0.0006513422438856,272.11459,-36.9783,archived,ACCEPTED_CANDIDATE,data/provenance/reconstruction/query_sax_j1808_4_3658.json,,chronological_even_rank_cap32_v1,False
96027-01-03-13,sax_j1808_4_3658,SAX J1808.4-3658,SAX_J1808.4-3658,NS,NS,96027,15,55889.01594,4505.0,2887.0,AO15/P96027/96027-01-03-13,explicit_designation_and_independent_catalog_position,high,0.0006513422438856,272.11459,-36.9783,archived,ACCEPTED_CANDIDATE,data/provenance/reconstruction/query_sax_j1808_4_3658.json,,chronological_even_rank_cap32_v1,True
93044-02-01-00,sax_j1810_8_2609,SAX J1810.8-2609,SAX_J1810.8-2609,NS,NS,93044,12,54318.31531,5929.0,3477.0,AO12/P93044/93044-02-01-00,explicit_designation_and_independent_catalog_position,high,0.0004282610300481,272.685,-26.15,archived,ACCEPTED_CANDIDATE,data/provenance/reconstruction/query_sax_j1810_8_2609.json,,chronological_even_rank_cap32_v1,True
93044-02-02-00,sax_j1810_8_2609,SAX J1810.8-2609,SAX_J1810.8-2609,NS,NS,93044,12,54321.34481,4595.0,2274.0,AO12/P93044/93044-02-02-00,explicit_designation_and_independent_catalog_position,high,0.0004282610300481,272.685,-26.15,archived,ACCEPTED_CANDIDATE,data/provenance/reconstruction/query_sax_j1810_8_2609.json,,chronological_even_rank_cap32_v1,False
93044-02-03-00,sax_j1810_8_2609,SAX J1810.8-2609,SAX_J1810.8-2609,NS,NS,93044,12,54324.02008,2432.0,1747.0,AO12/P93044/93044-02-03-00,explicit_designation_and_independent_catalog_position,high,0.0004282610300481,272.685,-26.15,archived,ACCEPTED_CANDIDATE,data/provenance/reconstruction/query_sax_j1810_8_2609.json,,chronological_even_rank_cap32_v1,False
93044-02-04-00,sax_j1810_8_2609,SAX J1810.8-2609,SAX_J1810.8-2609,NS,NS,93044,12,54325.85355,4926.0,3597.0,AO12/P93044/93044-02-04-00,explicit_designation_and_independent_catalog_position,high,0.0004282610300481,272.685,-26.15,archived,ACCEPTED_CANDIDATE,data/provenance/reconstruction/query_sax_j1810_8_2609.json,,chronological_even_rank_cap32_v1,False
93044-02-06-00,sax_j1810_8_2609,SAX J1810.8-2609,SAX_J1810.8-2609,NS,NS,93044,12,54329.0588,3811.0,1840.0,AO12/P93044/93044-02-06-00,explicit_designation_and_independent_catalog_position,high,0.0004282610300481,272.685,-26.15,archived,ACCEPTED_CANDIDATE,data/provenance/reconstruction/query_sax_j1810_8_2609.json,,chronological_even_rank_cap32_v1,False
93044-02-06-01,sax_j1810_8_2609,SAX J1810.8-2609,SAX_J1810.8-2609,NS,NS,93044,12,54331.35729,4343.0,2340.0,AO12/P93044/93044-02-06-01,explicit_designation_and_independent_catalog_position,high,0.0004282610300481,272.685,-26.15,archived,ACCEPTED_CANDIDATE,data/provenance/reconstruction/query_sax_j1810_8_2609.json,,chronological_even_rank_cap32_v1,False
93044-02-07-00,sax_j1810_8_2609,SAX J1810.8-2609,SAX_J1810.8-2609,NS,NS,93044,12,54332.85582,4205.0,3431.0,AO12/P93044/93044-02-07-00,explicit_designation_and_independent_catalog_position,high,0.0004282610300481,272.685,-26.15,archived,ACCEPTED_CANDIDATE,data/provenance/reconstruction/query_sax_j1810_8_2609.json,,chronological_even_rank_cap32_v1,False
93044-02-08-00,sax_j1810_8_2609,SAX J1810.8-2609,SAX_J1810.8-2609,NS,NS,93044,12,54333.66571,9248.0,5024.0,AO12/P93044/93044-02-08-00,explicit_designation_and_independent_catalog_position,high,0.0004282610300481,272.685,-26.15,archived,ACCEPTED_CANDIDATE,data/provenance/reconstruction/query_sax_j1810_8_2609.json,,chronological_even_rank_cap32_v1,False
93414-01-01-03,sax_j1810_8_2609,SAX J1810.8-2609,SAX_J1810.8-2609,NS,NS,93414,12,54336.32917,4011.0,2399.0,AO12/P93414/93414-01-01-03,explicit_designation_and_independent_catalog_position,high,0.0004282610300481,272.685,-26.15,archived,ACCEPTED_CANDIDATE,data/provenance/reconstruction/query_sax_j1810_8_2609.json,,chronological_even_rank_cap32_v1,False
93414-01-01-02,sax_j1810_8_2609,SAX J1810.8-2609,SAX_J1810.8-2609,NS,NS,93414,12,54337.96248,2724.0,841.0,AO12/P93414/93414-01-01-02,explicit_designation_and_independent_catalog_position,high,0.0004282610300481,272.685,-26.15,archived,ACCEPTED_CANDIDATE,data/provenance/reconstruction/query_sax_j1810_8_2609.json,,chronological_even_rank_cap32_v1,False
93414-01-01-00,sax_j1810_8_2609,SAX J1810.8-2609,SAX_J1810.8-2609,NS,NS,93414,12,54338.74939,5146.0,3359.0,AO12/P93414/93414-01-01-00,explicit_designation_and_independent_catalog_position,high,0.0004282610300481,272.685,-26.15,archived,ACCEPTED_CANDIDATE,data/provenance/reconstruction/query_sax_j1810_8_2609.json,,chronological_even_rank_cap32_v1,False
93414-01-01-01,sax_j1810_8_2609,SAX J1810.8-2609,SAX_J1810.8-2609,NS,NS,93414,12,54339.66935,2830.0,1930.0,AO12/P93414/93414-01-01-01,explicit_designation_and_independent_catalog_position,high,0.0004282610300481,272.685,-26.15,archived,ACCEPTED_CANDIDATE,data/provenance/reconstruction/query_sax_j1810_8_2609.json,,chronological_even_rank_cap32_v1,False
93414-01-04-00,sax_j1810_8_2609,SAX J1810.8-2609,SAX_J1810.8-2609,NS,NS,93414,12,54343.19392,3905.0,2190.0,AO12/P93414/93414-01-04-00,explicit_designation_and_independent_catalog_position,high,0.0004282610300481,272.685,-26.15,archived,ACCEPTED_CANDIDATE,data/provenance/reconstruction/query_sax_j1810_8_2609.json,,chronological_even_rank_cap32_v1,False
93414-01-04-01,sax_j1810_8_2609,SAX J1810.8-2609,SAX_J1810.8-2609,NS,NS,93414,12,54345.48667,2946.0,2056.0,AO12/P93414/93414-01-04-01,explicit_designation_and_independent_catalog_position,high,0.0004282610300481,272.685,-26.15,archived,ACCEPTED_CANDIDATE,data/provenance/reconstruction/query_sax_j1810_8_2609.json,,chronological_even_rank_cap32_v1,False
93414-01-04-02,sax_j1810_8_2609,SAX J1810.8-2609,SAX_J1810.8-2609,NS,NS,93414,12,54347.25153,6196.0,3396.0,AO12/P93414/93414-01-04-02,explicit_designation_and_independent_catalog_position,high,0.0004282610300481,272.685,-26.15,archived,ACCEPTED_CANDIDATE,data/provenance/reconstruction/query_sax_j1810_8_2609.json,,chronological_even_rank_cap32_v1,False
93414-01-04-03,sax_j1810_8_2609,SAX J1810.8-2609,SAX_J1810.8-2609,NS,NS,93414,12,54349.29128,3735.0,2762.0,AO12/P93414/93414-01-04-03,explicit_designation_and_independent_catalog_position,high,0.0004282610300481,272.685,-26.15,archived,ACCEPTED_CANDIDATE,data/provenance/reconstruction/query_sax_j1810_8_2609.json,,chronological_even_rank_cap32_v1,False
93093-01-01-03,sax_j1810_8_2609,SAX J1810.8-2609,SAX_J1810.8-2609,NS,NS,93093,12,54369.71122,2463.0,1535.0,AO12/P93093/93093-01-01-03,explicit_designation_and_independent_catalog_position,high,0.0004282610300481,272.685,-26.15,archived,ACCEPTED_CANDIDATE,data/provenance/reconstruction/query_sax_j1810_8_2609.json,,chronological_even_rank_cap32_v1,True
93093-01-01-00,sax_j1810_8_2609,SAX J1810.8-2609,SAX_J1810.8-2609,NS,NS,93093,12,54369.78589,23412.0,15033.0,AO12/P93093/93093-01-01-00,explicit_designation_and_independent_catalog_position,high,0.0004282610300481,272.685,-26.15,archived,ACCEPTED_CANDIDATE,data/provenance/reconstruction/query_sax_j1810_8_2609.json,,chronological_even_rank_cap32_v1,False
93093-01-01-01,sax_j1810_8_2609,SAX J1810.8-2609,SAX_J1810.8-2609,NS,NS,93093,12,54370.22747,17501.0,10661.0,AO12/P93093/93093-01-01-01,explicit_designation_and_independent_catalog_position,high,0.0004282610300481,272.685,-26.15,archived,ACCEPTED_CANDIDATE,data/provenance/reconstruction/query_sax_j1810_8_2609.json,,chronological_even_rank_cap32_v1,False
93093-01-01-02,sax_j1810_8_2609,SAX J1810.8-2609,SAX_J1810.8-2609,NS,NS,93093,12,54370.75013,17564.0,11196.0,AO12/P93093/93093-01-01-02,explicit_designation_and_independent_catalog_position,high,0.0004282610300481,272.685,-26.15,archived,ACCEPTED_CANDIDATE,data/provenance/reconstruction/query_sax_j1810_8_2609.json,,chronological_even_rank_cap32_v1,False
93093-01-02-01,sax_j1810_8_2609,SAX J1810.8-2609,SAX_J1810.8-2609,NS,NS,93093,12,54374.02372,10240.0,5381.0,AO12/P93093/93093-01-02-01,explicit_designation_and_independent_catalog_position,high,0.0004282610300481,272.685,-26.15,archived,ACCEPTED_CANDIDATE,data/provenance/reconstruction/query_sax_j1810_8_2609.json,,chronological_even_rank_cap32_v1,False
93093-01-02-02,sax_j1810_8_2609,SAX J1810.8-2609,SAX_J1810.8-2609,NS,NS,93093,12,54374.22205,11252.0,6448.0,AO12/P93093/93093-01-02-02,explicit_designation_and_independent_catalog_position,high,0.0004282610300481,272.685,-26.15,archived,ACCEPTED_CANDIDATE,data/provenance/reconstruction/query_sax_j1810_8_2609.json,,chronological_even_rank_cap32_v1,False
93093-01-02-03,sax_j1810_8_2609,SAX J1810.8-2609,SAX_J1810.8-2609,NS,NS,93093,12,54374.55253,4050.0,3278.0,AO12/P93093/93093-01-02-03,explicit_designation_and_independent_catalog_position,high,0.0004282610300481,272.685,-26.15,archived,ACCEPTED_CANDIDATE,data/provenance/reconstruction/query_sax_j1810_8_2609.json,,chronological_even_rank_cap32_v1,False
93093-01-02-04,sax_j1810_8_2609,SAX J1810.8-2609,SAX_J1810.8-2609,NS,NS,93093,12,54374.61469,4159.0,3579.0,AO12/P93093/93093-01-02-04,explicit_designation_and_independent_catalog_position,high,0.0004282610300481,272.685,-26.15,archived,ACCEPTED_CANDIDATE,data/provenance/reconstruction/query_sax_j1810_8_2609.json,,chronological_even_rank_cap32_v1,False
93093-01-02-05,sax_j1810_8_2609,SAX J1810.8-2609,SAX_J1810.8-2609,NS,NS,93093,12,54374.68089,4079.0,3659.0,AO12/P93093/93093-01-02-05,explicit_designation_and_independent_catalog_position,high,0.0004282610300481,272.685,-26.15,archived,ACCEPTED_CANDIDATE,data/provenance/reconstruction/query_sax_j1810_8_2609.json,,chronological_even_rank_cap32_v1,False
93093-01-02-06,sax_j1810_8_2609,SAX J1810.8-2609,SAX_J1810.8-2609,NS,NS,93093,12,54374.74686,4036.0,3659.0,AO12/P93093/93093-01-02-06,explicit_designation_and_independent_catalog_position,high,0.0004282610300481,272.685,-26.15,archived,ACCEPTED_CANDIDATE,data/provenance/reconstruction/query_sax_j1810_8_2609.json,,chronological_even_rank_cap32_v1,False
93093-01-02-07,sax_j1810_8_2609,SAX J1810.8-2609,SAX_J1810.8-2609,NS,NS,93093,12,54374.81234,4019.0,3684.0,AO12/P93093/93093-01-02-07,explicit_designation_and_independent_catalog_position,high,0.0004282610300481,272.685,-26.15,archived,ACCEPTED_CANDIDATE,data/provenance/reconstruction/query_sax_j1810_8_2609.json,,chronological_even_rank_cap32_v1,False
93093-01-02-08,sax_j1810_8_2609,SAX J1810.8-2609,SAX_J1810.8-2609,NS,NS,93093,12,54375.59557,2344.0,1482.0,AO12/P93093/93093-01-02-08,explicit_designation_and_independent_catalog_position,high,0.0004282610300481,272.685,-26.15,archived,ACCEPTED_CANDIDATE,data/provenance/reconstruction/query_sax_j1810_8_2609.json,,chronological_even_rank_cap32_v1,False
93093-01-02-10,sax_j1810_8_2609,SAX J1810.8-2609,SAX_J1810.8-2609,NS,NS,93093,12,54376.06495,3592.0,1435.0,AO12/P93093/93093-01-02-10,explicit_designation_and_independent_catalog_position,high,0.0004282610300481,272.685,-26.15,archived,ACCEPTED_CANDIDATE,data/provenance/reconstruction/query_sax_j1810_8_2609.json,,chronological_even_rank_cap32_v1,False
93093-01-02-11,sax_j1810_8_2609,SAX J1810.8-2609,SAX_J1810.8-2609,NS,NS,93093,12,54376.72313,7326.0,4699.0,AO12/P93093/93093-01-02-11,explicit_designation_and_independent_catalog_position,high,0.0004282610300481,272.685,-26.15,archived,ACCEPTED_CANDIDATE,data/provenance/reconstruction/query_sax_j1810_8_2609.json,,chronological_even_rank_cap32_v1,False
93414-01-05-00,sax_j1810_8_2609,SAX J1810.8-2609,SAX_J1810.8-2609,NS,NS,93414,12,54396.21358,5720.0,3577.0,AO12/P93414/93414-01-05-00,explicit_designation_and_independent_catalog_position,high,0.0004282610300481,272.685,-26.15,archived,ACCEPTED_CANDIDATE,data/provenance/reconstruction/query_sax_j1810_8_2609.json,,chronological_even_rank_cap32_v1,False
93414-01-05-01,sax_j1810_8_2609,SAX J1810.8-2609,SAX_J1810.8-2609,NS,NS,93414,12,54398.11113,5724.0,3357.0,AO12/P93414/93414-01-05-01,explicit_designation_and_independent_catalog_position,high,0.0004282610300481,272.685,-26.15,archived,ACCEPTED_CANDIDATE,data/provenance/reconstruction/query_sax_j1810_8_2609.json,,chronological_even_rank_cap32_v1,True
40025-03-01-00,ser_x_1,Ser X-1,SER_X-1,NS,NS,40025,4,51278.61336,3937.0,2970.0,AO4/P40025/40025-03-01-00,explicit_designation_and_independent_catalog_position,high,0.0017833100023534,279.98801,5.036,archived,ACCEPTED_CANDIDATE,data/provenance/reconstruction/query_ser_x_1.json,,chronological_even_rank_cap32_v1,True
40025-03-01-01,ser_x_1,Ser X-1,SER_X-1,NS,NS,40025,4,51281.41745,4122.0,2769.0,AO4/P40025/40025-03-01-01,explicit_designation_and_independent_catalog_position,high,0.0017833100023534,279.98801,5.036,archived,ACCEPTED_CANDIDATE,data/provenance/reconstruction/query_ser_x_1.json,,chronological_even_rank_cap32_v1,False
40025-03-01-02,ser_x_1,Ser X-1,SER_X-1,NS,NS,40025,4,51284.87596,2869.0,2112.0,AO4/P40025/40025-03-01-02,explicit_designation_and_independent_catalog_position,high,0.0017833100023534,279.98801,5.036,archived,ACCEPTED_CANDIDATE,data/provenance/reconstruction/query_ser_x_1.json,,chronological_even_rank_cap32_v1,False
40025-03-02-00,ser_x_1,Ser X-1,SER_X-1,NS,NS,40025,4,51286.87322,2985.0,2226.0,AO4/P40025/40025-03-02-00,explicit_designation_and_independent_catalog_position,high,0.0017833100023534,279.98801,5.036,archived,ACCEPTED_CANDIDATE,data/provenance/reconstruction/query_ser_x_1.json,,chronological_even_rank_cap32_v1,False
40025-03-02-01,ser_x_1,Ser X-1,SER_X-1,NS,NS,40025,4,51288.80381,6169.0,3422.0,AO4/P40025/40025-03-02-01,explicit_designation_and_independent_catalog_position,high,0.0017833100023534,279.98801,5.036,archived,ACCEPTED_CANDIDATE,data/provenance/reconstruction/query_ser_x_1.json,,chronological_even_rank_cap32_v1,False
40426-01-01-00,ser_x_1,Ser X-1,SER_X-1,NS,NS,40426,4,51426.14211,38922.0,22780.0,AO4/P40426/40426-01-01-00,explicit_designation_and_independent_catalog_position,high,0.0017833100023534,279.98801,5.036,archived,ACCEPTED_CANDIDATE,data/provenance/reconstruction/query_ser_x_1.json,,chronological_even_rank_cap32_v1,False
50029-35-01-00,ser_x_1,Ser X-1,SERX-1,NS,NS,50029,5,51755.4695,5514.0,3409.0,AO5/P50029/50029-35-01-00,explicit_designation_and_independent_catalog_position,high,0.002789331870701,279.987,5.036,archived,ACCEPTED_CANDIDATE,data/provenance/reconstruction/query_ser_x_1.json,,chronological_even_rank_cap32_v1,False
50029-35-01-01,ser_x_1,Ser X-1,SERX-1,NS,NS,50029,5,51756.06666,3119.0,2398.0,AO5/P50029/50029-35-01-01,explicit_designation_and_independent_catalog_position,high,0.002789331870701,279.987,5.036,archived,ACCEPTED_CANDIDATE,data/provenance/reconstruction/query_ser_x_1.json,,chronological_even_rank_cap32_v1,False
70027-04-01-00,ser_x_1,Ser X-1,SER_X-1,NS,NS,70027,7,52421.34939,22432.0,13894.0,AO7/P70027/70027-04-01-00,explicit_designation_and_independent_catalog_position,high,0.0001913264976575,279.98999,5.036,archived,ACCEPTED_CANDIDATE,data/provenance/reconstruction/query_ser_x_1.json,,chronological_even_rank_cap32_v1,True
70027-04-01-01,ser_x_1,Ser X-1,SER_X-1,NS,NS,70027,7,52421.62568,10866.0,5702.0,AO7/P70027/70027-04-01-01,explicit_designation_and_independent_catalog_position,high,0.0001913264976575,279.98999,5.036,archived,ACCEPTED_CANDIDATE,data/provenance/reconstruction/query_ser_x_1.json,,chronological_even_rank_cap32_v1,False
70014-03-01-00,ser_x_1,Ser X-1,SER_X-1,NS,NS,70014,7,52436.85494,3626.0,2817.0,AO7/P70014/70014-03-01-00,explicit_designation_and_independent_catalog_position,high,0.0001913264976575,279.98999,5.036,archived,ACCEPTED_CANDIDATE,data/provenance/reconstruction/query_ser_x_1.json,,chronological_even_rank_cap32_v1,False
70014-03-01-02,ser_x_1,Ser X-1,SER_X-1,NS,NS,70014,7,52436.92122,3633.0,2569.0,AO7/P70014/70014-03-01-02,explicit_designation_and_independent_catalog_position,high,0.0001913264976575,279.98999,5.036,archived,ACCEPTED_CANDIDATE,data/provenance/reconstruction/query_ser_x_1.json,,chronological_even_rank_cap32_v1,False
70014-03-01-01,ser_x_1,Ser X-1,SER_X-1,NS,NS,70014,7,52436.9848,4161.0,2865.0,AO7/P70014/70014-03-01-01,explicit_designation_and_independent_catalog_position,high,0.0001913264976575,279.98999,5.036,archived,ACCEPTED_CANDIDATE,data/provenance/reconstruction/query_ser_x_1.json,,chronological_even_rank_cap32_v1,False
70014-03-02-03,ser_x_1,Ser X-1,SER_X-1,NS,NS,70014,7,52460.72048,4435.0,3237.0,AO7/P70014/70014-03-02-03,explicit_designation_and_independent_catalog_position,high,0.0001913264976575,279.98999,5.036,archived,ACCEPTED_CANDIDATE,data/provenance/reconstruction/query_ser_x_1.json,,chronological_even_rank_cap32_v1,False
70014-03-02-00,ser_x_1,Ser X-1,SER_X-1,NS,NS,70014,7,52460.78848,5204.0,3490.0,AO7/P70014/70014-03-02-00,explicit_designation_and_independent_catalog_position,high,0.0001913264976575,279.98999,5.036,archived,ACCEPTED_CANDIDATE,data/provenance/reconstruction/query_ser_x_1.json,,chronological_even_rank_cap32_v1,False
70014-03-02-01,ser_x_1,Ser X-1,SER_X-1,NS,NS,70014,7,52460.88133,2880.0,1424.0,AO7/P70014/70014-03-02-01,explicit_designation_and_independent_catalog_position,high,0.0001913264976575,279.98999,5.036,archived,ACCEPTED_CANDIDATE,data/provenance/reconstruction/query_ser_x_1.json,,chronological_even_rank_cap32_v1,False
70014-03-02-02,ser_x_1,Ser X-1,SER_X-1,NS,NS,70014,7,52460.95147,1874.0,1061.0,AO7/P70014/70014-03-02-02,explicit_designation_and_independent_catalog_position,high,0.0001913264976575,279.98999,5.036,archived,ACCEPTED_CANDIDATE,data/provenance/reconstruction/query_ser_x_1.json,,chronological_even_rank_cap32_v1,False
70027-04-08-00,ser_x_1,Ser X-1,SER_X-1,NS,NS,70027,7,53604.00874,11010.0,6769.0,AO7/P70027/70027-04-08-00,explicit_designation_and_independent_catalog_position,high,0.0001913264976575,279.98999,5.036,archived,ACCEPTED_CANDIDATE,data/provenance/reconstruction/query_ser_x_1.json,,chronological_even_rank_cap32_v1,True
20170-03-01-00,slx_1735_269,SLX 1735-269,SLX_1735-269,NS,NS,20170,2,50504.10494,1080.0,954.0,AO2/P20170/20170-03-01-00,explicit_designation_and_independent_catalog_position,high,0.0115680767293728,264.56711,-27.005,archived,ACCEPTED_CANDIDATE,data/provenance/reconstruction/query_slx_1735_269.json,,chronological_even_rank_cap32_v1,True
20170-03-03-00,slx_1735_269,SLX 1735-269,SLX_1735-269,NS,NS,20170,2,50527.55342,1452.0,905.0,AO2/P20170/20170-03-03-00,explicit_designation_and_independent_catalog_position,high,0.0115680767293728,264.56711,-27.005,archived,ACCEPTED_CANDIDATE,data/provenance/reconstruction/query_slx_1735_269.json,,chronological_even_rank_cap32_v1,False
20170-03-06-00,slx_1735_269,SLX 1735-269,SLX_1735-269,NS,NS,20170,2,50532.69807,1614.0,918.0,AO2/P20170/20170-03-06-00,explicit_designation_and_independent_catalog_position,high,0.0115680767293728,264.56711,-27.005,archived,ACCEPTED_CANDIDATE,data/provenance/reconstruction/query_slx_1735_269.json,,chronological_even_rank_cap32_v1,False
20170-03-08-00,slx_1735_269,SLX 1735-269,SLX_1735-269,NS,NS,20170,2,50558.92877,1062.0,904.0,AO2/P20170/20170-03-08-00,explicit_designation_and_independent_catalog_position,high,0.0115680767293728,264.56711,-27.005,archived,ACCEPTED_CANDIDATE,data/provenance/reconstruction/query_slx_1735_269.json,,chronological_even_rank_cap32_v1,False
20170-03-11-00,slx_1735_269,SLX 1735-269,SLX_1735-269,NS,NS,20170,2,50586.1422,3801.0,927.0,AO2/P20170/20170-03-11-00,explicit_designation_and_independent_catalog_position,high,0.0115680767293728,264.56711,-27.005,archived,ACCEPTED_CANDIDATE,data/provenance/reconstruction/query_slx_1735_269.json,,chronological_even_rank_cap32_v1,False
20089-02-01-00,slx_1735_269,SLX 1735-269,SLX1735-269,NS,NS,20089,2,50731.18706,22178.0,13815.0,AO2/P20089/20089-02-01-00,explicit_designation_and_independent_catalog_position,high,0.0111287809712528,264.56671,-27.0044,archived,ACCEPTED_CANDIDATE,data/provenance/reconstruction/query_slx_1735_269.json,,chronological_even_rank_cap32_v1,False
60034-01-01-00,slx_1735_269,SLX 1735-269,SLX_1735-269,NS,NS,60034,6,52148.33058,9599.0,6051.0,AO6/P60034/60034-01-01-00,explicit_designation_and_independent_catalog_position,high,0.0106652763479034,264.56699,-27.004,archived,ACCEPTED_CANDIDATE,data/provenance/reconstruction/query_slx_1735_269.json,,chronological_even_rank_cap32_v1,False
60034-01-01-03,slx_1735_269,SLX 1735-269,SLX_1735-269,NS,NS,60034,6,52148.52847,3842.0,2937.0,AO6/P60034/60034-01-01-03,explicit_designation_and_independent_catalog_position,high,0.0106652763479034,264.56699,-27.004,archived,ACCEPTED_CANDIDATE,data/provenance/reconstruction/query_slx_1735_269.json,,chronological_even_rank_cap32_v1,False
60034-01-01-05,slx_1735_269,SLX 1735-269,SLX_1735-269,NS,NS,60034,6,52151.11106,3568.0,1807.0,AO6/P60034/60034-01-01-05,explicit_designation_and_independent_catalog_position,high,0.0106652763479034,264.56699,-27.004,archived,ACCEPTED_CANDIDATE,data/provenance/reconstruction/query_slx_1735_269.json,,chronological_even_rank_cap32_v1,False
60034-01-02-00,slx_1735_269,SLX 1735-269,SLX_1735-269,NS,NS,60034,6,52218.80149,44527.0,24759.0,AO6/P60034/60034-01-02-00,explicit_designation_and_independent_catalog_position,high,0.0106652763479034,264.56699,-27.004,archived,ACCEPTED_CANDIDATE,data/provenance/reconstruction/query_slx_1735_269.json,,chronological_even_rank_cap32_v1,False
60034-01-02-03,slx_1735_269,SLX 1735-269,SLX_1735-269,NS,NS,60034,6,52220.16932,3660.0,2837.0,AO6/P60034/60034-01-02-03,explicit_designation_and_independent_catalog_position,high,0.0106652763479034,264.56699,-27.004,archived,ACCEPTED_CANDIDATE,data/provenance/reconstruction/query_slx_1735_269.json,,chronological_even_rank_cap32_v1,False
60034-01-03-00,slx_1735_269,SLX 1735-269,SLX_1735-269,NS,NS,60034,6,52297.8097,2833.0,2344.0,AO6/P60034/60034-01-03-00,explicit_designation_and_independent_catalog_position,high,0.0106652763479034,264.56699,-27.004,archived,ACCEPTED_CANDIDATE,data/provenance/reconstruction/query_slx_1735_269.json,,chronological_even_rank_cap32_v1,False
70134-08-01-00,slx_1735_269,SLX 1735-269,SLX_1735-269,NS,NS,70134,7,52684.65216,6129.0,3592.0,AO7/P70134/70134-08-01-00,explicit_designation_and_independent_catalog_position,high,0.0106620564000796,264.567,-27.004,archived,ACCEPTED_CANDIDATE,data/provenance/reconstruction/query_slx_1735_269.json,,chronological_even_rank_cap32_v1,False
80138-03-01-00,slx_1735_269,SLX 1735-269,SLX_1735-269,NS,NS,80138,8,52747.1498,10239.0,7557.0,AO8/P80138/80138-03-01-00,explicit_designation_and_independent_catalog_position,high,0.0106620564000796,264.567,-27.004,archived,ACCEPTED_CANDIDATE,data/provenance/reconstruction/query_slx_1735_269.json,,chronological_even_rank_cap32_v1,False
80138-03-04-00,slx_1735_269,SLX 1735-269,SLX_1735-269,NS,NS,80138,8,52781.41501,5186.0,3465.0,AO8/P80138/80138-03-04-00,explicit_designation_and_independent_catalog_position,high,0.0106652763479034,264.56699,-27.004,archived,ACCEPTED_CANDIDATE,data/provenance/reconstruction/query_slx_1735_269.json,,chronological_even_rank_cap32_v1,False
80138-03-06-00,slx_1735_269,SLX 1735-269,SLX_1735-269,NS,NS,80138,8,52900.0867,16996.0,9253.0,AO8/P80138/80138-03-06-00,explicit_designation_and_independent_catalog_position,high,0.0106652763479034,264.56699,-27.004,archived,ACCEPTED_CANDIDATE,data/provenance/reconstruction/query_slx_1735_269.json,,chronological_even_rank_cap32_v1,False
80138-03-07-02,slx_1735_269,SLX 1735-269,SLX_1735-269,NS,NS,80138,8,52910.01036,3970.0,1930.0,AO8/P80138/80138-03-07-02,explicit_designation_and_independent_catalog_position,high,0.0106652763479034,264.56699,-27.004,archived,ACCEPTED_CANDIDATE,data/provenance/reconstruction/query_slx_1735_269.json,,chronological_even_rank_cap32_v1,True
80138-03-08-00,slx_1735_269,SLX 1735-269,SLX_1735-269,NS,NS,80138,8,52918.02912,3565.0,1445.0,AO8/P80138/80138-03-08-00,explicit_designation_and_independent_catalog_position,high,0.0106620564000796,264.567,-27.004,archived,ACCEPTED_CANDIDATE,data/provenance/reconstruction/query_slx_1735_269.json,,chronological_even_rank_cap32_v1,False
90058-05-01-02,slx_1735_269,SLX 1735-269,SLX_1735-269,NS,NS,90058,9,53126.73491,9972.0,6864.0,AO9/P90058/90058-05-01-02,explicit_designation_and_independent_catalog_position,high,0.0106652763479034,264.56699,-27.004,archived,ACCEPTED_CANDIDATE,data/provenance/reconstruction/query_slx_1735_269.json,,chronological_even_rank_cap32_v1,False
90058-05-01-04,slx_1735_269,SLX 1735-269,SLX_1735-269,NS,NS,90058,9,53127.85173,10135.0,6837.0,AO9/P90058/90058-05-01-04,explicit_designation_and_independent_catalog_position,high,0.0106652763479034,264.56699,-27.004,archived,ACCEPTED_CANDIDATE,data/provenance/reconstruction/query_slx_1735_269.json,,chronological_even_rank_cap32_v1,False
92052-02-01-00,slx_1735_269,SLX 1735-269,SLX_1735-269,NS,NS,92052,11,53877.01385,10139.0,6957.0,AO11/P92052/92052-02-01-00,explicit_designation_and_independent_catalog_position,high,0.0119067205488805,264.5647,-27.0044,archived,ACCEPTED_CANDIDATE,data/provenance/reconstruction/query_slx_1735_269.json,,chronological_even_rank_cap32_v1,False
94044-05-01-00,slx_1735_269,SLX 1735-269,SLX_1735-269,NS,NS,94044,13,55076.49171,3751.0,1370.0,AO13/P94044/94044-05-01-00,explicit_designation_and_independent_catalog_position,high,0.0119067205488805,264.5647,-27.0044,archived,ACCEPTED_CANDIDATE,data/provenance/reconstruction/query_slx_1735_269.json,,chronological_even_rank_cap32_v1,False
96429-01-02-00,slx_1735_269,SLX 1735-269,SLX_1735-269,NS,NS,96429,15,55709.44831,3466.0,2385.0,AO15/P96429/96429-01-02-00,explicit_designation_and_independent_catalog_position,high,0.0111287809712528,264.56671,-27.0044,archived,ACCEPTED_CANDIDATE,data/provenance/reconstruction/query_slx_1735_269.json,,chronological_even_rank_cap32_v1,False
96429-01-02-02,slx_1735_269,SLX 1735-269,SLX_1735-269,NS,NS,96429,15,55713.83819,3341.0,1917.0,AO15/P96429/96429-01-02-02,explicit_designation_and_independent_catalog_position,high,0.0111287809712528,264.56671,-27.0044,archived,ACCEPTED_CANDIDATE,data/provenance/reconstruction/query_slx_1735_269.json,,chronological_even_rank_cap32_v1,False
96429-01-03-02,slx_1735_269,SLX 1735-269,SLX_1735-269,NS,NS,96429,15,55719.4378,2995.0,1981.0,AO15/P96429/96429-01-03-02,explicit_designation_and_independent_catalog_position,high,0.0111287809712528,264.56671,-27.0044,archived,ACCEPTED_CANDIDATE,data/provenance/reconstruction/query_slx_1735_269.json,,chronological_even_rank_cap32_v1,False
96429-01-04-00,slx_1735_269,SLX 1735-269,SLX_1735-269,NS,NS,96429,15,55723.23871,3725.0,1947.0,AO15/P96429/96429-01-04-00,explicit_designation_and_independent_catalog_position,high,0.0111287809712528,264.56671,-27.0044,archived,ACCEPTED_CANDIDATE,data/provenance/reconstruction/query_slx_1735_269.json,,chronological_even_rank_cap32_v1,False
96429-01-05-00,slx_1735_269,SLX 1735-269,SLX_1735-269,NS,NS,96429,15,55729.83084,3263.0,2045.0,AO15/P96429/96429-01-05-00,explicit_designation_and_independent_catalog_position,high,0.0111287809712528,264.56671,-27.0044,archived,ACCEPTED_CANDIDATE,data/provenance/reconstruction/query_slx_1735_269.json,,chronological_even_rank_cap32_v1,False
96429-01-05-02,slx_1735_269,SLX 1735-269,SLX_1735-269,NS,NS,96429,15,55734.3196,2937.0,1892.0,AO15/P96429/96429-01-05-02,explicit_designation_and_independent_catalog_position,high,0.0111287809712528,264.56671,-27.0044,archived,ACCEPTED_CANDIDATE,data/provenance/reconstruction/query_slx_1735_269.json,,chronological_even_rank_cap32_v1,False
96429-01-06-02,slx_1735_269,SLX 1735-269,SLX_1735-269,NS,NS,96429,15,55740.54693,4244.0,1905.0,AO15/P96429/96429-01-06-02,explicit_designation_and_independent_catalog_position,high,0.0111287809712528,264.56671,-27.0044,archived,ACCEPTED_CANDIDATE,data/provenance/reconstruction/query_slx_1735_269.json,,chronological_even_rank_cap32_v1,False
96429-01-07-00,slx_1735_269,SLX 1735-269,SLX_1735-269,NS,NS,96429,15,55745.50683,4017.0,1875.0,AO15/P96429/96429-01-07-00,explicit_designation_and_independent_catalog_position,high,0.0111287809712528,264.56671,-27.0044,archived,ACCEPTED_CANDIDATE,data/provenance/reconstruction/query_slx_1735_269.json,,chronological_even_rank_cap32_v1,False
96429-01-08-01,slx_1735_269,SLX 1735-269,SLX_1735-269,NS,NS,96429,15,55752.28398,3569.0,1929.0,AO15/P96429/96429-01-08-01,explicit_designation_and_independent_catalog_position,high,0.0111287809712528,264.56671,-27.0044,archived,ACCEPTED_CANDIDATE,data/provenance/reconstruction/query_slx_1735_269.json,,chronological_even_rank_cap32_v1,False
96429-01-08-03,slx_1735_269,SLX 1735-269,SLX_1735-269,NS,NS,96429,15,55756.26698,3390.0,1980.0,AO15/P96429/96429-01-08-03,explicit_designation_and_independent_catalog_position,high,0.0111287809712528,264.56671,-27.0044,archived,ACCEPTED_CANDIDATE,data/provenance/reconstruction/query_slx_1735_269.json,,chronological_even_rank_cap32_v1,True
80054-08-01-00,v4641_sgr,V4641 Sgr,SAXJ1819.3-2525,BH,BH,80054,8,52856.04998,2280.0,1441.0,AO8/P80054/80054-08-01-00,explicit_designation_and_independent_catalog_position,high,0.0018820445560773,274.842,-25.407,archived,ACCEPTED_CANDIDATE,data/provenance/reconstruction/query_v4641_sgr.json,,chronological_even_rank_cap32_v1,True
80054-08-01-01,v4641_sgr,V4641 Sgr,SAXJ1819.3-2525,BH,BH,80054,8,52857.36633,9998.0,5458.0,AO8/P80054/80054-08-01-01,explicit_designation_and_independent_catalog_position,high,0.0018820445560773,274.842,-25.407,archived,ACCEPTED_CANDIDATE,data/provenance/reconstruction/query_v4641_sgr.json,,chronological_even_rank_cap32_v1,False
80054-08-02-00,v4641_sgr,V4641 Sgr,SAXJ1819.3-2525,BH,BH,80054,8,52858.48199,4887.0,3111.0,AO8/P80054/80054-08-02-00,explicit_designation_and_independent_catalog_position,high,0.0018820445560773,274.842,-25.407,archived,ACCEPTED_CANDIDATE,data/provenance/reconstruction/query_v4641_sgr.json,,chronological_even_rank_cap32_v1,False
80054-08-03-00,v4641_sgr,V4641 Sgr,SAX_J1819.3-2525,BH,BH,80054,8,52859.33578,4392.0,2397.0,AO8/P80054/80054-08-03-00,explicit_designation_and_independent_catalog_position,high,0.0018910764067663,274.84201,-25.407,archived,ACCEPTED_CANDIDATE,data/provenance/reconstruction/query_v4641_sgr.json,,chronological_even_rank_cap32_v1,False
80054-08-03-01,v4641_sgr,V4641 Sgr,SAX_J1819.3-2525,BH,BH,80054,8,52860.52466,4150.0,2757.0,AO8/P80054/80054-08-03-01,explicit_designation_and_independent_catalog_position,high,0.0018910764067663,274.84201,-25.407,archived,ACCEPTED_CANDIDATE,data/provenance/reconstruction/query_v4641_sgr.json,,chronological_even_rank_cap32_v1,False
80054-08-04-00,v4641_sgr,V4641 Sgr,SAX_J1819.3-2525,BH,BH,80054,8,52861.11147,3335.0,1257.0,AO8/P80054/80054-08-04-00,explicit_designation_and_independent_catalog_position,high,0.0018910764067663,274.84201,-25.407,archived,ACCEPTED_CANDIDATE,data/provenance/reconstruction/query_v4641_sgr.json,,chronological_even_rank_cap32_v1,False
80054-08-04-01,v4641_sgr,V4641 Sgr,SAX_J1819.3-2525,BH,BH,80054,8,52861.1723,2434.0,1663.0,AO8/P80054/80054-08-04-01,explicit_designation_and_independent_catalog_position,high,0.0018910764067663,274.84201,-25.407,archived,ACCEPTED_CANDIDATE,data/provenance/reconstruction/query_v4641_sgr.json,,chronological_even_rank_cap32_v1,False
80421-01-01-00,v4641_sgr,V4641 Sgr,SAX_J1819.3-2525,BH,BH,80421,8,52861.50938,9334.0,6356.0,AO8/P80421/80421-01-01-00,explicit_designation_and_independent_catalog_position,high,0.0018910764067663,274.84201,-25.407,archived,ACCEPTED_CANDIDATE,data/provenance/reconstruction/query_v4641_sgr.json,,chronological_even_rank_cap32_v1,False
80421-01-01-01,v4641_sgr,V4641 Sgr,SAX_J1819.3-2525,BH,BH,80421,8,52861.6327,4646.0,3409.0,AO8/P80421/80421-01-01-01,explicit_designation_and_independent_catalog_position,high,0.0018910764067663,274.84201,-25.407,archived,ACCEPTED_CANDIDATE,data/provenance/reconstruction/query_v4641_sgr.json,,chronological_even_rank_cap32_v1,False
80421-01-01-02,v4641_sgr,V4641 Sgr,SAX_J1819.3-2525,BH,BH,80421,8,52861.70383,4837.0,3118.0,AO8/P80421/80421-01-01-02,explicit_designation_and_independent_catalog_position,high,0.0018910764067663,274.84201,-25.407,archived,ACCEPTED_CANDIDATE,data/provenance/reconstruction/query_v4641_sgr.json,,chronological_even_rank_cap32_v1,False
80054-08-05-00,v4641_sgr,V4641 Sgr,SAX_J1819.3-2525,BH,BH,80054,8,52862.22964,4190.0,1657.0,AO8/P80054/80054-08-05-00,explicit_designation_and_independent_catalog_position,high,0.0018910764067663,274.84201,-25.407,archived,ACCEPTED_CANDIDATE,data/provenance/reconstruction/query_v4641_sgr.json,,chronological_even_rank_cap32_v1,False
80054-08-05-01,v4641_sgr,V4641 Sgr,SAX_J1819.3-2525,BH,BH,80054,8,52862.70703,983.0,853.0,AO8/P80054/80054-08-05-01,explicit_designation_and_independent_catalog_position,high,0.0018910764067663,274.84201,-25.407,archived,ACCEPTED_CANDIDATE,data/provenance/reconstruction/query_v4641_sgr.json,,chronological_even_rank_cap32_v1,False
80054-08-06-03,v4641_sgr,V4641 Sgr,SAX_J1819.3-2525,BH,BH,80054,8,52863.08299,3231.0,1079.0,AO8/P80054/80054-08-06-03,explicit_designation_and_independent_catalog_position,high,0.0018910764067663,274.84201,-25.407,archived,ACCEPTED_CANDIDATE,data/provenance/reconstruction/query_v4641_sgr.json,,chronological_even_rank_cap32_v1,False
80054-08-06-00,v4641_sgr,V4641 Sgr,SAX_J1819.3-2525,BH,BH,80054,8,52863.21041,4711.0,1922.0,AO8/P80054/80054-08-06-00,explicit_designation_and_independent_catalog_position,high,0.0018910764067663,274.84201,-25.407,archived,ACCEPTED_CANDIDATE,data/provenance/reconstruction/query_v4641_sgr.json,,chronological_even_rank_cap32_v1,False
80054-08-07-00,v4641_sgr,V4641 Sgr,SAX_J1819.3-2525,BH,BH,80054,8,52864.19578,4775.0,1869.0,AO8/P80054/80054-08-07-00,explicit_designation_and_independent_catalog_position,high,0.0018910764067663,274.84201,-25.407,archived,ACCEPTED_CANDIDATE,data/provenance/reconstruction/query_v4641_sgr.json,,chronological_even_rank_cap32_v1,False
80054-08-07-01,v4641_sgr,V4641 Sgr,SAX_J1819.3-2525,BH,BH,80054,8,52864.72214,3830.0,2770.0,AO8/P80054/80054-08-07-01,explicit_designation_and_independent_catalog_position,high,0.0018910764067663,274.84201,-25.407,archived,ACCEPTED_CANDIDATE,data/provenance/reconstruction/query_v4641_sgr.json,,chronological_even_rank_cap32_v1,False
80054-08-08-01,v4641_sgr,V4641 Sgr,SAX_J1819.3-2525,BH,BH,80054,8,52865.44869,5220.0,3302.0,AO8/P80054/80054-08-08-01,explicit_designation_and_independent_catalog_position,high,0.0018910764067663,274.84201,-25.407,archived,ACCEPTED_CANDIDATE,data/provenance/reconstruction/query_v4641_sgr.json,,chronological_even_rank_cap32_v1,True
80054-08-09-00,v4641_sgr,V4641 Sgr,SAX_J1819.3-2525,BH,BH,80054,8,52866.16722,4270.0,1824.0,AO8/P80054/80054-08-09-00,explicit_designation_and_independent_catalog_position,high,0.0018910764067663,274.84201,-25.407,archived,ACCEPTED_CANDIDATE,data/provenance/reconstruction/query_v4641_sgr.json,,chronological_even_rank_cap32_v1,False
80054-08-09-01,v4641_sgr,V4641 Sgr,SAX_J1819.3-2525,BH,BH,80054,8,52866.58689,2606.0,1602.0,AO8/P80054/80054-08-09-01,explicit_designation_and_independent_catalog_position,high,0.0018910764067663,274.84201,-25.407,archived,ACCEPTED_CANDIDATE,data/provenance/reconstruction/query_v4641_sgr.json,,chronological_even_rank_cap32_v1,False
80054-08-10-00,v4641_sgr,V4641 Sgr,SAX_J1819.3-2525,BH,BH,80054,8,52867.67757,4458.0,3392.0,AO8/P80054/80054-08-10-00,explicit_designation_and_independent_catalog_position,high,0.0018910764067663,274.84201,-25.407,archived,ACCEPTED_CANDIDATE,data/provenance/reconstruction/query_v4641_sgr.json,,chronological_even_rank_cap32_v1,False
90108-03-01-00,v4641_sgr,V4641 Sgr,V4641_SGR,BH,BH,90108,9,53193.89509,3099.0,1743.0,AO9/P90108/90108-03-01-00,explicit_designation_and_independent_catalog_position,high,8.023538567135573e-05,274.84,-25.407,archived,ACCEPTED_CANDIDATE,data/provenance/reconstruction/query_v4641_sgr.json,,chronological_even_rank_cap32_v1,False
90108-03-02-00,v4641_sgr,V4641 Sgr,V4641_SGR,BH,BH,90108,9,53194.87668,3302.0,1857.0,AO9/P90108/90108-03-02-00,explicit_designation_and_independent_catalog_position,high,8.023538567135573e-05,274.84,-25.407,archived,ACCEPTED_CANDIDATE,data/provenance/reconstruction/query_v4641_sgr.json,,chronological_even_rank_cap32_v1,False
90108-03-03-00,v4641_sgr,V4641 Sgr,V4641_SGR,BH,BH,90108,9,53195.85955,3439.0,1885.0,AO9/P90108/90108-03-03-00,explicit_designation_and_independent_catalog_position,high,8.023538567135573e-05,274.84,-25.407,archived,ACCEPTED_CANDIDATE,data/provenance/reconstruction/query_v4641_sgr.json,,chronological_even_rank_cap32_v1,False
90107-01-01-00,v4641_sgr,V4641 Sgr,V4641_SGR,BH,BH,90107,9,53199.35017,3159.0,1227.0,AO9/P90107/90107-01-01-00,explicit_designation_and_independent_catalog_position,high,0.0094553295592072,274.83,-25.41,archived,ACCEPTED_CANDIDATE,data/provenance/reconstruction/query_v4641_sgr.json,,chronological_even_rank_cap32_v1,False
90107-01-01-01,v4641_sgr,V4641 Sgr,V4641_SGR,BH,BH,90107,9,53201.44869,3833.0,1757.0,AO9/P90107/90107-01-01-01,explicit_designation_and_independent_catalog_position,high,0.0094553295592072,274.83,-25.41,archived,ACCEPTED_CANDIDATE,data/provenance/reconstruction/query_v4641_sgr.json,,chronological_even_rank_cap32_v1,False
90107-01-02-01,v4641_sgr,V4641 Sgr,V_4641_SGR,BH,BH,90107,9,53208.77861,1979.0,872.0,AO9/P90107/90107-01-02-01,explicit_designation_and_independent_catalog_position,high,0.0094638870873286,274.82999,-25.41,archived,ACCEPTED_CANDIDATE,data/provenance/reconstruction/query_v4641_sgr.json,,chronological_even_rank_cap32_v1,False
90107-01-03-00,v4641_sgr,V4641 Sgr,V_4641_SGR,BH,BH,90107,9,53209.85653,3209.0,1390.0,AO9/P90107/90107-01-03-00,explicit_designation_and_independent_catalog_position,high,0.0094638870873286,274.82999,-25.41,archived,ACCEPTED_CANDIDATE,data/provenance/reconstruction/query_v4641_sgr.json,,chronological_even_rank_cap32_v1,False
90107-01-03-01,v4641_sgr,V4641 Sgr,V_4641_SGR,BH,BH,90107,9,53210.84056,2561.0,1391.0,AO9/P90107/90107-01-03-01,explicit_designation_and_independent_catalog_position,high,0.0094638870873286,274.82999,-25.41,archived,ACCEPTED_CANDIDATE,data/provenance/reconstruction/query_v4641_sgr.json,,chronological_even_rank_cap32_v1,False
91422-01-01-00,v4641_sgr,V4641 Sgr,V4641_SGR,BH,BH,91422,10,53546.3348,1200.0,1014.0,AO10/P91422/91422-01-01-00,explicit_designation_and_independent_catalog_position,high,8.023538567135573e-05,274.84,-25.407,archived,ACCEPTED_CANDIDATE,data/provenance/reconstruction/query_v4641_sgr.json,,chronological_even_rank_cap32_v1,False
91422-01-01-02,v4641_sgr,V4641 Sgr,V4641_SGR,BH,BH,91422,10,53548.49536,4928.0,3425.0,AO10/P91422/91422-01-01-02,explicit_designation_and_independent_catalog_position,high,8.023538567135573e-05,274.84,-25.407,archived,ACCEPTED_CANDIDATE,data/provenance/reconstruction/query_v4641_sgr.json,,chronological_even_rank_cap32_v1,False
91422-01-01-03,v4641_sgr,V4641 Sgr,V4641_SGR,BH,BH,91422,10,53550.52071,12018.0,6360.0,AO10/P91422/91422-01-01-03,explicit_designation_and_independent_catalog_position,high,8.023538567135573e-05,274.84,-25.407,archived,ACCEPTED_CANDIDATE,data/provenance/reconstruction/query_v4641_sgr.json,,chronological_even_rank_cap32_v1,False
95436-01-01-00,v4641_sgr,V4641 Sgr,V4641_SGR,BH,BH,95436,14,55472.26782,5956.0,3360.0,AO14/P95436/95436-01-01-00,explicit_designation_and_independent_catalog_position,high,0.0016124735439454,274.8417,-25.4069,archived,ACCEPTED_CANDIDATE,data/provenance/reconstruction/query_v4641_sgr.json,,chronological_even_rank_cap32_v1,True
50137-01-01-00,xte_j1118_480,XTE J1118+480,XTE_J1118+480,BH,BH,50137,5,51632.96003,1540.0,537.0,AO5/P50137/50137-01-01-00,explicit_designation_and_independent_catalog_position,high,0.0213301761710938,169.57,48.05,archived,ACCEPTED_CANDIDATE,data/provenance/reconstruction/query_xte_j1118_480.json,,chronological_even_rank_cap32_v1,True
50137-01-04-00,xte_j1118_480,XTE J1118+480,XTE_J1118+480,BH,BH,50137,5,51637.34073,2334.0,1958.0,AO5/P50137/50137-01-04-00,explicit_designation_and_independent_catalog_position,high,8.78672655478551e-05,169.545,48.0367,archived,ACCEPTED_CANDIDATE,data/provenance/reconstruction/query_xte_j1118_480.json,,chronological_even_rank_cap32_v1,False
50407-01-01-00,xte_j1118_480,XTE J1118+480,XTE_J1118+480,BH,BH,50407,5,51647.39907,16003.0,13838.0,AO5/P50407/50407-01-01-00,explicit_designation_and_independent_catalog_position,high,8.78672655478551e-05,169.545,48.0367,archived,ACCEPTED_CANDIDATE,data/provenance/reconstruction/query_xte_j1118_480.json,,chronological_even_rank_cap32_v1,False
50407-01-02-00,xte_j1118_480,XTE J1118+480,XTE_J1118+480,BH,BH,50407,5,51649.32872,1935.0,1152.0,AO5/P50407/50407-01-02-00,explicit_designation_and_independent_catalog_position,high,8.78672655478551e-05,169.545,48.0367,archived,ACCEPTED_CANDIDATE,data/provenance/reconstruction/query_xte_j1118_480.json,,chronological_even_rank_cap32_v1,False
50407-01-02-02,xte_j1118_480,XTE J1118+480,XTE_J1118+480,BH,BH,50407,5,51652.80786,3683.0,1279.0,AO5/P50407/50407-01-02-02,explicit_designation_and_independent_catalog_position,high,8.78672655478551e-05,169.545,48.0367,archived,ACCEPTED_CANDIDATE,data/provenance/reconstruction/query_xte_j1118_480.json,,chronological_even_rank_cap32_v1,False
50407-01-03-01,xte_j1118_480,XTE J1118+480,XTE_J1118+480,BH,BH,50407,5,51658.85918,1269.0,867.0,AO5/P50407/50407-01-03-01,explicit_designation_and_independent_catalog_position,high,8.78672655478551e-05,169.545,48.0367,archived,ACCEPTED_CANDIDATE,data/provenance/reconstruction/query_xte_j1118_480.json,,chronological_even_rank_cap32_v1,False
50407-01-04-00,xte_j1118_480,XTE J1118+480,XTE_J1118+480,BH,BH,50407,5,51664.34062,2597.0,,AO5/P50407/50407-01-04-00,explicit_designation_and_independent_catalog_position,high,8.78672655478551e-05,169.545,48.0367,archived,ACCEPTED_CANDIDATE,data/provenance/reconstruction/query_xte_j1118_480.json,,chronological_even_rank_cap32_v1,False
50407-01-05-01,xte_j1118_480,XTE J1118+480,XTE_J1118+480,BH,BH,50407,5,51670.94453,1249.0,609.0,AO5/P50407/50407-01-05-01,explicit_designation_and_independent_catalog_position,high,8.78672655478551e-05,169.545,48.0367,archived,ACCEPTED_CANDIDATE,data/provenance/reconstruction/query_xte_j1118_480.json,,chronological_even_rank_cap32_v1,False
50407-01-05-04,xte_j1118_480,XTE J1118+480,XTE_J1118+480,BH,BH,50407,5,51675.64037,3227.0,2320.0,AO5/P50407/50407-01-05-04,explicit_designation_and_independent_catalog_position,high,8.78672655478551e-05,169.545,48.0367,archived,ACCEPTED_CANDIDATE,data/provenance/reconstruction/query_xte_j1118_480.json,,chronological_even_rank_cap32_v1,False
50407-01-06-00,xte_j1118_480,XTE J1118+480,XTE_J1118+480,BH,BH,50407,5,51679.36499,2110.0,1485.0,AO5/P50407/50407-01-06-00,explicit_designation_and_independent_catalog_position,high,8.78672655478551e-05,169.545,48.0367,archived,ACCEPTED_CANDIDATE,data/provenance/reconstruction/query_xte_j1118_480.json,,chronological_even_rank_cap32_v1,False
50133-01-04-00,xte_j1118_480,XTE J1118+480,XTE_J1118+480,BH,BH,50133,5,51692.74363,12418.0,4640.0,AO5/P50133/50133-01-04-00,explicit_designation_and_independent_catalog_position,high,8.78672655478551e-05,169.545,48.0367,archived,ACCEPTED_CANDIDATE,data/provenance/reconstruction/query_xte_j1118_480.json,,chronological_even_rank_cap32_v1,False
50407-01-10-01,xte_j1118_480,XTE J1118+480,XTE_J1118+480,BH,BH,50407,5,51710.82006,2961.0,1747.0,AO5/P50407/50407-01-10-01,explicit_designation_and_independent_catalog_position,high,8.78672655478551e-05,169.545,48.0367,archived,ACCEPTED_CANDIDATE,data/provenance/reconstruction/query_xte_j1118_480.json,,chronological_even_rank_cap32_v1,False
50133-01-05-00,xte_j1118_480,XTE J1118+480,XTE_J1118+480,BH,BH,50133,5,51719.96681,8395.0,5612.0,AO5/P50133/50133-01-05-00,explicit_designation_and_independent_catalog_position,high,8.78672655478551e-05,169.545,48.0367,archived,ACCEPTED_CANDIDATE,data/provenance/reconstruction/query_xte_j1118_480.json,,chronological_even_rank_cap32_v1,False
50407-01-13-01,xte_j1118_480,XTE J1118+480,XTE_J1118+480,BH,BH,50407,5,51730.79477,3394.0,2341.0,AO5/P50407/50407-01-13-01,explicit_designation_and_independent_catalog_position,high,8.78672655478551e-05,169.545,48.0367,archived,ACCEPTED_CANDIDATE,data/provenance/reconstruction/query_xte_j1118_480.json,,chronological_even_rank_cap32_v1,False
50133-01-06-00,xte_j1118_480,XTE J1118+480,XTE_J1118+480,BH,BH,50133,5,51733.78364,3721.0,2046.0,AO5/P50133/50133-01-06-00,explicit_designation_and_independent_catalog_position,high,8.78672655478551e-05,169.545,48.0367,archived,ACCEPTED_CANDIDATE,data/provenance/reconstruction/query_xte_j1118_480.json,,chronological_even_rank_cap32_v1,False
50407-01-15-00,xte_j1118_480,XTE J1118+480,XTE_J1118+480,BH,BH,50407,5,51747.7994,3588.0,2204.0,AO5/P50407/50407-01-15-00,explicit_designation_and_independent_catalog_position,high,8.78672655478551e-05,169.545,48.0367,archived,ACCEPTED_CANDIDATE,data/provenance/reconstruction/query_xte_j1118_480.json,,chronological_even_rank_cap32_v1,False
50407-01-17-00,xte_j1118_480,XTE J1118+480,XTE_J1118+480,BH,BH,50407,5,51760.30555,3703.0,2994.0,AO5/P50407/50407-01-17-00,explicit_designation_and_independent_catalog_position,high,8.78672655478551e-05,169.545,48.0367,archived,ACCEPTED_CANDIDATE,data/provenance/reconstruction/query_xte_j1118_480.json,,chronological_even_rank_cap32_v1,True
90011-01-01-01,xte_j1118_480,XTE J1118+480,XTE_J1118+480,BH,BH,90011,9,53384.14148,1739.0,927.0,AO9/P90011/90011-01-01-01,explicit_designation_and_independent_catalog_position,high,8.78672655478551e-05,169.545,48.0367,archived,ACCEPTED_CANDIDATE,data/provenance/reconstruction/query_xte_j1118_480.json,,chronological_even_rank_cap32_v1,False
90011-01-01-02,xte_j1118_480,XTE J1118+480,XTE_J1118+480,BH,BH,90011,9,53385.81358,4620.0,3651.0,AO9/P90011/90011-01-01-02,explicit_designation_and_independent_catalog_position,high,8.78672655478551e-05,169.545,48.0367,archived,ACCEPTED_CANDIDATE,data/provenance/reconstruction/query_xte_j1118_480.json,,chronological_even_rank_cap32_v1,False
90011-01-01-09,xte_j1118_480,XTE J1118+480,XTE_J1118+480,BH,BH,90011,9,53387.19218,3297.0,1652.0,AO9/P90011/90011-01-01-09,explicit_designation_and_independent_catalog_position,high,8.78672655478551e-05,169.545,48.0367,archived,ACCEPTED_CANDIDATE,data/provenance/reconstruction/query_xte_j1118_480.json,,chronological_even_rank_cap32_v1,False
90011-01-01-05,xte_j1118_480,XTE J1118+480,XTE_J1118+480,BH,BH,90011,9,53388.76516,4443.0,3557.0,AO9/P90011/90011-01-01-05,explicit_designation_and_independent_catalog_position,high,8.78672655478551e-05,169.545,48.0367,archived,ACCEPTED_CANDIDATE,data/provenance/reconstruction/query_xte_j1118_480.json,,chronological_even_rank_cap32_v1,False
90011-01-01-13,xte_j1118_480,XTE J1118+480,XTE_J1118+480,BH,BH,90011,9,53390.08096,2735.0,887.0,AO9/P90011/90011-01-01-13,explicit_designation_and_independent_catalog_position,high,8.78672655478551e-05,169.545,48.0367,archived,ACCEPTED_CANDIDATE,data/provenance/reconstruction/query_xte_j1118_480.json,,chronological_even_rank_cap32_v1,False
90111-01-02-02,xte_j1118_480,XTE J1118+480,XTE_J1118+480,BH,BH,90111,9,53391.98062,1679.0,943.0,AO9/P90111/90111-01-02-02,explicit_designation_and_independent_catalog_position,high,8.78672655478551e-05,169.545,48.0367,archived,ACCEPTED_CANDIDATE,data/provenance/reconstruction/query_xte_j1118_480.json,,chronological_even_rank_cap32_v1,False
90111-01-02-06,xte_j1118_480,XTE J1118+480,XTE_J1118+480,BH,BH,90111,9,53393.68207,7676.0,5615.0,AO9/P90111/90111-01-02-06,explicit_designation_and_independent_catalog_position,high,8.78672655478551e-05,169.545,48.0367,archived,ACCEPTED_CANDIDATE,data/provenance/reconstruction/query_xte_j1118_480.json,,chronological_even_rank_cap32_v1,False
90111-01-02-07,xte_j1118_480,XTE J1118+480,XTE_J1118+480,BH,BH,90111,9,53394.66541,3179.0,2495.0,AO9/P90111/90111-01-02-07,explicit_designation_and_independent_catalog_position,high,8.78672655478551e-05,169.545,48.0367,archived,ACCEPTED_CANDIDATE,data/provenance/reconstruction/query_xte_j1118_480.json,,chronological_even_rank_cap32_v1,False
90111-01-02-11,xte_j1118_480,XTE J1118+480,XTE_J1118+480,BH,BH,90111,9,53396.10593,3225.0,1316.0,AO9/P90111/90111-01-02-11,explicit_designation_and_independent_catalog_position,high,8.78672655478551e-05,169.545,48.0367,archived,ACCEPTED_CANDIDATE,data/provenance/reconstruction/query_xte_j1118_480.json,,chronological_even_rank_cap32_v1,False
90111-01-03-02,xte_j1118_480,XTE J1118+480,XTE_J1118+480,BH,BH,90111,9,53398.3363,7344.0,4345.0,AO9/P90111/90111-01-03-02,explicit_designation_and_independent_catalog_position,high,8.78672655478551e-05,169.545,48.0367,archived,ACCEPTED_CANDIDATE,data/provenance/reconstruction/query_xte_j1118_480.json,,chronological_even_rank_cap32_v1,False
90111-01-03-07,xte_j1118_480,XTE J1118+480,XTE_J1118+480,BH,BH,90111,9,53400.44443,3096.0,1802.0,AO9/P90111/90111-01-03-07,explicit_designation_and_independent_catalog_position,high,8.78672655478551e-05,169.545,48.0367,archived,ACCEPTED_CANDIDATE,data/provenance/reconstruction/query_xte_j1118_480.json,,chronological_even_rank_cap32_v1,False
90111-01-04-01,xte_j1118_480,XTE J1118+480,XTE_J1118+480,BH,BH,90111,9,53407.53123,2462.0,1437.0,AO9/P90111/90111-01-04-01,explicit_designation_and_independent_catalog_position,high,8.78672655478551e-05,169.545,48.0367,archived,ACCEPTED_CANDIDATE,data/provenance/reconstruction/query_xte_j1118_480.json,,chronological_even_rank_cap32_v1,False
90111-01-04-02,xte_j1118_480,XTE J1118+480,XTE_J1118+480,BH,BH,90111,9,53410.2866,1379.0,451.0,AO9/P90111/90111-01-04-02,explicit_designation_and_independent_catalog_position,high,8.78672655478551e-05,169.545,48.0367,archived,ACCEPTED_CANDIDATE,data/provenance/reconstruction/query_xte_j1118_480.json,,chronological_even_rank_cap32_v1,False
90111-01-06-01,xte_j1118_480,XTE J1118+480,XTE_J1118+480,BH,BH,90111,9,53420.67351,3100.0,917.0,AO9/P90111/90111-01-06-01,explicit_designation_and_independent_catalog_position,high,8.78672655478551e-05,169.545,48.0367,archived,ACCEPTED_CANDIDATE,data/provenance/reconstruction/query_xte_j1118_480.json,,chronological_even_rank_cap32_v1,False
92427-01-01-00,xte_j1118_480,XTE J1118+480,XTE_J1118+480,BH,BH,92427,11,54112.61646,3678.0,2491.0,AO11/P92427/92427-01-01-00,explicit_designation_and_independent_catalog_position,high,0.0328351136793556,169.5,48.05,archived,ACCEPTED_CANDIDATE,data/provenance/reconstruction/query_xte_j1118_480.json,,chronological_even_rank_cap32_v1,True
30188-06-01-02,xte_j1550_564,XTE J1550-564,XTE_J1550-564,BH,BH,30188,3,51066.05907,3881.0,2927.0,AO3/P30188/30188-06-01-02,explicit_designation_and_independent_catalog_position,high,0.0443603657467968,237.67,-56.46,archived,ACCEPTED_CANDIDATE,data/provenance/reconstruction/query_xte_j1550_564.json,,chronological_even_rank_cap32_v1,True
30191-01-02-00,xte_j1550_564,XTE J1550-564,XTE_J1550-564,BH,BH,30191,3,51075.99285,3961.0,2973.0,AO3/P30191/30191-01-02-00,explicit_designation_and_independent_catalog_position,high,0.0443603657467968,237.67,-56.46,archived,ACCEPTED_CANDIDATE,data/provenance/reconstruction/query_xte_j1550_564.json,,chronological_even_rank_cap32_v1,False
30191-01-12-00,xte_j1550_564,XTE J1550-564,XTE_J1550-564,BH,BH,30191,3,51081.99914,12347.0,7525.0,AO3/P30191/30191-01-12-00,explicit_designation_and_independent_catalog_position,high,0.0443603657467968,237.67,-56.46,archived,ACCEPTED_CANDIDATE,data/provenance/reconstruction/query_xte_j1550_564.json,,chronological_even_rank_cap32_v1,False
30191-01-28-01,xte_j1550_564,XTE J1550-564,XTE_J1550-564,BH,BH,30191,3,51097.56444,3783.0,1464.0,AO3/P30191/30191-01-28-01,explicit_designation_and_independent_catalog_position,high,0.0443603657467968,237.67,-56.46,archived,ACCEPTED_CANDIDATE,data/provenance/reconstruction/query_xte_j1550_564.json,,chronological_even_rank_cap32_v1,False
30191-01-34-00,xte_j1550_564,XTE J1550-564,XTE_J1550-564,BH,BH,30191,3,51110.26547,4201.0,3565.0,AO3/P30191/30191-01-34-00,explicit_designation_and_independent_catalog_position,high,0.0443603657467968,237.67,-56.46,archived,ACCEPTED_CANDIDATE,data/provenance/reconstruction/query_xte_j1550_564.json,,chronological_even_rank_cap32_v1,False
30191-01-44-00,xte_j1550_564,XTE J1550-564,XTE_J1550-564,BH,BH,30191,3,51132.47209,4395.0,2960.0,AO3/P30191/30191-01-44-00,explicit_designation_and_independent_catalog_position,high,0.0443603657467968,237.67,-56.46,archived,ACCEPTED_CANDIDATE,data/provenance/reconstruction/query_xte_j1550_564.json,,chronological_even_rank_cap32_v1,False
30435-01-07-00,xte_j1550_564,XTE J1550-564,XTE_J1550-564,BH,BH,30435,3,51152.07633,3176.0,2351.0,AO3/P30435/30435-01-07-00,explicit_designation_and_independent_catalog_position,high,0.0443603657467968,237.67,-56.46,archived,ACCEPTED_CANDIDATE,data/provenance/reconstruction/query_xte_j1550_564.json,,chronological_even_rank_cap32_v1,False
30435-01-15-01,xte_j1550_564,XTE J1550-564,XTE_J1550-564,BH,BH,30435,3,51165.65325,2937.0,1776.0,AO3/P30435/30435-01-15-01,explicit_designation_and_independent_catalog_position,high,0.0443603657467968,237.67,-56.46,archived,ACCEPTED_CANDIDATE,data/provenance/reconstruction/query_xte_j1550_564.json,,chronological_even_rank_cap32_v1,False
30435-01-25-00,xte_j1550_564,XTE J1550-564,XTE_J1550-564,BH,BH,30435,3,51175.7853,8851.0,5416.0,AO3/P30435/30435-01-25-00,explicit_designation_and_independent_catalog_position,high,0.0443603657467968,237.67,-56.46,archived,ACCEPTED_CANDIDATE,data/provenance/reconstruction/query_xte_j1550_564.json,,chronological_even_rank_cap32_v1,False
40401-01-08-00,xte_j1550_564,XTE J1550-564,XTE_J1550-564,BH,BH,40401,4,51187.09774,7549.0,4291.0,AO4/P40401/40401-01-08-00,explicit_designation_and_independent_catalog_position,high,0.0443603657467968,237.67,-56.46,archived,ACCEPTED_CANDIDATE,data/provenance/reconstruction/query_xte_j1550_564.json,,chronological_even_rank_cap32_v1,False
40401-01-18-00,xte_j1550_564,XTE J1550-564,XTE_J1550-564,BH,BH,40401,4,51200.38124,2403.0,1202.0,AO4/P40401/40401-01-18-00,explicit_designation_and_independent_catalog_position,high,0.0443603657467968,237.67,-56.46,archived,ACCEPTED_CANDIDATE,data/provenance/reconstruction/query_xte_j1550_564.json,,chronological_even_rank_cap32_v1,False
40401-01-26-00,xte_j1550_564,XTE J1550-564,XTE_J1550-564,BH,BH,40401,4,51209.70712,6178.0,2493.0,AO4/P40401/40401-01-26-00,explicit_designation_and_independent_catalog_position,high,0.0443603657467968,237.67,-56.46,archived,ACCEPTED_CANDIDATE,data/provenance/reconstruction/query_xte_j1550_564.json,,chronological_even_rank_cap32_v1,False
40401-01-35-01,xte_j1550_564,XTE J1550-564,XTE_J1550-564,BH,BH,40401,4,51220.66429,3166.0,406.0,AO4/P40401/40401-01-35-01,explicit_designation_and_independent_catalog_position,high,0.0443603657467968,237.67,-56.46,archived,ACCEPTED_CANDIDATE,data/provenance/reconstruction/query_xte_j1550_564.json,,chronological_even_rank_cap32_v1,False
40401-01-43-00,xte_j1550_564,XTE J1550-564,XTE_J1550-564,BH,BH,40401,4,51231.41816,3780.0,3178.0,AO4/P40401/40401-01-43-00,explicit_designation_and_independent_catalog_position,high,0.0443603657467968,237.67,-56.46,archived,ACCEPTED_CANDIDATE,data/provenance/reconstruction/query_xte_j1550_564.json,,chronological_even_rank_cap32_v1,False
40401-01-53-00,xte_j1550_564,XTE J1550-564,XTE_J1550-564,BH,BH,40401,4,51245.35022,3742.0,2773.0,AO4/P40401/40401-01-53-00,explicit_designation_and_independent_catalog_position,high,0.0443603657467968,237.67,-56.46,archived,ACCEPTED_CANDIDATE,data/provenance/reconstruction/query_xte_j1550_564.json,,chronological_even_rank_cap32_v1,False
40401-01-60-00,xte_j1550_564,XTE J1550-564,XTE_J1550-564,BH,BH,40401,4,51257.35889,3678.0,623.0,AO4/P40401/40401-01-60-00,explicit_designation_and_independent_catalog_position,high,0.0443603657467968,237.67,-56.46,archived,ACCEPTED_CANDIDATE,data/provenance/reconstruction/query_xte_j1550_564.json,,chronological_even_rank_cap32_v1,False
40401-01-70-00,xte_j1550_564,XTE J1550-564,XTE_J1550-564,BH,BH,40401,4,51269.67432,5788.0,3606.0,AO4/P40401/40401-01-70-00,explicit_designation_and_independent_catalog_position,high,0.0443603657467968,237.67,-56.46,archived,ACCEPTED_CANDIDATE,data/provenance/reconstruction/query_xte_j1550_564.json,,chronological_even_rank_cap32_v1,True
40401-01-80-00,xte_j1550_564,XTE J1550-564,XTE_J1550-564,BH,BH,40401,4,51283.21505,2337.0,1299.0,AO4/P40401/40401-01-80-00,explicit_designation_and_independent_catalog_position,high,0.0443603657467968,237.67,-56.46,archived,ACCEPTED_CANDIDATE,data/provenance/reconstruction/query_xte_j1550_564.json,,chronological_even_rank_cap32_v1,False
40401-01-82-04,xte_j1550_564,XTE J1550-564,XTE_J1550-564,BH,BH,40401,4,51287.51858,959.0,511.0,AO4/P40401/40401-01-82-04,explicit_designation_and_independent_catalog_position,high,0.0443603657467968,237.67,-56.46,archived,ACCEPTED_CANDIDATE,data/provenance/reconstruction/query_xte_j1550_564.json,,chronological_even_rank_cap32_v1,False
40401-01-90-01,xte_j1550_564,XTE J1550-564,XTE_J1550-564,BH,BH,40401,4,51298.04652,1753.0,1079.0,AO4/P40401/40401-01-90-01,explicit_designation_and_independent_catalog_position,high,0.0443603657467968,237.67,-56.46,archived,ACCEPTED_CANDIDATE,data/provenance/reconstruction/query_xte_j1550_564.json,,chronological_even_rank_cap32_v1,False
40401-01-96-01,xte_j1550_564,XTE J1550-564,XTE_J1550-564,BH,BH,40401,4,51307.38598,3371.0,2003.0,AO4/P40401/40401-01-96-01,explicit_designation_and_independent_catalog_position,high,0.0443603657467968,237.67,-56.46,archived,ACCEPTED_CANDIDATE,data/provenance/reconstruction/query_xte_j1550_564.json,,chronological_even_rank_cap32_v1,False
50137-02-04-01,xte_j1550_564,XTE J1550-564,XTE_J1550-564,BH,BH,50137,5,51651.37495,6315.0,4149.0,AO5/P50137/50137-02-04-01,explicit_designation_and_independent_catalog_position,high,0.0443603657467968,237.67,-56.46,archived,ACCEPTED_CANDIDATE,data/provenance/reconstruction/query_xte_j1550_564.json,,chronological_even_rank_cap32_v1,False
50134-02-04-01,xte_j1550_564,XTE J1550-564,XTE_J1550-564,BH,BH,50134,5,51668.824,4108.0,2990.0,AO5/P50134/50134-02-04-01,explicit_designation_and_independent_catalog_position,high,0.0443603657467968,237.67,-56.46,archived,ACCEPTED_CANDIDATE,data/provenance/reconstruction/query_xte_j1550_564.json,,chronological_even_rank_cap32_v1,False
50134-01-05-00,xte_j1550_564,XTE J1550-564,XTE_J1550-564,BH,BH,50134,5,51678.44781,4550.0,2478.0,AO5/P50134/50134-01-05-00,explicit_designation_and_independent_catalog_position,high,0.0443603657467968,237.67,-56.46,archived,ACCEPTED_CANDIDATE,data/provenance/reconstruction/query_xte_j1550_564.json,,chronological_even_rank_cap32_v1,False
50135-01-11-00,xte_j1550_564,XTE J1550-564,XTE_J1550-564,BH,BH,50135,5,51695.25215,3267.0,1724.0,AO5/P50135/50135-01-11-00,explicit_designation_and_independent_catalog_position,high,0.0443603657467968,237.67,-56.46,archived,ACCEPTED_CANDIDATE,data/provenance/reconstruction/query_xte_j1550_564.json,,chronological_even_rank_cap32_v1,False
50135-01-22-00,xte_j1550_564,XTE J1550-564,XTE_J1550-564,BH,BH,50135,5,51714.77531,2202.0,1504.0,AO5/P50135/50135-01-22-00,explicit_designation_and_independent_catalog_position,high,0.0443603657467968,237.67,-56.46,archived,ACCEPTED_CANDIDATE,data/provenance/reconstruction/query_xte_j1550_564.json,,chronological_even_rank_cap32_v1,False
50135-01-28-00,xte_j1550_564,XTE J1550-564,XTE_J1550-564,BH,BH,50135,5,51732.27684,3525.0,2318.0,AO5/P50135/50135-01-28-00,explicit_designation_and_independent_catalog_position,high,0.0443603657467968,237.67,-56.46,archived,ACCEPTED_CANDIDATE,data/provenance/reconstruction/query_xte_j1550_564.json,,chronological_even_rank_cap32_v1,False
50137-02-12-00,xte_j1550_564,XTE J1550-564,XTE_J1550-564,BH,BH,50137,5,51948.50186,3324.0,1358.0,AO5/P50137/50137-02-12-00,explicit_designation_and_independent_catalog_position,high,0.0443603657467968,237.67,-56.46,archived,ACCEPTED_CANDIDATE,data/provenance/reconstruction/query_xte_j1550_564.json,,chronological_even_rank_cap32_v1,False
60428-01-09-00,xte_j1550_564,XTE J1550-564,XTE_J1550-564,BH,BH,60428,6,52300.98077,3079.0,2480.0,AO6/P60428/60428-01-09-00,explicit_designation_and_independent_catalog_position,high,0.0008998233495248,237.746,-56.476,archived,ACCEPTED_CANDIDATE,data/provenance/reconstruction/query_xte_j1550_564.json,,chronological_even_rank_cap32_v1,False
60428-01-20-00,xte_j1550_564,XTE J1550-564,XTE_J1550-564,BH,BH,60428,6,52328.5219,2262.0,1791.0,AO6/P60428/60428-01-20-00,explicit_designation_and_independent_catalog_position,high,0.0008998233495248,237.746,-56.476,archived,ACCEPTED_CANDIDATE,data/provenance/reconstruction/query_xte_j1550_564.json,,chronological_even_rank_cap32_v1,False
80135-01-04-01,xte_j1550_564,XTE J1550-564,XTE_J1550-564,BH,BH,80135,8,52740.49568,21540.0,14063.0,AO8/P80135/80135-01-04-01,explicit_designation_and_independent_catalog_position,high,0.0008998233495248,237.746,-56.476,archived,ACCEPTED_CANDIDATE,data/provenance/reconstruction/query_xte_j1550_564.json,,chronological_even_rank_cap32_v1,False
80412-01-02-00,xte_j1550_564,XTE J1550-564,XTE_J1550-564,BH,BH,80412,8,52781.47504,1243.0,591.0,AO8/P80412/80412-01-02-00,explicit_designation_and_independent_catalog_position,high,0.0008998233495248,237.746,-56.476,archived,ACCEPTED_CANDIDATE,data/provenance/reconstruction/query_xte_j1550_564.json,,chronological_even_rank_cap32_v1,True
40124-01-11-00,xte_j1859_226,XTE J1859+226,XTE_J1859+226,BH,BH,40124,4,51466.88615,3572.0,1433.0,AO4/P40124/40124-01-11-00,explicit_designation_and_independent_catalog_position,high,0.025345722266442,284.646,22.655,archived,ACCEPTED_CANDIDATE,data/provenance/reconstruction/query_xte_j1859_226.json,,chronological_even_rank_cap32_v1,True
40122-01-01-03,xte_j1859_226,XTE J1859+226,XTE_J1859+226,BH,BH,40122,4,51469.08899,4080.0,2623.0,AO4/P40122/40122-01-01-03,explicit_designation_and_independent_catalog_position,high,0.0002846095462979,284.673,22.658,archived,ACCEPTED_CANDIDATE,data/provenance/reconstruction/query_xte_j1859_226.json,,chronological_even_rank_cap32_v1,False
40124-01-16-00,xte_j1859_226,XTE J1859+226,XTE_J1859+226,BH,BH,40124,4,51469.48752,3666.0,2752.0,AO4/P40124/40124-01-16-00,explicit_designation_and_independent_catalog_position,high,0.0002846095462979,284.673,22.658,archived,ACCEPTED_CANDIDATE,data/provenance/reconstruction/query_xte_j1859_226.json,,chronological_even_rank_cap32_v1,False
40124-01-20-00,xte_j1859_226,XTE J1859+226,XTE_J1859+226,BH,BH,40124,4,51471.8862,3419.0,1364.0,AO4/P40124/40124-01-20-00,explicit_designation_and_independent_catalog_position,high,0.0002846095462979,284.673,22.658,archived,ACCEPTED_CANDIDATE,data/provenance/reconstruction/query_xte_j1859_226.json,,chronological_even_rank_cap32_v1,False
40124-01-15-01,xte_j1859_226,XTE J1859+226,XTE_J1859+226,BH,BH,40124,4,51473.49709,1549.0,,AO4/P40124/40124-01-15-01,explicit_designation_and_independent_catalog_position,high,0.0002846095462979,284.673,22.658,archived,ACCEPTED_CANDIDATE,data/provenance/reconstruction/query_xte_j1859_226.json,,chronological_even_rank_cap32_v1,False
40124-01-15-03,xte_j1859_226,XTE J1859+226,XTE_J1859+226,BH,BH,40124,4,51474.28457,1380.0,923.0,AO4/P40124/40124-01-15-03,explicit_designation_and_independent_catalog_position,high,0.0002846095462979,284.673,22.658,archived,ACCEPTED_CANDIDATE,data/provenance/reconstruction/query_xte_j1859_226.json,,chronological_even_rank_cap32_v1,False
40124-01-27-00,xte_j1859_226,XTE J1859+226,XTE_J1859+226,BH,BH,40124,4,51475.42242,1610.0,1197.0,AO4/P40124/40124-01-27-00,explicit_designation_and_independent_catalog_position,high,0.0002846095462979,284.673,22.658,archived,ACCEPTED_CANDIDATE,data/provenance/reconstruction/query_xte_j1859_226.json,,chronological_even_rank_cap32_v1,False
40124-01-30-00,xte_j1859_226,XTE J1859+226,XTE_J1859+226,BH,BH,40124,4,51478.0082,5200.0,2843.0,AO4/P40124/40124-01-30-00,explicit_designation_and_independent_catalog_position,high,0.0002846095462979,284.673,22.658,archived,ACCEPTED_CANDIDATE,data/provenance/reconstruction/query_xte_j1859_226.json,,chronological_even_rank_cap32_v1,False
40124-01-33-00,xte_j1859_226,XTE J1859+226,XTE_J1859+226,BH,BH,40124,4,51480.34211,2407.0,1417.0,AO4/P40124/40124-01-33-00,explicit_designation_and_independent_catalog_position,high,0.0002846095462979,284.673,22.658,archived,ACCEPTED_CANDIDATE,data/provenance/reconstruction/query_xte_j1859_226.json,,chronological_even_rank_cap32_v1,False
40124-01-35-02,xte_j1859_226,XTE J1859+226,XTE_J1859+226,BH,BH,40124,4,51481.90073,1182.0,470.0,AO4/P40124/40124-01-35-02,explicit_designation_and_independent_catalog_position,high,0.0002846095462979,284.673,22.658,archived,ACCEPTED_CANDIDATE,data/provenance/reconstruction/query_xte_j1859_226.json,,chronological_even_rank_cap32_v1,False
40124-01-36-00,xte_j1859_226,XTE J1859+226,XTE_J1859+226,BH,BH,40124,4,51483.10142,14198.0,8093.0,AO4/P40124/40124-01-36-00,explicit_designation_and_independent_catalog_position,high,0.0002846095462979,284.673,22.658,archived,ACCEPTED_CANDIDATE,data/provenance/reconstruction/query_xte_j1859_226.json,,chronological_even_rank_cap32_v1,False
40124-01-38-00,xte_j1859_226,XTE J1859+226,XTE_J1859+226,BH,BH,40124,4,51484.87161,10043.0,6282.0,AO4/P40124/40124-01-38-00,explicit_designation_and_independent_catalog_position,high,0.0002846095462979,284.673,22.658,archived,ACCEPTED_CANDIDATE,data/provenance/reconstruction/query_xte_j1859_226.json,,chronological_even_rank_cap32_v1,False
40124-01-40-01,xte_j1859_226,XTE J1859+226,XTE_J1859+226,BH,BH,40124,4,51486.86638,2016.0,1186.0,AO4/P40124/40124-01-40-01,explicit_designation_and_independent_catalog_position,high,0.0002846095462979,284.673,22.658,archived,ACCEPTED_CANDIDATE,data/provenance/reconstruction/query_xte_j1859_226.json,,chronological_even_rank_cap32_v1,False
40122-01-03-01,xte_j1859_226,XTE J1859+226,XTE_J1859+226,BH,BH,40122,4,51488.88689,3900.0,1603.0,AO4/P40122/40122-01-03-01,explicit_designation_and_independent_catalog_position,high,0.0002846095462979,284.673,22.658,archived,ACCEPTED_CANDIDATE,data/provenance/reconstruction/query_xte_j1859_226.json,,chronological_even_rank_cap32_v1,False
40124-01-46-00,xte_j1859_226,XTE J1859+226,XTE_J1859+226,BH,BH,40124,4,51492.39882,9346.0,5480.0,AO4/P40124/40124-01-46-00,explicit_designation_and_independent_catalog_position,high,0.0002846095462979,284.673,22.658,archived,ACCEPTED_CANDIDATE,data/provenance/reconstruction/query_xte_j1859_226.json,,chronological_even_rank_cap32_v1,False
40124-01-49-00,xte_j1859_226,XTE J1859+226,XTE_J1859+226,BH,BH,40124,4,51496.45608,3540.0,2485.0,AO4/P40124/40124-01-49-00,explicit_designation_and_independent_catalog_position,high,0.0002846095462979,284.673,22.658,archived,ACCEPTED_CANDIDATE,data/provenance/reconstruction/query_xte_j1859_226.json,,chronological_even_rank_cap32_v1,False
40124-01-51-00,xte_j1859_226,XTE J1859+226,XTE_J1859+226,BH,BH,40124,4,51501.37758,3540.0,2490.0,AO4/P40124/40124-01-51-00,explicit_designation_and_independent_catalog_position,high,0.0002846095462979,284.673,22.658,archived,ACCEPTED_CANDIDATE,data/provenance/reconstruction/query_xte_j1859_226.json,,chronological_even_rank_cap32_v1,True
40124-01-51-02,xte_j1859_226,XTE J1859+226,XTE_J1859+226,BH,BH,40124,4,51503.17329,8649.0,5452.0,AO4/P40124/40124-01-51-02,explicit_designation_and_independent_catalog_position,high,0.0002846095462979,284.673,22.658,archived,ACCEPTED_CANDIDATE,data/provenance/reconstruction/query_xte_j1859_226.json,,chronological_even_rank_cap32_v1,False
40124-01-52-02,xte_j1859_226,XTE J1859+226,XTE_J1859+226,BH,BH,40124,4,51506.23242,3180.0,2133.0,AO4/P40124/40124-01-52-02,explicit_designation_and_independent_catalog_position,high,0.0002846095462979,284.673,22.658,archived,ACCEPTED_CANDIDATE,data/provenance/reconstruction/query_xte_j1859_226.json,,chronological_even_rank_cap32_v1,False
40124-01-54-00,xte_j1859_226,XTE J1859+226,XTE_J1859+226,BH,BH,40124,4,51511.22341,3240.0,2191.0,AO4/P40124/40124-01-54-00,explicit_designation_and_independent_catalog_position,high,0.0002846095462979,284.673,22.658,archived,ACCEPTED_CANDIDATE,data/provenance/reconstruction/query_xte_j1859_226.json,,chronological_even_rank_cap32_v1,False
40124-01-55-00,xte_j1859_226,XTE J1859+226,XTE_J1859+226,BH,BH,40124,4,51515.21579,3360.0,2307.0,AO4/P40124/40124-01-55-00,explicit_designation_and_independent_catalog_position,high,0.0002846095462979,284.673,22.658,archived,ACCEPTED_CANDIDATE,data/provenance/reconstruction/query_xte_j1859_226.json,,chronological_even_rank_cap32_v1,False
40124-01-55-03,xte_j1859_226,XTE J1859+226,XTE_J1859+226,BH,BH,40124,4,51520.07418,2719.0,1939.0,AO4/P40124/40124-01-55-03,explicit_designation_and_independent_catalog_position,high,0.0002846095462979,284.673,22.658,archived,ACCEPTED_CANDIDATE,data/provenance/reconstruction/query_xte_j1859_226.json,,chronological_even_rank_cap32_v1,False
40124-01-57-01,xte_j1859_226,XTE J1859+226,XTE_J1859+226,BH,BH,40124,4,51523.93465,3780.0,2532.0,AO4/P40124/40124-01-57-01,explicit_designation_and_independent_catalog_position,high,0.0002846095462979,284.673,22.658,archived,ACCEPTED_CANDIDATE,data/provenance/reconstruction/query_xte_j1859_226.json,,chronological_even_rank_cap32_v1,False
40124-01-58-03,xte_j1859_226,XTE J1859+226,XTE_J1859+226,BH,BH,40124,4,51527.72986,3228.0,1199.0,AO4/P40124/40124-01-58-03,explicit_designation_and_independent_catalog_position,high,0.0002846095462979,284.673,22.658,archived,ACCEPTED_CANDIDATE,data/provenance/reconstruction/query_xte_j1859_226.json,,chronological_even_rank_cap32_v1,False
40124-01-61-00,xte_j1859_226,XTE J1859+226,XTE_J1859+226,BH,BH,40124,4,51546.02748,6718.0,3350.0,AO4/P40124/40124-01-61-00,explicit_designation_and_independent_catalog_position,high,0.0002846095462979,284.673,22.658,archived,ACCEPTED_CANDIDATE,data/provenance/reconstruction/query_xte_j1859_226.json,,chronological_even_rank_cap32_v1,False
40124-01-63-00,xte_j1859_226,XTE J1859+226,XTE_J1859+226,BH,BH,40124,4,51560.13799,6396.0,3455.0,AO4/P40124/40124-01-63-00,explicit_designation_and_independent_catalog_position,high,0.0002846095462979,284.673,22.658,archived,ACCEPTED_CANDIDATE,data/provenance/reconstruction/query_xte_j1859_226.json,,chronological_even_rank_cap32_v1,False
40124-01-65-00,xte_j1859_226,XTE J1859+226,XTE_J1859+226,BH,BH,40124,4,51573.77434,4080.0,2453.0,AO4/P40124/40124-01-65-00,explicit_designation_and_independent_catalog_position,high,0.0002846095462979,284.673,22.658,archived,ACCEPTED_CANDIDATE,data/provenance/reconstruction/query_xte_j1859_226.json,,chronological_even_rank_cap32_v1,False
40124-01-66-01,xte_j1859_226,XTE J1859+226,XTE_J1859+226,BH,BH,40124,4,51587.61649,2219.0,1348.0,AO4/P40124/40124-01-66-01,explicit_designation_and_independent_catalog_position,high,0.0002846095462979,284.673,22.658,archived,ACCEPTED_CANDIDATE,data/provenance/reconstruction/query_xte_j1859_226.json,,chronological_even_rank_cap32_v1,False
40440-01-03-00,xte_j1859_226,XTE J1859+226,XTE_J1859+226,BH,BH,40440,4,51600.85303,5656.0,3136.0,AO4/P40440/40440-01-03-00,explicit_designation_and_independent_catalog_position,high,0.0002846095462979,284.673,22.658,archived,ACCEPTED_CANDIDATE,data/provenance/reconstruction/query_xte_j1859_226.json,,chronological_even_rank_cap32_v1,False
50401-01-02-00,xte_j1859_226,XTE J1859+226,XTE_J1859+226,BH,BH,50401,5,51619.87541,4405.0,3407.0,AO5/P50401/50401-01-02-00,explicit_designation_and_independent_catalog_position,high,0.0002846095462979,284.673,22.658,archived,ACCEPTED_CANDIDATE,data/provenance/reconstruction/query_xte_j1859_226.json,,chronological_even_rank_cap32_v1,False
50401-01-05-00,xte_j1859_226,XTE J1859+226,XTE_J1859+226,BH,BH,50401,5,51733.47642,416.0,,AO5/P50401/50401-01-05-00,explicit_designation_and_independent_catalog_position,high,0.0002846095462979,284.673,22.658,archived,ACCEPTED_CANDIDATE,data/provenance/reconstruction/query_xte_j1859_226.json,,chronological_even_rank_cap32_v1,False
50401-01-06-01,xte_j1859_226,XTE J1859+226,XTE_J1859+226,BH,BH,50401,5,51749.18411,2880.0,1303.0,AO5/P50401/50401-01-06-01,explicit_designation_and_independent_catalog_position,high,0.0002846095462979,284.673,22.658,archived,ACCEPTED_CANDIDATE,data/provenance/reconstruction/query_xte_j1859_226.json,,chronological_even_rank_cap32_v1,True
