provenance_record_id,observation_id,rxte_obsid,source_id,status,original_location,raw_path,raw_sha256,product_path,product_sha256,acquisition_date,preprocessing_method,feature_extraction_version,source_mapping_reference,source_mapping_status,flux_units,error_units,error_definition,zero_error_policy,zero_error_reason,energy_grid_id,pm_definition_id,processing_log_path,processing_log_sha256
10093-01-01-01,10093-01-01-01,10093-01-01-01,4u_1608_522,verified,https://heasarc.gsfc.nasa.gov/FTP/xte/data/archive/AO1/P10093/10093-01-01-01/stdprod/xp10093010101_s2.pha.gz,/Users/youhanwanigasuriya/Documents/New project/bh_ns_source_generalization/data/raw/rxte/10093-01-01-01/source-d2a55f3e77a0.bin,d2a55f3e77a093b6cb35c19c54b515d91aabc91af59f0f23e36539ef75af4863,data/processed/native/10093-01-01-01.npz,b22d4884a8e5c92d9b7c69a6e3bfa0583da235cd8e4ae725383fe90c5031476a,2026-09-22T10:55:30.005189+00:00,PCA_OGIP_RATE43_OVERLAP_V1,PCA_OGIP_RATE43_OVERLAP_V1,data/raw/rxte/10093-01-01-01/acquisition.json,verified,recorded count/s/selected PCU/output bin,recorded count/s/selected PCU/output bin,Propagated archive statistical covariance; calibration/background systematics excluded,no artificial replacements,,2b1a4d42c88ddc69243eda93a56a3ef6450cf867f748ebfc28244795b93cf70f,,data/provenance/rxte_processing/10093-01-01-01.json,65490a65ddfaf30cd9df53dd33d3fcb08ba4db71cd2564a44aafb1dc7bf4f1a0
10095-01-01-00,10095-01-01-00,10095-01-01-00,4u_0614_09,verified,https://heasarc.gsfc.nasa.gov/FTP/xte/data/archive/AO1/P10095/10095-01-01-00/stdprod/xp10095010100_s2.pha.gz,/Users/youhanwanigasuriya/Documents/New project/bh_ns_source_generalization/data/raw/rxte/10095-01-01-00/source-dd21ab944ee8.bin,dd21ab944ee88f91f682967f2bdff47ddcc25d6f9ebe3dad9ec2c4e96fb5b2f1,data/processed/native/10095-01-01-00.npz,28aeda40add6ac2440da32fb15a3c7ba502ea6795ef3a380761ab33b72e6b8bf,2026-09-22T10:55:16.933203+00:00,PCA_OGIP_RATE43_OVERLAP_V1,PCA_OGIP_RATE43_OVERLAP_V1,data/raw/rxte/10095-01-01-00/acquisition.json,verified,recorded count/s/selected PCU/output bin,recorded count/s/selected PCU/output bin,Propagated archive statistical covariance; calibration/background systematics excluded,no artificial replacements,,206be9b73c643bfce9e81126c20e590e878559b17ffe2e462a60eb58cd11edd8,,data/provenance/rxte_processing/10095-01-01-00.json,a13a8f829b9055f68064d776e40855944f507539934d6988174519d23d41cbe7
10410-01-01-00,10410-01-01-00,10410-01-01-00,4u_1728_34,verified,https://heasarc.gsfc.nasa.gov/FTP/xte/data/archive/AO1/P10410/10410-01-01-00/stdprod/xp10410010100_s2.pha.gz,/Users/youhanwanigasuriya/Documents/New project/bh_ns_source_generalization/data/raw/rxte/10410-01-01-00/source-8e693441e2c8.bin,8e693441e2c8de6b4a07abb9f55cd94dd9c141d4530dc9c9ad64925c65dd90c2,data/processed/native/10410-01-01-00.npz,4ac4949ba85f917a474e40b522425d744fa5616eca97e2eea33734b35d17e92d,2026-09-22T10:55:52.228625+00:00,PCA_OGIP_RATE43_OVERLAP_V1,PCA_OGIP_RATE43_OVERLAP_V1,data/raw/rxte/10410-01-01-00/acquisition.json,verified,recorded count/s/selected PCU/output bin,recorded count/s/selected PCU/output bin,Propagated archive statistical covariance; calibration/background systematics excluded,no artificial replacements,,50008731cce7697a0a2694f8062654f69a13f5bed802b67486c79681bff8f1f8,,data/provenance/rxte_processing/10410-01-01-00.json,b33d36f1fa9927ce60d76a1ff6ff84a6dbdc46a37c392b404cdb89d98a8455e2
10416-01-01-00,10416-01-01-00,10416-01-01-00,ks_1731_260,verified,https://heasarc.gsfc.nasa.gov/FTP/xte/data/archive/AO1/P10416/10416-01-01-00/stdprod/xp10416010100_s2.pha.gz,/Users/youhanwanigasuriya/Documents/New project/bh_ns_source_generalization/data/raw/rxte/10416-01-01-00/source-475783745a11.bin,475783745a114472e22cc53d0ed627e5153ac083ef3126549bd65b353b87fbf2,data/processed/native/10416-01-01-00.npz,6c8320787d22d0e033078732211717d415447c5d1072fa10f44d18ac0c212f74,2026-09-22T10:56:29.733575+00:00,PCA_OGIP_RATE43_OVERLAP_V1,PCA_OGIP_RATE43_OVERLAP_V1,data/raw/rxte/10416-01-01-00/acquisition.json,verified,recorded count/s/selected PCU/output bin,recorded count/s/selected PCU/output bin,Propagated archive statistical covariance; calibration/background systematics excluded,no artificial replacements,,d33fc9eeb85897b3d7828d69728a6392f65e823b67cd03c0cd59497781c67cda,,data/provenance/rxte_processing/10416-01-01-00.json,fad333bea5365e5fd4c0edd201096c04d3742f82bb7bcd175812afafd204d332
10416-01-03-00,10416-01-03-00,10416-01-03-00,ks_1731_260,verified,https://heasarc.gsfc.nasa.gov/FTP/xte/data/archive/AO1/P10416/10416-01-03-00/stdprod/xp10416010300_s2.pha.gz,/Users/youhanwanigasuriya/Documents/New project/bh_ns_source_generalization/data/raw/rxte/10416-01-03-00/source-34435f581bd8.bin,34435f581bd8674926168dfb0f9ec58b4dc89e0bd95c59e43d40dc58e193f68e,data/processed/native/10416-01-03-00.npz,30ba8dbce98932e0cfcb35028573e1654a44a46d76821fca27206e75ae008bb5,2026-09-22T11:14:30.149701+00:00,PCA_OGIP_RATE43_OVERLAP_V1,PCA_OGIP_RATE43_OVERLAP_V1,data/raw/rxte/10416-01-03-00/acquisition.json,verified,recorded count/s/selected PCU/output bin,recorded count/s/selected PCU/output bin,Propagated archive statistical covariance; calibration/background systematics excluded,no artificial replacements,,153a69f33a0ea57a994a92c5c332a466959dcb1404d81893acb993a94c547da5,,data/provenance/rxte_processing/10416-01-03-00.json,2f9ae76db8459fa8eebd7761dfd5251da0f09e7945d43bd3d986d40d207c0ae6
10420-01-01-00,10420-01-01-00,10420-01-01-00,gx_339_4,verified,https://heasarc.gsfc.nasa.gov/FTP/xte/data/archive/AO1/P10420/10420-01-01-00/stdprod/xp10420010100_s2.pha.gz,/Users/youhanwanigasuriya/Documents/New project/bh_ns_source_generalization/data/raw/rxte/10420-01-01-00/source-2c7f8ffcc06e.bin,2c7f8ffcc06e61f7f087867388c721d063cb1654885fcbd749effc6ae337030c,data/processed/native/10420-01-01-00.npz,bbcaf1b630ac8b5ffb25cbfff76266e6b4a9599d7f185bcf2903f488193fe7ff,2026-09-22T10:56:16.871421+00:00,PCA_OGIP_RATE43_OVERLAP_V1,PCA_OGIP_RATE43_OVERLAP_V1,data/raw/rxte/10420-01-01-00/acquisition.json,verified,recorded count/s/selected PCU/output bin,recorded count/s/selected PCU/output bin,Propagated archive statistical covariance; calibration/background systematics excluded,no artificial replacements,,822861d489eac2cd21f7ebd6dac5ea7e40f1fada335f8822b772c8b785b1ed6d,,data/provenance/rxte_processing/10420-01-01-00.json,7b1641088162c5bc0b16c44eb1340bff8c2170943f16f4bc1c3c2ee0a6cc46c5
20053-04-01-01,20053-04-01-01,20053-04-01-01,cyg_x_2,verified,https://heasarc.gsfc.nasa.gov/FTP/xte/data/archive/AO2/P20053/20053-04-01-01/stdprod/xp20053040101_s2.pha.gz,/Users/youhanwanigasuriya/Documents/New project/bh_ns_source_generalization/data/raw/rxte/20053-04-01-01/source-2a9de93f3049.bin,2a9de93f30493f8e1593cc431b5ad4148ab138e2cf339092e98f6da3cd3cddd6,data/processed/native/20053-04-01-01.npz,e98946cefa76595bf1408bdf97d74b4ddf02ea0185f79c934d441346f10029f0,2026-09-22T11:10:41.507501+00:00,PCA_OGIP_RATE43_OVERLAP_V1,PCA_OGIP_RATE43_OVERLAP_V1,data/raw/rxte/20053-04-01-01/acquisition.json,verified,recorded count/s/selected PCU/output bin,recorded count/s/selected PCU/output bin,Propagated archive statistical covariance; calibration/background systematics excluded,no artificial replacements,,6c02fb94c2ab8c2248b117e358c0198510a14d0ea4492ae4d67d84bd7fcfb528,,data/provenance/rxte_processing/20053-04-01-01.json,67ef4d26898ae91fe549de193f5ed000abc9ac44f01bd1b59eefea59f45b935d
20084-01-01-00,20084-01-01-00,20084-01-01-00,4u_1735_444,verified,https://heasarc.gsfc.nasa.gov/FTP/xte/data/archive/AO2/P20084/20084-01-01-00/stdprod/xp20084010100_s2.pha.gz,/Users/youhanwanigasuriya/Documents/New project/bh_ns_source_generalization/data/raw/rxte/20084-01-01-00/source-de40a05c7ae4.bin,de40a05c7ae4fbf28f7efd42bb98543001a4a927b7f97c2d85504a5fb07b8b37,data/processed/native/20084-01-01-00.npz,b64a5383b0d3061fa9db8f141de1367d189e2ba5ec32064ccb332fa8df64d83e,2026-09-22T10:55:59.304498+00:00,PCA_OGIP_RATE43_OVERLAP_V1,PCA_OGIP_RATE43_OVERLAP_V1,data/raw/rxte/20084-01-01-00/acquisition.json,verified,recorded count/s/selected PCU/output bin,recorded count/s/selected PCU/output bin,Propagated archive statistical covariance; calibration/background systematics excluded,no artificial replacements,,0a8d8222f78a42900fdd103778f592c96967263c71711d631455c9b62dba2236,,data/provenance/rxte_processing/20084-01-01-00.json,82b06eec9115ab3239c3218afedfa82972d272a790fedb98e1f9d4b1f4dc0e1d
20084-01-02-03,20084-01-02-03,20084-01-02-03,4u_1735_444,verified,https://heasarc.gsfc.nasa.gov/FTP/xte/data/archive/AO2/P20084/20084-01-02-03/stdprod/xp20084010203_s2.pha.gz,/Users/youhanwanigasuriya/Documents/New project/bh_ns_source_generalization/data/raw/rxte/20084-01-02-03/source-afa7ee744f75.bin,afa7ee744f75d3928a488ac0172c9f97b3e1abcabd710db4b28d357a238d3d7d,data/processed/native/20084-01-02-03.npz,b81e7ed108c0422a2813c1b465db078346bb31b2d97760ce7b67b55555e4c089,2026-09-22T11:08:25.206392+00:00,PCA_OGIP_RATE43_OVERLAP_V1,PCA_OGIP_RATE43_OVERLAP_V1,data/raw/rxte/20084-01-02-03/acquisition.json,verified,recorded count/s/selected PCU/output bin,recorded count/s/selected PCU/output bin,Propagated archive statistical covariance; calibration/background systematics excluded,no artificial replacements,,b39fbc440fa6e6c4664f3676eaab7f3d4870149d48656e773be3c9c0408ae4e7,,data/provenance/rxte_processing/20084-01-02-03.json,611dcd66fb418b33a60845a6c99fb7e0fb4512f692b86718c0a512fd236d0a7d
20084-02-01-00,20084-02-01-00,20084-02-01-00,4u_1702_429,verified,https://heasarc.gsfc.nasa.gov/FTP/xte/data/archive/AO2/P20084/20084-02-01-00/stdprod/xp20084020100_s2.pha.gz,/Users/youhanwanigasuriya/Documents/New project/bh_ns_source_generalization/data/raw/rxte/20084-02-01-00/source-17eef7dec1ec.bin,17eef7dec1ec2e5ba6dd0e32db853fec61f0d987a6e25052cdfa2a156e28921c,data/processed/native/20084-02-01-00.npz,22ab29d05f5bd2db2db1cb97127dbb5e482232d06ae81ded4eed0c1f2125f8b9,2026-09-22T10:55:40.650016+00:00,PCA_OGIP_RATE43_OVERLAP_V1,PCA_OGIP_RATE43_OVERLAP_V1,data/raw/rxte/20084-02-01-00/acquisition.json,verified,recorded count/s/selected PCU/output bin,recorded count/s/selected PCU/output bin,Propagated archive statistical covariance; calibration/background systematics excluded,no artificial replacements,,7af003d30e5a0006d68fcfade1ccbc279683131d7c7c6c391a582fc4baf00959,,data/provenance/rxte_processing/20084-02-01-00.json,2f0f2e2c5738e5ba8c5beae9e6ad98861f63f5d632534336d756d00a5ec9b1d4
20084-02-01-03,20084-02-01-03,20084-02-01-03,4u_1702_429,verified,https://heasarc.gsfc.nasa.gov/FTP/xte/data/archive/AO2/P20084/20084-02-01-03/stdprod/xp20084020103_s2.pha.gz,/Users/youhanwanigasuriya/Documents/New project/bh_ns_source_generalization/data/raw/rxte/20084-02-01-03/source-93f5469fccdd.bin,93f5469fccdd5531e3051d018f635424d43377961b2ccd70dab5a674a8a796c1,data/processed/native/20084-02-01-03.npz,49e8c83959fc7ba831c3dbbeafdbe51af2a8dd0c004f776ffc66c8bcc0bbcb9f,2026-09-22T11:05:52.698926+00:00,PCA_OGIP_RATE43_OVERLAP_V1,PCA_OGIP_RATE43_OVERLAP_V1,data/raw/rxte/20084-02-01-03/acquisition.json,verified,recorded count/s/selected PCU/output bin,recorded count/s/selected PCU/output bin,Propagated archive statistical covariance; calibration/background systematics excluded,no artificial replacements,,97ea569ce8d70f65f0e1a328eec54958d55336d0b99e8da58cbe113912f27360,,data/provenance/rxte_processing/20084-02-01-03.json,11d00eb5d009eaf1fb6bfb0ac0899bed3d6efb24e41fb3bc3e4315ec11143ef6
20084-02-02-01,20084-02-02-01,20084-02-02-01,4u_1702_429,verified,https://heasarc.gsfc.nasa.gov/FTP/xte/data/archive/AO2/P20084/20084-02-02-01/stdprod/xp20084020201_s2.pha.gz,/Users/youhanwanigasuriya/Documents/New project/bh_ns_source_generalization/data/raw/rxte/20084-02-02-01/source-7b5916c24779.bin,7b5916c2477910a202573abad3d2841d6baae335c7a88a14a84c7f9caafd686e,data/processed/native/20084-02-02-01.npz,41983b4e39ba56b0435041dc5120d7f060c7b8f37a320e3276cd978e4d35e24f,2026-09-22T11:05:55.459452+00:00,PCA_OGIP_RATE43_OVERLAP_V1,PCA_OGIP_RATE43_OVERLAP_V1,data/raw/rxte/20084-02-02-01/acquisition.json,verified,recorded count/s/selected PCU/output bin,recorded count/s/selected PCU/output bin,Propagated archive statistical covariance; calibration/background systematics excluded,no artificial replacements,,97ea569ce8d70f65f0e1a328eec54958d55336d0b99e8da58cbe113912f27360,,data/provenance/rxte_processing/20084-02-02-01.json,04efb11f6adaff6ee93ef510d47a7cb3d25c25c2c6e3e5f1adbca1576fe6128c
20089-02-01-00,20089-02-01-00,20089-02-01-00,slx_1735_269,verified,https://heasarc.gsfc.nasa.gov/FTP/xte/data/archive/AO2/P20089/20089-02-01-00/stdprod/xp20089020100_s2.pha.gz,/Users/youhanwanigasuriya/Documents/New project/bh_ns_source_generalization/data/raw/rxte/20089-02-01-00/source-b24bcc990345.bin,b24bcc990345292873037eaf09043c4e3c216da1433e3b2f989ef08667650143,data/processed/native/20089-02-01-00.npz,dad3f13a70f892b1d143cba77d7ef4b0edf27add17aba090e68452171d1692a4,2026-09-22T11:20:19.904320+00:00,PCA_OGIP_RATE43_OVERLAP_V1,PCA_OGIP_RATE43_OVERLAP_V1,data/raw/rxte/20089-02-01-00/acquisition.json,verified,recorded count/s/selected PCU/output bin,recorded count/s/selected PCU/output bin,Propagated archive statistical covariance; calibration/background systematics excluded,no artificial replacements,,edd54ab4ef7f270700e553616edf907d2e87e836851776be88796581ca4a682c,,data/provenance/rxte_processing/20089-02-01-00.json,810e980d80c0adc28139994d8703beca2c600813422d2ce1323c9f2b680dbc01
20092-01-02-02,20092-01-02-02,20092-01-02-02,aql_x_1,verified,https://heasarc.gsfc.nasa.gov/FTP/xte/data/archive/AO2/P20092/20092-01-02-02/stdprod/xp20092010202_s2.pha.gz,/Users/youhanwanigasuriya/Documents/New project/bh_ns_source_generalization/data/raw/rxte/20092-01-02-02/source-37d91842f397.bin,37d91842f39721fcf90ae04304c1cb252ff428159583202c88a125ac8ba1d4f3,data/processed/native/20092-01-02-02.npz,201ee0079d11f9a3362546696fdcab400db0766723b101c054ef2d0eb1acc0a4,2026-09-22T11:09:43.708916+00:00,PCA_OGIP_RATE43_OVERLAP_V1,PCA_OGIP_RATE43_OVERLAP_V1,data/raw/rxte/20092-01-02-02/acquisition.json,verified,recorded count/s/selected PCU/output bin,recorded count/s/selected PCU/output bin,Propagated archive statistical covariance; calibration/background systematics excluded,no artificial replacements,,712287b664abb520f35198e5e16390a263a76c6f9f0875621f80d4559dfc49cf,,data/provenance/rxte_processing/20092-01-02-02.json,cdbc8286f6087b4172bce6c9b7d1e86503a6390511a3ea574d6530fbf812c857
20092-01-04-00,20092-01-04-00,20092-01-04-00,aql_x_1,verified,https://heasarc.gsfc.nasa.gov/FTP/xte/data/archive/AO2/P20092/20092-01-04-00/stdprod/xp20092010400_s2.pha.gz,/Users/youhanwanigasuriya/Documents/New project/bh_ns_source_generalization/data/raw/rxte/20092-01-04-00/source-b33903509ec0.bin,b33903509ec0c10a5edaa9f26d1fc9be58a43c8bf87c8449a85f40fafccc93c6,data/processed/native/20092-01-04-00.npz,dea91e9a3cb5ca054479f42e164668e0fb436b5e3a987cd89036750bfb43d799,2026-09-22T11:09:45.700260+00:00,PCA_OGIP_RATE43_OVERLAP_V1,PCA_OGIP_RATE43_OVERLAP_V1,data/raw/rxte/20092-01-04-00/acquisition.json,verified,recorded count/s/selected PCU/output bin,recorded count/s/selected PCU/output bin,Propagated archive statistical covariance; calibration/background systematics excluded,no artificial replacements,,b39fbc440fa6e6c4664f3676eaab7f3d4870149d48656e773be3c9c0408ae4e7,,data/provenance/rxte_processing/20092-01-04-00.json,972218a44151077a30ca7c9170dce66b4f7f34eff6d22757b13cdd34c66eff2e
20098-03-01-00,20098-03-01-00,20098-03-01-00,aql_x_1,verified,https://heasarc.gsfc.nasa.gov/FTP/xte/data/archive/AO2/P20098/20098-03-01-00/stdprod/xp20098030100_s2.pha.gz,/Users/youhanwanigasuriya/Documents/New project/bh_ns_source_generalization/data/raw/rxte/20098-03-01-00/source-35b2884006b4.bin,35b2884006b420ba5ff6c8ce8d243b7d610018c69fdad090d8a53e560b20570b,data/processed/native/20098-03-01-00.npz,27a15acbc213bcb31a64f69a9245fa37441daa6ac65962f41d5cce29d7950670,2026-09-22T10:56:09.113298+00:00,PCA_OGIP_RATE43_OVERLAP_V1,PCA_OGIP_RATE43_OVERLAP_V1,data/raw/rxte/20098-03-01-00/acquisition.json,verified,recorded count/s/selected PCU/output bin,recorded count/s/selected PCU/output bin,Propagated archive statistical covariance; calibration/background systematics excluded,no artificial replacements,,cf0de99acffb52f1a31e1643b9ed7edc5cfbac3aba7cad749987c78838c4e85a,,data/provenance/rxte_processing/20098-03-01-00.json,5c0fe97e2839860acb94d2a683654dd5855196820d9f08b6a6288ae8c4f1034b
20170-03-01-00,20170-03-01-00,20170-03-01-00,slx_1735_269,verified,https://heasarc.gsfc.nasa.gov/FTP/xte/data/archive/AO2/P20170/20170-03-01-00/stdprod/xp20170030100_s2.pha.gz,/Users/youhanwanigasuriya/Documents/New project/bh_ns_source_generalization/data/raw/rxte/20170-03-01-00/source-f192bf140690.bin,f192bf140690147e9e35cd4cb1f2cee2fb58fd56f5622247fbe2f1a48867af84,data/processed/native/20170-03-01-00.npz,efc1ece7f2bc8fc7e28c0887974b1f9775ec44b69b7d35f66d9b42adb9a3d30a,2026-09-22T10:57:00.879155+00:00,PCA_OGIP_RATE43_OVERLAP_V1,PCA_OGIP_RATE43_OVERLAP_V1,data/raw/rxte/20170-03-01-00/acquisition.json,verified,recorded count/s/selected PCU/output bin,recorded count/s/selected PCU/output bin,Propagated archive statistical covariance; calibration/background systematics excluded,no artificial replacements,,de32880a916a779502cae4cb0630047ed4bb515f207e5551c3f153f2937d75dd,,data/provenance/rxte_processing/20170-03-01-00.json,ddbbf0056f2a7fa65a9d3f0b2545714aaca7e23d4f8f0d08634e851a616298b1
20170-03-03-00,20170-03-03-00,20170-03-03-00,slx_1735_269,verified,https://heasarc.gsfc.nasa.gov/FTP/xte/data/archive/AO2/P20170/20170-03-03-00/stdprod/xp20170030300_s2.pha.gz,/Users/youhanwanigasuriya/Documents/New project/bh_ns_source_generalization/data/raw/rxte/20170-03-03-00/source-412d14033041.bin,412d140330419c4df518ea4c539170c35b10cf019b5975dcee23877deec2b82b,data/processed/native/20170-03-03-00.npz,d48fa42e3986a9aa2a957d994500d468e0bca6ac38f66a54fce9073f3e47af1a,2026-09-22T11:20:09.776200+00:00,PCA_OGIP_RATE43_OVERLAP_V1,PCA_OGIP_RATE43_OVERLAP_V1,data/raw/rxte/20170-03-03-00/acquisition.json,verified,recorded count/s/selected PCU/output bin,recorded count/s/selected PCU/output bin,Propagated archive statistical covariance; calibration/background systematics excluded,no artificial replacements,,26f1578c531ff7c8b905e82ffe53c973742fe8d0d68c17c306c86b11b57c2652,,data/provenance/rxte_processing/20170-03-03-00.json,a6a3ef22b72f207712cdc8dfaf11c3fc01f774aafaf2243698278c9b42bee279
20170-03-06-00,20170-03-06-00,20170-03-06-00,slx_1735_269,verified,https://heasarc.gsfc.nasa.gov/FTP/xte/data/archive/AO2/P20170/20170-03-06-00/stdprod/xp20170030600_s2.pha.gz,/Users/youhanwanigasuriya/Documents/New project/bh_ns_source_generalization/data/raw/rxte/20170-03-06-00/source-c37de84ca460.bin,c37de84ca4605a813ca96ffaeed90604e0bd636125d523134329e06ac23e2e99,data/processed/native/20170-03-06-00.npz,0992112659459f00e83d091fc8ab9743c8a4c7c79ae204f9f4164f57003c5ec1,2026-09-22T11:20:13.508116+00:00,PCA_OGIP_RATE43_OVERLAP_V1,PCA_OGIP_RATE43_OVERLAP_V1,data/raw/rxte/20170-03-06-00/acquisition.json,verified,recorded count/s/selected PCU/output bin,recorded count/s/selected PCU/output bin,Propagated archive statistical covariance; calibration/background systematics excluded,no artificial replacements,,83a134423ce643aa3cea8c6db0044788d503ab227b0f7f196993acdc6b4c740b,,data/provenance/rxte_processing/20170-03-06-00.json,b3fbb0a9d09bceb80725717e1a6949bea3026a9e935619ed6fca57eb419a12a7
20170-03-08-00,20170-03-08-00,20170-03-08-00,slx_1735_269,verified,https://heasarc.gsfc.nasa.gov/FTP/xte/data/archive/AO2/P20170/20170-03-08-00/stdprod/xp20170030800_s2.pha.gz,/Users/youhanwanigasuriya/Documents/New project/bh_ns_source_generalization/data/raw/rxte/20170-03-08-00/source-0aa2e8be6bdd.bin,0aa2e8be6bdd69adc0031d2ecec35e642220fc39df33e01b9a13f407689552e2,data/processed/native/20170-03-08-00.npz,716f7a540968b7314078c14b79dcebda5394eb201e9c71e82073105e6c5034a4,2026-09-22T11:20:18.706515+00:00,PCA_OGIP_RATE43_OVERLAP_V1,PCA_OGIP_RATE43_OVERLAP_V1,data/raw/rxte/20170-03-08-00/acquisition.json,verified,recorded count/s/selected PCU/output bin,recorded count/s/selected PCU/output bin,Propagated archive statistical covariance; calibration/background systematics excluded,no artificial replacements,,51340431f6c950fa5f0707e0cf240f584831b865c4b07624b3f8b5105c674574,,data/provenance/rxte_processing/20170-03-08-00.json,80f74f95e40ab42ead7d16cc76760b2c7046821970eb1d755be651d31fa47018
20170-03-11-00,20170-03-11-00,20170-03-11-00,slx_1735_269,verified,https://heasarc.gsfc.nasa.gov/FTP/xte/data/archive/AO2/P20170/20170-03-11-00/stdprod/xp20170031100_s2.pha.gz,/Users/youhanwanigasuriya/Documents/New project/bh_ns_source_generalization/data/raw/rxte/20170-03-11-00/source-dfe1d6c6e8c7.bin,dfe1d6c6e8c7bef5b7d8328b1ba7b6fbd5f6efecf7ac2dad98a59d9fefce71a8,data/processed/native/20170-03-11-00.npz,7d32cfeb6790be7925f7c4a2431a4e5fa9f1679aa37a47dbd66617e4f2e2aca7,2026-09-22T11:20:19.255611+00:00,PCA_OGIP_RATE43_OVERLAP_V1,PCA_OGIP_RATE43_OVERLAP_V1,data/raw/rxte/20170-03-11-00/acquisition.json,verified,recorded count/s/selected PCU/output bin,recorded count/s/selected PCU/output bin,Propagated archive statistical covariance; calibration/background systematics excluded,no artificial replacements,,536dfb794014c1b005512bf9bc89136b2b72c17d6788efeed5b6aad12b6b17f5,,data/provenance/rxte_processing/20170-03-11-00.json,38ea2cdda560b235ba01cbfea94c647b1acc593ce36bd25357979fb9eea43129
20428-01-01-03,20428-01-01-03,20428-01-01-03,4u_0614_09,verified,https://heasarc.gsfc.nasa.gov/FTP/xte/data/archive/AO2/P20428/20428-01-01-03/stdprod/xp20428010103_s2.pha.gz,/Users/youhanwanigasuriya/Documents/New project/bh_ns_source_generalization/data/raw/rxte/20428-01-01-03/source-df4b6f7dccb0.bin,df4b6f7dccb01308e09ddff9cec7d591b83aac9fff7f42b2ed0609b6258e1b8e,data/processed/native/20428-01-01-03.npz,9c972ce0199188c929b557de873e03728fcd905da5a105f44034e35839d62c92,2026-09-22T11:02:22.013442+00:00,PCA_OGIP_RATE43_OVERLAP_V1,PCA_OGIP_RATE43_OVERLAP_V1,data/raw/rxte/20428-01-01-03/acquisition.json,verified,recorded count/s/selected PCU/output bin,recorded count/s/selected PCU/output bin,Propagated archive statistical covariance; calibration/background systematics excluded,no artificial replacements,,a5759e92ddc814e1d347ff47dda4b9c56f3ea7d7c447fed6d0025027b2004aaa,,data/provenance/rxte_processing/20428-01-01-03.json,dd4328274c87f8f9af77a311deb8ce723b726482b09b308a55326f574ba52ddc
20431-01-03-00,20431-01-03-00,20431-01-03-00,gs_1354_64,verified,https://heasarc.gsfc.nasa.gov/FTP/xte/data/archive/AO2/P20431/20431-01-03-00/stdprod/xp20431010300_s2.pha.gz,/Users/youhanwanigasuriya/Documents/New project/bh_ns_source_generalization/data/raw/rxte/20431-01-03-00/source-c0fa5c8c4c38.bin,c0fa5c8c4c389d0149b455a96f50a4fdca3d44f890a188fe236c9ef5677c5cb8,data/processed/native/20431-01-03-00.npz,4a4bbf98e8c50cb7cedb42c0b2dcddabe83090532eebc12abbb83701cbcef12d,2026-09-22T11:11:37.846528+00:00,PCA_OGIP_RATE43_OVERLAP_V1,PCA_OGIP_RATE43_OVERLAP_V1,data/raw/rxte/20431-01-03-00/acquisition.json,verified,recorded count/s/selected PCU/output bin,recorded count/s/selected PCU/output bin,Propagated archive statistical covariance; calibration/background systematics excluded,no artificial replacements,,8b17aa7073053b1e609f0a72b5ded6c6fb7462b0feaee55a5ea40c209e1620bf,,data/provenance/rxte_processing/20431-01-03-00.json,a99ef79a00c2826f434bba09c8ddb62d5749e369d7f400a3ddd8d469f59325f6
20431-01-04-00,20431-01-04-00,20431-01-04-00,gs_1354_64,verified,https://heasarc.gsfc.nasa.gov/FTP/xte/data/archive/AO2/P20431/20431-01-04-00/stdprod/xp20431010400_s2.pha.gz,/Users/youhanwanigasuriya/Documents/New project/bh_ns_source_generalization/data/raw/rxte/20431-01-04-00/source-9f5b499771b6.bin,9f5b499771b66594f9e919dc9ec2d0191439362c6a323c5d76a67dcd971d9fa2,data/processed/native/20431-01-04-00.npz,e11400d663e028195649c6022427b0f46c93409f7d466335291be1654b13a994,2026-09-22T11:11:38.039756+00:00,PCA_OGIP_RATE43_OVERLAP_V1,PCA_OGIP_RATE43_OVERLAP_V1,data/raw/rxte/20431-01-04-00/acquisition.json,verified,recorded count/s/selected PCU/output bin,recorded count/s/selected PCU/output bin,Propagated archive statistical covariance; calibration/background systematics excluded,no artificial replacements,,09ab726310b5604f57436c96a0096ea924810c33c300b3aec2b0a7eb6876158f,,data/provenance/rxte_processing/20431-01-04-00.json,c3dea32b40eaf132e5ef5a33edf17b120459c18db133ba47f159724b9fa1e745
20431-01-05-00,20431-01-05-00,20431-01-05-00,gs_1354_64,verified,https://heasarc.gsfc.nasa.gov/FTP/xte/data/archive/AO2/P20431/20431-01-05-00/stdprod/xp20431010500_s2.pha.gz,/Users/youhanwanigasuriya/Documents/New project/bh_ns_source_generalization/data/raw/rxte/20431-01-05-00/source-cbfa26603f24.bin,cbfa26603f2438661a6b2f2dcedfb24ac51e3d7f8a01e747def5c7919cf0855a,data/processed/native/20431-01-05-00.npz,478db6ad02c275735f9c5bff0b225c7242b38b3ede6a835b9646d894f427ef19,2026-09-22T11:11:37.804873+00:00,PCA_OGIP_RATE43_OVERLAP_V1,PCA_OGIP_RATE43_OVERLAP_V1,data/raw/rxte/20431-01-05-00/acquisition.json,verified,recorded count/s/selected PCU/output bin,recorded count/s/selected PCU/output bin,Propagated archive statistical covariance; calibration/background systematics excluded,no artificial replacements,,865c863b0f8ce4c24cee0e9788609d7b83e6d9fab2180c8528e4364634fabd77,,data/provenance/rxte_processing/20431-01-05-00.json,fb84461da0f9987d0f1e367a600692804d66acbc743fd8d6cc91bb8a02e4c8a8
30042-03-02-00,30042-03-02-00,30042-03-02-00,4u_1728_34,verified,https://heasarc.gsfc.nasa.gov/FTP/xte/data/archive/AO3/P30042/30042-03-02-00/stdprod/xp30042030200_s2.pha.gz,/Users/youhanwanigasuriya/Documents/New project/bh_ns_source_generalization/data/raw/rxte/30042-03-02-00/source-0bb9857127ee.bin,0bb9857127ee8ed8c1d16d49a120f20f3f1392a1b3da48438fb002fd4ae8bed5,data/processed/native/30042-03-02-00.npz,dbd0aec87eea9fd7e4da44510a5d208e4d3eaac6fc0c7195a7f7b433effc162a,2026-09-22T11:07:32.010394+00:00,PCA_OGIP_RATE43_OVERLAP_V1,PCA_OGIP_RATE43_OVERLAP_V1,data/raw/rxte/30042-03-02-00/acquisition.json,verified,recorded count/s/selected PCU/output bin,recorded count/s/selected PCU/output bin,Propagated archive statistical covariance; calibration/background systematics excluded,no artificial replacements,,4586a87f1ef4f418847c428c915815e1f5628d099934e40868ac0638ee2428fc,,data/provenance/rxte_processing/30042-03-02-00.json,7bddbbe05df5190d07c9da247669d3263fec4b5c5cc6e58ed83436dccec82391
30042-03-08-00,30042-03-08-00,30042-03-08-00,4u_1728_34,verified,https://heasarc.gsfc.nasa.gov/FTP/xte/data/archive/AO3/P30042/30042-03-08-00/stdprod/xp30042030800_s2.pha.gz,/Users/youhanwanigasuriya/Documents/New project/bh_ns_source_generalization/data/raw/rxte/30042-03-08-00/source-75ea161c7dd1.bin,75ea161c7dd14ee36c91048d43c6b5da2c49aa87e682895e5413f6cd9f04bbf6,data/processed/native/30042-03-08-00.npz,fec583cbc2fc45cec08329ccd28bf1bd98d649a419c733c3cb76288d21b2fd9b,2026-09-22T11:07:32.486220+00:00,PCA_OGIP_RATE43_OVERLAP_V1,PCA_OGIP_RATE43_OVERLAP_V1,data/raw/rxte/30042-03-08-00/acquisition.json,verified,recorded count/s/selected PCU/output bin,recorded count/s/selected PCU/output bin,Propagated archive statistical covariance; calibration/background systematics excluded,no artificial replacements,,d5348577da3f024cc6d0c6a99f9f37ed96ef7630ca975fc03e1821b041c196d8,,data/provenance/rxte_processing/30042-03-08-00.json,e17220cfdddcbb0e7be10ad9e5d80e61a48fd255d029704f0ac68af6cf6c4fa0
30042-03-17-00,30042-03-17-00,30042-03-17-00,4u_1728_34,verified,https://heasarc.gsfc.nasa.gov/FTP/xte/data/archive/AO3/P30042/30042-03-17-00/stdprod/xp30042031700_s2.pha.gz,/Users/youhanwanigasuriya/Documents/New project/bh_ns_source_generalization/data/raw/rxte/30042-03-17-00/source-270043ba922e.bin,270043ba922e0a3b8859ab71220e79eed4570de24b0f27019759d993b8929de0,data/processed/native/30042-03-17-00.npz,2a0faf3bfe5a24087fb4b94deda7a6c6085e44cbe047bf5573170ee5a4bf0540,2026-09-22T11:07:36.242065+00:00,PCA_OGIP_RATE43_OVERLAP_V1,PCA_OGIP_RATE43_OVERLAP_V1,data/raw/rxte/30042-03-17-00/acquisition.json,verified,recorded count/s/selected PCU/output bin,recorded count/s/selected PCU/output bin,Propagated archive statistical covariance; calibration/background systematics excluded,no artificial replacements,,2ccebcb75eba713ac066c83ae3a655ba8f435e17b17832fe457025a82b26d57a,,data/provenance/rxte_processing/30042-03-17-00.json,c6b3b7777f5d3b734b2ff4edaa50f81477f360bb6c8a24ea7f743c3de00d6b09
30046-01-03-00,30046-01-03-00,30046-01-03-00,cyg_x_2,verified,https://heasarc.gsfc.nasa.gov/FTP/xte/data/archive/AO3/P30046/30046-01-03-00/stdprod/xp30046010300_s2.pha.gz,/Users/youhanwanigasuriya/Documents/New project/bh_ns_source_generalization/data/raw/rxte/30046-01-03-00/source-24040ef3b86a.bin,24040ef3b86a23fd5d5065ce2629885f55ec9e84cf2b49745f72d7ec31bd5102,data/processed/native/30046-01-03-00.npz,16339254b576f157be11f8522d9ea2d4206dc1a95fea8d1f4070a73b450a5f16,2026-09-22T11:10:42.294807+00:00,PCA_OGIP_RATE43_OVERLAP_V1,PCA_OGIP_RATE43_OVERLAP_V1,data/raw/rxte/30046-01-03-00/acquisition.json,verified,recorded count/s/selected PCU/output bin,recorded count/s/selected PCU/output bin,Propagated archive statistical covariance; calibration/background systematics excluded,no artificial replacements,,bea6bfe1f28ad8fcc4cc5ffcb536386a194da6233276144b65a16037dfe113e0,,data/provenance/rxte_processing/30046-01-03-00.json,7e9ae1d1678111d6242eeee985feb5fbb705b3c78f757b87dd37b266a9bf75d6
30053-02-01-00,30053-02-01-00,30053-02-01-00,4u_1636_536,verified,https://heasarc.gsfc.nasa.gov/FTP/xte/data/archive/AO3/P30053/30053-02-01-00/stdprod/xp30053020100_s2.pha.gz,/Users/youhanwanigasuriya/Documents/New project/bh_ns_source_generalization/data/raw/rxte/30053-02-01-00/source-75d76907acf6.bin,75d76907acf6e117d57d569d6eef6861ce5c98aa282f9caf5c7268abfec2bbab,data/processed/native/30053-02-01-00.npz,66f04e4c75205cfe324904fc3b6d054264e758d5725a70c9153fa4cf329cb220,2026-09-22T10:55:38.925568+00:00,PCA_OGIP_RATE43_OVERLAP_V1,PCA_OGIP_RATE43_OVERLAP_V1,data/raw/rxte/30053-02-01-00/acquisition.json,verified,recorded count/s/selected PCU/output bin,recorded count/s/selected PCU/output bin,Propagated archive statistical covariance; calibration/background systematics excluded,no artificial replacements,,fdebdec43f6b20d3ba48c49de73bb169bbbf6f61b4b42fe7ab15e0bc3006fd2c,,data/provenance/rxte_processing/30053-02-01-00.json,c505f2b79a9b1f789c8bf0281a22e8fb6dcf9f324d12b098ee9b471fd558fd4e
30054-01-02-03,30054-01-02-03,30054-01-02-03,4u_0614_09,verified,https://heasarc.gsfc.nasa.gov/FTP/xte/data/archive/AO3/P30054/30054-01-02-03/stdprod/xp30054010203_s2.pha.gz,/Users/youhanwanigasuriya/Documents/New project/bh_ns_source_generalization/data/raw/rxte/30054-01-02-03/source-36f1fb885b21.bin,36f1fb885b213238afebac7ebf7f679c24184844f8f7646cd796913eb7a9bfec,data/processed/native/30054-01-02-03.npz,bab536a46be1a0372df70d15ca9252f49afb1086b7510fae8f3d3092af88f833,2026-09-22T11:02:24.139406+00:00,PCA_OGIP_RATE43_OVERLAP_V1,PCA_OGIP_RATE43_OVERLAP_V1,data/raw/rxte/30054-01-02-03/acquisition.json,verified,recorded count/s/selected PCU/output bin,recorded count/s/selected PCU/output bin,Propagated archive statistical covariance; calibration/background systematics excluded,no artificial replacements,,59d5a7b5886b3c092792449e7d1da9390e0ee66105a57ef2af8b5c17dfe8514b,,data/provenance/rxte_processing/30054-01-02-03.json,eaa6e69d4cebd7e616b3fefe89bbe4e68b48ec48b5defebabeeafae874962b45
30061-01-01-00,30061-01-01-00,30061-01-01-00,ks_1731_260,verified,https://heasarc.gsfc.nasa.gov/FTP/xte/data/archive/AO3/P30061/30061-01-01-00/stdprod/xp30061010100_s2.pha.gz,/Users/youhanwanigasuriya/Documents/New project/bh_ns_source_generalization/data/raw/rxte/30061-01-01-00/source-deefc1224309.bin,deefc122430968b9d7e71c0cf94efa12071694c72f62e046cbe239e01d17d0cf,data/processed/native/30061-01-01-00.npz,c5d0429d702763c7833493a5b21c37e9b71163cddb7d765682fcb8a8117982cf,2026-09-22T11:14:33.957385+00:00,PCA_OGIP_RATE43_OVERLAP_V1,PCA_OGIP_RATE43_OVERLAP_V1,data/raw/rxte/30061-01-01-00/acquisition.json,verified,recorded count/s/selected PCU/output bin,recorded count/s/selected PCU/output bin,Propagated archive statistical covariance; calibration/background systematics excluded,no artificial replacements,,e5ca27655c96ab4a3d88a22e17db35b4d064322400178e365ab5cb336d647888,,data/provenance/rxte_processing/30061-01-01-00.json,e54170e26f3aca83f28a8636edd9fb2be2d71611bd730e90560b1024f70c82b4
30061-01-01-02,30061-01-01-02,30061-01-01-02,ks_1731_260,verified,https://heasarc.gsfc.nasa.gov/FTP/xte/data/archive/AO3/P30061/30061-01-01-02/stdprod/xp30061010102_s2.pha.gz,/Users/youhanwanigasuriya/Documents/New project/bh_ns_source_generalization/data/raw/rxte/30061-01-01-02/source-2476ac5b8987.bin,2476ac5b89870a903e8476e52f582843238bbf26027923e965a2866d118eb8b7,data/processed/native/30061-01-01-02.npz,6c504367c7fbee0bc14aa1e0a00f17ee27e7926bf49c30302db81a2a59fb029e,2026-09-22T11:14:36.752985+00:00,PCA_OGIP_RATE43_OVERLAP_V1,PCA_OGIP_RATE43_OVERLAP_V1,data/raw/rxte/30061-01-01-02/acquisition.json,verified,recorded count/s/selected PCU/output bin,recorded count/s/selected PCU/output bin,Propagated archive statistical covariance; calibration/background systematics excluded,no artificial replacements,,6dddf0f5e77c9976a34bedcbf59d6c58feb66a10f60a659cc7b1bf28daee462f,,data/provenance/rxte_processing/30061-01-01-02.json,1e00bc33ccc8ca8fc65bff1cffe6c92d1b890e4f7f50936cb95c3856bcf8849f
30061-01-01-04,30061-01-01-04,30061-01-01-04,ks_1731_260,verified,https://heasarc.gsfc.nasa.gov/FTP/xte/data/archive/AO3/P30061/30061-01-01-04/stdprod/xp30061010104_s2.pha.gz,/Users/youhanwanigasuriya/Documents/New project/bh_ns_source_generalization/data/raw/rxte/30061-01-01-04/source-72163b0e2569.bin,72163b0e256913777baf011c2d215c850eae86ae54b6425c7d3c686584162c2c,data/processed/native/30061-01-01-04.npz,05149b245484cdf53688c2d0bbb4670200b0592332e5ed567cc06c58142bee55,2026-09-22T11:14:37.606747+00:00,PCA_OGIP_RATE43_OVERLAP_V1,PCA_OGIP_RATE43_OVERLAP_V1,data/raw/rxte/30061-01-01-04/acquisition.json,verified,recorded count/s/selected PCU/output bin,recorded count/s/selected PCU/output bin,Propagated archive statistical covariance; calibration/background systematics excluded,no artificial replacements,,4fb2652739608249419f0d3728369a9f6880ebcae3b1e176841bb765cdc7fe60,,data/provenance/rxte_processing/30061-01-01-04.json,320927b49f767eb92106c8b782cbbf11776f30e35e2a8848506b21e3635585fd
30061-01-02-01,30061-01-02-01,30061-01-02-01,ks_1731_260,verified,https://heasarc.gsfc.nasa.gov/FTP/xte/data/archive/AO3/P30061/30061-01-02-01/stdprod/xp30061010201_s2.pha.gz,/Users/youhanwanigasuriya/Documents/New project/bh_ns_source_generalization/data/raw/rxte/30061-01-02-01/source-0844fc3625ed.bin,0844fc3625ed2da2a32021f8c5f8b86a0b6faafe1c33fc011c15fbe4d84535f2,data/processed/native/30061-01-02-01.npz,878bf56bff0c64e195ec877abafaf86fdfcc67f6e32de745d62af2541aca7a49,2026-09-22T11:14:38.543738+00:00,PCA_OGIP_RATE43_OVERLAP_V1,PCA_OGIP_RATE43_OVERLAP_V1,data/raw/rxte/30061-01-02-01/acquisition.json,verified,recorded count/s/selected PCU/output bin,recorded count/s/selected PCU/output bin,Propagated archive statistical covariance; calibration/background systematics excluded,no artificial replacements,,0a076c7a15245d6bbd3aca3dc57cd35c4b3dc667bc781e92ebd9e559df06c3fc,,data/provenance/rxte_processing/30061-01-02-01.json,627f44f15ce60871f062ae350f598a1bdccbcf9a0152aa2515999408bd2463af
30061-01-02-03,30061-01-02-03,30061-01-02-03,ks_1731_260,verified,https://heasarc.gsfc.nasa.gov/FTP/xte/data/archive/AO3/P30061/30061-01-02-03/stdprod/xp30061010203_s2.pha.gz,/Users/youhanwanigasuriya/Documents/New project/bh_ns_source_generalization/data/raw/rxte/30061-01-02-03/source-0b977d9822fe.bin,0b977d9822feb9df6ad22fdf6493a267483109eb3c3ffc2b2fd7149eb0b7dfa0,data/processed/native/30061-01-02-03.npz,3ff541b650e016de88f17bf23f7e79f0000232a8e58bebc237cd5d3db0887269,2026-09-22T11:14:40.969323+00:00,PCA_OGIP_RATE43_OVERLAP_V1,PCA_OGIP_RATE43_OVERLAP_V1,data/raw/rxte/30061-01-02-03/acquisition.json,verified,recorded count/s/selected PCU/output bin,recorded count/s/selected PCU/output bin,Propagated archive statistical covariance; calibration/background systematics excluded,no artificial replacements,,11146066f9cec7b4c07eb707799a50b9595ed21240b8f33aa47049311840ba9c,,data/provenance/rxte_processing/30061-01-02-03.json,cb4f26f508fde8ac84dc451b09f9461022d3b89c7304da03558233bc5776bc50
30061-01-02-06,30061-01-02-06,30061-01-02-06,ks_1731_260,verified,https://heasarc.gsfc.nasa.gov/FTP/xte/data/archive/AO3/P30061/30061-01-02-06/stdprod/xp30061010206_s2.pha.gz,/Users/youhanwanigasuriya/Documents/New project/bh_ns_source_generalization/data/raw/rxte/30061-01-02-06/source-3e3db9d94026.bin,3e3db9d94026b60bc65589c8fae10fb031b445b760e7f7692637d52d43e47f4f,data/processed/native/30061-01-02-06.npz,b740b1e18bfe9a3a739ac1ea025a0574eeeb9c1add69fbf1f6dbf523e356174f,2026-09-22T11:14:43.912585+00:00,PCA_OGIP_RATE43_OVERLAP_V1,PCA_OGIP_RATE43_OVERLAP_V1,data/raw/rxte/30061-01-02-06/acquisition.json,verified,recorded count/s/selected PCU/output bin,recorded count/s/selected PCU/output bin,Propagated archive statistical covariance; calibration/background systematics excluded,no artificial replacements,,d32b90f9c752699833c156e86b00ebce50c4f0b79acc90242538390a800cdf85,,data/provenance/rxte_processing/30061-01-02-06.json,fc5fb5094f457aaa47221c6a57f591881ce1f9ec19fc9c2fd1dac1c6fcb686f5
30061-01-03-00,30061-01-03-00,30061-01-03-00,ks_1731_260,verified,https://heasarc.gsfc.nasa.gov/FTP/xte/data/archive/AO3/P30061/30061-01-03-00/stdprod/xp30061010300_s2.pha.gz,/Users/youhanwanigasuriya/Documents/New project/bh_ns_source_generalization/data/raw/rxte/30061-01-03-00/source-4f303c0479bb.bin,4f303c0479bb1bca2f066a92960992a26e43348c81616cd16c066b4c7f069029,data/processed/native/30061-01-03-00.npz,881d8d87e003a20ad14abdecad9cd633b9005b9b7bfb4eb80315b5cc564b4ce2,2026-09-22T11:14:48.319189+00:00,PCA_OGIP_RATE43_OVERLAP_V1,PCA_OGIP_RATE43_OVERLAP_V1,data/raw/rxte/30061-01-03-00/acquisition.json,verified,recorded count/s/selected PCU/output bin,recorded count/s/selected PCU/output bin,Propagated archive statistical covariance; calibration/background systematics excluded,no artificial replacements,,229c29b452b6d7e476a6eae3de9b01fb5faf2704be676b149539aefa03303139,,data/provenance/rxte_processing/30061-01-03-00.json,9d58f00f450f479ef81eaa82b209ebeb9ca505e59aead57b3a8e487c8957fa1f
30061-01-03-01,30061-01-03-01,30061-01-03-01,ks_1731_260,verified,https://heasarc.gsfc.nasa.gov/FTP/xte/data/archive/AO3/P30061/30061-01-03-01/stdprod/xp30061010301_s2.pha.gz,/Users/youhanwanigasuriya/Documents/New project/bh_ns_source_generalization/data/raw/rxte/30061-01-03-01/source-93e3540fc44e.bin,93e3540fc44e8ac154dc5ddb11a9696b5b3dd23fe9654e44d243290271d3a648,data/processed/native/30061-01-03-01.npz,0e256fc76b4a808a00d411587da073dca7df67cf7d63e3df7e97d07ecb2cd9ce,2026-09-22T11:14:49.117331+00:00,PCA_OGIP_RATE43_OVERLAP_V1,PCA_OGIP_RATE43_OVERLAP_V1,data/raw/rxte/30061-01-03-01/acquisition.json,verified,recorded count/s/selected PCU/output bin,recorded count/s/selected PCU/output bin,Propagated archive statistical covariance; calibration/background systematics excluded,no artificial replacements,,e0720bd036b54d77300a694e67a9f657760ff6d16f6570d4eb99693b7b07f60a,,data/provenance/rxte_processing/30061-01-03-01.json,9b0dd046e4c8076b0ded6b7e7d173d2014ce4f44c2a79c122323b7ca662223b9
30061-01-04-00,30061-01-04-00,30061-01-04-00,ks_1731_260,verified,https://heasarc.gsfc.nasa.gov/FTP/xte/data/archive/AO3/P30061/30061-01-04-00/stdprod/xp30061010400_s2.pha.gz,/Users/youhanwanigasuriya/Documents/New project/bh_ns_source_generalization/data/raw/rxte/30061-01-04-00/source-45b7061972f9.bin,45b7061972f980745d27fcd54075a7c7a044f586f5d242447593f559ecdff985,data/processed/native/30061-01-04-00.npz,a350968e34287f0409cd2cea0ed592233ffa571aa174808f2d91b5d6351719ab,2026-09-22T11:14:49.410019+00:00,PCA_OGIP_RATE43_OVERLAP_V1,PCA_OGIP_RATE43_OVERLAP_V1,data/raw/rxte/30061-01-04-00/acquisition.json,verified,recorded count/s/selected PCU/output bin,recorded count/s/selected PCU/output bin,Propagated archive statistical covariance; calibration/background systematics excluded,no artificial replacements,,b027a0c6c66260927d2ad0e939e603368ad620f86f9d046d09dde27101e0df39,,data/provenance/rxte_processing/30061-01-04-00.json,153862bbcc7ebc2ce672bca32363b3dc1db151844da5ded048403057bf349328
30061-01-04-02,30061-01-04-02,30061-01-04-02,ks_1731_260,verified,https://heasarc.gsfc.nasa.gov/FTP/xte/data/archive/AO3/P30061/30061-01-04-02/stdprod/xp30061010402_s2.pha.gz,/Users/youhanwanigasuriya/Documents/New project/bh_ns_source_generalization/data/raw/rxte/30061-01-04-02/source-910979d47dcb.bin,910979d47dcb864674b09cc7dced521ddc0e8208f222d204dbfd35e87c454645,data/processed/native/30061-01-04-02.npz,823cb0c8990e37f648123218f2d002938162b5aded4ec03f6da749dd6edef8c2,2026-09-22T11:14:51.069373+00:00,PCA_OGIP_RATE43_OVERLAP_V1,PCA_OGIP_RATE43_OVERLAP_V1,data/raw/rxte/30061-01-04-02/acquisition.json,verified,recorded count/s/selected PCU/output bin,recorded count/s/selected PCU/output bin,Propagated archive statistical covariance; calibration/background systematics excluded,no artificial replacements,,c149121207fbf90a14647aa3bc87701083538eef760f3b62cff6972ab7f17314,,data/provenance/rxte_processing/30061-01-04-02.json,95e48a34374cbfe225d6afe2091e3a322973c58050e2614b598a881b20d887dc
30062-02-01-05,30062-02-01-05,30062-02-01-05,4u_1608_522,verified,https://heasarc.gsfc.nasa.gov/FTP/xte/data/archive/AO3/P30062/30062-02-01-05/stdprod/xp30062020105_s2.pha.gz,/Users/youhanwanigasuriya/Documents/New project/bh_ns_source_generalization/data/raw/rxte/30062-02-01-05/source-eee5ceb4028a.bin,eee5ceb4028a2e81ebdc0a41ad7bf8553b6da2c16b22df9612a1a9e96393643d,data/processed/native/30062-02-01-05.npz,a8cf9b070e27169646ae58b6dabcdc9fa4bad7b00c5c9a4af74a8bd06942373c,2026-09-22T11:04:15.344418+00:00,PCA_OGIP_RATE43_OVERLAP_V1,PCA_OGIP_RATE43_OVERLAP_V1,data/raw/rxte/30062-02-01-05/acquisition.json,verified,recorded count/s/selected PCU/output bin,recorded count/s/selected PCU/output bin,Propagated archive statistical covariance; calibration/background systematics excluded,no artificial replacements,,f0bd449cd1ccc238cb2852474396755b713e61c531f9377204e2d2d89d9950d3,,data/provenance/rxte_processing/30062-02-01-05.json,dc0fdf64a520283c875dc8365813eabed5ed69b2b879b47169c5d1f9b8d0b1a2
30073-05-01-00,30073-05-01-00,30073-05-01-00,aql_x_1,verified,https://heasarc.gsfc.nasa.gov/FTP/xte/data/archive/AO3/P30073/30073-05-01-00/stdprod/xp30073050100_s2.pha.gz,/Users/youhanwanigasuriya/Documents/New project/bh_ns_source_generalization/data/raw/rxte/30073-05-01-00/source-c92e3fff2e8e.bin,c92e3fff2e8e8082606a5e75d41a2e3ae48b14e5f991adb1368cf2e5987e0bf2,data/processed/native/30073-05-01-00.npz,5333a4c5b63d6b769b4ee68ca451135f805e6d4e3618bb7b84189d70551cdd2d,2026-09-22T11:09:46.664081+00:00,PCA_OGIP_RATE43_OVERLAP_V1,PCA_OGIP_RATE43_OVERLAP_V1,data/raw/rxte/30073-05-01-00/acquisition.json,verified,recorded count/s/selected PCU/output bin,recorded count/s/selected PCU/output bin,Propagated archive statistical covariance; calibration/background systematics excluded,no artificial replacements,,27a210f922304e8bedff2ee9298a9106f3fafc6da666356ce7fc511b2dac39e8,,data/provenance/rxte_processing/30073-05-01-00.json,c2f98f7405e0330d98ff5a7ad873e2730213e5a918096869281e0b5382c2c061
30188-03-02-00,30188-03-02-00,30188-03-02-00,aql_x_1,verified,https://heasarc.gsfc.nasa.gov/FTP/xte/data/archive/AO3/P30188/30188-03-02-00/stdprod/xp30188030200_s2.pha.gz,/Users/youhanwanigasuriya/Documents/New project/bh_ns_source_generalization/data/raw/rxte/30188-03-02-00/source-d41fe3250f82.bin,d41fe3250f82ba5de6c09e84cbf7c6ec730f89c5e1b92a9bfab0a013483f3338,data/processed/native/30188-03-02-00.npz,85ed0dff61060285c621bf8606f5b01a38de9977b88a5cdad1d98e479e0a71d8,2026-09-22T11:09:46.441173+00:00,PCA_OGIP_RATE43_OVERLAP_V1,PCA_OGIP_RATE43_OVERLAP_V1,data/raw/rxte/30188-03-02-00/acquisition.json,verified,recorded count/s/selected PCU/output bin,recorded count/s/selected PCU/output bin,Propagated archive statistical covariance; calibration/background systematics excluded,no artificial replacements,,491cf476bcad539b075c79622cc2cf6d463d9710863c4db1e8eab4c2412ed28b,,data/provenance/rxte_processing/30188-03-02-00.json,862910e2f5ca987d20d77e783e7b8a9ba04bba0fbf64c0ae995f952e8f85f755
30188-06-01-02,30188-06-01-02,30188-06-01-02,xte_j1550_564,verified,https://heasarc.gsfc.nasa.gov/FTP/xte/data/archive/AO3/P30188/30188-06-01-02/stdprod/xp30188060102_s2.pha.gz,/Users/youhanwanigasuriya/Documents/New project/bh_ns_source_generalization/data/raw/rxte/30188-06-01-02/source-48d0f9dad883.bin,48d0f9dad883be49fbcbef9b674c1abd90c077089d64498c69b30b4497c5382c,data/processed/native/30188-06-01-02.npz,af191f16ca9e352e4ac23f3f8497a9a73587ee132c6471c3aa990c5553ae25a0,2026-09-22T10:57:16.076114+00:00,PCA_OGIP_RATE43_OVERLAP_V1,PCA_OGIP_RATE43_OVERLAP_V1,data/raw/rxte/30188-06-01-02/acquisition.json,verified,recorded count/s/selected PCU/output bin,recorded count/s/selected PCU/output bin,Propagated archive statistical covariance; calibration/background systematics excluded,no artificial replacements,,a23beecebaa2d6deadf543a76cbe5d0ec10b43d5908dd0ca424c40523eb10a6b,,data/provenance/rxte_processing/30188-06-01-02.json,f1bd17dc63368d5b720c3e26f3370a16964e4775e9293d87583e2da259fb4d52
30191-01-02-00,30191-01-02-00,30191-01-02-00,xte_j1550_564,verified,https://heasarc.gsfc.nasa.gov/FTP/xte/data/archive/AO3/P30191/30191-01-02-00/stdprod/xp30191010200_s2.pha.gz,/Users/youhanwanigasuriya/Documents/New project/bh_ns_source_generalization/data/raw/rxte/30191-01-02-00/source-d742681eda1f.bin,d742681eda1fe0a20ea9bbbab718cc0a376467eb60e89e4147dbce33def8dd41,data/processed/native/30191-01-02-00.npz,afb15264a93c892b9ba501c30e92c7d97deeb5c194623ed0995b5b3354234836,2026-09-22T11:22:58.935408+00:00,PCA_OGIP_RATE43_OVERLAP_V1,PCA_OGIP_RATE43_OVERLAP_V1,data/raw/rxte/30191-01-02-00/acquisition.json,verified,recorded count/s/selected PCU/output bin,recorded count/s/selected PCU/output bin,Propagated archive statistical covariance; calibration/background systematics excluded,no artificial replacements,,8ff3fb4fa4f01c683cf0c9c52c358dfd44ba8b7347be1957285d1a7e95e391a4,,data/provenance/rxte_processing/30191-01-02-00.json,df2310ee5891021865e1a85b70f56b67d689f0ecbe1de751c923b22c6258f082
30191-01-12-00,30191-01-12-00,30191-01-12-00,xte_j1550_564,verified,https://heasarc.gsfc.nasa.gov/FTP/xte/data/archive/AO3/P30191/30191-01-12-00/stdprod/xp30191011200_s2.pha.gz,/Users/youhanwanigasuriya/Documents/New project/bh_ns_source_generalization/data/raw/rxte/30191-01-12-00/source-ba05da9f977d.bin,ba05da9f977d8ebc222fc3604967cd065d9812417463bcacde8b75b7a9fb9166,data/processed/native/30191-01-12-00.npz,992e1322adf640cd1686677d1ec83b170f325c6adb7df2b2452640b5e8893029,2026-09-22T11:23:02.651758+00:00,PCA_OGIP_RATE43_OVERLAP_V1,PCA_OGIP_RATE43_OVERLAP_V1,data/raw/rxte/30191-01-12-00/acquisition.json,verified,recorded count/s/selected PCU/output bin,recorded count/s/selected PCU/output bin,Propagated archive statistical covariance; calibration/background systematics excluded,no artificial replacements,,bcb26162d4b60e46cce7d46b1a24eb65ca1e0db6b9837f8b62d4462d0baabcec,,data/provenance/rxte_processing/30191-01-12-00.json,cd4814629e4edf8f0b14d4f64cd75fe94576c6f5303edca55c76e48ba46d72a6
30191-01-28-01,30191-01-28-01,30191-01-28-01,xte_j1550_564,verified,https://heasarc.gsfc.nasa.gov/FTP/xte/data/archive/AO3/P30191/30191-01-28-01/stdprod/xp30191012801_s2.pha.gz,/Users/youhanwanigasuriya/Documents/New project/bh_ns_source_generalization/data/raw/rxte/30191-01-28-01/source-df2658ff92d1.bin,df2658ff92d1186eaa60f7334864908f0fc7c18466a91b19f845ad51de5ac2ee,data/processed/native/30191-01-28-01.npz,e4b6382b91911c3c7f797a6f8f31bcb3e7428f320345babc637e5c76beb315b2,2026-09-22T11:23:03.138568+00:00,PCA_OGIP_RATE43_OVERLAP_V1,PCA_OGIP_RATE43_OVERLAP_V1,data/raw/rxte/30191-01-28-01/acquisition.json,verified,recorded count/s/selected PCU/output bin,recorded count/s/selected PCU/output bin,Propagated archive statistical covariance; calibration/background systematics excluded,no artificial replacements,,1706a560b8b5ed9732dcfa4d79cc9100d809cbb85d63c729ff6e2afc48aa17b7,,data/provenance/rxte_processing/30191-01-28-01.json,06aeb111e5b20be0d4aece2b6cf0e065e5eceeb9a134b7b24ea48644fef2dc3a
30191-01-34-00,30191-01-34-00,30191-01-34-00,xte_j1550_564,verified,https://heasarc.gsfc.nasa.gov/FTP/xte/data/archive/AO3/P30191/30191-01-34-00/stdprod/xp30191013400_s2.pha.gz,/Users/youhanwanigasuriya/Documents/New project/bh_ns_source_generalization/data/raw/rxte/30191-01-34-00/source-fbe93a7b0f68.bin,fbe93a7b0f68a0656da6566f94c92a57f6d006789075a257255d931727524f55,data/processed/native/30191-01-34-00.npz,5ebb76836a86c92f159fa8e25b5c41f265a2f4580833ad16ca233f8d75741973,2026-09-22T11:23:04.095429+00:00,PCA_OGIP_RATE43_OVERLAP_V1,PCA_OGIP_RATE43_OVERLAP_V1,data/raw/rxte/30191-01-34-00/acquisition.json,verified,recorded count/s/selected PCU/output bin,recorded count/s/selected PCU/output bin,Propagated archive statistical covariance; calibration/background systematics excluded,no artificial replacements,,40abd0388d5ca43e6bbcb690c38ff4ec36aa2140edfa5ea5cc9dc202107e68c8,,data/provenance/rxte_processing/30191-01-34-00.json,62465abe223453d036e908cfd16ed3a80da564659fda909b154d54e9b487bf3b
30191-01-44-00,30191-01-44-00,30191-01-44-00,xte_j1550_564,verified,https://heasarc.gsfc.nasa.gov/FTP/xte/data/archive/AO3/P30191/30191-01-44-00/stdprod/xp30191014400_s2.pha.gz,/Users/youhanwanigasuriya/Documents/New project/bh_ns_source_generalization/data/raw/rxte/30191-01-44-00/source-9d257d7c484e.bin,9d257d7c484e833666604266bcc6206aa9f4a9d4b4b948e3ffaf150b3efe5d52,data/processed/native/30191-01-44-00.npz,c4aebe6107d32704d17e7546aa6f9040f54a71945f32faa321889ad5edd16ef0,2026-09-22T11:23:05.214255+00:00,PCA_OGIP_RATE43_OVERLAP_V1,PCA_OGIP_RATE43_OVERLAP_V1,data/raw/rxte/30191-01-44-00/acquisition.json,verified,recorded count/s/selected PCU/output bin,recorded count/s/selected PCU/output bin,Propagated archive statistical covariance; calibration/background systematics excluded,no artificial replacements,,9b8fd3f5c773b4a8d0c3a251a4aa69f96aee64ccfec212a04bb63cc69a255301,,data/provenance/rxte_processing/30191-01-44-00.json,615d1a0150364b4c0102c22ba74869ff0f3ecfec970adb2a874735da9df38894
30401-01-01-00,30401-01-01-00,30401-01-01-00,gs_1354_64,verified,https://heasarc.gsfc.nasa.gov/FTP/xte/data/archive/AO3/P30401/30401-01-01-00/stdprod/xp30401010100_s2.pha.gz,/Users/youhanwanigasuriya/Documents/New project/bh_ns_source_generalization/data/raw/rxte/30401-01-01-00/source-337efd9555da.bin,337efd9555da6e2f89f017d179a3e81cf742f4bbaf3f0da636705d4003861017,data/processed/native/30401-01-01-00.npz,430ace90e98b77b25a33571963e1fed05db18ae4c0c0ac302baa52b0d2db7952,2026-09-22T11:11:37.805488+00:00,PCA_OGIP_RATE43_OVERLAP_V1,PCA_OGIP_RATE43_OVERLAP_V1,data/raw/rxte/30401-01-01-00/acquisition.json,verified,recorded count/s/selected PCU/output bin,recorded count/s/selected PCU/output bin,Propagated archive statistical covariance; calibration/background systematics excluded,no artificial replacements,,5c9c073696e64d52a0572a55b64230c831ae8e1e89188d888e952cafc7e8d731,,data/provenance/rxte_processing/30401-01-01-00.json,5b75b7c62a3d3d4f775f16353bbc92c53be644b3f53c55a0114d8de6fc48b11a
30401-01-02-00,30401-01-02-00,30401-01-02-00,gs_1354_64,verified,https://heasarc.gsfc.nasa.gov/FTP/xte/data/archive/AO3/P30401/30401-01-02-00/stdprod/xp30401010200_s2.pha.gz,/Users/youhanwanigasuriya/Documents/New project/bh_ns_source_generalization/data/raw/rxte/30401-01-02-00/source-3dacc7c607ce.bin,3dacc7c607cebd1e149df7eff4434ca2dd9090fba65423efaee58e4fc618efc9,data/processed/native/30401-01-02-00.npz,c6f77e88915caf6714f103565eb3abcd19fb1a8a5514aacc96c280ade160a6ea,2026-09-22T11:11:42.825500+00:00,PCA_OGIP_RATE43_OVERLAP_V1,PCA_OGIP_RATE43_OVERLAP_V1,data/raw/rxte/30401-01-02-00/acquisition.json,verified,recorded count/s/selected PCU/output bin,recorded count/s/selected PCU/output bin,Propagated archive statistical covariance; calibration/background systematics excluded,no artificial replacements,,f649ef661320962498688e31cefe52e20c152984cc00000d967996086faf5e79,,data/provenance/rxte_processing/30401-01-02-00.json,5fe1f1829375c937576d2a4158a240061fe1b353d7aca34d1addb214b7ec3e98
30401-01-03-00,30401-01-03-00,30401-01-03-00,gs_1354_64,verified,https://heasarc.gsfc.nasa.gov/FTP/xte/data/archive/AO3/P30401/30401-01-03-00/stdprod/xp30401010300_s2.pha.gz,/Users/youhanwanigasuriya/Documents/New project/bh_ns_source_generalization/data/raw/rxte/30401-01-03-00/source-636e164efefb.bin,636e164efefb17942eea5a6421fb7b7869c8398c579217894830a8b93d6740ef,data/processed/native/30401-01-03-00.npz,e7566fe8588c3f3bfa9cfb706001467c20464b7ef936589e767ee070ead72ef0,2026-09-22T11:11:43.428290+00:00,PCA_OGIP_RATE43_OVERLAP_V1,PCA_OGIP_RATE43_OVERLAP_V1,data/raw/rxte/30401-01-03-00/acquisition.json,verified,recorded count/s/selected PCU/output bin,recorded count/s/selected PCU/output bin,Propagated archive statistical covariance; calibration/background systematics excluded,no artificial replacements,,2dfd0befa4be58f85ab74d208602cb5164d54bf4b546a12b64fc03c3e844ba46,,data/provenance/rxte_processing/30401-01-03-00.json,3112e84326135277330beea044b077f97ac87496de3595f4f42d64e204a181af
30401-01-04-00,30401-01-04-00,30401-01-04-00,gs_1354_64,verified,https://heasarc.gsfc.nasa.gov/FTP/xte/data/archive/AO3/P30401/30401-01-04-00/stdprod/xp30401010400_s2.pha.gz,/Users/youhanwanigasuriya/Documents/New project/bh_ns_source_generalization/data/raw/rxte/30401-01-04-00/source-530f1c75dfc7.bin,530f1c75dfc74a23422f9d6457f8f1312101a7054c49722cda1f8e63756d9834,data/processed/native/30401-01-04-00.npz,895fc7afa9d07ab5cf6d76e903935f39bdd7090aa61e80c8a9407b92e9222762,2026-09-22T11:11:50.069426+00:00,PCA_OGIP_RATE43_OVERLAP_V1,PCA_OGIP_RATE43_OVERLAP_V1,data/raw/rxte/30401-01-04-00/acquisition.json,verified,recorded count/s/selected PCU/output bin,recorded count/s/selected PCU/output bin,Propagated archive statistical covariance; calibration/background systematics excluded,no artificial replacements,,b4834314e889abe676614584fbd3290ce95008fe97432263231cb7209148f52c,,data/provenance/rxte_processing/30401-01-04-00.json,dd8b2fe228b53a13d779a648f80ecce08d05ba4168b7b6f4abe3283a3c2b8521
30411-01-11-02,30411-01-11-02,30411-01-11-02,sax_j1808_4_3658,verified,https://heasarc.gsfc.nasa.gov/FTP/xte/data/archive/AO3/P30411/30411-01-11-02/stdprod/xp30411011102_s2.pha.gz,/Users/youhanwanigasuriya/Documents/New project/bh_ns_source_generalization/data/raw/rxte/30411-01-11-02/source-add013c5ed6d.bin,add013c5ed6d6f5c61c52dcb0f271ec04c7f718c5833187e43dc3124720d1a66,data/processed/native/30411-01-11-02.npz,ca255843904fc7d9e0f16741477bc0734a681e348b67b4a46e98d9f8dabac42d,2026-09-22T11:18:07.251369+00:00,PCA_OGIP_RATE43_OVERLAP_V1,PCA_OGIP_RATE43_OVERLAP_V1,data/raw/rxte/30411-01-11-02/acquisition.json,verified,recorded count/s/selected PCU/output bin,recorded count/s/selected PCU/output bin,Propagated archive statistical covariance; calibration/background systematics excluded,no artificial replacements,,8c628c959123ce054a52ff84ece391bf87305bce78bd2e98e6b8c3dcc507246c,,data/provenance/rxte_processing/30411-01-11-02.json,a5222318b1f649fac2d8f738b007b8e3b941ccf8a448554cfd63fdd3a398b2ce
30435-01-07-00,30435-01-07-00,30435-01-07-00,xte_j1550_564,verified,https://heasarc.gsfc.nasa.gov/FTP/xte/data/archive/AO3/P30435/30435-01-07-00/stdprod/xp30435010700_s2.pha.gz,/Users/youhanwanigasuriya/Documents/New project/bh_ns_source_generalization/data/raw/rxte/30435-01-07-00/source-0fc4948db95b.bin,0fc4948db95b2609ca23f5e1dad6da5ecd5e4531dc1500df30dbd3259b8cef76,data/processed/native/30435-01-07-00.npz,ccea684bf103f35d4a97131571a6b74a0367ea3167f35483eff787c8f35203ed,2026-09-22T11:23:08.172780+00:00,PCA_OGIP_RATE43_OVERLAP_V1,PCA_OGIP_RATE43_OVERLAP_V1,data/raw/rxte/30435-01-07-00/acquisition.json,verified,recorded count/s/selected PCU/output bin,recorded count/s/selected PCU/output bin,Propagated archive statistical covariance; calibration/background systematics excluded,no artificial replacements,,6a28dd2086ea5b9907b6cba3b0595ed3e15039571ad8091ad1c06cc008424773,,data/provenance/rxte_processing/30435-01-07-00.json,4fb7760bda5efd9d74e22e2569e4636cbfe9f64fb0dfcfc67c4bd605e42b921d
30435-01-15-01,30435-01-15-01,30435-01-15-01,xte_j1550_564,verified,https://heasarc.gsfc.nasa.gov/FTP/xte/data/archive/AO3/P30435/30435-01-15-01/stdprod/xp30435011501_s2.pha.gz,/Users/youhanwanigasuriya/Documents/New project/bh_ns_source_generalization/data/raw/rxte/30435-01-15-01/source-be11215efced.bin,be11215efced686fad2c7b3ee97f5b77febe98d6fd4d2099a2e6f92e41dc6b07,data/processed/native/30435-01-15-01.npz,1a5d2ea7f4d60299b434659b0c2b48d97b5cbb8f95aa0309f2446527f49778d3,2026-09-22T11:23:10.121979+00:00,PCA_OGIP_RATE43_OVERLAP_V1,PCA_OGIP_RATE43_OVERLAP_V1,data/raw/rxte/30435-01-15-01/acquisition.json,verified,recorded count/s/selected PCU/output bin,recorded count/s/selected PCU/output bin,Propagated archive statistical covariance; calibration/background systematics excluded,no artificial replacements,,332fe9b671bed14d2a73efcc6279acdc74d852cb15cdab28e8bf8f33ed3e6857,,data/provenance/rxte_processing/30435-01-15-01.json,7cc79e2371fd500b58db2aee8403a19c49395e107963ca92a5ae0bfa88cf7ecd
30435-01-25-00,30435-01-25-00,30435-01-25-00,xte_j1550_564,verified,https://heasarc.gsfc.nasa.gov/FTP/xte/data/archive/AO3/P30435/30435-01-25-00/stdprod/xp30435012500_s2.pha.gz,/Users/youhanwanigasuriya/Documents/New project/bh_ns_source_generalization/data/raw/rxte/30435-01-25-00/source-ef583915583d.bin,ef583915583d315c19d2851835083d70e6447922c98b65188708af6ac04550b0,data/processed/native/30435-01-25-00.npz,f3579c8232fa82856ef51b5bfd0aa4d8d7712f76e6aa30ab086cadfde182df68,2026-09-22T11:23:15.166968+00:00,PCA_OGIP_RATE43_OVERLAP_V1,PCA_OGIP_RATE43_OVERLAP_V1,data/raw/rxte/30435-01-25-00/acquisition.json,verified,recorded count/s/selected PCU/output bin,recorded count/s/selected PCU/output bin,Propagated archive statistical covariance; calibration/background systematics excluded,no artificial replacements,,d3688ee8e5cf41188c90d7167fac80a6a82e8ee217bef29f0fb7e92ed52bbdc3,,data/provenance/rxte_processing/30435-01-25-00.json,96bcc96f22c560fd33537b9faa6d128e668da8642e331a198d3d4eec88235ab7
40017-02-02-02,40017-02-02-02,40017-02-02-02,cyg_x_2,verified,https://heasarc.gsfc.nasa.gov/FTP/xte/data/archive/AO4/P40017/40017-02-02-02/stdprod/xp40017020202_s2.pha.gz,/Users/youhanwanigasuriya/Documents/New project/bh_ns_source_generalization/data/raw/rxte/40017-02-02-02/source-8f9b556b0270.bin,8f9b556b02709fbf1a0e730bef8fb7c43444d9cb21329ac0be8170ee0c0f59a7,data/processed/native/40017-02-02-02.npz,9fbb35f9d7b788e62488fab218ba9bcb288eeaf4d47dcb211848e284467806ad,2026-09-22T11:10:44.527128+00:00,PCA_OGIP_RATE43_OVERLAP_V1,PCA_OGIP_RATE43_OVERLAP_V1,data/raw/rxte/40017-02-02-02/acquisition.json,verified,recorded count/s/selected PCU/output bin,recorded count/s/selected PCU/output bin,Propagated archive statistical covariance; calibration/background systematics excluded,no artificial replacements,,6d1cc55c23dbb275c9e15f35081ba49e8496d8c89593a3e1cd06e728a809d6fe,,data/provenance/rxte_processing/40017-02-02-02.json,a2fca2c6b51cff9ef33e67b8b70d85b9a6810cbe825ae3c847d6a2ec0df662e3
40017-02-12-00,40017-02-12-00,40017-02-12-00,cyg_x_2,verified,https://heasarc.gsfc.nasa.gov/FTP/xte/data/archive/AO4/P40017/40017-02-12-00/stdprod/xp40017021200_s2.pha.gz,/Users/youhanwanigasuriya/Documents/New project/bh_ns_source_generalization/data/raw/rxte/40017-02-12-00/source-5209d370c2b2.bin,5209d370c2b269562ebccc289c4b2bef066f63e5a35e218830930cbaa639fdfc,data/processed/native/40017-02-12-00.npz,79ebaef32a66d68794bec1c5f7d06f5459153b8752ba70b63bbf153864a0bd30,2026-09-22T11:10:47.570274+00:00,PCA_OGIP_RATE43_OVERLAP_V1,PCA_OGIP_RATE43_OVERLAP_V1,data/raw/rxte/40017-02-12-00/acquisition.json,verified,recorded count/s/selected PCU/output bin,recorded count/s/selected PCU/output bin,Propagated archive statistical covariance; calibration/background systematics excluded,no artificial replacements,,f63a8969f1b03c6aab5aaa5735c32ffbca617746b0bbed7369875e1a2f6ae630,,data/provenance/rxte_processing/40017-02-12-00.json,3c9637b15014bb7e0a4b6d453599c60387558b8f1c50a8887857f242bcb91691
40017-02-16-06,40017-02-16-06,40017-02-16-06,cyg_x_2,verified,https://heasarc.gsfc.nasa.gov/FTP/xte/data/archive/AO4/P40017/40017-02-16-06/stdprod/xp40017021606_s2.pha.gz,/Users/youhanwanigasuriya/Documents/New project/bh_ns_source_generalization/data/raw/rxte/40017-02-16-06/source-1a99943e1bd4.bin,1a99943e1bd405bd7bd5683dcc8d594c785a1702ccfe3c68ddc06595b368d2bf,data/processed/native/40017-02-16-06.npz,1631db82d453fb6c0c76c6b1f1e71300e4d01c3aa831771f97cf82616bfb7836,2026-09-22T11:10:47.844006+00:00,PCA_OGIP_RATE43_OVERLAP_V1,PCA_OGIP_RATE43_OVERLAP_V1,data/raw/rxte/40017-02-16-06/acquisition.json,verified,recorded count/s/selected PCU/output bin,recorded count/s/selected PCU/output bin,Propagated archive statistical covariance; calibration/background systematics excluded,no artificial replacements,,fe0d46ce644f4f1f2d0c99753e85186f87be344a413a62a846346d1c68b83384,,data/provenance/rxte_processing/40017-02-16-06.json,0ecf17cd477b2924ba24b2326b3b2d1f343f110237ba0be88644a261f41cf973
40019-03-01-02,40019-03-01-02,40019-03-01-02,4u_1728_34,verified,https://heasarc.gsfc.nasa.gov/FTP/xte/data/archive/AO4/P40019/40019-03-01-02/stdprod/xp40019030102_s2.pha.gz,/Users/youhanwanigasuriya/Documents/New project/bh_ns_source_generalization/data/raw/rxte/40019-03-01-02/source-0fc699ef9c9c.bin,0fc699ef9c9c211fbca36111337cf3107cbd1aed2854e333815a2222664811d0,data/processed/native/40019-03-01-02.npz,7d11d1c1e83412258dabd8b9b9477c09354ffdfbab4f8380f9788003b6140929,2026-09-22T11:07:42.638650+00:00,PCA_OGIP_RATE43_OVERLAP_V1,PCA_OGIP_RATE43_OVERLAP_V1,data/raw/rxte/40019-03-01-02/acquisition.json,verified,recorded count/s/selected PCU/output bin,recorded count/s/selected PCU/output bin,Propagated archive statistical covariance; calibration/background systematics excluded,no artificial replacements,,46332bb215759d10fc273588e7a05aac89e726c8745f10b7fb34686ab2096032,,data/provenance/rxte_processing/40019-03-01-02.json,1304459ef7fa4734d5a8e7c37bb064bcc6d70b3a18382d503a71c4ba9ca386ea
40019-04-04-00,40019-04-04-00,40019-04-04-00,cyg_x_2,verified,https://heasarc.gsfc.nasa.gov/FTP/xte/data/archive/AO4/P40019/40019-04-04-00/stdprod/xp40019040400_s2.pha.gz,/Users/youhanwanigasuriya/Documents/New project/bh_ns_source_generalization/data/raw/rxte/40019-04-04-00/source-a257d5ad7b74.bin,a257d5ad7b74594f67ca4e9465b506d4ecb0c71312d8f6834b499f378a1d9da1,data/processed/native/40019-04-04-00.npz,8b88df9a5347d2110ac3c4177fa01a2b8bea167b11e1b5b4efd749ab1b9e72cd,2026-09-22T11:10:49.253326+00:00,PCA_OGIP_RATE43_OVERLAP_V1,PCA_OGIP_RATE43_OVERLAP_V1,data/raw/rxte/40019-04-04-00/acquisition.json,verified,recorded count/s/selected PCU/output bin,recorded count/s/selected PCU/output bin,Propagated archive statistical covariance; calibration/background systematics excluded,no artificial replacements,,4817dedfe4378a9355cc422a7e85c8ba5a8563876633f33c2f0012426484a611,,data/provenance/rxte_processing/40019-04-04-00.json,06656ad54644f28efc7924545b0fa442e1572716b307117be03113469f74c3b8
40025-03-01-00,40025-03-01-00,40025-03-01-00,ser_x_1,verified,https://heasarc.gsfc.nasa.gov/FTP/xte/data/archive/AO4/P40025/40025-03-01-00/stdprod/xp40025030100_s2.pha.gz,/Users/youhanwanigasuriya/Documents/New project/bh_ns_source_generalization/data/raw/rxte/40025-03-01-00/source-7163758fb03c.bin,7163758fb03cb3c7a3bbfaba1919585b58279b3a91a6db5d8fa3c62a6e14021e,data/processed/native/40025-03-01-00.npz,39d55d316166cfae08de87f9ac426224e5ceae6bc0bc0cf0155d803e96f8c377,2026-09-22T10:56:57.041408+00:00,PCA_OGIP_RATE43_OVERLAP_V1,PCA_OGIP_RATE43_OVERLAP_V1,data/raw/rxte/40025-03-01-00/acquisition.json,verified,recorded count/s/selected PCU/output bin,recorded count/s/selected PCU/output bin,Propagated archive statistical covariance; calibration/background systematics excluded,no artificial replacements,,488a8d33a2b03bade80f346d22df7cccc817a801b22ff55c8c7fab2f2325af37,,data/provenance/rxte_processing/40025-03-01-00.json,faa7d4127f1333d07e035904c885c7119e215996e6cfbf3bf65df671cc052c4b
40025-03-01-01,40025-03-01-01,40025-03-01-01,ser_x_1,verified,https://heasarc.gsfc.nasa.gov/FTP/xte/data/archive/AO4/P40025/40025-03-01-01/stdprod/xp40025030101_s2.pha.gz,/Users/youhanwanigasuriya/Documents/New project/bh_ns_source_generalization/data/raw/rxte/40025-03-01-01/source-60ee3de47418.bin,60ee3de474181a87310eef03c77b6bb1472c541f12faf7d0637237cd85f2abaa,data/processed/native/40025-03-01-01.npz,e7d1e4bc11f4c0ecc570ba45ae7ee524a8f08a6269177cef41addca6b27860a1,2026-09-22T11:19:47.975726+00:00,PCA_OGIP_RATE43_OVERLAP_V1,PCA_OGIP_RATE43_OVERLAP_V1,data/raw/rxte/40025-03-01-01/acquisition.json,verified,recorded count/s/selected PCU/output bin,recorded count/s/selected PCU/output bin,Propagated archive statistical covariance; calibration/background systematics excluded,no artificial replacements,,f81139b44491d540cbbe12294cbebcee879cf07ab1dba12140f08569261aa9df,,data/provenance/rxte_processing/40025-03-01-01.json,20d2ee1b8b51a7809e21a696af0cb4ae9c99aae8098aaaad063a9e70afc43a19
40025-03-01-02,40025-03-01-02,40025-03-01-02,ser_x_1,verified,https://heasarc.gsfc.nasa.gov/FTP/xte/data/archive/AO4/P40025/40025-03-01-02/stdprod/xp40025030102_s2.pha.gz,/Users/youhanwanigasuriya/Documents/New project/bh_ns_source_generalization/data/raw/rxte/40025-03-01-02/source-63075bbe2b04.bin,63075bbe2b0463b14558b5d939904a1dc1b2b39c976cacc128c4d6edce8c399e,data/processed/native/40025-03-01-02.npz,740d29f5982b8fd8701a8b459ccc01c05d0e85f539b4008445f9651e7c5360d3,2026-09-22T11:19:48.251778+00:00,PCA_OGIP_RATE43_OVERLAP_V1,PCA_OGIP_RATE43_OVERLAP_V1,data/raw/rxte/40025-03-01-02/acquisition.json,verified,recorded count/s/selected PCU/output bin,recorded count/s/selected PCU/output bin,Propagated archive statistical covariance; calibration/background systematics excluded,no artificial replacements,,067801c9c1f1cebde50601aa204d1ff32725f885db57fcef988fdf1f0c188f29,,data/provenance/rxte_processing/40025-03-01-02.json,6363912ee7f1df73e5569435f496b9bd1397581ac5b4ff333b427afc51a112ff
40025-03-02-00,40025-03-02-00,40025-03-02-00,ser_x_1,verified,https://heasarc.gsfc.nasa.gov/FTP/xte/data/archive/AO4/P40025/40025-03-02-00/stdprod/xp40025030200_s2.pha.gz,/Users/youhanwanigasuriya/Documents/New project/bh_ns_source_generalization/data/raw/rxte/40025-03-02-00/source-1d8c98fd2467.bin,1d8c98fd2467576da44eef185db34691cc7cbc7efef052df8cf74ccde5b8ad84,data/processed/native/40025-03-02-00.npz,cd18fc8f7e0bc6e624f54195f180a068c5244a92d825f7863410df9c86ba823c,2026-09-22T11:19:48.301234+00:00,PCA_OGIP_RATE43_OVERLAP_V1,PCA_OGIP_RATE43_OVERLAP_V1,data/raw/rxte/40025-03-02-00/acquisition.json,verified,recorded count/s/selected PCU/output bin,recorded count/s/selected PCU/output bin,Propagated archive statistical covariance; calibration/background systematics excluded,no artificial replacements,,2c64804c8d37dabc06a46e734bbaeb77392175edfc2975d0eaef69a4b1f1964f,,data/provenance/rxte_processing/40025-03-02-00.json,f106f7cfeb477e573f9f6046149cbba607425e1fd36a10bdc668846e1196cf0c
40025-03-02-01,40025-03-02-01,40025-03-02-01,ser_x_1,verified,https://heasarc.gsfc.nasa.gov/FTP/xte/data/archive/AO4/P40025/40025-03-02-01/stdprod/xp40025030201_s2.pha.gz,/Users/youhanwanigasuriya/Documents/New project/bh_ns_source_generalization/data/raw/rxte/40025-03-02-01/source-f7e1b4162e83.bin,f7e1b4162e832753915624457f42165f28bcb2a6877b2cbb4b6a87471a76a74d,data/processed/native/40025-03-02-01.npz,b2a7a6eefd40dec116aa9329e458fac5fb81570dea2d74ea1e0f0a1284bb0b74,2026-09-22T11:19:48.801085+00:00,PCA_OGIP_RATE43_OVERLAP_V1,PCA_OGIP_RATE43_OVERLAP_V1,data/raw/rxte/40025-03-02-01/acquisition.json,verified,recorded count/s/selected PCU/output bin,recorded count/s/selected PCU/output bin,Propagated archive statistical covariance; calibration/background systematics excluded,no artificial replacements,,0063772572f4cabae79f8adf65cd3a8701b7c0ad4cbf1d4f313bcefef430cc2a,,data/provenance/rxte_processing/40025-03-02-01.json,e448818781a586a84b4a4d8713671e84fc8851fb77411bd6452839445a121f01
40025-04-01-01,40025-04-01-01,40025-04-01-01,4u_1702_429,verified,https://heasarc.gsfc.nasa.gov/FTP/xte/data/archive/AO4/P40025/40025-04-01-01/stdprod/xp40025040101_s2.pha.gz,/Users/youhanwanigasuriya/Documents/New project/bh_ns_source_generalization/data/raw/rxte/40025-04-01-01/source-86031c53c45a.bin,86031c53c45aecbaa2f25d6262c291fe1965e08cc3eb2a288f77ea2512a52bc1,data/processed/native/40025-04-01-01.npz,c30a8b528b4591ca5acb9901522fe0c2d0d60f3eb3f12be72969f9669aca3018,2026-09-22T11:05:55.455527+00:00,PCA_OGIP_RATE43_OVERLAP_V1,PCA_OGIP_RATE43_OVERLAP_V1,data/raw/rxte/40025-04-01-01/acquisition.json,verified,recorded count/s/selected PCU/output bin,recorded count/s/selected PCU/output bin,Propagated archive statistical covariance; calibration/background systematics excluded,no artificial replacements,,229c29b452b6d7e476a6eae3de9b01fb5faf2704be676b149539aefa03303139,,data/provenance/rxte_processing/40025-04-01-01.json,3bb56545720b1552ab421375d449228e61e5e4c77d3e23e8ba017ece94c2679f
40025-04-02-00,40025-04-02-00,40025-04-02-00,4u_1702_429,verified,https://heasarc.gsfc.nasa.gov/FTP/xte/data/archive/AO4/P40025/40025-04-02-00/stdprod/xp40025040200_s2.pha.gz,/Users/youhanwanigasuriya/Documents/New project/bh_ns_source_generalization/data/raw/rxte/40025-04-02-00/source-efc918207f6e.bin,efc918207f6ede9e46cf4d228598de690095d95195d7057994c3537f79ffd5af,data/processed/native/40025-04-02-00.npz,cb533de0f5c28fc825fa0732b97ee41a90bb90af72c47d6a042a7b2cafa53c02,2026-09-22T11:05:58.834091+00:00,PCA_OGIP_RATE43_OVERLAP_V1,PCA_OGIP_RATE43_OVERLAP_V1,data/raw/rxte/40025-04-02-00/acquisition.json,verified,recorded count/s/selected PCU/output bin,recorded count/s/selected PCU/output bin,Propagated archive statistical covariance; calibration/background systematics excluded,no artificial replacements,,906352cbf7d59ee1413eca827c096304770b034818d5547e33efdddd03b3390a,,data/provenance/rxte_processing/40025-04-02-00.json,bdf9aec14c82bbcf874bcfdb552d808699cf31915f47dd6314733bf68bb39bb4
40025-04-03-01,40025-04-03-01,40025-04-03-01,4u_1702_429,verified,https://heasarc.gsfc.nasa.gov/FTP/xte/data/archive/AO4/P40025/40025-04-03-01/stdprod/xp40025040301_s2.pha.gz,/Users/youhanwanigasuriya/Documents/New project/bh_ns_source_generalization/data/raw/rxte/40025-04-03-01/source-bd9f43655670.bin,bd9f43655670af7011030459ab73649521466d1db74c999e3cac3f5bf56d69ce,data/processed/native/40025-04-03-01.npz,c7476f878fe51d993e642b918985a4098352a823905b72b3baec03e3f4f2e703,2026-09-22T11:05:59.326141+00:00,PCA_OGIP_RATE43_OVERLAP_V1,PCA_OGIP_RATE43_OVERLAP_V1,data/raw/rxte/40025-04-03-01/acquisition.json,verified,recorded count/s/selected PCU/output bin,recorded count/s/selected PCU/output bin,Propagated archive statistical covariance; calibration/background systematics excluded,no artificial replacements,,5fbcd96e7c07cc4aa0799504ed730dd51db741c431b53a60488ea9acda2a8d33,,data/provenance/rxte_processing/40025-04-03-01.json,f01f14022d1848a2671e5f6b1314aa759c2a3b7832673fc589b0c7e230359012
40025-04-03-03,40025-04-03-03,40025-04-03-03,4u_1702_429,verified,https://heasarc.gsfc.nasa.gov/FTP/xte/data/archive/AO4/P40025/40025-04-03-03/stdprod/xp40025040303_s2.pha.gz,/Users/youhanwanigasuriya/Documents/New project/bh_ns_source_generalization/data/raw/rxte/40025-04-03-03/source-0e3bce2a233d.bin,0e3bce2a233d63cc5bbd05f8ec15a750f499ce1add2ff141cca041116fb169fb,data/processed/native/40025-04-03-03.npz,a2e9c090199fb8d91163a0dd18c90a496c5c3fc1c9bfd674c654824aa377585c,2026-09-22T11:06:00.680239+00:00,PCA_OGIP_RATE43_OVERLAP_V1,PCA_OGIP_RATE43_OVERLAP_V1,data/raw/rxte/40025-04-03-03/acquisition.json,verified,recorded count/s/selected PCU/output bin,recorded count/s/selected PCU/output bin,Propagated archive statistical covariance; calibration/background systematics excluded,no artificial replacements,,e5482abcf24b469f995d051c8e8b4b4fbe6542c81d61ccd424f121b0be0a21dd,,data/provenance/rxte_processing/40025-04-03-03.json,a536dd5bf1cb8f507b81094725bdca2f07de982a65d44ae73d872f4879ef315f
40027-06-01-02,40027-06-01-02,40027-06-01-02,4u_1728_34,verified,https://heasarc.gsfc.nasa.gov/FTP/xte/data/archive/AO4/P40027/40027-06-01-02/stdprod/xp40027060102_s2.pha.gz,/Users/youhanwanigasuriya/Documents/New project/bh_ns_source_generalization/data/raw/rxte/40027-06-01-02/source-24f50d9ce820.bin,24f50d9ce8205d8631945efc24b4dcbeb19088ed5c8a36b3b6c9b227a6b327b6,data/processed/native/40027-06-01-02.npz,e4b28c146fbf5f2d035265915c61fd3d4aeaf769a42dd09bc1a0986567d7eeb2,2026-09-22T11:07:37.640025+00:00,PCA_OGIP_RATE43_OVERLAP_V1,PCA_OGIP_RATE43_OVERLAP_V1,data/raw/rxte/40027-06-01-02/acquisition.json,verified,recorded count/s/selected PCU/output bin,recorded count/s/selected PCU/output bin,Propagated archive statistical covariance; calibration/background systematics excluded,no artificial replacements,,5fbcd96e7c07cc4aa0799504ed730dd51db741c431b53a60488ea9acda2a8d33,,data/provenance/rxte_processing/40027-06-01-02.json,b9dacabe14d9c639f5c9a0511ad8468ea5ea77ae192d245f5458713a692ef858
40027-08-02-02,40027-08-02-02,40027-08-02-02,4u_1728_34,verified,https://heasarc.gsfc.nasa.gov/FTP/xte/data/archive/AO4/P40027/40027-08-02-02/stdprod/xp40027080202_s2.pha.gz,/Users/youhanwanigasuriya/Documents/New project/bh_ns_source_generalization/data/raw/rxte/40027-08-02-02/source-814eff985cf8.bin,814eff985cf8f8c885121a1fea1e2130deabf2b30104035051a809a932e9daf8,data/processed/native/40027-08-02-02.npz,e8883286c95cee0c1b8c9c7ca65ea6d4df5fe4728bd262565089a9764f4f63f3,2026-09-22T11:07:41.068014+00:00,PCA_OGIP_RATE43_OVERLAP_V1,PCA_OGIP_RATE43_OVERLAP_V1,data/raw/rxte/40027-08-02-02/acquisition.json,verified,recorded count/s/selected PCU/output bin,recorded count/s/selected PCU/output bin,Propagated archive statistical covariance; calibration/background systematics excluded,no artificial replacements,,0a93dd2d13160e699f96a72790b397424535f7336a929a6bca677700555e03ab,,data/provenance/rxte_processing/40027-08-02-02.json,bbcb00e0778e72638063e67bd8c4655cd978754c75624fd3625ec0d06f4524e4
40028-01-14-02,40028-01-14-02,40028-01-14-02,4u_1636_536,verified,https://heasarc.gsfc.nasa.gov/FTP/xte/data/archive/AO4/P40028/40028-01-14-02/stdprod/xp40028011402_s2.pha.gz,/Users/youhanwanigasuriya/Documents/New project/bh_ns_source_generalization/data/raw/rxte/40028-01-14-02/source-b9b447090624.bin,b9b44709062471ac14a69eb05583800ec43cfb45dbaacf9ab8f4649fa494ab80,data/processed/native/40028-01-14-02.npz,31c809b538327bdd8f0321b25a1e569c77b891e528080c39063b42da1ec9fae6,2026-09-22T11:05:00.485760+00:00,PCA_OGIP_RATE43_OVERLAP_V1,PCA_OGIP_RATE43_OVERLAP_V1,data/raw/rxte/40028-01-14-02/acquisition.json,verified,recorded count/s/selected PCU/output bin,recorded count/s/selected PCU/output bin,Propagated archive statistical covariance; calibration/background systematics excluded,no artificial replacements,,57c422ff67247f2ba5013a7f72696629f1e13160f8a2ad01617a4a8872c8d618,,data/provenance/rxte_processing/40028-01-14-02.json,a0abe52bac2215d4901cea099ab7a847ac93af4e154d41f00d5f1bb71caefef1
40030-01-14-00,40030-01-14-00,40030-01-14-00,4u_0614_09,verified,https://heasarc.gsfc.nasa.gov/FTP/xte/data/archive/AO4/P40030/40030-01-14-00/stdprod/xp40030011400_s2.pha.gz,/Users/youhanwanigasuriya/Documents/New project/bh_ns_source_generalization/data/raw/rxte/40030-01-14-00/source-4f5dc8f28bdf.bin,4f5dc8f28bdfd4be0eb1ed9e564b098cd4a311eabf9386f699f626053438e599,data/processed/native/40030-01-14-00.npz,7725293bdc31a98b3ed3c53baf1655044d62de0c7717c416de56db6f325ebd20,2026-09-22T11:02:25.930626+00:00,PCA_OGIP_RATE43_OVERLAP_V1,PCA_OGIP_RATE43_OVERLAP_V1,data/raw/rxte/40030-01-14-00/acquisition.json,verified,recorded count/s/selected PCU/output bin,recorded count/s/selected PCU/output bin,Propagated archive statistical covariance; calibration/background systematics excluded,no artificial replacements,,30373dbe64d75a1d061a79e79a8445286190d5a58ef830f50a41316b0bd4c33f,,data/provenance/rxte_processing/40030-01-14-00.json,9fae02a015d4ca792554c5e5174e8b5d6f05fcfa3a44dc472163b726e96d334e
40030-02-04-00,40030-02-04-00,40030-02-04-00,4u_1735_444,verified,https://heasarc.gsfc.nasa.gov/FTP/xte/data/archive/AO4/P40030/40030-02-04-00/stdprod/xp40030020400_s2.pha.gz,/Users/youhanwanigasuriya/Documents/New project/bh_ns_source_generalization/data/raw/rxte/40030-02-04-00/source-6b895f0dc60a.bin,6b895f0dc60ae4fc6dfb057680b6d2af605746f23d37278385e5d48c78b4994b,data/processed/native/40030-02-04-00.npz,8584d91a6d8e9b669c4686cc2241dbd4460eb3d47d197e868375b693a2aba75b,2026-09-22T11:08:26.338186+00:00,PCA_OGIP_RATE43_OVERLAP_V1,PCA_OGIP_RATE43_OVERLAP_V1,data/raw/rxte/40030-02-04-00/acquisition.json,verified,recorded count/s/selected PCU/output bin,recorded count/s/selected PCU/output bin,Propagated archive statistical covariance; calibration/background systematics excluded,no artificial replacements,,acda4b133d96ad57b8e913bfde497bd85e5c1a81eb427ac25c280a3f637e6a87,,data/provenance/rxte_processing/40030-02-04-00.json,330ebfc4ec31a40c5ddbf0b137341d75d7f19ac3c5d189a56e219735cfd78c99
40030-02-09-01,40030-02-09-01,40030-02-09-01,4u_1735_444,verified,https://heasarc.gsfc.nasa.gov/FTP/xte/data/archive/AO4/P40030/40030-02-09-01/stdprod/xp40030020901_s2.pha.gz,/Users/youhanwanigasuriya/Documents/New project/bh_ns_source_generalization/data/raw/rxte/40030-02-09-01/source-3f37596dce0e.bin,3f37596dce0ee563352cd628bbd41f0632b91e56ed0a2fc9f789899f6fe9f775,data/processed/native/40030-02-09-01.npz,78e424ca8d4a129d27e4a12d7936746c038af128f0f83e5fd70c394c71c9f60a,2026-09-22T11:08:28.226276+00:00,PCA_OGIP_RATE43_OVERLAP_V1,PCA_OGIP_RATE43_OVERLAP_V1,data/raw/rxte/40030-02-09-01/acquisition.json,verified,recorded count/s/selected PCU/output bin,recorded count/s/selected PCU/output bin,Propagated archive statistical covariance; calibration/background systematics excluded,no artificial replacements,,46332bb215759d10fc273588e7a05aac89e726c8745f10b7fb34686ab2096032,,data/provenance/rxte_processing/40030-02-09-01.json,15e3e21623573cc517cb5f3ab40ee96ca417c59ec841bb5d26d34ce38a85b991
40031-03-03-00,40031-03-03-00,40031-03-03-00,gx_339_4,verified,https://heasarc.gsfc.nasa.gov/FTP/xte/data/archive/AO4/P40031/40031-03-03-00/stdprod/xp40031030300_s2.pha.gz,/Users/youhanwanigasuriya/Documents/New project/bh_ns_source_generalization/data/raw/rxte/40031-03-03-00/source-1fad8e33f3ba.bin,1fad8e33f3ba2d66b4ae8b15cf41ae1ba326f14d16d4579e2d931532ccce5874,data/processed/native/40031-03-03-00.npz,6265280949456a1763dfe6153939accc891db705c5ae795d5f4f60e567104485,2026-09-22T11:12:00.681916+00:00,PCA_OGIP_RATE43_OVERLAP_V1,PCA_OGIP_RATE43_OVERLAP_V1,data/raw/rxte/40031-03-03-00/acquisition.json,verified,recorded count/s/selected PCU/output bin,recorded count/s/selected PCU/output bin,Propagated archive statistical covariance; calibration/background systematics excluded,no artificial replacements,,33b68f9e3f248f5c0b2e605899e0803b385615da6117b8046c8412ba244a82fe,,data/provenance/rxte_processing/40031-03-03-00.json,6ed5681a99559e6c0c467a0505dc59068ef64ed8d4b1024e6cabd711ca28c28f
40033-06-02-05,40033-06-02-05,40033-06-02-05,4u_1728_34,verified,https://heasarc.gsfc.nasa.gov/FTP/xte/data/archive/AO4/P40033/40033-06-02-05/stdprod/xp40033060205_s2.pha.gz,/Users/youhanwanigasuriya/Documents/New project/bh_ns_source_generalization/data/raw/rxte/40033-06-02-05/source-6c04d2111f75.bin,6c04d2111f7532430eb2930d15f551ec28109ace6434224408265e6e5d58e5b5,data/processed/native/40033-06-02-05.npz,5952216cda991bdf3aa4d7b07d89050dc9fc3bead0dc8b69eb9104370f5342f9,2026-09-22T11:07:36.669143+00:00,PCA_OGIP_RATE43_OVERLAP_V1,PCA_OGIP_RATE43_OVERLAP_V1,data/raw/rxte/40033-06-02-05/acquisition.json,verified,recorded count/s/selected PCU/output bin,recorded count/s/selected PCU/output bin,Propagated archive statistical covariance; calibration/background systematics excluded,no artificial replacements,,340e35a5d8990a78fe8e2545066edfc8c88f616631a8c0f326cfef0522b65b26,,data/provenance/rxte_processing/40033-06-02-05.json,00963231fbb1d6a45a11aea849daa520c81182337cfb562685daf1183b5a30fb
40033-07-01-04,40033-07-01-04,40033-07-01-04,4u_1735_444,verified,https://heasarc.gsfc.nasa.gov/FTP/xte/data/archive/AO4/P40033/40033-07-01-04/stdprod/xp40033070104_s2.pha.gz,/Users/youhanwanigasuriya/Documents/New project/bh_ns_source_generalization/data/raw/rxte/40033-07-01-04/source-2d198921a521.bin,2d198921a5211176e0391514ce3c5b9afb95a63f7e358e04059d5685825a9d44,data/processed/native/40033-07-01-04.npz,0209cba815b24fbe8620f300a2d3a40e19a50cb17f546dee99e435f6dfd7a0de,2026-09-22T11:08:25.846319+00:00,PCA_OGIP_RATE43_OVERLAP_V1,PCA_OGIP_RATE43_OVERLAP_V1,data/raw/rxte/40033-07-01-04/acquisition.json,verified,recorded count/s/selected PCU/output bin,recorded count/s/selected PCU/output bin,Propagated archive statistical covariance; calibration/background systematics excluded,no artificial replacements,,34ed2420d21983863f27dd666c5e476a7cd296c595b85d5783c6faf3ee60a332,,data/provenance/rxte_processing/40033-07-01-04.json,8339f2bfc85558de62118a7ab057328a34b3bfdc49c7e8f5f38805b17d758ac0
40033-10-02-07,40033-10-02-07,40033-10-02-07,aql_x_1,verified,https://heasarc.gsfc.nasa.gov/FTP/xte/data/archive/AO4/P40033/40033-10-02-07/stdprod/xp40033100207_s2.pha.gz,/Users/youhanwanigasuriya/Documents/New project/bh_ns_source_generalization/data/raw/rxte/40033-10-02-07/source-3d4ac771f9be.bin,3d4ac771f9be09cf3b790207e7b3b1a1f511cefb9cf0fff15a3517991ce0f038,data/processed/native/40033-10-02-07.npz,7ec77d9db4d98917c2e9b364b2ff6de58bff3d53a2aae0088c4a48707c175947,2026-09-22T11:09:52.471802+00:00,PCA_OGIP_RATE43_OVERLAP_V1,PCA_OGIP_RATE43_OVERLAP_V1,data/raw/rxte/40033-10-02-07/acquisition.json,verified,recorded count/s/selected PCU/output bin,recorded count/s/selected PCU/output bin,Propagated archive statistical covariance; calibration/background systematics excluded,no artificial replacements,,accf843b907ab4332a29323abb7a07c0800e39a16ea0c24acfa5242546e04a1c,,data/provenance/rxte_processing/40033-10-02-07.json,8072ea8f72e59c19d5fee0f7437f8335f8e67448c46554728d8cbe3d7e2a9a64
40035-01-02-01,40035-01-02-01,40035-01-02-01,sax_j1808_4_3658,verified,https://heasarc.gsfc.nasa.gov/FTP/xte/data/archive/AO4/P40035/40035-01-02-01/stdprod/xp40035010201_s2.pha.gz,/Users/youhanwanigasuriya/Documents/New project/bh_ns_source_generalization/data/raw/rxte/40035-01-02-01/source-5a8c151cb87c.bin,5a8c151cb87ca645addd9b8c752f5d73bdfaf2867ecde01526ab2c61b51d6cce,data/processed/native/40035-01-02-01.npz,ad0549a49987926028bd09a7afdee49f5b4d73969d6c4c817403447a2617f8b7,2026-09-22T11:18:07.861979+00:00,PCA_OGIP_RATE43_OVERLAP_V1,PCA_OGIP_RATE43_OVERLAP_V1,data/raw/rxte/40035-01-02-01/acquisition.json,verified,recorded count/s/selected PCU/output bin,recorded count/s/selected PCU/output bin,Propagated archive statistical covariance; calibration/background systematics excluded,no artificial replacements,,4d107c072e1c8c3fca374ce44b88337f09e298c7fecda33b6d7da8a1bc639907,,data/provenance/rxte_processing/40035-01-02-01.json,3f036f17bfec8557356b12e44f411790f26e7ba435f7ce16b7968eaeeb36698e
40035-05-08-00,40035-05-08-00,40035-05-08-00,sax_j1808_4_3658,verified,https://heasarc.gsfc.nasa.gov/FTP/xte/data/archive/AO4/P40035/40035-05-08-00/stdprod/xp40035050800_s2.pha.gz,/Users/youhanwanigasuriya/Documents/New project/bh_ns_source_generalization/data/raw/rxte/40035-05-08-00/source-107f8bdb4f9f.bin,107f8bdb4f9f151851836fddd570357b7118d967c983a00250db56cba1fbb4e4,data/processed/native/40035-05-08-00.npz,cd82a5442b4c36c4a3340f91617c0ce58c1905d6def2f2c02753e4300f17e5c9,2026-09-22T11:18:11.176760+00:00,PCA_OGIP_RATE43_OVERLAP_V1,PCA_OGIP_RATE43_OVERLAP_V1,data/raw/rxte/40035-05-08-00/acquisition.json,verified,recorded count/s/selected PCU/output bin,recorded count/s/selected PCU/output bin,Propagated archive statistical covariance; calibration/background systematics excluded,no artificial replacements,,409dde14772b782312ba5a6a887add0cb0dd0e7fa76814ca7c2efe941cff400a,,data/provenance/rxte_processing/40035-05-08-00.json,a40b1ff6e6f62c153cd8d9c37eb93a7c985897b6cb763375057c0a5fd648bcb0
40047-03-03-00,40047-03-03-00,40047-03-03-00,aql_x_1,verified,https://heasarc.gsfc.nasa.gov/FTP/xte/data/archive/AO4/P40047/40047-03-03-00/stdprod/xp40047030300_s2.pha.gz,/Users/youhanwanigasuriya/Documents/New project/bh_ns_source_generalization/data/raw/rxte/40047-03-03-00/source-0d99fda789a6.bin,0d99fda789a6aeb703edadad613422ebec8baf2493a2ba67043f5cae436b08cd,data/processed/native/40047-03-03-00.npz,ae8c8d5e3b1231956a0ce9185af0b5ba29df854d3251727a1c48d5f31757998a,2026-09-22T11:09:48.034096+00:00,PCA_OGIP_RATE43_OVERLAP_V1,PCA_OGIP_RATE43_OVERLAP_V1,data/raw/rxte/40047-03-03-00/acquisition.json,verified,recorded count/s/selected PCU/output bin,recorded count/s/selected PCU/output bin,Propagated archive statistical covariance; calibration/background systematics excluded,no artificial replacements,,59879f67bfe9b5df4bfa9149d774339ef46f4e8fdbd2205a4356a4a965d81b12,,data/provenance/rxte_processing/40047-03-03-00.json,b05e65ea4742db6743a42ce7ea350ad472df069a1ec6f051eae36e8924828365
40050-04-05-00,40050-04-05-00,40050-04-05-00,mxb_1658_298,verified,https://heasarc.gsfc.nasa.gov/FTP/xte/data/archive/AO4/P40050/40050-04-05-00/stdprod/xp40050040500_s2.pha.gz,/Users/youhanwanigasuriya/Documents/New project/bh_ns_source_generalization/data/raw/rxte/40050-04-05-00/source-e89d54448cf8.bin,e89d54448cf8d9bfa54f383da8a2c84d086bc4facdc43fa9d8568c1b9ef6f59e,data/processed/native/40050-04-05-00.npz,a42cc0289ebc03b338ce9c01850cd9045aefd3550478e9b3b0cf5e6b01fef253,2026-09-22T11:15:27.573482+00:00,PCA_OGIP_RATE43_OVERLAP_V1,PCA_OGIP_RATE43_OVERLAP_V1,data/raw/rxte/40050-04-05-00/acquisition.json,verified,recorded count/s/selected PCU/output bin,recorded count/s/selected PCU/output bin,Propagated archive statistical covariance; calibration/background systematics excluded,no artificial replacements,,b3ea011389357ab8365e1ad28c01fe02d43210de7b04058f5bf1cc42f82a49b4,,data/provenance/rxte_processing/40050-04-05-00.json,9a843dfd73cd3f5816534a2042b32ae7aa020ee9fd4d73e0c377c64172c56a2f
40050-04-05-02,40050-04-05-02,40050-04-05-02,mxb_1658_298,verified,https://heasarc.gsfc.nasa.gov/FTP/xte/data/archive/AO4/P40050/40050-04-05-02/stdprod/xp40050040502_s2.pha.gz,/Users/youhanwanigasuriya/Documents/New project/bh_ns_source_generalization/data/raw/rxte/40050-04-05-02/source-b54628024ce9.bin,b54628024ce975cbb5c92bac2ed798171a2d70c156234e4f000079abbcfef1ca,data/processed/native/40050-04-05-02.npz,07365213a9822dab6caefc32caab247464b7f3959890771f86b8bc1ba365cc2a,2026-09-22T11:15:30.965700+00:00,PCA_OGIP_RATE43_OVERLAP_V1,PCA_OGIP_RATE43_OVERLAP_V1,data/raw/rxte/40050-04-05-02/acquisition.json,verified,recorded count/s/selected PCU/output bin,recorded count/s/selected PCU/output bin,Propagated archive statistical covariance; calibration/background systematics excluded,no artificial replacements,,cb7b6e91d258c5b33c4aeb636b4a39571d0eec29a0d2e29969efc2dac291a258,,data/provenance/rxte_processing/40050-04-05-02.json,b3fdd1342796e19939301da17ddda3a56cfaaf1e295ee65882edcd6e9c46101b
40108-01-04-00,40108-01-04-00,40108-01-04-00,gx_339_4,verified,https://heasarc.gsfc.nasa.gov/FTP/xte/data/archive/AO4/P40108/40108-01-04-00/stdprod/xp40108010400_s2.pha.gz,/Users/youhanwanigasuriya/Documents/New project/bh_ns_source_generalization/data/raw/rxte/40108-01-04-00/source-3fcfa676aea3.bin,3fcfa676aea3a952882404aa2eb333f13d98454248824d785abdb24a8ae8df2b,data/processed/native/40108-01-04-00.npz,25abed1b31e336ee41e31562e864f9330d232e952ac9eefb3f9a0565ad0b0019,2026-09-22T11:11:51.639638+00:00,PCA_OGIP_RATE43_OVERLAP_V1,PCA_OGIP_RATE43_OVERLAP_V1,data/raw/rxte/40108-01-04-00/acquisition.json,verified,recorded count/s/selected PCU/output bin,recorded count/s/selected PCU/output bin,Propagated archive statistical covariance; calibration/background systematics excluded,no artificial replacements,,a429228e5666307b2ff9b10e4b7b9f335fce1fef6b88919590a42814121597e5,,data/provenance/rxte_processing/40108-01-04-00.json,e80530a4c381a1cd27058b8ef41f87838f0fc8f0373dc60096ea01a461ce9154
40122-01-01-03,40122-01-01-03,40122-01-01-03,xte_j1859_226,verified,https://heasarc.gsfc.nasa.gov/FTP/xte/data/archive/AO4/P40122/40122-01-01-03/stdprod/xp40122010103_s2.pha.gz,/Users/youhanwanigasuriya/Documents/New project/bh_ns_source_generalization/data/raw/rxte/40122-01-01-03/source-6b6ab1263117.bin,6b6ab1263117d12f197492890a7536a7c5aa88ffd42b6bf9eefb7fc38e06efa6,data/processed/native/40122-01-01-03.npz,da3dba7a19024714088c4d9b88e2c33fef134540491ce2744f7001b88b15e398,2026-09-22T11:23:50.823026+00:00,PCA_OGIP_RATE43_OVERLAP_V1,PCA_OGIP_RATE43_OVERLAP_V1,data/raw/rxte/40122-01-01-03/acquisition.json,verified,recorded count/s/selected PCU/output bin,recorded count/s/selected PCU/output bin,Propagated archive statistical covariance; calibration/background systematics excluded,no artificial replacements,,99332799985774b54d46047e44face10e52abf51c213c860da6e7e01ca02f29b,,data/provenance/rxte_processing/40122-01-01-03.json,ec815e0e71d549dc5f0977de53a59b5285913640a7d4d254cfa040c89d9d964e
40122-01-03-01,40122-01-03-01,40122-01-03-01,xte_j1859_226,verified,https://heasarc.gsfc.nasa.gov/FTP/xte/data/archive/AO4/P40122/40122-01-03-01/stdprod/xp40122010301_s2.pha.gz,/Users/youhanwanigasuriya/Documents/New project/bh_ns_source_generalization/data/raw/rxte/40122-01-03-01/source-9b155275f359.bin,9b155275f35931b37f733d407ee948b7c01fcc631df139a6a1ebd634aaa3c864,data/processed/native/40122-01-03-01.npz,80179c49fc3b82b4ab01a20a9159315d5830a8c9a4423a022722e5c54ffb0a6a,2026-09-22T11:24:12.805803+00:00,PCA_OGIP_RATE43_OVERLAP_V1,PCA_OGIP_RATE43_OVERLAP_V1,data/raw/rxte/40122-01-03-01/acquisition.json,verified,recorded count/s/selected PCU/output bin,recorded count/s/selected PCU/output bin,Propagated archive statistical covariance; calibration/background systematics excluded,no artificial replacements,,f9c14888d5e3429d9c81ea94f3c229e9d8daf29f57896e8781368d76bc9f28af,,data/provenance/rxte_processing/40122-01-03-01.json,ea3f2643711f72aba8613c8e5059a92d4523dec69cc91aa88f7a43c3dd18b702
40124-01-11-00,40124-01-11-00,40124-01-11-00,xte_j1859_226,verified,https://heasarc.gsfc.nasa.gov/FTP/xte/data/archive/AO4/P40124/40124-01-11-00/stdprod/xp40124011100_s2.pha.gz,/Users/youhanwanigasuriya/Documents/New project/bh_ns_source_generalization/data/raw/rxte/40124-01-11-00/source-2c84dafee9f1.bin,2c84dafee9f10dd56ef9cd59115fb233bde93f13454b59b025450f3fa54be166,data/processed/native/40124-01-11-00.npz,366fa1c9ab080aa563cb65013cd2a1cfca282cbe00f59b10f2fa573874c24d68,2026-09-22T10:57:20.416907+00:00,PCA_OGIP_RATE43_OVERLAP_V1,PCA_OGIP_RATE43_OVERLAP_V1,data/raw/rxte/40124-01-11-00/acquisition.json,verified,recorded count/s/selected PCU/output bin,recorded count/s/selected PCU/output bin,Propagated archive statistical covariance; calibration/background systematics excluded,no artificial replacements,,75851cafac8188b7110ec5c59eed8a6c42b2ead9ce002d6db791653ee77b234c,,data/provenance/rxte_processing/40124-01-11-00.json,5f3cbe46efe6dd71f51cfb06f428a708e434f70d65c48f9cc9ee513b919f08a2
40124-01-15-03,40124-01-15-03,40124-01-15-03,xte_j1859_226,verified,https://heasarc.gsfc.nasa.gov/FTP/xte/data/archive/AO4/P40124/40124-01-15-03/stdprod/xp40124011503_s2.pha.gz,/Users/youhanwanigasuriya/Documents/New project/bh_ns_source_generalization/data/raw/rxte/40124-01-15-03/source-13c72d04a564.bin,13c72d04a564fdbb105ae27c3b91e1f00cf86def0dc6131d353ccfcfe1c5c9d0,data/processed/native/40124-01-15-03.npz,66ff47031c472a365519f38bd89124486c2f55dd46dbbbe7015ed2260c4ac569,2026-09-22T11:23:57.167022+00:00,PCA_OGIP_RATE43_OVERLAP_V1,PCA_OGIP_RATE43_OVERLAP_V1,data/raw/rxte/40124-01-15-03/acquisition.json,verified,recorded count/s/selected PCU/output bin,recorded count/s/selected PCU/output bin,Propagated archive statistical covariance; calibration/background systematics excluded,no artificial replacements,,d9f964b53cdd99b1fc239a5c7d8dec305ef2c793a44a03aca52d8e04844c1f90,,data/provenance/rxte_processing/40124-01-15-03.json,6b7fb69491b193fd4d29a8583a4491de0f8da3f550d54a1ab5377a5620f0548c
40124-01-20-00,40124-01-20-00,40124-01-20-00,xte_j1859_226,verified,https://heasarc.gsfc.nasa.gov/FTP/xte/data/archive/AO4/P40124/40124-01-20-00/stdprod/xp40124012000_s2.pha.gz,/Users/youhanwanigasuriya/Documents/New project/bh_ns_source_generalization/data/raw/rxte/40124-01-20-00/source-ca5bd6c12bf7.bin,ca5bd6c12bf709f9ffe990dacd94c8286d5b3dc44f9ad85116054a5a223d6a12,data/processed/native/40124-01-20-00.npz,0530503fc3a1068c2208818031886c0af20392c239cc4bb58d65cc48abd39214,2026-09-22T11:23:56.760710+00:00,PCA_OGIP_RATE43_OVERLAP_V1,PCA_OGIP_RATE43_OVERLAP_V1,data/raw/rxte/40124-01-20-00/acquisition.json,verified,recorded count/s/selected PCU/output bin,recorded count/s/selected PCU/output bin,Propagated archive statistical covariance; calibration/background systematics excluded,no artificial replacements,,d701cab471bc098a3828f8e89f42c96947950705ece24294330efee59fe03a42,,data/provenance/rxte_processing/40124-01-20-00.json,aeb919fe849d56c08dc5b29b8919664c9adc99888e2a4a52a2dfec0059479df0
40124-01-27-00,40124-01-27-00,40124-01-27-00,xte_j1859_226,verified,https://heasarc.gsfc.nasa.gov/FTP/xte/data/archive/AO4/P40124/40124-01-27-00/stdprod/xp40124012700_s2.pha.gz,/Users/youhanwanigasuriya/Documents/New project/bh_ns_source_generalization/data/raw/rxte/40124-01-27-00/source-9513e5abf4f5.bin,9513e5abf4f5b4c836a36dd51320fe27fdf94dd8a25b4a7ca70f1fe486c22d64,data/processed/native/40124-01-27-00.npz,a342bf07d5f08df58f5c6e65dc31ba33f773b066f647556bc17113570888721a,2026-09-22T11:23:58.932845+00:00,PCA_OGIP_RATE43_OVERLAP_V1,PCA_OGIP_RATE43_OVERLAP_V1,data/raw/rxte/40124-01-27-00/acquisition.json,verified,recorded count/s/selected PCU/output bin,recorded count/s/selected PCU/output bin,Propagated archive statistical covariance; calibration/background systematics excluded,no artificial replacements,,6cf3f059d587381414914bff64d37d3a32d151962f85ee7888db29b68b61ca7d,,data/provenance/rxte_processing/40124-01-27-00.json,45d3d9f9d0e3eed510ba66547692cc22741e40bb4a2a6af16d876ffe4d7153d8
40124-01-30-00,40124-01-30-00,40124-01-30-00,xte_j1859_226,verified,https://heasarc.gsfc.nasa.gov/FTP/xte/data/archive/AO4/P40124/40124-01-30-00/stdprod/xp40124013000_s2.pha.gz,/Users/youhanwanigasuriya/Documents/New project/bh_ns_source_generalization/data/raw/rxte/40124-01-30-00/source-b74b21b3ccb5.bin,b74b21b3ccb54fc67f067ec26f72b588592b82f36a442c4e87e61457683f4a51,data/processed/native/40124-01-30-00.npz,6c62be42583801b7a31f104ff7d818399cdaaf54410a5586b8a6c78b9defe97f,2026-09-22T11:23:59.554060+00:00,PCA_OGIP_RATE43_OVERLAP_V1,PCA_OGIP_RATE43_OVERLAP_V1,data/raw/rxte/40124-01-30-00/acquisition.json,verified,recorded count/s/selected PCU/output bin,recorded count/s/selected PCU/output bin,Propagated archive statistical covariance; calibration/background systematics excluded,no artificial replacements,,92ea38f34e624ff74a7d6fe205a268c3da35427e8d90cd399c77ee7379428d7e,,data/provenance/rxte_processing/40124-01-30-00.json,92f14e4d6dfffb9ef7b8ece8767b668b936b1f5a677e1ddb7ddcf272ec03ac85
40124-01-33-00,40124-01-33-00,40124-01-33-00,xte_j1859_226,verified,https://heasarc.gsfc.nasa.gov/FTP/xte/data/archive/AO4/P40124/40124-01-33-00/stdprod/xp40124013300_s2.pha.gz,/Users/youhanwanigasuriya/Documents/New project/bh_ns_source_generalization/data/raw/rxte/40124-01-33-00/source-9d1cb93382fe.bin,9d1cb93382feb822eb59c1b559cbc528fdf47b5968f9cf00e2eb0ba0df4792fc,data/processed/native/40124-01-33-00.npz,bd44dc174b40d9e844dc723081bc3173511db85cd31d4d114680dad0e24216c1,2026-09-22T11:24:00.623342+00:00,PCA_OGIP_RATE43_OVERLAP_V1,PCA_OGIP_RATE43_OVERLAP_V1,data/raw/rxte/40124-01-33-00/acquisition.json,verified,recorded count/s/selected PCU/output bin,recorded count/s/selected PCU/output bin,Propagated archive statistical covariance; calibration/background systematics excluded,no artificial replacements,,e0beadf4f5eaac4fb6fd838442d4566a487a6ae79642cede2e5c628c0410e192,,data/provenance/rxte_processing/40124-01-33-00.json,c3383fb1ebf8ff61c92b9c67560f4493fbb32c42eb262da232a89960845c37c5
40124-01-35-02,40124-01-35-02,40124-01-35-02,xte_j1859_226,verified,https://heasarc.gsfc.nasa.gov/FTP/xte/data/archive/AO4/P40124/40124-01-35-02/stdprod/xp40124013502_s2.pha.gz,/Users/youhanwanigasuriya/Documents/New project/bh_ns_source_generalization/data/raw/rxte/40124-01-35-02/source-ebed248c5efc.bin,ebed248c5efce30e9b1091e277881b9e31b522e20cb8484da05a95686405dad4,data/processed/native/40124-01-35-02.npz,12ad4a74ef590eec8934389645092920301875f9b85976d238ec2bcede47b903,2026-09-22T11:24:01.676061+00:00,PCA_OGIP_RATE43_OVERLAP_V1,PCA_OGIP_RATE43_OVERLAP_V1,data/raw/rxte/40124-01-35-02/acquisition.json,verified,recorded count/s/selected PCU/output bin,recorded count/s/selected PCU/output bin,Propagated archive statistical covariance; calibration/background systematics excluded,no artificial replacements,,5469793117b3ef788731c61edd7bb1b42020ab75b493ef61673f12f292efa0bd,,data/provenance/rxte_processing/40124-01-35-02.json,a562b39c713db8020de61bb4f964c1c4dd5db2b2b184787e0d776968c4ec19b7
40124-01-36-00,40124-01-36-00,40124-01-36-00,xte_j1859_226,verified,https://heasarc.gsfc.nasa.gov/FTP/xte/data/archive/AO4/P40124/40124-01-36-00/stdprod/xp40124013600_s2.pha.gz,/Users/youhanwanigasuriya/Documents/New project/bh_ns_source_generalization/data/raw/rxte/40124-01-36-00/source-9a3ded50bc5b.bin,9a3ded50bc5ba67f6e40dbfcc8fabb3bf60a7a63daecf1956c5c1589abf4b4d4,data/processed/native/40124-01-36-00.npz,20fefa448a6c91a6321cd49905c90c54e20833628ed47ff4024a8f9582f95d44,2026-09-22T11:24:09.031126+00:00,PCA_OGIP_RATE43_OVERLAP_V1,PCA_OGIP_RATE43_OVERLAP_V1,data/raw/rxte/40124-01-36-00/acquisition.json,verified,recorded count/s/selected PCU/output bin,recorded count/s/selected PCU/output bin,Propagated archive statistical covariance; calibration/background systematics excluded,no artificial replacements,,08051955ee819b940418406fe748abb2c0a47b2cbf51e87b9d0144f6eb0e95b8,,data/provenance/rxte_processing/40124-01-36-00.json,97e802c18c1c6e3e7ad5821fef753f7f3626b6af002ed6bda3b493f0001c8943
40124-01-38-00,40124-01-38-00,40124-01-38-00,xte_j1859_226,verified,https://heasarc.gsfc.nasa.gov/FTP/xte/data/archive/AO4/P40124/40124-01-38-00/stdprod/xp40124013800_s2.pha.gz,/Users/youhanwanigasuriya/Documents/New project/bh_ns_source_generalization/data/raw/rxte/40124-01-38-00/source-cb7740ecc31b.bin,cb7740ecc31b317a5c573a8735219554508cdc835c9f1c55ba5b014df24d00b4,data/processed/native/40124-01-38-00.npz,e34a73241a64626c71fa141e1da32b825905a8c669d5e45d50ff191df05f4c6b,2026-09-22T11:24:09.255929+00:00,PCA_OGIP_RATE43_OVERLAP_V1,PCA_OGIP_RATE43_OVERLAP_V1,data/raw/rxte/40124-01-38-00/acquisition.json,verified,recorded count/s/selected PCU/output bin,recorded count/s/selected PCU/output bin,Propagated archive statistical covariance; calibration/background systematics excluded,no artificial replacements,,7f7ffa0f59d4aaf737bb58260c4c6186d864780902b91e97587a766e423ed984,,data/provenance/rxte_processing/40124-01-38-00.json,1cc522c1b7cf2b51669bffd07327e2d5c40449c69c90f686be1b45d56d10b3ce
40124-01-40-01,40124-01-40-01,40124-01-40-01,xte_j1859_226,verified,https://heasarc.gsfc.nasa.gov/FTP/xte/data/archive/AO4/P40124/40124-01-40-01/stdprod/xp40124014001_s2.pha.gz,/Users/youhanwanigasuriya/Documents/New project/bh_ns_source_generalization/data/raw/rxte/40124-01-40-01/source-b29459e2f62b.bin,b29459e2f62b431f8e15334a00ec57c5d6433b8dc78733d759509a87bee6f494,data/processed/native/40124-01-40-01.npz,30316ae50343ed0d066734ff03066b9e80a99c206fe12d84a82450144b755e3e,2026-09-22T11:24:12.118822+00:00,PCA_OGIP_RATE43_OVERLAP_V1,PCA_OGIP_RATE43_OVERLAP_V1,data/raw/rxte/40124-01-40-01/acquisition.json,verified,recorded count/s/selected PCU/output bin,recorded count/s/selected PCU/output bin,Propagated archive statistical covariance; calibration/background systematics excluded,no artificial replacements,,506acade1b9412e50a2f5c5cd8a70a5be3c4c62c4a348a990a55efae9e088546,,data/provenance/rxte_processing/40124-01-40-01.json,9a29cae58adbd2972db1bd33007039d7bf8543de0c29813d8919721f901c86b3
40124-01-46-00,40124-01-46-00,40124-01-46-00,xte_j1859_226,verified,https://heasarc.gsfc.nasa.gov/FTP/xte/data/archive/AO4/P40124/40124-01-46-00/stdprod/xp40124014600_s2.pha.gz,/Users/youhanwanigasuriya/Documents/New project/bh_ns_source_generalization/data/raw/rxte/40124-01-46-00/source-a9b6bc37ed26.bin,a9b6bc37ed263ad97f808a5f2ae8c7f0656dcf1998f295d385fc1119c7833a59,data/processed/native/40124-01-46-00.npz,075474ac91a27eaf7ccb098be292f4e353989f8ba1ce856d2e9d8c9e67420d04,2026-09-22T11:24:13.964615+00:00,PCA_OGIP_RATE43_OVERLAP_V1,PCA_OGIP_RATE43_OVERLAP_V1,data/raw/rxte/40124-01-46-00/acquisition.json,verified,recorded count/s/selected PCU/output bin,recorded count/s/selected PCU/output bin,Propagated archive statistical covariance; calibration/background systematics excluded,no artificial replacements,,6e8e298e6bb2e9e19fc4c55a0aff649daaa53bce15d57b7e2cb544b90cfd8535,,data/provenance/rxte_processing/40124-01-46-00.json,6b70497b1defc1b1694c0a6b2f03a137796d7a3b428498bdc4b64d6df9b4bbfc
40124-01-49-00,40124-01-49-00,40124-01-49-00,xte_j1859_226,verified,https://heasarc.gsfc.nasa.gov/FTP/xte/data/archive/AO4/P40124/40124-01-49-00/stdprod/xp40124014900_s2.pha.gz,/Users/youhanwanigasuriya/Documents/New project/bh_ns_source_generalization/data/raw/rxte/40124-01-49-00/source-58ca1a1816b6.bin,58ca1a1816b69b554c057922d6e0db4e3b648f79ea585189b99d7f608437ab14,data/processed/native/40124-01-49-00.npz,afeac2ce35a16e855da3bb5ecba4df965c984d641c931d6b151238bf60dbf626,2026-09-22T11:24:14.948601+00:00,PCA_OGIP_RATE43_OVERLAP_V1,PCA_OGIP_RATE43_OVERLAP_V1,data/raw/rxte/40124-01-49-00/acquisition.json,verified,recorded count/s/selected PCU/output bin,recorded count/s/selected PCU/output bin,Propagated archive statistical covariance; calibration/background systematics excluded,no artificial replacements,,dab621a9662fe0e8352e22ade9a1e1e28ff459e0b68b8545a924665fca138433,,data/provenance/rxte_processing/40124-01-49-00.json,d50d9152f285312a77fbda81f89c7f5e3f10b3aab38ffdedc4a15a77101b384a
40124-01-51-00,40124-01-51-00,40124-01-51-00,xte_j1859_226,verified,https://heasarc.gsfc.nasa.gov/FTP/xte/data/archive/AO4/P40124/40124-01-51-00/stdprod/xp40124015100_s2.pha.gz,/Users/youhanwanigasuriya/Documents/New project/bh_ns_source_generalization/data/raw/rxte/40124-01-51-00/source-d8dc98e3015e.bin,d8dc98e3015ec13c4b4821fee8cfaedc6b18a633d8d69f9f65cf1ac6e80bc689,data/processed/native/40124-01-51-00.npz,8717417c2dd54ce825726e836550ae28c2eff152d325e1738596ca696679536b,2026-09-22T10:57:23.076339+00:00,PCA_OGIP_RATE43_OVERLAP_V1,PCA_OGIP_RATE43_OVERLAP_V1,data/raw/rxte/40124-01-51-00/acquisition.json,verified,recorded count/s/selected PCU/output bin,recorded count/s/selected PCU/output bin,Propagated archive statistical covariance; calibration/background systematics excluded,no artificial replacements,,1b715f49478f6993b5beb7ac4d81ad06c78586784b7c9f3ba58fa0af0dbe109f,,data/provenance/rxte_processing/40124-01-51-00.json,4a76f3325220429563fbaddc6c6286704a23abc94a43117f944363b686148de6
40124-01-52-02,40124-01-52-02,40124-01-52-02,xte_j1859_226,verified,https://heasarc.gsfc.nasa.gov/FTP/xte/data/archive/AO4/P40124/40124-01-52-02/stdprod/xp40124015202_s2.pha.gz,/Users/youhanwanigasuriya/Documents/New project/bh_ns_source_generalization/data/raw/rxte/40124-01-52-02/source-61ccd6c8df32.bin,61ccd6c8df32e58e9541ee1c4374456a4671e2cab93e56a78be0dcc8add8a2bb,data/processed/native/40124-01-52-02.npz,66b7ce523b841e167005047c5c7eedb257e9fb2b6a33a5240d4f636fdb775624,2026-09-22T11:24:22.313847+00:00,PCA_OGIP_RATE43_OVERLAP_V1,PCA_OGIP_RATE43_OVERLAP_V1,data/raw/rxte/40124-01-52-02/acquisition.json,verified,recorded count/s/selected PCU/output bin,recorded count/s/selected PCU/output bin,Propagated archive statistical covariance; calibration/background systematics excluded,no artificial replacements,,e2eb46d8b343d06acd19839aa877f1ebc38c155d9e58350741e19eb012f54e6e,,data/provenance/rxte_processing/40124-01-52-02.json,8475da8d30ab1bcbc0a9b035b14664b18a295f3f3baa6ab94ba28a48f60c7d64
40124-01-55-00,40124-01-55-00,40124-01-55-00,xte_j1859_226,verified,https://heasarc.gsfc.nasa.gov/FTP/xte/data/archive/AO4/P40124/40124-01-55-00/stdprod/xp40124015500_s2.pha.gz,/Users/youhanwanigasuriya/Documents/New project/bh_ns_source_generalization/data/raw/rxte/40124-01-55-00/source-2cd55e54debb.bin,2cd55e54debb75663bd77cfacafaf5ae649e45e9853fa97f8a731fcd23ed9bc9,data/processed/native/40124-01-55-00.npz,e6fc9d1f0656af03a561b5fc0f26445d079bb3c973f5433a5eefcd059bc6b20d,2026-09-22T11:24:23.535757+00:00,PCA_OGIP_RATE43_OVERLAP_V1,PCA_OGIP_RATE43_OVERLAP_V1,data/raw/rxte/40124-01-55-00/acquisition.json,verified,recorded count/s/selected PCU/output bin,recorded count/s/selected PCU/output bin,Propagated archive statistical covariance; calibration/background systematics excluded,no artificial replacements,,ca3ccc299e233f79fbaab20c806fa4fba1439f26ab46ec002a107c9e5e37825b,,data/provenance/rxte_processing/40124-01-55-00.json,6625a1eccf2e3d70a41fb685d75e8c1476abef7bc60f8f09bc30c79c5709c294
40124-01-55-03,40124-01-55-03,40124-01-55-03,xte_j1859_226,verified,https://heasarc.gsfc.nasa.gov/FTP/xte/data/archive/AO4/P40124/40124-01-55-03/stdprod/xp40124015503_s2.pha.gz,/Users/youhanwanigasuriya/Documents/New project/bh_ns_source_generalization/data/raw/rxte/40124-01-55-03/source-afc1a14498b7.bin,afc1a14498b78479976b935a24e2cc9ab67389c63588c9b66cf975cb58152eef,data/processed/native/40124-01-55-03.npz,adc4adaad9c1dc12c2dd27262165b25700bc1e22b4ecda470701a20296468c83,2026-09-22T11:24:25.633656+00:00,PCA_OGIP_RATE43_OVERLAP_V1,PCA_OGIP_RATE43_OVERLAP_V1,data/raw/rxte/40124-01-55-03/acquisition.json,verified,recorded count/s/selected PCU/output bin,recorded count/s/selected PCU/output bin,Propagated archive statistical covariance; calibration/background systematics excluded,no artificial replacements,,27729beeaf91ae1ecbce16d9ba494700e8961c7e795a7d8ab19d55815fbddec8,,data/provenance/rxte_processing/40124-01-55-03.json,f835222774c50d8a937532d1dfdf16573c80d4b2fc0db55d583fabe6287cd2ea
40124-01-57-01,40124-01-57-01,40124-01-57-01,xte_j1859_226,verified,https://heasarc.gsfc.nasa.gov/FTP/xte/data/archive/AO4/P40124/40124-01-57-01/stdprod/xp40124015701_s2.pha.gz,/Users/youhanwanigasuriya/Documents/New project/bh_ns_source_generalization/data/raw/rxte/40124-01-57-01/source-0abc0e4b2f88.bin,0abc0e4b2f88f78e415cdaffb211e373be228f36768a6b0a71d2493b7d3c671d,data/processed/native/40124-01-57-01.npz,632ec952fafcaa8ce820e63ada01a58e728f6815ad308a8a3c15263a5031e246,2026-09-22T11:24:25.635979+00:00,PCA_OGIP_RATE43_OVERLAP_V1,PCA_OGIP_RATE43_OVERLAP_V1,data/raw/rxte/40124-01-57-01/acquisition.json,verified,recorded count/s/selected PCU/output bin,recorded count/s/selected PCU/output bin,Propagated archive statistical covariance; calibration/background systematics excluded,no artificial replacements,,8c4adb3c7895cb4e3c5082abde66c37d0df0ea15e0082fe34011c74a3ade1824,,data/provenance/rxte_processing/40124-01-57-01.json,0002db04db85d941ee8adbaa831680ab61fa3dfe1667d4ea0c253a2676eec607
40124-01-58-03,40124-01-58-03,40124-01-58-03,xte_j1859_226,verified,https://heasarc.gsfc.nasa.gov/FTP/xte/data/archive/AO4/P40124/40124-01-58-03/stdprod/xp40124015803_s2.pha.gz,/Users/youhanwanigasuriya/Documents/New project/bh_ns_source_generalization/data/raw/rxte/40124-01-58-03/source-6ea2d0f73f0e.bin,6ea2d0f73f0ef9b549ddf8543ed81a5ddf90cc3b4dbbc84d7672a4255a0acf89,data/processed/native/40124-01-58-03.npz,5e233150453a64a32622fbc907d992d9522af86211d8e47ef206fbd4a16d4386,2026-09-22T11:24:37.017396+00:00,PCA_OGIP_RATE43_OVERLAP_V1,PCA_OGIP_RATE43_OVERLAP_V1,data/raw/rxte/40124-01-58-03/acquisition.json,verified,recorded count/s/selected PCU/output bin,recorded count/s/selected PCU/output bin,Propagated archive statistical covariance; calibration/background systematics excluded,no artificial replacements,,48c8427678823e491b76a33c9b6509a5307b82ace3c5b0016a77c1687bbd2736,,data/provenance/rxte_processing/40124-01-58-03.json,d37c116bb66508899c886b918c847abc745033c190ab969e170c6fc8b1edf73c
40124-01-61-00,40124-01-61-00,40124-01-61-00,xte_j1859_226,verified,https://heasarc.gsfc.nasa.gov/FTP/xte/data/archive/AO4/P40124/40124-01-61-00/stdprod/xp40124016100_s2.pha.gz,/Users/youhanwanigasuriya/Documents/New project/bh_ns_source_generalization/data/raw/rxte/40124-01-61-00/source-f2506a362021.bin,f2506a362021f59dbfeb3873868058fe42d18b9f35f6180567e77886633d135a,data/processed/native/40124-01-61-00.npz,b8f51301dc4c399ad3618fbdf4f911651851fa81146dc570db8bc7bbd93b32bb,2026-09-22T11:24:37.155995+00:00,PCA_OGIP_RATE43_OVERLAP_V1,PCA_OGIP_RATE43_OVERLAP_V1,data/raw/rxte/40124-01-61-00/acquisition.json,verified,recorded count/s/selected PCU/output bin,recorded count/s/selected PCU/output bin,Propagated archive statistical covariance; calibration/background systematics excluded,no artificial replacements,,6ed855b9d2e5aec31e036d365acb9c373d29abe7b415015d984b918373037529,,data/provenance/rxte_processing/40124-01-61-00.json,a19aa321c64155120adf04c5b53cc1d4c095a40344761ddaf93f0ae687644246
40124-01-63-00,40124-01-63-00,40124-01-63-00,xte_j1859_226,verified,https://heasarc.gsfc.nasa.gov/FTP/xte/data/archive/AO4/P40124/40124-01-63-00/stdprod/xp40124016300_s2.pha.gz,/Users/youhanwanigasuriya/Documents/New project/bh_ns_source_generalization/data/raw/rxte/40124-01-63-00/source-1bfcf5199ee2.bin,1bfcf5199ee2cb583d90d447dd8608b4ee756a7c604f1aa2c127560c46afedda,data/processed/native/40124-01-63-00.npz,b7bc5cb77d8f21039c9e64c773e52ae9b0ec5d1dbd893e5d687c9027e9183c06,2026-09-22T11:24:37.819762+00:00,PCA_OGIP_RATE43_OVERLAP_V1,PCA_OGIP_RATE43_OVERLAP_V1,data/raw/rxte/40124-01-63-00/acquisition.json,verified,recorded count/s/selected PCU/output bin,recorded count/s/selected PCU/output bin,Propagated archive statistical covariance; calibration/background systematics excluded,no artificial replacements,,70fc582653d219bbd88f0b5ec28e359377b04122ee34e1dad021e11519a9bda1,,data/provenance/rxte_processing/40124-01-63-00.json,29081366088e5f58cf97d9cb036c40e2215b2eda59180e7e49c1434760016e82
40124-01-65-00,40124-01-65-00,40124-01-65-00,xte_j1859_226,verified,https://heasarc.gsfc.nasa.gov/FTP/xte/data/archive/AO4/P40124/40124-01-65-00/stdprod/xp40124016500_s2.pha.gz,/Users/youhanwanigasuriya/Documents/New project/bh_ns_source_generalization/data/raw/rxte/40124-01-65-00/source-ccba55522940.bin,ccba555229403f331ac5cf65372b51a4fe386e8d2afa7874f06b6b01516a599b,data/processed/native/40124-01-65-00.npz,09a2baf7f3fd0b248addaf8c0dbc511bf3c1c321a8adaaad955d856ef2fa4b2f,2026-09-22T11:24:37.855213+00:00,PCA_OGIP_RATE43_OVERLAP_V1,PCA_OGIP_RATE43_OVERLAP_V1,data/raw/rxte/40124-01-65-00/acquisition.json,verified,recorded count/s/selected PCU/output bin,recorded count/s/selected PCU/output bin,Propagated archive statistical covariance; calibration/background systematics excluded,no artificial replacements,,57c422ff67247f2ba5013a7f72696629f1e13160f8a2ad01617a4a8872c8d618,,data/provenance/rxte_processing/40124-01-65-00.json,c0b8f8a58db11218e3d830d56d7a6efe55357c1869ec24ed8ebc4965e07ed509
40401-01-08-00,40401-01-08-00,40401-01-08-00,xte_j1550_564,verified,https://heasarc.gsfc.nasa.gov/FTP/xte/data/archive/AO4/P40401/40401-01-08-00/stdprod/xp40401010800_s2.pha.gz,/Users/youhanwanigasuriya/Documents/New project/bh_ns_source_generalization/data/raw/rxte/40401-01-08-00/source-902141765615.bin,90214176561542550244fa8d0aedee40cfb7edfe43e1f48ba0028626c3a55ee5,data/processed/native/40401-01-08-00.npz,1c559c42f3ae02a6437bcffee0e510e62d3f82e8fbde1701de81aeb67e12e976,2026-09-22T11:23:15.468147+00:00,PCA_OGIP_RATE43_OVERLAP_V1,PCA_OGIP_RATE43_OVERLAP_V1,data/raw/rxte/40401-01-08-00/acquisition.json,verified,recorded count/s/selected PCU/output bin,recorded count/s/selected PCU/output bin,Propagated archive statistical covariance; calibration/background systematics excluded,no artificial replacements,,5fc1dfabf00d7ce5d9385b8a6b3053afe00672bc9755cac89f4b069e4f042db9,,data/provenance/rxte_processing/40401-01-08-00.json,c79a99b60b2cc1d9303dc0be00585a46cc267562b4a8c4176701d53fe0c6e961
40401-01-18-00,40401-01-18-00,40401-01-18-00,xte_j1550_564,verified,https://heasarc.gsfc.nasa.gov/FTP/xte/data/archive/AO4/P40401/40401-01-18-00/stdprod/xp40401011800_s2.pha.gz,/Users/youhanwanigasuriya/Documents/New project/bh_ns_source_generalization/data/raw/rxte/40401-01-18-00/source-87a2c5c47cae.bin,87a2c5c47caea6adddc0485eb7703740032bde0a93712abffd15114980763e11,data/processed/native/40401-01-18-00.npz,4a8f55bf3f2c3621ce2efd653480b39c804f5cc49399318a89ce3eda5b9356e4,2026-09-22T11:23:15.863301+00:00,PCA_OGIP_RATE43_OVERLAP_V1,PCA_OGIP_RATE43_OVERLAP_V1,data/raw/rxte/40401-01-18-00/acquisition.json,verified,recorded count/s/selected PCU/output bin,recorded count/s/selected PCU/output bin,Propagated archive statistical covariance; calibration/background systematics excluded,no artificial replacements,,1e28a213b1a12091b7a794f69746f7b4eec8627f0b547e2ba76fb00511c67224,,data/provenance/rxte_processing/40401-01-18-00.json,566120f2e990d55b722530d756a4926e9305a265617482fb407877e14299674e
40401-01-26-00,40401-01-26-00,40401-01-26-00,xte_j1550_564,verified,https://heasarc.gsfc.nasa.gov/FTP/xte/data/archive/AO4/P40401/40401-01-26-00/stdprod/xp40401012600_s2.pha.gz,/Users/youhanwanigasuriya/Documents/New project/bh_ns_source_generalization/data/raw/rxte/40401-01-26-00/source-b92a160ee507.bin,b92a160ee507d7a227b571e362488890bd12966f027a825188d86a2c36853c95,data/processed/native/40401-01-26-00.npz,303a6894536b1f857433167793798d22842c20707b54d094242470c50c3a1f70,2026-09-22T11:23:16.539220+00:00,PCA_OGIP_RATE43_OVERLAP_V1,PCA_OGIP_RATE43_OVERLAP_V1,data/raw/rxte/40401-01-26-00/acquisition.json,verified,recorded count/s/selected PCU/output bin,recorded count/s/selected PCU/output bin,Propagated archive statistical covariance; calibration/background systematics excluded,no artificial replacements,,120a4547856d09cc3c0fc5ad2fe63975ed395f8831563690bd90e5bdb9971bde,,data/provenance/rxte_processing/40401-01-26-00.json,ceb04c85c619886d61ee6ab001af76471b5d3d5490203e6da1f0792f7fbb4b4f
40401-01-35-01,40401-01-35-01,40401-01-35-01,xte_j1550_564,verified,https://heasarc.gsfc.nasa.gov/FTP/xte/data/archive/AO4/P40401/40401-01-35-01/stdprod/xp40401013501_s2.pha.gz,/Users/youhanwanigasuriya/Documents/New project/bh_ns_source_generalization/data/raw/rxte/40401-01-35-01/source-817e23099ea9.bin,817e23099ea97557e0546af834e7e11eb0927f55ce4691bf4d12b224610cb51a,data/processed/native/40401-01-35-01.npz,050aeb0f6f410a034cb288456d2de7b49aaa501b331068c2a4b907b095805c3b,2026-09-22T11:23:19.447412+00:00,PCA_OGIP_RATE43_OVERLAP_V1,PCA_OGIP_RATE43_OVERLAP_V1,data/raw/rxte/40401-01-35-01/acquisition.json,verified,recorded count/s/selected PCU/output bin,recorded count/s/selected PCU/output bin,Propagated archive statistical covariance; calibration/background systematics excluded,no artificial replacements,,d75f4abb7092927073f5db4d1127cc157db8e45769c967d2e2b05145eddd18a3,,data/provenance/rxte_processing/40401-01-35-01.json,b4b5eb08bbe56cc1cb09c0fcc20b44444abf6c18b1a09fc28906a162eeaf9f2d
40401-01-43-00,40401-01-43-00,40401-01-43-00,xte_j1550_564,verified,https://heasarc.gsfc.nasa.gov/FTP/xte/data/archive/AO4/P40401/40401-01-43-00/stdprod/xp40401014300_s2.pha.gz,/Users/youhanwanigasuriya/Documents/New project/bh_ns_source_generalization/data/raw/rxte/40401-01-43-00/source-61dd81827fd1.bin,61dd81827fd16613b94f12c3d5db27f57cffc0c798ff4f812a8adcfd2d760e5e,data/processed/native/40401-01-43-00.npz,f26ee206067de9d60a6c803f72229413a7f31d728aa73c8394fb99942d5ae3be,2026-09-22T11:23:20.410425+00:00,PCA_OGIP_RATE43_OVERLAP_V1,PCA_OGIP_RATE43_OVERLAP_V1,data/raw/rxte/40401-01-43-00/acquisition.json,verified,recorded count/s/selected PCU/output bin,recorded count/s/selected PCU/output bin,Propagated archive statistical covariance; calibration/background systematics excluded,no artificial replacements,,229c29b452b6d7e476a6eae3de9b01fb5faf2704be676b149539aefa03303139,,data/provenance/rxte_processing/40401-01-43-00.json,d652c7d0a1afaa13eb36fad475fb76f792b6233e69a8557102092e977a1629f4
40401-01-53-00,40401-01-53-00,40401-01-53-00,xte_j1550_564,verified,https://heasarc.gsfc.nasa.gov/FTP/xte/data/archive/AO4/P40401/40401-01-53-00/stdprod/xp40401015300_s2.pha.gz,/Users/youhanwanigasuriya/Documents/New project/bh_ns_source_generalization/data/raw/rxte/40401-01-53-00/source-26ecde19191d.bin,26ecde19191d936d9341ed9b5c3af7e74c88d9aa6abb55b99606e212df7bedf9,data/processed/native/40401-01-53-00.npz,ab2d7193237cc97a52058eb540ca2758cb0632f6b2abcbc03ab8b8dbe9409494,2026-09-22T11:23:25.353217+00:00,PCA_OGIP_RATE43_OVERLAP_V1,PCA_OGIP_RATE43_OVERLAP_V1,data/raw/rxte/40401-01-53-00/acquisition.json,verified,recorded count/s/selected PCU/output bin,recorded count/s/selected PCU/output bin,Propagated archive statistical covariance; calibration/background systematics excluded,no artificial replacements,,94196cc5bde4fee57166544d063c17e37807defbd08083daf9c994b7f24961d0,,data/provenance/rxte_processing/40401-01-53-00.json,b296ffac97bb7e12a2884bfc9c629900f5a942cc7e6007a564f06bfa81ede3ce
40401-01-60-00,40401-01-60-00,40401-01-60-00,xte_j1550_564,verified,https://heasarc.gsfc.nasa.gov/FTP/xte/data/archive/AO4/P40401/40401-01-60-00/stdprod/xp40401016000_s2.pha.gz,/Users/youhanwanigasuriya/Documents/New project/bh_ns_source_generalization/data/raw/rxte/40401-01-60-00/source-53798aabeb63.bin,53798aabeb6375ecc7529caec448ed7c2a41ab6bf322a2f8addade9346977082,data/processed/native/40401-01-60-00.npz,2a38e1eda67609e252b917e56c8dbb5397845c1ab7f2144653a0060b98ad4779,2026-09-22T11:23:25.859952+00:00,PCA_OGIP_RATE43_OVERLAP_V1,PCA_OGIP_RATE43_OVERLAP_V1,data/raw/rxte/40401-01-60-00/acquisition.json,verified,recorded count/s/selected PCU/output bin,recorded count/s/selected PCU/output bin,Propagated archive statistical covariance; calibration/background systematics excluded,no artificial replacements,,e8cf99e4f66859c7db00697ca9f99cad002cff786110df056109097d96fa81fb,,data/provenance/rxte_processing/40401-01-60-00.json,c9479ff366c5b512df88e97381e6851bf174b28eeb8020ab0428a65611ff1fa0
40401-01-70-00,40401-01-70-00,40401-01-70-00,xte_j1550_564,verified,https://heasarc.gsfc.nasa.gov/FTP/xte/data/archive/AO4/P40401/40401-01-70-00/stdprod/xp40401017000_s2.pha.gz,/Users/youhanwanigasuriya/Documents/New project/bh_ns_source_generalization/data/raw/rxte/40401-01-70-00/source-4e7a8f99169a.bin,4e7a8f99169a95ce29041e89b399b44877b005d95e3898b3414592f0f4b5ff9c,data/processed/native/40401-01-70-00.npz,cb481a48a474d5b105c9052898cfe91797a5a6ef14bcaf45317f8e22767492ec,2026-09-22T10:57:19.768218+00:00,PCA_OGIP_RATE43_OVERLAP_V1,PCA_OGIP_RATE43_OVERLAP_V1,data/raw/rxte/40401-01-70-00/acquisition.json,verified,recorded count/s/selected PCU/output bin,recorded count/s/selected PCU/output bin,Propagated archive statistical covariance; calibration/background systematics excluded,no artificial replacements,,7e0932445cd8252bf7fc3308542ba5ee985db699e5963d23da8c140a2fe6432b,,data/provenance/rxte_processing/40401-01-70-00.json,7038bfe9130c5b8f329ef087df520bad1ee4c449c66e9ea8051e157de9e673c1
40401-01-80-00,40401-01-80-00,40401-01-80-00,xte_j1550_564,verified,https://heasarc.gsfc.nasa.gov/FTP/xte/data/archive/AO4/P40401/40401-01-80-00/stdprod/xp40401018000_s2.pha.gz,/Users/youhanwanigasuriya/Documents/New project/bh_ns_source_generalization/data/raw/rxte/40401-01-80-00/source-36c8cfdd97be.bin,36c8cfdd97be6f424acb7296a7363108dd756bc1fce9b80427f7e1a3b876ad5d,data/processed/native/40401-01-80-00.npz,873e3b678fa07a91256a675637362eb163aa0de0c39b9ccd476d3c0586aa3366,2026-09-22T11:23:26.933323+00:00,PCA_OGIP_RATE43_OVERLAP_V1,PCA_OGIP_RATE43_OVERLAP_V1,data/raw/rxte/40401-01-80-00/acquisition.json,verified,recorded count/s/selected PCU/output bin,recorded count/s/selected PCU/output bin,Propagated archive statistical covariance; calibration/background systematics excluded,no artificial replacements,,e38ec0bd9c14813ce348df4ecceb80a309eb046740441a4e1a643bb7dc45a218,,data/provenance/rxte_processing/40401-01-80-00.json,85c2fd7cabdc326f31de353864dd153691fdf30035b90940661c77826c5af43a
40401-01-82-04,40401-01-82-04,40401-01-82-04,xte_j1550_564,verified,https://heasarc.gsfc.nasa.gov/FTP/xte/data/archive/AO4/P40401/40401-01-82-04/stdprod/xp40401018204_s2.pha.gz,/Users/youhanwanigasuriya/Documents/New project/bh_ns_source_generalization/data/raw/rxte/40401-01-82-04/source-ca370e5dd1ea.bin,ca370e5dd1ea00ddc3aed92bbbbae16cc49e544b67d241b41ff1d72b23befa5d,data/processed/native/40401-01-82-04.npz,8ae6991cd32a8f1bd522c93e17e6333f37c18b4bc94aec47df9334fe8d965ca1,2026-09-22T11:23:26.948295+00:00,PCA_OGIP_RATE43_OVERLAP_V1,PCA_OGIP_RATE43_OVERLAP_V1,data/raw/rxte/40401-01-82-04/acquisition.json,verified,recorded count/s/selected PCU/output bin,recorded count/s/selected PCU/output bin,Propagated archive statistical covariance; calibration/background systematics excluded,no artificial replacements,,b773afc7c28f4a5545e77db530ea3085f9fc7766aa29cc3f200f7d08acaaa2fc,,data/provenance/rxte_processing/40401-01-82-04.json,4dcc75fd38741da7743759c45a67b61be24c49d5867ee147caf92e6b6cd07ce2
40401-01-90-01,40401-01-90-01,40401-01-90-01,xte_j1550_564,verified,https://heasarc.gsfc.nasa.gov/FTP/xte/data/archive/AO4/P40401/40401-01-90-01/stdprod/xp40401019001_s2.pha.gz,/Users/youhanwanigasuriya/Documents/New project/bh_ns_source_generalization/data/raw/rxte/40401-01-90-01/source-d371684deb82.bin,d371684deb82417e5bb323ea20c356a49c26acbd4538a9cc532cdc937afdf9b2,data/processed/native/40401-01-90-01.npz,383e780786c7ebe59a748a6e67111ddd9d5df9a09458edd3ec830542d6a1103a,2026-09-22T11:23:29.622643+00:00,PCA_OGIP_RATE43_OVERLAP_V1,PCA_OGIP_RATE43_OVERLAP_V1,data/raw/rxte/40401-01-90-01/acquisition.json,verified,recorded count/s/selected PCU/output bin,recorded count/s/selected PCU/output bin,Propagated archive statistical covariance; calibration/background systematics excluded,no artificial replacements,,811c0d29d4a892dfa5b136206b3e01e149bce19cff962d2fbe1a8f040196e0c4,,data/provenance/rxte_processing/40401-01-90-01.json,673fac5647f879371654489944f1638bdfcd61b46d5200c654edfee78b059e49
40401-01-96-01,40401-01-96-01,40401-01-96-01,xte_j1550_564,verified,https://heasarc.gsfc.nasa.gov/FTP/xte/data/archive/AO4/P40401/40401-01-96-01/stdprod/xp40401019601_s2.pha.gz,/Users/youhanwanigasuriya/Documents/New project/bh_ns_source_generalization/data/raw/rxte/40401-01-96-01/source-ae12ca2c7e43.bin,ae12ca2c7e4373b0461ca4d4bbf79313b7c85325236c27f25bad2442eb2785cd,data/processed/native/40401-01-96-01.npz,9231952726f574515412416f7821da390298d64f0e8dd6753576f5522eb8eacf,2026-09-22T11:23:30.707026+00:00,PCA_OGIP_RATE43_OVERLAP_V1,PCA_OGIP_RATE43_OVERLAP_V1,data/raw/rxte/40401-01-96-01/acquisition.json,verified,recorded count/s/selected PCU/output bin,recorded count/s/selected PCU/output bin,Propagated archive statistical covariance; calibration/background systematics excluded,no artificial replacements,,e04cedd68f4ade266b01e3c430df244615b2e06333a976a2c4d61b1de2c2e5da,,data/provenance/rxte_processing/40401-01-96-01.json,14fa5bad50da4fbb4c9bf70fa56713df45fd2f6c871e631aee4a4e160f001ab0
40414-01-01-00,40414-01-01-00,40414-01-01-00,mxb_1658_298,verified,https://heasarc.gsfc.nasa.gov/FTP/xte/data/archive/AO4/P40414/40414-01-01-00/stdprod/xp40414010100_s2.pha.gz,/Users/youhanwanigasuriya/Documents/New project/bh_ns_source_generalization/data/raw/rxte/40414-01-01-00/source-b57d732bbecf.bin,b57d732bbecfd4e92de8b479d53904445729d60b9d18ceeb1aead75d9d8a03db,data/processed/native/40414-01-01-00.npz,58edcf778ddbd71f8eb8a9d44f68ee8a899c9615f96c0a65841d04d8ccf571e6,2026-09-22T11:15:27.542662+00:00,PCA_OGIP_RATE43_OVERLAP_V1,PCA_OGIP_RATE43_OVERLAP_V1,data/raw/rxte/40414-01-01-00/acquisition.json,verified,recorded count/s/selected PCU/output bin,recorded count/s/selected PCU/output bin,Propagated archive statistical covariance; calibration/background systematics excluded,no artificial replacements,,da729de6df787b9c5a2de275a0461859c1f923641cfd3b659f463957a100b1ed,,data/provenance/rxte_processing/40414-01-01-00.json,6aae10a03913d34e74cce30acaa6130f59830b30bc22603a247387f41e9280a8
40414-01-02-00,40414-01-02-00,40414-01-02-00,mxb_1658_298,verified,https://heasarc.gsfc.nasa.gov/FTP/xte/data/archive/AO4/P40414/40414-01-02-00/stdprod/xp40414010200_s2.pha.gz,/Users/youhanwanigasuriya/Documents/New project/bh_ns_source_generalization/data/raw/rxte/40414-01-02-00/source-18484358d109.bin,18484358d109da0206380cc4f9d473685e1130bb1686a9acde10df3195de164b,data/processed/native/40414-01-02-00.npz,2b0c807ca62486c3539646576fe910d528cd2b0cf38356f2e6f967b2d124c27d,2026-09-22T11:15:34.870974+00:00,PCA_OGIP_RATE43_OVERLAP_V1,PCA_OGIP_RATE43_OVERLAP_V1,data/raw/rxte/40414-01-02-00/acquisition.json,verified,recorded count/s/selected PCU/output bin,recorded count/s/selected PCU/output bin,Propagated archive statistical covariance; calibration/background systematics excluded,no artificial replacements,,ae1f066dcd3a47582ef69e3bd9b8a366cb77960658935d99cc4693d955dcd493,,data/provenance/rxte_processing/40414-01-02-00.json,0c0692c0b6d6ef1a769f74474321a3ef3d7436ae2258dc3c81e24c875962f9cf
40414-01-04-00,40414-01-04-00,40414-01-04-00,mxb_1658_298,verified,https://heasarc.gsfc.nasa.gov/FTP/xte/data/archive/AO4/P40414/40414-01-04-00/stdprod/xp40414010400_s2.pha.gz,/Users/youhanwanigasuriya/Documents/New project/bh_ns_source_generalization/data/raw/rxte/40414-01-04-00/source-36c8ca1a52a2.bin,36c8ca1a52a2773fc18c8c6eeeed6b2fd6f4dd48d60f33353c672caad23cc6e5,data/processed/native/40414-01-04-00.npz,a1ac8a80416b48cebaa5c863187e14316188513247c0fdb27ffbd4154c0d1132,2026-09-22T11:15:35.315616+00:00,PCA_OGIP_RATE43_OVERLAP_V1,PCA_OGIP_RATE43_OVERLAP_V1,data/raw/rxte/40414-01-04-00/acquisition.json,verified,recorded count/s/selected PCU/output bin,recorded count/s/selected PCU/output bin,Propagated archive statistical covariance; calibration/background systematics excluded,no artificial replacements,,e38ec0bd9c14813ce348df4ecceb80a309eb046740441a4e1a643bb7dc45a218,,data/provenance/rxte_processing/40414-01-04-00.json,2a210479e6ba3b3f8313175b0c0255edebf47bf27ae795bfc433958a853a3c93
40414-01-06-00,40414-01-06-00,40414-01-06-00,mxb_1658_298,verified,https://heasarc.gsfc.nasa.gov/FTP/xte/data/archive/AO4/P40414/40414-01-06-00/stdprod/xp40414010600_s2.pha.gz,/Users/youhanwanigasuriya/Documents/New project/bh_ns_source_generalization/data/raw/rxte/40414-01-06-00/source-93fd28cc9aba.bin,93fd28cc9aba198f95337ef2fdfa4bfa1e35813d2fbed4d35593ef532e68a6c2,data/processed/native/40414-01-06-00.npz,1e83756753910a8f73b6bcde324ace2db4a11302273cff9061cd1e2d7ee0fa5d,2026-09-22T11:15:36.658023+00:00,PCA_OGIP_RATE43_OVERLAP_V1,PCA_OGIP_RATE43_OVERLAP_V1,data/raw/rxte/40414-01-06-00/acquisition.json,verified,recorded count/s/selected PCU/output bin,recorded count/s/selected PCU/output bin,Propagated archive statistical covariance; calibration/background systematics excluded,no artificial replacements,,785d95752c0fb45a5013f8ec57c77834f0159fe6e75f40db4eef74e123f6b31e,,data/provenance/rxte_processing/40414-01-06-00.json,14a57c64879e6625f018262c19cd7aea323a4a7a97538ec80177ba4c78ba8244
40414-01-08-00,40414-01-08-00,40414-01-08-00,mxb_1658_298,verified,https://heasarc.gsfc.nasa.gov/FTP/xte/data/archive/AO4/P40414/40414-01-08-00/stdprod/xp40414010800_s2.pha.gz,/Users/youhanwanigasuriya/Documents/New project/bh_ns_source_generalization/data/raw/rxte/40414-01-08-00/source-3531cb2e9d7e.bin,3531cb2e9d7edbbf531191b76b759ab64321c0a79ee7e8385384b3bb14fbcdaa,data/processed/native/40414-01-08-00.npz,54198aff0fd03dcc1bed660821fc3c651a04185b0df9efe4702b069b26d7be96,2026-09-22T11:15:37.594094+00:00,PCA_OGIP_RATE43_OVERLAP_V1,PCA_OGIP_RATE43_OVERLAP_V1,data/raw/rxte/40414-01-08-00/acquisition.json,verified,recorded count/s/selected PCU/output bin,recorded count/s/selected PCU/output bin,Propagated archive statistical covariance; calibration/background systematics excluded,no artificial replacements,,2e80a2fa0cc3fbd014e42e5abff3bf0dd1ef60152937bf4876d33175666b42f6,,data/provenance/rxte_processing/40414-01-08-00.json,7dc51ece7d7f123aef9fed76da1bd123c884b90983c0124237f74dc08ae8497e
40414-01-10-00,40414-01-10-00,40414-01-10-00,mxb_1658_298,verified,https://heasarc.gsfc.nasa.gov/FTP/xte/data/archive/AO4/P40414/40414-01-10-00/stdprod/xp40414011000_s2.pha.gz,/Users/youhanwanigasuriya/Documents/New project/bh_ns_source_generalization/data/raw/rxte/40414-01-10-00/source-b1e7946f03ec.bin,b1e7946f03ecd738b0e24dc914528e68f0ac77b8f39fb7e9c01f68ba57136f98,data/processed/native/40414-01-10-00.npz,d2452ae3c824c83e21e5538486c4b95ea61d9d15f00488674e80c86f8c2f7b85,2026-09-22T11:15:38.428132+00:00,PCA_OGIP_RATE43_OVERLAP_V1,PCA_OGIP_RATE43_OVERLAP_V1,data/raw/rxte/40414-01-10-00/acquisition.json,verified,recorded count/s/selected PCU/output bin,recorded count/s/selected PCU/output bin,Propagated archive statistical covariance; calibration/background systematics excluded,no artificial replacements,,7b9a836d12d1964fc746828c642bb2370630c5d4ed703db50e360858211e8156,,data/provenance/rxte_processing/40414-01-10-00.json,028537bb144b78a4778d205030c188def78221530869ac368d5ea3eb99b2b966
40414-01-11-00,40414-01-11-00,40414-01-11-00,mxb_1658_298,verified,https://heasarc.gsfc.nasa.gov/FTP/xte/data/archive/AO4/P40414/40414-01-11-00/stdprod/xp40414011100_s2.pha.gz,/Users/youhanwanigasuriya/Documents/New project/bh_ns_source_generalization/data/raw/rxte/40414-01-11-00/source-f73182a4931f.bin,f73182a4931ff97254a8b7ace457b8e2ca078db02070799017f775e0e23f0a5e,data/processed/native/40414-01-11-00.npz,48b2174d9f078431d18103ce8aaa74dc43ed650eb3542143de8fa8a5e5986010,2026-09-22T11:15:40.782958+00:00,PCA_OGIP_RATE43_OVERLAP_V1,PCA_OGIP_RATE43_OVERLAP_V1,data/raw/rxte/40414-01-11-00/acquisition.json,verified,recorded count/s/selected PCU/output bin,recorded count/s/selected PCU/output bin,Propagated archive statistical covariance; calibration/background systematics excluded,no artificial replacements,,9b26b04e5147ca180b75f57b23ff0211bb12107ac51b576141d5bdf4b90f9636,,data/provenance/rxte_processing/40414-01-11-00.json,fbca57d861d0bc46225bebef4f92fb18fbe32b37b97a9c893a71dd0a2207decc
40414-01-14-00,40414-01-14-00,40414-01-14-00,mxb_1658_298,verified,https://heasarc.gsfc.nasa.gov/FTP/xte/data/archive/AO4/P40414/40414-01-14-00/stdprod/xp40414011400_s2.pha.gz,/Users/youhanwanigasuriya/Documents/New project/bh_ns_source_generalization/data/raw/rxte/40414-01-14-00/source-e4db60b37403.bin,e4db60b3740326594e286f0d2f0cd3c5a6163880879ee5d0ac218295666e4d05,data/processed/native/40414-01-14-00.npz,3f0ae4143ee70d9e5fde614ee7d3576e2063914120633806a777736337ae4544,2026-09-22T11:15:44.320181+00:00,PCA_OGIP_RATE43_OVERLAP_V1,PCA_OGIP_RATE43_OVERLAP_V1,data/raw/rxte/40414-01-14-00/acquisition.json,verified,recorded count/s/selected PCU/output bin,recorded count/s/selected PCU/output bin,Propagated archive statistical covariance; calibration/background systematics excluded,no artificial replacements,,750b7c4555eeac74b019522c5f38437bbb6502004e0d8978588828239c99d38b,,data/provenance/rxte_processing/40414-01-14-00.json,8e1e168549bd9c1423952407f01e58126b457b759157aa7572cae4d00b96494e
40414-01-15-00,40414-01-15-00,40414-01-15-00,mxb_1658_298,verified,https://heasarc.gsfc.nasa.gov/FTP/xte/data/archive/AO4/P40414/40414-01-15-00/stdprod/xp40414011500_s2.pha.gz,/Users/youhanwanigasuriya/Documents/New project/bh_ns_source_generalization/data/raw/rxte/40414-01-15-00/source-f14eafeff30a.bin,f14eafeff30a6dac5d65e16aad169075a831f47f1a2cf254a59bac8fd68aa573,data/processed/native/40414-01-15-00.npz,a564e469a40766a4efbf2a09f75679a4274a3398d9e24676bd400c220e9061ad,2026-09-22T11:15:44.682736+00:00,PCA_OGIP_RATE43_OVERLAP_V1,PCA_OGIP_RATE43_OVERLAP_V1,data/raw/rxte/40414-01-15-00/acquisition.json,verified,recorded count/s/selected PCU/output bin,recorded count/s/selected PCU/output bin,Propagated archive statistical covariance; calibration/background systematics excluded,no artificial replacements,,5da0b522b70ec468fdac734eebcac815415ed943aa8d99a1a0c80081001ff209,,data/provenance/rxte_processing/40414-01-15-00.json,8bd4a83741d98e9744eb8a5ecd1b65ba0a2fe45f79f5726a5a2e620a09f4034a
40426-01-01-00,40426-01-01-00,40426-01-01-00,ser_x_1,verified,https://heasarc.gsfc.nasa.gov/FTP/xte/data/archive/AO4/P40426/40426-01-01-00/stdprod/xp40426010100_s2.pha.gz,/Users/youhanwanigasuriya/Documents/New project/bh_ns_source_generalization/data/raw/rxte/40426-01-01-00/source-8b543c832361.bin,8b543c8323610de2e9e8b7daad97440c40f4d58764d6250a4e950bf3b16d37c6,data/processed/native/40426-01-01-00.npz,fa6019c7a284f9c2cd3b476b229fac7cb4b819e2f92d8b41c88e7c16d6e685f8,2026-09-22T11:19:51.774328+00:00,PCA_OGIP_RATE43_OVERLAP_V1,PCA_OGIP_RATE43_OVERLAP_V1,data/raw/rxte/40426-01-01-00/acquisition.json,verified,recorded count/s/selected PCU/output bin,recorded count/s/selected PCU/output bin,Propagated archive statistical covariance; calibration/background systematics excluded,no artificial replacements,,f775adeef12a7a1ec16d2ea98be5d05642e88c8396114471ba264f93e08d8b01,,data/provenance/rxte_processing/40426-01-01-00.json,e1825c23b73a2bb540e68fde690b2e9c8e2317475d985e04659273ba6f241d5e
40429-01-03-01,40429-01-03-01,40429-01-03-01,4u_0614_09,verified,https://heasarc.gsfc.nasa.gov/FTP/xte/data/archive/AO4/P40429/40429-01-03-01/stdprod/xp40429010301_s2.pha.gz,/Users/youhanwanigasuriya/Documents/New project/bh_ns_source_generalization/data/raw/rxte/40429-01-03-01/source-eeb0ebad0164.bin,eeb0ebad01642414dac7207aa5a19fae52daedb600e8f661e05442f9bb870e10,data/processed/native/40429-01-03-01.npz,008e74ad480f16868378460ac9b8d3984468df0795cc1097403373e64f9868ff,2026-09-22T11:02:30.964094+00:00,PCA_OGIP_RATE43_OVERLAP_V1,PCA_OGIP_RATE43_OVERLAP_V1,data/raw/rxte/40429-01-03-01/acquisition.json,verified,recorded count/s/selected PCU/output bin,recorded count/s/selected PCU/output bin,Propagated archive statistical covariance; calibration/background systematics excluded,no artificial replacements,,750b7c4555eeac74b019522c5f38437bbb6502004e0d8978588828239c99d38b,,data/provenance/rxte_processing/40429-01-03-01.json,fffc210c3a5a21610881ed842f4ad734ecc38116ab9a4c682b060ea95ff7e049
40429-01-06-01,40429-01-06-01,40429-01-06-01,4u_0614_09,verified,https://heasarc.gsfc.nasa.gov/FTP/xte/data/archive/AO4/P40429/40429-01-06-01/stdprod/xp40429010601_s2.pha.gz,/Users/youhanwanigasuriya/Documents/New project/bh_ns_source_generalization/data/raw/rxte/40429-01-06-01/source-8918aac6be0b.bin,8918aac6be0b60136fe2f2124fcf16b00d50ec0134ba0b0422c8c9f444667c43,data/processed/native/40429-01-06-01.npz,af66b4db5a0e25342f96f2da5d0291d08b2e98b2c1c4fceca18277513b3e90db,2026-09-22T11:02:31.381052+00:00,PCA_OGIP_RATE43_OVERLAP_V1,PCA_OGIP_RATE43_OVERLAP_V1,data/raw/rxte/40429-01-06-01/acquisition.json,verified,recorded count/s/selected PCU/output bin,recorded count/s/selected PCU/output bin,Propagated archive statistical covariance; calibration/background systematics excluded,no artificial replacements,,66b361e90596e9d0d69da9217024bb469ea2d5fb55748759ed692de8960dcb56,,data/provenance/rxte_processing/40429-01-06-01.json,816319867f0a4129ecd353c729204264c7b1ffba069366a239d3123018002e7d
40432-01-04-00,40432-01-04-00,40432-01-04-00,aql_x_1,verified,https://heasarc.gsfc.nasa.gov/FTP/xte/data/archive/AO4/P40432/40432-01-04-00/stdprod/xp40432010400_s2.pha.gz,/Users/youhanwanigasuriya/Documents/New project/bh_ns_source_generalization/data/raw/rxte/40432-01-04-00/source-3867bb98b9e4.bin,3867bb98b9e4220a49c6d00c8aeef64782b59981036107126b931e38b71ebf84,data/processed/native/40432-01-04-00.npz,e53471e404212ba3ec423ac975712124499c8c543b344b98f77e72dfd4c5a5f2,2026-09-22T11:09:53.600263+00:00,PCA_OGIP_RATE43_OVERLAP_V1,PCA_OGIP_RATE43_OVERLAP_V1,data/raw/rxte/40432-01-04-00/acquisition.json,verified,recorded count/s/selected PCU/output bin,recorded count/s/selected PCU/output bin,Propagated archive statistical covariance; calibration/background systematics excluded,no artificial replacements,,d701cab471bc098a3828f8e89f42c96947950705ece24294330efee59fe03a42,,data/provenance/rxte_processing/40432-01-04-00.json,43e02555ddd1b068cbfed9902e8e4e7c89beb4d2c17a74d68d7b1dde3790771d
40437-01-01-01,40437-01-01-01,40437-01-01-01,4u_1608_522,verified,https://heasarc.gsfc.nasa.gov/FTP/xte/data/archive/AO4/P40437/40437-01-01-01/stdprod/xp40437010101_s2.pha.gz,/Users/youhanwanigasuriya/Documents/New project/bh_ns_source_generalization/data/raw/rxte/40437-01-01-01/source-1c70048bf081.bin,1c70048bf081a75fa8d6904e922ee0e2f267f7de40828b7dff827a88a59a601c,data/processed/native/40437-01-01-01.npz,3281eb47b514e9026e59408ba0f714b468776f74d7a31edc2735696a626f61eb,2026-09-22T11:04:16.029759+00:00,PCA_OGIP_RATE43_OVERLAP_V1,PCA_OGIP_RATE43_OVERLAP_V1,data/raw/rxte/40437-01-01-01/acquisition.json,verified,recorded count/s/selected PCU/output bin,recorded count/s/selected PCU/output bin,Propagated archive statistical covariance; calibration/background systematics excluded,no artificial replacements,,15037603d250224c3f28dbf14cbe5fc5221850b97efbfdc85a8347dd0d3cef66,,data/provenance/rxte_processing/40437-01-01-01.json,77d36f681542335b864d7228e490f537b21aaee556d8158591cdd91790a87181
40440-01-03-00,40440-01-03-00,40440-01-03-00,xte_j1859_226,verified,https://heasarc.gsfc.nasa.gov/FTP/xte/data/archive/AO4/P40440/40440-01-03-00/stdprod/xp40440010300_s2.pha.gz,/Users/youhanwanigasuriya/Documents/New project/bh_ns_source_generalization/data/raw/rxte/40440-01-03-00/source-f71d3520419a.bin,f71d3520419af2e25b54984634aed2f54cee615143220004fa108167f5bfb1ce,data/processed/native/40440-01-03-00.npz,480cc3bf150b49b62361e3bc29b4455c8c63e34dd2463c05beb27bc5e5b55024,2026-09-22T11:24:40.512762+00:00,PCA_OGIP_RATE43_OVERLAP_V1,PCA_OGIP_RATE43_OVERLAP_V1,data/raw/rxte/40440-01-03-00/acquisition.json,verified,recorded count/s/selected PCU/output bin,recorded count/s/selected PCU/output bin,Propagated archive statistical covariance; calibration/background systematics excluded,no artificial replacements,,44a995bab7f10cee953fc595efb3697afbaab837620bf0aa2b100916b7feebd7,,data/provenance/rxte_processing/40440-01-03-00.json,f11d3f9ae6ee30f4da825815dd45d991985fafbaf512feb803266fc81346e51b
50023-01-19-00,50023-01-19-00,50023-01-19-00,4u_1728_34,verified,https://heasarc.gsfc.nasa.gov/FTP/xte/data/archive/AO5/P50023/50023-01-19-00/stdprod/xp50023011900_s2.pha.gz,/Users/youhanwanigasuriya/Documents/New project/bh_ns_source_generalization/data/raw/rxte/50023-01-19-00/source-2a1c04ba7a94.bin,2a1c04ba7a94fd30b913cc300e34764695c0bdea02f51cd0052d9e4645d283e9,data/processed/native/50023-01-19-00.npz,5a7bd8f48c56b986ac8a4ca4c443b784c859bb8a611bdcf0a1e393a7c9bf6c44,2026-09-22T11:07:47.342197+00:00,PCA_OGIP_RATE43_OVERLAP_V1,PCA_OGIP_RATE43_OVERLAP_V1,data/raw/rxte/50023-01-19-00/acquisition.json,verified,recorded count/s/selected PCU/output bin,recorded count/s/selected PCU/output bin,Propagated archive statistical covariance; calibration/background systematics excluded,no artificial replacements,,30cc014f2763e402c8555058265a2ffced931589d8a6d431b2b90e37227fe98e,,data/provenance/rxte_processing/50023-01-19-00.json,44e2fd6c7ca80f81a78bd99553464ab984f17dd6a2e4112b82835e27cc5620e7
50023-01-31-00,50023-01-31-00,50023-01-31-00,4u_1728_34,verified,https://heasarc.gsfc.nasa.gov/FTP/xte/data/archive/AO5/P50023/50023-01-31-00/stdprod/xp50023013100_s2.pha.gz,/Users/youhanwanigasuriya/Documents/New project/bh_ns_source_generalization/data/raw/rxte/50023-01-31-00/source-124d39da2c52.bin,124d39da2c528cad7f07d42bfd55120ddd6fd1957325e889a6be3e97b66e9d21,data/processed/native/50023-01-31-00.npz,132ee8086ea295eeca7a8a91b46542b9904d884317cb10eda57993607bffd350,2026-09-22T11:07:47.819240+00:00,PCA_OGIP_RATE43_OVERLAP_V1,PCA_OGIP_RATE43_OVERLAP_V1,data/raw/rxte/50023-01-31-00/acquisition.json,verified,recorded count/s/selected PCU/output bin,recorded count/s/selected PCU/output bin,Propagated archive statistical covariance; calibration/background systematics excluded,no artificial replacements,,bb496a04bd4807e65b5669a5f6cf0a2a1e51fdbff14b5d00474e00db63a4fd3f,,data/provenance/rxte_processing/50023-01-31-00.json,e8f5725548393cba0c0f12d57a033c172c3130675f8115b0183eef908c1184f2
50025-01-01-01,50025-01-01-01,50025-01-01-01,4u_1702_429,verified,https://heasarc.gsfc.nasa.gov/FTP/xte/data/archive/AO5/P50025/50025-01-01-01/stdprod/xp50025010101_s2.pha.gz,/Users/youhanwanigasuriya/Documents/New project/bh_ns_source_generalization/data/raw/rxte/50025-01-01-01/source-82ebf4ea075b.bin,82ebf4ea075b61bc2b7428fde9f952a87a6422fc7d6931f0159db7be33fc794e,data/processed/native/50025-01-01-01.npz,6a3181e0867906c725fc6fe00bfa9e85ce47bdf98a065619c352a20542f79765,2026-09-22T11:06:11.341210+00:00,PCA_OGIP_RATE43_OVERLAP_V1,PCA_OGIP_RATE43_OVERLAP_V1,data/raw/rxte/50025-01-01-01/acquisition.json,verified,recorded count/s/selected PCU/output bin,recorded count/s/selected PCU/output bin,Propagated archive statistical covariance; calibration/background systematics excluded,no artificial replacements,,dd9332823cc634d55877bdb52ca26a6aba07db8e7e0807067ba35be32c07cfcf,,data/provenance/rxte_processing/50025-01-01-01.json,997c347656a6ac95dd2314a2b211fde80d9299d45adca28b711ede8f0c0f024c
50025-01-01-05,50025-01-01-05,50025-01-01-05,4u_1702_429,verified,https://heasarc.gsfc.nasa.gov/FTP/xte/data/archive/AO5/P50025/50025-01-01-05/stdprod/xp50025010105_s2.pha.gz,/Users/youhanwanigasuriya/Documents/New project/bh_ns_source_generalization/data/raw/rxte/50025-01-01-05/source-f2d04ac8e03c.bin,f2d04ac8e03c936596536700756eba6c887ae0fe0c257fa8d2b454838f03087e,data/processed/native/50025-01-01-05.npz,361e9e036355e409e4014531f33ffe09afc1ffe71266d3e9400d77ff0ed832d6,2026-09-22T11:06:15.697532+00:00,PCA_OGIP_RATE43_OVERLAP_V1,PCA_OGIP_RATE43_OVERLAP_V1,data/raw/rxte/50025-01-01-05/acquisition.json,verified,recorded count/s/selected PCU/output bin,recorded count/s/selected PCU/output bin,Propagated archive statistical covariance; calibration/background systematics excluded,no artificial replacements,,dd9332823cc634d55877bdb52ca26a6aba07db8e7e0807067ba35be32c07cfcf,,data/provenance/rxte_processing/50025-01-01-05.json,c99cb66c14b67d6ca24e60fb450000146deab72bf0429d8f19dcc9bfda8404fd
50025-01-01-07,50025-01-01-07,50025-01-01-07,4u_1702_429,verified,https://heasarc.gsfc.nasa.gov/FTP/xte/data/archive/AO5/P50025/50025-01-01-07/stdprod/xp50025010107_s2.pha.gz,/Users/youhanwanigasuriya/Documents/New project/bh_ns_source_generalization/data/raw/rxte/50025-01-01-07/source-53edb7b4f29f.bin,53edb7b4f29ff6cdcd1ce0410741958c6ab0b6112597d9e95819bd75738925f4,data/processed/native/50025-01-01-07.npz,6b0a0fb414a6c89cb7ee4ed1d98f1e2d72a16bde3695fcb813b0ddc1337eeb87,2026-09-22T11:06:15.839560+00:00,PCA_OGIP_RATE43_OVERLAP_V1,PCA_OGIP_RATE43_OVERLAP_V1,data/raw/rxte/50025-01-01-07/acquisition.json,verified,recorded count/s/selected PCU/output bin,recorded count/s/selected PCU/output bin,Propagated archive statistical covariance; calibration/background systematics excluded,no artificial replacements,,2dbedbb111fb8a7c3834f34d322ff2b6d11d6677363c26c89c7c17aa326ef1f9,,data/provenance/rxte_processing/50025-01-01-07.json,dc2bf0015d1744c38e397e23a26415b1db0136388a279fecfc99d6263164a57a
50025-02-01-01,50025-02-01-01,50025-02-01-01,4u_1735_444,verified,https://heasarc.gsfc.nasa.gov/FTP/xte/data/archive/AO5/P50025/50025-02-01-01/stdprod/xp50025020101_s2.pha.gz,/Users/youhanwanigasuriya/Documents/New project/bh_ns_source_generalization/data/raw/rxte/50025-02-01-01/source-3670a01bb4f8.bin,3670a01bb4f88078a5f72b3085ceb3638b14fe7f852a4d02f4f68c6989789b27,data/processed/native/50025-02-01-01.npz,1504a4d890b2ac5f716280b4397579f9b5d71ed5168e82477294b724f2ad6f23,2026-09-22T11:08:31.154542+00:00,PCA_OGIP_RATE43_OVERLAP_V1,PCA_OGIP_RATE43_OVERLAP_V1,data/raw/rxte/50025-02-01-01/acquisition.json,verified,recorded count/s/selected PCU/output bin,recorded count/s/selected PCU/output bin,Propagated archive statistical covariance; calibration/background systematics excluded,no artificial replacements,,2dbedbb111fb8a7c3834f34d322ff2b6d11d6677363c26c89c7c17aa326ef1f9,,data/provenance/rxte_processing/50025-02-01-01.json,88807e57dbc355bde469089036b5d88ec25b5d91c0d36c3b76cd8a368b51b82b
50025-02-01-06,50025-02-01-06,50025-02-01-06,4u_1735_444,verified,https://heasarc.gsfc.nasa.gov/FTP/xte/data/archive/AO5/P50025/50025-02-01-06/stdprod/xp50025020106_s2.pha.gz,/Users/youhanwanigasuriya/Documents/New project/bh_ns_source_generalization/data/raw/rxte/50025-02-01-06/source-460b203754d1.bin,460b203754d120ac69a5ce4423b0d9b0711704e8c1e74bcd32fcee8ff96a8eed,data/processed/native/50025-02-01-06.npz,a5b0986b397383733893f2fa4d3ee59147f887157188bd4feadbdd69daea9dce,2026-09-22T11:08:37.543285+00:00,PCA_OGIP_RATE43_OVERLAP_V1,PCA_OGIP_RATE43_OVERLAP_V1,data/raw/rxte/50025-02-01-06/acquisition.json,verified,recorded count/s/selected PCU/output bin,recorded count/s/selected PCU/output bin,Propagated archive statistical covariance; calibration/background systematics excluded,no artificial replacements,,2dbedbb111fb8a7c3834f34d322ff2b6d11d6677363c26c89c7c17aa326ef1f9,,data/provenance/rxte_processing/50025-02-01-06.json,fe31461786a61f8c5d31d97e0b07df9ee720922b22e00edc5018012298bbf94e
50026-01-01-03,50026-01-01-03,50026-01-01-03,4u_1735_444,verified,https://heasarc.gsfc.nasa.gov/FTP/xte/data/archive/AO5/P50026/50026-01-01-03/stdprod/xp50026010103_s2.pha.gz,/Users/youhanwanigasuriya/Documents/New project/bh_ns_source_generalization/data/raw/rxte/50026-01-01-03/source-333e8bd0510e.bin,333e8bd0510ed3ea1f94e7d59399d28b8528a8f467d15e453cf93eeb337f9c57,data/processed/native/50026-01-01-03.npz,367d863e437ff0cece9c9cd59df778956b5208ea23123b6489363a8c557b569b,2026-09-22T11:08:37.651390+00:00,PCA_OGIP_RATE43_OVERLAP_V1,PCA_OGIP_RATE43_OVERLAP_V1,data/raw/rxte/50026-01-01-03/acquisition.json,verified,recorded count/s/selected PCU/output bin,recorded count/s/selected PCU/output bin,Propagated archive statistical covariance; calibration/background systematics excluded,no artificial replacements,,39f6a6b530d28b14d2d7d0664f4963e0959590f3c6641c5bce2419663a1e97f2,,data/provenance/rxte_processing/50026-01-01-03.json,fd100d1e7abd2e066f5b533047300704ef51ec9fc577d022158cd070d702cf43
50026-02-01-01,50026-02-01-01,50026-02-01-01,4u_0614_09,verified,https://heasarc.gsfc.nasa.gov/FTP/xte/data/archive/AO5/P50026/50026-02-01-01/stdprod/xp50026020101_s2.pha.gz,/Users/youhanwanigasuriya/Documents/New project/bh_ns_source_generalization/data/raw/rxte/50026-02-01-01/source-c7786232cc94.bin,c7786232cc941cfcac6624755adcd3096a3c66043e2092aaf0ddf50fb90d066e,data/processed/native/50026-02-01-01.npz,44ccba3ac2adde0522292937682d88feb6c16e59eb062bf8b92a8cddfb83cc64,2026-09-22T11:02:35.372810+00:00,PCA_OGIP_RATE43_OVERLAP_V1,PCA_OGIP_RATE43_OVERLAP_V1,data/raw/rxte/50026-02-01-01/acquisition.json,verified,recorded count/s/selected PCU/output bin,recorded count/s/selected PCU/output bin,Propagated archive statistical covariance; calibration/background systematics excluded,no artificial replacements,,691fb661a0e640954247c434eacf881e7495d13b6313627d83e0885b30856cfe,,data/provenance/rxte_processing/50026-02-01-01.json,5708bd2bd9d116b0f6dbfb3be563ae2553e95a9c887455a1bd140cf3f6a585ba
50029-23-01-00,50029-23-01-00,50029-23-01-00,4u_1728_34,verified,https://heasarc.gsfc.nasa.gov/FTP/xte/data/archive/AO5/P50029/50029-23-01-00/stdprod/xp50029230100_s2.pha.gz,/Users/youhanwanigasuriya/Documents/New project/bh_ns_source_generalization/data/raw/rxte/50029-23-01-00/source-7dab53b2f0a7.bin,7dab53b2f0a7b92ba4f5e074768e2ea7c948873b5b59f5e6d506a29b9c262c27,data/processed/native/50029-23-01-00.npz,44c1b3d3c5e851f155ad0105bb5190ffb28195c6e9716127155ed21c69ae6ede,2026-09-22T11:07:43.596954+00:00,PCA_OGIP_RATE43_OVERLAP_V1,PCA_OGIP_RATE43_OVERLAP_V1,data/raw/rxte/50029-23-01-00/acquisition.json,verified,recorded count/s/selected PCU/output bin,recorded count/s/selected PCU/output bin,Propagated archive statistical covariance; calibration/background systematics excluded,no artificial replacements,,448f9c431db687b1c9dca3297aabea9647af52fe3e63ce11a1abd12984fe75f6,,data/provenance/rxte_processing/50029-23-01-00.json,88abcae1ed11574c2f148e41969aa4d1faedf4c3f32b945a7abad3b22898cea9
50029-34-01-00,50029-34-01-00,50029-34-01-00,4u_1735_444,verified,https://heasarc.gsfc.nasa.gov/FTP/xte/data/archive/AO5/P50029/50029-34-01-00/stdprod/xp50029340100_s2.pha.gz,/Users/youhanwanigasuriya/Documents/New project/bh_ns_source_generalization/data/raw/rxte/50029-34-01-00/source-bbd8ce064c9c.bin,bbd8ce064c9c65ff1f72e2f0759ebd119053489f5ebaa07555185144f8978ba8,data/processed/native/50029-34-01-00.npz,b8cb83980078d85521ab84c3ccfcacb6ce811b23ee8356765de69f65b65c77a0,2026-09-22T11:08:28.556761+00:00,PCA_OGIP_RATE43_OVERLAP_V1,PCA_OGIP_RATE43_OVERLAP_V1,data/raw/rxte/50029-34-01-00/acquisition.json,verified,recorded count/s/selected PCU/output bin,recorded count/s/selected PCU/output bin,Propagated archive statistical covariance; calibration/background systematics excluded,no artificial replacements,,72ee35ac0349680227d859c620c463375ad0bde2fd6dfc33cb3c4acbf190a0d8,,data/provenance/rxte_processing/50029-34-01-00.json,3fd14afcada914c9c6edb9679d077bfc7833b430dd3a2464fbfd4f894396d053
50029-35-01-00,50029-35-01-00,50029-35-01-00,ser_x_1,verified,https://heasarc.gsfc.nasa.gov/FTP/xte/data/archive/AO5/P50029/50029-35-01-00/stdprod/xp50029350100_s2.pha.gz,/Users/youhanwanigasuriya/Documents/New project/bh_ns_source_generalization/data/raw/rxte/50029-35-01-00/source-cccea5d939af.bin,cccea5d939af3f1ae70e0dce6b4e444041011977b7abdde9512c2d4aeb37c3b0,data/processed/native/50029-35-01-00.npz,931f637ddc5642d48b16ac9a2b6a4a2726f70a80c20be2178ebff6d1925f42cd,2026-09-22T11:19:57.879122+00:00,PCA_OGIP_RATE43_OVERLAP_V1,PCA_OGIP_RATE43_OVERLAP_V1,data/raw/rxte/50029-35-01-00/acquisition.json,verified,recorded count/s/selected PCU/output bin,recorded count/s/selected PCU/output bin,Propagated archive statistical covariance; calibration/background systematics excluded,no artificial replacements,,4e980e5376f4efa8bb437d8c1b8772bb7580737dc47096fae3e307a4936fbf6c,,data/provenance/rxte_processing/50029-35-01-00.json,23eee2789d7545223b6ea2f528f7669b2b2b13ec1f60ba93ba7bf7ba20a72fd2
50030-01-01-03,50030-01-01-03,50030-01-01-03,4u_1702_429,verified,https://heasarc.gsfc.nasa.gov/FTP/xte/data/archive/AO5/P50030/50030-01-01-03/stdprod/xp50030010103_s2.pha.gz,/Users/youhanwanigasuriya/Documents/New project/bh_ns_source_generalization/data/raw/rxte/50030-01-01-03/source-bf41c544a182.bin,bf41c544a182a81adcebeef3ae4c397db45b69f1b73ccfb24b774cf235d6340b,data/processed/native/50030-01-01-03.npz,ba09a15e1c145d9137ac5940cb1f795b658429da1b955ee418436b8fa0b92224,2026-09-22T11:06:06.089116+00:00,PCA_OGIP_RATE43_OVERLAP_V1,PCA_OGIP_RATE43_OVERLAP_V1,data/raw/rxte/50030-01-01-03/acquisition.json,verified,recorded count/s/selected PCU/output bin,recorded count/s/selected PCU/output bin,Propagated archive statistical covariance; calibration/background systematics excluded,no artificial replacements,,b94c817ce276a14d514d167b52074ad4f1f5b4c2a171c5039de5a681387a86d1,,data/provenance/rxte_processing/50030-01-01-03.json,8fbda74448741062fb6986f564a740ad796d8604812c0c7b1c5e9ef1fdbf3fb0
50030-01-01-05,50030-01-01-05,50030-01-01-05,4u_1702_429,verified,https://heasarc.gsfc.nasa.gov/FTP/xte/data/archive/AO5/P50030/50030-01-01-05/stdprod/xp50030010105_s2.pha.gz,/Users/youhanwanigasuriya/Documents/New project/bh_ns_source_generalization/data/raw/rxte/50030-01-01-05/source-b078f03e9dbf.bin,b078f03e9dbffb321bac217d846cefae322e98a54a6655bc41c5c407545f4d12,data/processed/native/50030-01-01-05.npz,85fe3007f4c59769034ae556202290dd72eb890ba1b9bbb8f321b9778d7eb929,2026-09-22T11:06:06.066219+00:00,PCA_OGIP_RATE43_OVERLAP_V1,PCA_OGIP_RATE43_OVERLAP_V1,data/raw/rxte/50030-01-01-05/acquisition.json,verified,recorded count/s/selected PCU/output bin,recorded count/s/selected PCU/output bin,Propagated archive statistical covariance; calibration/background systematics excluded,no artificial replacements,,b94c817ce276a14d514d167b52074ad4f1f5b4c2a171c5039de5a681387a86d1,,data/provenance/rxte_processing/50030-01-01-05.json,4c7b9e56b2412cdff118e3d72ff71672a83f774e3c2c2acd44dd8b58bf49eb10
50030-01-01-07,50030-01-01-07,50030-01-01-07,4u_1702_429,verified,https://heasarc.gsfc.nasa.gov/FTP/xte/data/archive/AO5/P50030/50030-01-01-07/stdprod/xp50030010107_s2.pha.gz,/Users/youhanwanigasuriya/Documents/New project/bh_ns_source_generalization/data/raw/rxte/50030-01-01-07/source-f81dd6acbb4e.bin,f81dd6acbb4e49ec047896d74cbb520043b33ecebed540d5edf602908789f565,data/processed/native/50030-01-01-07.npz,bc69baaf217e67adb33bf99862bebdb563cb93352a0a514b400fe292e0ea1eb6,2026-09-22T11:06:03.226515+00:00,PCA_OGIP_RATE43_OVERLAP_V1,PCA_OGIP_RATE43_OVERLAP_V1,data/raw/rxte/50030-01-01-07/acquisition.json,verified,recorded count/s/selected PCU/output bin,recorded count/s/selected PCU/output bin,Propagated archive statistical covariance; calibration/background systematics excluded,no artificial replacements,,b94c817ce276a14d514d167b52074ad4f1f5b4c2a171c5039de5a681387a86d1,,data/provenance/rxte_processing/50030-01-01-07.json,c235d0b9d6e42ba0f5ddcd95512ced2da807652b4528dc148a69dc30e1fda0ef
50030-01-02-00,50030-01-02-00,50030-01-02-00,4u_1702_429,verified,https://heasarc.gsfc.nasa.gov/FTP/xte/data/archive/AO5/P50030/50030-01-02-00/stdprod/xp50030010200_s2.pha.gz,/Users/youhanwanigasuriya/Documents/New project/bh_ns_source_generalization/data/raw/rxte/50030-01-02-00/source-ec132584bbbf.bin,ec132584bbbf89c9520361cff779261219b171d95b68c74c66c45cdc9c806e91,data/processed/native/50030-01-02-00.npz,e7c34944c313982d51203467d8bae1785f6fdb261dff5d48e010328787acbe08,2026-09-22T11:06:09.049030+00:00,PCA_OGIP_RATE43_OVERLAP_V1,PCA_OGIP_RATE43_OVERLAP_V1,data/raw/rxte/50030-01-02-00/acquisition.json,verified,recorded count/s/selected PCU/output bin,recorded count/s/selected PCU/output bin,Propagated archive statistical covariance; calibration/background systematics excluded,no artificial replacements,,0c5609a7b161db0a748754c2b04523272cd0bc2ce19f2389f3474808da3b46aa,,data/provenance/rxte_processing/50030-01-02-00.json,b1c24882eca44e1e0bb71412552fdd0a531d254fd260cf195eeb4b55fc4360fe
50030-01-03-02,50030-01-03-02,50030-01-03-02,4u_1702_429,verified,https://heasarc.gsfc.nasa.gov/FTP/xte/data/archive/AO5/P50030/50030-01-03-02/stdprod/xp50030010302_s2.pha.gz,/Users/youhanwanigasuriya/Documents/New project/bh_ns_source_generalization/data/raw/rxte/50030-01-03-02/source-db9cb3b29d77.bin,db9cb3b29d776352132d4f4b4e9f68731cd24425ef436ed71036db5f70798b3d,data/processed/native/50030-01-03-02.npz,4dd871d7c78bc121dbbebe14d253dbf56ad914e42f3a9d75df240b31823a47e4,2026-09-22T11:06:10.287035+00:00,PCA_OGIP_RATE43_OVERLAP_V1,PCA_OGIP_RATE43_OVERLAP_V1,data/raw/rxte/50030-01-03-02/acquisition.json,verified,recorded count/s/selected PCU/output bin,recorded count/s/selected PCU/output bin,Propagated archive statistical covariance; calibration/background systematics excluded,no artificial replacements,,063447f62b90ead9f5684709e91e2b0eba7a7ef597eb68511fc7192372220953,,data/provenance/rxte_processing/50030-01-03-02.json,bd4351d3b3d9fd54f87ef4c49af439f737e5d7067e436c73e6fddd0e56a33714
50030-01-05-00,50030-01-05-00,50030-01-05-00,4u_1702_429,verified,https://heasarc.gsfc.nasa.gov/FTP/xte/data/archive/AO5/P50030/50030-01-05-00/stdprod/xp50030010500_s2.pha.gz,/Users/youhanwanigasuriya/Documents/New project/bh_ns_source_generalization/data/raw/rxte/50030-01-05-00/source-9249ea1b733e.bin,9249ea1b733e52ead336affc8013b700125a41fdbdcfaa8eba41b10a0dbdd7ed,data/processed/native/50030-01-05-00.npz,373e0b9f641e63cbcfe5e53e37bbf176ee9754ac8500d854b7daa9c6d17b9d08,2026-09-22T10:55:42.609312+00:00,PCA_OGIP_RATE43_OVERLAP_V1,PCA_OGIP_RATE43_OVERLAP_V1,data/raw/rxte/50030-01-05-00/acquisition.json,verified,recorded count/s/selected PCU/output bin,recorded count/s/selected PCU/output bin,Propagated archive statistical covariance; calibration/background systematics excluded,no artificial replacements,,3c31de7cf0a330b9618abd63b149f0acb46e9108f5a013f9aeaaa6ed172fa6cc,,data/provenance/rxte_processing/50030-01-05-00.json,0c83094c7d034eb3d307e10e24a7e857ec19c2744eda5b126f9933615b41daa1
50030-01-06-00,50030-01-06-00,50030-01-06-00,4u_1702_429,verified,https://heasarc.gsfc.nasa.gov/FTP/xte/data/archive/AO5/P50030/50030-01-06-00/stdprod/xp50030010600_s2.pha.gz,/Users/youhanwanigasuriya/Documents/New project/bh_ns_source_generalization/data/raw/rxte/50030-01-06-00/source-a76e64d999b9.bin,a76e64d999b987ba4af85f495f0bbeadfb85026dd165882c6f13091684e5fb92,data/processed/native/50030-01-06-00.npz,04c16c96beef2668354ea946d286af83fbe2ba1bcf71f352c5bddf008458c677,2026-09-22T11:06:19.843840+00:00,PCA_OGIP_RATE43_OVERLAP_V1,PCA_OGIP_RATE43_OVERLAP_V1,data/raw/rxte/50030-01-06-00/acquisition.json,verified,recorded count/s/selected PCU/output bin,recorded count/s/selected PCU/output bin,Propagated archive statistical covariance; calibration/background systematics excluded,no artificial replacements,,38be6c0d9912e28688b4924ea1c7c887605cdff4d3b24e9cc3763bfd1f6d907d,,data/provenance/rxte_processing/50030-01-06-00.json,7da05b260ae49924f27e65aecc2a13c3d0943652959cc471b7855677827ea88f
50030-01-07-00,50030-01-07-00,50030-01-07-00,4u_1702_429,verified,https://heasarc.gsfc.nasa.gov/FTP/xte/data/archive/AO5/P50030/50030-01-07-00/stdprod/xp50030010700_s2.pha.gz,/Users/youhanwanigasuriya/Documents/New project/bh_ns_source_generalization/data/raw/rxte/50030-01-07-00/source-c0545d0c8a8e.bin,c0545d0c8a8e63dcd52056bcfccb926bd51896a0d258d05591f02b6fac0aedba,data/processed/native/50030-01-07-00.npz,485a959552efbee5daffbf034ddf3e2e2ebe2ac18c2ba0446d60227d420aaf6d,2026-09-22T11:06:21.634119+00:00,PCA_OGIP_RATE43_OVERLAP_V1,PCA_OGIP_RATE43_OVERLAP_V1,data/raw/rxte/50030-01-07-00/acquisition.json,verified,recorded count/s/selected PCU/output bin,recorded count/s/selected PCU/output bin,Propagated archive statistical covariance; calibration/background systematics excluded,no artificial replacements,,f48426bf7bc5c03ad726f489e668f2077966fb5a1214b47dc2c500126c9dcc75,,data/provenance/rxte_processing/50030-01-07-00.json,3e02bf288e82d7aedbe1104f5e247c23752de484379da615f83a269f9e2e5e89
50030-01-09-01,50030-01-09-01,50030-01-09-01,4u_1702_429,verified,https://heasarc.gsfc.nasa.gov/FTP/xte/data/archive/AO5/P50030/50030-01-09-01/stdprod/xp50030010901_s2.pha.gz,/Users/youhanwanigasuriya/Documents/New project/bh_ns_source_generalization/data/raw/rxte/50030-01-09-01/source-5e58b271b9ad.bin,5e58b271b9ad7de97eab4302457c85681a45af2fe47bc7235202ca4c9f106747,data/processed/native/50030-01-09-01.npz,9ec6a57d4ec70ceb524566de36b1cd3cfab2c098c569d649f1b5920a10da7205,2026-09-22T11:06:20.602516+00:00,PCA_OGIP_RATE43_OVERLAP_V1,PCA_OGIP_RATE43_OVERLAP_V1,data/raw/rxte/50030-01-09-01/acquisition.json,verified,recorded count/s/selected PCU/output bin,recorded count/s/selected PCU/output bin,Propagated archive statistical covariance; calibration/background systematics excluded,no artificial replacements,,6a923889ef03d24878a863e18aca364be026cff314ae521a957269409d23734a,,data/provenance/rxte_processing/50030-01-09-01.json,f8f805058767bc49cd6ea33bfd3a49f48e401a6ffc5a9c50572171491f9bdaf3
50030-01-09-02,50030-01-09-02,50030-01-09-02,4u_1702_429,verified,https://heasarc.gsfc.nasa.gov/FTP/xte/data/archive/AO5/P50030/50030-01-09-02/stdprod/xp50030010902_s2.pha.gz,/Users/youhanwanigasuriya/Documents/New project/bh_ns_source_generalization/data/raw/rxte/50030-01-09-02/source-00474b6b6fd7.bin,00474b6b6fd7076c49c3ffb619e583484e8bf94da2de42fcba5ffa8fdf83b820,data/processed/native/50030-01-09-02.npz,2e349a912c50e46c4c50fd7118abac4951765fabc16ca643215fde355e042e2d,2026-09-22T11:06:22.379290+00:00,PCA_OGIP_RATE43_OVERLAP_V1,PCA_OGIP_RATE43_OVERLAP_V1,data/raw/rxte/50030-01-09-02/acquisition.json,verified,recorded count/s/selected PCU/output bin,recorded count/s/selected PCU/output bin,Propagated archive statistical covariance; calibration/background systematics excluded,no artificial replacements,,b6a9f28e57f10de3ebaf729462fe287c5af06e143ecaa4287b1542c0f477aec1,,data/provenance/rxte_processing/50030-01-09-02.json,47c7cc672cef797b4d16af8c1fb646c89ccd9dbc0859294b692e221bf693661a
50030-01-09-04,50030-01-09-04,50030-01-09-04,4u_1702_429,verified,https://heasarc.gsfc.nasa.gov/FTP/xte/data/archive/AO5/P50030/50030-01-09-04/stdprod/xp50030010904_s2.pha.gz,/Users/youhanwanigasuriya/Documents/New project/bh_ns_source_generalization/data/raw/rxte/50030-01-09-04/source-328c7648a211.bin,328c7648a211a9370827c32bd4d3d195ac523cfb717fa443e01f4717c0e7468c,data/processed/native/50030-01-09-04.npz,067024c2740c3b9587035d20df35a4cd2e9f302270da399f4cbc2c60cfd527ec,2026-09-22T11:06:25.202079+00:00,PCA_OGIP_RATE43_OVERLAP_V1,PCA_OGIP_RATE43_OVERLAP_V1,data/raw/rxte/50030-01-09-04/acquisition.json,verified,recorded count/s/selected PCU/output bin,recorded count/s/selected PCU/output bin,Propagated archive statistical covariance; calibration/background systematics excluded,no artificial replacements,,6a923889ef03d24878a863e18aca364be026cff314ae521a957269409d23734a,,data/provenance/rxte_processing/50030-01-09-04.json,9ede182b7fe339afc73bfbac504a57d5860e61db900954a34865dbaf15a37916
50030-01-10-00,50030-01-10-00,50030-01-10-00,4u_1702_429,verified,https://heasarc.gsfc.nasa.gov/FTP/xte/data/archive/AO5/P50030/50030-01-10-00/stdprod/xp50030011000_s2.pha.gz,/Users/youhanwanigasuriya/Documents/New project/bh_ns_source_generalization/data/raw/rxte/50030-01-10-00/source-ac31bb88617d.bin,ac31bb88617da95ef44990f7c65cdc3981c613358040a2290f76984919a0be50,data/processed/native/50030-01-10-00.npz,0abece020b16989a105f0ab1718116adc60cbfee0790ac3842433f326ef78dcb,2026-09-22T11:06:25.720751+00:00,PCA_OGIP_RATE43_OVERLAP_V1,PCA_OGIP_RATE43_OVERLAP_V1,data/raw/rxte/50030-01-10-00/acquisition.json,verified,recorded count/s/selected PCU/output bin,recorded count/s/selected PCU/output bin,Propagated archive statistical covariance; calibration/background systematics excluded,no artificial replacements,,be5253f6b4a10203604cc367c471cdad87a85f3bcd583c4540c9100784980682,,data/provenance/rxte_processing/50030-01-10-00.json,4af8e969bbf2dcb0d0d1bba7b083e5ca8f36940024857ecd1c06decef52e4467
50030-01-10-02,50030-01-10-02,50030-01-10-02,4u_1702_429,verified,https://heasarc.gsfc.nasa.gov/FTP/xte/data/archive/AO5/P50030/50030-01-10-02/stdprod/xp50030011002_s2.pha.gz,/Users/youhanwanigasuriya/Documents/New project/bh_ns_source_generalization/data/raw/rxte/50030-01-10-02/source-854c76fdf768.bin,854c76fdf768035feea955430e6dc8335f04adf35d63008a91c497fb00f79d8b,data/processed/native/50030-01-10-02.npz,8314fc859fed82fc1b3ee5dfcc5e66439e9d0c265c48a27daa2737d9db264ba6,2026-09-22T11:06:30.193431+00:00,PCA_OGIP_RATE43_OVERLAP_V1,PCA_OGIP_RATE43_OVERLAP_V1,data/raw/rxte/50030-01-10-02/acquisition.json,verified,recorded count/s/selected PCU/output bin,recorded count/s/selected PCU/output bin,Propagated archive statistical covariance; calibration/background systematics excluded,no artificial replacements,,be5253f6b4a10203604cc367c471cdad87a85f3bcd583c4540c9100784980682,,data/provenance/rxte_processing/50030-01-10-02.json,8ef4678c4b4a18f00c05b401e46be7fdb03bd588e9612149faa6156e9e389583
50030-01-11-01,50030-01-11-01,50030-01-11-01,4u_1702_429,verified,https://heasarc.gsfc.nasa.gov/FTP/xte/data/archive/AO5/P50030/50030-01-11-01/stdprod/xp50030011101_s2.pha.gz,/Users/youhanwanigasuriya/Documents/New project/bh_ns_source_generalization/data/raw/rxte/50030-01-11-01/source-e9d973006725.bin,e9d9730067259f32dc74ea6e3b5250434bc579fd8d177bb85287f6c9bb1ac5c9,data/processed/native/50030-01-11-01.npz,78d97e7f0ee4e9aaeb8ce388c785e9ae5ef760e0b11b590fad1d20bf5de31fe3,2026-09-22T11:06:31.626360+00:00,PCA_OGIP_RATE43_OVERLAP_V1,PCA_OGIP_RATE43_OVERLAP_V1,data/raw/rxte/50030-01-11-01/acquisition.json,verified,recorded count/s/selected PCU/output bin,recorded count/s/selected PCU/output bin,Propagated archive statistical covariance; calibration/background systematics excluded,no artificial replacements,,d8fb603890350674b45e24ec6b1a38893a7baec29c34a6d8c56efdbc4de8a4d8,,data/provenance/rxte_processing/50030-01-11-01.json,c2b984873f7bbad0517b3de455d545cd8ec3229e313245789f1b8573a5e4fa63
50030-01-11-02,50030-01-11-02,50030-01-11-02,4u_1702_429,verified,https://heasarc.gsfc.nasa.gov/FTP/xte/data/archive/AO5/P50030/50030-01-11-02/stdprod/xp50030011102_s2.pha.gz,/Users/youhanwanigasuriya/Documents/New project/bh_ns_source_generalization/data/raw/rxte/50030-01-11-02/source-e6145371db85.bin,e6145371db85e6e38947d8d185a2e7b4e0fddfcb9db6aca3e98c704e0b762d72,data/processed/native/50030-01-11-02.npz,340d6396c357c29aa154904a7ad1ff7afd6dfaad12bf6b63ddba31eb0d3995f9,2026-09-22T11:06:32.626387+00:00,PCA_OGIP_RATE43_OVERLAP_V1,PCA_OGIP_RATE43_OVERLAP_V1,data/raw/rxte/50030-01-11-02/acquisition.json,verified,recorded count/s/selected PCU/output bin,recorded count/s/selected PCU/output bin,Propagated archive statistical covariance; calibration/background systematics excluded,no artificial replacements,,19634b220f41623382a7b8598803bac796dd09065de3f5b84accbde950dc55b3,,data/provenance/rxte_processing/50030-01-11-02.json,2cf63ca36f38ce99be84d623f257df2c1b0de31f3c8e670bd585c7a5b111c1fe
50030-01-13-01,50030-01-13-01,50030-01-13-01,4u_1702_429,verified,https://heasarc.gsfc.nasa.gov/FTP/xte/data/archive/AO5/P50030/50030-01-13-01/stdprod/xp50030011301_s2.pha.gz,/Users/youhanwanigasuriya/Documents/New project/bh_ns_source_generalization/data/raw/rxte/50030-01-13-01/source-2a68100036d9.bin,2a68100036d914a5cc5ff807594b489172b7303074b410807c0bc368d4bdaf3c,data/processed/native/50030-01-13-01.npz,37d3c5cd5b774bfbcce043f6fa9394e23ccf5570e07facd2656e1f3b6a59d3fe,2026-09-22T11:06:36.109159+00:00,PCA_OGIP_RATE43_OVERLAP_V1,PCA_OGIP_RATE43_OVERLAP_V1,data/raw/rxte/50030-01-13-01/acquisition.json,verified,recorded count/s/selected PCU/output bin,recorded count/s/selected PCU/output bin,Propagated archive statistical covariance; calibration/background systematics excluded,no artificial replacements,,730765923d9b2f364494a9ebc8539fba3ee80bbedb4da1e192f438a95e9bd394,,data/provenance/rxte_processing/50030-01-13-01.json,486154febbfbea99499cfbc1298012fd8df5d76b92ed30692410bbb6fd953910
50030-01-14-02,50030-01-14-02,50030-01-14-02,4u_1702_429,verified,https://heasarc.gsfc.nasa.gov/FTP/xte/data/archive/AO5/P50030/50030-01-14-02/stdprod/xp50030011402_s2.pha.gz,/Users/youhanwanigasuriya/Documents/New project/bh_ns_source_generalization/data/raw/rxte/50030-01-14-02/source-4f1c1376dd2b.bin,4f1c1376dd2b5bd9ea510a1db8cd8d4d7ae6139e1dfde0b946e40f7ea9b4a11d,data/processed/native/50030-01-14-02.npz,c6f3510da0b79a9ba4ae6329fff0b8fc5612418cb096cb85d5f66f46388f3eda,2026-09-22T11:06:36.313874+00:00,PCA_OGIP_RATE43_OVERLAP_V1,PCA_OGIP_RATE43_OVERLAP_V1,data/raw/rxte/50030-01-14-02/acquisition.json,verified,recorded count/s/selected PCU/output bin,recorded count/s/selected PCU/output bin,Propagated archive statistical covariance; calibration/background systematics excluded,no artificial replacements,,ce84494eef69e55f62525a590a765ecd7507f2d19989c4648e5e8d83a0d0788f,,data/provenance/rxte_processing/50030-01-14-02.json,86538542dcf885ff2cfbbf24095114abfa925d4d7500703d196ee7e7c97507cf
50030-01-14-03,50030-01-14-03,50030-01-14-03,4u_1702_429,verified,https://heasarc.gsfc.nasa.gov/FTP/xte/data/archive/AO5/P50030/50030-01-14-03/stdprod/xp50030011403_s2.pha.gz,/Users/youhanwanigasuriya/Documents/New project/bh_ns_source_generalization/data/raw/rxte/50030-01-14-03/source-3a2542369db4.bin,3a2542369db4ce5d08aed4c2dc47056f03c94146720ec9f79baba47c6aa0906b,data/processed/native/50030-01-14-03.npz,cdf435e87075d69da5a48d2455679e5cb0b5073f9d0d9742209521a3025909f6,2026-09-22T11:06:38.184198+00:00,PCA_OGIP_RATE43_OVERLAP_V1,PCA_OGIP_RATE43_OVERLAP_V1,data/raw/rxte/50030-01-14-03/acquisition.json,verified,recorded count/s/selected PCU/output bin,recorded count/s/selected PCU/output bin,Propagated archive statistical covariance; calibration/background systematics excluded,no artificial replacements,,ce84494eef69e55f62525a590a765ecd7507f2d19989c4648e5e8d83a0d0788f,,data/provenance/rxte_processing/50030-01-14-03.json,71dd56ccb1eea9e1bbe1c0545dfffd1acfafce56c583cfd038e5cf3e9af4cfa6
50030-03-05-01,50030-03-05-01,50030-03-05-01,4u_1728_34,verified,https://heasarc.gsfc.nasa.gov/FTP/xte/data/archive/AO5/P50030/50030-03-05-01/stdprod/xp50030030501_s2.pha.gz,/Users/youhanwanigasuriya/Documents/New project/bh_ns_source_generalization/data/raw/rxte/50030-03-05-01/source-294d828ed1df.bin,294d828ed1df2ec96ab759a0a4baf86d4ae48d9bf174e7fd222b623831456482,data/processed/native/50030-03-05-01.npz,2e801c426295895a50bf5285b8a8be238fd0ee21089cf817cb3f90c588bd37f9,2026-09-22T11:07:51.346995+00:00,PCA_OGIP_RATE43_OVERLAP_V1,PCA_OGIP_RATE43_OVERLAP_V1,data/raw/rxte/50030-03-05-01/acquisition.json,verified,recorded count/s/selected PCU/output bin,recorded count/s/selected PCU/output bin,Propagated archive statistical covariance; calibration/background systematics excluded,no artificial replacements,,417e841f77efa753905b65ef961c00f58f2788452273ad19bf6c35bb11cdd708,,data/provenance/rxte_processing/50030-03-05-01.json,c46d23ec62d814c7706c5cc2a273b4d2775e8e2b97f1a7b2ae314f8bc399668a
50030-03-08-00,50030-03-08-00,50030-03-08-00,4u_1728_34,verified,https://heasarc.gsfc.nasa.gov/FTP/xte/data/archive/AO5/P50030/50030-03-08-00/stdprod/xp50030030800_s2.pha.gz,/Users/youhanwanigasuriya/Documents/New project/bh_ns_source_generalization/data/raw/rxte/50030-03-08-00/source-44e9fb9267fb.bin,44e9fb9267fb67c6015f9ea5d840120a74587a0b69a41f1f004949576c417b35,data/processed/native/50030-03-08-00.npz,31912c909d33a46449681524a9165c45cc3b229cb73f0f4bab9112e2b859fe6f,2026-09-22T11:07:52.414591+00:00,PCA_OGIP_RATE43_OVERLAP_V1,PCA_OGIP_RATE43_OVERLAP_V1,data/raw/rxte/50030-03-08-00/acquisition.json,verified,recorded count/s/selected PCU/output bin,recorded count/s/selected PCU/output bin,Propagated archive statistical covariance; calibration/background systematics excluded,no artificial replacements,,0b006af0d9dd9afd8b13070edbe94630e33bbb2d3b2b673f5214400967479bb8,,data/provenance/rxte_processing/50030-03-08-00.json,f7e9f91b1793136629c965fec8933e85c2a27a7af81929ac14ef43bd0ef98ec6
50031-01-01-01,50031-01-01-01,50031-01-01-01,4u_0614_09,verified,https://heasarc.gsfc.nasa.gov/FTP/xte/data/archive/AO5/P50031/50031-01-01-01/stdprod/xp50031010101_s2.pha.gz,/Users/youhanwanigasuriya/Documents/New project/bh_ns_source_generalization/data/raw/rxte/50031-01-01-01/source-f9cc66ae4bb2.bin,f9cc66ae4bb220674c54c7cd5b7c48c95965eca7623a3a2d9fcb7b95c71d894f,data/processed/native/50031-01-01-01.npz,04ce46dd881bac776409e0ba8a949513265a431c739cff63f59fb40f0365b41a,2026-09-22T11:02:31.227422+00:00,PCA_OGIP_RATE43_OVERLAP_V1,PCA_OGIP_RATE43_OVERLAP_V1,data/raw/rxte/50031-01-01-01/acquisition.json,verified,recorded count/s/selected PCU/output bin,recorded count/s/selected PCU/output bin,Propagated archive statistical covariance; calibration/background systematics excluded,no artificial replacements,,91aadce131d4fccfda0f97b5f56dd5d06b24170abaf967d046db63b10ae0fe58,,data/provenance/rxte_processing/50031-01-01-01.json,1108eb338dc62f31e7d894280d46ee1de44d39b207e95fbb40bcd973e600bc4b
50031-01-02-07,50031-01-02-07,50031-01-02-07,4u_0614_09,verified,https://heasarc.gsfc.nasa.gov/FTP/xte/data/archive/AO5/P50031/50031-01-02-07/stdprod/xp50031010207_s2.pha.gz,/Users/youhanwanigasuriya/Documents/New project/bh_ns_source_generalization/data/raw/rxte/50031-01-02-07/source-91f3435b94ec.bin,91f3435b94ec633d5673964786cf4eea40a014126f8422016b920038934979b8,data/processed/native/50031-01-02-07.npz,d8d3c39621071d6a3d750ce2ac61882ed17537adba98ed206afe35601e52ca97,2026-09-22T11:02:32.920042+00:00,PCA_OGIP_RATE43_OVERLAP_V1,PCA_OGIP_RATE43_OVERLAP_V1,data/raw/rxte/50031-01-02-07/acquisition.json,verified,recorded count/s/selected PCU/output bin,recorded count/s/selected PCU/output bin,Propagated archive statistical covariance; calibration/background systematics excluded,no artificial replacements,,e36840466bd3412772d138b2d5d5ef9adddfad217da5d786461b04572c1e84b5,,data/provenance/rxte_processing/50031-01-02-07.json,7563558e00fa48e1e6854ce55ba7777ea792779bba8cf792306d36f1a4d70867
50031-01-04-08,50031-01-04-08,50031-01-04-08,4u_0614_09,verified,https://heasarc.gsfc.nasa.gov/FTP/xte/data/archive/AO5/P50031/50031-01-04-08/stdprod/xp50031010408_s2.pha.gz,/Users/youhanwanigasuriya/Documents/New project/bh_ns_source_generalization/data/raw/rxte/50031-01-04-08/source-f9f24f079070.bin,f9f24f079070b100047e674ede8cfaebc750658915a314d540473fa31aa3125d,data/processed/native/50031-01-04-08.npz,86b7a7b4b790248510a81f5733ad28d5915e396db673c63c3cbd40362eb08d7a,2026-09-22T11:02:38.552814+00:00,PCA_OGIP_RATE43_OVERLAP_V1,PCA_OGIP_RATE43_OVERLAP_V1,data/raw/rxte/50031-01-04-08/acquisition.json,verified,recorded count/s/selected PCU/output bin,recorded count/s/selected PCU/output bin,Propagated archive statistical covariance; calibration/background systematics excluded,no artificial replacements,,93ffc1bdc2557c8e6d8a1343f92e253d7146c7fe3b543583ae9d86681ce0d4ea,,data/provenance/rxte_processing/50031-01-04-08.json,9b7d404a827171d235edab432a2e79cf1a77f5680b045b87af752c6f6499e5c5
50031-02-01-01,50031-02-01-01,50031-02-01-01,ks_1731_260,verified,https://heasarc.gsfc.nasa.gov/FTP/xte/data/archive/AO5/P50031/50031-02-01-01/stdprod/xp50031020101_s2.pha.gz,/Users/youhanwanigasuriya/Documents/New project/bh_ns_source_generalization/data/raw/rxte/50031-02-01-01/source-d746b8d3b082.bin,d746b8d3b082d83a2c9d11835c673988f0225936e46c5633244f5eaa375b1152,data/processed/native/50031-02-01-01.npz,f81f5db126930d1c497662a0e05ac7162fc07438c12c3ecdda911d7c551b0cff,2026-09-22T11:14:59.509487+00:00,PCA_OGIP_RATE43_OVERLAP_V1,PCA_OGIP_RATE43_OVERLAP_V1,data/raw/rxte/50031-02-01-01/acquisition.json,verified,recorded count/s/selected PCU/output bin,recorded count/s/selected PCU/output bin,Propagated archive statistical covariance; calibration/background systematics excluded,no artificial replacements,,3c80c0a74bbfd273a37624e5f0981c8e33428b02933367bd5871ec6c071cb92e,,data/provenance/rxte_processing/50031-02-01-01.json,be049b30e1c80050dcd8d785b8cef8ac9e8e08bbeda505b046a69719f4d5649d
50031-02-01-03,50031-02-01-03,50031-02-01-03,ks_1731_260,verified,https://heasarc.gsfc.nasa.gov/FTP/xte/data/archive/AO5/P50031/50031-02-01-03/stdprod/xp50031020103_s2.pha.gz,/Users/youhanwanigasuriya/Documents/New project/bh_ns_source_generalization/data/raw/rxte/50031-02-01-03/source-5a82e2ba42b5.bin,5a82e2ba42b5a9eb2770a8ab9a3be86b4443b4585d29284d58f12397dbc92f75,data/processed/native/50031-02-01-03.npz,65c6bda7975688c5b7bde863127adf49f514f66c888099b6bccc60651328f535,2026-09-22T10:56:33.670001+00:00,PCA_OGIP_RATE43_OVERLAP_V1,PCA_OGIP_RATE43_OVERLAP_V1,data/raw/rxte/50031-02-01-03/acquisition.json,verified,recorded count/s/selected PCU/output bin,recorded count/s/selected PCU/output bin,Propagated archive statistical covariance; calibration/background systematics excluded,no artificial replacements,,3c80c0a74bbfd273a37624e5f0981c8e33428b02933367bd5871ec6c071cb92e,,data/provenance/rxte_processing/50031-02-01-03.json,10ec9ae732fb9ebec9017840b7ba6456459c4e772b82542850b15bb91ccf7b86
50031-02-01-05,50031-02-01-05,50031-02-01-05,ks_1731_260,verified,https://heasarc.gsfc.nasa.gov/FTP/xte/data/archive/AO5/P50031/50031-02-01-05/stdprod/xp50031020105_s2.pha.gz,/Users/youhanwanigasuriya/Documents/New project/bh_ns_source_generalization/data/raw/rxte/50031-02-01-05/source-f0f667258179.bin,f0f667258179dda8052a827ee0044e8248355ea2d602075975b8614f24404432,data/processed/native/50031-02-01-05.npz,48efec1dfaf81094478b1c0eae212870858ba7b2c01acce001ec5b189a41c977,2026-09-22T11:15:00.861868+00:00,PCA_OGIP_RATE43_OVERLAP_V1,PCA_OGIP_RATE43_OVERLAP_V1,data/raw/rxte/50031-02-01-05/acquisition.json,verified,recorded count/s/selected PCU/output bin,recorded count/s/selected PCU/output bin,Propagated archive statistical covariance; calibration/background systematics excluded,no artificial replacements,,98f5313ddc6f9751d630643acf71013ea5e259e204ec5e126dd24b1c40685f2f,,data/provenance/rxte_processing/50031-02-01-05.json,cf12a47dfe26fee3b3959a108454d69e207fcd1c5c4a3294f2692511e9299f56
50031-02-01-09,50031-02-01-09,50031-02-01-09,ks_1731_260,verified,https://heasarc.gsfc.nasa.gov/FTP/xte/data/archive/AO5/P50031/50031-02-01-09/stdprod/xp50031020109_s2.pha.gz,/Users/youhanwanigasuriya/Documents/New project/bh_ns_source_generalization/data/raw/rxte/50031-02-01-09/source-1dcd8302534e.bin,1dcd8302534e8d2156ed998dc1ac105d64fa8f33a9b960098391a41994111f14,data/processed/native/50031-02-01-09.npz,97dcdca37e7307fa65135479e7497743d37859485ee1b327753c9f11de684a94,2026-09-22T11:14:52.863211+00:00,PCA_OGIP_RATE43_OVERLAP_V1,PCA_OGIP_RATE43_OVERLAP_V1,data/raw/rxte/50031-02-01-09/acquisition.json,verified,recorded count/s/selected PCU/output bin,recorded count/s/selected PCU/output bin,Propagated archive statistical covariance; calibration/background systematics excluded,no artificial replacements,,db55002b9d2f55c6314ba765d85db32d73c29cfed98730e76b05989cf892c795,,data/provenance/rxte_processing/50031-02-01-09.json,7578524b219ae2170c3d4383991186d22102fe221e4edda488eb2f3d531900a4
50031-02-01-11,50031-02-01-11,50031-02-01-11,ks_1731_260,verified,https://heasarc.gsfc.nasa.gov/FTP/xte/data/archive/AO5/P50031/50031-02-01-11/stdprod/xp50031020111_s2.pha.gz,/Users/youhanwanigasuriya/Documents/New project/bh_ns_source_generalization/data/raw/rxte/50031-02-01-11/source-db6c0cb31a58.bin,db6c0cb31a58ce404d8f6d3253398852c0599966e406fd365adf08a3f2dc7d62,data/processed/native/50031-02-01-11.npz,264d27649e0854c6e16768303c00dfaccfb7c4a4c2fd683f8a9b82e9ca5c7410,2026-09-22T11:14:56.741973+00:00,PCA_OGIP_RATE43_OVERLAP_V1,PCA_OGIP_RATE43_OVERLAP_V1,data/raw/rxte/50031-02-01-11/acquisition.json,verified,recorded count/s/selected PCU/output bin,recorded count/s/selected PCU/output bin,Propagated archive statistical covariance; calibration/background systematics excluded,no artificial replacements,,5f5c59c0a87696fe544c956b4c45bb31b51ceb051419fab3c98c2ee84a974923,,data/provenance/rxte_processing/50031-02-01-11.json,a8643c2889b5a72e6de39dd8735fad8134b45a87ce635b2496159292449cc42b
50031-02-02-02,50031-02-02-02,50031-02-02-02,ks_1731_260,verified,https://heasarc.gsfc.nasa.gov/FTP/xte/data/archive/AO5/P50031/50031-02-02-02/stdprod/xp50031020202_s2.pha.gz,/Users/youhanwanigasuriya/Documents/New project/bh_ns_source_generalization/data/raw/rxte/50031-02-02-02/source-d6f03d49b8c1.bin,d6f03d49b8c16fd034bb8e9d02d9465d94667613f921fc7b06dcc3ecab6acd29,data/processed/native/50031-02-02-02.npz,90b22add80da42f0d5cd0eab6656d176cd76d7790ee59e4af146d77828f9f444,2026-09-22T11:15:03.687558+00:00,PCA_OGIP_RATE43_OVERLAP_V1,PCA_OGIP_RATE43_OVERLAP_V1,data/raw/rxte/50031-02-02-02/acquisition.json,verified,recorded count/s/selected PCU/output bin,recorded count/s/selected PCU/output bin,Propagated archive statistical covariance; calibration/background systematics excluded,no artificial replacements,,0c846a03f40be72eff6a49aa27d7a9f3edfd6f3b6718b3ecd68296e3da9fb561,,data/provenance/rxte_processing/50031-02-02-02.json,341e419e04bf26c75f038d8350c4953e0cfb851b0b27ff0c9da1d88a19af2d0f
50031-02-02-04,50031-02-02-04,50031-02-02-04,ks_1731_260,verified,https://heasarc.gsfc.nasa.gov/FTP/xte/data/archive/AO5/P50031/50031-02-02-04/stdprod/xp50031020204_s2.pha.gz,/Users/youhanwanigasuriya/Documents/New project/bh_ns_source_generalization/data/raw/rxte/50031-02-02-04/source-bc7573cb6593.bin,bc7573cb65930f1c057b49d92fdfa43ed5c31c422887fd441f0def7fdcb01fc1,data/processed/native/50031-02-02-04.npz,68f55c12b2d2a2599fe7df4ed85839540be7f6e3f57441f3c063c2213438d342,2026-09-22T11:15:02.174291+00:00,PCA_OGIP_RATE43_OVERLAP_V1,PCA_OGIP_RATE43_OVERLAP_V1,data/raw/rxte/50031-02-02-04/acquisition.json,verified,recorded count/s/selected PCU/output bin,recorded count/s/selected PCU/output bin,Propagated archive statistical covariance; calibration/background systematics excluded,no artificial replacements,,da49550a2556472acac2160e7126f57c34248d878deeb842f525d25670d98b95,,data/provenance/rxte_processing/50031-02-02-04.json,956f714077cd0ecaae4a1e81255a785f2f5f77b7b236f505f768a2a13f050a36
50031-02-02-06,50031-02-02-06,50031-02-02-06,ks_1731_260,verified,https://heasarc.gsfc.nasa.gov/FTP/xte/data/archive/AO5/P50031/50031-02-02-06/stdprod/xp50031020206_s2.pha.gz,/Users/youhanwanigasuriya/Documents/New project/bh_ns_source_generalization/data/raw/rxte/50031-02-02-06/source-a30e145d42bf.bin,a30e145d42bf177318b04eafed37bbd9a94efddd400f46886d8597c0ee07c7aa,data/processed/native/50031-02-02-06.npz,c7ec1744a5159d98426d4e05ac03d349824def9ee8f6cdc13e599f7e6812c4a7,2026-09-22T11:15:02.213013+00:00,PCA_OGIP_RATE43_OVERLAP_V1,PCA_OGIP_RATE43_OVERLAP_V1,data/raw/rxte/50031-02-02-06/acquisition.json,verified,recorded count/s/selected PCU/output bin,recorded count/s/selected PCU/output bin,Propagated archive statistical covariance; calibration/background systematics excluded,no artificial replacements,,0c846a03f40be72eff6a49aa27d7a9f3edfd6f3b6718b3ecd68296e3da9fb561,,data/provenance/rxte_processing/50031-02-02-06.json,a44a0066c1fe77195ffd1eec56cc1e8ff603ef22f776098dbb4b108c32fe4a3b
50031-02-02-07,50031-02-02-07,50031-02-02-07,ks_1731_260,verified,https://heasarc.gsfc.nasa.gov/FTP/xte/data/archive/AO5/P50031/50031-02-02-07/stdprod/xp50031020207_s2.pha.gz,/Users/youhanwanigasuriya/Documents/New project/bh_ns_source_generalization/data/raw/rxte/50031-02-02-07/source-40e8de63b574.bin,40e8de63b57457e01f0ac43b195d4e39b6b7b9f8f65d45916699c7d4f082e88a,data/processed/native/50031-02-02-07.npz,32e05efa5727d7e8cf92fafcdba1563c71ee504fca1bb1b90fd4b5e527f6fbc4,2026-09-22T11:15:11.569790+00:00,PCA_OGIP_RATE43_OVERLAP_V1,PCA_OGIP_RATE43_OVERLAP_V1,data/raw/rxte/50031-02-02-07/acquisition.json,verified,recorded count/s/selected PCU/output bin,recorded count/s/selected PCU/output bin,Propagated archive statistical covariance; calibration/background systematics excluded,no artificial replacements,,0c846a03f40be72eff6a49aa27d7a9f3edfd6f3b6718b3ecd68296e3da9fb561,,data/provenance/rxte_processing/50031-02-02-07.json,51d57c8d7c8c58e43d69300483cac1280c224837ae64ad0c0a470c63740b084c
50031-02-03-00,50031-02-03-00,50031-02-03-00,ks_1731_260,verified,https://heasarc.gsfc.nasa.gov/FTP/xte/data/archive/AO5/P50031/50031-02-03-00/stdprod/xp50031020300_s2.pha.gz,/Users/youhanwanigasuriya/Documents/New project/bh_ns_source_generalization/data/raw/rxte/50031-02-03-00/source-2c0917618542.bin,2c0917618542b09baf6f2d9ae47da9f49427c432dc73ffb88eefa45ec030318b,data/processed/native/50031-02-03-00.npz,b5e1978d7d644e72ac57b2f6178330037a808c3d3db4a6dbcb8674800dcffcb8,2026-09-22T11:15:14.843931+00:00,PCA_OGIP_RATE43_OVERLAP_V1,PCA_OGIP_RATE43_OVERLAP_V1,data/raw/rxte/50031-02-03-00/acquisition.json,verified,recorded count/s/selected PCU/output bin,recorded count/s/selected PCU/output bin,Propagated archive statistical covariance; calibration/background systematics excluded,no artificial replacements,,f9e8e3310dbfb715a6746247fc74159b3ac609b39c187356a849cbc9930ac6fd,,data/provenance/rxte_processing/50031-02-03-00.json,e9b746a496223f5f457356bbfe12edb93557b3cd9b2776cfc8cc3c938d52178a
50031-02-03-06,50031-02-03-06,50031-02-03-06,ks_1731_260,verified,https://heasarc.gsfc.nasa.gov/FTP/xte/data/archive/AO5/P50031/50031-02-03-06/stdprod/xp50031020306_s2.pha.gz,/Users/youhanwanigasuriya/Documents/New project/bh_ns_source_generalization/data/raw/rxte/50031-02-03-06/source-5cd2114fe36c.bin,5cd2114fe36c526cd8f656ef7e296e61b9ff0812b26042bc2fe21d0fc27c87c4,data/processed/native/50031-02-03-06.npz,3a1620f079e26ba57de87537a3dd2f0bc8b49e84dc07dc1effa1102410a79e41,2026-09-22T11:15:15.946484+00:00,PCA_OGIP_RATE43_OVERLAP_V1,PCA_OGIP_RATE43_OVERLAP_V1,data/raw/rxte/50031-02-03-06/acquisition.json,verified,recorded count/s/selected PCU/output bin,recorded count/s/selected PCU/output bin,Propagated archive statistical covariance; calibration/background systematics excluded,no artificial replacements,,f9e8e3310dbfb715a6746247fc74159b3ac609b39c187356a849cbc9930ac6fd,,data/provenance/rxte_processing/50031-02-03-06.json,1f12c44a0325cf59084b896905a682fdb43405fdb916d5e656852c694f2bb56d
50031-02-03-07,50031-02-03-07,50031-02-03-07,ks_1731_260,verified,https://heasarc.gsfc.nasa.gov/FTP/xte/data/archive/AO5/P50031/50031-02-03-07/stdprod/xp50031020307_s2.pha.gz,/Users/youhanwanigasuriya/Documents/New project/bh_ns_source_generalization/data/raw/rxte/50031-02-03-07/source-b8400e73b1a5.bin,b8400e73b1a55439c117efb15c7b6d612eb21249c7219d66106c82d4e285bddb,data/processed/native/50031-02-03-07.npz,261f73ef64ffdfd7be1cb31f8fe3d7d38edfce12e97d75fe4ab9a9883a403206,2026-09-22T11:15:17.454670+00:00,PCA_OGIP_RATE43_OVERLAP_V1,PCA_OGIP_RATE43_OVERLAP_V1,data/raw/rxte/50031-02-03-07/acquisition.json,verified,recorded count/s/selected PCU/output bin,recorded count/s/selected PCU/output bin,Propagated archive statistical covariance; calibration/background systematics excluded,no artificial replacements,,30dcab56d93b62dfc2ca458e56cbf32970fbf1ad796634173bcb41f89d8957b6,,data/provenance/rxte_processing/50031-02-03-07.json,fbf3d2a7e40c44e4e2c56d88f576ac940860c5f01d182dad9204b8587d02e37a
50031-02-03-08,50031-02-03-08,50031-02-03-08,ks_1731_260,verified,https://heasarc.gsfc.nasa.gov/FTP/xte/data/archive/AO5/P50031/50031-02-03-08/stdprod/xp50031020308_s2.pha.gz,/Users/youhanwanigasuriya/Documents/New project/bh_ns_source_generalization/data/raw/rxte/50031-02-03-08/source-2e3f363fda6a.bin,2e3f363fda6ad15d57fb27d42e0022702fa36364df924a384aaa9d1ca191c50b,data/processed/native/50031-02-03-08.npz,0940c504f6641ee4bcc869e759df66d0d80563f46880b3d68e2aed0d2035e597,2026-09-22T11:15:17.748773+00:00,PCA_OGIP_RATE43_OVERLAP_V1,PCA_OGIP_RATE43_OVERLAP_V1,data/raw/rxte/50031-02-03-08/acquisition.json,verified,recorded count/s/selected PCU/output bin,recorded count/s/selected PCU/output bin,Propagated archive statistical covariance; calibration/background systematics excluded,no artificial replacements,,e9ebc9933e7b52f38b37d9df80111d22b679678503027212739235f6c4f08af0,,data/provenance/rxte_processing/50031-02-03-08.json,cfab4c14923c4163e17e48403f15b6a2f60b40734e01ff39714726db944385ae
50031-02-04-03,50031-02-04-03,50031-02-04-03,ks_1731_260,verified,https://heasarc.gsfc.nasa.gov/FTP/xte/data/archive/AO5/P50031/50031-02-04-03/stdprod/xp50031020403_s2.pha.gz,/Users/youhanwanigasuriya/Documents/New project/bh_ns_source_generalization/data/raw/rxte/50031-02-04-03/source-427df47a3d99.bin,427df47a3d991ea88472db28958a1e7ba7fb09dc1540fe558528dc1935a3b078,data/processed/native/50031-02-04-03.npz,3a4a89784a33c1dd8fc328bfc8138629751e38b6d5897f255435952b08404df4,2026-09-22T11:15:21.121964+00:00,PCA_OGIP_RATE43_OVERLAP_V1,PCA_OGIP_RATE43_OVERLAP_V1,data/raw/rxte/50031-02-04-03/acquisition.json,verified,recorded count/s/selected PCU/output bin,recorded count/s/selected PCU/output bin,Propagated archive statistical covariance; calibration/background systematics excluded,no artificial replacements,,2282eeaa1c261c8bc9988906e647e03b38517bc5872a7217e313466122efc113,,data/provenance/rxte_processing/50031-02-04-03.json,518718845d6f18ced8fdbf30bd78cac76e72fecb3f310428a57641a2d12690c1
50031-02-04-05,50031-02-04-05,50031-02-04-05,ks_1731_260,verified,https://heasarc.gsfc.nasa.gov/FTP/xte/data/archive/AO5/P50031/50031-02-04-05/stdprod/xp50031020405_s2.pha.gz,/Users/youhanwanigasuriya/Documents/New project/bh_ns_source_generalization/data/raw/rxte/50031-02-04-05/source-57b19e7e1520.bin,57b19e7e152023c251ea7cccc81e0098fc22b1d14cd41016d3ec0d5e1173f3d0,data/processed/native/50031-02-04-05.npz,8b953a6c010e70b20716aae5289568728dfaebd865980d73c08352ef4b3acce5,2026-09-22T11:15:24.764950+00:00,PCA_OGIP_RATE43_OVERLAP_V1,PCA_OGIP_RATE43_OVERLAP_V1,data/raw/rxte/50031-02-04-05/acquisition.json,verified,recorded count/s/selected PCU/output bin,recorded count/s/selected PCU/output bin,Propagated archive statistical covariance; calibration/background systematics excluded,no artificial replacements,,cb5c7f3cafae1f90c4e631c477134b9cb091fb25ffdafe09e6c46a7a79b50191,,data/provenance/rxte_processing/50031-02-04-05.json,0e42c148a3a7060d9f979a20c9e78ab46a8c91fa45253b2c25cfdce2e8a68ca8
50031-02-04-07,50031-02-04-07,50031-02-04-07,ks_1731_260,verified,https://heasarc.gsfc.nasa.gov/FTP/xte/data/archive/AO5/P50031/50031-02-04-07/stdprod/xp50031020407_s2.pha.gz,/Users/youhanwanigasuriya/Documents/New project/bh_ns_source_generalization/data/raw/rxte/50031-02-04-07/source-9d4ac07b924b.bin,9d4ac07b924bd69e1536ae6d5222d647a3a8cbcd3f5e2a1822e6959a6c991cb7,data/processed/native/50031-02-04-07.npz,f0d6e5b2a40ce6022519d050ba3939db0189066f89749f7b4921cdff95293159,2026-09-22T11:15:25.452705+00:00,PCA_OGIP_RATE43_OVERLAP_V1,PCA_OGIP_RATE43_OVERLAP_V1,data/raw/rxte/50031-02-04-07/acquisition.json,verified,recorded count/s/selected PCU/output bin,recorded count/s/selected PCU/output bin,Propagated archive statistical covariance; calibration/background systematics excluded,no artificial replacements,,851b54a7d4a6f5de1e97a1fd7380b17e3c742cd7fab9fa0b95ed2703e941538d,,data/provenance/rxte_processing/50031-02-04-07.json,b8bbbdbd41b355b5f5ebdaa541790335e1f3c6e49dfb86c3b2c10683a0957bd5
50031-02-04-10,50031-02-04-10,50031-02-04-10,ks_1731_260,verified,https://heasarc.gsfc.nasa.gov/FTP/xte/data/archive/AO5/P50031/50031-02-04-10/stdprod/xp50031020410_s2.pha.gz,/Users/youhanwanigasuriya/Documents/New project/bh_ns_source_generalization/data/raw/rxte/50031-02-04-10/source-0dc2f2b4772e.bin,0dc2f2b4772e13bd735a269a5dfc11fb3737d1efefda217dfe010e1a16f7a70e,data/processed/native/50031-02-04-10.npz,571495b45e9de8e3f4f5572619f0123347120431769b47bcd6bac45ab2da87b6,2026-09-22T11:15:27.185257+00:00,PCA_OGIP_RATE43_OVERLAP_V1,PCA_OGIP_RATE43_OVERLAP_V1,data/raw/rxte/50031-02-04-10/acquisition.json,verified,recorded count/s/selected PCU/output bin,recorded count/s/selected PCU/output bin,Propagated archive statistical covariance; calibration/background systematics excluded,no artificial replacements,,1a8209652901178b00e1c066818979c205918ff2ab69d3a0db68a82ffaed9392,,data/provenance/rxte_processing/50031-02-04-10.json,53500ac433a0f8be3137bd3dc39c8c05102ce56e8ce41dce7e99fdb25b2e371a
50049-01-05-01,50049-01-05-01,50049-01-05-01,aql_x_1,verified,https://heasarc.gsfc.nasa.gov/FTP/xte/data/archive/AO5/P50049/50049-01-05-01/stdprod/xp50049010501_s2.pha.gz,/Users/youhanwanigasuriya/Documents/New project/bh_ns_source_generalization/data/raw/rxte/50049-01-05-01/source-28dc9de4ebdb.bin,28dc9de4ebdbbd81ad098d6a91cf82fce811be48727411be33b6ed4909b90b8b,data/processed/native/50049-01-05-01.npz,0ce67ec78601a8a8ef8fa4fe8e48946af547d74d5d32b8173cc4e4b9cd1e7799,2026-09-22T11:09:57.353536+00:00,PCA_OGIP_RATE43_OVERLAP_V1,PCA_OGIP_RATE43_OVERLAP_V1,data/raw/rxte/50049-01-05-01/acquisition.json,verified,recorded count/s/selected PCU/output bin,recorded count/s/selected PCU/output bin,Propagated archive statistical covariance; calibration/background systematics excluded,no artificial replacements,,eec37878f47026f2622ff32b975c526e333277febe8f061915297674f7490688,,data/provenance/rxte_processing/50049-01-05-01.json,b6a06be30db9b7b0f4bcac64a9bcfc9d8ca027906cb36edfe5a57970b6d42afe
50049-02-08-03,50049-02-08-03,50049-02-08-03,aql_x_1,verified,https://heasarc.gsfc.nasa.gov/FTP/xte/data/archive/AO5/P50049/50049-02-08-03/stdprod/xp50049020803_s2.pha.gz,/Users/youhanwanigasuriya/Documents/New project/bh_ns_source_generalization/data/raw/rxte/50049-02-08-03/source-3db36119e737.bin,3db36119e7372013f60c432f8794d4e2afd4fe6d0b366d15d6cbef240f54ce22,data/processed/native/50049-02-08-03.npz,8b58e7fef5ebfabf88714f728a5d58336b9b967f84e26aae52b63bea62410d65,2026-09-22T11:09:57.240387+00:00,PCA_OGIP_RATE43_OVERLAP_V1,PCA_OGIP_RATE43_OVERLAP_V1,data/raw/rxte/50049-02-08-03/acquisition.json,verified,recorded count/s/selected PCU/output bin,recorded count/s/selected PCU/output bin,Propagated archive statistical covariance; calibration/background systematics excluded,no artificial replacements,,e5b16f4859b26e903dc46d47f7b8e36bfb58a8b63d21942a701e8e532d330076,,data/provenance/rxte_processing/50049-02-08-03.json,ca6ebad370218521d334ed3008af95cf5462ce8fbc64bcfcd3d1a8f7b1cdf5aa
50049-02-15-04,50049-02-15-04,50049-02-15-04,aql_x_1,verified,https://heasarc.gsfc.nasa.gov/FTP/xte/data/archive/AO5/P50049/50049-02-15-04/stdprod/xp50049021504_s2.pha.gz,/Users/youhanwanigasuriya/Documents/New project/bh_ns_source_generalization/data/raw/rxte/50049-02-15-04/source-d169a7be6040.bin,d169a7be6040f07b46ee59d04eac26f90e7c2cc5f2d07ff39fb9be10821b81eb,data/processed/native/50049-02-15-04.npz,65ec6b702550cfb2ae0c2e8e37a4aab1ecf4cb8ab509359665520e82a43b39e7,2026-09-22T11:09:58.011065+00:00,PCA_OGIP_RATE43_OVERLAP_V1,PCA_OGIP_RATE43_OVERLAP_V1,data/raw/rxte/50049-02-15-04/acquisition.json,verified,recorded count/s/selected PCU/output bin,recorded count/s/selected PCU/output bin,Propagated archive statistical covariance; calibration/background systematics excluded,no artificial replacements,,62b225dcf72f1225876516e3e53c09ba95df4efb67d42695d1c2ce4185e8af73,,data/provenance/rxte_processing/50049-02-15-04.json,7106a8c929f8827de368fe04c49197eef683c97b8c00245877b233f6b69d6ee3
50052-01-23-00,50052-01-23-00,50052-01-23-00,4u_1608_522,verified,https://heasarc.gsfc.nasa.gov/FTP/xte/data/archive/AO5/P50052/50052-01-23-00/stdprod/xp50052012300_s2.pha.gz,/Users/youhanwanigasuriya/Documents/New project/bh_ns_source_generalization/data/raw/rxte/50052-01-23-00/source-34d11f6c16ab.bin,34d11f6c16ab1b40c0652df99e46da1a6964d0c0fae95680c02efde4d4013a95,data/processed/native/50052-01-23-00.npz,d9620ed61bca6f03b37688e2f427a9d0b6a4873c37ec3e6c2e22e64a3f3b864d,2026-09-22T11:04:18.109619+00:00,PCA_OGIP_RATE43_OVERLAP_V1,PCA_OGIP_RATE43_OVERLAP_V1,data/raw/rxte/50052-01-23-00/acquisition.json,verified,recorded count/s/selected PCU/output bin,recorded count/s/selected PCU/output bin,Propagated archive statistical covariance; calibration/background systematics excluded,no artificial replacements,,5aae8c000fb3960134846d4bc6e123c881a0558642949283351e6ae50d2ece1e,,data/provenance/rxte_processing/50052-01-23-00.json,69e4abb73540da77476868f8e7ebb9bae244a54226497b133da2e3700fe9fc0a
50133-01-04-00,50133-01-04-00,50133-01-04-00,xte_j1118_480,verified,https://heasarc.gsfc.nasa.gov/FTP/xte/data/archive/AO5/P50133/50133-01-04-00/stdprod/xp50133010400_s2.pha.gz,/Users/youhanwanigasuriya/Documents/New project/bh_ns_source_generalization/data/raw/rxte/50133-01-04-00/source-3d8ac36df85a.bin,3d8ac36df85a02b293fe1853339bc79759646f021d4d39f731f7ae988e1825b3,data/processed/native/50133-01-04-00.npz,bc91b259fbc8e7a67d603da7673457f02ffb18e031b2a19fe6b56846258fddbd,2026-09-22T11:22:22.161277+00:00,PCA_OGIP_RATE43_OVERLAP_V1,PCA_OGIP_RATE43_OVERLAP_V1,data/raw/rxte/50133-01-04-00/acquisition.json,verified,recorded count/s/selected PCU/output bin,recorded count/s/selected PCU/output bin,Propagated archive statistical covariance; calibration/background systematics excluded,no artificial replacements,,7b09c91b71563fba76fa0d7396c8f063686d4c2ebf032d3d65ffa3431d72a825,,data/provenance/rxte_processing/50133-01-04-00.json,cdbfdff1992936313c59bda9b82716d99624aa0a1b5474bbe502a7068f82d2a8
50133-01-05-00,50133-01-05-00,50133-01-05-00,xte_j1118_480,verified,https://heasarc.gsfc.nasa.gov/FTP/xte/data/archive/AO5/P50133/50133-01-05-00/stdprod/xp50133010500_s2.pha.gz,/Users/youhanwanigasuriya/Documents/New project/bh_ns_source_generalization/data/raw/rxte/50133-01-05-00/source-d7832e947c2b.bin,d7832e947c2b73cdd16a9a70803e5c8ac14a65666d61a48c52fb303e6aff8e46,data/processed/native/50133-01-05-00.npz,30f3ad83ad1b4b76f6605431d7e2af8daf903f139908039f65ae96dccf7f7f40,2026-09-22T11:22:27.510216+00:00,PCA_OGIP_RATE43_OVERLAP_V1,PCA_OGIP_RATE43_OVERLAP_V1,data/raw/rxte/50133-01-05-00/acquisition.json,verified,recorded count/s/selected PCU/output bin,recorded count/s/selected PCU/output bin,Propagated archive statistical covariance; calibration/background systematics excluded,no artificial replacements,,e6ec035f19b92223f38dc9f9c6a6ebdfebe4e01a6d5da39473cec6ab5e54e28c,,data/provenance/rxte_processing/50133-01-05-00.json,f07aa4855e3ef802f9a6d77aaf52a263abc45629c21a4120a2557ef1e8fa16aa
50133-01-06-00,50133-01-06-00,50133-01-06-00,xte_j1118_480,verified,https://heasarc.gsfc.nasa.gov/FTP/xte/data/archive/AO5/P50133/50133-01-06-00/stdprod/xp50133010600_s2.pha.gz,/Users/youhanwanigasuriya/Documents/New project/bh_ns_source_generalization/data/raw/rxte/50133-01-06-00/source-8e43ce8878c4.bin,8e43ce8878c43effcf979ca4bfb1addc12ab21137dcf88df7f51f1e7ff7e2882,data/processed/native/50133-01-06-00.npz,79a753e3e606c6fab89521ec82f89009aa32bccb14699a55c9c36feaadaeb29a,2026-09-22T11:22:30.953322+00:00,PCA_OGIP_RATE43_OVERLAP_V1,PCA_OGIP_RATE43_OVERLAP_V1,data/raw/rxte/50133-01-06-00/acquisition.json,verified,recorded count/s/selected PCU/output bin,recorded count/s/selected PCU/output bin,Propagated archive statistical covariance; calibration/background systematics excluded,no artificial replacements,,ffe9d2353a698df946baa01f90b6a732fa0f20e8f252b557234fabc17b0d47f7,,data/provenance/rxte_processing/50133-01-06-00.json,9554143caca0d411646b107c5b2563d6df3e82ca8235860d9d7931767752fa7d
50134-01-05-00,50134-01-05-00,50134-01-05-00,xte_j1550_564,verified,https://heasarc.gsfc.nasa.gov/FTP/xte/data/archive/AO5/P50134/50134-01-05-00/stdprod/xp50134010500_s2.pha.gz,/Users/youhanwanigasuriya/Documents/New project/bh_ns_source_generalization/data/raw/rxte/50134-01-05-00/source-c0bfd98dca05.bin,c0bfd98dca05672d53fa31653625479a8c006f416efb7b1d744d62e5f92512a9,data/processed/native/50134-01-05-00.npz,214f51e0ace50d83b283bce3c4c992cdc4db134ce4789f4a0375e1c0ff9e55f3,2026-09-22T11:23:36.219324+00:00,PCA_OGIP_RATE43_OVERLAP_V1,PCA_OGIP_RATE43_OVERLAP_V1,data/raw/rxte/50134-01-05-00/acquisition.json,verified,recorded count/s/selected PCU/output bin,recorded count/s/selected PCU/output bin,Propagated archive statistical covariance; calibration/background systematics excluded,no artificial replacements,,f4eb11e72d8c988ae46d302f046648c98c105bcafd7fdb1222e08e942d9b8891,,data/provenance/rxte_processing/50134-01-05-00.json,8888fe59060c7d7b135244a4df359b4103f35e1e7b3481ae7c524741a52eb15d
50134-02-04-01,50134-02-04-01,50134-02-04-01,xte_j1550_564,verified,https://heasarc.gsfc.nasa.gov/FTP/xte/data/archive/AO5/P50134/50134-02-04-01/stdprod/xp50134020401_s2.pha.gz,/Users/youhanwanigasuriya/Documents/New project/bh_ns_source_generalization/data/raw/rxte/50134-02-04-01/source-97d669408156.bin,97d6694081567b3e9a6313d1ae57922dc6d4505c1f6b8ea0ff8896c6e627638e,data/processed/native/50134-02-04-01.npz,6acf2aa2a3ba8b1b3a31e21e81382594919452ac11408fc20ae1895f8d7edec2,2026-09-22T11:23:36.163868+00:00,PCA_OGIP_RATE43_OVERLAP_V1,PCA_OGIP_RATE43_OVERLAP_V1,data/raw/rxte/50134-02-04-01/acquisition.json,verified,recorded count/s/selected PCU/output bin,recorded count/s/selected PCU/output bin,Propagated archive statistical covariance; calibration/background systematics excluded,no artificial replacements,,be950c50f85962b0b41024f943a7faa4e7f44df3c6233972480fbbe57c70eff0,,data/provenance/rxte_processing/50134-02-04-01.json,3f41acdab0b1b4727f3f5991e4f271bf3453a6e57533cd19ec2fb0d64e4a134b
50135-01-11-00,50135-01-11-00,50135-01-11-00,xte_j1550_564,verified,https://heasarc.gsfc.nasa.gov/FTP/xte/data/archive/AO5/P50135/50135-01-11-00/stdprod/xp50135011100_s2.pha.gz,/Users/youhanwanigasuriya/Documents/New project/bh_ns_source_generalization/data/raw/rxte/50135-01-11-00/source-ef8ea5c6d154.bin,ef8ea5c6d154aa3d42a2ca7ec82b78b0df8d7b401aa0a9da0f27c10e9a14ef97,data/processed/native/50135-01-11-00.npz,568c86f67880b652011c7d28598f16f81fb7e3792ce5288d8d9b25c046acf6ba,2026-09-22T11:23:36.219634+00:00,PCA_OGIP_RATE43_OVERLAP_V1,PCA_OGIP_RATE43_OVERLAP_V1,data/raw/rxte/50135-01-11-00/acquisition.json,verified,recorded count/s/selected PCU/output bin,recorded count/s/selected PCU/output bin,Propagated archive statistical covariance; calibration/background systematics excluded,no artificial replacements,,fb2c922fc7c4c5ede66bc1ff9cc9188bad551f3215075197421fee90387a3725,,data/provenance/rxte_processing/50135-01-11-00.json,0f470dca30e1d9d6f22d26a677db340527180eb884d810079983b0dae0713936
50135-01-22-00,50135-01-22-00,50135-01-22-00,xte_j1550_564,verified,https://heasarc.gsfc.nasa.gov/FTP/xte/data/archive/AO5/P50135/50135-01-22-00/stdprod/xp50135012200_s2.pha.gz,/Users/youhanwanigasuriya/Documents/New project/bh_ns_source_generalization/data/raw/rxte/50135-01-22-00/source-849457b63b18.bin,849457b63b18a7551d2be34b99252b79be35cd6748298d90cfbbf9c0382c675e,data/processed/native/50135-01-22-00.npz,b22e283fa606745cdd2100dbbcaa4ed8376f6109f56fc9e0339d6e4531e55edf,2026-09-22T11:23:39.391512+00:00,PCA_OGIP_RATE43_OVERLAP_V1,PCA_OGIP_RATE43_OVERLAP_V1,data/raw/rxte/50135-01-22-00/acquisition.json,verified,recorded count/s/selected PCU/output bin,recorded count/s/selected PCU/output bin,Propagated archive statistical covariance; calibration/background systematics excluded,no artificial replacements,,44779202c62d45a4df2334292e3dcd65224fb66afa5ced57f1f6184556e1e544,,data/provenance/rxte_processing/50135-01-22-00.json,a4b1693b56e1761fe010cd5b437ef0caca197faf69fd337582bb265e2485bf2f
50137-01-01-00,50137-01-01-00,50137-01-01-00,xte_j1118_480,verified,https://heasarc.gsfc.nasa.gov/FTP/xte/data/archive/AO5/P50137/50137-01-01-00/stdprod/xp50137010100_s2.pha.gz,/Users/youhanwanigasuriya/Documents/New project/bh_ns_source_generalization/data/raw/rxte/50137-01-01-00/source-c63d076442dd.bin,c63d076442dd228ebfa743d9e7e7b8c7161e3b8c8d754caaf8ceedfd15dcf870,data/processed/native/50137-01-01-00.npz,0892b7bb64d3eb770c85162572ff3233eafee0f5abe1080511591ca890442f78,2026-09-22T10:57:10.685411+00:00,PCA_OGIP_RATE43_OVERLAP_V1,PCA_OGIP_RATE43_OVERLAP_V1,data/raw/rxte/50137-01-01-00/acquisition.json,verified,recorded count/s/selected PCU/output bin,recorded count/s/selected PCU/output bin,Propagated archive statistical covariance; calibration/background systematics excluded,no artificial replacements,,6f141675421520f0c25890965d104e0d4f093b163d6f04b63038544b750bb344,,data/provenance/rxte_processing/50137-01-01-00.json,0784bbc15a6bf9e53cbf8481488f3f87895dcb3ee6318d6b9249b832c0396f12
50137-01-04-00,50137-01-04-00,50137-01-04-00,xte_j1118_480,verified,https://heasarc.gsfc.nasa.gov/FTP/xte/data/archive/AO5/P50137/50137-01-04-00/stdprod/xp50137010400_s2.pha.gz,/Users/youhanwanigasuriya/Documents/New project/bh_ns_source_generalization/data/raw/rxte/50137-01-04-00/source-dc08a5079609.bin,dc08a50796094152acf562eb0bff92de660a523800bd701cf51f2b6267380b3f,data/processed/native/50137-01-04-00.npz,5f60c7e6d480da3511a276ff387c4c97067d7dcab45905bceff7ca10fd5bae83,2026-09-22T11:22:09.170378+00:00,PCA_OGIP_RATE43_OVERLAP_V1,PCA_OGIP_RATE43_OVERLAP_V1,data/raw/rxte/50137-01-04-00/acquisition.json,verified,recorded count/s/selected PCU/output bin,recorded count/s/selected PCU/output bin,Propagated archive statistical covariance; calibration/background systematics excluded,no artificial replacements,,ed223359f10c7a46bb73a69c2594a555ad0983f97a8da207515978207247c091,,data/provenance/rxte_processing/50137-01-04-00.json,c4680dc47b06dc21ff51aef19eaa6693a5c484b83671a7ddd5d3cf4ba4ba00f8
50137-02-04-01,50137-02-04-01,50137-02-04-01,xte_j1550_564,verified,https://heasarc.gsfc.nasa.gov/FTP/xte/data/archive/AO5/P50137/50137-02-04-01/stdprod/xp50137020401_s2.pha.gz,/Users/youhanwanigasuriya/Documents/New project/bh_ns_source_generalization/data/raw/rxte/50137-02-04-01/source-3eef59d1a287.bin,3eef59d1a2878e37193b9a4a96b02d9edf806a2f946d451e3f91e845d4c5898f,data/processed/native/50137-02-04-01.npz,4576a0770e1ae9e11c524214d64dd33c4f06b54d8b6385fc9b377e6203d55ea6,2026-09-22T11:23:35.988012+00:00,PCA_OGIP_RATE43_OVERLAP_V1,PCA_OGIP_RATE43_OVERLAP_V1,data/raw/rxte/50137-02-04-01/acquisition.json,verified,recorded count/s/selected PCU/output bin,recorded count/s/selected PCU/output bin,Propagated archive statistical covariance; calibration/background systematics excluded,no artificial replacements,,400f0d326c8a0221d4b94f60be2e0c2a710d7adfbdbf54670a09bd3d87f036a0,,data/provenance/rxte_processing/50137-02-04-01.json,1e7dd2129b5252a41a3327280e1d26af88caf9ecbd1f778419037b7b7832ec65
50137-02-12-00,50137-02-12-00,50137-02-12-00,xte_j1550_564,verified,https://heasarc.gsfc.nasa.gov/FTP/xte/data/archive/AO5/P50137/50137-02-12-00/stdprod/xp50137021200_s2.pha.gz,/Users/youhanwanigasuriya/Documents/New project/bh_ns_source_generalization/data/raw/rxte/50137-02-12-00/source-57704d27621e.bin,57704d27621e46e3c90239fdf4b7c81ec282464b9e50d0e7ee6afd1a5c0766c9,data/processed/native/50137-02-12-00.npz,abc71e7b435d7dd0e61c8d47f9b7900218a312db5d9ab957ab49e5c0749fe8b1,2026-09-22T11:23:45.782306+00:00,PCA_OGIP_RATE43_OVERLAP_V1,PCA_OGIP_RATE43_OVERLAP_V1,data/raw/rxte/50137-02-12-00/acquisition.json,verified,recorded count/s/selected PCU/output bin,recorded count/s/selected PCU/output bin,Propagated archive statistical covariance; calibration/background systematics excluded,no artificial replacements,,d45959f0504ebf49d712781150f7358cae2ef0ff0e4623b9349f3728debc3432,,data/provenance/rxte_processing/50137-02-12-00.json,88594b14b8deed81fb994a745326aec69779e82d061155ddf36e9c588878e4de
50401-01-02-00,50401-01-02-00,50401-01-02-00,xte_j1859_226,verified,https://heasarc.gsfc.nasa.gov/FTP/xte/data/archive/AO5/P50401/50401-01-02-00/stdprod/xp50401010200_s2.pha.gz,/Users/youhanwanigasuriya/Documents/New project/bh_ns_source_generalization/data/raw/rxte/50401-01-02-00/source-44348d10438d.bin,44348d10438d9b8d2c22c546c49995869fc59cd4705336eb22d86eb42048f9d4,data/processed/native/50401-01-02-00.npz,82a6594e38f133648d155e8b1436d2880594cd63e797f8077f594ee051c15227,2026-09-22T11:24:47.426611+00:00,PCA_OGIP_RATE43_OVERLAP_V1,PCA_OGIP_RATE43_OVERLAP_V1,data/raw/rxte/50401-01-02-00/acquisition.json,verified,recorded count/s/selected PCU/output bin,recorded count/s/selected PCU/output bin,Propagated archive statistical covariance; calibration/background systematics excluded,no artificial replacements,,254cabacf45ee8d589ecadab31610c559cf635fe7f99122f9a2fd8c6937f0a47,,data/provenance/rxte_processing/50401-01-02-00.json,27397fe522fc0f2c6a24fa763b9268b606f4531009de77b124e3fe242e5f6832
50401-01-06-01,50401-01-06-01,50401-01-06-01,xte_j1859_226,verified,https://heasarc.gsfc.nasa.gov/FTP/xte/data/archive/AO5/P50401/50401-01-06-01/stdprod/xp50401010601_s2.pha.gz,/Users/youhanwanigasuriya/Documents/New project/bh_ns_source_generalization/data/raw/rxte/50401-01-06-01/source-102eab8fdad6.bin,102eab8fdad68be010bd868c072e1bed3a839b3d43f86c15ad375bf04d3ed708,data/processed/native/50401-01-06-01.npz,811c6b9a3d8c582b382738e013144a908b07e2a71c8071a449d52d192cbf8a4b,2026-09-22T10:57:25.712892+00:00,PCA_OGIP_RATE43_OVERLAP_V1,PCA_OGIP_RATE43_OVERLAP_V1,data/raw/rxte/50401-01-06-01/acquisition.json,verified,recorded count/s/selected PCU/output bin,recorded count/s/selected PCU/output bin,Propagated archive statistical covariance; calibration/background systematics excluded,no artificial replacements,,003f6471a523cd6bd1b454d7f527b56a0b807e201ab16c1f7163db323fdc99f6,,data/provenance/rxte_processing/50401-01-06-01.json,40334f0891441b014b0c6d42ddcd47c5bc0de3e6c6362e6ce750c797922670de
50407-01-01-00,50407-01-01-00,50407-01-01-00,xte_j1118_480,verified,https://heasarc.gsfc.nasa.gov/FTP/xte/data/archive/AO5/P50407/50407-01-01-00/stdprod/xp50407010100_s2.pha.gz,/Users/youhanwanigasuriya/Documents/New project/bh_ns_source_generalization/data/raw/rxte/50407-01-01-00/source-20025647be5d.bin,20025647be5da43a10956ad1921e4d7ad03e86d27bca0892d33625366df9610f,data/processed/native/50407-01-01-00.npz,6a0e36e05d289c62f6e0bb1054dffa94730eb7d9898acf463bff985de6978b71,2026-09-22T11:22:11.697324+00:00,PCA_OGIP_RATE43_OVERLAP_V1,PCA_OGIP_RATE43_OVERLAP_V1,data/raw/rxte/50407-01-01-00/acquisition.json,verified,recorded count/s/selected PCU/output bin,recorded count/s/selected PCU/output bin,Propagated archive statistical covariance; calibration/background systematics excluded,no artificial replacements,,0bdaf0147902b000e30a7abb580ef3089f71aad83f0ef7895a08fe64dfcc987e,,data/provenance/rxte_processing/50407-01-01-00.json,2a42aabb63042c94bac4b01cbd489f8f5821e53f35fdd110354c6a62b92b2b07
50407-01-02-00,50407-01-02-00,50407-01-02-00,xte_j1118_480,verified,https://heasarc.gsfc.nasa.gov/FTP/xte/data/archive/AO5/P50407/50407-01-02-00/stdprod/xp50407010200_s2.pha.gz,/Users/youhanwanigasuriya/Documents/New project/bh_ns_source_generalization/data/raw/rxte/50407-01-02-00/source-892ceab7363d.bin,892ceab7363d20b84c256551052134bf715d2314a05cfad21c6bc86dcc9c2a12,data/processed/native/50407-01-02-00.npz,396d4508115057c446a1cbe2532119cd5de5bdd9c1aa8df7c3452cf744499eb1,2026-09-22T11:22:11.827634+00:00,PCA_OGIP_RATE43_OVERLAP_V1,PCA_OGIP_RATE43_OVERLAP_V1,data/raw/rxte/50407-01-02-00/acquisition.json,verified,recorded count/s/selected PCU/output bin,recorded count/s/selected PCU/output bin,Propagated archive statistical covariance; calibration/background systematics excluded,no artificial replacements,,d7515b646fa7519c61f9d7ebacdd018944db30bb46abc40c6f52da9775fc4332,,data/provenance/rxte_processing/50407-01-02-00.json,db4982ff2ed4b6aec6bbe08ab8311b10987f95beb3ceb4882a9af9de671a3086
50407-01-02-02,50407-01-02-02,50407-01-02-02,xte_j1118_480,verified,https://heasarc.gsfc.nasa.gov/FTP/xte/data/archive/AO5/P50407/50407-01-02-02/stdprod/xp50407010202_s2.pha.gz,/Users/youhanwanigasuriya/Documents/New project/bh_ns_source_generalization/data/raw/rxte/50407-01-02-02/source-d06da5f5b917.bin,d06da5f5b9175fb56c6aac52571098c797ef2da5be68eb937bc3271db4d2b9f3,data/processed/native/50407-01-02-02.npz,0222c3a4fdf5bad14b4ae4a6753668e133a9c61eb90b7a622b1b2656e242ec43,2026-09-22T11:22:12.501295+00:00,PCA_OGIP_RATE43_OVERLAP_V1,PCA_OGIP_RATE43_OVERLAP_V1,data/raw/rxte/50407-01-02-02/acquisition.json,verified,recorded count/s/selected PCU/output bin,recorded count/s/selected PCU/output bin,Propagated archive statistical covariance; calibration/background systematics excluded,no artificial replacements,,448f9c431db687b1c9dca3297aabea9647af52fe3e63ce11a1abd12984fe75f6,,data/provenance/rxte_processing/50407-01-02-02.json,3aca9e55aca3394a98997f96fcfd6c0a42a9ff30391f4e6b48fb8ed79f62ae9c
50407-01-03-01,50407-01-03-01,50407-01-03-01,xte_j1118_480,verified,https://heasarc.gsfc.nasa.gov/FTP/xte/data/archive/AO5/P50407/50407-01-03-01/stdprod/xp50407010301_s2.pha.gz,/Users/youhanwanigasuriya/Documents/New project/bh_ns_source_generalization/data/raw/rxte/50407-01-03-01/source-5c011b27d27b.bin,5c011b27d27bf1ccc51b25ff4ef8c1d568bebbd7f0fcbce91c8330fea82b3757,data/processed/native/50407-01-03-01.npz,0dc221a0cee5271f78b24c97d24d944513d3e8b657b092007387e1111fdd02e0,2026-09-22T11:22:17.500565+00:00,PCA_OGIP_RATE43_OVERLAP_V1,PCA_OGIP_RATE43_OVERLAP_V1,data/raw/rxte/50407-01-03-01/acquisition.json,verified,recorded count/s/selected PCU/output bin,recorded count/s/selected PCU/output bin,Propagated archive statistical covariance; calibration/background systematics excluded,no artificial replacements,,918afd5d8bb0d6f0777003d3d915cca0bd377141eb5076ba18f9df3c1d02a26c,,data/provenance/rxte_processing/50407-01-03-01.json,b1f8d20153310011edecd88bcb6614d374ab1ed16459e6c94ef025af10f5539a
50407-01-05-01,50407-01-05-01,50407-01-05-01,xte_j1118_480,verified,https://heasarc.gsfc.nasa.gov/FTP/xte/data/archive/AO5/P50407/50407-01-05-01/stdprod/xp50407010501_s2.pha.gz,/Users/youhanwanigasuriya/Documents/New project/bh_ns_source_generalization/data/raw/rxte/50407-01-05-01/source-27e593c01875.bin,27e593c01875d58460a7e592f59d05b578c3485326766df7e733a81049a6c076,data/processed/native/50407-01-05-01.npz,0bf90042149f955a7d7e030bd5af72ecddc68d3da46c063be06d61dad9c3fb90,2026-09-22T11:22:19.541211+00:00,PCA_OGIP_RATE43_OVERLAP_V1,PCA_OGIP_RATE43_OVERLAP_V1,data/raw/rxte/50407-01-05-01/acquisition.json,verified,recorded count/s/selected PCU/output bin,recorded count/s/selected PCU/output bin,Propagated archive statistical covariance; calibration/background systematics excluded,no artificial replacements,,5aae8c000fb3960134846d4bc6e123c881a0558642949283351e6ae50d2ece1e,,data/provenance/rxte_processing/50407-01-05-01.json,962dbb35e2c4ee13b2f3967fedb009902f16bc28c524cdd1bbf840295c0dd3e2
50407-01-06-00,50407-01-06-00,50407-01-06-00,xte_j1118_480,verified,https://heasarc.gsfc.nasa.gov/FTP/xte/data/archive/AO5/P50407/50407-01-06-00/stdprod/xp50407010600_s2.pha.gz,/Users/youhanwanigasuriya/Documents/New project/bh_ns_source_generalization/data/raw/rxte/50407-01-06-00/source-1d040f0e76fa.bin,1d040f0e76fa23ccf58e094543a0ddd08fbb3cd99d441237daf4df53e03b7224,data/processed/native/50407-01-06-00.npz,5cb04b4f16f4e12f03016f1d7159cc004febcb713d0ec930637422a406335f92,2026-09-22T11:22:21.353432+00:00,PCA_OGIP_RATE43_OVERLAP_V1,PCA_OGIP_RATE43_OVERLAP_V1,data/raw/rxte/50407-01-06-00/acquisition.json,verified,recorded count/s/selected PCU/output bin,recorded count/s/selected PCU/output bin,Propagated archive statistical covariance; calibration/background systematics excluded,no artificial replacements,,d7c6ad16e9efb5b1af655afaa8a70edbf833fcd1ae444144541b552e3e052f83,,data/provenance/rxte_processing/50407-01-06-00.json,abfafe25bebd5728bd902103a07cbb2e52c807ba8867bb9b3b1ecb98ba1e7054
50407-01-10-01,50407-01-10-01,50407-01-10-01,xte_j1118_480,verified,https://heasarc.gsfc.nasa.gov/FTP/xte/data/archive/AO5/P50407/50407-01-10-01/stdprod/xp50407011001_s2.pha.gz,/Users/youhanwanigasuriya/Documents/New project/bh_ns_source_generalization/data/raw/rxte/50407-01-10-01/source-7d8712fa6f47.bin,7d8712fa6f47f40bbdc0486f7747a328de55533d02be7498f8e786937d368213,data/processed/native/50407-01-10-01.npz,7a90d61b0ecca523c712f3747f9159e80113d690664713f081689357b5c09252,2026-09-22T11:22:23.294858+00:00,PCA_OGIP_RATE43_OVERLAP_V1,PCA_OGIP_RATE43_OVERLAP_V1,data/raw/rxte/50407-01-10-01/acquisition.json,verified,recorded count/s/selected PCU/output bin,recorded count/s/selected PCU/output bin,Propagated archive statistical covariance; calibration/background systematics excluded,no artificial replacements,,2bfaca56dba7103064889f4373d596e8b30cc074611af20674c0949244ce5e20,,data/provenance/rxte_processing/50407-01-10-01.json,c37cce2116de512eecedd5fb4073ce3becb7391aa084fd0c5d2e3f553a063eae
50407-01-15-00,50407-01-15-00,50407-01-15-00,xte_j1118_480,verified,https://heasarc.gsfc.nasa.gov/FTP/xte/data/archive/AO5/P50407/50407-01-15-00/stdprod/xp50407011500_s2.pha.gz,/Users/youhanwanigasuriya/Documents/New project/bh_ns_source_generalization/data/raw/rxte/50407-01-15-00/source-5b1962c3c9b1.bin,5b1962c3c9b186a9b1e791e7ee961b5e951796f0cf8d3b2a9eb6e252195e2bb3,data/processed/native/50407-01-15-00.npz,ab587053362c589e320dc2eb44cecacefdc70262dae6dee10e4c62c307eb887b,2026-09-22T11:22:31.062351+00:00,PCA_OGIP_RATE43_OVERLAP_V1,PCA_OGIP_RATE43_OVERLAP_V1,data/raw/rxte/50407-01-15-00/acquisition.json,verified,recorded count/s/selected PCU/output bin,recorded count/s/selected PCU/output bin,Propagated archive statistical covariance; calibration/background systematics excluded,no artificial replacements,,4ae87425e11a74c878289f2412b5687f6dbaffc6c60a8fe79500e1882dd85f3b,,data/provenance/rxte_processing/50407-01-15-00.json,a678dbe78b8255fe14b213f88aded9971fb308fe8e1e380a7279627ccbeca038
50407-01-17-00,50407-01-17-00,50407-01-17-00,xte_j1118_480,verified,https://heasarc.gsfc.nasa.gov/FTP/xte/data/archive/AO5/P50407/50407-01-17-00/stdprod/xp50407011700_s2.pha.gz,/Users/youhanwanigasuriya/Documents/New project/bh_ns_source_generalization/data/raw/rxte/50407-01-17-00/source-1fe442a8b0e9.bin,1fe442a8b0e9f6f4af400c95f31edbef7697836b9e21de408fe7d6d5aff4eb6e,data/processed/native/50407-01-17-00.npz,d662bf50d691b8d53f2e242255760c9086458ffa38692d0e4f4daca2fd6f83ea,2026-09-22T10:57:13.604449+00:00,PCA_OGIP_RATE43_OVERLAP_V1,PCA_OGIP_RATE43_OVERLAP_V1,data/raw/rxte/50407-01-17-00/acquisition.json,verified,recorded count/s/selected PCU/output bin,recorded count/s/selected PCU/output bin,Propagated archive statistical covariance; calibration/background systematics excluded,no artificial replacements,,07251900021efcf20211ed8f81ddf4c0e278902f420692f4565152f6b0e8582e,,data/provenance/rxte_processing/50407-01-17-00.json,1b71fa1acc7521f27c72edfc321ad8805178d6d185deb02d1effc7111e8c28f6
50410-01-02-00,50410-01-02-00,50410-01-02-00,mxb_1658_298,verified,https://heasarc.gsfc.nasa.gov/FTP/xte/data/archive/AO5/P50410/50410-01-02-00/stdprod/xp50410010200_s2.pha.gz,/Users/youhanwanigasuriya/Documents/New project/bh_ns_source_generalization/data/raw/rxte/50410-01-02-00/source-5b2c11092c98.bin,5b2c11092c981bd9660802d21918fcca04b388d9b056462a49b165289416d18c,data/processed/native/50410-01-02-00.npz,1afb512e74f588ad34587f8d4c3bae9cd5e54b5d43b209c981cc29dea7fc7e7d,2026-09-22T11:15:47.183414+00:00,PCA_OGIP_RATE43_OVERLAP_V1,PCA_OGIP_RATE43_OVERLAP_V1,data/raw/rxte/50410-01-02-00/acquisition.json,verified,recorded count/s/selected PCU/output bin,recorded count/s/selected PCU/output bin,Propagated archive statistical covariance; calibration/background systematics excluded,no artificial replacements,,b3b1f04bd100f1f8870c23d8f45c820887193c9fca4b417f38204a6d6e49bbcc,,data/provenance/rxte_processing/50410-01-02-00.json,9e122375876d38c080b37c870d16edae8b225523598f2d51f7b4b41222634ed0
50410-01-03-00,50410-01-03-00,50410-01-03-00,mxb_1658_298,verified,https://heasarc.gsfc.nasa.gov/FTP/xte/data/archive/AO5/P50410/50410-01-03-00/stdprod/xp50410010300_s2.pha.gz,/Users/youhanwanigasuriya/Documents/New project/bh_ns_source_generalization/data/raw/rxte/50410-01-03-00/source-e02fb77ffa29.bin,e02fb77ffa2967a051184de22702986568a818b66405a920988f4b63133bf588,data/processed/native/50410-01-03-00.npz,96632a4bfb49d54359fcf7e97760e204ee6331cbe5d3b498f6a4889826372cec,2026-09-22T11:15:47.872201+00:00,PCA_OGIP_RATE43_OVERLAP_V1,PCA_OGIP_RATE43_OVERLAP_V1,data/raw/rxte/50410-01-03-00/acquisition.json,verified,recorded count/s/selected PCU/output bin,recorded count/s/selected PCU/output bin,Propagated archive statistical covariance; calibration/background systematics excluded,no artificial replacements,,826a343f76f02188cf06e3fc142eea682a2eda240faf45dc3b1d421dea255043,,data/provenance/rxte_processing/50410-01-03-00.json,95190de613c676c134dfe8b982836c318a2375fa41636b10a3ee8cbb5b98ccdc
50410-01-05-00,50410-01-05-00,50410-01-05-00,mxb_1658_298,verified,https://heasarc.gsfc.nasa.gov/FTP/xte/data/archive/AO5/P50410/50410-01-05-00/stdprod/xp50410010500_s2.pha.gz,/Users/youhanwanigasuriya/Documents/New project/bh_ns_source_generalization/data/raw/rxte/50410-01-05-00/source-b9ae77d366bf.bin,b9ae77d366bf45b7a0166c6fdac950aecbdce191e2c932e1bba57ffbd66435b8,data/processed/native/50410-01-05-00.npz,3f1bacc48d75555d56c701cc9cddb762c34c277c93e19201ef836e4570ddf854,2026-09-22T11:15:50.099426+00:00,PCA_OGIP_RATE43_OVERLAP_V1,PCA_OGIP_RATE43_OVERLAP_V1,data/raw/rxte/50410-01-05-00/acquisition.json,verified,recorded count/s/selected PCU/output bin,recorded count/s/selected PCU/output bin,Propagated archive statistical covariance; calibration/background systematics excluded,no artificial replacements,,98f5313ddc6f9751d630643acf71013ea5e259e204ec5e126dd24b1c40685f2f,,data/provenance/rxte_processing/50410-01-05-00.json,0b37c91366b0c3a7a7bbaed263fe15772edea82c1ff2649d5b591268dfe6262b
50410-01-07-00,50410-01-07-00,50410-01-07-00,mxb_1658_298,verified,https://heasarc.gsfc.nasa.gov/FTP/xte/data/archive/AO5/P50410/50410-01-07-00/stdprod/xp50410010700_s2.pha.gz,/Users/youhanwanigasuriya/Documents/New project/bh_ns_source_generalization/data/raw/rxte/50410-01-07-00/source-18cecba16bd1.bin,18cecba16bd18ece2a2d1decdacd7c7ad551e74a74a390e61315bc3fca099332,data/processed/native/50410-01-07-00.npz,7e2a9f7deb2c9b5e906c0dbf1003f41051724dae006f39be1395c1db69f40484,2026-09-22T11:15:55.405371+00:00,PCA_OGIP_RATE43_OVERLAP_V1,PCA_OGIP_RATE43_OVERLAP_V1,data/raw/rxte/50410-01-07-00/acquisition.json,verified,recorded count/s/selected PCU/output bin,recorded count/s/selected PCU/output bin,Propagated archive statistical covariance; calibration/background systematics excluded,no artificial replacements,,26cd61bdbd69e1b1bc972083fbe71eb695b88ddef94471290fe56a0148d4dcbf,,data/provenance/rxte_processing/50410-01-07-00.json,175f7da8f310fc4aca4caa5b65eefea029ba9e00fd388d63aba0ec82f0a19d43
50410-01-09-00,50410-01-09-00,50410-01-09-00,mxb_1658_298,verified,https://heasarc.gsfc.nasa.gov/FTP/xte/data/archive/AO5/P50410/50410-01-09-00/stdprod/xp50410010900_s2.pha.gz,/Users/youhanwanigasuriya/Documents/New project/bh_ns_source_generalization/data/raw/rxte/50410-01-09-00/source-b6ebd2e17fd3.bin,b6ebd2e17fd3945f0c150fa436c1f4c0cde13ffff5da24b886227296f7d84828,data/processed/native/50410-01-09-00.npz,6c25f5bed417afa81979355a8ac50937d98a76e3ed4ef033d8501c3d89b2b09d,2026-09-22T11:15:55.218863+00:00,PCA_OGIP_RATE43_OVERLAP_V1,PCA_OGIP_RATE43_OVERLAP_V1,data/raw/rxte/50410-01-09-00/acquisition.json,verified,recorded count/s/selected PCU/output bin,recorded count/s/selected PCU/output bin,Propagated archive statistical covariance; calibration/background systematics excluded,no artificial replacements,,24802fa68e41728608a9251c30c37330c860855f0c50432bba8504b6afaad7c0,,data/provenance/rxte_processing/50410-01-09-00.json,7384ca7a387390067e31bfbbb1d3edb1c2e4f6ce36b1c123aefcbc31ba957a8b
60032-01-04-00,60032-01-04-00,60032-01-04-00,4u_1636_536,verified,https://heasarc.gsfc.nasa.gov/FTP/xte/data/archive/AO6/P60032/60032-01-04-00/stdprod/xp60032010400_s2.pha.gz,/Users/youhanwanigasuriya/Documents/New project/bh_ns_source_generalization/data/raw/rxte/60032-01-04-00/source-04148e402bf2.bin,04148e402bf2b2d2a8c00473da985712855c6f2c13a1d82af4bef2e34634a698,data/processed/native/60032-01-04-00.npz,3769644b862b23bed673b68af41ca932b113bc01a5c3880965f3fa36b55de553,2026-09-22T11:05:01.135239+00:00,PCA_OGIP_RATE43_OVERLAP_V1,PCA_OGIP_RATE43_OVERLAP_V1,data/raw/rxte/60032-01-04-00/acquisition.json,verified,recorded count/s/selected PCU/output bin,recorded count/s/selected PCU/output bin,Propagated archive statistical covariance; calibration/background systematics excluded,no artificial replacements,,755ed48ee3454b5310cd0844e1136b339d41dcc404e17609c7d65b6114831566,,data/provenance/rxte_processing/60032-01-04-00.json,3d3097ca54ee525211c8eef58e1085e5b4a0cb36d9a53c699241476feecddb24
60032-01-14-01,60032-01-14-01,60032-01-14-01,4u_1636_536,verified,https://heasarc.gsfc.nasa.gov/FTP/xte/data/archive/AO6/P60032/60032-01-14-01/stdprod/xp60032011401_s2.pha.gz,/Users/youhanwanigasuriya/Documents/New project/bh_ns_source_generalization/data/raw/rxte/60032-01-14-01/source-71d8fe9e9812.bin,71d8fe9e9812ac7866152479f5d138120ef10f7884df44cfd64a451a6be9f0db,data/processed/native/60032-01-14-01.npz,4e356f39022e4bd1d70bdbb97c707156fc88db6b2c4a5f3267efab329abd6b6f,2026-09-22T11:05:05.183653+00:00,PCA_OGIP_RATE43_OVERLAP_V1,PCA_OGIP_RATE43_OVERLAP_V1,data/raw/rxte/60032-01-14-01/acquisition.json,verified,recorded count/s/selected PCU/output bin,recorded count/s/selected PCU/output bin,Propagated archive statistical covariance; calibration/background systematics excluded,no artificial replacements,,153910008d1d56299b26cfcc982cdbcab17bea2bf5ac97afd4fe2a92083805c2,,data/provenance/rxte_processing/60032-01-14-01.json,a9f6b00bb0c8ef29400cb39259c26c0f0ffda0be98dc446239e9df112aa3281a
60032-05-15-00,60032-05-15-00,60032-05-15-00,4u_1636_536,verified,https://heasarc.gsfc.nasa.gov/FTP/xte/data/archive/AO6/P60032/60032-05-15-00/stdprod/xp60032051500_s2.pha.gz,/Users/youhanwanigasuriya/Documents/New project/bh_ns_source_generalization/data/raw/rxte/60032-05-15-00/source-20f46fe5d2cc.bin,20f46fe5d2cc83d7ba6bf223ef460823a285d4b8adc2a0041cfd6c7900737374,data/processed/native/60032-05-15-00.npz,aef79099e8fc43b1d4ce5e16fb017160567a565bbfb96087c755edff2570ff13,2026-09-22T11:05:06.056699+00:00,PCA_OGIP_RATE43_OVERLAP_V1,PCA_OGIP_RATE43_OVERLAP_V1,data/raw/rxte/60032-05-15-00/acquisition.json,verified,recorded count/s/selected PCU/output bin,recorded count/s/selected PCU/output bin,Propagated archive statistical covariance; calibration/background systematics excluded,no artificial replacements,,b1a1d9f841f49b378863f73f3dcbba69a422365ba6235d41497173f1f543f225,,data/provenance/rxte_processing/60032-05-15-00.json,4a266ec2076d7265102e0049b7a67a9ad87b30ee72b5fe1a56eb5aa5c99eecc8
60034-01-01-03,60034-01-01-03,60034-01-01-03,slx_1735_269,verified,https://heasarc.gsfc.nasa.gov/FTP/xte/data/archive/AO6/P60034/60034-01-01-03/stdprod/xp60034010103_s2.pha.gz,/Users/youhanwanigasuriya/Documents/New project/bh_ns_source_generalization/data/raw/rxte/60034-01-01-03/source-21ce2f41a2c6.bin,21ce2f41a2c66ebb64b1fa00bfe3ac3878295019537deda6b350d68113b627f7,data/processed/native/60034-01-01-03.npz,bc526cadc4144993ef035eaab0ce49b5d2cf31a48b50fff91a49a32459404fbc,2026-09-22T11:20:20.260759+00:00,PCA_OGIP_RATE43_OVERLAP_V1,PCA_OGIP_RATE43_OVERLAP_V1,data/raw/rxte/60034-01-01-03/acquisition.json,verified,recorded count/s/selected PCU/output bin,recorded count/s/selected PCU/output bin,Propagated archive statistical covariance; calibration/background systematics excluded,no artificial replacements,,1d124a093d97783bdad682d9e0cd898602b34f7efd0dd9c191ed13ba93f86b28,,data/provenance/rxte_processing/60034-01-01-03.json,b7e6125884674f679d09113c8106f325c6475806b9c6fc1d33fbddf884a702ca
60034-01-01-05,60034-01-01-05,60034-01-01-05,slx_1735_269,verified,https://heasarc.gsfc.nasa.gov/FTP/xte/data/archive/AO6/P60034/60034-01-01-05/stdprod/xp60034010105_s2.pha.gz,/Users/youhanwanigasuriya/Documents/New project/bh_ns_source_generalization/data/raw/rxte/60034-01-01-05/source-bec53ec40fb9.bin,bec53ec40fb9012779e03b4c82937d1702f1376c4b713500d49ba4c828b1c06d,data/processed/native/60034-01-01-05.npz,ca8b609b886933fc411a597bf97825675d8ba3cb0ecfa2b9a683b3008902ff26,2026-09-22T11:20:23.964705+00:00,PCA_OGIP_RATE43_OVERLAP_V1,PCA_OGIP_RATE43_OVERLAP_V1,data/raw/rxte/60034-01-01-05/acquisition.json,verified,recorded count/s/selected PCU/output bin,recorded count/s/selected PCU/output bin,Propagated archive statistical covariance; calibration/background systematics excluded,no artificial replacements,,b5d13e05bae471d659716e69b8547e482b70f9dc9253a80726c0c98041504403,,data/provenance/rxte_processing/60034-01-01-05.json,8a3116b665e4a0e6bab2b237417670782d593d8b8f56e3bddab09dfde39ce17c
60034-01-02-03,60034-01-02-03,60034-01-02-03,slx_1735_269,verified,https://heasarc.gsfc.nasa.gov/FTP/xte/data/archive/AO6/P60034/60034-01-02-03/stdprod/xp60034010203_s2.pha.gz,/Users/youhanwanigasuriya/Documents/New project/bh_ns_source_generalization/data/raw/rxte/60034-01-02-03/source-111bce1273c0.bin,111bce1273c0c432268b0a3ca966d53b5ca6ad6b77069e3eb21be779e7207adc,data/processed/native/60034-01-02-03.npz,91f4ee1ebbb773391dc6c534204415b4995806c3de99618bc3241854a6ac87e9,2026-09-22T11:20:29.543760+00:00,PCA_OGIP_RATE43_OVERLAP_V1,PCA_OGIP_RATE43_OVERLAP_V1,data/raw/rxte/60034-01-02-03/acquisition.json,verified,recorded count/s/selected PCU/output bin,recorded count/s/selected PCU/output bin,Propagated archive statistical covariance; calibration/background systematics excluded,no artificial replacements,,161010253e08ed9be04e7cfc208ed564e9505120dc02931e6ae5657e470de598,,data/provenance/rxte_processing/60034-01-02-03.json,f078f08768a6f1c3dce29963533c576d35ced9d444bfffb8d277cf2bff31b064
60034-01-03-00,60034-01-03-00,60034-01-03-00,slx_1735_269,verified,https://heasarc.gsfc.nasa.gov/FTP/xte/data/archive/AO6/P60034/60034-01-03-00/stdprod/xp60034010300_s2.pha.gz,/Users/youhanwanigasuriya/Documents/New project/bh_ns_source_generalization/data/raw/rxte/60034-01-03-00/source-6871cddcd41f.bin,6871cddcd41f8149f1ddd80a62eb00022f83361dac695c0f3e4d8a68b0c852fa,data/processed/native/60034-01-03-00.npz,784b755fd5d04742dc60b0d36fa2fc2e0fed7b6a4bb60eb2d75cd2557df84983,2026-09-22T11:20:31.025317+00:00,PCA_OGIP_RATE43_OVERLAP_V1,PCA_OGIP_RATE43_OVERLAP_V1,data/raw/rxte/60034-01-03-00/acquisition.json,verified,recorded count/s/selected PCU/output bin,recorded count/s/selected PCU/output bin,Propagated archive statistical covariance; calibration/background systematics excluded,no artificial replacements,,e24da0520db83656abc12d35ada83c6712ea51957c05bea8bfcfdd50144a886f,,data/provenance/rxte_processing/60034-01-03-00.json,6dc62994a95a30c73cbeee003962515714f4dc4d61ac8bae94fcd5f0c4bdd8fa
60035-01-02-01,60035-01-02-01,60035-01-02-01,sax_j1750_8_2900,verified,https://heasarc.gsfc.nasa.gov/FTP/xte/data/archive/AO6/P60035/60035-01-02-01/stdprod/xp60035010201_s2.pha.gz,/Users/youhanwanigasuriya/Documents/New project/bh_ns_source_generalization/data/raw/rxte/60035-01-02-01/source-33322c932ca8.bin,33322c932ca841c3c398251783e9c161d333339f8075eaa348a781cd628ab6ea,data/processed/native/60035-01-02-01.npz,567235cc1db6170eee0c6ef88a5369a827a1b6eaab8b40f18dfcbcac8bcacda6,2026-09-22T11:16:25.597842+00:00,PCA_OGIP_RATE43_OVERLAP_V1,PCA_OGIP_RATE43_OVERLAP_V1,data/raw/rxte/60035-01-02-01/acquisition.json,verified,recorded count/s/selected PCU/output bin,recorded count/s/selected PCU/output bin,Propagated archive statistical covariance; calibration/background systematics excluded,no artificial replacements,,c86af4a45c15a4c154056356cb1b231071d53357b00a94cfe80d88475dbf108b,,data/provenance/rxte_processing/60035-01-02-01.json,e63c6ae6dd7e12b5dd5b1a38fddb7e100919930299452bfaec0c08d8ae5b9d97
60042-01-01-01,60042-01-01-01,60042-01-01-01,4u_1735_444,verified,https://heasarc.gsfc.nasa.gov/FTP/xte/data/archive/AO6/P60042/60042-01-01-01/stdprod/xp60042010101_s2.pha.gz,/Users/youhanwanigasuriya/Documents/New project/bh_ns_source_generalization/data/raw/rxte/60042-01-01-01/source-1877f824a0ae.bin,1877f824a0ae032bf1effe6a1cb69c84f7f2085276f57c016ce741534a3dbe38,data/processed/native/60042-01-01-01.npz,84943a937807f80d3d8ee99ea14ceb653b2682eeae5476632a11f18af7f74286,2026-09-22T11:08:37.534484+00:00,PCA_OGIP_RATE43_OVERLAP_V1,PCA_OGIP_RATE43_OVERLAP_V1,data/raw/rxte/60042-01-01-01/acquisition.json,verified,recorded count/s/selected PCU/output bin,recorded count/s/selected PCU/output bin,Propagated archive statistical covariance; calibration/background systematics excluded,no artificial replacements,,b89b6d2d5c20d21aaf70a183c8e650cce04a2e9e564165683ea75f296f8fda54,,data/provenance/rxte_processing/60042-01-01-01.json,a6a0b092cdcdbdda1f50bb9cac0f35cc7f241942ec47d376d2cca1bec7393c99
60048-01-02-00,60048-01-02-00,60048-01-02-00,mxb_1658_298,verified,https://heasarc.gsfc.nasa.gov/FTP/xte/data/archive/AO6/P60048/60048-01-02-00/stdprod/xp60048010200_s2.pha.gz,/Users/youhanwanigasuriya/Documents/New project/bh_ns_source_generalization/data/raw/rxte/60048-01-02-00/source-e8bb3b9d2c38.bin,e8bb3b9d2c389eb09d0b0148d9e555472af0d3f345abe53f3eb1c6daac87d4ee,data/processed/native/60048-01-02-00.npz,d0120328e16c5844a0646ffc406235640194eee1e434d29cfddd20bd9ec055e0,2026-09-22T11:15:56.744094+00:00,PCA_OGIP_RATE43_OVERLAP_V1,PCA_OGIP_RATE43_OVERLAP_V1,data/raw/rxte/60048-01-02-00/acquisition.json,verified,recorded count/s/selected PCU/output bin,recorded count/s/selected PCU/output bin,Propagated archive statistical covariance; calibration/background systematics excluded,no artificial replacements,,8397757f62b07dec4fc380fe56572209cd4fc1eb6c69a29960c58a3a7d47a2be,,data/provenance/rxte_processing/60048-01-02-00.json,5d751b4a1b20c5dacc86938c501a95f2925956785b045eba96b7549036d45c26
60048-01-04-00,60048-01-04-00,60048-01-04-00,mxb_1658_298,verified,https://heasarc.gsfc.nasa.gov/FTP/xte/data/archive/AO6/P60048/60048-01-04-00/stdprod/xp60048010400_s2.pha.gz,/Users/youhanwanigasuriya/Documents/New project/bh_ns_source_generalization/data/raw/rxte/60048-01-04-00/source-14134b87a529.bin,14134b87a529fa7b94c7361355d1b92a3b4c57b6b28649dca72317594fed499e,data/processed/native/60048-01-04-00.npz,4deb4d015fb16750b61c0f10c1e4dc87589be34831aec21a1127ec1d959c71b4,2026-09-22T11:15:58.135647+00:00,PCA_OGIP_RATE43_OVERLAP_V1,PCA_OGIP_RATE43_OVERLAP_V1,data/raw/rxte/60048-01-04-00/acquisition.json,verified,recorded count/s/selected PCU/output bin,recorded count/s/selected PCU/output bin,Propagated archive statistical covariance; calibration/background systematics excluded,no artificial replacements,,55169a3cf9a4a12fc4b9ec10755ba4d63e22692ba79ffa498d818a6d066fb888,,data/provenance/rxte_processing/60048-01-04-00.json,86bc8c8de0351f85102eb749ca22959b502ee6946895662a696f6b872ea92a48
60048-01-05-00,60048-01-05-00,60048-01-05-00,mxb_1658_298,verified,https://heasarc.gsfc.nasa.gov/FTP/xte/data/archive/AO6/P60048/60048-01-05-00/stdprod/xp60048010500_s2.pha.gz,/Users/youhanwanigasuriya/Documents/New project/bh_ns_source_generalization/data/raw/rxte/60048-01-05-00/source-0cce7156889b.bin,0cce7156889b082a3b71280e33ddaa072af7171fdd41b557535c961cfc114d72,data/processed/native/60048-01-05-00.npz,ad5669d4b6ccc5f8e674dc4b897916cc2425743c47c861d1e298de8038c736b9,2026-09-22T11:15:59.416334+00:00,PCA_OGIP_RATE43_OVERLAP_V1,PCA_OGIP_RATE43_OVERLAP_V1,data/raw/rxte/60048-01-05-00/acquisition.json,verified,recorded count/s/selected PCU/output bin,recorded count/s/selected PCU/output bin,Propagated archive statistical covariance; calibration/background systematics excluded,no artificial replacements,,0efb90217d1d3021372b15ef72d3d15416625d8d2b220d3bce9071ca18ab2e1e,,data/provenance/rxte_processing/60048-01-05-00.json,5c1bec247fa82dd1987a82572bac2809c87a141844760078849b32348c2fbe8f
60048-02-01-00,60048-02-01-00,60048-02-01-00,mxb_1658_298,verified,https://heasarc.gsfc.nasa.gov/FTP/xte/data/archive/AO6/P60048/60048-02-01-00/stdprod/xp60048020100_s2.pha.gz,/Users/youhanwanigasuriya/Documents/New project/bh_ns_source_generalization/data/raw/rxte/60048-02-01-00/source-c0b45061bb7c.bin,c0b45061bb7c4cedb1d47ef205e324982922f5c2deda733aa7b569458615f175,data/processed/native/60048-02-01-00.npz,8f6022e2015334421a8066fcd4f2a37dc75d440c18f94558a3e35f1d93829860,2026-09-22T11:16:00.949317+00:00,PCA_OGIP_RATE43_OVERLAP_V1,PCA_OGIP_RATE43_OVERLAP_V1,data/raw/rxte/60048-02-01-00/acquisition.json,verified,recorded count/s/selected PCU/output bin,recorded count/s/selected PCU/output bin,Propagated archive statistical covariance; calibration/background systematics excluded,no artificial replacements,,959806a48126dbe38fc5a73e22bef65d8177c8e6f879e410d5bd8a88fa773982,,data/provenance/rxte_processing/60048-02-01-00.json,e4949ef9e8d266cef975b02df34144261f32a1f7b29019a37f370a84f0624e3e
60048-02-03-00,60048-02-03-00,60048-02-03-00,mxb_1658_298,verified,https://heasarc.gsfc.nasa.gov/FTP/xte/data/archive/AO6/P60048/60048-02-03-00/stdprod/xp60048020300_s2.pha.gz,/Users/youhanwanigasuriya/Documents/New project/bh_ns_source_generalization/data/raw/rxte/60048-02-03-00/source-37f281511321.bin,37f28151132135b0e3542fc1cd71a27bd7369408452615ae8247591082be1918,data/processed/native/60048-02-03-00.npz,dca8accdaff65e2d8624d49d051187af6c709214b2cac8743d407ee0cdb9aabc,2026-09-22T11:16:05.044999+00:00,PCA_OGIP_RATE43_OVERLAP_V1,PCA_OGIP_RATE43_OVERLAP_V1,data/raw/rxte/60048-02-03-00/acquisition.json,verified,recorded count/s/selected PCU/output bin,recorded count/s/selected PCU/output bin,Propagated archive statistical covariance; calibration/background systematics excluded,no artificial replacements,,6a4e204bc2ea85c66bedb56b5edcdbe960ce185c888c4dc41b296c06e27ef1b8,,data/provenance/rxte_processing/60048-02-03-00.json,a47c9f241d6719654e4edb1762dc1c4ac072e23bfe33a737412b96e6ada2f49a
60048-02-05-00,60048-02-05-00,60048-02-05-00,mxb_1658_298,verified,https://heasarc.gsfc.nasa.gov/FTP/xte/data/archive/AO6/P60048/60048-02-05-00/stdprod/xp60048020500_s2.pha.gz,/Users/youhanwanigasuriya/Documents/New project/bh_ns_source_generalization/data/raw/rxte/60048-02-05-00/source-842a93262c73.bin,842a93262c733ed5c227f33e518a7248c0909094ff7c22c3b0d663562cce614d,data/processed/native/60048-02-05-00.npz,f801d8b30119b6ea491412808c8f7ac1d53315b9eb4a1358994d10674d7efe4a,2026-09-22T11:16:05.650635+00:00,PCA_OGIP_RATE43_OVERLAP_V1,PCA_OGIP_RATE43_OVERLAP_V1,data/raw/rxte/60048-02-05-00/acquisition.json,verified,recorded count/s/selected PCU/output bin,recorded count/s/selected PCU/output bin,Propagated archive statistical covariance; calibration/background systematics excluded,no artificial replacements,,22fcc9271e7818876fc0b3a2c91678ba9e6f9a74c930a2070b8a00742cbf75c1,,data/provenance/rxte_processing/60048-02-05-00.json,32036b83492ed4ec037062e7bd3e3b42ce40ca37ab28c24e496973ae0679d484
60048-03-02-00,60048-03-02-00,60048-03-02-00,mxb_1658_298,verified,https://heasarc.gsfc.nasa.gov/FTP/xte/data/archive/AO6/P60048/60048-03-02-00/stdprod/xp60048030200_s2.pha.gz,/Users/youhanwanigasuriya/Documents/New project/bh_ns_source_generalization/data/raw/rxte/60048-03-02-00/source-a98f03150f91.bin,a98f03150f91ec74397c226f6f1eff5c42b22ce00d82f221c3a4ea517c5c42e4,data/processed/native/60048-03-02-00.npz,6844fdad6f50f114f240f64679c0fb0c1f5977926527c7ec3bf4aa56e5e025d2,2026-09-22T11:16:07.900292+00:00,PCA_OGIP_RATE43_OVERLAP_V1,PCA_OGIP_RATE43_OVERLAP_V1,data/raw/rxte/60048-03-02-00/acquisition.json,verified,recorded count/s/selected PCU/output bin,recorded count/s/selected PCU/output bin,Propagated archive statistical covariance; calibration/background systematics excluded,no artificial replacements,,1ca3a47bb698ff0ffb8a05ee4a26ad13dc1f40e423974036e313a06ae179b23f,,data/provenance/rxte_processing/60048-03-02-00.json,e6013ad93cffe95d3a636f1b3e9a59babd6c2f5f70f330657536d126a9576902
60048-03-03-00,60048-03-03-00,60048-03-03-00,mxb_1658_298,verified,https://heasarc.gsfc.nasa.gov/FTP/xte/data/archive/AO6/P60048/60048-03-03-00/stdprod/xp60048030300_s2.pha.gz,/Users/youhanwanigasuriya/Documents/New project/bh_ns_source_generalization/data/raw/rxte/60048-03-03-00/source-109c154e0e2a.bin,109c154e0e2a310ae5ea97ea49df9a59fd507b15f287288f5082c1b9f5af9bd8,data/processed/native/60048-03-03-00.npz,7407c400f1321e2e2b1d9be7542d1e1d18f6f3372ddc375464a5cb2f84098ad9,2026-09-22T11:16:08.086412+00:00,PCA_OGIP_RATE43_OVERLAP_V1,PCA_OGIP_RATE43_OVERLAP_V1,data/raw/rxte/60048-03-03-00/acquisition.json,verified,recorded count/s/selected PCU/output bin,recorded count/s/selected PCU/output bin,Propagated archive statistical covariance; calibration/background systematics excluded,no artificial replacements,,1ca3a47bb698ff0ffb8a05ee4a26ad13dc1f40e423974036e313a06ae179b23f,,data/provenance/rxte_processing/60048-03-03-00.json,0620175b7ba34719e22123ba5d8df93f3bb9ff54d3922e01fb676d9ffe0cd31b
60048-03-05-00,60048-03-05-00,60048-03-05-00,mxb_1658_298,verified,https://heasarc.gsfc.nasa.gov/FTP/xte/data/archive/AO6/P60048/60048-03-05-00/stdprod/xp60048030500_s2.pha.gz,/Users/youhanwanigasuriya/Documents/New project/bh_ns_source_generalization/data/raw/rxte/60048-03-05-00/source-483ba3c8da8b.bin,483ba3c8da8ba6d478f6bc1ea78cfaffef983a640113bb06c712c0fd69e6142a,data/processed/native/60048-03-05-00.npz,01259f5db81cd6cfcbbbab9f96fd2f8342e277f5cc2c0eac12f1c3dc628e0cd2,2026-09-22T11:16:09.477286+00:00,PCA_OGIP_RATE43_OVERLAP_V1,PCA_OGIP_RATE43_OVERLAP_V1,data/raw/rxte/60048-03-05-00/acquisition.json,verified,recorded count/s/selected PCU/output bin,recorded count/s/selected PCU/output bin,Propagated archive statistical covariance; calibration/background systematics excluded,no artificial replacements,,9baa220e43a976b564ccb651194fdde35dd5ed5c28acf2101d6e6393288a724e,,data/provenance/rxte_processing/60048-03-05-00.json,2c7e29077106ce66e3bb0ea9fcb8093c8998af8f3f0de57ce6bd9bc843320ea8
60048-04-02-00,60048-04-02-00,60048-04-02-00,mxb_1658_298,verified,https://heasarc.gsfc.nasa.gov/FTP/xte/data/archive/AO6/P60048/60048-04-02-00/stdprod/xp60048040200_s2.pha.gz,/Users/youhanwanigasuriya/Documents/New project/bh_ns_source_generalization/data/raw/rxte/60048-04-02-00/source-17774c2a4094.bin,17774c2a4094ae7f367994989f1a7ef1eba1b3c688ed1cc62cfa435bab46e923,data/processed/native/60048-04-02-00.npz,307a3151a8b45969cfa61cb549c1dccb58a790a9ab6ea1b854d5718687702ba5,2026-09-22T11:16:11.058026+00:00,PCA_OGIP_RATE43_OVERLAP_V1,PCA_OGIP_RATE43_OVERLAP_V1,data/raw/rxte/60048-04-02-00/acquisition.json,verified,recorded count/s/selected PCU/output bin,recorded count/s/selected PCU/output bin,Propagated archive statistical covariance; calibration/background systematics excluded,no artificial replacements,,21fe8ed15e4535fe92d8784e4c84a90235c4b05232f2d29ddce3d8833a55c366,,data/provenance/rxte_processing/60048-04-02-00.json,949be1bd323c845cdbcef931ec7d802f16eaa060b3ee399c62fc6dbd10b9eef3
60048-04-04-00,60048-04-04-00,60048-04-04-00,mxb_1658_298,verified,https://heasarc.gsfc.nasa.gov/FTP/xte/data/archive/AO6/P60048/60048-04-04-00/stdprod/xp60048040400_s2.pha.gz,/Users/youhanwanigasuriya/Documents/New project/bh_ns_source_generalization/data/raw/rxte/60048-04-04-00/source-d06cbcc81668.bin,d06cbcc81668b9ba53d0ef2d1811d27e73fbd67cd620fe57ed0d970a2e8f5f1b,data/processed/native/60048-04-04-00.npz,2b31b577e0bb1cfee671faeb4a7a7eb9d0767e22eb2e6047ab288dd2657558e2,2026-09-22T11:16:15.492942+00:00,PCA_OGIP_RATE43_OVERLAP_V1,PCA_OGIP_RATE43_OVERLAP_V1,data/raw/rxte/60048-04-04-00/acquisition.json,verified,recorded count/s/selected PCU/output bin,recorded count/s/selected PCU/output bin,Propagated archive statistical covariance; calibration/background systematics excluded,no artificial replacements,,510e05db553e7c400efb35f1bb4af9c04aac93f1575dec40814c723c99836bcd,,data/provenance/rxte_processing/60048-04-04-00.json,a9ec0fe5395b9b57f8e2b49207cbf09cf30b997c7aee8996a726f8f912badca3
60052-01-03-01,60052-01-03-01,60052-01-03-01,4u_1608_522,verified,https://heasarc.gsfc.nasa.gov/FTP/xte/data/archive/AO6/P60052/60052-01-03-01/stdprod/xp60052010301_s2.pha.gz,/Users/youhanwanigasuriya/Documents/New project/bh_ns_source_generalization/data/raw/rxte/60052-01-03-01/source-35cc4fdcd1bd.bin,35cc4fdcd1bd91f6cdc973f5fcbeb9f70cca5024c700c895311e35ce914838fd,data/processed/native/60052-01-03-01.npz,522ed6d374f0899d70ed3a91e6a5d637bca53a33621f266b9f88f8f24086125c,2026-09-22T11:04:19.726995+00:00,PCA_OGIP_RATE43_OVERLAP_V1,PCA_OGIP_RATE43_OVERLAP_V1,data/raw/rxte/60052-01-03-01/acquisition.json,verified,recorded count/s/selected PCU/output bin,recorded count/s/selected PCU/output bin,Propagated archive statistical covariance; calibration/background systematics excluded,no artificial replacements,,6f1ad92c1823b7bc21e03059706f9dff1b0645e513e981ecf3e11baa802c9d7f,,data/provenance/rxte_processing/60052-01-03-01.json,c1d8e0066a2cf489b0e02bd47e5e2cc191798578ecec6a019d04eb0ce5d1f612
60052-02-04-03,60052-02-04-03,60052-02-04-03,4u_1608_522,verified,https://heasarc.gsfc.nasa.gov/FTP/xte/data/archive/AO6/P60052/60052-02-04-03/stdprod/xp60052020403_s2.pha.gz,/Users/youhanwanigasuriya/Documents/New project/bh_ns_source_generalization/data/raw/rxte/60052-02-04-03/source-94341322dc55.bin,94341322dc55580a38cc2f4a6be9c6b1df4b311dac6187c23df16c1fe05aeb3a,data/processed/native/60052-02-04-03.npz,e1b063524f02058f715c7bf2f6525c2f35f01433b901cd9513187d31a73d72be,2026-09-22T11:04:19.199379+00:00,PCA_OGIP_RATE43_OVERLAP_V1,PCA_OGIP_RATE43_OVERLAP_V1,data/raw/rxte/60052-02-04-03/acquisition.json,verified,recorded count/s/selected PCU/output bin,recorded count/s/selected PCU/output bin,Propagated archive statistical covariance; calibration/background systematics excluded,no artificial replacements,,b3c2a674fa1dc65b14805286c6eded2c270d3fbfaccd439a0c4ea7acd6ec49ad,,data/provenance/rxte_processing/60052-02-04-03.json,67d5f15cf8afb138f4df6e1853a1f368e4c525c8a5108139bbe23b1750980a11
60054-02-01-04,60054-02-01-04,60054-02-01-04,aql_x_1,verified,https://heasarc.gsfc.nasa.gov/FTP/xte/data/archive/AO6/P60054/60054-02-01-04/stdprod/xp60054020104_s2.pha.gz,/Users/youhanwanigasuriya/Documents/New project/bh_ns_source_generalization/data/raw/rxte/60054-02-01-04/source-090bf6709521.bin,090bf67095211cb09b7efc0b36620c5cd99e1f3f0fc37d0c20003c1b0e82be4c,data/processed/native/60054-02-01-04.npz,a378d8a568d46bde7edb439a83d7aa1f21561bd371f86c0fe22a01201a8a92c3,2026-09-22T11:09:59.598916+00:00,PCA_OGIP_RATE43_OVERLAP_V1,PCA_OGIP_RATE43_OVERLAP_V1,data/raw/rxte/60054-02-01-04/acquisition.json,verified,recorded count/s/selected PCU/output bin,recorded count/s/selected PCU/output bin,Propagated archive statistical covariance; calibration/background systematics excluded,no artificial replacements,,c8ad941193e6bdce14a03dfc0992dcf2c9286c607eb100c7cd9079cebafd4c99,,data/provenance/rxte_processing/60054-02-01-04.json,0d26f988f0681e91a52346bcf92c7ff7b2cc9de532fe89c14ff0202d196cd805
60054-02-05-02,60054-02-05-02,60054-02-05-02,aql_x_1,verified,https://heasarc.gsfc.nasa.gov/FTP/xte/data/archive/AO6/P60054/60054-02-05-02/stdprod/xp60054020502_s2.pha.gz,/Users/youhanwanigasuriya/Documents/New project/bh_ns_source_generalization/data/raw/rxte/60054-02-05-02/source-4e337034d5ab.bin,4e337034d5aba066f2bfb7fd6f131168186f6b746863ece9887d4e6d903c3675,data/processed/native/60054-02-05-02.npz,974cb263b4dda8186ac4b81363c9e7297b5ef0f3900f36040484ed3cda77f195,2026-09-22T11:10:05.367221+00:00,PCA_OGIP_RATE43_OVERLAP_V1,PCA_OGIP_RATE43_OVERLAP_V1,data/raw/rxte/60054-02-05-02/acquisition.json,verified,recorded count/s/selected PCU/output bin,recorded count/s/selected PCU/output bin,Propagated archive statistical covariance; calibration/background systematics excluded,no artificial replacements,,57504aa8cb7e7d29ff95df7a2735656f28b52f05b67002b07e5460f04dd72151,,data/provenance/rxte_processing/60054-02-05-02.json,0e1cd7aaa0620888df23f6d7a254164e4bc109808918d37deb7a8009d67414dd
60083-03-01-00,60083-03-01-00,60083-03-01-00,sax_j1808_4_3658,verified,https://heasarc.gsfc.nasa.gov/FTP/xte/data/archive/AO6/P60083/60083-03-01-00/stdprod/xp60083030100_s2.pha.gz,/Users/youhanwanigasuriya/Documents/New project/bh_ns_source_generalization/data/raw/rxte/60083-03-01-00/source-24e926297316.bin,24e926297316696826362ffe7f2e9108855acaadc9dcc90ea374e82081f41749,data/processed/native/60083-03-01-00.npz,d8fa664e8a100b010de31638a4cd3a70bdd5142696c075b3a1f1d6e6f3381b03,2026-09-22T11:18:11.279084+00:00,PCA_OGIP_RATE43_OVERLAP_V1,PCA_OGIP_RATE43_OVERLAP_V1,data/raw/rxte/60083-03-01-00/acquisition.json,verified,recorded count/s/selected PCU/output bin,recorded count/s/selected PCU/output bin,Propagated archive statistical covariance; calibration/background systematics excluded,no artificial replacements,,f848365b2bb788c61305131c4dfe711c4b6eb33639801994c4bd42e23feac882,,data/provenance/rxte_processing/60083-03-01-00.json,f78bcbff5f20626f0e7961f26d28547a609141e12465333f668bb41bcb96381b
60083-03-06-00,60083-03-06-00,60083-03-06-00,sax_j1808_4_3658,verified,https://heasarc.gsfc.nasa.gov/FTP/xte/data/archive/AO6/P60083/60083-03-06-00/stdprod/xp60083030600_s2.pha.gz,/Users/youhanwanigasuriya/Documents/New project/bh_ns_source_generalization/data/raw/rxte/60083-03-06-00/source-8c82570880d3.bin,8c82570880d3b9befeca78e4a35a834aba528f462faaba3e694745f8473323cc,data/processed/native/60083-03-06-00.npz,76624812e2941fbe163fc9538fe9777160dde95e98bbaaac40bfc3c93aa1c06c,2026-09-22T11:18:13.922591+00:00,PCA_OGIP_RATE43_OVERLAP_V1,PCA_OGIP_RATE43_OVERLAP_V1,data/raw/rxte/60083-03-06-00/acquisition.json,verified,recorded count/s/selected PCU/output bin,recorded count/s/selected PCU/output bin,Propagated archive statistical covariance; calibration/background systematics excluded,no artificial replacements,,78a0347257c9f5d33c20acd847f3b0bd049d2b6f3e055ba14bd6d31c07ac1ebd,,data/provenance/rxte_processing/60083-03-06-00.json,02f9a7d1846d4422796de68de124cc9a847840a37accace07125f4249b8bf55c
60084-03-01-02,60084-03-01-02,60084-03-01-02,sax_j1750_8_2900,verified,https://heasarc.gsfc.nasa.gov/FTP/xte/data/archive/AO6/P60084/60084-03-01-02/stdprod/xp60084030102_s2.pha.gz,/Users/youhanwanigasuriya/Documents/New project/bh_ns_source_generalization/data/raw/rxte/60084-03-01-02/source-e12fd46dfb6c.bin,e12fd46dfb6cb2afda0cb7c93b9c9e90821749766f3aa5b96dccd1e9631c47de,data/processed/native/60084-03-01-02.npz,cd790d49ddeb0f9795250b98338b43e25955a8f74eb7e7f3dd4b27b0a80bffa3,2026-09-22T11:16:21.442371+00:00,PCA_OGIP_RATE43_OVERLAP_V1,PCA_OGIP_RATE43_OVERLAP_V1,data/raw/rxte/60084-03-01-02/acquisition.json,verified,recorded count/s/selected PCU/output bin,recorded count/s/selected PCU/output bin,Propagated archive statistical covariance; calibration/background systematics excluded,no artificial replacements,,9ea7b5a62aeebd17771ca7cc10cf0d732f28d9b287877a1410f80f4f7e86319a,,data/provenance/rxte_processing/60084-03-01-02.json,3414467c04849701b44903c5f2319eee64d2301e4a4557be10dc8e43cf953bce
60084-03-02-00,60084-03-02-00,60084-03-02-00,sax_j1750_8_2900,verified,https://heasarc.gsfc.nasa.gov/FTP/xte/data/archive/AO6/P60084/60084-03-02-00/stdprod/xp60084030200_s2.pha.gz,/Users/youhanwanigasuriya/Documents/New project/bh_ns_source_generalization/data/raw/rxte/60084-03-02-00/source-fc870a4fde71.bin,fc870a4fde71dcaa66f841f042a62cd74a9b11ec5d65fc744b56def6d5708c19,data/processed/native/60084-03-02-00.npz,c8c3cfe29706eb63c97705d507f5dfd9a74537c3fdc61ebb715198a1105e6d0d,2026-09-22T10:56:38.201730+00:00,PCA_OGIP_RATE43_OVERLAP_V1,PCA_OGIP_RATE43_OVERLAP_V1,data/raw/rxte/60084-03-02-00/acquisition.json,verified,recorded count/s/selected PCU/output bin,recorded count/s/selected PCU/output bin,Propagated archive statistical covariance; calibration/background systematics excluded,no artificial replacements,,8f445732b5b35ffae590461faa3a357d61312f3796b23f97d46a06d3b6733868,,data/provenance/rxte_processing/60084-03-02-00.json,3746de66bd7ff94e5054ca23b654b935bdb795c8abe2bf883312863d3b3cdfb7
60117-01-01-00,60117-01-01-00,60117-01-01-00,sax_j1750_8_2900,verified,https://heasarc.gsfc.nasa.gov/FTP/xte/data/archive/AO6/P60117/60117-01-01-00/stdprod/xp60117010100_s2.pha.gz,/Users/youhanwanigasuriya/Documents/New project/bh_ns_source_generalization/data/raw/rxte/60117-01-01-00/source-8937ccb9a271.bin,8937ccb9a2718c22c3d1e01a74ac68d5b5d2e37c4fc945b99f33abac44790b14,data/processed/native/60117-01-01-00.npz,013cbf14966a3f5a3523b2cd6a8ef2fdeedd1af87a9881c8d224f509dd1b7bf0,2026-09-22T11:16:27.376966+00:00,PCA_OGIP_RATE43_OVERLAP_V1,PCA_OGIP_RATE43_OVERLAP_V1,data/raw/rxte/60117-01-01-00/acquisition.json,verified,recorded count/s/selected PCU/output bin,recorded count/s/selected PCU/output bin,Propagated archive statistical covariance; calibration/background systematics excluded,no artificial replacements,,37a041656d57435abd32b7dfa6a88c3815708d8a979fcb6006b0cbda2eaf1a1a,,data/provenance/rxte_processing/60117-01-01-00.json,6b36d397eb7028fe6d7b45c3265c94207a88f35e42fadf0f885a2a65a61ab06e
60417-01-01-00,60417-01-01-00,60417-01-01-00,cyg_x_2,verified,https://heasarc.gsfc.nasa.gov/FTP/xte/data/archive/AO6/P60417/60417-01-01-00/stdprod/xp60417010100_s2.pha.gz,/Users/youhanwanigasuriya/Documents/New project/bh_ns_source_generalization/data/raw/rxte/60417-01-01-00/source-49fc27376ec3.bin,49fc27376ec39674a6818b904a13028b1c25c02443a2e79b9a9d255c163fce1b,data/processed/native/60417-01-01-00.npz,3fe13b99df5366ca8b572ba203f7e635bb8c60fb185c1e6f446f4ccc92e94b5f,2026-09-22T11:10:52.264127+00:00,PCA_OGIP_RATE43_OVERLAP_V1,PCA_OGIP_RATE43_OVERLAP_V1,data/raw/rxte/60417-01-01-00/acquisition.json,verified,recorded count/s/selected PCU/output bin,recorded count/s/selected PCU/output bin,Propagated archive statistical covariance; calibration/background systematics excluded,no artificial replacements,,7313c9e2ff27b9751c552c6cce74552bc687146921dbde83bbcc508598d33a33,,data/provenance/rxte_processing/60417-01-01-00.json,25c5e66dd1dc3be0dafcaedfdc7f045ec0b131591217629c6e9776f0d36fb33c
60419-01-01-00,60419-01-01-00,60419-01-01-00,mxb_1658_298,verified,https://heasarc.gsfc.nasa.gov/FTP/xte/data/archive/AO6/P60419/60419-01-01-00/stdprod/xp60419010100_s2.pha.gz,/Users/youhanwanigasuriya/Documents/New project/bh_ns_source_generalization/data/raw/rxte/60419-01-01-00/source-979ef919d4c4.bin,979ef919d4c4bee4ecf946d2deb3c9d9cccd52edd42beb5a2cdff38152550eb8,data/processed/native/60419-01-01-00.npz,3790496060e61866e24157fbcd3e5260b7dc1a48dcb8047f6ba31b6546740a8b,2026-09-22T11:16:15.803790+00:00,PCA_OGIP_RATE43_OVERLAP_V1,PCA_OGIP_RATE43_OVERLAP_V1,data/raw/rxte/60419-01-01-00/acquisition.json,verified,recorded count/s/selected PCU/output bin,recorded count/s/selected PCU/output bin,Propagated archive statistical covariance; calibration/background systematics excluded,no artificial replacements,,39ee20805cb53d4cd0565af0ecabcea38af73f25a3768738e91294600b4e200f,,data/provenance/rxte_processing/60419-01-01-00.json,e40a1e535950645c9729b6a5233a7b7685863a12297b952e24f9e3a607dce9d1
60419-01-02-00,60419-01-02-00,60419-01-02-00,mxb_1658_298,verified,https://heasarc.gsfc.nasa.gov/FTP/xte/data/archive/AO6/P60419/60419-01-02-00/stdprod/xp60419010200_s2.pha.gz,/Users/youhanwanigasuriya/Documents/New project/bh_ns_source_generalization/data/raw/rxte/60419-01-02-00/source-c5c7b452381a.bin,c5c7b452381a4a350618d9bb7f586afcf399313b4b5ee2af2c647764aed5cf06,data/processed/native/60419-01-02-00.npz,bed5e9f20adc0873225cfad8e5ec725dcb6e0f5836b274db7c33d2c9389fb716,2026-09-22T11:16:18.258417+00:00,PCA_OGIP_RATE43_OVERLAP_V1,PCA_OGIP_RATE43_OVERLAP_V1,data/raw/rxte/60419-01-02-00/acquisition.json,verified,recorded count/s/selected PCU/output bin,recorded count/s/selected PCU/output bin,Propagated archive statistical covariance; calibration/background systematics excluded,no artificial replacements,,4df4e855099cbf7403f88cd69de80d2b91d6d33f5de58a765ec586961141faa5,,data/provenance/rxte_processing/60419-01-02-00.json,f79ab3ffedab54717d00cfbd75734c61b6f340f79387d8d029a8f55aa923f68c
60419-01-04-00,60419-01-04-00,60419-01-04-00,mxb_1658_298,verified,https://heasarc.gsfc.nasa.gov/FTP/xte/data/archive/AO6/P60419/60419-01-04-00/stdprod/xp60419010400_s2.pha.gz,/Users/youhanwanigasuriya/Documents/New project/bh_ns_source_generalization/data/raw/rxte/60419-01-04-00/source-479087d68e16.bin,479087d68e163c707fe2eba672d4a4f6eeb5ea3d8a87b3c494275cee60bf76c1,data/processed/native/60419-01-04-00.npz,25375c7d274c75afade4e6beb64337809b66c25de25b5f77fcd8f416bdb1ca80,2026-09-22T11:16:18.583942+00:00,PCA_OGIP_RATE43_OVERLAP_V1,PCA_OGIP_RATE43_OVERLAP_V1,data/raw/rxte/60419-01-04-00/acquisition.json,verified,recorded count/s/selected PCU/output bin,recorded count/s/selected PCU/output bin,Propagated archive statistical covariance; calibration/background systematics excluded,no artificial replacements,,10331e676475a1a11ead972a889440e12a83638dac81b349056b2e062701875b,,data/provenance/rxte_processing/60419-01-04-00.json,bcfd00dcfb1a4694b614c61ef68cb40388ad392f0b5a61696287fe3f0008c0e0
60424-01-02-01,60424-01-02-01,60424-01-02-01,4u_0614_09,verified,https://heasarc.gsfc.nasa.gov/FTP/xte/data/archive/AO6/P60424/60424-01-02-01/stdprod/xp60424010201_s2.pha.gz,/Users/youhanwanigasuriya/Documents/New project/bh_ns_source_generalization/data/raw/rxte/60424-01-02-01/source-900e10639706.bin,900e106397064287042ee66fa276a605e00623a182ae017b80f70e380034cae1,data/processed/native/60424-01-02-01.npz,b68a0510093462d8a3e100f276ce73f5af54425a12f67eedda5ee92936308895,2026-09-22T11:02:42.974988+00:00,PCA_OGIP_RATE43_OVERLAP_V1,PCA_OGIP_RATE43_OVERLAP_V1,data/raw/rxte/60424-01-02-01/acquisition.json,verified,recorded count/s/selected PCU/output bin,recorded count/s/selected PCU/output bin,Propagated archive statistical covariance; calibration/background systematics excluded,no artificial replacements,,88a153c70beb7dff21baafcf1784662e2d91491dafaa9794057149b2f97a3244,,data/provenance/rxte_processing/60424-01-02-01.json,5fc606d3aec5c47304de6b6309042cf58bd57c6e3ed183a86147c380beb41b8f
60428-01-09-00,60428-01-09-00,60428-01-09-00,xte_j1550_564,verified,https://heasarc.gsfc.nasa.gov/FTP/xte/data/archive/AO6/P60428/60428-01-09-00/stdprod/xp60428010900_s2.pha.gz,/Users/youhanwanigasuriya/Documents/New project/bh_ns_source_generalization/data/raw/rxte/60428-01-09-00/source-14593576abaa.bin,14593576abaa651ff1ff0be8db389c0607826fcca62d860366b91c86e70feabc,data/processed/native/60428-01-09-00.npz,6dbc8622b261765ee1e64d7053581de5dfa20191367cb1d26298fb7c1d9cb03c,2026-09-22T11:23:46.153125+00:00,PCA_OGIP_RATE43_OVERLAP_V1,PCA_OGIP_RATE43_OVERLAP_V1,data/raw/rxte/60428-01-09-00/acquisition.json,verified,recorded count/s/selected PCU/output bin,recorded count/s/selected PCU/output bin,Propagated archive statistical covariance; calibration/background systematics excluded,no artificial replacements,,3d4e790f7d934600e912bcb816e391e2a47d818be44620451d75f4a4fcbc19d5,,data/provenance/rxte_processing/60428-01-09-00.json,30ec9c580dfe65124c157f337e0bf96fa8b73d5e3620cf94155713efd2548347
60705-01-01-00,60705-01-01-00,60705-01-01-00,gx_339_4,verified,https://heasarc.gsfc.nasa.gov/FTP/xte/data/archive/AO6/P60705/60705-01-01-00/stdprod/xp60705010100_s2.pha.gz,/Users/youhanwanigasuriya/Documents/New project/bh_ns_source_generalization/data/raw/rxte/60705-01-01-00/source-084c77db774a.bin,084c77db774adabd40c9e33504ce48742d5a02125341fbe7caee42aa3c552426,data/processed/native/60705-01-01-00.npz,2f57b75fd2fd556bcb56ddcad38472aa2b649108137696bd0f0c425b758b5722,2026-09-22T11:11:53.925291+00:00,PCA_OGIP_RATE43_OVERLAP_V1,PCA_OGIP_RATE43_OVERLAP_V1,data/raw/rxte/60705-01-01-00/acquisition.json,verified,recorded count/s/selected PCU/output bin,recorded count/s/selected PCU/output bin,Propagated archive statistical covariance; calibration/background systematics excluded,no artificial replacements,,8397757f62b07dec4fc380fe56572209cd4fc1eb6c69a29960c58a3a7d47a2be,,data/provenance/rxte_processing/60705-01-01-00.json,e758bae977ef1bf6df4e1bcdc6ac40276aede23df0beb477c9dadbaa77d1b310
60705-01-01-10,60705-01-01-10,60705-01-01-10,gx_339_4,verified,https://heasarc.gsfc.nasa.gov/FTP/xte/data/archive/AO6/P60705/60705-01-01-10/stdprod/xp60705010110_s2.pha.gz,/Users/youhanwanigasuriya/Documents/New project/bh_ns_source_generalization/data/raw/rxte/60705-01-01-10/source-a2e1f1b48e65.bin,a2e1f1b48e65e7eeb0cbaba688c7939eed9186dc06a2f0d4808a745ea725cdf4,data/processed/native/60705-01-01-10.npz,f537b775655e2fb9b14c8157191fa88327bac9d995a2aa6860964ddb74d65e53,2026-09-22T11:12:20.571146+00:00,PCA_OGIP_RATE43_OVERLAP_V1,PCA_OGIP_RATE43_OVERLAP_V1,data/raw/rxte/60705-01-01-10/acquisition.json,verified,recorded count/s/selected PCU/output bin,recorded count/s/selected PCU/output bin,Propagated archive statistical covariance; calibration/background systematics excluded,no artificial replacements,,790aee2fb818fa9c29b14d9f46de3ce9a1c07466500f1ccfd66ac66e2d7c7f72,,data/provenance/rxte_processing/60705-01-01-10.json,06758d5e1453bd77c84493821142d57519fbb50f85bb0df329103c05827d7db0
60705-01-44-00,60705-01-44-00,60705-01-44-00,gx_339_4,verified,https://heasarc.gsfc.nasa.gov/FTP/xte/data/archive/AO6/P60705/60705-01-44-00/stdprod/xp60705014400_s2.pha.gz,/Users/youhanwanigasuriya/Documents/New project/bh_ns_source_generalization/data/raw/rxte/60705-01-44-00/source-566ecbf19bd6.bin,566ecbf19bd6a0e0aaad4bc13157657e52ddd7ae65db846e23957a17b4f0c4f3,data/processed/native/60705-01-44-00.npz,d27f914df97aa248c634e210f07d8473b410acc1f6b95c34e4840c4a0df6552b,2026-09-22T11:11:55.707360+00:00,PCA_OGIP_RATE43_OVERLAP_V1,PCA_OGIP_RATE43_OVERLAP_V1,data/raw/rxte/60705-01-44-00/acquisition.json,verified,recorded count/s/selected PCU/output bin,recorded count/s/selected PCU/output bin,Propagated archive statistical covariance; calibration/background systematics excluded,no artificial replacements,,84af566035a2c768bd8f56634696dc1126c746f67cfcbac02f6549824bc2553b,,data/provenance/rxte_processing/60705-01-44-00.json,74df9812928d6864da528e3ea4f1e52e28816cb7c79d6ef81835999e818d5111
60705-01-56-00,60705-01-56-00,60705-01-56-00,gx_339_4,verified,https://heasarc.gsfc.nasa.gov/FTP/xte/data/archive/AO6/P60705/60705-01-56-00/stdprod/xp60705015600_s2.pha.gz,/Users/youhanwanigasuriya/Documents/New project/bh_ns_source_generalization/data/raw/rxte/60705-01-56-00/source-29fadf9b8574.bin,29fadf9b8574226ff82869007ae6029bf7641a27ca27112839f4aaaf6f036799,data/processed/native/60705-01-56-00.npz,902571daad00bb37aae2511f0c346f310888eb727a90e4851c697f8ea376538e,2026-09-22T11:12:02.992967+00:00,PCA_OGIP_RATE43_OVERLAP_V1,PCA_OGIP_RATE43_OVERLAP_V1,data/raw/rxte/60705-01-56-00/acquisition.json,verified,recorded count/s/selected PCU/output bin,recorded count/s/selected PCU/output bin,Propagated archive statistical covariance; calibration/background systematics excluded,no artificial replacements,,2773244a36cc70e7fabf10a679be1c0f47aae0261d04bc9d3c5c95a3883e4b2c,,data/provenance/rxte_processing/60705-01-56-00.json,d6113a03dffeb918ab043877c6b71cc8998a4863b003585d5c47c1e3eaeb2648
60705-01-69-00,60705-01-69-00,60705-01-69-00,gx_339_4,verified,https://heasarc.gsfc.nasa.gov/FTP/xte/data/archive/AO6/P60705/60705-01-69-00/stdprod/xp60705016900_s2.pha.gz,/Users/youhanwanigasuriya/Documents/New project/bh_ns_source_generalization/data/raw/rxte/60705-01-69-00/source-607fa5fc1dcd.bin,607fa5fc1dcd9632697a0e08288dffdd0cbb2feaff4b0fa7c2a12b8033981090,data/processed/native/60705-01-69-00.npz,558f9bfbef1e72e2bb8d6573c148eb8b8c081b1aed33db19d8fbacb0b90c0a3e,2026-09-22T11:12:11.814268+00:00,PCA_OGIP_RATE43_OVERLAP_V1,PCA_OGIP_RATE43_OVERLAP_V1,data/raw/rxte/60705-01-69-00/acquisition.json,verified,recorded count/s/selected PCU/output bin,recorded count/s/selected PCU/output bin,Propagated archive statistical covariance; calibration/background systematics excluded,no artificial replacements,,d2b3405393f6135c4279a47033b84d329c4afb9242b5a072f01283087ce982a3,,data/provenance/rxte_processing/60705-01-69-00.json,2fc09ec029201b1668d96589ad26034c431698273e0c03d91715f22930a50c22
60705-01-80-00,60705-01-80-00,60705-01-80-00,gx_339_4,verified,https://heasarc.gsfc.nasa.gov/FTP/xte/data/archive/AO6/P60705/60705-01-80-00/stdprod/xp60705018000_s2.pha.gz,/Users/youhanwanigasuriya/Documents/New project/bh_ns_source_generalization/data/raw/rxte/60705-01-80-00/source-8dc968a180d8.bin,8dc968a180d8238e4c4c8e3aa715c0c5ab2e7f231efd06542676cdce65002865,data/processed/native/60705-01-80-00.npz,f959a641bd3b454af681093ac65326c673cf82b120e49fad6c4b5348b092afd6,2026-09-22T11:12:12.843424+00:00,PCA_OGIP_RATE43_OVERLAP_V1,PCA_OGIP_RATE43_OVERLAP_V1,data/raw/rxte/60705-01-80-00/acquisition.json,verified,recorded count/s/selected PCU/output bin,recorded count/s/selected PCU/output bin,Propagated archive statistical covariance; calibration/background systematics excluded,no artificial replacements,,56f2c5e4fa2455e2a50e89313052abc8089d26021d8a78cf00f32b5f3ac928e7,,data/provenance/rxte_processing/60705-01-80-00.json,dce8d9d8bde2027dad7ca7050e5203f6f4c2b6d7f326aea54e92c2d736f8361d
70014-02-02-00,70014-02-02-00,70014-02-02-00,cyg_x_2,verified,https://heasarc.gsfc.nasa.gov/FTP/xte/data/archive/AO7/P70014/70014-02-02-00/stdprod/xp70014020200_s2.pha.gz,/Users/youhanwanigasuriya/Documents/New project/bh_ns_source_generalization/data/raw/rxte/70014-02-02-00/source-0c615f0c6250.bin,0c615f0c6250b75a0e0cecfdc35a7e6bba627f6fdefcc98ecd9cce029ae7ae14,data/processed/native/70014-02-02-00.npz,e4784538c9652e68f34db7adb256181fa565c70bcee1ed9474b646b2f2d39abc,2026-09-22T11:10:55.577630+00:00,PCA_OGIP_RATE43_OVERLAP_V1,PCA_OGIP_RATE43_OVERLAP_V1,data/raw/rxte/70014-02-02-00/acquisition.json,verified,recorded count/s/selected PCU/output bin,recorded count/s/selected PCU/output bin,Propagated archive statistical covariance; calibration/background systematics excluded,no artificial replacements,,d9dddd35084342f648ae458fe5de9e4d0b4fa24f9ca1ba730dbadcb41a14ead4,,data/provenance/rxte_processing/70014-02-02-00.json,ba29ffb0d431924fc318974f292cdbdc58181e55f9fc87033b5314022a535041
70014-03-01-00,70014-03-01-00,70014-03-01-00,ser_x_1,verified,https://heasarc.gsfc.nasa.gov/FTP/xte/data/archive/AO7/P70014/70014-03-01-00/stdprod/xp70014030100_s2.pha.gz,/Users/youhanwanigasuriya/Documents/New project/bh_ns_source_generalization/data/raw/rxte/70014-03-01-00/source-10b7cca89903.bin,10b7cca89903279ae3b8eb4a24f3bbd1248365444a727272d27a6d8e8db54027,data/processed/native/70014-03-01-00.npz,f1db3826911acc53f81c0a08cc27f4b5f250cffb6e9ab3adab875e44495b54a2,2026-09-22T11:19:58.991710+00:00,PCA_OGIP_RATE43_OVERLAP_V1,PCA_OGIP_RATE43_OVERLAP_V1,data/raw/rxte/70014-03-01-00/acquisition.json,verified,recorded count/s/selected PCU/output bin,recorded count/s/selected PCU/output bin,Propagated archive statistical covariance; calibration/background systematics excluded,no artificial replacements,,83b9c5864a8a52060058655b87d66fb4a40903939edaade58e40f4287872511c,,data/provenance/rxte_processing/70014-03-01-00.json,97096250f6c5a3361afbf10db9141c5c30b0b97e36de9b7c33ebb21e00f89c6b
70014-03-01-01,70014-03-01-01,70014-03-01-01,ser_x_1,verified,https://heasarc.gsfc.nasa.gov/FTP/xte/data/archive/AO7/P70014/70014-03-01-01/stdprod/xp70014030101_s2.pha.gz,/Users/youhanwanigasuriya/Documents/New project/bh_ns_source_generalization/data/raw/rxte/70014-03-01-01/source-6bc574a31583.bin,6bc574a315830d641de94327160fd12ff547ead9108719f64fe2778d3d24b581,data/processed/native/70014-03-01-01.npz,087795aaa4ccc79d9105dd86ca6adb1e89c0b896e993e247323bffd89f0f21d8,2026-09-22T11:20:03.362594+00:00,PCA_OGIP_RATE43_OVERLAP_V1,PCA_OGIP_RATE43_OVERLAP_V1,data/raw/rxte/70014-03-01-01/acquisition.json,verified,recorded count/s/selected PCU/output bin,recorded count/s/selected PCU/output bin,Propagated archive statistical covariance; calibration/background systematics excluded,no artificial replacements,,83b9c5864a8a52060058655b87d66fb4a40903939edaade58e40f4287872511c,,data/provenance/rxte_processing/70014-03-01-01.json,a0b830a136b7cea5b1833b3916d7cfb4bab09d8998f213b711829383d4bdea62
70014-03-01-02,70014-03-01-02,70014-03-01-02,ser_x_1,verified,https://heasarc.gsfc.nasa.gov/FTP/xte/data/archive/AO7/P70014/70014-03-01-02/stdprod/xp70014030102_s2.pha.gz,/Users/youhanwanigasuriya/Documents/New project/bh_ns_source_generalization/data/raw/rxte/70014-03-01-02/source-f0be28b0d8bf.bin,f0be28b0d8bf2892c758cea61f4b7828e503d12f1b7f8f2faea4f440be1aa341,data/processed/native/70014-03-01-02.npz,6d818d6562fc1bf95b73a6a0b71683cdce9757a88efa39945771078fb8316fed,2026-09-22T11:19:59.083257+00:00,PCA_OGIP_RATE43_OVERLAP_V1,PCA_OGIP_RATE43_OVERLAP_V1,data/raw/rxte/70014-03-01-02/acquisition.json,verified,recorded count/s/selected PCU/output bin,recorded count/s/selected PCU/output bin,Propagated archive statistical covariance; calibration/background systematics excluded,no artificial replacements,,e9075a93cf932444934be49d8dd81c548f93c58e22dbd5de08a44c9d26afc585,,data/provenance/rxte_processing/70014-03-01-02.json,7f0e924ad93d03854d97babff32dd8e74517d88150aa87965c3c2b2349463fb2
70014-03-02-00,70014-03-02-00,70014-03-02-00,ser_x_1,verified,https://heasarc.gsfc.nasa.gov/FTP/xte/data/archive/AO7/P70014/70014-03-02-00/stdprod/xp70014030200_s2.pha.gz,/Users/youhanwanigasuriya/Documents/New project/bh_ns_source_generalization/data/raw/rxte/70014-03-02-00/source-3b194acb6f7e.bin,3b194acb6f7ede0bd552a7a9f66a635a546a76d6216a9f0bfadbe1b715f90670,data/processed/native/70014-03-02-00.npz,ebed61dc93c16aa086b09c7d152f27093f9b66ff414390c5080b806607f86443,2026-09-22T11:20:08.772671+00:00,PCA_OGIP_RATE43_OVERLAP_V1,PCA_OGIP_RATE43_OVERLAP_V1,data/raw/rxte/70014-03-02-00/acquisition.json,verified,recorded count/s/selected PCU/output bin,recorded count/s/selected PCU/output bin,Propagated archive statistical covariance; calibration/background systematics excluded,no artificial replacements,,30d49abf1fb63adbe39901593d4cead4c3e65af59183938227b406f46ca0782b,,data/provenance/rxte_processing/70014-03-02-00.json,6b711eb3ee65f8ee440cca5bd1b355fffccb9253c0e08b755b0d6069e48ec2f5
70014-03-02-01,70014-03-02-01,70014-03-02-01,ser_x_1,verified,https://heasarc.gsfc.nasa.gov/FTP/xte/data/archive/AO7/P70014/70014-03-02-01/stdprod/xp70014030201_s2.pha.gz,/Users/youhanwanigasuriya/Documents/New project/bh_ns_source_generalization/data/raw/rxte/70014-03-02-01/source-f703c3c8dc69.bin,f703c3c8dc69fddb3cb65c8a5361fa743e9c3b3fd82056e01ec369d44e5e3dc3,data/processed/native/70014-03-02-01.npz,e7f3df070273a87394c21f58ae9824fd720dcdbd144d8c578f530136ce78324e,2026-09-22T11:20:08.984176+00:00,PCA_OGIP_RATE43_OVERLAP_V1,PCA_OGIP_RATE43_OVERLAP_V1,data/raw/rxte/70014-03-02-01/acquisition.json,verified,recorded count/s/selected PCU/output bin,recorded count/s/selected PCU/output bin,Propagated archive statistical covariance; calibration/background systematics excluded,no artificial replacements,,30d49abf1fb63adbe39901593d4cead4c3e65af59183938227b406f46ca0782b,,data/provenance/rxte_processing/70014-03-02-01.json,a4f0adfc014ad7393442faabf0aa01bb2cb10ecf3267b05a6a0060314a5dcb2b
70014-03-02-02,70014-03-02-02,70014-03-02-02,ser_x_1,verified,https://heasarc.gsfc.nasa.gov/FTP/xte/data/archive/AO7/P70014/70014-03-02-02/stdprod/xp70014030202_s2.pha.gz,/Users/youhanwanigasuriya/Documents/New project/bh_ns_source_generalization/data/raw/rxte/70014-03-02-02/source-2c1ff2b1e967.bin,2c1ff2b1e967909daf8e752ec21b7dfc319fe13bbfd87af3f9090f6f5563fd96,data/processed/native/70014-03-02-02.npz,a4eaeb25629f5f11ab0b18e3ca51877035d63dff09688ca5a68133be0c356667,2026-09-22T11:20:09.208700+00:00,PCA_OGIP_RATE43_OVERLAP_V1,PCA_OGIP_RATE43_OVERLAP_V1,data/raw/rxte/70014-03-02-02/acquisition.json,verified,recorded count/s/selected PCU/output bin,recorded count/s/selected PCU/output bin,Propagated archive statistical covariance; calibration/background systematics excluded,no artificial replacements,,30d49abf1fb63adbe39901593d4cead4c3e65af59183938227b406f46ca0782b,,data/provenance/rxte_processing/70014-03-02-02.json,ca9fb9204d23ba89faf33f7b7ba77e094e9d775e5ea565e38b63998687b5170a
70014-03-02-03,70014-03-02-03,70014-03-02-03,ser_x_1,verified,https://heasarc.gsfc.nasa.gov/FTP/xte/data/archive/AO7/P70014/70014-03-02-03/stdprod/xp70014030203_s2.pha.gz,/Users/youhanwanigasuriya/Documents/New project/bh_ns_source_generalization/data/raw/rxte/70014-03-02-03/source-fe19d9d11266.bin,fe19d9d112664f0bd53c4dd3b6667ba6abf817be2e72eb2a218aee55aada0ff4,data/processed/native/70014-03-02-03.npz,c328244d21d313140cf6941d200dff0d37f513d84db6f620138c379bd0ea569b,2026-09-22T11:20:08.594596+00:00,PCA_OGIP_RATE43_OVERLAP_V1,PCA_OGIP_RATE43_OVERLAP_V1,data/raw/rxte/70014-03-02-03/acquisition.json,verified,recorded count/s/selected PCU/output bin,recorded count/s/selected PCU/output bin,Propagated archive statistical covariance; calibration/background systematics excluded,no artificial replacements,,d33af10e89e80fe7e81deb68142b843d44871bdee9526e0b965434572abe5c87,,data/provenance/rxte_processing/70014-03-02-03.json,dc0760708cfe403af0c7b6c8c1c75f1b5a634274528d357939420915eccd3801
70018-03-03-00,70018-03-03-00,70018-03-03-00,cyg_x_2,verified,https://heasarc.gsfc.nasa.gov/FTP/xte/data/archive/AO7/P70018/70018-03-03-00/stdprod/xp70018030300_s2.pha.gz,/Users/youhanwanigasuriya/Documents/New project/bh_ns_source_generalization/data/raw/rxte/70018-03-03-00/source-3671c124ac6f.bin,3671c124ac6ff59d62ba13cde9a9a72126f139a95ae2e5c7a5fa0d2052f1688b,data/processed/native/70018-03-03-00.npz,0722fced576a25ea767c0c3705f9b185d8943b768eead5dd5c6f0d3e74daf324,2026-09-22T11:10:54.007563+00:00,PCA_OGIP_RATE43_OVERLAP_V1,PCA_OGIP_RATE43_OVERLAP_V1,data/raw/rxte/70018-03-03-00/acquisition.json,verified,recorded count/s/selected PCU/output bin,recorded count/s/selected PCU/output bin,Propagated archive statistical covariance; calibration/background systematics excluded,no artificial replacements,,86a3420aa490788d6315d879ef8f84408951d5c680543a7e77f644c05b86d515,,data/provenance/rxte_processing/70018-03-03-00.json,5b4f43d25189295349184bddd85d5cf7b0c2482a43f5dc0ad13de60cbc6e540d
70027-04-01-00,70027-04-01-00,70027-04-01-00,ser_x_1,verified,https://heasarc.gsfc.nasa.gov/FTP/xte/data/archive/AO7/P70027/70027-04-01-00/stdprod/xp70027040100_s2.pha.gz,/Users/youhanwanigasuriya/Documents/New project/bh_ns_source_generalization/data/raw/rxte/70027-04-01-00/source-c94fdcae8f8e.bin,c94fdcae8f8e8447ad5d0fc6321b12fe9ad3f2b4e104bc4b4b373bcc12c7f235,data/processed/native/70027-04-01-00.npz,87e2c16cd720e1c0e4585ac083d0256673be90c1cffb98acabad36ef9623f0ff,2026-09-22T10:56:59.096384+00:00,PCA_OGIP_RATE43_OVERLAP_V1,PCA_OGIP_RATE43_OVERLAP_V1,data/raw/rxte/70027-04-01-00/acquisition.json,verified,recorded count/s/selected PCU/output bin,recorded count/s/selected PCU/output bin,Propagated archive statistical covariance; calibration/background systematics excluded,no artificial replacements,,134b715adaca91e5118d9a2fe138bcb2340c7c6b2a1e24ee1c1f8aee9da93e33,,data/provenance/rxte_processing/70027-04-01-00.json,a611b6222ba894445bb70a12b7248e52ce87ec7350ecfc1be253d07a5dcea471
70027-04-01-01,70027-04-01-01,70027-04-01-01,ser_x_1,verified,https://heasarc.gsfc.nasa.gov/FTP/xte/data/archive/AO7/P70027/70027-04-01-01/stdprod/xp70027040101_s2.pha.gz,/Users/youhanwanigasuriya/Documents/New project/bh_ns_source_generalization/data/raw/rxte/70027-04-01-01/source-cbaaa8e28319.bin,cbaaa8e283194246392fcb5321028f6aa12163985787b96955367cb0ce78e5f4,data/processed/native/70027-04-01-01.npz,b40e31cbf0a153d79100a8f2f20d7701e7ed3f127678c8ad612a82af6855808b,2026-09-22T11:19:58.566816+00:00,PCA_OGIP_RATE43_OVERLAP_V1,PCA_OGIP_RATE43_OVERLAP_V1,data/raw/rxte/70027-04-01-01/acquisition.json,verified,recorded count/s/selected PCU/output bin,recorded count/s/selected PCU/output bin,Propagated archive statistical covariance; calibration/background systematics excluded,no artificial replacements,,134b715adaca91e5118d9a2fe138bcb2340c7c6b2a1e24ee1c1f8aee9da93e33,,data/provenance/rxte_processing/70027-04-01-01.json,be35eda57612964b2e55f13656b1c5c7b96e4cb126e91a93983862a1fea40285
70027-04-08-00,70027-04-08-00,70027-04-08-00,ser_x_1,verified,https://heasarc.gsfc.nasa.gov/FTP/xte/data/archive/AO7/P70027/70027-04-08-00/stdprod/xp70027040800_s2.pha.gz,/Users/youhanwanigasuriya/Documents/New project/bh_ns_source_generalization/data/raw/rxte/70027-04-08-00/source-977624f8d0e4.bin,977624f8d0e48558aa9acf724bd5560701f1438326165afb7a6a9a36fc32c62e,data/processed/native/70027-04-08-00.npz,ff8a8ada80fec0292dca0a6699752664129630fd7cb2737eacff60b8c600259b,2026-09-22T10:57:00.494343+00:00,PCA_OGIP_RATE43_OVERLAP_V1,PCA_OGIP_RATE43_OVERLAP_V1,data/raw/rxte/70027-04-08-00/acquisition.json,verified,recorded count/s/selected PCU/output bin,recorded count/s/selected PCU/output bin,Propagated archive statistical covariance; calibration/background systematics excluded,no artificial replacements,,4ca534613bcf2b4e4afc705e23488b816ec232d67d0761967179c80daf24e4d1,,data/provenance/rxte_processing/70027-04-08-00.json,8651a0a68b514bcdfcce439c7ed43b6340db37064b4b52eafa2b8cca2c182aad
70028-01-01-08,70028-01-01-08,70028-01-01-08,4u_1728_34,verified,https://heasarc.gsfc.nasa.gov/FTP/xte/data/archive/AO7/P70028/70028-01-01-08/stdprod/xp70028010108_s2.pha.gz,/Users/youhanwanigasuriya/Documents/New project/bh_ns_source_generalization/data/raw/rxte/70028-01-01-08/source-969cda36a66f.bin,969cda36a66fb3142511babd619bf0147a4c65676b1e1f83968348236d157786,data/processed/native/70028-01-01-08.npz,c1c7fe0d9a7a6b2606069a0348dd59a1ea966afcf471e195f857b37154dba737,2026-09-22T11:07:54.755019+00:00,PCA_OGIP_RATE43_OVERLAP_V1,PCA_OGIP_RATE43_OVERLAP_V1,data/raw/rxte/70028-01-01-08/acquisition.json,verified,recorded count/s/selected PCU/output bin,recorded count/s/selected PCU/output bin,Propagated archive statistical covariance; calibration/background systematics excluded,no artificial replacements,,2ca1dc26e36c6a2a08b91562ebc23b667ff56531475fd3ee849741d68bfe2a31,,data/provenance/rxte_processing/70028-01-01-08.json,c1c6eff3f8474a7d022c16f41bf0f6999c65db7d53d35ad34a4e302fc2097a5a
70038-01-01-00,70038-01-01-00,70038-01-01-00,4u_1705_44,verified,https://heasarc.gsfc.nasa.gov/FTP/xte/data/archive/AO7/P70038/70038-01-01-00/stdprod/xp70038010100_s2.pha.gz,/Users/youhanwanigasuriya/Documents/New project/bh_ns_source_generalization/data/raw/rxte/70038-01-01-00/source-bc5b35e19c85.bin,bc5b35e19c855287af26b97488dd74c4d1c0933a32987188958a0f53eafb842b,data/processed/native/70038-01-01-00.npz,c59c0238954bd9520fed56fdee329b798b921b0359459b74b546b601ead5fd4d,2026-09-22T10:55:48.463001+00:00,PCA_OGIP_RATE43_OVERLAP_V1,PCA_OGIP_RATE43_OVERLAP_V1,data/raw/rxte/70038-01-01-00/acquisition.json,verified,recorded count/s/selected PCU/output bin,recorded count/s/selected PCU/output bin,Propagated archive statistical covariance; calibration/background systematics excluded,no artificial replacements,,67d617bff9def2a8ab00ddfc5665a9ec1d1ae62279a04fcac9fe76dc0712bc61,,data/provenance/rxte_processing/70038-01-01-00.json,031b78c11dcb593647725fd08dd57bef029d1281f7bbe45e022c42ef8d58b0fa
70050-01-01-00,70050-01-01-00,70050-01-01-00,4u_1746_37,verified,https://heasarc.gsfc.nasa.gov/FTP/xte/data/archive/AO7/P70050/70050-01-01-00/stdprod/xp70050010100_s2.pha.gz,/Users/youhanwanigasuriya/Documents/New project/bh_ns_source_generalization/data/raw/rxte/70050-01-01-00/source-a36c994df718.bin,a36c994df718a23ab1c8053c92f70ab58079d16edc1f125922c9f7b1d341ce27,data/processed/native/70050-01-01-00.npz,9f9d27921d2e4553f6a1d31d8a3d9a468e96f079b6ea5c3c570d373994423faf,2026-09-22T11:09:25.715099+00:00,PCA_OGIP_RATE43_OVERLAP_V1,PCA_OGIP_RATE43_OVERLAP_V1,data/raw/rxte/70050-01-01-00/acquisition.json,verified,recorded count/s/selected PCU/output bin,recorded count/s/selected PCU/output bin,Propagated archive statistical covariance; calibration/background systematics excluded,no artificial replacements,,4eba1fd31895003e57149172f017f1353933aef479b37355b7eb6f247f3fd82b,,data/provenance/rxte_processing/70050-01-01-00.json,eed7e717da3ee6d6c34e4a50534c9e6df638d5ea0ae3e32f8e488367f5b6f170
70050-01-01-01,70050-01-01-01,70050-01-01-01,4u_1746_37,verified,https://heasarc.gsfc.nasa.gov/FTP/xte/data/archive/AO7/P70050/70050-01-01-01/stdprod/xp70050010101_s2.pha.gz,/Users/youhanwanigasuriya/Documents/New project/bh_ns_source_generalization/data/raw/rxte/70050-01-01-01/source-5da420bd06f9.bin,5da420bd06f955815589c658df70013e7f04d223f662c4bfc45e3594adf2e21d,data/processed/native/70050-01-01-01.npz,e65529e43018475aa9556cf3b500f196212f30f0418b93f45576c756637ae019,2026-09-22T10:56:01.143870+00:00,PCA_OGIP_RATE43_OVERLAP_V1,PCA_OGIP_RATE43_OVERLAP_V1,data/raw/rxte/70050-01-01-01/acquisition.json,verified,recorded count/s/selected PCU/output bin,recorded count/s/selected PCU/output bin,Propagated archive statistical covariance; calibration/background systematics excluded,no artificial replacements,,abb462dceb3b36db0e02fa6ee09dff091aede6c2672ca9ef1d59133d10e37c58,,data/provenance/rxte_processing/70050-01-01-01.json,b6700465a814b13c6ddc3dd296c6b631dcc6344edf33810ae828ca7f6e38635d
70050-01-01-03,70050-01-01-03,70050-01-01-03,4u_1746_37,verified,https://heasarc.gsfc.nasa.gov/FTP/xte/data/archive/AO7/P70050/70050-01-01-03/stdprod/xp70050010103_s2.pha.gz,/Users/youhanwanigasuriya/Documents/New project/bh_ns_source_generalization/data/raw/rxte/70050-01-01-03/source-14edb35150f0.bin,14edb35150f01a1bf898906b971c2895c7a010ea9288627328393bb259c9524a,data/processed/native/70050-01-01-03.npz,e6005643011945407818743d7e613365493ee7926b82a71685a3a258625cd1d2,2026-09-22T11:09:18.036120+00:00,PCA_OGIP_RATE43_OVERLAP_V1,PCA_OGIP_RATE43_OVERLAP_V1,data/raw/rxte/70050-01-01-03/acquisition.json,verified,recorded count/s/selected PCU/output bin,recorded count/s/selected PCU/output bin,Propagated archive statistical covariance; calibration/background systematics excluded,no artificial replacements,,abb462dceb3b36db0e02fa6ee09dff091aede6c2672ca9ef1d59133d10e37c58,,data/provenance/rxte_processing/70050-01-01-03.json,670cb01f55cf65284bce55ec5928a81ca218a2275bd143ec925b91afb7e70beb
70050-01-01-04,70050-01-01-04,70050-01-01-04,4u_1746_37,verified,https://heasarc.gsfc.nasa.gov/FTP/xte/data/archive/AO7/P70050/70050-01-01-04/stdprod/xp70050010104_s2.pha.gz,/Users/youhanwanigasuriya/Documents/New project/bh_ns_source_generalization/data/raw/rxte/70050-01-01-04/source-9b8a54780223.bin,9b8a5478022323b7d24851beb403ed8b34737b89caef9ae2f8c18d1717c5bbec,data/processed/native/70050-01-01-04.npz,9c4a4e8cd981e2891b3e427c59c957ebd84941466e8f2bdd1910095cdfaef030,2026-09-22T11:09:24.894263+00:00,PCA_OGIP_RATE43_OVERLAP_V1,PCA_OGIP_RATE43_OVERLAP_V1,data/raw/rxte/70050-01-01-04/acquisition.json,verified,recorded count/s/selected PCU/output bin,recorded count/s/selected PCU/output bin,Propagated archive statistical covariance; calibration/background systematics excluded,no artificial replacements,,4eba1fd31895003e57149172f017f1353933aef479b37355b7eb6f247f3fd82b,,data/provenance/rxte_processing/70050-01-01-04.json,fa398ec3434dfb2245b42ab20ba10687faa0f3e9d39f7c18e82e9e5e31542360
70050-01-01-05,70050-01-01-05,70050-01-01-05,4u_1746_37,verified,https://heasarc.gsfc.nasa.gov/FTP/xte/data/archive/AO7/P70050/70050-01-01-05/stdprod/xp70050010105_s2.pha.gz,/Users/youhanwanigasuriya/Documents/New project/bh_ns_source_generalization/data/raw/rxte/70050-01-01-05/source-ca74fa8fabb3.bin,ca74fa8fabb3f337aec36ab3fb1ee9178f3f489b3af8163040737005d89fa93f,data/processed/native/70050-01-01-05.npz,ad0d0ae95101a390d81bcfb28e122af53c1f198d7d43f1ea89bb812cd80ed85d,2026-09-22T11:09:22.213840+00:00,PCA_OGIP_RATE43_OVERLAP_V1,PCA_OGIP_RATE43_OVERLAP_V1,data/raw/rxte/70050-01-01-05/acquisition.json,verified,recorded count/s/selected PCU/output bin,recorded count/s/selected PCU/output bin,Propagated archive statistical covariance; calibration/background systematics excluded,no artificial replacements,,abb462dceb3b36db0e02fa6ee09dff091aede6c2672ca9ef1d59133d10e37c58,,data/provenance/rxte_processing/70050-01-01-05.json,4dcc80bdd5b48f80bf00cff2c43af4e76c25c5a6575cb32daa852399e6c7cb35
70050-01-01-06,70050-01-01-06,70050-01-01-06,4u_1746_37,verified,https://heasarc.gsfc.nasa.gov/FTP/xte/data/archive/AO7/P70050/70050-01-01-06/stdprod/xp70050010106_s2.pha.gz,/Users/youhanwanigasuriya/Documents/New project/bh_ns_source_generalization/data/raw/rxte/70050-01-01-06/source-8acca355488d.bin,8acca355488dd7ef015958068b42138248d68c244e74fc0b190a21de4b080466,data/processed/native/70050-01-01-06.npz,0907adc60ca3c555aa84189b52a60ade93b8ff2a0cb594a9fb9be126974cb421,2026-09-22T11:09:24.171180+00:00,PCA_OGIP_RATE43_OVERLAP_V1,PCA_OGIP_RATE43_OVERLAP_V1,data/raw/rxte/70050-01-01-06/acquisition.json,verified,recorded count/s/selected PCU/output bin,recorded count/s/selected PCU/output bin,Propagated archive statistical covariance; calibration/background systematics excluded,no artificial replacements,,4eba1fd31895003e57149172f017f1353933aef479b37355b7eb6f247f3fd82b,,data/provenance/rxte_processing/70050-01-01-06.json,0e21f9dacad49df8ee929859dcbb2cfb4cce64e0eb097e353727daa983d643d0
70050-01-01-07,70050-01-01-07,70050-01-01-07,4u_1746_37,verified,https://heasarc.gsfc.nasa.gov/FTP/xte/data/archive/AO7/P70050/70050-01-01-07/stdprod/xp70050010107_s2.pha.gz,/Users/youhanwanigasuriya/Documents/New project/bh_ns_source_generalization/data/raw/rxte/70050-01-01-07/source-4a86471916d1.bin,4a86471916d1562a06b4065a86628d13cb712210fefd72e6bee5e8ea1287c857,data/processed/native/70050-01-01-07.npz,c788646461392bb7c5713c827d6420ad396a5ca84eafefed0b58772c9fdf9e10,2026-09-22T11:09:27.863921+00:00,PCA_OGIP_RATE43_OVERLAP_V1,PCA_OGIP_RATE43_OVERLAP_V1,data/raw/rxte/70050-01-01-07/acquisition.json,verified,recorded count/s/selected PCU/output bin,recorded count/s/selected PCU/output bin,Propagated archive statistical covariance; calibration/background systematics excluded,no artificial replacements,,4eba1fd31895003e57149172f017f1353933aef479b37355b7eb6f247f3fd82b,,data/provenance/rxte_processing/70050-01-01-07.json,c3248674f412da239896972e24fcbb728ebcad263ecd4d18ffeb0fd63f82a6e2
70050-01-01-08,70050-01-01-08,70050-01-01-08,4u_1746_37,verified,https://heasarc.gsfc.nasa.gov/FTP/xte/data/archive/AO7/P70050/70050-01-01-08/stdprod/xp70050010108_s2.pha.gz,/Users/youhanwanigasuriya/Documents/New project/bh_ns_source_generalization/data/raw/rxte/70050-01-01-08/source-46f5cf9385a8.bin,46f5cf9385a826e37f7f7b102d91cc6471f6e0d3e22b380388842c7208a6b080,data/processed/native/70050-01-01-08.npz,4b309890d2f45de419f572e4b0e2f66b0bcda3cdf4a5e9a48423fd5e1658a94b,2026-09-22T10:56:03.898687+00:00,PCA_OGIP_RATE43_OVERLAP_V1,PCA_OGIP_RATE43_OVERLAP_V1,data/raw/rxte/70050-01-01-08/acquisition.json,verified,recorded count/s/selected PCU/output bin,recorded count/s/selected PCU/output bin,Propagated archive statistical covariance; calibration/background systematics excluded,no artificial replacements,,f960a6d6b75d66b622e7d23e28f3bce45f01177191b7299db79bf09e7ad3000d,,data/provenance/rxte_processing/70050-01-01-08.json,5e8202b2268421826ed25d0630561648a4ae1463bd79a3ec0f12658a5205b195
70050-01-01-09,70050-01-01-09,70050-01-01-09,4u_1746_37,verified,https://heasarc.gsfc.nasa.gov/FTP/xte/data/archive/AO7/P70050/70050-01-01-09/stdprod/xp70050010109_s2.pha.gz,/Users/youhanwanigasuriya/Documents/New project/bh_ns_source_generalization/data/raw/rxte/70050-01-01-09/source-2e23b15e51d4.bin,2e23b15e51d49e89b4750c53b8aec6ec56f54ef8545427256be1d669d17a2f6b,data/processed/native/70050-01-01-09.npz,c1af923189df72dd151231e44d55f92d3616edc78c64250b34938cea7cbbc36a,2026-09-22T11:09:32.775013+00:00,PCA_OGIP_RATE43_OVERLAP_V1,PCA_OGIP_RATE43_OVERLAP_V1,data/raw/rxte/70050-01-01-09/acquisition.json,verified,recorded count/s/selected PCU/output bin,recorded count/s/selected PCU/output bin,Propagated archive statistical covariance; calibration/background systematics excluded,no artificial replacements,,4eba1fd31895003e57149172f017f1353933aef479b37355b7eb6f247f3fd82b,,data/provenance/rxte_processing/70050-01-01-09.json,a3065cab87b0ff5645bae43dccb2a8efdd64dd250007edebd72394e40a531928
70050-01-01-10,70050-01-01-10,70050-01-01-10,4u_1746_37,verified,https://heasarc.gsfc.nasa.gov/FTP/xte/data/archive/AO7/P70050/70050-01-01-10/stdprod/xp70050010110_s2.pha.gz,/Users/youhanwanigasuriya/Documents/New project/bh_ns_source_generalization/data/raw/rxte/70050-01-01-10/source-821108dc09da.bin,821108dc09da8ea97b4d9212ae423d0a16634c0d79c057b9dc4e9688569b97f9,data/processed/native/70050-01-01-10.npz,2de4b9c6478c46650c4d2131c463e81024443451fb3a8819c7679c51b5d61169,2026-09-22T11:09:24.007646+00:00,PCA_OGIP_RATE43_OVERLAP_V1,PCA_OGIP_RATE43_OVERLAP_V1,data/raw/rxte/70050-01-01-10/acquisition.json,verified,recorded count/s/selected PCU/output bin,recorded count/s/selected PCU/output bin,Propagated archive statistical covariance; calibration/background systematics excluded,no artificial replacements,,abb462dceb3b36db0e02fa6ee09dff091aede6c2672ca9ef1d59133d10e37c58,,data/provenance/rxte_processing/70050-01-01-10.json,a83df152906fb26dca29a15e7aab0e1508b62dbefcda03c8372be6a6d9d89c08
70058-01-22-00,70058-01-22-00,70058-01-22-00,4u_1608_522,verified,https://heasarc.gsfc.nasa.gov/FTP/xte/data/archive/AO7/P70058/70058-01-22-00/stdprod/xp70058012200_s2.pha.gz,/Users/youhanwanigasuriya/Documents/New project/bh_ns_source_generalization/data/raw/rxte/70058-01-22-00/source-b81cb7fbf543.bin,b81cb7fbf5437c5876772963f7fb107ed2a2e4fdae00a8de9e15e277e1b8cb91,data/processed/native/70058-01-22-00.npz,e3a7440fda6d76cc1bd68ab8c92b909ded219deba73d3fd3105883d5c85b3f52,2026-09-22T11:04:22.316892+00:00,PCA_OGIP_RATE43_OVERLAP_V1,PCA_OGIP_RATE43_OVERLAP_V1,data/raw/rxte/70058-01-22-00/acquisition.json,verified,recorded count/s/selected PCU/output bin,recorded count/s/selected PCU/output bin,Propagated archive statistical covariance; calibration/background systematics excluded,no artificial replacements,,5517c46cb02f6237230822ac43b047f22a5229546cb8efbf0fd156f63f8d0a16,,data/provenance/rxte_processing/70058-01-22-00.json,754a663226deb3948cd47e349b104a5d1cf8002adb90bd90d0c0baa5bbc0400c
70058-01-37-00,70058-01-37-00,70058-01-37-00,4u_1608_522,verified,https://heasarc.gsfc.nasa.gov/FTP/xte/data/archive/AO7/P70058/70058-01-37-00/stdprod/xp70058013700_s2.pha.gz,/Users/youhanwanigasuriya/Documents/New project/bh_ns_source_generalization/data/raw/rxte/70058-01-37-00/source-fe563851ff93.bin,fe563851ff9356040b1005cf3432494189b741cf804548f4daf8a6f53cc5560c,data/processed/native/70058-01-37-00.npz,daacd7808ce61b5ef4afd3d826b6d0624d1b3d2fcbd1c86834baad340d3f6871,2026-09-22T11:04:24.829431+00:00,PCA_OGIP_RATE43_OVERLAP_V1,PCA_OGIP_RATE43_OVERLAP_V1,data/raw/rxte/70058-01-37-00/acquisition.json,verified,recorded count/s/selected PCU/output bin,recorded count/s/selected PCU/output bin,Propagated archive statistical covariance; calibration/background systematics excluded,no artificial replacements,,d4068567a4b748aa80b8fd0a1f988d31258c702de39168c3c3ea8dd8820efbc2,,data/provenance/rxte_processing/70058-01-37-00.json,f2242eb2b4c712800b3708a71548ed14e283fc0537150ecc4573c3ad0c099ae3
70069-01-03-01,70069-01-03-01,70069-01-03-01,4u_1608_522,verified,https://heasarc.gsfc.nasa.gov/FTP/xte/data/archive/AO7/P70069/70069-01-03-01/stdprod/xp70069010301_s2.pha.gz,/Users/youhanwanigasuriya/Documents/New project/bh_ns_source_generalization/data/raw/rxte/70069-01-03-01/source-ea210e706eac.bin,ea210e706eac5209931f18bf4a6a8321c94ff0e6248c25b04d6b699499bda4b8,data/processed/native/70069-01-03-01.npz,229efc79b195d13d667ccd558b9286ef18126990ce4e3d6c6a8f6e24ab42ff73,2026-09-22T11:04:25.385916+00:00,PCA_OGIP_RATE43_OVERLAP_V1,PCA_OGIP_RATE43_OVERLAP_V1,data/raw/rxte/70069-01-03-01/acquisition.json,verified,recorded count/s/selected PCU/output bin,recorded count/s/selected PCU/output bin,Propagated archive statistical covariance; calibration/background systematics excluded,no artificial replacements,,1f946e156a14eef201fe83a33adf0161e79c039dd0062ee606e4365f65823568,,data/provenance/rxte_processing/70069-01-03-01.json,047d549902b5a06f103d3ff0627468959851b4a8058f23ee21d9e2eb209e06a9
70069-03-02-03,70069-03-02-03,70069-03-02-03,aql_x_1,verified,https://heasarc.gsfc.nasa.gov/FTP/xte/data/archive/AO7/P70069/70069-03-02-03/stdprod/xp70069030203_s2.pha.gz,/Users/youhanwanigasuriya/Documents/New project/bh_ns_source_generalization/data/raw/rxte/70069-03-02-03/source-609792bc397a.bin,609792bc397a6f11408bc5bbcac73ed15ecad441bf94eb72340007c993e346d3,data/processed/native/70069-03-02-03.npz,49e24715ff753edeadaa8a013dbd858ab60eeddba0a7f61778765843fad782a8,2026-09-22T11:10:06.961949+00:00,PCA_OGIP_RATE43_OVERLAP_V1,PCA_OGIP_RATE43_OVERLAP_V1,data/raw/rxte/70069-03-02-03/acquisition.json,verified,recorded count/s/selected PCU/output bin,recorded count/s/selected PCU/output bin,Propagated archive statistical covariance; calibration/background systematics excluded,no artificial replacements,,00ead323eccc3fbf996c11297de0f318591f2f42d9d919405ef8f7cf97a747c5,,data/provenance/rxte_processing/70069-03-02-03.json,8991a498798ed48ba7f0b79ec0c6289e37df97567226f9b8c3e99fa0bfffba8f
70069-03-04-08,70069-03-04-08,70069-03-04-08,aql_x_1,verified,https://heasarc.gsfc.nasa.gov/FTP/xte/data/archive/AO7/P70069/70069-03-04-08/stdprod/xp70069030408_s2.pha.gz,/Users/youhanwanigasuriya/Documents/New project/bh_ns_source_generalization/data/raw/rxte/70069-03-04-08/source-16c16ce55cf1.bin,16c16ce55cf1cb5482b5b88344c7a0d1e98b0e3a97f39ac159502bd018390293,data/processed/native/70069-03-04-08.npz,8d5fbb7ca87de4dfc4a9347870bc95fb14a2d1d9440db5c2919786343c8e6040,2026-09-22T11:10:09.468210+00:00,PCA_OGIP_RATE43_OVERLAP_V1,PCA_OGIP_RATE43_OVERLAP_V1,data/raw/rxte/70069-03-04-08/acquisition.json,verified,recorded count/s/selected PCU/output bin,recorded count/s/selected PCU/output bin,Propagated archive statistical covariance; calibration/background systematics excluded,no artificial replacements,,188548477e9f9302e315011fe575ae4848291e8c47ed3972c4f394510526f7ef,,data/provenance/rxte_processing/70069-03-04-08.json,538ca8fe941ab3522493897bbbf9a7fee5654b1e41b867159cae6762eaf903a7
70080-01-02-03,70080-01-02-03,70080-01-02-03,sax_j1808_4_3658,verified,https://heasarc.gsfc.nasa.gov/FTP/xte/data/archive/AO7/P70080/70080-01-02-03/stdprod/xp70080010203_s2.pha.gz,/Users/youhanwanigasuriya/Documents/New project/bh_ns_source_generalization/data/raw/rxte/70080-01-02-03/source-4c927c82a60f.bin,4c927c82a60fb851f682bce220bd674609cd487a8ae48fbb538a365684f820e0,data/processed/native/70080-01-02-03.npz,047006186274d7c4b293f472b9f3d4d45585d8f5aeb24441152d7a2cc7def0bf,2026-09-22T11:18:16.388809+00:00,PCA_OGIP_RATE43_OVERLAP_V1,PCA_OGIP_RATE43_OVERLAP_V1,data/raw/rxte/70080-01-02-03/acquisition.json,verified,recorded count/s/selected PCU/output bin,recorded count/s/selected PCU/output bin,Propagated archive statistical covariance; calibration/background systematics excluded,no artificial replacements,,8d3717b4f7f6916521915f2acb581a9c28d59117807482530c7e0cbec2a3f78b,,data/provenance/rxte_processing/70080-01-02-03.json,72cdf5aef911f8aa3437b215891fa3ab57b1b069a1ad60078b8f1b6db861345b
70080-01-02-13,70080-01-02-13,70080-01-02-13,sax_j1808_4_3658,verified,https://heasarc.gsfc.nasa.gov/FTP/xte/data/archive/AO7/P70080/70080-01-02-13/stdprod/xp70080010213_s2.pha.gz,/Users/youhanwanigasuriya/Documents/New project/bh_ns_source_generalization/data/raw/rxte/70080-01-02-13/source-9b3814debe9c.bin,9b3814debe9cb82e0fa2ee608575996ffe10480f118dd215daacc504c2e5efcb,data/processed/native/70080-01-02-13.npz,dea1c438163d10900484717cfb14373fddb186ded1bb9ced9b12801bf348b5f8,2026-09-22T11:18:17.380598+00:00,PCA_OGIP_RATE43_OVERLAP_V1,PCA_OGIP_RATE43_OVERLAP_V1,data/raw/rxte/70080-01-02-13/acquisition.json,verified,recorded count/s/selected PCU/output bin,recorded count/s/selected PCU/output bin,Propagated archive statistical covariance; calibration/background systematics excluded,no artificial replacements,,3c7f75e3b8933b5f166f79ad4a9bae0849c3cee7682c5d99b84e13d06163fd31,,data/provenance/rxte_processing/70080-01-02-13.json,71faad6d11a24f96731402dadce4a627becc23c04999c9d0cac2841fc2b3c91f
70080-01-03-12,70080-01-03-12,70080-01-03-12,sax_j1808_4_3658,verified,https://heasarc.gsfc.nasa.gov/FTP/xte/data/archive/AO7/P70080/70080-01-03-12/stdprod/xp70080010312_s2.pha.gz,/Users/youhanwanigasuriya/Documents/New project/bh_ns_source_generalization/data/raw/rxte/70080-01-03-12/source-b2574b08bdfc.bin,b2574b08bdfc0641b1e85ecd47d7b5ee652776e5770b8cbea645e3a5e40a5ad6,data/processed/native/70080-01-03-12.npz,423e2a4db185d5a21d0f01233a9f3492a59597ef761b5378dae856347a8c3fd3,2026-09-22T11:18:18.379248+00:00,PCA_OGIP_RATE43_OVERLAP_V1,PCA_OGIP_RATE43_OVERLAP_V1,data/raw/rxte/70080-01-03-12/acquisition.json,verified,recorded count/s/selected PCU/output bin,recorded count/s/selected PCU/output bin,Propagated archive statistical covariance; calibration/background systematics excluded,no artificial replacements,,585a6f9d0e493da5b6e1967d1c2d1129b56abe06a4cdb777a5be33a1075f0c28,,data/provenance/rxte_processing/70080-01-03-12.json,1c77c7ceeb2643d07daaed53c3f8d49270aec9e6937eadcad0513a211eabc01b
70080-02-02-35,70080-02-02-35,70080-02-02-35,sax_j1808_4_3658,verified,https://heasarc.gsfc.nasa.gov/FTP/xte/data/archive/AO7/P70080/70080-02-02-35/stdprod/xp70080020235_s2.pha.gz,/Users/youhanwanigasuriya/Documents/New project/bh_ns_source_generalization/data/raw/rxte/70080-02-02-35/source-c5fa43cebc7f.bin,c5fa43cebc7faa0a0d4ecf56ef896838698e125f2fa5cb773cd2e6c34f9366f0,data/processed/native/70080-02-02-35.npz,236279a07a8e7ffe9e9a8da570dc04cc5ad37c7d96f445a978c29cda5a4c4d8d,2026-09-22T11:18:21.499960+00:00,PCA_OGIP_RATE43_OVERLAP_V1,PCA_OGIP_RATE43_OVERLAP_V1,data/raw/rxte/70080-02-02-35/acquisition.json,verified,recorded count/s/selected PCU/output bin,recorded count/s/selected PCU/output bin,Propagated archive statistical covariance; calibration/background systematics excluded,no artificial replacements,,8cd50630453f24ea0ae5ac3710f4f11f115889f39736b71df68acfdfc6d89b91,,data/provenance/rxte_processing/70080-02-02-35.json,1c2df28c5ab6511edc09c3996dad0a8e1c95b765ee6b6d4625fd714acdc63dc8
70080-02-02-36,70080-02-02-36,70080-02-02-36,sax_j1808_4_3658,verified,https://heasarc.gsfc.nasa.gov/FTP/xte/data/archive/AO7/P70080/70080-02-02-36/stdprod/xp70080020236_s2.pha.gz,/Users/youhanwanigasuriya/Documents/New project/bh_ns_source_generalization/data/raw/rxte/70080-02-02-36/source-e58ca981bb7b.bin,e58ca981bb7bcb864a91afe0a3ad6b09a0cfb3ccebcebfd5817b36a1b532fcad,data/processed/native/70080-02-02-36.npz,fa7931492f8517293a6091f29547ced5aa9fb884cc60edb0841caf69d32397c7,2026-09-22T11:18:20.915386+00:00,PCA_OGIP_RATE43_OVERLAP_V1,PCA_OGIP_RATE43_OVERLAP_V1,data/raw/rxte/70080-02-02-36/acquisition.json,verified,recorded count/s/selected PCU/output bin,recorded count/s/selected PCU/output bin,Propagated archive statistical covariance; calibration/background systematics excluded,no artificial replacements,,0e5faf0cda939e00c7f7ef127b2ea8ec7da04ef577042ef97b481fb04c639968,,data/provenance/rxte_processing/70080-02-02-36.json,a4b8182d3b985bc063931a9a67d3d78294204044ab6afb9cad5c42fb7e8d0b44
70080-03-06-00,70080-03-06-00,70080-03-06-00,sax_j1808_4_3658,verified,https://heasarc.gsfc.nasa.gov/FTP/xte/data/archive/AO7/P70080/70080-03-06-00/stdprod/xp70080030600_s2.pha.gz,/Users/youhanwanigasuriya/Documents/New project/bh_ns_source_generalization/data/raw/rxte/70080-03-06-00/source-f88d1d187f11.bin,f88d1d187f112a4f1fa47b4b82ba099d1358434de99059a5688a5b5f2b7bd2ab,data/processed/native/70080-03-06-00.npz,87b42827d52a4eb7170094a6802611969017c06db21c0f08fe45db9e0c45028f,2026-09-22T11:18:24.026348+00:00,PCA_OGIP_RATE43_OVERLAP_V1,PCA_OGIP_RATE43_OVERLAP_V1,data/raw/rxte/70080-03-06-00/acquisition.json,verified,recorded count/s/selected PCU/output bin,recorded count/s/selected PCU/output bin,Propagated archive statistical covariance; calibration/background systematics excluded,no artificial replacements,,0730072bd9b5e921414d74dc3dab3f0703b6201385d7fbec01808296c7361169,,data/provenance/rxte_processing/70080-03-06-00.json,47548e67683ab014628ea2b0295bd510199d908a27a79fb77e65526c61ac9d84
70080-03-20-02,70080-03-20-02,70080-03-20-02,sax_j1808_4_3658,verified,https://heasarc.gsfc.nasa.gov/FTP/xte/data/archive/AO7/P70080/70080-03-20-02/stdprod/xp70080032002_s2.pha.gz,/Users/youhanwanigasuriya/Documents/New project/bh_ns_source_generalization/data/raw/rxte/70080-03-20-02/source-57a3a624cde1.bin,57a3a624cde10621ed36fd3e98e000641f63699128bd9f71c08b65e073af995e,data/processed/native/70080-03-20-02.npz,9d26bad04146a896b5319a8bb65ba8d6d6e98dc29636e86554e3af7a701c6b6a,2026-09-22T11:18:26.521263+00:00,PCA_OGIP_RATE43_OVERLAP_V1,PCA_OGIP_RATE43_OVERLAP_V1,data/raw/rxte/70080-03-20-02/acquisition.json,verified,recorded count/s/selected PCU/output bin,recorded count/s/selected PCU/output bin,Propagated archive statistical covariance; calibration/background systematics excluded,no artificial replacements,,290fe68994c855ea0c99b6289085f0cfa5a8479d20dbeb513b5c63a3f55058df,,data/provenance/rxte_processing/70080-03-20-02.json,9874d04c2c533fff4185324c8102af275a6bc0a9ea465b2e09ec328a09309305
70080-03-20-10,70080-03-20-10,70080-03-20-10,sax_j1808_4_3658,verified,https://heasarc.gsfc.nasa.gov/FTP/xte/data/archive/AO7/P70080/70080-03-20-10/stdprod/xp70080032010_s2.pha.gz,/Users/youhanwanigasuriya/Documents/New project/bh_ns_source_generalization/data/raw/rxte/70080-03-20-10/source-12021a9c74aa.bin,12021a9c74aaa21326e5ec420286c7371361840ff00c9ef8b5c282506cce0b23,data/processed/native/70080-03-20-10.npz,0e737730c2fa5e8e2f429227306e9a54f75523b0db51ec93cd190474d4b7f3d2,2026-09-22T11:18:27.282599+00:00,PCA_OGIP_RATE43_OVERLAP_V1,PCA_OGIP_RATE43_OVERLAP_V1,data/raw/rxte/70080-03-20-10/acquisition.json,verified,recorded count/s/selected PCU/output bin,recorded count/s/selected PCU/output bin,Propagated archive statistical covariance; calibration/background systematics excluded,no artificial replacements,,bbc77b0b5306d53416afd47258105a26935891f0002f5fa2e8b951fdee462c1d,,data/provenance/rxte_processing/70080-03-20-10.json,6d81c862a99a4beb389a23ca6e846ba7da998a806bb565459ad20f56e56ef66d
70109-01-28-00,70109-01-28-00,70109-01-28-00,gx_339_4,verified,https://heasarc.gsfc.nasa.gov/FTP/xte/data/archive/AO7/P70109/70109-01-28-00/stdprod/xp70109012800_s2.pha.gz,/Users/youhanwanigasuriya/Documents/New project/bh_ns_source_generalization/data/raw/rxte/70109-01-28-00/source-82cd18202248.bin,82cd182022489f47dd1b3a0f0cf295bef4980f599629a7c6cb46473438b75a92,data/processed/native/70109-01-28-00.npz,f663dae3e0b6ee82de145540eb296e6ac20f50b3834ca9f9e03834804ec6713a,2026-09-22T11:12:01.763694+00:00,PCA_OGIP_RATE43_OVERLAP_V1,PCA_OGIP_RATE43_OVERLAP_V1,data/raw/rxte/70109-01-28-00/acquisition.json,verified,recorded count/s/selected PCU/output bin,recorded count/s/selected PCU/output bin,Propagated archive statistical covariance; calibration/background systematics excluded,no artificial replacements,,56644ef2af368585956e55276a30ae982b0a17327c7b98773b7a7a5723ea2779,,data/provenance/rxte_processing/70109-01-28-00.json,3e4cb6ac97ec28264353e5521038569192ab718e0d40dd3280c58c46086d2e54
70124-02-03-00,70124-02-03-00,70124-02-03-00,4u_1543_475,verified,https://heasarc.gsfc.nasa.gov/FTP/xte/data/archive/AO7/P70124/70124-02-03-00/stdprod/xp70124020300_s2.pha.gz,/Users/youhanwanigasuriya/Documents/New project/bh_ns_source_generalization/data/raw/rxte/70124-02-03-00/source-a4bd2015d63c.bin,a4bd2015d63c80ff221a1d4141aea386fde811a549e9a36ec3d456824b9ac969,data/processed/native/70124-02-03-00.npz,439cbff7b65b7bc321efdaa5465cb95ce46454ea0990134a064d775874ad0718,2026-09-22T11:03:48.992891+00:00,PCA_OGIP_RATE43_OVERLAP_V1,PCA_OGIP_RATE43_OVERLAP_V1,data/raw/rxte/70124-02-03-00/acquisition.json,verified,recorded count/s/selected PCU/output bin,recorded count/s/selected PCU/output bin,Propagated archive statistical covariance; calibration/background systematics excluded,no artificial replacements,,5a2d6b73ca7f1a47e9d098f10e10a5aca0b0bf4c28fc8f5dc5b311b46be8ae80,,data/provenance/rxte_processing/70124-02-03-00.json,7bef1e1e69eaa1c4ce809c9f1e7aaedad56447ad665bb254c10092e932210240
70124-02-04-00,70124-02-04-00,70124-02-04-00,4u_1543_475,verified,https://heasarc.gsfc.nasa.gov/FTP/xte/data/archive/AO7/P70124/70124-02-04-00/stdprod/xp70124020400_s2.pha.gz,/Users/youhanwanigasuriya/Documents/New project/bh_ns_source_generalization/data/raw/rxte/70124-02-04-00/source-5fb70af9ee78.bin,5fb70af9ee78b6c5bc8915c01d2ec71de3d07c07c15df48011f99aa82b31a2af,data/processed/native/70124-02-04-00.npz,de554daa0ca2e3251417100e88711afda86c761de981026af4810e84af1f5cad,2026-09-22T11:03:56.623351+00:00,PCA_OGIP_RATE43_OVERLAP_V1,PCA_OGIP_RATE43_OVERLAP_V1,data/raw/rxte/70124-02-04-00/acquisition.json,verified,recorded count/s/selected PCU/output bin,recorded count/s/selected PCU/output bin,Propagated archive statistical covariance; calibration/background systematics excluded,no artificial replacements,,6c0d734540cfe05ef0946e4594faa6469df7f1af2b00f7fceb1b73d014973a75,,data/provenance/rxte_processing/70124-02-04-00.json,b8bfbf50128fd04aa7274b76dba5da3e486b894a1805ac3ad90fb776015fdf0a
70124-02-06-00,70124-02-06-00,70124-02-06-00,4u_1543_475,verified,https://heasarc.gsfc.nasa.gov/FTP/xte/data/archive/AO7/P70124/70124-02-06-00/stdprod/xp70124020600_s2.pha.gz,/Users/youhanwanigasuriya/Documents/New project/bh_ns_source_generalization/data/raw/rxte/70124-02-06-00/source-6be39b6c53dc.bin,6be39b6c53dc698e27a5189a0e6b367778d5ade7c55f5de585e09402543a7a1f,data/processed/native/70124-02-06-00.npz,77cbfd946aba50aafae3eab51fa1f58be2eea628b14b0a73ed47631540d6c73e,2026-09-22T11:03:49.832567+00:00,PCA_OGIP_RATE43_OVERLAP_V1,PCA_OGIP_RATE43_OVERLAP_V1,data/raw/rxte/70124-02-06-00/acquisition.json,verified,recorded count/s/selected PCU/output bin,recorded count/s/selected PCU/output bin,Propagated archive statistical covariance; calibration/background systematics excluded,no artificial replacements,,9d9ced2082aac62b1cbad50e25c2c82513d99d9bd1985dcb63bbfdcd0f7bd177,,data/provenance/rxte_processing/70124-02-06-00.json,ac1caa0417a97c06205bae11c12db528330cdc9f2da6d09df86346f4dae7f544
70124-02-09-00,70124-02-09-00,70124-02-09-00,4u_1543_475,verified,https://heasarc.gsfc.nasa.gov/FTP/xte/data/archive/AO7/P70124/70124-02-09-00/stdprod/xp70124020900_s2.pha.gz,/Users/youhanwanigasuriya/Documents/New project/bh_ns_source_generalization/data/raw/rxte/70124-02-09-00/source-7450179a267b.bin,7450179a267b32c60d3a72920fc7f9074c5803a912a5b4961b00e451fd50e7cb,data/processed/native/70124-02-09-00.npz,61071dcbbfe43c95c10c48cd6b5a0f7ffa51b7fab06d507240d8568a6148b70c,2026-09-22T10:55:29.494757+00:00,PCA_OGIP_RATE43_OVERLAP_V1,PCA_OGIP_RATE43_OVERLAP_V1,data/raw/rxte/70124-02-09-00/acquisition.json,verified,recorded count/s/selected PCU/output bin,recorded count/s/selected PCU/output bin,Propagated archive statistical covariance; calibration/background systematics excluded,no artificial replacements,,6df90d62f9cd52b8f0add8862ca3e0116c12322055535bf7d0c7f6649efe3223,,data/provenance/rxte_processing/70124-02-09-00.json,6a3421aac98b782129f98eb51c7e2e7a78882c490d94ced5c74414f8f6f751dc
70124-02-11-00,70124-02-11-00,70124-02-11-00,4u_1543_475,verified,https://heasarc.gsfc.nasa.gov/FTP/xte/data/archive/AO7/P70124/70124-02-11-00/stdprod/xp70124021100_s2.pha.gz,/Users/youhanwanigasuriya/Documents/New project/bh_ns_source_generalization/data/raw/rxte/70124-02-11-00/source-8e107f5ddd86.bin,8e107f5ddd8660e806cddac6283bc6fd57ccd4747b8c45cbe374cebc3fbce6d0,data/processed/native/70124-02-11-00.npz,7b90b8e0e98ac3db9a875847f7c82ae0f2f7d4660167fee2bf548f1b3e01e3a0,2026-09-22T11:03:51.976440+00:00,PCA_OGIP_RATE43_OVERLAP_V1,PCA_OGIP_RATE43_OVERLAP_V1,data/raw/rxte/70124-02-11-00/acquisition.json,verified,recorded count/s/selected PCU/output bin,recorded count/s/selected PCU/output bin,Propagated archive statistical covariance; calibration/background systematics excluded,no artificial replacements,,2f135a8bfecbede81b24c34fc07936085c1389ca20238a95828171f023f8cb51,,data/provenance/rxte_processing/70124-02-11-00.json,733876a1d33bec62b556385ed66ce423a366bd46b9f63cb11116ac1d76353559
70124-02-13-00,70124-02-13-00,70124-02-13-00,4u_1543_475,verified,https://heasarc.gsfc.nasa.gov/FTP/xte/data/archive/AO7/P70124/70124-02-13-00/stdprod/xp70124021300_s2.pha.gz,/Users/youhanwanigasuriya/Documents/New project/bh_ns_source_generalization/data/raw/rxte/70124-02-13-00/source-ce0981eb5977.bin,ce0981eb5977336f9fc617c7b558ee7d73f1ba6e332da928c95dd2e869f29bc4,data/processed/native/70124-02-13-00.npz,e645ed3064cf9e59513ee9480754597a785d3f5e4601e72b7e77d8c699da96d7,2026-09-22T11:03:55.830137+00:00,PCA_OGIP_RATE43_OVERLAP_V1,PCA_OGIP_RATE43_OVERLAP_V1,data/raw/rxte/70124-02-13-00/acquisition.json,verified,recorded count/s/selected PCU/output bin,recorded count/s/selected PCU/output bin,Propagated archive statistical covariance; calibration/background systematics excluded,no artificial replacements,,5ad6a47b05515477765ae0af88261112f6abab2c9d40d1be88693239abe77fb3,,data/provenance/rxte_processing/70124-02-13-00.json,e1acbbf6d2cb3a62396a65fc8d92e7d115d0fa7702d26119deee74d7146929c4
70124-02-19-00,70124-02-19-00,70124-02-19-00,4u_1543_475,verified,https://heasarc.gsfc.nasa.gov/FTP/xte/data/archive/AO7/P70124/70124-02-19-00/stdprod/xp70124021900_s2.pha.gz,/Users/youhanwanigasuriya/Documents/New project/bh_ns_source_generalization/data/raw/rxte/70124-02-19-00/source-601f04b5e780.bin,601f04b5e780d5b330072e5003835fd2c5f62f16a472346409935709192344db,data/processed/native/70124-02-19-00.npz,64fc2e4ea0e31e6aedda54b5458296018d779d284b7fd7dd60619f94607e951f,2026-09-22T11:03:58.303269+00:00,PCA_OGIP_RATE43_OVERLAP_V1,PCA_OGIP_RATE43_OVERLAP_V1,data/raw/rxte/70124-02-19-00/acquisition.json,verified,recorded count/s/selected PCU/output bin,recorded count/s/selected PCU/output bin,Propagated archive statistical covariance; calibration/background systematics excluded,no artificial replacements,,f2a8a912516fe2674d4d172b5e2e7f78cc00414bac1227f1fa1fba638ef4a631,,data/provenance/rxte_processing/70124-02-19-00.json,4332d4de6a2e06de2afd9e338b97d24e57fe007fa8c96457796cdba41890c79b
70124-02-22-00,70124-02-22-00,70124-02-22-00,4u_1543_475,verified,https://heasarc.gsfc.nasa.gov/FTP/xte/data/archive/AO7/P70124/70124-02-22-00/stdprod/xp70124022200_s2.pha.gz,/Users/youhanwanigasuriya/Documents/New project/bh_ns_source_generalization/data/raw/rxte/70124-02-22-00/source-f06fb4510f09.bin,f06fb4510f0966fc4403ed4f736ba3e14e56e6c788e0eccb6a6c01d04e50e204,data/processed/native/70124-02-22-00.npz,88f42a357d5caaf16dab86df2b79b3becf295f0a4046c832cd22459d151b625b,2026-09-22T11:03:58.915742+00:00,PCA_OGIP_RATE43_OVERLAP_V1,PCA_OGIP_RATE43_OVERLAP_V1,data/raw/rxte/70124-02-22-00/acquisition.json,verified,recorded count/s/selected PCU/output bin,recorded count/s/selected PCU/output bin,Propagated archive statistical covariance; calibration/background systematics excluded,no artificial replacements,,49fd5b629142a57149b2db933c8a8055cf66385059116ce427138c444c05b75d,,data/provenance/rxte_processing/70124-02-22-00.json,49583ee9be330ed2e4c00c925868e7f2d15bb2973d3242c4ed0f6fc51db31b46
70124-02-25-00,70124-02-25-00,70124-02-25-00,4u_1543_475,verified,https://heasarc.gsfc.nasa.gov/FTP/xte/data/archive/AO7/P70124/70124-02-25-00/stdprod/xp70124022500_s2.pha.gz,/Users/youhanwanigasuriya/Documents/New project/bh_ns_source_generalization/data/raw/rxte/70124-02-25-00/source-81ca204a7fd5.bin,81ca204a7fd50e8bdd70a4a319a6abbbbd118e2f3c38dac7b5f31d078352ab98,data/processed/native/70124-02-25-00.npz,b912f26b63f4a8fb883a558aaa05f0a18b6d1403a78591f764bf568abd944f81,2026-09-22T11:03:59.554594+00:00,PCA_OGIP_RATE43_OVERLAP_V1,PCA_OGIP_RATE43_OVERLAP_V1,data/raw/rxte/70124-02-25-00/acquisition.json,verified,recorded count/s/selected PCU/output bin,recorded count/s/selected PCU/output bin,Propagated archive statistical covariance; calibration/background systematics excluded,no artificial replacements,,3eeeee26f73c3b59f008778c221a5d8a6accdf5d96ff00fcdc196abec95664f5,,data/provenance/rxte_processing/70124-02-25-00.json,88b654d62c29400a06851c8030cff870bfa1355fa32ccddd61ce5d80de8b6a9b
70124-02-29-00,70124-02-29-00,70124-02-29-00,4u_1543_475,verified,https://heasarc.gsfc.nasa.gov/FTP/xte/data/archive/AO7/P70124/70124-02-29-00/stdprod/xp70124022900_s2.pha.gz,/Users/youhanwanigasuriya/Documents/New project/bh_ns_source_generalization/data/raw/rxte/70124-02-29-00/source-31b95c02e0bd.bin,31b95c02e0bd3c74cb8f623c2f35ddd4e5d5ad80fb1fc2309f7a56ceff119481,data/processed/native/70124-02-29-00.npz,779ba4e8a247f7f4407a8be7bc402c598e53305b4a17d29f91a5b925d44411d8,2026-09-22T11:04:01.370709+00:00,PCA_OGIP_RATE43_OVERLAP_V1,PCA_OGIP_RATE43_OVERLAP_V1,data/raw/rxte/70124-02-29-00/acquisition.json,verified,recorded count/s/selected PCU/output bin,recorded count/s/selected PCU/output bin,Propagated archive statistical covariance; calibration/background systematics excluded,no artificial replacements,,548cd7f0d691f115e553a7c533b35657a24c2865dfc81bee200b19ef804281d1,,data/provenance/rxte_processing/70124-02-29-00.json,44210077814809f8d63af28992d2db15ad565da0dc70ff26b22c373d52c14ec3
70124-02-32-00,70124-02-32-00,70124-02-32-00,4u_1543_475,verified,https://heasarc.gsfc.nasa.gov/FTP/xte/data/archive/AO7/P70124/70124-02-32-00/stdprod/xp70124023200_s2.pha.gz,/Users/youhanwanigasuriya/Documents/New project/bh_ns_source_generalization/data/raw/rxte/70124-02-32-00/source-16c441daaae5.bin,16c441daaae5de106c31db248c8205b3040fc6b628855a2a4ad99db3b0a19fbc,data/processed/native/70124-02-32-00.npz,144fad591b5abe1ff812f87f129bebad42d2968a76555659abaa140590aebbcf,2026-09-22T11:04:06.196954+00:00,PCA_OGIP_RATE43_OVERLAP_V1,PCA_OGIP_RATE43_OVERLAP_V1,data/raw/rxte/70124-02-32-00/acquisition.json,verified,recorded count/s/selected PCU/output bin,recorded count/s/selected PCU/output bin,Propagated archive statistical covariance; calibration/background systematics excluded,no artificial replacements,,6150db611572fdf3e50b6e44dd6e00585797b94a88b9b11ec7d3f23afbdba921,,data/provenance/rxte_processing/70124-02-32-00.json,c21b96c516a2d206893da94f014dc7e7b6c41b0dab08e5dd65d33d42128a1365
70124-02-36-00,70124-02-36-00,70124-02-36-00,4u_1543_475,verified,https://heasarc.gsfc.nasa.gov/FTP/xte/data/archive/AO7/P70124/70124-02-36-00/stdprod/xp70124023600_s2.pha.gz,/Users/youhanwanigasuriya/Documents/New project/bh_ns_source_generalization/data/raw/rxte/70124-02-36-00/source-51684f278c63.bin,51684f278c631102d19da7ab4a461341fb5972de792806f8f2eea55a8f6a326c,data/processed/native/70124-02-36-00.npz,a2f308700c30157db06db726de792cf80d5e5a1e78aa26c13c51c675f25ba995,2026-09-22T11:04:06.184965+00:00,PCA_OGIP_RATE43_OVERLAP_V1,PCA_OGIP_RATE43_OVERLAP_V1,data/raw/rxte/70124-02-36-00/acquisition.json,verified,recorded count/s/selected PCU/output bin,recorded count/s/selected PCU/output bin,Propagated archive statistical covariance; calibration/background systematics excluded,no artificial replacements,,bdaf02650e61e82a8e1c1ee1470b80ed9e487cac6b7d5fc2a68f4e697013f545,,data/provenance/rxte_processing/70124-02-36-00.json,37e9fc0cd3096a71860851778ba479ca3926a1e0d80f1386279ac6520f6981a6
70124-02-39-00,70124-02-39-00,70124-02-39-00,4u_1543_475,verified,https://heasarc.gsfc.nasa.gov/FTP/xte/data/archive/AO7/P70124/70124-02-39-00/stdprod/xp70124023900_s2.pha.gz,/Users/youhanwanigasuriya/Documents/New project/bh_ns_source_generalization/data/raw/rxte/70124-02-39-00/source-61c148a5c9c8.bin,61c148a5c9c87ba6d1e82134e22ee0aa7b482d4cfdbc2c2b5db11830570f38d3,data/processed/native/70124-02-39-00.npz,f4f1971e169789b5828889448558256ab6351972f87b03aa4ff692c9edcb970f,2026-09-22T11:04:08.151417+00:00,PCA_OGIP_RATE43_OVERLAP_V1,PCA_OGIP_RATE43_OVERLAP_V1,data/raw/rxte/70124-02-39-00/acquisition.json,verified,recorded count/s/selected PCU/output bin,recorded count/s/selected PCU/output bin,Propagated archive statistical covariance; calibration/background systematics excluded,no artificial replacements,,af793d47c40b02e36d0af0131826a4a5864bb95c8c142c3fbf64acde71da65b6,,data/provenance/rxte_processing/70124-02-39-00.json,9a152dc1f7092f7a11087acf52b62c8b92d94652e8f9de5420118a517348ead4
70124-02-43-00,70124-02-43-00,70124-02-43-00,4u_1543_475,verified,https://heasarc.gsfc.nasa.gov/FTP/xte/data/archive/AO7/P70124/70124-02-43-00/stdprod/xp70124024300_s2.pha.gz,/Users/youhanwanigasuriya/Documents/New project/bh_ns_source_generalization/data/raw/rxte/70124-02-43-00/source-a2d96b0b6bee.bin,a2d96b0b6beeb636edbd4144f1dbc3abf729de064fe0cbd21657233558a2e9d3,data/processed/native/70124-02-43-00.npz,eee8dc8f75d986cd1e2ea181804e72618e2300cfbccf88281f90a177219b3556,2026-09-22T11:04:09.356428+00:00,PCA_OGIP_RATE43_OVERLAP_V1,PCA_OGIP_RATE43_OVERLAP_V1,data/raw/rxte/70124-02-43-00/acquisition.json,verified,recorded count/s/selected PCU/output bin,recorded count/s/selected PCU/output bin,Propagated archive statistical covariance; calibration/background systematics excluded,no artificial replacements,,bea7507ae2fd74398e7c651892280728500ee4252e5b86ba7322e528f9f43a2a,,data/provenance/rxte_processing/70124-02-43-00.json,a7e2ef05737450173d2207f9d23acfb88d84c6870ff06fb0693f0d495762ce08
70124-02-46-00,70124-02-46-00,70124-02-46-00,4u_1543_475,verified,https://heasarc.gsfc.nasa.gov/FTP/xte/data/archive/AO7/P70124/70124-02-46-00/stdprod/xp70124024600_s2.pha.gz,/Users/youhanwanigasuriya/Documents/New project/bh_ns_source_generalization/data/raw/rxte/70124-02-46-00/source-3bb01d5ffca3.bin,3bb01d5ffca37d5952ccefa2738661a6ba0f05833c8a2406e74080bbbf5ca564,data/processed/native/70124-02-46-00.npz,6ccc94ce8dcbaa6dbc045b236ccf5997a5c077760dcc134d234c9c1acbb0c948,2026-09-22T11:04:10.103498+00:00,PCA_OGIP_RATE43_OVERLAP_V1,PCA_OGIP_RATE43_OVERLAP_V1,data/raw/rxte/70124-02-46-00/acquisition.json,verified,recorded count/s/selected PCU/output bin,recorded count/s/selected PCU/output bin,Propagated archive statistical covariance; calibration/background systematics excluded,no artificial replacements,,af83927fff4b9fcd289e07e45651c5fca67d51c86c1490764a983356fca4d0c8,,data/provenance/rxte_processing/70124-02-46-00.json,a9d4c2eed814927a80aecadbd7d550fd5d71e6dac64b07eaf820d4fd3a291f7c
70124-02-52-00,70124-02-52-00,70124-02-52-00,4u_1543_475,verified,https://heasarc.gsfc.nasa.gov/FTP/xte/data/archive/AO7/P70124/70124-02-52-00/stdprod/xp70124025200_s2.pha.gz,/Users/youhanwanigasuriya/Documents/New project/bh_ns_source_generalization/data/raw/rxte/70124-02-52-00/source-865cc2066571.bin,865cc206657141bb9c1d07c052da3f2e1be4259cab7ff775e9b127e3bc9665d1,data/processed/native/70124-02-52-00.npz,c07dc060e7b9681c2209b57b2cd45746353ead005cbc388eb78a5c290811aae7,2026-09-22T11:04:12.463350+00:00,PCA_OGIP_RATE43_OVERLAP_V1,PCA_OGIP_RATE43_OVERLAP_V1,data/raw/rxte/70124-02-52-00/acquisition.json,verified,recorded count/s/selected PCU/output bin,recorded count/s/selected PCU/output bin,Propagated archive statistical covariance; calibration/background systematics excluded,no artificial replacements,,3576180caf17207fe3ad067d7fa01432a96304c98cf5fd71e156efc00ea13142,,data/provenance/rxte_processing/70124-02-52-00.json,1dc96444b3e9f1abffda1f5103946e96136267e295b9d46f57a58b31ddc4b989
70124-02-57-00,70124-02-57-00,70124-02-57-00,4u_1543_475,verified,https://heasarc.gsfc.nasa.gov/FTP/xte/data/archive/AO7/P70124/70124-02-57-00/stdprod/xp70124025700_s2.pha.gz,/Users/youhanwanigasuriya/Documents/New project/bh_ns_source_generalization/data/raw/rxte/70124-02-57-00/source-ca354d6d2608.bin,ca354d6d26082f1bf1aed2220c3a9e3a652571222e09591afe48d01c758f34de,data/processed/native/70124-02-57-00.npz,ad85df478ea60f11cd8da16928beec82e921fd78171a021ba223c68ad5fdb7a5,2026-09-22T10:55:30.043559+00:00,PCA_OGIP_RATE43_OVERLAP_V1,PCA_OGIP_RATE43_OVERLAP_V1,data/raw/rxte/70124-02-57-00/acquisition.json,verified,recorded count/s/selected PCU/output bin,recorded count/s/selected PCU/output bin,Propagated archive statistical covariance; calibration/background systematics excluded,no artificial replacements,,eb398ed461da6f73e0dbff8aafc22ec1801034c58401697f828196afe957726e,,data/provenance/rxte_processing/70124-02-57-00.json,e9e6e1c1b31b5dff13422cac130c99752590efe97006aac59fc62e39c4e14f8b
70132-01-01-00,70132-01-01-00,70132-01-01-00,4u_1543_475,verified,https://heasarc.gsfc.nasa.gov/FTP/xte/data/archive/AO7/P70132/70132-01-01-00/stdprod/xp70132010100_s2.pha.gz,/Users/youhanwanigasuriya/Documents/New project/bh_ns_source_generalization/data/raw/rxte/70132-01-01-00/source-3143abbf6c64.bin,3143abbf6c6438b0e274456a3bf43c1f01fa76e911d6fb657365fb7b30850fae,data/processed/native/70132-01-01-00.npz,c64bbf28077ef69779ee470c86953c5b3cfd3b262e9b000174ac900882ba0648,2026-09-22T11:03:26.687335+00:00,PCA_OGIP_RATE43_OVERLAP_V1,PCA_OGIP_RATE43_OVERLAP_V1,data/raw/rxte/70132-01-01-00/acquisition.json,verified,recorded count/s/selected PCU/output bin,recorded count/s/selected PCU/output bin,Propagated archive statistical covariance; calibration/background systematics excluded,no artificial replacements,,0828f8209550a9bee9911beb2dfad7a610b7e2c45ad7704170f8a7ab0278aebc,,data/provenance/rxte_processing/70132-01-01-00.json,038a107bc74b5579865144344ffd320e196722d2006f38fd1ca552ab701da4fd
70132-01-02-01,70132-01-02-01,70132-01-02-01,4u_1543_475,verified,https://heasarc.gsfc.nasa.gov/FTP/xte/data/archive/AO7/P70132/70132-01-02-01/stdprod/xp70132010201_s2.pha.gz,/Users/youhanwanigasuriya/Documents/New project/bh_ns_source_generalization/data/raw/rxte/70132-01-02-01/source-4eaafe946c5b.bin,4eaafe946c5b15285300eda4213257eab2a753d4d869b11643ada6c361100f2b,data/processed/native/70132-01-02-01.npz,6a8db69a279244b880e83c40c44babeeef120254283a4d4bd68244502366cc02,2026-09-22T11:03:34.600041+00:00,PCA_OGIP_RATE43_OVERLAP_V1,PCA_OGIP_RATE43_OVERLAP_V1,data/raw/rxte/70132-01-02-01/acquisition.json,verified,recorded count/s/selected PCU/output bin,recorded count/s/selected PCU/output bin,Propagated archive statistical covariance; calibration/background systematics excluded,no artificial replacements,,3630c8a7752870805c824fd8f7fa56c68920842b40ba26bce80ac54ed5198996,,data/provenance/rxte_processing/70132-01-02-01.json,3fe02d566a2cd6d9298e093e651496b65b30856f27ccc663dced7097d9d061a1
70133-01-01-00,70133-01-01-00,70133-01-01-00,4u_1543_475,verified,https://heasarc.gsfc.nasa.gov/FTP/xte/data/archive/AO7/P70133/70133-01-01-00/stdprod/xp70133010100_s2.pha.gz,/Users/youhanwanigasuriya/Documents/New project/bh_ns_source_generalization/data/raw/rxte/70133-01-01-00/source-97ada8f72bfc.bin,97ada8f72bfc8de70811a1c4bdf500c315033d3d99bf48be2919da76b65670b7,data/processed/native/70133-01-01-00.npz,b918ffd74e94eb41df7ff96cf4eeffb6e8a6103d103a603d8b5b4650bc56f8b4,2026-09-22T10:55:28.125611+00:00,PCA_OGIP_RATE43_OVERLAP_V1,PCA_OGIP_RATE43_OVERLAP_V1,data/raw/rxte/70133-01-01-00/acquisition.json,verified,recorded count/s/selected PCU/output bin,recorded count/s/selected PCU/output bin,Propagated archive statistical covariance; calibration/background systematics excluded,no artificial replacements,,b5730f4f40f744a645c59b4efaaef6f9eb9f3c0a3b0a9af76a6c6ea8e91741c7,,data/provenance/rxte_processing/70133-01-01-00.json,20c82245b9cb610062ec577d20a163029dfdea52ec0c02ff6418c44ce2151496
70133-01-05-00,70133-01-05-00,70133-01-05-00,4u_1543_475,verified,https://heasarc.gsfc.nasa.gov/FTP/xte/data/archive/AO7/P70133/70133-01-05-00/stdprod/xp70133010500_s2.pha.gz,/Users/youhanwanigasuriya/Documents/New project/bh_ns_source_generalization/data/raw/rxte/70133-01-05-00/source-475f1eddb9b8.bin,475f1eddb9b85a195e69c345db5c226d825faa8954dc46f184e980c19757ce30,data/processed/native/70133-01-05-00.npz,fb17db9022b1e9a216d35c153025b79254522030d70fa0a4132d2b7125b46639,2026-09-22T11:03:31.457262+00:00,PCA_OGIP_RATE43_OVERLAP_V1,PCA_OGIP_RATE43_OVERLAP_V1,data/raw/rxte/70133-01-05-00/acquisition.json,verified,recorded count/s/selected PCU/output bin,recorded count/s/selected PCU/output bin,Propagated archive statistical covariance; calibration/background systematics excluded,no artificial replacements,,dda117b5dbcb5d60f1aa5d08e795ce11a59d993217cb9a3d3d330c732b4f152b,,data/provenance/rxte_processing/70133-01-05-00.json,29a783f5bd3683edc486b91c27958cc968c49f544fb16a4bfd4abee357240eb7
70133-01-10-00,70133-01-10-00,70133-01-10-00,4u_1543_475,verified,https://heasarc.gsfc.nasa.gov/FTP/xte/data/archive/AO7/P70133/70133-01-10-00/stdprod/xp70133011000_s2.pha.gz,/Users/youhanwanigasuriya/Documents/New project/bh_ns_source_generalization/data/raw/rxte/70133-01-10-00/source-478bdcd1314c.bin,478bdcd1314c6dd17706937cbb07fc0eed92a96c68925f4ad83e3af2ebd59505,data/processed/native/70133-01-10-00.npz,acb79af61ba9b972a29babde90fc3183a28745593db64779f58d151d9cc74fb1,2026-09-22T11:03:34.675975+00:00,PCA_OGIP_RATE43_OVERLAP_V1,PCA_OGIP_RATE43_OVERLAP_V1,data/raw/rxte/70133-01-10-00/acquisition.json,verified,recorded count/s/selected PCU/output bin,recorded count/s/selected PCU/output bin,Propagated archive statistical covariance; calibration/background systematics excluded,no artificial replacements,,43057156d7cca405af6d33a5cc27f3df3c163087d02901188bb05a3ddfd727aa,,data/provenance/rxte_processing/70133-01-10-00.json,ee09df6fc8b4db4a2bcbcbdbefc491a71769f4ec76da2a0079dd99f750bf542d
70133-01-16-00,70133-01-16-00,70133-01-16-00,4u_1543_475,verified,https://heasarc.gsfc.nasa.gov/FTP/xte/data/archive/AO7/P70133/70133-01-16-00/stdprod/xp70133011600_s2.pha.gz,/Users/youhanwanigasuriya/Documents/New project/bh_ns_source_generalization/data/raw/rxte/70133-01-16-00/source-5c4fd1331506.bin,5c4fd13315060c747ffb3b7a65c7ccabb347b034ef0863987d7a3081a9f75903,data/processed/native/70133-01-16-00.npz,a03f535c3753c3c7d7b3afd110a56b56ed8acd616707f13753ae31ed123b4b40,2026-09-22T11:03:36.831560+00:00,PCA_OGIP_RATE43_OVERLAP_V1,PCA_OGIP_RATE43_OVERLAP_V1,data/raw/rxte/70133-01-16-00/acquisition.json,verified,recorded count/s/selected PCU/output bin,recorded count/s/selected PCU/output bin,Propagated archive statistical covariance; calibration/background systematics excluded,no artificial replacements,,47985fb14d3a93913589ca8a515f39f2535adbc0cf6a812215cf7c2f3fdf8d2d,,data/provenance/rxte_processing/70133-01-16-00.json,cc00fc97b59f725bad973f17fc8d538c5c424038590f4b71c6b1669b626f6bbd
70133-01-20-00,70133-01-20-00,70133-01-20-00,4u_1543_475,verified,https://heasarc.gsfc.nasa.gov/FTP/xte/data/archive/AO7/P70133/70133-01-20-00/stdprod/xp70133012000_s2.pha.gz,/Users/youhanwanigasuriya/Documents/New project/bh_ns_source_generalization/data/raw/rxte/70133-01-20-00/source-4eaa50869df0.bin,4eaa50869df03e00b78b4fb305909fdbb9cffb54c736080c184a7665bb1ee12d,data/processed/native/70133-01-20-00.npz,d176a0638bacc239ebd38a3a37cd950e50388714281746cd119f4caa17548d97,2026-09-22T11:03:37.116839+00:00,PCA_OGIP_RATE43_OVERLAP_V1,PCA_OGIP_RATE43_OVERLAP_V1,data/raw/rxte/70133-01-20-00/acquisition.json,verified,recorded count/s/selected PCU/output bin,recorded count/s/selected PCU/output bin,Propagated archive statistical covariance; calibration/background systematics excluded,no artificial replacements,,93012a0ff58717e1febadfc493c9a6223649e006aa86e1c0b87a4e27c5b333fb,,data/provenance/rxte_processing/70133-01-20-00.json,2dcdc068f258fc18880a03211826d78f9cfc9d0aa2dac8d98a6fb18c39912d19
70133-01-23-00,70133-01-23-00,70133-01-23-00,4u_1543_475,verified,https://heasarc.gsfc.nasa.gov/FTP/xte/data/archive/AO7/P70133/70133-01-23-00/stdprod/xp70133012300_s2.pha.gz,/Users/youhanwanigasuriya/Documents/New project/bh_ns_source_generalization/data/raw/rxte/70133-01-23-00/source-e51fe7acad1c.bin,e51fe7acad1c7e6357476aadc0e7e30756ccf2a1cbe7a00f02c82b1de29fd5d6,data/processed/native/70133-01-23-00.npz,3600fa37ea682aa13759a68d927bc357ba4ca472624f0e8fa8db098821dae5dd,2026-09-22T11:03:37.529761+00:00,PCA_OGIP_RATE43_OVERLAP_V1,PCA_OGIP_RATE43_OVERLAP_V1,data/raw/rxte/70133-01-23-00/acquisition.json,verified,recorded count/s/selected PCU/output bin,recorded count/s/selected PCU/output bin,Propagated archive statistical covariance; calibration/background systematics excluded,no artificial replacements,,1330a482e5294b6a2093ebadf6d68415516de022bf37c35386c4c70539e803b2,,data/provenance/rxte_processing/70133-01-23-00.json,da39544c43821c077c76c9c2a5060446492ed830d45ace5938b094aa25716479
70133-01-25-01,70133-01-25-01,70133-01-25-01,4u_1543_475,verified,https://heasarc.gsfc.nasa.gov/FTP/xte/data/archive/AO7/P70133/70133-01-25-01/stdprod/xp70133012501_s2.pha.gz,/Users/youhanwanigasuriya/Documents/New project/bh_ns_source_generalization/data/raw/rxte/70133-01-25-01/source-7e4ad2644c5a.bin,7e4ad2644c5ac0b24b3440a0546e25dd4c7d1e7eafe4c7e31d6b682b2daa3f47,data/processed/native/70133-01-25-01.npz,0ddd153fd996d762f64211d3110fc3b40d2a80a43b5331e3513b587dede21bf4,2026-09-22T11:03:42.349130+00:00,PCA_OGIP_RATE43_OVERLAP_V1,PCA_OGIP_RATE43_OVERLAP_V1,data/raw/rxte/70133-01-25-01/acquisition.json,verified,recorded count/s/selected PCU/output bin,recorded count/s/selected PCU/output bin,Propagated archive statistical covariance; calibration/background systematics excluded,no artificial replacements,,86a3420aa490788d6315d879ef8f84408951d5c680543a7e77f644c05b86d515,,data/provenance/rxte_processing/70133-01-25-01.json,80be70f55f70da3e371233b50d5b0f46a0e2767fc0a5eed562d592b7416d58ba
70133-01-26-01,70133-01-26-01,70133-01-26-01,4u_1543_475,verified,https://heasarc.gsfc.nasa.gov/FTP/xte/data/archive/AO7/P70133/70133-01-26-01/stdprod/xp70133012601_s2.pha.gz,/Users/youhanwanigasuriya/Documents/New project/bh_ns_source_generalization/data/raw/rxte/70133-01-26-01/source-912616989545.bin,9126169895452d0ae203a9ed72158b64acaf8ede4dd6736d11bac853a101a44b,data/processed/native/70133-01-26-01.npz,3f5c6cec291f8f13af060073ad279f7d6efa0a0054eb1346ad8d2236294f5651,2026-09-22T11:03:46.173079+00:00,PCA_OGIP_RATE43_OVERLAP_V1,PCA_OGIP_RATE43_OVERLAP_V1,data/raw/rxte/70133-01-26-01/acquisition.json,verified,recorded count/s/selected PCU/output bin,recorded count/s/selected PCU/output bin,Propagated archive statistical covariance; calibration/background systematics excluded,no artificial replacements,,832c3f78a369e90fadbe4677ff85bf12cd508c25f511fd11b0558368c8eb76c9,,data/provenance/rxte_processing/70133-01-26-01.json,36845458fb9a2c5cab2fb0d87cb2da4de9445707e3c2b2bea143e6a5825bbfd8
70133-01-28-00,70133-01-28-00,70133-01-28-00,4u_1543_475,verified,https://heasarc.gsfc.nasa.gov/FTP/xte/data/archive/AO7/P70133/70133-01-28-00/stdprod/xp70133012800_s2.pha.gz,/Users/youhanwanigasuriya/Documents/New project/bh_ns_source_generalization/data/raw/rxte/70133-01-28-00/source-f5153d8e8832.bin,f5153d8e8832276520d3e33705377d8c03c4d194c675629677e41b71fe0883b0,data/processed/native/70133-01-28-00.npz,6d2f0013c3423aef6bf17ad0a66bdfde37f02f006171d150c92e78d080aae891,2026-09-22T11:03:46.377605+00:00,PCA_OGIP_RATE43_OVERLAP_V1,PCA_OGIP_RATE43_OVERLAP_V1,data/raw/rxte/70133-01-28-00/acquisition.json,verified,recorded count/s/selected PCU/output bin,recorded count/s/selected PCU/output bin,Propagated archive statistical covariance; calibration/background systematics excluded,no artificial replacements,,59ceac56cc6f96dfde2c773ec89a4d118d819138cfb25bbaa346e17ff50b7ebf,,data/provenance/rxte_processing/70133-01-28-00.json,64147affc0ee4ffce9fe6fd3e0c163712624ec55fd8be9797e9e6c75afaecab8
70133-01-31-00,70133-01-31-00,70133-01-31-00,4u_1543_475,verified,https://heasarc.gsfc.nasa.gov/FTP/xte/data/archive/AO7/P70133/70133-01-31-00/stdprod/xp70133013100_s2.pha.gz,/Users/youhanwanigasuriya/Documents/New project/bh_ns_source_generalization/data/raw/rxte/70133-01-31-00/source-fe56badc5e3f.bin,fe56badc5e3f3da00737b8ea4e359d75c9ba892da1112b9fb564347e36f6b877,data/processed/native/70133-01-31-00.npz,ad91fa9828e071bdff295aa88f44e4ca4b8c9717121744c93b280f715ef5b0cd,2026-09-22T11:03:48.699258+00:00,PCA_OGIP_RATE43_OVERLAP_V1,PCA_OGIP_RATE43_OVERLAP_V1,data/raw/rxte/70133-01-31-00/acquisition.json,verified,recorded count/s/selected PCU/output bin,recorded count/s/selected PCU/output bin,Propagated archive statistical covariance; calibration/background systematics excluded,no artificial replacements,,52ea8607c9828a090e8d1da26a1f9506cb02df2c165a3b15cfa9696d1e91c3b3,,data/provenance/rxte_processing/70133-01-31-00.json,60245af9781425f789e3a16662af9f112e466705550f338e1afe576d72d91df0
70134-08-01-00,70134-08-01-00,70134-08-01-00,slx_1735_269,verified,https://heasarc.gsfc.nasa.gov/FTP/xte/data/archive/AO7/P70134/70134-08-01-00/stdprod/xp70134080100_s2.pha.gz,/Users/youhanwanigasuriya/Documents/New project/bh_ns_source_generalization/data/raw/rxte/70134-08-01-00/source-a4e7dc01a29b.bin,a4e7dc01a29b191aae09a876ae41d632a0dcb584d80e45852a8f40f242896c80,data/processed/native/70134-08-01-00.npz,ae6c97701eb88f6fa1b1f988a62dff0e933c0f2cf2c07b25e99d74d7abb034d0,2026-09-22T11:20:31.820264+00:00,PCA_OGIP_RATE43_OVERLAP_V1,PCA_OGIP_RATE43_OVERLAP_V1,data/raw/rxte/70134-08-01-00/acquisition.json,verified,recorded count/s/selected PCU/output bin,recorded count/s/selected PCU/output bin,Propagated archive statistical covariance; calibration/background systematics excluded,no artificial replacements,,acc7fdbe4d7ea321e6eb4a1692a330073849f617a4cf4ab4e2a4b2268b0654f0,,data/provenance/rxte_processing/70134-08-01-00.json,fedc16bc20af180c2583251e6927df9732132b362a460bfcbe7288c8499466b1
70422-01-02-00,70422-01-02-00,70422-01-02-00,sax_j1808_4_3658,verified,https://heasarc.gsfc.nasa.gov/FTP/xte/data/archive/AO7/P70422/70422-01-02-00/stdprod/xp70422010200_s2.pha.gz,/Users/youhanwanigasuriya/Documents/New project/bh_ns_source_generalization/data/raw/rxte/70422-01-02-00/source-90b7b474bb1a.bin,90b7b474bb1ad81813ddd8dc6c84325712e9431544b077c3e74cfb29553b93db,data/processed/native/70422-01-02-00.npz,ff31c2adeb68ce6db71e6ac5f37072f422370f1dd3fca3c3b050bd49c9ecd575,2026-09-22T11:18:28.288829+00:00,PCA_OGIP_RATE43_OVERLAP_V1,PCA_OGIP_RATE43_OVERLAP_V1,data/raw/rxte/70422-01-02-00/acquisition.json,verified,recorded count/s/selected PCU/output bin,recorded count/s/selected PCU/output bin,Propagated archive statistical covariance; calibration/background systematics excluded,no artificial replacements,,a71318830b5e1b253aab829ab35318b448e98703448b542b63f66d1756307e97,,data/provenance/rxte_processing/70422-01-02-00.json,d167b4f01366f0c15846368cad4a5ab91d539cb42bdc8d1eb57f2a8f500cbed4
80037-01-09-08,80037-01-09-08,80037-01-09-08,4u_0614_09,verified,https://heasarc.gsfc.nasa.gov/FTP/xte/data/archive/AO8/P80037/80037-01-09-08/stdprod/xp80037010908_s2.pha.gz,/Users/youhanwanigasuriya/Documents/New project/bh_ns_source_generalization/data/raw/rxte/80037-01-09-08/source-cde4ea6ab4c4.bin,cde4ea6ab4c4e66e281e9ff7119acc68c01d976e1a489ca035324293cb98d043,data/processed/native/80037-01-09-08.npz,9b36ada32d3da2801bc1ae243ff018c55a06c1f963b09df3f259fe3a2a57b584,2026-09-22T11:02:49.301338+00:00,PCA_OGIP_RATE43_OVERLAP_V1,PCA_OGIP_RATE43_OVERLAP_V1,data/raw/rxte/80037-01-09-08/acquisition.json,verified,recorded count/s/selected PCU/output bin,recorded count/s/selected PCU/output bin,Propagated archive statistical covariance; calibration/background systematics excluded,no artificial replacements,,4014bacd4acef98568fe766df31b62c4699b98abecf67071e3d3f18c7f70fd10,,data/provenance/rxte_processing/80037-01-09-08.json,f2e8a7d96a4d3ba61c564864cb72c7fe11ed2d4961c4fbe03e727190ed632793
80051-02-01-02,80051-02-01-02,80051-02-01-02,4u_0614_09,verified,https://heasarc.gsfc.nasa.gov/FTP/xte/data/archive/AO8/P80051/80051-02-01-02/stdprod/xp80051020102_s2.pha.gz,/Users/youhanwanigasuriya/Documents/New project/bh_ns_source_generalization/data/raw/rxte/80051-02-01-02/source-d1d0119d27ec.bin,d1d0119d27ec02054d67ce8bdca5be2f01724d3e68b8d2817701ebe9ba5db5a3,data/processed/native/80051-02-01-02.npz,18e7ddbc1fc0a101b61f8dcdc815075cadccf98943849c77209c0dd496151f4b,2026-09-22T11:02:44.419276+00:00,PCA_OGIP_RATE43_OVERLAP_V1,PCA_OGIP_RATE43_OVERLAP_V1,data/raw/rxte/80051-02-01-02/acquisition.json,verified,recorded count/s/selected PCU/output bin,recorded count/s/selected PCU/output bin,Propagated archive statistical covariance; calibration/background systematics excluded,no artificial replacements,,54f38a5f66c3257bec4c56d70d92bdbab604b2667958c1394ebea4d7e1986952,,data/provenance/rxte_processing/80051-02-01-02.json,b59bb7a31b8de5a43054305d797272628788063e6dc1092f7a44b0e67d392a08
80054-08-01-00,80054-08-01-00,80054-08-01-00,v4641_sgr,verified,https://heasarc.gsfc.nasa.gov/FTP/xte/data/archive/AO8/P80054/80054-08-01-00/stdprod/xp80054080100_s2.pha.gz,/Users/youhanwanigasuriya/Documents/New project/bh_ns_source_generalization/data/raw/rxte/80054-08-01-00/source-be30010d29df.bin,be30010d29dfe19d5acc6e2e0ffdd08df0560af1a4162de9b90caceeabd13b7a,data/processed/native/80054-08-01-00.npz,fff54c0571f660906afa200dc0db91977b68a4105a068d685ef1db40969c7227,2026-09-22T10:57:06.629603+00:00,PCA_OGIP_RATE43_OVERLAP_V1,PCA_OGIP_RATE43_OVERLAP_V1,data/raw/rxte/80054-08-01-00/acquisition.json,verified,recorded count/s/selected PCU/output bin,recorded count/s/selected PCU/output bin,Propagated archive statistical covariance; calibration/background systematics excluded,no artificial replacements,,af659a3a7140403c9c648b175b910b826491da60d75f35d2c3e016fc3661c8af,,data/provenance/rxte_processing/80054-08-01-00.json,dce86f4542047d8de212a5d7a7b0226a4cc7f1345decc84b24ec9a979cd8604a
80054-08-01-01,80054-08-01-01,80054-08-01-01,v4641_sgr,verified,https://heasarc.gsfc.nasa.gov/FTP/xte/data/archive/AO8/P80054/80054-08-01-01/stdprod/xp80054080101_s2.pha.gz,/Users/youhanwanigasuriya/Documents/New project/bh_ns_source_generalization/data/raw/rxte/80054-08-01-01/source-5b982feafa4e.bin,5b982feafa4eea983096b18c3d21835aab66f7f3b1732cec597c0022c570ccc3,data/processed/native/80054-08-01-01.npz,5d4b6f0010ffe6ffefc2b36d8f68a289708007c3d1a227d61da816a5a3420d96,2026-09-22T11:21:08.064000+00:00,PCA_OGIP_RATE43_OVERLAP_V1,PCA_OGIP_RATE43_OVERLAP_V1,data/raw/rxte/80054-08-01-01/acquisition.json,verified,recorded count/s/selected PCU/output bin,recorded count/s/selected PCU/output bin,Propagated archive statistical covariance; calibration/background systematics excluded,no artificial replacements,,fe62c045c43388f9f74a192c70a3f4900ad2d4c2d7d9d81e7bd089beffc06a5d,,data/provenance/rxte_processing/80054-08-01-01.json,d0ebd11797a297ca80b79b8fe8d9ac3cd4beb7fca4f08da4e5b3c0785653a5a7
80054-08-02-00,80054-08-02-00,80054-08-02-00,v4641_sgr,verified,https://heasarc.gsfc.nasa.gov/FTP/xte/data/archive/AO8/P80054/80054-08-02-00/stdprod/xp80054080200_s2.pha.gz,/Users/youhanwanigasuriya/Documents/New project/bh_ns_source_generalization/data/raw/rxte/80054-08-02-00/source-4fff475eff00.bin,4fff475eff00199bd3ebb6f3aeb41c80560198bfeae9884029a6aa855059d9c7,data/processed/native/80054-08-02-00.npz,8c31e4d83251d4c97f90be6cc1a88218e3e96bfd4810b295fb5433973b68a8a7,2026-09-22T11:21:08.356608+00:00,PCA_OGIP_RATE43_OVERLAP_V1,PCA_OGIP_RATE43_OVERLAP_V1,data/raw/rxte/80054-08-02-00/acquisition.json,verified,recorded count/s/selected PCU/output bin,recorded count/s/selected PCU/output bin,Propagated archive statistical covariance; calibration/background systematics excluded,no artificial replacements,,37b5dace8e0951509cb1bb052d0e411837a8c286bb12959ec1a1b36f6c701d55,,data/provenance/rxte_processing/80054-08-02-00.json,4d1452364dcac7e3cbfe2f88e40e6832743d0837c3ce832c903370aa0fc7753c
80054-08-03-00,80054-08-03-00,80054-08-03-00,v4641_sgr,verified,https://heasarc.gsfc.nasa.gov/FTP/xte/data/archive/AO8/P80054/80054-08-03-00/stdprod/xp80054080300_s2.pha.gz,/Users/youhanwanigasuriya/Documents/New project/bh_ns_source_generalization/data/raw/rxte/80054-08-03-00/source-a4c8a4d93916.bin,a4c8a4d939167362c2ec2a819bb45d00219b5bb30aa293fc17383ffc803bb22b,data/processed/native/80054-08-03-00.npz,50d97441e5f23c67fbe28f28ad7e0680d1576ec339d15668a2e737f07f9a4438,2026-09-22T11:21:09.182050+00:00,PCA_OGIP_RATE43_OVERLAP_V1,PCA_OGIP_RATE43_OVERLAP_V1,data/raw/rxte/80054-08-03-00/acquisition.json,verified,recorded count/s/selected PCU/output bin,recorded count/s/selected PCU/output bin,Propagated archive statistical covariance; calibration/background systematics excluded,no artificial replacements,,4b9bf11331e4c4956f1ea426d5d0a79c77d6c16655cd222f0c2ee04ff9f04df4,,data/provenance/rxte_processing/80054-08-03-00.json,b970f865ca48faac8dcb44607a7f9d395e57688d24362da50bed5d71cf332557
80054-08-03-01,80054-08-03-01,80054-08-03-01,v4641_sgr,verified,https://heasarc.gsfc.nasa.gov/FTP/xte/data/archive/AO8/P80054/80054-08-03-01/stdprod/xp80054080301_s2.pha.gz,/Users/youhanwanigasuriya/Documents/New project/bh_ns_source_generalization/data/raw/rxte/80054-08-03-01/source-e589b44c997e.bin,e589b44c997efaf844716f547960d1a5b1028490ad5cb97a3e8a27dd55c6ea22,data/processed/native/80054-08-03-01.npz,825c062d5912665bed45c2872ac07b7554a0b5d127de07d278fcdc39b9fa440a,2026-09-22T11:21:15.660717+00:00,PCA_OGIP_RATE43_OVERLAP_V1,PCA_OGIP_RATE43_OVERLAP_V1,data/raw/rxte/80054-08-03-01/acquisition.json,verified,recorded count/s/selected PCU/output bin,recorded count/s/selected PCU/output bin,Propagated archive statistical covariance; calibration/background systematics excluded,no artificial replacements,,2873628cde5136eb8a63e01550339c94b8d8ed4cb447f66fa8244f68056e21b3,,data/provenance/rxte_processing/80054-08-03-01.json,3e2ea8e91ec761d71c43d5d5aab1b4a58aeacb86577ccb2d18c9aa129fd997f1
80054-08-04-00,80054-08-04-00,80054-08-04-00,v4641_sgr,verified,https://heasarc.gsfc.nasa.gov/FTP/xte/data/archive/AO8/P80054/80054-08-04-00/stdprod/xp80054080400_s2.pha.gz,/Users/youhanwanigasuriya/Documents/New project/bh_ns_source_generalization/data/raw/rxte/80054-08-04-00/source-fc50d5f1b148.bin,fc50d5f1b148f19b8b69bf3224c030a9880eee6ca515c157075a53dac7cc54de,data/processed/native/80054-08-04-00.npz,fae62a3a7d109c27ade332f6cf87116098fede6b9a4c1a835fa78ae87599f2a2,2026-09-22T11:21:16.412303+00:00,PCA_OGIP_RATE43_OVERLAP_V1,PCA_OGIP_RATE43_OVERLAP_V1,data/raw/rxte/80054-08-04-00/acquisition.json,verified,recorded count/s/selected PCU/output bin,recorded count/s/selected PCU/output bin,Propagated archive statistical covariance; calibration/background systematics excluded,no artificial replacements,,68b82ccba2698538c54fbb6fb0338cafa8794e6933ae5c0ae1ce2b0adb323de7,,data/provenance/rxte_processing/80054-08-04-00.json,45f521de3716514a01091fd97860166ffaec20484d21789a0ce26ab258b89da4
80054-08-04-01,80054-08-04-01,80054-08-04-01,v4641_sgr,verified,https://heasarc.gsfc.nasa.gov/FTP/xte/data/archive/AO8/P80054/80054-08-04-01/stdprod/xp80054080401_s2.pha.gz,/Users/youhanwanigasuriya/Documents/New project/bh_ns_source_generalization/data/raw/rxte/80054-08-04-01/source-a6740c388c97.bin,a6740c388c97d00c2bb5ba2a33d3f9a58268eb86aca9b4cf0c166fe27be30bab,data/processed/native/80054-08-04-01.npz,383f844720c17133bda50566bc4091151e684470ff6fd02bb32aceddc52b0f27,2026-09-22T11:21:16.384205+00:00,PCA_OGIP_RATE43_OVERLAP_V1,PCA_OGIP_RATE43_OVERLAP_V1,data/raw/rxte/80054-08-04-01/acquisition.json,verified,recorded count/s/selected PCU/output bin,recorded count/s/selected PCU/output bin,Propagated archive statistical covariance; calibration/background systematics excluded,no artificial replacements,,68b82ccba2698538c54fbb6fb0338cafa8794e6933ae5c0ae1ce2b0adb323de7,,data/provenance/rxte_processing/80054-08-04-01.json,40121f7c95e8d26e9e0f5b6ba3ebe0cebe6fbaa809003916ad26c2086d7961ee
80054-08-05-00,80054-08-05-00,80054-08-05-00,v4641_sgr,verified,https://heasarc.gsfc.nasa.gov/FTP/xte/data/archive/AO8/P80054/80054-08-05-00/stdprod/xp80054080500_s2.pha.gz,/Users/youhanwanigasuriya/Documents/New project/bh_ns_source_generalization/data/raw/rxte/80054-08-05-00/source-cb5460a2e070.bin,cb5460a2e070822de70f7febc48f3ab5fd1472e4c686b9542b6fc04871effa94,data/processed/native/80054-08-05-00.npz,bb50fedf83717f2f94383b956731b2bd7e049f7f502898cc780d57a8cfbfc865,2026-09-22T11:21:32.610865+00:00,PCA_OGIP_RATE43_OVERLAP_V1,PCA_OGIP_RATE43_OVERLAP_V1,data/raw/rxte/80054-08-05-00/acquisition.json,verified,recorded count/s/selected PCU/output bin,recorded count/s/selected PCU/output bin,Propagated archive statistical covariance; calibration/background systematics excluded,no artificial replacements,,25b887cfc10911c6fcfd82cbfbce5d3644a363105ed927265b6171ebee034a53,,data/provenance/rxte_processing/80054-08-05-00.json,9f02ad9966ff5afac26c92f59ecf25a1a4329cbc52664044fbd87ba518a999fc
80054-08-05-01,80054-08-05-01,80054-08-05-01,v4641_sgr,verified,https://heasarc.gsfc.nasa.gov/FTP/xte/data/archive/AO8/P80054/80054-08-05-01/stdprod/xp80054080501_s2.pha.gz,/Users/youhanwanigasuriya/Documents/New project/bh_ns_source_generalization/data/raw/rxte/80054-08-05-01/source-2c8fa0c34a96.bin,2c8fa0c34a963d30502ffae4650aa596e902e47b172ee4c65a959b4f65ea5d98,data/processed/native/80054-08-05-01.npz,2bd861f38aecd3ba4e6399e71cfe2632e91b9241aa64104d46455b8b5cd6f921,2026-09-22T11:21:32.611463+00:00,PCA_OGIP_RATE43_OVERLAP_V1,PCA_OGIP_RATE43_OVERLAP_V1,data/raw/rxte/80054-08-05-01/acquisition.json,verified,recorded count/s/selected PCU/output bin,recorded count/s/selected PCU/output bin,Propagated archive statistical covariance; calibration/background systematics excluded,no artificial replacements,,db8ae3e63ddcaf7d7e1ee1c828daef9d86ead4d43f6e12c4806890de22572325,,data/provenance/rxte_processing/80054-08-05-01.json,0af363370bd441e5fa6f4b06c0e449429f00226efc8c23c59860e78531756487
80054-08-06-00,80054-08-06-00,80054-08-06-00,v4641_sgr,verified,https://heasarc.gsfc.nasa.gov/FTP/xte/data/archive/AO8/P80054/80054-08-06-00/stdprod/xp80054080600_s2.pha.gz,/Users/youhanwanigasuriya/Documents/New project/bh_ns_source_generalization/data/raw/rxte/80054-08-06-00/source-0668539b114a.bin,0668539b114a7892aca904d9c88b185e82cd3c9a81e1f26dcd8f5bda3e039abe,data/processed/native/80054-08-06-00.npz,7bdc61e1a3284f6b030667200c921da471517a8e307ebb60bbedaa967805dd73,2026-09-22T11:21:35.308675+00:00,PCA_OGIP_RATE43_OVERLAP_V1,PCA_OGIP_RATE43_OVERLAP_V1,data/raw/rxte/80054-08-06-00/acquisition.json,verified,recorded count/s/selected PCU/output bin,recorded count/s/selected PCU/output bin,Propagated archive statistical covariance; calibration/background systematics excluded,no artificial replacements,,e4cfa515af0924e015b509843dc2007142ecb6c819ac82717148c3bd7f5f9a5d,,data/provenance/rxte_processing/80054-08-06-00.json,fa6ff064f46dd1be63e825a80fba78534e2acca676c36212243479856048e002
80054-08-06-03,80054-08-06-03,80054-08-06-03,v4641_sgr,verified,https://heasarc.gsfc.nasa.gov/FTP/xte/data/archive/AO8/P80054/80054-08-06-03/stdprod/xp80054080603_s2.pha.gz,/Users/youhanwanigasuriya/Documents/New project/bh_ns_source_generalization/data/raw/rxte/80054-08-06-03/source-3ec3066f1157.bin,3ec3066f1157302a728d513905f62a13f0eec627ac3e7237bd73da33c0b6aa17,data/processed/native/80054-08-06-03.npz,7b0e6243751b22fdc72b56556e65f499473fea8f76c2a268a021ce0becda634e,2026-09-22T11:21:32.490283+00:00,PCA_OGIP_RATE43_OVERLAP_V1,PCA_OGIP_RATE43_OVERLAP_V1,data/raw/rxte/80054-08-06-03/acquisition.json,verified,recorded count/s/selected PCU/output bin,recorded count/s/selected PCU/output bin,Propagated archive statistical covariance; calibration/background systematics excluded,no artificial replacements,,e4cfa515af0924e015b509843dc2007142ecb6c819ac82717148c3bd7f5f9a5d,,data/provenance/rxte_processing/80054-08-06-03.json,7c6566ce6c5b34653d43f49b09d6c43f9810d34bab0da1bc9ba619a754e8e54b
80054-08-07-00,80054-08-07-00,80054-08-07-00,v4641_sgr,verified,https://heasarc.gsfc.nasa.gov/FTP/xte/data/archive/AO8/P80054/80054-08-07-00/stdprod/xp80054080700_s2.pha.gz,/Users/youhanwanigasuriya/Documents/New project/bh_ns_source_generalization/data/raw/rxte/80054-08-07-00/source-1e48c25f0459.bin,1e48c25f04595c16763679d46c161949330dda77c015843241d7e921fd84b727,data/processed/native/80054-08-07-00.npz,c46d8442f292ce8097edc06f6ac6291ec32608e7e1218ec40b6da123b35386e0,2026-09-22T11:21:35.598732+00:00,PCA_OGIP_RATE43_OVERLAP_V1,PCA_OGIP_RATE43_OVERLAP_V1,data/raw/rxte/80054-08-07-00/acquisition.json,verified,recorded count/s/selected PCU/output bin,recorded count/s/selected PCU/output bin,Propagated archive statistical covariance; calibration/background systematics excluded,no artificial replacements,,2195555ff8e94830e8bb34c03b4efd7f2638807c7b2c20bd130043ced34b9245,,data/provenance/rxte_processing/80054-08-07-00.json,e6b76a0a7c31d0289e9e0abc7471488c49cda9f228a0eb19e396cd0ce71fb7c6
80054-08-07-01,80054-08-07-01,80054-08-07-01,v4641_sgr,verified,https://heasarc.gsfc.nasa.gov/FTP/xte/data/archive/AO8/P80054/80054-08-07-01/stdprod/xp80054080701_s2.pha.gz,/Users/youhanwanigasuriya/Documents/New project/bh_ns_source_generalization/data/raw/rxte/80054-08-07-01/source-8f8779daccb8.bin,8f8779daccb850681721d36c1dd6d7e90a0ed0517e3ec52f41c585ee5286af27,data/processed/native/80054-08-07-01.npz,83af476449cfb92f08d20edec5765b3bb002e13a0755427064cfd8ddcade17c5,2026-09-22T11:21:36.620702+00:00,PCA_OGIP_RATE43_OVERLAP_V1,PCA_OGIP_RATE43_OVERLAP_V1,data/raw/rxte/80054-08-07-01/acquisition.json,verified,recorded count/s/selected PCU/output bin,recorded count/s/selected PCU/output bin,Propagated archive statistical covariance; calibration/background systematics excluded,no artificial replacements,,2195555ff8e94830e8bb34c03b4efd7f2638807c7b2c20bd130043ced34b9245,,data/provenance/rxte_processing/80054-08-07-01.json,75058d90b8b049a7a0708d00c38734e63211128a52e6fe7b7cf7670f50bdcaec
80054-08-08-01,80054-08-08-01,80054-08-08-01,v4641_sgr,verified,https://heasarc.gsfc.nasa.gov/FTP/xte/data/archive/AO8/P80054/80054-08-08-01/stdprod/xp80054080801_s2.pha.gz,/Users/youhanwanigasuriya/Documents/New project/bh_ns_source_generalization/data/raw/rxte/80054-08-08-01/source-a2b96189e5f7.bin,a2b96189e5f798dfc6f66fc51ef9696b024d7dd40a8649844ca7a4b208de05e9,data/processed/native/80054-08-08-01.npz,27db39175543021a432b82fdcb7731af47c7cab45e220c1420a28f18fed0ca20,2026-09-22T10:57:09.971365+00:00,PCA_OGIP_RATE43_OVERLAP_V1,PCA_OGIP_RATE43_OVERLAP_V1,data/raw/rxte/80054-08-08-01/acquisition.json,verified,recorded count/s/selected PCU/output bin,recorded count/s/selected PCU/output bin,Propagated archive statistical covariance; calibration/background systematics excluded,no artificial replacements,,9f71d1b63f009f91830c77b47d4bb5ba190799f5cebc6fea5aaa882b90eba40b,,data/provenance/rxte_processing/80054-08-08-01.json,bc6e0bd649782a20907e278a9d4afa921a68236434cfd348a717afa4bad81eba
80054-08-09-00,80054-08-09-00,80054-08-09-00,v4641_sgr,verified,https://heasarc.gsfc.nasa.gov/FTP/xte/data/archive/AO8/P80054/80054-08-09-00/stdprod/xp80054080900_s2.pha.gz,/Users/youhanwanigasuriya/Documents/New project/bh_ns_source_generalization/data/raw/rxte/80054-08-09-00/source-2b9cc8ea9861.bin,2b9cc8ea986157c6d8feaf1d45a860bcafce65ce530fcce3ca6352252ca30f7a,data/processed/native/80054-08-09-00.npz,2defb90127b54e6007c271866e943dc40aacefdfa4272cd44efc310ad22eab39,2026-09-22T11:21:42.848183+00:00,PCA_OGIP_RATE43_OVERLAP_V1,PCA_OGIP_RATE43_OVERLAP_V1,data/raw/rxte/80054-08-09-00/acquisition.json,verified,recorded count/s/selected PCU/output bin,recorded count/s/selected PCU/output bin,Propagated archive statistical covariance; calibration/background systematics excluded,no artificial replacements,,82487fba3ce1f1b8dbb24ce5bd693212061c85510a6c5dec223cd8c19929c2c0,,data/provenance/rxte_processing/80054-08-09-00.json,062a0dea09ba6a5e25d95feaa31750667482a592de8e3b356e4d29a0990e6331
80054-08-09-01,80054-08-09-01,80054-08-09-01,v4641_sgr,verified,https://heasarc.gsfc.nasa.gov/FTP/xte/data/archive/AO8/P80054/80054-08-09-01/stdprod/xp80054080901_s2.pha.gz,/Users/youhanwanigasuriya/Documents/New project/bh_ns_source_generalization/data/raw/rxte/80054-08-09-01/source-d6906e48e57c.bin,d6906e48e57c22bc316833ee0b6500c2810d5b8ec7b50a328ed12cc2b217df76,data/processed/native/80054-08-09-01.npz,54ae194d3ac2d11e98cc4c9aaf91bb2a69a2169eb96b7e2da541ac2249d2bab3,2026-09-22T11:21:43.308615+00:00,PCA_OGIP_RATE43_OVERLAP_V1,PCA_OGIP_RATE43_OVERLAP_V1,data/raw/rxte/80054-08-09-01/acquisition.json,verified,recorded count/s/selected PCU/output bin,recorded count/s/selected PCU/output bin,Propagated archive statistical covariance; calibration/background systematics excluded,no artificial replacements,,82487fba3ce1f1b8dbb24ce5bd693212061c85510a6c5dec223cd8c19929c2c0,,data/provenance/rxte_processing/80054-08-09-01.json,02c514fa3e0d283679e0171c26e36463b814ff958b0265b26f0200a030748d2c
80054-08-10-00,80054-08-10-00,80054-08-10-00,v4641_sgr,verified,https://heasarc.gsfc.nasa.gov/FTP/xte/data/archive/AO8/P80054/80054-08-10-00/stdprod/xp80054081000_s2.pha.gz,/Users/youhanwanigasuriya/Documents/New project/bh_ns_source_generalization/data/raw/rxte/80054-08-10-00/source-a99c31c1093b.bin,a99c31c1093be914ecf3e438c02977f8d028b29919e79a9147a4cfae993f4469,data/processed/native/80054-08-10-00.npz,3dbc1b2ce560a917399c8833ed519cb490101c9ed5b78489ce02095f28452e39,2026-09-22T11:21:43.329239+00:00,PCA_OGIP_RATE43_OVERLAP_V1,PCA_OGIP_RATE43_OVERLAP_V1,data/raw/rxte/80054-08-10-00/acquisition.json,verified,recorded count/s/selected PCU/output bin,recorded count/s/selected PCU/output bin,Propagated archive statistical covariance; calibration/background systematics excluded,no artificial replacements,,10fbf781bac04cef575ca122375af4588e4de1344f96f92ccf53be87e2ac61c6,,data/provenance/rxte_processing/80054-08-10-00.json,474d6ce70879852a8712664a6c569e1275742957ca6f14179ca990e28e6c97be
80102-04-12-00,80102-04-12-00,80102-04-12-00,gx_339_4,verified,https://heasarc.gsfc.nasa.gov/FTP/xte/data/archive/AO8/P80102/80102-04-12-00/stdprod/xp80102041200_s2.pha.gz,/Users/youhanwanigasuriya/Documents/New project/bh_ns_source_generalization/data/raw/rxte/80102-04-12-00/source-1c6ddcb909cc.bin,1c6ddcb909cc5aad3f0927308d32a323b5b52fc24832c58917145496170fcbde,data/processed/native/80102-04-12-00.npz,e248a166feb626730a99242dd1e6cda9e238477dd18fd2c353d631455b4f0476,2026-09-22T11:12:03.726135+00:00,PCA_OGIP_RATE43_OVERLAP_V1,PCA_OGIP_RATE43_OVERLAP_V1,data/raw/rxte/80102-04-12-00/acquisition.json,verified,recorded count/s/selected PCU/output bin,recorded count/s/selected PCU/output bin,Propagated archive statistical covariance; calibration/background systematics excluded,no artificial replacements,,f5e97ef4e673f46fdd9b4a5f255fd87f3b9aff8ab4220ef0f29e4ae7a3c92f2c,,data/provenance/rxte_processing/80102-04-12-00.json,983f74487400e82a4cf3c49706eafba34f14fb15cbf4c16440996c30b2c3f9f2
80102-04-57-01,80102-04-57-01,80102-04-57-01,gx_339_4,verified,https://heasarc.gsfc.nasa.gov/FTP/xte/data/archive/AO8/P80102/80102-04-57-01/stdprod/xp80102045701_s2.pha.gz,/Users/youhanwanigasuriya/Documents/New project/bh_ns_source_generalization/data/raw/rxte/80102-04-57-01/source-007a326786aa.bin,007a326786aad65e71bdbb75d92d823df2d465e1891e5bae659260b7e7b62bdb,data/processed/native/80102-04-57-01.npz,4706040ae27351321fdb53098839cb7621a5564d5dfe5b64e9cfad261e68cc71,2026-09-22T11:12:05.734447+00:00,PCA_OGIP_RATE43_OVERLAP_V1,PCA_OGIP_RATE43_OVERLAP_V1,data/raw/rxte/80102-04-57-01/acquisition.json,verified,recorded count/s/selected PCU/output bin,recorded count/s/selected PCU/output bin,Propagated archive statistical covariance; calibration/background systematics excluded,no artificial replacements,,9729a8c39b9367feb277d2833e0c851f7990038018a73ea01724bf6aa6c2131c,,data/provenance/rxte_processing/80102-04-57-01.json,18f7b346002edfe8cdbcc5d27758d76cc104555f21e39f28015decdf594aef60
80132-01-15-00,80132-01-15-00,80132-01-15-00,gx_339_4,verified,https://heasarc.gsfc.nasa.gov/FTP/xte/data/archive/AO8/P80132/80132-01-15-00/stdprod/xp80132011500_s2.pha.gz,/Users/youhanwanigasuriya/Documents/New project/bh_ns_source_generalization/data/raw/rxte/80132-01-15-00/source-5af7c1933600.bin,5af7c1933600170c3113f216c18c75cb80466038c3df5ff45ae7ca8823806bff,data/processed/native/80132-01-15-00.npz,799c434f1d32269ab29770da6e4d2edff94c4c93cee8536f771e519a5e6ea8d8,2026-09-22T11:12:09.941253+00:00,PCA_OGIP_RATE43_OVERLAP_V1,PCA_OGIP_RATE43_OVERLAP_V1,data/raw/rxte/80132-01-15-00/acquisition.json,verified,recorded count/s/selected PCU/output bin,recorded count/s/selected PCU/output bin,Propagated archive statistical covariance; calibration/background systematics excluded,no artificial replacements,,10916f30707d8d0f0276916faac3d6dd9bede311e39c7a5efbf5b5e09c475a0d,,data/provenance/rxte_processing/80132-01-15-00.json,9f6daf7a65158bf5dad6ab41cc29075fca00259b7ea4e0da541442e7e095cd9f
80135-01-04-01,80135-01-04-01,80135-01-04-01,xte_j1550_564,verified,https://heasarc.gsfc.nasa.gov/FTP/xte/data/archive/AO8/P80135/80135-01-04-01/stdprod/xp80135010401_s2.pha.gz,/Users/youhanwanigasuriya/Documents/New project/bh_ns_source_generalization/data/raw/rxte/80135-01-04-01/source-edd62ea6ee7e.bin,edd62ea6ee7e21e837df136d43a91a41318eb932250d17b4e1428de5b0767d5d,data/processed/native/80135-01-04-01.npz,0707935d0bd7682b3ba60d21ffed73628456542b6053b6678a0b93bd96b3958f,2026-09-22T11:23:47.494698+00:00,PCA_OGIP_RATE43_OVERLAP_V1,PCA_OGIP_RATE43_OVERLAP_V1,data/raw/rxte/80135-01-04-01/acquisition.json,verified,recorded count/s/selected PCU/output bin,recorded count/s/selected PCU/output bin,Propagated archive statistical covariance; calibration/background systematics excluded,no artificial replacements,,af873fd225f643b2d16d60214b4ef94f146c21a60dd5c7d6fffeede6d2bc55e5,,data/provenance/rxte_processing/80135-01-04-01.json,22405b7b1a2ae58c322c8d5eb88dba3fcffdaed18d2eb5a911442e73afd827ac
80138-03-01-00,80138-03-01-00,80138-03-01-00,slx_1735_269,verified,https://heasarc.gsfc.nasa.gov/FTP/xte/data/archive/AO8/P80138/80138-03-01-00/stdprod/xp80138030100_s2.pha.gz,/Users/youhanwanigasuriya/Documents/New project/bh_ns_source_generalization/data/raw/rxte/80138-03-01-00/source-7aa12f2516e5.bin,7aa12f2516e560d074325c2c582f80ba7d3b7da349580b207f425f7bae81fb3c,data/processed/native/80138-03-01-00.npz,f6da6252b7e2ebeba801cc3282b38230dcfce4f0711e46c25c3c3148cb61dbca,2026-09-22T11:20:32.228962+00:00,PCA_OGIP_RATE43_OVERLAP_V1,PCA_OGIP_RATE43_OVERLAP_V1,data/raw/rxte/80138-03-01-00/acquisition.json,verified,recorded count/s/selected PCU/output bin,recorded count/s/selected PCU/output bin,Propagated archive statistical covariance; calibration/background systematics excluded,no artificial replacements,,09133c3d3b6178c3555e12a479ebbf8e388cb7280de952f30367d5c710ca14d9,,data/provenance/rxte_processing/80138-03-01-00.json,512cc6d0069026fe03106e6b93bf4b721dd604e6697f57c70ba4769639bf7913
80138-03-04-00,80138-03-04-00,80138-03-04-00,slx_1735_269,verified,https://heasarc.gsfc.nasa.gov/FTP/xte/data/archive/AO8/P80138/80138-03-04-00/stdprod/xp80138030400_s2.pha.gz,/Users/youhanwanigasuriya/Documents/New project/bh_ns_source_generalization/data/raw/rxte/80138-03-04-00/source-2304984b6cec.bin,2304984b6cec8e64eef00e39ab4dce9eb468670a9a29ae5076333f424065677d,data/processed/native/80138-03-04-00.npz,56878d7d43cd699d7ffbbb785afc40523de680fbd1a188d92d895871913f0b30,2026-09-22T11:20:33.744135+00:00,PCA_OGIP_RATE43_OVERLAP_V1,PCA_OGIP_RATE43_OVERLAP_V1,data/raw/rxte/80138-03-04-00/acquisition.json,verified,recorded count/s/selected PCU/output bin,recorded count/s/selected PCU/output bin,Propagated archive statistical covariance; calibration/background systematics excluded,no artificial replacements,,42180ce1f76bd16f767d8bdec38f75d6d1bf4b769285505a4d6106e2f6d27455,,data/provenance/rxte_processing/80138-03-04-00.json,2e5d859cf3f2c91326ee5466ee3f1d9d5e9ef44933c48d0ad63971951e51b25c
80138-03-06-00,80138-03-06-00,80138-03-06-00,slx_1735_269,verified,https://heasarc.gsfc.nasa.gov/FTP/xte/data/archive/AO8/P80138/80138-03-06-00/stdprod/xp80138030600_s2.pha.gz,/Users/youhanwanigasuriya/Documents/New project/bh_ns_source_generalization/data/raw/rxte/80138-03-06-00/source-9700ac95dc18.bin,9700ac95dc18e6c940c25990832d13293c024087c900b88bde8d28de3de58376,data/processed/native/80138-03-06-00.npz,e112972b9fdf23b68c83b13af831cf8fe0e0bd4b69827c42d660d425498075f6,2026-09-22T11:20:39.996768+00:00,PCA_OGIP_RATE43_OVERLAP_V1,PCA_OGIP_RATE43_OVERLAP_V1,data/raw/rxte/80138-03-06-00/acquisition.json,verified,recorded count/s/selected PCU/output bin,recorded count/s/selected PCU/output bin,Propagated archive statistical covariance; calibration/background systematics excluded,no artificial replacements,,824596b506425a04d491f3a27463ccd86f70ce485ec1b70526cfdc015823a8ab,,data/provenance/rxte_processing/80138-03-06-00.json,42334e3fa5be98eb606214726553135a5b83e268d470c1e5d0b85a42a9333082
80138-03-07-02,80138-03-07-02,80138-03-07-02,slx_1735_269,verified,https://heasarc.gsfc.nasa.gov/FTP/xte/data/archive/AO8/P80138/80138-03-07-02/stdprod/xp80138030702_s2.pha.gz,/Users/youhanwanigasuriya/Documents/New project/bh_ns_source_generalization/data/raw/rxte/80138-03-07-02/source-48072bc3c72a.bin,48072bc3c72a22ac727de2fc250f1af6a4607fb79a94106ea694fb7ae99917ca,data/processed/native/80138-03-07-02.npz,2860bdb470c6b02c481a74cf938632c49030c48add214aa5e63a862fc15428b6,2026-09-22T10:57:04.039337+00:00,PCA_OGIP_RATE43_OVERLAP_V1,PCA_OGIP_RATE43_OVERLAP_V1,data/raw/rxte/80138-03-07-02/acquisition.json,verified,recorded count/s/selected PCU/output bin,recorded count/s/selected PCU/output bin,Propagated archive statistical covariance; calibration/background systematics excluded,no artificial replacements,,fa7bb3f21104d2c34ae82399a9225197df538f38c9e89f86b208025047f952e6,,data/provenance/rxte_processing/80138-03-07-02.json,2d33f654eb92e09e3e73818666112cc7606ebcde74b0a55b9f63e536c36fefac
80138-03-08-00,80138-03-08-00,80138-03-08-00,slx_1735_269,verified,https://heasarc.gsfc.nasa.gov/FTP/xte/data/archive/AO8/P80138/80138-03-08-00/stdprod/xp80138030800_s2.pha.gz,/Users/youhanwanigasuriya/Documents/New project/bh_ns_source_generalization/data/raw/rxte/80138-03-08-00/source-1f880a440cb2.bin,1f880a440cb21ad9b37ee2717f490a448c22d7e5e9a2666cc96dfac66db3f197,data/processed/native/80138-03-08-00.npz,f0a93b67ffe2bb935fc8aeb4fa1517bf185684c71ba1ce7e103fcfa12a9b5180,2026-09-22T11:20:41.043575+00:00,PCA_OGIP_RATE43_OVERLAP_V1,PCA_OGIP_RATE43_OVERLAP_V1,data/raw/rxte/80138-03-08-00/acquisition.json,verified,recorded count/s/selected PCU/output bin,recorded count/s/selected PCU/output bin,Propagated archive statistical covariance; calibration/background systematics excluded,no artificial replacements,,3dc6df7e3f43846aeb33b719a42fd90853b1fa9a1586066858bd7a642853a935,,data/provenance/rxte_processing/80138-03-08-00.json,0417576068e6b8f9376a753d8a6cddcc2e25b2fd1a80172a123747a3cb308201
80406-01-04-07,80406-01-04-07,80406-01-04-07,4u_1608_522,verified,https://heasarc.gsfc.nasa.gov/FTP/xte/data/archive/AO8/P80406/80406-01-04-07/stdprod/xp80406010407_s2.pha.gz,/Users/youhanwanigasuriya/Documents/New project/bh_ns_source_generalization/data/raw/rxte/80406-01-04-07/source-84a30373ee7d.bin,84a30373ee7de824575d84a0b147c7a8ca10f75afb0f4304b371d5ae99d43479,data/processed/native/80406-01-04-07.npz,05c1a527a8fef8ffc83fad52ad11d78061d998de51457a5915aa3e229820cec6,2026-09-22T11:04:28.132444+00:00,PCA_OGIP_RATE43_OVERLAP_V1,PCA_OGIP_RATE43_OVERLAP_V1,data/raw/rxte/80406-01-04-07/acquisition.json,verified,recorded count/s/selected PCU/output bin,recorded count/s/selected PCU/output bin,Propagated archive statistical covariance; calibration/background systematics excluded,no artificial replacements,,cbc038c58e5d5ef106ff020d729b2d620006b7b9d525f06edba4a67c26596b29,,data/provenance/rxte_processing/80406-01-04-07.json,00d671b8a12e9ccf10be551d48cccb2475f1d123f787518c5b26862d0b524471
80406-01-10-03,80406-01-10-03,80406-01-10-03,4u_1608_522,verified,https://heasarc.gsfc.nasa.gov/FTP/xte/data/archive/AO8/P80406/80406-01-10-03/stdprod/xp80406011003_s2.pha.gz,/Users/youhanwanigasuriya/Documents/New project/bh_ns_source_generalization/data/raw/rxte/80406-01-10-03/source-c0a7a954c17a.bin,c0a7a954c17a14ae276ae06572788a118115b2d3798cf347746b53b1e68f347c,data/processed/native/80406-01-10-03.npz,8753d29d9a5225e1fccbe4d1c9cf75ff03933333dbdaf03847544a238d8000cf,2026-09-22T11:04:29.252498+00:00,PCA_OGIP_RATE43_OVERLAP_V1,PCA_OGIP_RATE43_OVERLAP_V1,data/raw/rxte/80406-01-10-03/acquisition.json,verified,recorded count/s/selected PCU/output bin,recorded count/s/selected PCU/output bin,Propagated archive statistical covariance; calibration/background systematics excluded,no artificial replacements,,de47fbc2c2140d245858d0782e3b1e1726753a86f3799b4ee8aeda347f3923ff,,data/provenance/rxte_processing/80406-01-10-03.json,b530a84fd189209f582d6e64443a6b2c7afbc7ebd502c834388b66c8810e35e5
80412-01-02-00,80412-01-02-00,80412-01-02-00,xte_j1550_564,verified,https://heasarc.gsfc.nasa.gov/FTP/xte/data/archive/AO8/P80412/80412-01-02-00/stdprod/xp80412010200_s2.pha.gz,/Users/youhanwanigasuriya/Documents/New project/bh_ns_source_generalization/data/raw/rxte/80412-01-02-00/source-6e5f922c3e17.bin,6e5f922c3e1708572ab93552f104caf92b5b3d28c4f3bbfd166baf1150617ed9,data/processed/native/80412-01-02-00.npz,76fe27620be983f6b9a1fe5d8d42897875d5acfffbba1b26f2846053bfb325bd,2026-09-22T10:57:20.033019+00:00,PCA_OGIP_RATE43_OVERLAP_V1,PCA_OGIP_RATE43_OVERLAP_V1,data/raw/rxte/80412-01-02-00/acquisition.json,verified,recorded count/s/selected PCU/output bin,recorded count/s/selected PCU/output bin,Propagated archive statistical covariance; calibration/background systematics excluded,no artificial replacements,,42180ce1f76bd16f767d8bdec38f75d6d1bf4b769285505a4d6106e2f6d27455,,data/provenance/rxte_processing/80412-01-02-00.json,c48d8b092b4ac775819bebb3c43438114f1672af50c5551346e0a10d5b08d4ea
80414-01-02-00,80414-01-02-00,80414-01-02-00,4u_0614_09,verified,https://heasarc.gsfc.nasa.gov/FTP/xte/data/archive/AO8/P80414/80414-01-02-00/stdprod/xp80414010200_s2.pha.gz,/Users/youhanwanigasuriya/Documents/New project/bh_ns_source_generalization/data/raw/rxte/80414-01-02-00/source-b9eab6091475.bin,b9eab60914755486b91ee9cbcab43d0367d0504b46a03d8dbdec72da3d1a5cf7,data/processed/native/80414-01-02-00.npz,bef3c4d8424a02f9f5ab5d03e5f8bddddd7288423a2adf82b4ef51323d4c56cd,2026-09-22T11:02:43.372807+00:00,PCA_OGIP_RATE43_OVERLAP_V1,PCA_OGIP_RATE43_OVERLAP_V1,data/raw/rxte/80414-01-02-00/acquisition.json,verified,recorded count/s/selected PCU/output bin,recorded count/s/selected PCU/output bin,Propagated archive statistical covariance; calibration/background systematics excluded,no artificial replacements,,cd413e24be6169876f93892bce87fd68bac0b85731682dad4893e48746c35bc2,,data/provenance/rxte_processing/80414-01-02-00.json,7ad31ab3bda9f2871b55b8e9e7787c359ac4a053aeea66ea6ae81aeb7bd5358f
80414-01-05-02,80414-01-05-02,80414-01-05-02,4u_0614_09,verified,https://heasarc.gsfc.nasa.gov/FTP/xte/data/archive/AO8/P80414/80414-01-05-02/stdprod/xp80414010502_s2.pha.gz,/Users/youhanwanigasuriya/Documents/New project/bh_ns_source_generalization/data/raw/rxte/80414-01-05-02/source-d9a33174791d.bin,d9a33174791da70865847633140d462e03fde223bbeb9eabbb6bbc6feafd78d1,data/processed/native/80414-01-05-02.npz,b3bc7c0425341e2ad902bbd3313c4e7b0edc0a9137f6e66c537364de602e3479,2026-09-22T11:02:43.796881+00:00,PCA_OGIP_RATE43_OVERLAP_V1,PCA_OGIP_RATE43_OVERLAP_V1,data/raw/rxte/80414-01-05-02/acquisition.json,verified,recorded count/s/selected PCU/output bin,recorded count/s/selected PCU/output bin,Propagated archive statistical covariance; calibration/background systematics excluded,no artificial replacements,,3dc6df7e3f43846aeb33b719a42fd90853b1fa9a1586066858bd7a642853a935,,data/provenance/rxte_processing/80414-01-05-02.json,23700c93d4b2e40e3a4fd992ec5f61cd3c89bb5b4dd9507986c1700c903a8b19
80421-01-01-00,80421-01-01-00,80421-01-01-00,v4641_sgr,verified,https://heasarc.gsfc.nasa.gov/FTP/xte/data/archive/AO8/P80421/80421-01-01-00/stdprod/xp80421010100_s2.pha.gz,/Users/youhanwanigasuriya/Documents/New project/bh_ns_source_generalization/data/raw/rxte/80421-01-01-00/source-ad7a18f9dbeb.bin,ad7a18f9dbeb47059defe8540bd8dcb9a56c27caeaf9d0da667f67d36e2c55bd,data/processed/native/80421-01-01-00.npz,16f8e62411541a1c119e8ffcbbd18bd3a31ec0ff84e843e0233a603e252b42f5,2026-09-22T11:21:18.423588+00:00,PCA_OGIP_RATE43_OVERLAP_V1,PCA_OGIP_RATE43_OVERLAP_V1,data/raw/rxte/80421-01-01-00/acquisition.json,verified,recorded count/s/selected PCU/output bin,recorded count/s/selected PCU/output bin,Propagated archive statistical covariance; calibration/background systematics excluded,no artificial replacements,,68b82ccba2698538c54fbb6fb0338cafa8794e6933ae5c0ae1ce2b0adb323de7,,data/provenance/rxte_processing/80421-01-01-00.json,7f1f3dccbf95eefc44ced32235862df4534df0e185cc774411ffde48b891e473
80421-01-01-01,80421-01-01-01,80421-01-01-01,v4641_sgr,verified,https://heasarc.gsfc.nasa.gov/FTP/xte/data/archive/AO8/P80421/80421-01-01-01/stdprod/xp80421010101_s2.pha.gz,/Users/youhanwanigasuriya/Documents/New project/bh_ns_source_generalization/data/raw/rxte/80421-01-01-01/source-9dc0dedde7d9.bin,9dc0dedde7d9e587757fb67b90be5b818aa7a3a1fb5e822c0d3af0221c564591,data/processed/native/80421-01-01-01.npz,9462edbc163e82215d03aec784487f783fc65bc4ba4f04f087f50a47e908eea4,2026-09-22T11:21:18.851298+00:00,PCA_OGIP_RATE43_OVERLAP_V1,PCA_OGIP_RATE43_OVERLAP_V1,data/raw/rxte/80421-01-01-01/acquisition.json,verified,recorded count/s/selected PCU/output bin,recorded count/s/selected PCU/output bin,Propagated archive statistical covariance; calibration/background systematics excluded,no artificial replacements,,68b82ccba2698538c54fbb6fb0338cafa8794e6933ae5c0ae1ce2b0adb323de7,,data/provenance/rxte_processing/80421-01-01-01.json,ff1b519d59c401190575c5e819f1daa4737a74013cb316e82da86fb56843bccf
80421-01-01-02,80421-01-01-02,80421-01-01-02,v4641_sgr,verified,https://heasarc.gsfc.nasa.gov/FTP/xte/data/archive/AO8/P80421/80421-01-01-02/stdprod/xp80421010102_s2.pha.gz,/Users/youhanwanigasuriya/Documents/New project/bh_ns_source_generalization/data/raw/rxte/80421-01-01-02/source-ef7a3582e32b.bin,ef7a3582e32b755d836275ebe4090e608342ca5828f550b32660acce0b041c70,data/processed/native/80421-01-01-02.npz,8d0dc53b26236d99d0e8208ad60f33a15ff1d39f38901465551790562a1f947d,2026-09-22T11:21:20.104537+00:00,PCA_OGIP_RATE43_OVERLAP_V1,PCA_OGIP_RATE43_OVERLAP_V1,data/raw/rxte/80421-01-01-02/acquisition.json,verified,recorded count/s/selected PCU/output bin,recorded count/s/selected PCU/output bin,Propagated archive statistical covariance; calibration/background systematics excluded,no artificial replacements,,68b82ccba2698538c54fbb6fb0338cafa8794e6933ae5c0ae1ce2b0adb323de7,,data/provenance/rxte_processing/80421-01-01-02.json,faf170390d1d043dbcea94b3088f895c78be8a276aea20a9a9df70d59ca7c66f
80431-01-02-01,80431-01-02-01,80431-01-02-01,1a_1744_361,verified,https://heasarc.gsfc.nasa.gov/FTP/xte/data/archive/AO8/P80431/80431-01-02-01/stdprod/xp80431010201_s2.pha.gz,/Users/youhanwanigasuriya/Documents/New project/bh_ns_source_generalization/data/raw/rxte/80431-01-02-01/source-d1c9e48b00a8.bin,d1c9e48b00a8b9d26d810d642f34c73ac22106ec7fd71c734013abc7cb13ea60,data/processed/native/80431-01-02-01.npz,6224d68f36593840912e7c8a9a4569af15d8ca4f7cefc18c3a2700bcbf67c75b,2026-09-22T11:01:30.901520+00:00,PCA_OGIP_RATE43_OVERLAP_V1,PCA_OGIP_RATE43_OVERLAP_V1,data/raw/rxte/80431-01-02-01/acquisition.json,verified,recorded count/s/selected PCU/output bin,recorded count/s/selected PCU/output bin,Propagated archive statistical covariance; calibration/background systematics excluded,no artificial replacements,,bc437cd4fc1a39e8dec1603573d2ede2de0b93723f154bd67c833a5c7d9915de,,data/provenance/rxte_processing/80431-01-02-01.json,2ac7e1e265146330fcfb8a83b7f14448b8f8e02d185e488e594325ec64decda6
80431-01-02-03,80431-01-02-03,80431-01-02-03,1a_1744_361,verified,https://heasarc.gsfc.nasa.gov/FTP/xte/data/archive/AO8/P80431/80431-01-02-03/stdprod/xp80431010203_s2.pha.gz,/Users/youhanwanigasuriya/Documents/New project/bh_ns_source_generalization/data/raw/rxte/80431-01-02-03/source-ee653ddd7d58.bin,ee653ddd7d5856b0eb6cda4a48aef1e3d013c14a5646aabaa15e54366e168d18,data/processed/native/80431-01-02-03.npz,0b2320bafbfbd4f75e8c9a276c214821f4c03d8dc82ac633bf9c57dbf0191e8d,2026-09-22T11:01:30.892515+00:00,PCA_OGIP_RATE43_OVERLAP_V1,PCA_OGIP_RATE43_OVERLAP_V1,data/raw/rxte/80431-01-02-03/acquisition.json,verified,recorded count/s/selected PCU/output bin,recorded count/s/selected PCU/output bin,Propagated archive statistical covariance; calibration/background systematics excluded,no artificial replacements,,9fe573b6dc60d5338a5883ce240f05be068d7c409508c518d8f7d80a1beb30cc,,data/provenance/rxte_processing/80431-01-02-03.json,b28e649148c2378c0f88ec065f43be1c4e7cf7513329e480a207b6317b16641e
80431-01-02-04,80431-01-02-04,80431-01-02-04,1a_1744_361,verified,https://heasarc.gsfc.nasa.gov/FTP/xte/data/archive/AO8/P80431/80431-01-02-04/stdprod/xp80431010204_s2.pha.gz,/Users/youhanwanigasuriya/Documents/New project/bh_ns_source_generalization/data/raw/rxte/80431-01-02-04/source-e91e29f2532d.bin,e91e29f2532dfa5700f6bc9b3af73a1247c026677a001e7d33f9050ce5ea88ef,data/processed/native/80431-01-02-04.npz,96aea79d151300ec86cacfe6d773534cdd03c27f2366b0e59946b5207f8f85db,2026-09-22T11:01:30.873230+00:00,PCA_OGIP_RATE43_OVERLAP_V1,PCA_OGIP_RATE43_OVERLAP_V1,data/raw/rxte/80431-01-02-04/acquisition.json,verified,recorded count/s/selected PCU/output bin,recorded count/s/selected PCU/output bin,Propagated archive statistical covariance; calibration/background systematics excluded,no artificial replacements,,9b8e3b8a31e867c8159f8469c1ce974ae6c2a897a8ad2f4a6f3e12517f1a597d,,data/provenance/rxte_processing/80431-01-02-04.json,d28274b94ec59eb56e372f7a4b8d729cf409016a11338a2d32dcc49b9c20f59a
80431-01-02-05,80431-01-02-05,80431-01-02-05,1a_1744_361,verified,https://heasarc.gsfc.nasa.gov/FTP/xte/data/archive/AO8/P80431/80431-01-02-05/stdprod/xp80431010205_s2.pha.gz,/Users/youhanwanigasuriya/Documents/New project/bh_ns_source_generalization/data/raw/rxte/80431-01-02-05/source-c263083bd752.bin,c263083bd752b8366974ee45f194da1139daff5ad60a10a8ac89e7b0c32ccf79,data/processed/native/80431-01-02-05.npz,fcfe92e5b1f93daa422465837c8e06d96146fdb56e24eceb7aa8f2f8e36e27e9,2026-09-22T11:01:30.887676+00:00,PCA_OGIP_RATE43_OVERLAP_V1,PCA_OGIP_RATE43_OVERLAP_V1,data/raw/rxte/80431-01-02-05/acquisition.json,verified,recorded count/s/selected PCU/output bin,recorded count/s/selected PCU/output bin,Propagated archive statistical covariance; calibration/background systematics excluded,no artificial replacements,,9c0fdf59bc4520bbcde7f54632797c087d35e9b34b66920555d7ec4aad5f1992,,data/provenance/rxte_processing/80431-01-02-05.json,6de31fb57de5fa119203a2bd82e3fbcc7a34fdd4c2748f843f4cf6e3bf766bb8
80431-01-03-00,80431-01-03-00,80431-01-03-00,1a_1744_361,verified,https://heasarc.gsfc.nasa.gov/FTP/xte/data/archive/AO8/P80431/80431-01-03-00/stdprod/xp80431010300_s2.pha.gz,/Users/youhanwanigasuriya/Documents/New project/bh_ns_source_generalization/data/raw/rxte/80431-01-03-00/source-2eea62f4ff56.bin,2eea62f4ff5653c60ea1f74c38540c6720cc46dc5b0936495ccd7f76edb8d954,data/processed/native/80431-01-03-00.npz,27a00cce856bb3d283a41a3d392dc4243a606dde487ef073818eb5ad85893a9f,2026-09-22T11:01:30.872680+00:00,PCA_OGIP_RATE43_OVERLAP_V1,PCA_OGIP_RATE43_OVERLAP_V1,data/raw/rxte/80431-01-03-00/acquisition.json,verified,recorded count/s/selected PCU/output bin,recorded count/s/selected PCU/output bin,Propagated archive statistical covariance; calibration/background systematics excluded,no artificial replacements,,4f8c25c6fea2ed8b1748645616ab688296abf4297c115c6039307fdfe522d122,,data/provenance/rxte_processing/80431-01-03-00.json,1a6a3d7efad1ab21c9ab1b9ffc50d54d4fdec56cbe2b74064cca67710383315b
80431-01-03-02,80431-01-03-02,80431-01-03-02,1a_1744_361,verified,https://heasarc.gsfc.nasa.gov/FTP/xte/data/archive/AO8/P80431/80431-01-03-02/stdprod/xp80431010302_s2.pha.gz,/Users/youhanwanigasuriya/Documents/New project/bh_ns_source_generalization/data/raw/rxte/80431-01-03-02/source-ceed7a999f28.bin,ceed7a999f2818900efa870e0c1c9a8c1a4bc348ffca759e48c515d96eb148c3,data/processed/native/80431-01-03-02.npz,5bfa64a58d5ffc11a8d815bee11a961ca6dfada52c1d7b30561de4815f465a70,2026-09-22T11:01:41.947061+00:00,PCA_OGIP_RATE43_OVERLAP_V1,PCA_OGIP_RATE43_OVERLAP_V1,data/raw/rxte/80431-01-03-02/acquisition.json,verified,recorded count/s/selected PCU/output bin,recorded count/s/selected PCU/output bin,Propagated archive statistical covariance; calibration/background systematics excluded,no artificial replacements,,b6fa93cc97eeee39810e43572eee38d43b0f713136f9fc16d2949469c93f01ea,,data/provenance/rxte_processing/80431-01-03-02.json,6adb3fb926d0004087cd950c25e5f6ea15841aa074de69a019a6f5e10ac81e56
90011-01-01-01,90011-01-01-01,90011-01-01-01,xte_j1118_480,verified,https://heasarc.gsfc.nasa.gov/FTP/xte/data/archive/AO9/P90011/90011-01-01-01/stdprod/xp90011010101_s2.pha.gz,/Users/youhanwanigasuriya/Documents/New project/bh_ns_source_generalization/data/raw/rxte/90011-01-01-01/source-baca5d23e5d0.bin,baca5d23e5d0f42ddde2f160394db12fbb84df2a1a06377ba45e64cf2c9553f9,data/processed/native/90011-01-01-01.npz,efe4abbece5b0b32930b07aac9146fc0c5808554dbad0701bdcdf208b8fdc4df,2026-09-22T11:22:32.835488+00:00,PCA_OGIP_RATE43_OVERLAP_V1,PCA_OGIP_RATE43_OVERLAP_V1,data/raw/rxte/90011-01-01-01/acquisition.json,verified,recorded count/s/selected PCU/output bin,recorded count/s/selected PCU/output bin,Propagated archive statistical covariance; calibration/background systematics excluded,no artificial replacements,,9756f45b7b8a2e7f311d105ee4b47693cf1b3b06308e16fcb3c2a7cfae2be3bd,,data/provenance/rxte_processing/90011-01-01-01.json,cc90323e1f20d88dbdb924f7aa37db89ff7696f5bf8f2f72b5cb6c32f9cdc72e
90011-01-01-02,90011-01-01-02,90011-01-01-02,xte_j1118_480,verified,https://heasarc.gsfc.nasa.gov/FTP/xte/data/archive/AO9/P90011/90011-01-01-02/stdprod/xp90011010102_s2.pha.gz,/Users/youhanwanigasuriya/Documents/New project/bh_ns_source_generalization/data/raw/rxte/90011-01-01-02/source-97e52c4bb03f.bin,97e52c4bb03fc270828e86942f8892c648fc247e4575a77ebfe55e7f6967127b,data/processed/native/90011-01-01-02.npz,757c071b87425e715552d36d52edd3ba693461b716b6686b4f384dcd3fa61ea9,2026-09-22T11:22:33.423485+00:00,PCA_OGIP_RATE43_OVERLAP_V1,PCA_OGIP_RATE43_OVERLAP_V1,data/raw/rxte/90011-01-01-02/acquisition.json,verified,recorded count/s/selected PCU/output bin,recorded count/s/selected PCU/output bin,Propagated archive statistical covariance; calibration/background systematics excluded,no artificial replacements,,4d44821c722beb3722dc13e6b1728c242ca3f46b8b88a642c47953a391886839,,data/provenance/rxte_processing/90011-01-01-02.json,0c6a106ec235e3e37d456cf03e4af1d86908358d3478f0a1bde2f8846d632cd4
90011-01-01-05,90011-01-01-05,90011-01-01-05,xte_j1118_480,verified,https://heasarc.gsfc.nasa.gov/FTP/xte/data/archive/AO9/P90011/90011-01-01-05/stdprod/xp90011010105_s2.pha.gz,/Users/youhanwanigasuriya/Documents/New project/bh_ns_source_generalization/data/raw/rxte/90011-01-01-05/source-7f07ad8b4879.bin,7f07ad8b4879d1497ecc9553dddb77cbc68d97bf32b4662eafd8281d52106df2,data/processed/native/90011-01-01-05.npz,abb8be59e38ac3372676a87a1c620836b5feabe6d93968a32ebe503a9642c855,2026-09-22T11:22:40.425990+00:00,PCA_OGIP_RATE43_OVERLAP_V1,PCA_OGIP_RATE43_OVERLAP_V1,data/raw/rxte/90011-01-01-05/acquisition.json,verified,recorded count/s/selected PCU/output bin,recorded count/s/selected PCU/output bin,Propagated archive statistical covariance; calibration/background systematics excluded,no artificial replacements,,9e5d3006f02524d83a3e5e4adea72535ef89bd69089b4afd8ba6402d6cfb302c,,data/provenance/rxte_processing/90011-01-01-05.json,cbaeaa8854c376a17ea1db9c843607d47ad234ef1d930f2a429bb4eb30ca31e1
90011-01-01-09,90011-01-01-09,90011-01-01-09,xte_j1118_480,verified,https://heasarc.gsfc.nasa.gov/FTP/xte/data/archive/AO9/P90011/90011-01-01-09/stdprod/xp90011010109_s2.pha.gz,/Users/youhanwanigasuriya/Documents/New project/bh_ns_source_generalization/data/raw/rxte/90011-01-01-09/source-315b7e26d6aa.bin,315b7e26d6aa30d43f42fa54c54479b8ab546c6715fad7262ed290e3bbed8cb0,data/processed/native/90011-01-01-09.npz,d1f2c1c67f83c26abb116102a24ddb2380a1a796f2863e09394cc9983e70d8ca,2026-09-22T11:22:37.648531+00:00,PCA_OGIP_RATE43_OVERLAP_V1,PCA_OGIP_RATE43_OVERLAP_V1,data/raw/rxte/90011-01-01-09/acquisition.json,verified,recorded count/s/selected PCU/output bin,recorded count/s/selected PCU/output bin,Propagated archive statistical covariance; calibration/background systematics excluded,no artificial replacements,,90266f8e0e6ab4079a23bf25f969d735423c28ec1df20466133c07972529dbee,,data/provenance/rxte_processing/90011-01-01-09.json,a9c14cdf1649c2175d47194ea1a6c794b5feade9fdeedec9bf6c7bd495772666
90011-01-01-13,90011-01-01-13,90011-01-01-13,xte_j1118_480,verified,https://heasarc.gsfc.nasa.gov/FTP/xte/data/archive/AO9/P90011/90011-01-01-13/stdprod/xp90011010113_s2.pha.gz,/Users/youhanwanigasuriya/Documents/New project/bh_ns_source_generalization/data/raw/rxte/90011-01-01-13/source-1595cb2b4f72.bin,1595cb2b4f72205276e098818aa7eb42764585a8aeffe7caa3a46994fdaa4537,data/processed/native/90011-01-01-13.npz,afe23eb22d97358e47e500709cc1de30d420607fb51bde31ac1c08e8e11834a7,2026-09-22T11:22:41.505104+00:00,PCA_OGIP_RATE43_OVERLAP_V1,PCA_OGIP_RATE43_OVERLAP_V1,data/raw/rxte/90011-01-01-13/acquisition.json,verified,recorded count/s/selected PCU/output bin,recorded count/s/selected PCU/output bin,Propagated archive statistical covariance; calibration/background systematics excluded,no artificial replacements,,9a3bdf1088b06767bd89048d0cfc20557b49265f20d59c24e010175078df3793,,data/provenance/rxte_processing/90011-01-01-13.json,ccb3cf6bd28c1adff56b4b605f80c45ab8f8a9f6b5504a071344f45aea478463
90017-01-07-00,90017-01-07-00,90017-01-07-00,aql_x_1,verified,https://heasarc.gsfc.nasa.gov/FTP/xte/data/archive/AO9/P90017/90017-01-07-00/stdprod/xp90017010700_s2.pha.gz,/Users/youhanwanigasuriya/Documents/New project/bh_ns_source_generalization/data/raw/rxte/90017-01-07-00/source-701a5ee54c8b.bin,701a5ee54c8b02d03b236d0b10138c2988eb58c9ec4061d5ca53ee7de466b9bd,data/processed/native/90017-01-07-00.npz,659402e6e1848369116305878681bf4ee260d2e3427fa23a09d590ff664e6eb5,2026-09-22T10:56:09.178705+00:00,PCA_OGIP_RATE43_OVERLAP_V1,PCA_OGIP_RATE43_OVERLAP_V1,data/raw/rxte/90017-01-07-00/acquisition.json,verified,recorded count/s/selected PCU/output bin,recorded count/s/selected PCU/output bin,Propagated archive statistical covariance; calibration/background systematics excluded,no artificial replacements,,105c997e0389b915ecd97e7ac1a2c01225a909d91c0db4c99f320b9ad47dd7f0,,data/provenance/rxte_processing/90017-01-07-00.json,197b33fb2836870320fd5092c4d336e2a197782a16eb2577dccfeab0f2e4d0f2
90019-01-02-00,90019-01-02-00,90019-01-02-00,gx_339_4,verified,https://heasarc.gsfc.nasa.gov/FTP/xte/data/archive/AO9/P90019/90019-01-02-00/stdprod/xp90019010200_s2.pha.gz,/Users/youhanwanigasuriya/Documents/New project/bh_ns_source_generalization/data/raw/rxte/90019-01-02-00/source-7a6d67ad3c30.bin,7a6d67ad3c30ba4357f90e98328d983ae024d594b30a2cbbb5f446b8ee98dc21,data/processed/native/90019-01-02-00.npz,0bc4502943d1a7706203ae90732e3765c29f6673a6bd61ec2b577c68eb26cef8,2026-09-22T11:12:10.856810+00:00,PCA_OGIP_RATE43_OVERLAP_V1,PCA_OGIP_RATE43_OVERLAP_V1,data/raw/rxte/90019-01-02-00/acquisition.json,verified,recorded count/s/selected PCU/output bin,recorded count/s/selected PCU/output bin,Propagated archive statistical covariance; calibration/background systematics excluded,no artificial replacements,,c6baa10b2f51d39af51d4f2b7bae2e115fb9e5a6ab8327e16e194ad357a5c352,,data/provenance/rxte_processing/90019-01-02-00.json,fde02c53ab81ded15d941b1fa2bfb99d4de8f21fb622d6da6b965755691dedec
90030-01-03-10,90030-01-03-10,90030-01-03-10,cyg_x_2,verified,https://heasarc.gsfc.nasa.gov/FTP/xte/data/archive/AO9/P90030/90030-01-03-10/stdprod/xp90030010310_s2.pha.gz,/Users/youhanwanigasuriya/Documents/New project/bh_ns_source_generalization/data/raw/rxte/90030-01-03-10/source-ff0f8a2f02ad.bin,ff0f8a2f02adef0f8bda6d298dd517e6d0ed8f7e4d74570c2a34d71d4765aeb6,data/processed/native/90030-01-03-10.npz,b27e6933f5b29fff599d60e6e7b43bee66a463300627a64075d07d6060576a58,2026-09-22T11:11:21.227355+00:00,PCA_OGIP_RATE43_OVERLAP_V1,PCA_OGIP_RATE43_OVERLAP_V1,data/raw/rxte/90030-01-03-10/acquisition.json,verified,recorded count/s/selected PCU/output bin,recorded count/s/selected PCU/output bin,Propagated archive statistical covariance; calibration/background systematics excluded,no artificial replacements,,2832cf047798ff3d6d57d85966e93120638c7cc9d17e8b8145ffb93af0e16d76,,data/provenance/rxte_processing/90030-01-03-10.json,e5c1e35fbf150650d1322cc1feb87e92906c7b75216721f05ec1badcd6bad7be
90030-01-08-00,90030-01-08-00,90030-01-08-00,cyg_x_2,verified,https://heasarc.gsfc.nasa.gov/FTP/xte/data/archive/AO9/P90030/90030-01-08-00/stdprod/xp90030010800_s2.pha.gz,/Users/youhanwanigasuriya/Documents/New project/bh_ns_source_generalization/data/raw/rxte/90030-01-08-00/source-73c2bb462a2d.bin,73c2bb462a2d35a623c0a7f2ddb7ef6a010d9657abfb9889fa0e3b253894f85b,data/processed/native/90030-01-08-00.npz,dd44ec2215473e869809f41b7574101b2f6e271efc6ca180cf93e79fe86c3201,2026-09-22T11:10:59.391042+00:00,PCA_OGIP_RATE43_OVERLAP_V1,PCA_OGIP_RATE43_OVERLAP_V1,data/raw/rxte/90030-01-08-00/acquisition.json,verified,recorded count/s/selected PCU/output bin,recorded count/s/selected PCU/output bin,Propagated archive statistical covariance; calibration/background systematics excluded,no artificial replacements,,a59ffe8573185e506a326e37ada8c1e1a5c766760bc95409ae581a3e1e64551a,,data/provenance/rxte_processing/90030-01-08-00.json,b8a2b934e18644664c0bb597bf88f6cb08659fbd795f37470b360ffca27ac593
90030-01-24-00,90030-01-24-00,90030-01-24-00,cyg_x_2,verified,https://heasarc.gsfc.nasa.gov/FTP/xte/data/archive/AO9/P90030/90030-01-24-00/stdprod/xp90030012400_s2.pha.gz,/Users/youhanwanigasuriya/Documents/New project/bh_ns_source_generalization/data/raw/rxte/90030-01-24-00/source-d5f666e5bb66.bin,d5f666e5bb66cfe975d482f5cd103031f2239e3134a22020da8d4f1aa93aebf9,data/processed/native/90030-01-24-00.npz,6c8415d35c6fe689a2225ad1ccd0c1b32279ef92c253be3fc64af34bf0ccbdea,2026-09-22T11:11:00.253071+00:00,PCA_OGIP_RATE43_OVERLAP_V1,PCA_OGIP_RATE43_OVERLAP_V1,data/raw/rxte/90030-01-24-00/acquisition.json,verified,recorded count/s/selected PCU/output bin,recorded count/s/selected PCU/output bin,Propagated archive statistical covariance; calibration/background systematics excluded,no artificial replacements,,8844663e85f1740576a8bcb1d0cf3afef7491adea877e3da0b146af07e579deb,,data/provenance/rxte_processing/90030-01-24-00.json,48068a1d1820947661163ad7ccc0f1f8de8d7834c92b1715b21709af63c6b8b6
90030-01-41-00,90030-01-41-00,90030-01-41-00,cyg_x_2,verified,https://heasarc.gsfc.nasa.gov/FTP/xte/data/archive/AO9/P90030/90030-01-41-00/stdprod/xp90030014100_s2.pha.gz,/Users/youhanwanigasuriya/Documents/New project/bh_ns_source_generalization/data/raw/rxte/90030-01-41-00/source-0263b36dbb30.bin,0263b36dbb309beb1ba329289d2b3a51e375e8316e485367cc4ec013c0b83fe6,data/processed/native/90030-01-41-00.npz,7516f8f43fbc7d4051e8507b2434bbb1c79d57f8a03d8a358f01fc48036d3cef,2026-09-22T11:11:00.792565+00:00,PCA_OGIP_RATE43_OVERLAP_V1,PCA_OGIP_RATE43_OVERLAP_V1,data/raw/rxte/90030-01-41-00/acquisition.json,verified,recorded count/s/selected PCU/output bin,recorded count/s/selected PCU/output bin,Propagated archive statistical covariance; calibration/background systematics excluded,no artificial replacements,,187e0bc01cc9c6636f5addacc821662889fbaa30a8147e0fc4aa42b60a6801ec,,data/provenance/rxte_processing/90030-01-41-00.json,e9f42560289a71af225608bd58ead38ce9092c2f83a2633e9927b245c8c34543
90030-01-53-00,90030-01-53-00,90030-01-53-00,cyg_x_2,verified,https://heasarc.gsfc.nasa.gov/FTP/xte/data/archive/AO9/P90030/90030-01-53-00/stdprod/xp90030015300_s2.pha.gz,/Users/youhanwanigasuriya/Documents/New project/bh_ns_source_generalization/data/raw/rxte/90030-01-53-00/source-b9f45613d7f3.bin,b9f45613d7f32d9b1c99f40113fceb70b6dc2347b584a1b69a1690d36926d485,data/processed/native/90030-01-53-00.npz,77a82e4fbc8c891dc0af9d9274ff5e8b054695cb267b55f8be1cef26b128931e,2026-09-22T11:11:03.402313+00:00,PCA_OGIP_RATE43_OVERLAP_V1,PCA_OGIP_RATE43_OVERLAP_V1,data/raw/rxte/90030-01-53-00/acquisition.json,verified,recorded count/s/selected PCU/output bin,recorded count/s/selected PCU/output bin,Propagated archive statistical covariance; calibration/background systematics excluded,no artificial replacements,,e0d6512db66b6741187e6d1cb556e5a898093663819c7cd0f33b91a1a469cbc5,,data/provenance/rxte_processing/90030-01-53-00.json,9f94a2129038996ad03bb995f6ac0d8eebe39e55035b07ed1d164b73e0b7de48
90030-01-67-00,90030-01-67-00,90030-01-67-00,cyg_x_2,verified,https://heasarc.gsfc.nasa.gov/FTP/xte/data/archive/AO9/P90030/90030-01-67-00/stdprod/xp90030016700_s2.pha.gz,/Users/youhanwanigasuriya/Documents/New project/bh_ns_source_generalization/data/raw/rxte/90030-01-67-00/source-dbbd4d7d6762.bin,dbbd4d7d676298b7828f5c3416e2804314f9a2001840c7c9b4e17f05859ec34d,data/processed/native/90030-01-67-00.npz,75e4a72cf2c38930a176fe2eb403d0d2f54429912b39f59be0ef44a170a5b043,2026-09-22T11:11:05.065171+00:00,PCA_OGIP_RATE43_OVERLAP_V1,PCA_OGIP_RATE43_OVERLAP_V1,data/raw/rxte/90030-01-67-00/acquisition.json,verified,recorded count/s/selected PCU/output bin,recorded count/s/selected PCU/output bin,Propagated archive statistical covariance; calibration/background systematics excluded,no artificial replacements,,504676b90d8f342527f12fbe9ae5c08fea2f8c76ba4c1f7fb5dadefb6c43f9ca,,data/provenance/rxte_processing/90030-01-67-00.json,2824d1ee3affc8f02ef3b63c4746b7a96995522d8d7865be34d96e7c4b560d9f
90030-01-81-00,90030-01-81-00,90030-01-81-00,cyg_x_2,verified,https://heasarc.gsfc.nasa.gov/FTP/xte/data/archive/AO9/P90030/90030-01-81-00/stdprod/xp90030018100_s2.pha.gz,/Users/youhanwanigasuriya/Documents/New project/bh_ns_source_generalization/data/raw/rxte/90030-01-81-00/source-99b0ce8ef3b1.bin,99b0ce8ef3b17fe4fd30d7222154b506acb629c9e804da8adba6254e621db9cd,data/processed/native/90030-01-81-00.npz,514bb294a73806712ae1e34ea37af1f429cdfc6d4f43fa33692785002dd54afb,2026-09-22T11:11:11.064418+00:00,PCA_OGIP_RATE43_OVERLAP_V1,PCA_OGIP_RATE43_OVERLAP_V1,data/raw/rxte/90030-01-81-00/acquisition.json,verified,recorded count/s/selected PCU/output bin,recorded count/s/selected PCU/output bin,Propagated archive statistical covariance; calibration/background systematics excluded,no artificial replacements,,de4601245a7d981dd58a85ec40bf7ede8e3ff31fc39045f08717f509f4eeda51,,data/provenance/rxte_processing/90030-01-81-00.json,135842ab62929c5c33541fec6180f473b3e5fd62609ef3253ac5172ee6c49f12
90030-01-95-00,90030-01-95-00,90030-01-95-00,cyg_x_2,verified,https://heasarc.gsfc.nasa.gov/FTP/xte/data/archive/AO9/P90030/90030-01-95-00/stdprod/xp90030019500_s2.pha.gz,/Users/youhanwanigasuriya/Documents/New project/bh_ns_source_generalization/data/raw/rxte/90030-01-95-00/source-a9508e7b1374.bin,a9508e7b1374eb5b39f55e35866b466480d6e286d5cd87a405cc382742489cff,data/processed/native/90030-01-95-00.npz,55b3938703ab1d55778cbdc6f1a7f6faea6099f274d032849138fd4ef78ae573,2026-09-22T11:11:13.365945+00:00,PCA_OGIP_RATE43_OVERLAP_V1,PCA_OGIP_RATE43_OVERLAP_V1,data/raw/rxte/90030-01-95-00/acquisition.json,verified,recorded count/s/selected PCU/output bin,recorded count/s/selected PCU/output bin,Propagated archive statistical covariance; calibration/background systematics excluded,no artificial replacements,,e1caba1775da58e5961532042d224b3d8a8512cfae2a294e5d96e007206ce70b,,data/provenance/rxte_processing/90030-01-95-00.json,15d3fd6c5e356edb3796ea597375068cc53f5baa4df7afb751353434642abd64
90036-01-01-00,90036-01-01-00,90036-01-01-00,4u_1254_69,verified,https://heasarc.gsfc.nasa.gov/FTP/xte/data/archive/AO9/P90036/90036-01-01-00/stdprod/xp90036010100_s2.pha.gz,/Users/youhanwanigasuriya/Documents/New project/bh_ns_source_generalization/data/raw/rxte/90036-01-01-00/source-c41edb246851.bin,c41edb24685139b88c30c8a16a778ac100ae23cec29909fb0fe4aeec6c45b917,data/processed/native/90036-01-01-00.npz,e7b761981afe8ebca11dffb815ca3cd22ac7ecc70683d56c8827db5a3893fcc7,2026-09-22T11:03:15.210423+00:00,PCA_OGIP_RATE43_OVERLAP_V1,PCA_OGIP_RATE43_OVERLAP_V1,data/raw/rxte/90036-01-01-00/acquisition.json,verified,recorded count/s/selected PCU/output bin,recorded count/s/selected PCU/output bin,Propagated archive statistical covariance; calibration/background systematics excluded,no artificial replacements,,23b861aa9e7858812f31a5a18aa33b937ac3d0c7bd10c3c934d4099dcfaf92b4,,data/provenance/rxte_processing/90036-01-01-00.json,dc91a77fce151a99903df002844e20c069dbc86f402743dd583bfb5bf107f203
90036-01-01-01,90036-01-01-01,90036-01-01-01,4u_1254_69,verified,https://heasarc.gsfc.nasa.gov/FTP/xte/data/archive/AO9/P90036/90036-01-01-01/stdprod/xp90036010101_s2.pha.gz,/Users/youhanwanigasuriya/Documents/New project/bh_ns_source_generalization/data/raw/rxte/90036-01-01-01/source-8b73225a245a.bin,8b73225a245ac9c16b9ace1ae24671e2f3b0691d8a234fba125d72bebd33af24,data/processed/native/90036-01-01-01.npz,98c7e381ae4e1c69277c98c9936a38eb3038e3ba8cfd908d91e3b239487b985e,2026-09-22T10:55:16.801655+00:00,PCA_OGIP_RATE43_OVERLAP_V1,PCA_OGIP_RATE43_OVERLAP_V1,data/raw/rxte/90036-01-01-01/acquisition.json,verified,recorded count/s/selected PCU/output bin,recorded count/s/selected PCU/output bin,Propagated archive statistical covariance; calibration/background systematics excluded,no artificial replacements,,23b861aa9e7858812f31a5a18aa33b937ac3d0c7bd10c3c934d4099dcfaf92b4,,data/provenance/rxte_processing/90036-01-01-01.json,8ed759153401c7ab0997830c261ffaf3efa6bdfe88de3c4103c87ac758424da2
90036-01-01-02,90036-01-01-02,90036-01-01-02,4u_1254_69,verified,https://heasarc.gsfc.nasa.gov/FTP/xte/data/archive/AO9/P90036/90036-01-01-02/stdprod/xp90036010102_s2.pha.gz,/Users/youhanwanigasuriya/Documents/New project/bh_ns_source_generalization/data/raw/rxte/90036-01-01-02/source-506ea893dbbf.bin,506ea893dbbf8298ba49629352e8e6913493c40910541b341977c82a27369f71,data/processed/native/90036-01-01-02.npz,6dd2b784a0f67fc9c893de6314f0fe2ea261475aed0d0fbdc42840028f32c5be,2026-09-22T11:03:14.805924+00:00,PCA_OGIP_RATE43_OVERLAP_V1,PCA_OGIP_RATE43_OVERLAP_V1,data/raw/rxte/90036-01-01-02/acquisition.json,verified,recorded count/s/selected PCU/output bin,recorded count/s/selected PCU/output bin,Propagated archive statistical covariance; calibration/background systematics excluded,no artificial replacements,,23b861aa9e7858812f31a5a18aa33b937ac3d0c7bd10c3c934d4099dcfaf92b4,,data/provenance/rxte_processing/90036-01-01-02.json,780a9a19c0c42e736e4c899d7a3a3c5eb9c250e608511ec70a1b1fceae385ecd
90036-01-01-03,90036-01-01-03,90036-01-01-03,4u_1254_69,verified,https://heasarc.gsfc.nasa.gov/FTP/xte/data/archive/AO9/P90036/90036-01-01-03/stdprod/xp90036010103_s2.pha.gz,/Users/youhanwanigasuriya/Documents/New project/bh_ns_source_generalization/data/raw/rxte/90036-01-01-03/source-a462192616c3.bin,a462192616c3e3421780e135116662c1bbb87b5999654ef7eb9ccb9f8f27c23f,data/processed/native/90036-01-01-03.npz,a8a9a23f87d5b2451101799d8b57c7cf765d8b75364afbc2effcb7f42a6a69a5,2026-09-22T11:03:17.354669+00:00,PCA_OGIP_RATE43_OVERLAP_V1,PCA_OGIP_RATE43_OVERLAP_V1,data/raw/rxte/90036-01-01-03/acquisition.json,verified,recorded count/s/selected PCU/output bin,recorded count/s/selected PCU/output bin,Propagated archive statistical covariance; calibration/background systematics excluded,no artificial replacements,,e0913bb79b462fd2fa37716ba09b1dc5c2926fde65b81aea84a3850b72adc573,,data/provenance/rxte_processing/90036-01-01-03.json,730bbf92b68cd61f22cf99ae224e38b9b207c893584ec0d5f60b4067ee9168c2
90036-01-02-00,90036-01-02-00,90036-01-02-00,4u_1254_69,verified,https://heasarc.gsfc.nasa.gov/FTP/xte/data/archive/AO9/P90036/90036-01-02-00/stdprod/xp90036010200_s2.pha.gz,/Users/youhanwanigasuriya/Documents/New project/bh_ns_source_generalization/data/raw/rxte/90036-01-02-00/source-dacd50142300.bin,dacd501423001a5536b2bd268d337f63c7eaeb994f75f43dcd895b40522c946b,data/processed/native/90036-01-02-00.npz,c055093d27e06f38ad6ceedd9a27ea6dd015b44a3e9cb4a42a2592ba33305378,2026-09-22T10:55:16.897111+00:00,PCA_OGIP_RATE43_OVERLAP_V1,PCA_OGIP_RATE43_OVERLAP_V1,data/raw/rxte/90036-01-02-00/acquisition.json,verified,recorded count/s/selected PCU/output bin,recorded count/s/selected PCU/output bin,Propagated archive statistical covariance; calibration/background systematics excluded,no artificial replacements,,2a35f645051d2a76b3abcf595bb4f4499169d8123ebb0b1b2747c9e78dfc0083,,data/provenance/rxte_processing/90036-01-02-00.json,1d7a1761e37ccbc651680d761f141e8f32f7e902d97ff6c2b9d1a56217f794a1
90036-01-02-01,90036-01-02-01,90036-01-02-01,4u_1254_69,verified,https://heasarc.gsfc.nasa.gov/FTP/xte/data/archive/AO9/P90036/90036-01-02-01/stdprod/xp90036010201_s2.pha.gz,/Users/youhanwanigasuriya/Documents/New project/bh_ns_source_generalization/data/raw/rxte/90036-01-02-01/source-2631321cc971.bin,2631321cc971f80c1c79c23c3347093e194466d0686c819fec5da203570f422d,data/processed/native/90036-01-02-01.npz,5ae8a878f102b0c84e472ef1b8d6006e02dcd39a064d1b79957ad5115c36ed1f,2026-09-22T11:03:19.143854+00:00,PCA_OGIP_RATE43_OVERLAP_V1,PCA_OGIP_RATE43_OVERLAP_V1,data/raw/rxte/90036-01-02-01/acquisition.json,verified,recorded count/s/selected PCU/output bin,recorded count/s/selected PCU/output bin,Propagated archive statistical covariance; calibration/background systematics excluded,no artificial replacements,,2a35f645051d2a76b3abcf595bb4f4499169d8123ebb0b1b2747c9e78dfc0083,,data/provenance/rxte_processing/90036-01-02-01.json,e31d924135603799bb9ccc578c565ebe9ed3fecc3a975c620ac3ba6ca30795f6
90044-01-01-00,90044-01-01-00,90044-01-01-00,4u_1746_37,verified,https://heasarc.gsfc.nasa.gov/FTP/xte/data/archive/AO9/P90044/90044-01-01-00/stdprod/xp90044010100_s2.pha.gz,/Users/youhanwanigasuriya/Documents/New project/bh_ns_source_generalization/data/raw/rxte/90044-01-01-00/source-8654d86634fb.bin,8654d86634fb1b426b16f07ef12b34d18fd3e44231fa179870c72cf9b21a61e3,data/processed/native/90044-01-01-00.npz,dce37ebf781b159aa09c4213c25d77a1eeae9d671f0de7b326b5c9fc1c18acd2,2026-09-22T11:09:34.155260+00:00,PCA_OGIP_RATE43_OVERLAP_V1,PCA_OGIP_RATE43_OVERLAP_V1,data/raw/rxte/90044-01-01-00/acquisition.json,verified,recorded count/s/selected PCU/output bin,recorded count/s/selected PCU/output bin,Propagated archive statistical covariance; calibration/background systematics excluded,no artificial replacements,,bf9bf919fc8b85000b545ed663ca183a216300bfe52bc4b6b8bc94e6052f2529,,data/provenance/rxte_processing/90044-01-01-00.json,5e8c8bcbfa3945b3437e841ced08e1c7ac72584cee805ede36d79ccfca52ef4d
90044-01-01-01,90044-01-01-01,90044-01-01-01,4u_1746_37,verified,https://heasarc.gsfc.nasa.gov/FTP/xte/data/archive/AO9/P90044/90044-01-01-01/stdprod/xp90044010101_s2.pha.gz,/Users/youhanwanigasuriya/Documents/New project/bh_ns_source_generalization/data/raw/rxte/90044-01-01-01/source-3b8dbef0f977.bin,3b8dbef0f9775ed36499ef43c050a1f24442acdd3e7ce2855f3baf5e5ce4ed97,data/processed/native/90044-01-01-01.npz,7168ac91cf065ea82f00ecbf85f085a4f343d3b5c39d048f884f9c3431a91a3f,2026-09-22T11:09:34.004147+00:00,PCA_OGIP_RATE43_OVERLAP_V1,PCA_OGIP_RATE43_OVERLAP_V1,data/raw/rxte/90044-01-01-01/acquisition.json,verified,recorded count/s/selected PCU/output bin,recorded count/s/selected PCU/output bin,Propagated archive statistical covariance; calibration/background systematics excluded,no artificial replacements,,bf9bf919fc8b85000b545ed663ca183a216300bfe52bc4b6b8bc94e6052f2529,,data/provenance/rxte_processing/90044-01-01-01.json,5082cb5dac2d5350267434b5fc02afc455e5c704ca904586aaa56b2f2a582fd3
90044-01-02-00,90044-01-02-00,90044-01-02-00,4u_1746_37,verified,https://heasarc.gsfc.nasa.gov/FTP/xte/data/archive/AO9/P90044/90044-01-02-00/stdprod/xp90044010200_s2.pha.gz,/Users/youhanwanigasuriya/Documents/New project/bh_ns_source_generalization/data/raw/rxte/90044-01-02-00/source-2035d7dab436.bin,2035d7dab436d679ccfdf361ca2a47419ac77de575069a0407fd7134072b8469,data/processed/native/90044-01-02-00.npz,c62cd570c35617bfe27d2f44f7ba8009ff93fdda1a0ace2e30878d3f1668dd85,2026-09-22T11:09:35.359146+00:00,PCA_OGIP_RATE43_OVERLAP_V1,PCA_OGIP_RATE43_OVERLAP_V1,data/raw/rxte/90044-01-02-00/acquisition.json,verified,recorded count/s/selected PCU/output bin,recorded count/s/selected PCU/output bin,Propagated archive statistical covariance; calibration/background systematics excluded,no artificial replacements,,25e841f4c21e23a1703c37bcbf7a9442e73a5d056ab485d12c00f23032c73b26,,data/provenance/rxte_processing/90044-01-02-00.json,eec685c880f9e41ab3ec27bb859b1130e9ce03844817cda3d5af2971c8b49752
90044-01-02-01,90044-01-02-01,90044-01-02-01,4u_1746_37,verified,https://heasarc.gsfc.nasa.gov/FTP/xte/data/archive/AO9/P90044/90044-01-02-01/stdprod/xp90044010201_s2.pha.gz,/Users/youhanwanigasuriya/Documents/New project/bh_ns_source_generalization/data/raw/rxte/90044-01-02-01/source-4498e631ff91.bin,4498e631ff911dfec7d09dccdb9d6184770bd2d60f05d9485260f539b51ae19a,data/processed/native/90044-01-02-01.npz,1b6ca0e2c2d363a35703e864029f5a676ce891c551757bf84d8cfdd65e0e3f13,2026-09-22T11:09:35.556506+00:00,PCA_OGIP_RATE43_OVERLAP_V1,PCA_OGIP_RATE43_OVERLAP_V1,data/raw/rxte/90044-01-02-01/acquisition.json,verified,recorded count/s/selected PCU/output bin,recorded count/s/selected PCU/output bin,Propagated archive statistical covariance; calibration/background systematics excluded,no artificial replacements,,25e841f4c21e23a1703c37bcbf7a9442e73a5d056ab485d12c00f23032c73b26,,data/provenance/rxte_processing/90044-01-02-01.json,81ccbf21be4a5c29aab84b7bfd5f2dfb90b9239a46a02e8fed7dac828ba83500
90044-01-03-00,90044-01-03-00,90044-01-03-00,4u_1746_37,verified,https://heasarc.gsfc.nasa.gov/FTP/xte/data/archive/AO9/P90044/90044-01-03-00/stdprod/xp90044010300_s2.pha.gz,/Users/youhanwanigasuriya/Documents/New project/bh_ns_source_generalization/data/raw/rxte/90044-01-03-00/source-227049fd0048.bin,227049fd00487718ae85ac5437eb9f9de70c538cfb04ba00243a89f1a4767035,data/processed/native/90044-01-03-00.npz,b7d47017de3bb883e89dbea0d52f922c2d55a412955b99107d6cf1fcc382dffb,2026-09-22T11:09:37.862263+00:00,PCA_OGIP_RATE43_OVERLAP_V1,PCA_OGIP_RATE43_OVERLAP_V1,data/raw/rxte/90044-01-03-00/acquisition.json,verified,recorded count/s/selected PCU/output bin,recorded count/s/selected PCU/output bin,Propagated archive statistical covariance; calibration/background systematics excluded,no artificial replacements,,628d9ad54c51763bc5ae12591424300dd401f41038d8baa2aea4eb7f27d32ac9,,data/provenance/rxte_processing/90044-01-03-00.json,e5f5817e3d2f5a2a1c1b7bc2c5febafac4a3b81172cea9e6cdc15a1da7790773
90044-01-04-00,90044-01-04-00,90044-01-04-00,4u_1746_37,verified,https://heasarc.gsfc.nasa.gov/FTP/xte/data/archive/AO9/P90044/90044-01-04-00/stdprod/xp90044010400_s2.pha.gz,/Users/youhanwanigasuriya/Documents/New project/bh_ns_source_generalization/data/raw/rxte/90044-01-04-00/source-fb11035b7d7e.bin,fb11035b7d7e48128636968cb76bfc1f25c0edd0694df3bf2fcea93823a18d5f,data/processed/native/90044-01-04-00.npz,a5e2fb71c85778649d2173782ab779985f431928da3ef7913543d45dddaaf1dd,2026-09-22T11:09:43.008431+00:00,PCA_OGIP_RATE43_OVERLAP_V1,PCA_OGIP_RATE43_OVERLAP_V1,data/raw/rxte/90044-01-04-00/acquisition.json,verified,recorded count/s/selected PCU/output bin,recorded count/s/selected PCU/output bin,Propagated archive statistical covariance; calibration/background systematics excluded,no artificial replacements,,d0cb684e2f4e42b8734f2687c08bc78e82948142d82aca8c88ef259a76d17755,,data/provenance/rxte_processing/90044-01-04-00.json,f5e8c66b549cc2c3007059c1c00d1b91d8db848b5679eb9b4a1492d7bfeb5aed
90052-03-01-00,90052-03-01-00,90052-03-01-00,igr_j00291_5934,verified,https://heasarc.gsfc.nasa.gov/FTP/xte/data/archive/AO9/P90052/90052-03-01-00/stdprod/xp90052030100_s2.pha.gz,/Users/youhanwanigasuriya/Documents/New project/bh_ns_source_generalization/data/raw/rxte/90052-03-01-00/source-a7f72235c296.bin,a7f72235c2962d7e9d5ec7181ad86e5565e349ad7a8cd1f62b91285539af916d,data/processed/native/90052-03-01-00.npz,c183ab3e39390901043dcf0b4d412ca8a5dde0264bacab81a68d1c6e6d7b456b,2026-09-22T10:56:28.354261+00:00,PCA_OGIP_RATE43_OVERLAP_V1,PCA_OGIP_RATE43_OVERLAP_V1,data/raw/rxte/90052-03-01-00/acquisition.json,verified,recorded count/s/selected PCU/output bin,recorded count/s/selected PCU/output bin,Propagated archive statistical covariance; calibration/background systematics excluded,no artificial replacements,,5de454a7439a567bb7b72669aa263583f0bfc371dd0e76d0e436169779a85582,,data/provenance/rxte_processing/90052-03-01-00.json,5b1eff205f0a77c8777332bdd8c26bf3f8ebe45723ec07f973ede297f7696294
90058-04-02-00,90058-04-02-00,90058-04-02-00,1a_1744_361,verified,https://heasarc.gsfc.nasa.gov/FTP/xte/data/archive/AO9/P90058/90058-04-02-00/stdprod/xp90058040200_s2.pha.gz,/Users/youhanwanigasuriya/Documents/New project/bh_ns_source_generalization/data/raw/rxte/90058-04-02-00/source-c28b07fec08c.bin,c28b07fec08c3847a7958c650da46a110074bd793b730e6705a782885e1a8a76,data/processed/native/90058-04-02-00.npz,0a538ccc8fd4e4eb56c3ecacd0bc9472cc0bb84d27516d64b5f23eaffe099479,2026-09-22T11:01:42.053641+00:00,PCA_OGIP_RATE43_OVERLAP_V1,PCA_OGIP_RATE43_OVERLAP_V1,data/raw/rxte/90058-04-02-00/acquisition.json,verified,recorded count/s/selected PCU/output bin,recorded count/s/selected PCU/output bin,Propagated archive statistical covariance; calibration/background systematics excluded,no artificial replacements,,88df4f0fbb88539965e92db88847f14d11cbce317e89939a183e81156f2ad139,,data/provenance/rxte_processing/90058-04-02-00.json,16869014507f433f27cbb23614c45409bc1870a6d057127efcfae881c6ccf844
90058-05-01-02,90058-05-01-02,90058-05-01-02,slx_1735_269,verified,https://heasarc.gsfc.nasa.gov/FTP/xte/data/archive/AO9/P90058/90058-05-01-02/stdprod/xp90058050102_s2.pha.gz,/Users/youhanwanigasuriya/Documents/New project/bh_ns_source_generalization/data/raw/rxte/90058-05-01-02/source-fe1da688cacf.bin,fe1da688cacf98a4752aba7116e6d60c136d7bbe2fa7e6369a296be3a569fab2,data/processed/native/90058-05-01-02.npz,f6ce9629c54b888f9cb6e382eddb1d1ccc814d4b87e0981438435e0ca6abc59d,2026-09-22T11:20:42.282692+00:00,PCA_OGIP_RATE43_OVERLAP_V1,PCA_OGIP_RATE43_OVERLAP_V1,data/raw/rxte/90058-05-01-02/acquisition.json,verified,recorded count/s/selected PCU/output bin,recorded count/s/selected PCU/output bin,Propagated archive statistical covariance; calibration/background systematics excluded,no artificial replacements,,4014bacd4acef98568fe766df31b62c4699b98abecf67071e3d3f18c7f70fd10,,data/provenance/rxte_processing/90058-05-01-02.json,24264ac515bd748ae2c86e4a430b6a7a028db8f07115b766c8d195bd190983b9
90058-05-01-04,90058-05-01-04,90058-05-01-04,slx_1735_269,verified,https://heasarc.gsfc.nasa.gov/FTP/xte/data/archive/AO9/P90058/90058-05-01-04/stdprod/xp90058050104_s2.pha.gz,/Users/youhanwanigasuriya/Documents/New project/bh_ns_source_generalization/data/raw/rxte/90058-05-01-04/source-73b3212891b3.bin,73b3212891b3549e2b79eda82cc2ea2d88a7560f82c0f2d554d2feef34782ae8,data/processed/native/90058-05-01-04.npz,364d42d70918706f942e7049db66a3e4206343829472fd2ae5d8718ab0031de5,2026-09-22T11:20:45.291900+00:00,PCA_OGIP_RATE43_OVERLAP_V1,PCA_OGIP_RATE43_OVERLAP_V1,data/raw/rxte/90058-05-01-04/acquisition.json,verified,recorded count/s/selected PCU/output bin,recorded count/s/selected PCU/output bin,Propagated archive statistical covariance; calibration/background systematics excluded,no artificial replacements,,0643468bdb603e27e16c79c4bfe75470779b596c5f0be85aa5d37b475f59fc59,,data/provenance/rxte_processing/90058-05-01-04.json,512ef17c0d45b19dc65e15fe0c0c2e9624061ae66af4e54594f293d13daeac6a
90107-01-01-00,90107-01-01-00,90107-01-01-00,v4641_sgr,verified,https://heasarc.gsfc.nasa.gov/FTP/xte/data/archive/AO9/P90107/90107-01-01-00/stdprod/xp90107010100_s2.pha.gz,/Users/youhanwanigasuriya/Documents/New project/bh_ns_source_generalization/data/raw/rxte/90107-01-01-00/source-64f39ba6405d.bin,64f39ba6405d358ef4c328e6babc5840c855029c27458d00fac324126e0f8026,data/processed/native/90107-01-01-00.npz,4a27063cfb27eb34e625a882c05b48454c7dba5c23d648ed451932c74c70f532,2026-09-22T11:21:55.714147+00:00,PCA_OGIP_RATE43_OVERLAP_V1,PCA_OGIP_RATE43_OVERLAP_V1,data/raw/rxte/90107-01-01-00/acquisition.json,verified,recorded count/s/selected PCU/output bin,recorded count/s/selected PCU/output bin,Propagated archive statistical covariance; calibration/background systematics excluded,no artificial replacements,,dfb719991e886e42e9e1633bc37f899118ab65a344382491d2d3ab15e79f0da7,,data/provenance/rxte_processing/90107-01-01-00.json,51fcbe3bc3fd880dec1a9c08bf8e903f49e723bbdfe7eb79dfd90f9de3faa6a3
90107-01-01-01,90107-01-01-01,90107-01-01-01,v4641_sgr,verified,https://heasarc.gsfc.nasa.gov/FTP/xte/data/archive/AO9/P90107/90107-01-01-01/stdprod/xp90107010101_s2.pha.gz,/Users/youhanwanigasuriya/Documents/New project/bh_ns_source_generalization/data/raw/rxte/90107-01-01-01/source-195c6d9df3d8.bin,195c6d9df3d8d6c1f048ca8f3b224ee58d0bfffefbba013701d751f61187c3f9,data/processed/native/90107-01-01-01.npz,35689e2a533eddee715c8a4b20a1224b6d907b143c17de8266a3da95902bb900,2026-09-22T11:21:56.951414+00:00,PCA_OGIP_RATE43_OVERLAP_V1,PCA_OGIP_RATE43_OVERLAP_V1,data/raw/rxte/90107-01-01-01/acquisition.json,verified,recorded count/s/selected PCU/output bin,recorded count/s/selected PCU/output bin,Propagated archive statistical covariance; calibration/background systematics excluded,no artificial replacements,,bacc3211596d83cd3a55a166bc8fca32896ad21c79b86c64b7e662f556a34710,,data/provenance/rxte_processing/90107-01-01-01.json,c87465cec3c71d2b5fca857b8d1082bc994b94cb2f30596a70403c69e6d93b96
90107-01-02-01,90107-01-02-01,90107-01-02-01,v4641_sgr,verified,https://heasarc.gsfc.nasa.gov/FTP/xte/data/archive/AO9/P90107/90107-01-02-01/stdprod/xp90107010201_s2.pha.gz,/Users/youhanwanigasuriya/Documents/New project/bh_ns_source_generalization/data/raw/rxte/90107-01-02-01/source-e1cca55ecaf6.bin,e1cca55ecaf675bf37ed0dc1177c1cb0d10d1095d43de8b214d3439eb0023c09,data/processed/native/90107-01-02-01.npz,34fbedc4ae7a981ec60418b57b4783d51e481236939702d28713c8406c852cc9,2026-09-22T11:21:57.031125+00:00,PCA_OGIP_RATE43_OVERLAP_V1,PCA_OGIP_RATE43_OVERLAP_V1,data/raw/rxte/90107-01-02-01/acquisition.json,verified,recorded count/s/selected PCU/output bin,recorded count/s/selected PCU/output bin,Propagated archive statistical covariance; calibration/background systematics excluded,no artificial replacements,,1f569a0ddbe2c189cfcb744e992c397b2b6ee0cfe1ceb9992850e60c8f4e37d8,,data/provenance/rxte_processing/90107-01-02-01.json,857c1510f02ba0870f26ec508d5a6c3221ef814d7b2014b5c66564c246b0499e
90107-01-03-00,90107-01-03-00,90107-01-03-00,v4641_sgr,verified,https://heasarc.gsfc.nasa.gov/FTP/xte/data/archive/AO9/P90107/90107-01-03-00/stdprod/xp90107010300_s2.pha.gz,/Users/youhanwanigasuriya/Documents/New project/bh_ns_source_generalization/data/raw/rxte/90107-01-03-00/source-9890df27e526.bin,9890df27e52637254a4d2214354c19204dec01be4e711baa572e56a9bc2ecd67,data/processed/native/90107-01-03-00.npz,c003a1afa2e1fa1b421f37123a35683106d2fb0d47897071569d3cb164ad945a,2026-09-22T11:21:59.452128+00:00,PCA_OGIP_RATE43_OVERLAP_V1,PCA_OGIP_RATE43_OVERLAP_V1,data/raw/rxte/90107-01-03-00/acquisition.json,verified,recorded count/s/selected PCU/output bin,recorded count/s/selected PCU/output bin,Propagated archive statistical covariance; calibration/background systematics excluded,no artificial replacements,,8e2b1b4fa9782de01042108d93ec8c3a75be05002ab4d366520b1951b95f923d,,data/provenance/rxte_processing/90107-01-03-00.json,9f70613fcae6f499132f1343837e2ed689469516a05a094b12de64a1d7e5a203
90107-01-03-01,90107-01-03-01,90107-01-03-01,v4641_sgr,verified,https://heasarc.gsfc.nasa.gov/FTP/xte/data/archive/AO9/P90107/90107-01-03-01/stdprod/xp90107010301_s2.pha.gz,/Users/youhanwanigasuriya/Documents/New project/bh_ns_source_generalization/data/raw/rxte/90107-01-03-01/source-966d21e19e9c.bin,966d21e19e9c7c9f73546db9b1d14fde79a783fe4c8e5a50a234913b448eb6dd,data/processed/native/90107-01-03-01.npz,d5cab84f5b3babc1b302711d89c96e5970d123f3009e16646004a22a7601192b,2026-09-22T11:21:59.650389+00:00,PCA_OGIP_RATE43_OVERLAP_V1,PCA_OGIP_RATE43_OVERLAP_V1,data/raw/rxte/90107-01-03-01/acquisition.json,verified,recorded count/s/selected PCU/output bin,recorded count/s/selected PCU/output bin,Propagated archive statistical covariance; calibration/background systematics excluded,no artificial replacements,,e8cbddeed3dd0b940eb795f47534025202d2fee67573b8591f663e71990198ac,,data/provenance/rxte_processing/90107-01-03-01.json,8bb5165b1253c2eeb3ac709b482f32602cfa9cbc6729fb92984a226b61e9c3c8
90108-03-01-00,90108-03-01-00,90108-03-01-00,v4641_sgr,verified,https://heasarc.gsfc.nasa.gov/FTP/xte/data/archive/AO9/P90108/90108-03-01-00/stdprod/xp90108030100_s2.pha.gz,/Users/youhanwanigasuriya/Documents/New project/bh_ns_source_generalization/data/raw/rxte/90108-03-01-00/source-c22d23e1458e.bin,c22d23e1458e51b9605a3fdd913c01293eb80cd66b63fac84de6644a6eb1f387,data/processed/native/90108-03-01-00.npz,a6b5226fb94b996a38967355cd96597c92a9bd406a52a7696962f2346056ecb3,2026-09-22T11:21:49.223009+00:00,PCA_OGIP_RATE43_OVERLAP_V1,PCA_OGIP_RATE43_OVERLAP_V1,data/raw/rxte/90108-03-01-00/acquisition.json,verified,recorded count/s/selected PCU/output bin,recorded count/s/selected PCU/output bin,Propagated archive statistical covariance; calibration/background systematics excluded,no artificial replacements,,48a50a01135005d46435d6a71e6e4bae7c3408dc2c059acc9f833cedfd402e19,,data/provenance/rxte_processing/90108-03-01-00.json,0fc44062b90facc0869b4ff707fd3d526333951f00b8f7c4ef855c6d157e44de
90108-03-02-00,90108-03-02-00,90108-03-02-00,v4641_sgr,verified,https://heasarc.gsfc.nasa.gov/FTP/xte/data/archive/AO9/P90108/90108-03-02-00/stdprod/xp90108030200_s2.pha.gz,/Users/youhanwanigasuriya/Documents/New project/bh_ns_source_generalization/data/raw/rxte/90108-03-02-00/source-71de39d9210b.bin,71de39d9210bc2419b6cbf0129a76668b39aaaa80174cd5cf4c33daa36cb03ca,data/processed/native/90108-03-02-00.npz,cb809568922e9995034230bedc93354d127a0586dd1eec56459c4ddc879c1b6b,2026-09-22T11:21:49.577459+00:00,PCA_OGIP_RATE43_OVERLAP_V1,PCA_OGIP_RATE43_OVERLAP_V1,data/raw/rxte/90108-03-02-00/acquisition.json,verified,recorded count/s/selected PCU/output bin,recorded count/s/selected PCU/output bin,Propagated archive statistical covariance; calibration/background systematics excluded,no artificial replacements,,b4005f3e18e25a76c34e6030592ab82d3715add3bdcadc6f2eb2eab291be97ed,,data/provenance/rxte_processing/90108-03-02-00.json,7221f012fe488c846b459a6c46dcef2a49f783d3f6f099c8ade34306394d8fac
90108-03-03-00,90108-03-03-00,90108-03-03-00,v4641_sgr,verified,https://heasarc.gsfc.nasa.gov/FTP/xte/data/archive/AO9/P90108/90108-03-03-00/stdprod/xp90108030300_s2.pha.gz,/Users/youhanwanigasuriya/Documents/New project/bh_ns_source_generalization/data/raw/rxte/90108-03-03-00/source-83ee0bcb2016.bin,83ee0bcb2016bf70a88bbc6918149f6047177c6b7e7d936daecb9771ddddebb3,data/processed/native/90108-03-03-00.npz,6b482f9adf14fed71612a5c6a386c6ccc24c10f827c66cf48e7b72074e780563,2026-09-22T11:21:50.177063+00:00,PCA_OGIP_RATE43_OVERLAP_V1,PCA_OGIP_RATE43_OVERLAP_V1,data/raw/rxte/90108-03-03-00/acquisition.json,verified,recorded count/s/selected PCU/output bin,recorded count/s/selected PCU/output bin,Propagated archive statistical covariance; calibration/background systematics excluded,no artificial replacements,,61886bf4e39791c2d55fc3fbd8636dcef559aff341aab3146ccea0f1693a77e8,,data/provenance/rxte_processing/90108-03-03-00.json,c4dcb028389f5a915afb0c9b026e5eff6b8f61c3dd0a7a3ba0e2fc2941b09bec
90111-01-02-02,90111-01-02-02,90111-01-02-02,xte_j1118_480,verified,https://heasarc.gsfc.nasa.gov/FTP/xte/data/archive/AO9/P90111/90111-01-02-02/stdprod/xp90111010202_s2.pha.gz,/Users/youhanwanigasuriya/Documents/New project/bh_ns_source_generalization/data/raw/rxte/90111-01-02-02/source-20379a27217b.bin,20379a27217b5b78a96ba5b3ad65287ca7c24e7039a9dfb4ac796a6d73ddfefc,data/processed/native/90111-01-02-02.npz,b8abbd576af3c886ad47130c57d764846df16c13dfb90b187e6b159e52022dce,2026-09-22T11:22:41.813818+00:00,PCA_OGIP_RATE43_OVERLAP_V1,PCA_OGIP_RATE43_OVERLAP_V1,data/raw/rxte/90111-01-02-02/acquisition.json,verified,recorded count/s/selected PCU/output bin,recorded count/s/selected PCU/output bin,Propagated archive statistical covariance; calibration/background systematics excluded,no artificial replacements,,a9d6ed8f67001e8365049fc39c8f108122f9edcee76008f1ca0666060caec965,,data/provenance/rxte_processing/90111-01-02-02.json,437700f0af3d8728127f4aba2637721f1d7867554416e8988049cc52292ba8a1
90111-01-02-06,90111-01-02-06,90111-01-02-06,xte_j1118_480,verified,https://heasarc.gsfc.nasa.gov/FTP/xte/data/archive/AO9/P90111/90111-01-02-06/stdprod/xp90111010206_s2.pha.gz,/Users/youhanwanigasuriya/Documents/New project/bh_ns_source_generalization/data/raw/rxte/90111-01-02-06/source-0e7f3c5d16e7.bin,0e7f3c5d16e71daf8b9c964cea7dedfb08405679edb04010cc666e03996c5af0,data/processed/native/90111-01-02-06.npz,89b70356a4da9c888548a9f16619c5fe687b6f58fcefa9e715f4adc4ee5989ad,2026-09-22T11:22:43.662073+00:00,PCA_OGIP_RATE43_OVERLAP_V1,PCA_OGIP_RATE43_OVERLAP_V1,data/raw/rxte/90111-01-02-06/acquisition.json,verified,recorded count/s/selected PCU/output bin,recorded count/s/selected PCU/output bin,Propagated archive statistical covariance; calibration/background systematics excluded,no artificial replacements,,42a41fd52e9627ba2038231892161f27041601da96eb1f8fd0efb3c159a31d91,,data/provenance/rxte_processing/90111-01-02-06.json,2f086099821fdc0c678f042e0ba61635948aa73e752e0470541177b7f08daf12
90111-01-02-11,90111-01-02-11,90111-01-02-11,xte_j1118_480,verified,https://heasarc.gsfc.nasa.gov/FTP/xte/data/archive/AO9/P90111/90111-01-02-11/stdprod/xp90111010211_s2.pha.gz,/Users/youhanwanigasuriya/Documents/New project/bh_ns_source_generalization/data/raw/rxte/90111-01-02-11/source-925457370767.bin,925457370767b2157fadc664a80581d1635cd5cbb85c1d5466f1b5ce2ee37953,data/processed/native/90111-01-02-11.npz,b302fd2adf4de83c6c4358222b73aaca87b887f2023bd9c521e4ef08282abb52,2026-09-22T11:22:48.611573+00:00,PCA_OGIP_RATE43_OVERLAP_V1,PCA_OGIP_RATE43_OVERLAP_V1,data/raw/rxte/90111-01-02-11/acquisition.json,verified,recorded count/s/selected PCU/output bin,recorded count/s/selected PCU/output bin,Propagated archive statistical covariance; calibration/background systematics excluded,no artificial replacements,,5f6ad51209a08c056a386a1fdec2a9eb178a3e0544b253dfe87ea1db5a615173,,data/provenance/rxte_processing/90111-01-02-11.json,1cab4de9bcd3a951010af086bad01d0658bb342b3b3166e9b7018980eb639f21
90111-01-03-02,90111-01-03-02,90111-01-03-02,xte_j1118_480,verified,https://heasarc.gsfc.nasa.gov/FTP/xte/data/archive/AO9/P90111/90111-01-03-02/stdprod/xp90111010302_s2.pha.gz,/Users/youhanwanigasuriya/Documents/New project/bh_ns_source_generalization/data/raw/rxte/90111-01-03-02/source-f5826e6792c8.bin,f5826e6792c8dde180c3920be9952e09d9ec5ca3d35d26447f6743b15281af94,data/processed/native/90111-01-03-02.npz,5193a7dbd0bcc43620be83de51539e0bfc0c38044179a9d65cd23bc49fb08957,2026-09-22T11:22:51.385799+00:00,PCA_OGIP_RATE43_OVERLAP_V1,PCA_OGIP_RATE43_OVERLAP_V1,data/raw/rxte/90111-01-03-02/acquisition.json,verified,recorded count/s/selected PCU/output bin,recorded count/s/selected PCU/output bin,Propagated archive statistical covariance; calibration/background systematics excluded,no artificial replacements,,ff1c64ad02e47cb209e2565c3cf1f76f18d001eb42e77bba0846d7c0829a1b9c,,data/provenance/rxte_processing/90111-01-03-02.json,47a677cf7dcf67fc594449644ef944e0bd6dd137ecce39206ba729d880919cc2
90111-01-03-07,90111-01-03-07,90111-01-03-07,xte_j1118_480,verified,https://heasarc.gsfc.nasa.gov/FTP/xte/data/archive/AO9/P90111/90111-01-03-07/stdprod/xp90111010307_s2.pha.gz,/Users/youhanwanigasuriya/Documents/New project/bh_ns_source_generalization/data/raw/rxte/90111-01-03-07/source-c8e90ae8efd0.bin,c8e90ae8efd07352a67eba702ebafcd89eb483447e85f7dd701612ecefd2f2eb,data/processed/native/90111-01-03-07.npz,9957cc44414cf46b4226f8bb727da9e55062aac89f5eb993aea361821042b30e,2026-09-22T11:22:53.945448+00:00,PCA_OGIP_RATE43_OVERLAP_V1,PCA_OGIP_RATE43_OVERLAP_V1,data/raw/rxte/90111-01-03-07/acquisition.json,verified,recorded count/s/selected PCU/output bin,recorded count/s/selected PCU/output bin,Propagated archive statistical covariance; calibration/background systematics excluded,no artificial replacements,,dcc46ca01dc148c6281a3833a06c5b1417e76101050e2c2d40cc6f36f1683090,,data/provenance/rxte_processing/90111-01-03-07.json,b5221662ea45fef808217115516ba42fec2d44cb81fd915d62bc83130bdcfef5
90111-01-04-02,90111-01-04-02,90111-01-04-02,xte_j1118_480,verified,https://heasarc.gsfc.nasa.gov/FTP/xte/data/archive/AO9/P90111/90111-01-04-02/stdprod/xp90111010402_s2.pha.gz,/Users/youhanwanigasuriya/Documents/New project/bh_ns_source_generalization/data/raw/rxte/90111-01-04-02/source-1f86f971e79b.bin,1f86f971e79b504a5e985c23fe98babb008b46027383168c0f688abc24fb2b46,data/processed/native/90111-01-04-02.npz,328531dec9ec2232b743235abfd80cab0af452e9f326ffec0e0a20c684020fee,2026-09-22T11:22:55.981665+00:00,PCA_OGIP_RATE43_OVERLAP_V1,PCA_OGIP_RATE43_OVERLAP_V1,data/raw/rxte/90111-01-04-02/acquisition.json,verified,recorded count/s/selected PCU/output bin,recorded count/s/selected PCU/output bin,Propagated archive statistical covariance; calibration/background systematics excluded,no artificial replacements,,521bb79ac14ac8e7db339a048af95f12ad10870d300abba00d33746157f2026a,,data/provenance/rxte_processing/90111-01-04-02.json,2a8ca20a29449185c23c9df77e0d2bf0cfa471d42138bcdd7104addad8158d53
90111-01-06-01,90111-01-06-01,90111-01-06-01,xte_j1118_480,verified,https://heasarc.gsfc.nasa.gov/FTP/xte/data/archive/AO9/P90111/90111-01-06-01/stdprod/xp90111010601_s2.pha.gz,/Users/youhanwanigasuriya/Documents/New project/bh_ns_source_generalization/data/raw/rxte/90111-01-06-01/source-d4995efc01b0.bin,d4995efc01b0f7ab73cbfcae3c3142cd921b3e67151e3bc45ad89977f753fade,data/processed/native/90111-01-06-01.npz,f809ab7ce954040eece7953c922c072f2d860f7429be02e88fb3245f5bbe7a61,2026-09-22T11:22:57.367329+00:00,PCA_OGIP_RATE43_OVERLAP_V1,PCA_OGIP_RATE43_OVERLAP_V1,data/raw/rxte/90111-01-06-01/acquisition.json,verified,recorded count/s/selected PCU/output bin,recorded count/s/selected PCU/output bin,Propagated archive statistical covariance; calibration/background systematics excluded,no artificial replacements,,f12af1a0c025a9b1dfe959934e0a469350581708a578a067247eb03dffe21bfa,,data/provenance/rxte_processing/90111-01-06-01.json,918d70cf37cbcdc1d568f2793de8fedad49e8fd2fc9cf544b249380d64719d95
90403-01-01-00,90403-01-01-00,90403-01-01-00,aql_x_1,verified,https://heasarc.gsfc.nasa.gov/FTP/xte/data/archive/AO9/P90403/90403-01-01-00/stdprod/xp90403010100_s2.pha.gz,/Users/youhanwanigasuriya/Documents/New project/bh_ns_source_generalization/data/raw/rxte/90403-01-01-00/source-531d385f562e.bin,531d385f562e098d501315e62cbab2f1301236b473de5c7025c4e5e685aaecc9,data/processed/native/90403-01-01-00.npz,8be853d7fc52d478a09196e9da22da1f0db8ecb048e7a7f86ea532bca58f9c31,2026-09-22T11:10:10.048686+00:00,PCA_OGIP_RATE43_OVERLAP_V1,PCA_OGIP_RATE43_OVERLAP_V1,data/raw/rxte/90403-01-01-00/acquisition.json,verified,recorded count/s/selected PCU/output bin,recorded count/s/selected PCU/output bin,Propagated archive statistical covariance; calibration/background systematics excluded,no artificial replacements,,ab8e1a4b3c24b7aa74a14beed3dfafc422cc815f62bbf3c1aee6bddeacffaa0f,,data/provenance/rxte_processing/90403-01-01-00.json,4b0c0bc48bc116b703e9cba2cd9823409f088d5ecba4c88ad97343a76249ad0a
90422-01-01-02,90422-01-01-02,90422-01-01-02,4u_0614_09,verified,https://heasarc.gsfc.nasa.gov/FTP/xte/data/archive/AO9/P90422/90422-01-01-02/stdprod/xp90422010102_s2.pha.gz,/Users/youhanwanigasuriya/Documents/New project/bh_ns_source_generalization/data/raw/rxte/90422-01-01-02/source-207df94d3530.bin,207df94d35300bd16176be88c22db4d94f78286a20e4a5e4f1824b7ee45af15d,data/processed/native/90422-01-01-02.npz,a4562773c472c34d41e2e5813f676177a5d5d8a6a3cbee65677c8e0648eccc66,2026-09-22T10:55:16.745322+00:00,PCA_OGIP_RATE43_OVERLAP_V1,PCA_OGIP_RATE43_OVERLAP_V1,data/raw/rxte/90422-01-01-02/acquisition.json,verified,recorded count/s/selected PCU/output bin,recorded count/s/selected PCU/output bin,Propagated archive statistical covariance; calibration/background systematics excluded,no artificial replacements,,5d72a53361d91abb2b0272bb40d2fe845f8a69599b7d022678869ea5e5e487e0,,data/provenance/rxte_processing/90422-01-01-02.json,6d38bae5abf170f50ca088cdf05ff04eab317e19fada95344a0cf4712e466219
90425-01-01-13,90425-01-01-13,90425-01-01-13,igr_j00291_5934,verified,https://heasarc.gsfc.nasa.gov/FTP/xte/data/archive/AO9/P90425/90425-01-01-13/stdprod/xp90425010113_s2.pha.gz,/Users/youhanwanigasuriya/Documents/New project/bh_ns_source_generalization/data/raw/rxte/90425-01-01-13/source-11c059539a8d.bin,11c059539a8d56e28733a3de278fda915dbd5052c5fc1118cbbcf8214a41f75b,data/processed/native/90425-01-01-13.npz,eb3214eca26b232cca4a0a77b98fb7761d2fcf356718acd047f03700573898e5,2026-09-22T11:13:36.768618+00:00,PCA_OGIP_RATE43_OVERLAP_V1,PCA_OGIP_RATE43_OVERLAP_V1,data/raw/rxte/90425-01-01-13/acquisition.json,verified,recorded count/s/selected PCU/output bin,recorded count/s/selected PCU/output bin,Propagated archive statistical covariance; calibration/background systematics excluded,no artificial replacements,,d6ddaf7a7f465594e99fd2e5f33c4a79fd4104d19865f8e85eeeccedc04cb1d1,,data/provenance/rxte_processing/90425-01-01-13.json,f55bb5a2a8d54fa54989f35b935af18d8abfe06f0cdf014f340421f85ba05027
90425-01-02-14,90425-01-02-14,90425-01-02-14,igr_j00291_5934,verified,https://heasarc.gsfc.nasa.gov/FTP/xte/data/archive/AO9/P90425/90425-01-02-14/stdprod/xp90425010214_s2.pha.gz,/Users/youhanwanigasuriya/Documents/New project/bh_ns_source_generalization/data/raw/rxte/90425-01-02-14/source-c1700a7cee73.bin,c1700a7cee7365e73f5366f296bece68bc23644e281e04f2adadea9f5aa007c6,data/processed/native/90425-01-02-14.npz,3fc230d79a0520affa45c9d16915af57892503a6310cdb846cf427612a2ff2a3,2026-09-22T11:13:38.377515+00:00,PCA_OGIP_RATE43_OVERLAP_V1,PCA_OGIP_RATE43_OVERLAP_V1,data/raw/rxte/90425-01-02-14/acquisition.json,verified,recorded count/s/selected PCU/output bin,recorded count/s/selected PCU/output bin,Propagated archive statistical covariance; calibration/background systematics excluded,no artificial replacements,,d0f0b567939d483e477f170339ab3bbe4764b26bf01f8e6759f53ce5fb197079,,data/provenance/rxte_processing/90425-01-02-14.json,e8616bf5c29b8631a079eb27f816a681db1e876ef63c8d0b9d2a3096166d0300
90425-01-03-04,90425-01-03-04,90425-01-03-04,igr_j00291_5934,verified,https://heasarc.gsfc.nasa.gov/FTP/xte/data/archive/AO9/P90425/90425-01-03-04/stdprod/xp90425010304_s2.pha.gz,/Users/youhanwanigasuriya/Documents/New project/bh_ns_source_generalization/data/raw/rxte/90425-01-03-04/source-8e676ba46f2a.bin,8e676ba46f2a487a9f0cd49df803a754242a987301a9fd2ff612360522dadd99,data/processed/native/90425-01-03-04.npz,2f60d86f6a668dfa01b9cf1b642db9decb57a85da9f934328b77079c1909029e,2026-09-22T11:13:38.784069+00:00,PCA_OGIP_RATE43_OVERLAP_V1,PCA_OGIP_RATE43_OVERLAP_V1,data/raw/rxte/90425-01-03-04/acquisition.json,verified,recorded count/s/selected PCU/output bin,recorded count/s/selected PCU/output bin,Propagated archive statistical covariance; calibration/background systematics excluded,no artificial replacements,,bb032bc20a0213ee493cc0a2a585275148f498c99fd6a8800b6187efac58c2e7,,data/provenance/rxte_processing/90425-01-03-04.json,b781d325cb5000ca047a2b13b9e7c57e8b8138b3043b710bba804ddcc2cc5b83
91009-01-06-00,91009-01-06-00,91009-01-06-00,cyg_x_2,verified,https://heasarc.gsfc.nasa.gov/FTP/xte/data/archive/AO10/P91009/91009-01-06-00/stdprod/xp91009010600_s2.pha.gz,/Users/youhanwanigasuriya/Documents/New project/bh_ns_source_generalization/data/raw/rxte/91009-01-06-00/source-0399fe05a471.bin,0399fe05a471d4d497b4cb7a922be725d004c9059625441f069465262e2a5c70,data/processed/native/91009-01-06-00.npz,d342e858466e1c5ae1dc8eb84610e74810b7efd900aedf0843f0e4767bf89e77,2026-09-22T11:11:06.543071+00:00,PCA_OGIP_RATE43_OVERLAP_V1,PCA_OGIP_RATE43_OVERLAP_V1,data/raw/rxte/91009-01-06-00/acquisition.json,verified,recorded count/s/selected PCU/output bin,recorded count/s/selected PCU/output bin,Propagated archive statistical covariance; calibration/background systematics excluded,no artificial replacements,,b2c89cd47d4e3af5d450085baa58de5161e1f6be4d2c782b8b8a85e6135ecdc4,,data/provenance/rxte_processing/91009-01-06-00.json,272bc305b42355356159feb3d67cf3e10db50f078ff645781fb2a71477fd0c35
91009-01-24-00,91009-01-24-00,91009-01-24-00,cyg_x_2,verified,https://heasarc.gsfc.nasa.gov/FTP/xte/data/archive/AO10/P91009/91009-01-24-00/stdprod/xp91009012400_s2.pha.gz,/Users/youhanwanigasuriya/Documents/New project/bh_ns_source_generalization/data/raw/rxte/91009-01-24-00/source-e5bfb4854408.bin,e5bfb4854408f759e4560877df148cc86ff1f073704b94cc19c0919e7eb2ca08,data/processed/native/91009-01-24-00.npz,d9bb9f1aa06e04a2bf0208d73fdfc90e105e9f82d4a5a25526028412bea17f49,2026-09-22T11:11:09.690944+00:00,PCA_OGIP_RATE43_OVERLAP_V1,PCA_OGIP_RATE43_OVERLAP_V1,data/raw/rxte/91009-01-24-00/acquisition.json,verified,recorded count/s/selected PCU/output bin,recorded count/s/selected PCU/output bin,Propagated archive statistical covariance; calibration/background systematics excluded,no artificial replacements,,5ae38152af8c8940827aa58a93920afac7f043a76099259a609583978896ee93,,data/provenance/rxte_processing/91009-01-24-00.json,39b202b233fae761bd34197c288400f8b269d29fa502b39c07c39b2c8acfa7fa
91009-01-38-00,91009-01-38-00,91009-01-38-00,cyg_x_2,verified,https://heasarc.gsfc.nasa.gov/FTP/xte/data/archive/AO10/P91009/91009-01-38-00/stdprod/xp91009013800_s2.pha.gz,/Users/youhanwanigasuriya/Documents/New project/bh_ns_source_generalization/data/raw/rxte/91009-01-38-00/source-2ae64d71add6.bin,2ae64d71add6a616e0f69e7c129b56dda7cb23853742b89c5d17a5120641bc5e,data/processed/native/91009-01-38-00.npz,30a432614b9c5c6e0e3ded4967677566b68747dee8be6cce674d4ed52c0e9070,2026-09-22T11:11:09.858822+00:00,PCA_OGIP_RATE43_OVERLAP_V1,PCA_OGIP_RATE43_OVERLAP_V1,data/raw/rxte/91009-01-38-00/acquisition.json,verified,recorded count/s/selected PCU/output bin,recorded count/s/selected PCU/output bin,Propagated archive statistical covariance; calibration/background systematics excluded,no artificial replacements,,ebe3dfc5c2f78cde6ed07499798a251606a97556219f2fb9098cf7b3742537ee,,data/provenance/rxte_processing/91009-01-38-00.json,585a8953388c0756fc58219a64c7eba9b93f2c994fe25d9e612f12305101e823
91010-01-01-05,91010-01-01-05,91010-01-01-05,cyg_x_2,verified,https://heasarc.gsfc.nasa.gov/FTP/xte/data/archive/AO10/P91010/91010-01-01-05/stdprod/xp91010010105_s2.pha.gz,/Users/youhanwanigasuriya/Documents/New project/bh_ns_source_generalization/data/raw/rxte/91010-01-01-05/source-bc7816e89fee.bin,bc7816e89feeef477a4eed9ac3affe7cf71d496600086336114b8afb80b691ea,data/processed/native/91010-01-01-05.npz,a728448d324e72d0789681bfcf3a6bb686d7c8d9821eb4791322231ca9bdeabe,2026-09-22T10:56:13.482001+00:00,PCA_OGIP_RATE43_OVERLAP_V1,PCA_OGIP_RATE43_OVERLAP_V1,data/raw/rxte/91010-01-01-05/acquisition.json,verified,recorded count/s/selected PCU/output bin,recorded count/s/selected PCU/output bin,Propagated archive statistical covariance; calibration/background systematics excluded,no artificial replacements,,1b2ca072b4ce7a88f63eb7927639b21c748443d343326a22a9418478b7b82e05,,data/provenance/rxte_processing/91010-01-01-05.json,9494e61218476fe27d40231783257ffb801d9b85ec7313fdef18544026645a83
91015-01-01-00,91015-01-01-00,91015-01-01-00,hete_j1900_1_2455,verified,https://heasarc.gsfc.nasa.gov/FTP/xte/data/archive/AO10/P91015/91015-01-01-00/stdprod/xp91015010100_s2.pha.gz,/Users/youhanwanigasuriya/Documents/New project/bh_ns_source_generalization/data/raw/rxte/91015-01-01-00/source-c432345d4854.bin,c432345d485423aea9b461a09fab3cfa8bd539f637cbe2ac5667041957e488db,data/processed/native/91015-01-01-00.npz,d34c2b089524880689253a0ca2993479aadb36d95f055d933899571b5c04f59b,2026-09-22T10:56:20.580262+00:00,PCA_OGIP_RATE43_OVERLAP_V1,PCA_OGIP_RATE43_OVERLAP_V1,data/raw/rxte/91015-01-01-00/acquisition.json,verified,recorded count/s/selected PCU/output bin,recorded count/s/selected PCU/output bin,Propagated archive statistical covariance; calibration/background systematics excluded,no artificial replacements,,702c95a148e618c9f1a7c4520851269ca63923785843e666f9a6e35d7a63a245,,data/provenance/rxte_processing/91015-01-01-00.json,2c91d107be71f32eff6cf270623cae2536d7f5142f3c46daedf066c80cd13539
91015-01-04-07,91015-01-04-07,91015-01-04-07,hete_j1900_1_2455,verified,https://heasarc.gsfc.nasa.gov/FTP/xte/data/archive/AO10/P91015/91015-01-04-07/stdprod/xp91015010407_s2.pha.gz,/Users/youhanwanigasuriya/Documents/New project/bh_ns_source_generalization/data/raw/rxte/91015-01-04-07/source-94a82049b3a9.bin,94a82049b3a94329496c8f09c1731017b590788f58c80b31feb2a419d18d5991,data/processed/native/91015-01-04-07.npz,00464406c0d351e43589c3e5768c8ab03ff212ef451a97ba31fcc44fef210577,2026-09-22T11:12:42.912229+00:00,PCA_OGIP_RATE43_OVERLAP_V1,PCA_OGIP_RATE43_OVERLAP_V1,data/raw/rxte/91015-01-04-07/acquisition.json,verified,recorded count/s/selected PCU/output bin,recorded count/s/selected PCU/output bin,Propagated archive statistical covariance; calibration/background systematics excluded,no artificial replacements,,fb400707efaa38ecf8d280f33b26a7e01e075a4e492a37811c6e0a0855689e40,,data/provenance/rxte_processing/91015-01-04-07.json,9f838b3005c7772be2e6a24da088ec895ac1a35d8d208ad9866ec60b888a64be
91015-01-07-01,91015-01-07-01,91015-01-07-01,hete_j1900_1_2455,verified,https://heasarc.gsfc.nasa.gov/FTP/xte/data/archive/AO10/P91015/91015-01-07-01/stdprod/xp91015010701_s2.pha.gz,/Users/youhanwanigasuriya/Documents/New project/bh_ns_source_generalization/data/raw/rxte/91015-01-07-01/source-0dc321fa0c85.bin,0dc321fa0c8553ff48ed16009425b62a958c621c795985306ffc8f5ba1e872a0,data/processed/native/91015-01-07-01.npz,c2cb9a41d707a0b5c49e1661c9d60d15be30da579b9a26c0b8b302ef647e290f,2026-09-22T11:12:43.318828+00:00,PCA_OGIP_RATE43_OVERLAP_V1,PCA_OGIP_RATE43_OVERLAP_V1,data/raw/rxte/91015-01-07-01/acquisition.json,verified,recorded count/s/selected PCU/output bin,recorded count/s/selected PCU/output bin,Propagated archive statistical covariance; calibration/background systematics excluded,no artificial replacements,,b5eac8ea6b4a50d95fd549043522cb0135d6b30038233c0e43f18c5af92f930e,,data/provenance/rxte_processing/91015-01-07-01.json,880633ddd310cc6385c54425d86ee2db6f4a9c7840254357019b4cf55452456c
91023-01-02-00,91023-01-02-00,91023-01-02-00,4u_1728_34,verified,https://heasarc.gsfc.nasa.gov/FTP/xte/data/archive/AO10/P91023/91023-01-02-00/stdprod/xp91023010200_s2.pha.gz,/Users/youhanwanigasuriya/Documents/New project/bh_ns_source_generalization/data/raw/rxte/91023-01-02-00/source-03ff7b821b73.bin,03ff7b821b737353b3e251f8ace461681bdecbbbb62c8cf41d6498491ca6e2d5,data/processed/native/91023-01-02-00.npz,ebb8f3ac8b3d910efcd1b2cb1554249f137c3fb3725e1a5071cfeec7dabe676a,2026-09-22T11:07:54.745555+00:00,PCA_OGIP_RATE43_OVERLAP_V1,PCA_OGIP_RATE43_OVERLAP_V1,data/raw/rxte/91023-01-02-00/acquisition.json,verified,recorded count/s/selected PCU/output bin,recorded count/s/selected PCU/output bin,Propagated archive statistical covariance; calibration/background systematics excluded,no artificial replacements,,7558f7e677fd68800f0b311e8b7125e1133c58204dea2f441c3f2de8f0f2f8a4,,data/provenance/rxte_processing/91023-01-02-00.json,09761d9983e8c06cfdc3ac729fbc1cbdfa7825639ca94eed84a6ca8e96be974d
91024-01-07-10,91024-01-07-10,91024-01-07-10,4u_1636_536,verified,https://heasarc.gsfc.nasa.gov/FTP/xte/data/archive/AO10/P91024/91024-01-07-10/stdprod/xp91024010710_s2.pha.gz,/Users/youhanwanigasuriya/Documents/New project/bh_ns_source_generalization/data/raw/rxte/91024-01-07-10/source-3537bbefa0cb.bin,3537bbefa0cb8e2c274cdd0348d1b0205bfab3bb843102cfb56e3f688c53be22,data/processed/native/91024-01-07-10.npz,5748235beecdf4b68eaced6115d61e33d1e4b575de25c15651be24c12eee3226,2026-09-22T11:05:11.563828+00:00,PCA_OGIP_RATE43_OVERLAP_V1,PCA_OGIP_RATE43_OVERLAP_V1,data/raw/rxte/91024-01-07-10/acquisition.json,verified,recorded count/s/selected PCU/output bin,recorded count/s/selected PCU/output bin,Propagated archive statistical covariance; calibration/background systematics excluded,no artificial replacements,,aff55a72741d448e835302774609760e16b7ad2a6b2a55df79aefb8ad1dcb0ee,,data/provenance/rxte_processing/91024-01-07-10.json,b19aa5ddbc3c87fbc27134a726829a6f8831e352e87f1c274fa3f1eaac4aa20a
91024-01-13-00,91024-01-13-00,91024-01-13-00,4u_1636_536,verified,https://heasarc.gsfc.nasa.gov/FTP/xte/data/archive/AO10/P91024/91024-01-13-00/stdprod/xp91024011300_s2.pha.gz,/Users/youhanwanigasuriya/Documents/New project/bh_ns_source_generalization/data/raw/rxte/91024-01-13-00/source-b11a2d05a566.bin,b11a2d05a566a2926609682e907a406c45f3bfbf70cf16d26b4fb660a8aa4576,data/processed/native/91024-01-13-00.npz,a95a82b4dcdb539e7f938018428531496b0777e3e7cd50dea7e3bd904fb37f4e,2026-09-22T11:05:07.152676+00:00,PCA_OGIP_RATE43_OVERLAP_V1,PCA_OGIP_RATE43_OVERLAP_V1,data/raw/rxte/91024-01-13-00/acquisition.json,verified,recorded count/s/selected PCU/output bin,recorded count/s/selected PCU/output bin,Propagated archive statistical covariance; calibration/background systematics excluded,no artificial replacements,,24504e5c7c2d136d7e620ecf31ffccd7901f945dc62c3ede51de487c7fa66b72,,data/provenance/rxte_processing/91024-01-13-00.json,43ebbc705ad0af97cd9c8db19509f426a68eddd07f31a5a249b39d0db7b35130
91024-01-53-10,91024-01-53-10,91024-01-53-10,4u_1636_536,verified,https://heasarc.gsfc.nasa.gov/FTP/xte/data/archive/AO10/P91024/91024-01-53-10/stdprod/xp91024015310_s2.pha.gz,/Users/youhanwanigasuriya/Documents/New project/bh_ns_source_generalization/data/raw/rxte/91024-01-53-10/source-bba6d2ee87f5.bin,bba6d2ee87f5c483da4b27b5ce6cae14dde5852fadc3ec4ff83a38fec9c301fb,data/processed/native/91024-01-53-10.npz,77c10434415610f7c63adfa179abba026fafba38a331c106bf7991c3f7da9c25,2026-09-22T11:05:12.361166+00:00,PCA_OGIP_RATE43_OVERLAP_V1,PCA_OGIP_RATE43_OVERLAP_V1,data/raw/rxte/91024-01-53-10/acquisition.json,verified,recorded count/s/selected PCU/output bin,recorded count/s/selected PCU/output bin,Propagated archive statistical covariance; calibration/background systematics excluded,no artificial replacements,,0d6650dbad15a0d042910bf44fdf1fb1ae96e5df4c70a677dbcf8dee609f5016,,data/provenance/rxte_processing/91024-01-53-10.json,107906ac5af547533c213ced842d544c0bab0add7e2f16ebd3fbd4169c48b1cc
91024-01-62-00,91024-01-62-00,91024-01-62-00,4u_1636_536,verified,https://heasarc.gsfc.nasa.gov/FTP/xte/data/archive/AO10/P91024/91024-01-62-00/stdprod/xp91024016200_s2.pha.gz,/Users/youhanwanigasuriya/Documents/New project/bh_ns_source_generalization/data/raw/rxte/91024-01-62-00/source-19722dcd9f29.bin,19722dcd9f295194d66fa44b51219ae11e05d8f5dedffa869d15a88e39acc92d,data/processed/native/91024-01-62-00.npz,db2169f9a173b8b8aa9856ce12e515c8f9ab6cb78c63b877f6a36b2e2f1eb5d8,2026-09-22T11:05:07.276170+00:00,PCA_OGIP_RATE43_OVERLAP_V1,PCA_OGIP_RATE43_OVERLAP_V1,data/raw/rxte/91024-01-62-00/acquisition.json,verified,recorded count/s/selected PCU/output bin,recorded count/s/selected PCU/output bin,Propagated archive statistical covariance; calibration/background systematics excluded,no artificial replacements,,1a260a75e5c7cb1b7dacd09df434ebc11b19bb028d23d1272d12615698a08e27,,data/provenance/rxte_processing/91024-01-62-00.json,0b61809af25990ccadb7505325b512baab18f42c63777087dc4a6058b6bc1388
91024-01-85-10,91024-01-85-10,91024-01-85-10,4u_1636_536,verified,https://heasarc.gsfc.nasa.gov/FTP/xte/data/archive/AO10/P91024/91024-01-85-10/stdprod/xp91024018510_s2.pha.gz,/Users/youhanwanigasuriya/Documents/New project/bh_ns_source_generalization/data/raw/rxte/91024-01-85-10/source-92f3ffcef75a.bin,92f3ffcef75a697e909f117b969dbc9c25f84d29d17798c73c6bc3508a89d791,data/processed/native/91024-01-85-10.npz,ded7dd11fc600549350f12be22426db1010661103870d69a7eebf2eef4b4f51f,2026-09-22T11:05:22.524325+00:00,PCA_OGIP_RATE43_OVERLAP_V1,PCA_OGIP_RATE43_OVERLAP_V1,data/raw/rxte/91024-01-85-10/acquisition.json,verified,recorded count/s/selected PCU/output bin,recorded count/s/selected PCU/output bin,Propagated archive statistical covariance; calibration/background systematics excluded,no artificial replacements,,9aaed663809b04550917c656a9ae14ef120acddb853fb645e26c824c2a378c69,,data/provenance/rxte_processing/91024-01-85-10.json,f91500d9b37e369f0596908c5335e6304fd02dc74d07c573a71a329560e0e49e
91025-01-01-09,91025-01-01-09,91025-01-01-09,4u_1735_444,verified,https://heasarc.gsfc.nasa.gov/FTP/xte/data/archive/AO10/P91025/91025-01-01-09/stdprod/xp91025010109_s2.pha.gz,/Users/youhanwanigasuriya/Documents/New project/bh_ns_source_generalization/data/raw/rxte/91025-01-01-09/source-2d6df33c966e.bin,2d6df33c966e71413b600df6203eee0235241cbcd21a6299d01180909985d584,data/processed/native/91025-01-01-09.npz,690d68f61d13674097cd5b3910eec19b3a7bbce747f9832e3e0684f73ca48707,2026-09-22T11:08:39.177236+00:00,PCA_OGIP_RATE43_OVERLAP_V1,PCA_OGIP_RATE43_OVERLAP_V1,data/raw/rxte/91025-01-01-09/acquisition.json,verified,recorded count/s/selected PCU/output bin,recorded count/s/selected PCU/output bin,Propagated archive statistical covariance; calibration/background systematics excluded,no artificial replacements,,18bb85f883295a8b5c4bc389701a4e0b421084c4b38e02326e320022c2dcd55e,,data/provenance/rxte_processing/91025-01-01-09.json,22d490cd77adfe49e05d1df1314cb20345851d2a5c8248da437ee3d8900a13e5
91025-01-04-01,91025-01-04-01,91025-01-04-01,4u_1735_444,verified,https://heasarc.gsfc.nasa.gov/FTP/xte/data/archive/AO10/P91025/91025-01-04-01/stdprod/xp91025010401_s2.pha.gz,/Users/youhanwanigasuriya/Documents/New project/bh_ns_source_generalization/data/raw/rxte/91025-01-04-01/source-a0ed70064ee7.bin,a0ed70064ee70d6597ecf46a46813237e0df3bce8e3e2d215f3a78f1b945c226,data/processed/native/91025-01-04-01.npz,02d194b6651363dd0b01852c461c60108ffa00d2b121ef44c24a35c433153d25,2026-09-22T11:08:47.785027+00:00,PCA_OGIP_RATE43_OVERLAP_V1,PCA_OGIP_RATE43_OVERLAP_V1,data/raw/rxte/91025-01-04-01/acquisition.json,verified,recorded count/s/selected PCU/output bin,recorded count/s/selected PCU/output bin,Propagated archive statistical covariance; calibration/background systematics excluded,no artificial replacements,,1c09b416dae8137b5de19ab85e4f99f9b63c0562143a5c9be71cc5c6b06c2a7e,,data/provenance/rxte_processing/91025-01-04-01.json,2b1a6fa3a0f9eb4d03ee28bfa1ad9ecb553f55729b8462b0cdcd16e1bac23b62
91025-01-04-06,91025-01-04-06,91025-01-04-06,4u_1735_444,verified,https://heasarc.gsfc.nasa.gov/FTP/xte/data/archive/AO10/P91025/91025-01-04-06/stdprod/xp91025010406_s2.pha.gz,/Users/youhanwanigasuriya/Documents/New project/bh_ns_source_generalization/data/raw/rxte/91025-01-04-06/source-9472b856174e.bin,9472b856174e5f95846a76921e0cc9c9fde3d7da79cceff7cd31ddb14078066e,data/processed/native/91025-01-04-06.npz,2d9f5c69a18bc499a1ad7ccdedbe9f8a04442f0d4bf0e21ce42369605accc9ea,2026-09-22T11:08:48.326931+00:00,PCA_OGIP_RATE43_OVERLAP_V1,PCA_OGIP_RATE43_OVERLAP_V1,data/raw/rxte/91025-01-04-06/acquisition.json,verified,recorded count/s/selected PCU/output bin,recorded count/s/selected PCU/output bin,Propagated archive statistical covariance; calibration/background systematics excluded,no artificial replacements,,7f20aeb015672bab015c01669ba3d94d82ae2aab451d12ef31c1b9ea8c4e7118,,data/provenance/rxte_processing/91025-01-04-06.json,7d0fff076c9d2146fe847402d52bb478c0cfb04ed0de9fcf8e19551d9aec61f0
91025-01-05-06,91025-01-05-06,91025-01-05-06,4u_1735_444,verified,https://heasarc.gsfc.nasa.gov/FTP/xte/data/archive/AO10/P91025/91025-01-05-06/stdprod/xp91025010506_s2.pha.gz,/Users/youhanwanigasuriya/Documents/New project/bh_ns_source_generalization/data/raw/rxte/91025-01-05-06/source-c7e71418a166.bin,c7e71418a16668481caf09b0f90722f75cd25d2520f925c08e0a81dec7819210,data/processed/native/91025-01-05-06.npz,a6fad587dc49ac95b00877ec48c0ff9541f4c5d9c40584557222ede5cd267170,2026-09-22T11:08:50.384655+00:00,PCA_OGIP_RATE43_OVERLAP_V1,PCA_OGIP_RATE43_OVERLAP_V1,data/raw/rxte/91025-01-05-06/acquisition.json,verified,recorded count/s/selected PCU/output bin,recorded count/s/selected PCU/output bin,Propagated archive statistical covariance; calibration/background systematics excluded,no artificial replacements,,24a0f68ee2331957557e07a023df2e4a7587cf7eb36b679b11dd12e531503a89,,data/provenance/rxte_processing/91025-01-05-06.json,7cee164b3721ff272af1ef7adff4dfb5c4a22e553408151546020c078d181b3e
91025-01-06-05,91025-01-06-05,91025-01-06-05,4u_1735_444,verified,https://heasarc.gsfc.nasa.gov/FTP/xte/data/archive/AO10/P91025/91025-01-06-05/stdprod/xp91025010605_s2.pha.gz,/Users/youhanwanigasuriya/Documents/New project/bh_ns_source_generalization/data/raw/rxte/91025-01-06-05/source-17fdaca94e5d.bin,17fdaca94e5d4dd0c53fc96a81760ca48ec905059a3f1d623129c2fe77ede0b4,data/processed/native/91025-01-06-05.npz,5120e95cc00d88c670737120a10557c576ceaa9bc5e97edf0c2c3489e37a22f2,2026-09-22T10:55:59.680755+00:00,PCA_OGIP_RATE43_OVERLAP_V1,PCA_OGIP_RATE43_OVERLAP_V1,data/raw/rxte/91025-01-06-05/acquisition.json,verified,recorded count/s/selected PCU/output bin,recorded count/s/selected PCU/output bin,Propagated archive statistical covariance; calibration/background systematics excluded,no artificial replacements,,4ed7f5008912ed0f12009a2fa71926ffc8b113f577dd3f5daa3ad1d0aa81862d,,data/provenance/rxte_processing/91025-01-06-05.json,0dba9220f12d81083a5df235263b5d7fb6469adbdcdbb1a59cdbfca2ac5ac68f
91025-01-08-04,91025-01-08-04,91025-01-08-04,4u_1735_444,verified,https://heasarc.gsfc.nasa.gov/FTP/xte/data/archive/AO10/P91025/91025-01-08-04/stdprod/xp91025010804_s2.pha.gz,/Users/youhanwanigasuriya/Documents/New project/bh_ns_source_generalization/data/raw/rxte/91025-01-08-04/source-3088b97d8e82.bin,3088b97d8e8224c5b3821d5092b290e8d2af55040d2b355352e71aa86ed8f78a,data/processed/native/91025-01-08-04.npz,9d4d577fd146a97790f6db4d593e936534fec8ad83ec7e6bebb96db5b4d7499b,2026-09-22T11:08:55.488309+00:00,PCA_OGIP_RATE43_OVERLAP_V1,PCA_OGIP_RATE43_OVERLAP_V1,data/raw/rxte/91025-01-08-04/acquisition.json,verified,recorded count/s/selected PCU/output bin,recorded count/s/selected PCU/output bin,Propagated archive statistical covariance; calibration/background systematics excluded,no artificial replacements,,908af72d417fd3f9fa76781b975a2842d4a3b39b36f247e43614853023226066,,data/provenance/rxte_processing/91025-01-08-04.json,9ab22ecd8eb57ffa683707987a7a55f8ddf120101d1ac9e39916d4006808df3b
91025-01-08-05,91025-01-08-05,91025-01-08-05,4u_1735_444,verified,https://heasarc.gsfc.nasa.gov/FTP/xte/data/archive/AO10/P91025/91025-01-08-05/stdprod/xp91025010805_s2.pha.gz,/Users/youhanwanigasuriya/Documents/New project/bh_ns_source_generalization/data/raw/rxte/91025-01-08-05/source-9043f488c80f.bin,9043f488c80f4aa43d1d3deb84361d38da34f7d6a51db831788fa3b9bcbe4972,data/processed/native/91025-01-08-05.npz,70c47e0807cacda72d5ad37e348a971076489206eb621bba7403f45bb5e93953,2026-09-22T11:08:51.530087+00:00,PCA_OGIP_RATE43_OVERLAP_V1,PCA_OGIP_RATE43_OVERLAP_V1,data/raw/rxte/91025-01-08-05/acquisition.json,verified,recorded count/s/selected PCU/output bin,recorded count/s/selected PCU/output bin,Propagated archive statistical covariance; calibration/background systematics excluded,no artificial replacements,,9b42b7679b90d12c21caf1bd216dd20ff1999acfb62766d49a263d9c6b4a4d24,,data/provenance/rxte_processing/91025-01-08-05.json,39c5868a994b7b14d37a2c950018c7a83867f941ac23685ad3a41b0633a1da80
91025-01-09-01,91025-01-09-01,91025-01-09-01,4u_1735_444,verified,https://heasarc.gsfc.nasa.gov/FTP/xte/data/archive/AO10/P91025/91025-01-09-01/stdprod/xp91025010901_s2.pha.gz,/Users/youhanwanigasuriya/Documents/New project/bh_ns_source_generalization/data/raw/rxte/91025-01-09-01/source-e2919f8e57b0.bin,e2919f8e57b04c3af149a007bb51e1e83042aeb9ef880cb3361065ea0322539d,data/processed/native/91025-01-09-01.npz,21b12559677103a29211c49a4b72ad13d4409f02a2d61a8e359ea750cb83f9bd,2026-09-22T11:09:03.291671+00:00,PCA_OGIP_RATE43_OVERLAP_V1,PCA_OGIP_RATE43_OVERLAP_V1,data/raw/rxte/91025-01-09-01/acquisition.json,verified,recorded count/s/selected PCU/output bin,recorded count/s/selected PCU/output bin,Propagated archive statistical covariance; calibration/background systematics excluded,no artificial replacements,,5489124df83aeeab17cf3ad2c57ff5fad46b79edf4a1792235e355c3ff2b3da5,,data/provenance/rxte_processing/91025-01-09-01.json,9969e95e59fcfc3c3218e7d963eacf9d315185d4c1f815bb6f22b68c2071550a
91025-01-09-07,91025-01-09-07,91025-01-09-07,4u_1735_444,verified,https://heasarc.gsfc.nasa.gov/FTP/xte/data/archive/AO10/P91025/91025-01-09-07/stdprod/xp91025010907_s2.pha.gz,/Users/youhanwanigasuriya/Documents/New project/bh_ns_source_generalization/data/raw/rxte/91025-01-09-07/source-05e10135ec41.bin,05e10135ec41b66c3d1427e4de23cd2f6ac64e21741c39bf9a8235728f77f02f,data/processed/native/91025-01-09-07.npz,ba198354ff980c5d8b91bae141331815cb677372b1a9129007399e4ebdad1914,2026-09-22T11:09:04.603121+00:00,PCA_OGIP_RATE43_OVERLAP_V1,PCA_OGIP_RATE43_OVERLAP_V1,data/raw/rxte/91025-01-09-07/acquisition.json,verified,recorded count/s/selected PCU/output bin,recorded count/s/selected PCU/output bin,Propagated archive statistical covariance; calibration/background systematics excluded,no artificial replacements,,0d388188e124be4bd0c9926544c7011a49156b08894f75e487f38bd402b5bd10,,data/provenance/rxte_processing/91025-01-09-07.json,8cafe8e4ec0286fad3ef73af70ef882876dae008da03c872e6abc8ba4e5dab14
91025-01-09-18,91025-01-09-18,91025-01-09-18,4u_1735_444,verified,https://heasarc.gsfc.nasa.gov/FTP/xte/data/archive/AO10/P91025/91025-01-09-18/stdprod/xp91025010918_s2.pha.gz,/Users/youhanwanigasuriya/Documents/New project/bh_ns_source_generalization/data/raw/rxte/91025-01-09-18/source-64886dccaa91.bin,64886dccaa913cd2f755c2b5f5af32cee98351039ce82cf5d83d4b08a45bef62,data/processed/native/91025-01-09-18.npz,7d398afdbcfe5f075c07799a83d91fd31620e4bd8a62e57229c5272204836bb0,2026-09-22T11:09:04.651688+00:00,PCA_OGIP_RATE43_OVERLAP_V1,PCA_OGIP_RATE43_OVERLAP_V1,data/raw/rxte/91025-01-09-18/acquisition.json,verified,recorded count/s/selected PCU/output bin,recorded count/s/selected PCU/output bin,Propagated archive statistical covariance; calibration/background systematics excluded,no artificial replacements,,4abcd5dad8f41cf9f3c7e57cbdf627d25f60dc8f854f3102aaed5445b587275f,,data/provenance/rxte_processing/91025-01-09-18.json,847a1d6558d3c4061f2f722d685a5ef994f7033ddce84bc23055dcf78228c615
91025-01-10-01,91025-01-10-01,91025-01-10-01,4u_1735_444,verified,https://heasarc.gsfc.nasa.gov/FTP/xte/data/archive/AO10/P91025/91025-01-10-01/stdprod/xp91025011001_s2.pha.gz,/Users/youhanwanigasuriya/Documents/New project/bh_ns_source_generalization/data/raw/rxte/91025-01-10-01/source-f60aef51e94e.bin,f60aef51e94e49468cf842da6e279d5065441edce594d28db8dc359011aae2d2,data/processed/native/91025-01-10-01.npz,eaa7335dc93f5b6dc4546703210348a0cefd2150beb961679b139f297b9785a6,2026-09-22T11:09:04.732181+00:00,PCA_OGIP_RATE43_OVERLAP_V1,PCA_OGIP_RATE43_OVERLAP_V1,data/raw/rxte/91025-01-10-01/acquisition.json,verified,recorded count/s/selected PCU/output bin,recorded count/s/selected PCU/output bin,Propagated archive statistical covariance; calibration/background systematics excluded,no artificial replacements,,138ddc5fa26e5a29b83811a353fc21e68147d5c171f82c3ca8456edd1680e7b9,,data/provenance/rxte_processing/91025-01-10-01.json,d40fde376834db4f4f887bfb37363b2d0d1fb14f8f73c023b88efa7ccf8d013f
91025-01-11-10,91025-01-11-10,91025-01-11-10,4u_1735_444,verified,https://heasarc.gsfc.nasa.gov/FTP/xte/data/archive/AO10/P91025/91025-01-11-10/stdprod/xp91025011110_s2.pha.gz,/Users/youhanwanigasuriya/Documents/New project/bh_ns_source_generalization/data/raw/rxte/91025-01-11-10/source-2a5ffcd64d39.bin,2a5ffcd64d394ee0e00a446a2bf53ed15e310fdd94fb1214c5995d52d6dbeae5,data/processed/native/91025-01-11-10.npz,83bb117f8d47211601c70c34d52594abf9eb0ead94f3a366372441992e1249f5,2026-09-22T11:09:05.007002+00:00,PCA_OGIP_RATE43_OVERLAP_V1,PCA_OGIP_RATE43_OVERLAP_V1,data/raw/rxte/91025-01-11-10/acquisition.json,verified,recorded count/s/selected PCU/output bin,recorded count/s/selected PCU/output bin,Propagated archive statistical covariance; calibration/background systematics excluded,no artificial replacements,,4a2c194d3eea7793bfc609f556d4df56def4ba59c84dfffc176464eabb22d83d,,data/provenance/rxte_processing/91025-01-11-10.json,7acd73bc1ad8e7094d20e987f43964a91437eaec4139ddc61c18a4d9ffc6692d
91025-01-12-00,91025-01-12-00,91025-01-12-00,4u_1735_444,verified,https://heasarc.gsfc.nasa.gov/FTP/xte/data/archive/AO10/P91025/91025-01-12-00/stdprod/xp91025011200_s2.pha.gz,/Users/youhanwanigasuriya/Documents/New project/bh_ns_source_generalization/data/raw/rxte/91025-01-12-00/source-bfe042e397ce.bin,bfe042e397ceb188875ad00900f68f35f7b0c2ae7e261c562d1f15590ba24510,data/processed/native/91025-01-12-00.npz,2b1291cc499107580bc4e7c7188999ee40aacfc6e69e546271e0e21ace6eefec,2026-09-22T11:09:12.768218+00:00,PCA_OGIP_RATE43_OVERLAP_V1,PCA_OGIP_RATE43_OVERLAP_V1,data/raw/rxte/91025-01-12-00/acquisition.json,verified,recorded count/s/selected PCU/output bin,recorded count/s/selected PCU/output bin,Propagated archive statistical covariance; calibration/background systematics excluded,no artificial replacements,,a47b8cefd2430a270cc10ac629ae5abf0e6da9d7445a928bf359fa66ac9baee0,,data/provenance/rxte_processing/91025-01-12-00.json,f9b088977984368022fb20d48140e381f98a333d87e0fba8f108f6cf1509599c
91025-01-13-10,91025-01-13-10,91025-01-13-10,4u_1735_444,verified,https://heasarc.gsfc.nasa.gov/FTP/xte/data/archive/AO10/P91025/91025-01-13-10/stdprod/xp91025011310_s2.pha.gz,/Users/youhanwanigasuriya/Documents/New project/bh_ns_source_generalization/data/raw/rxte/91025-01-13-10/source-aa73076e57fa.bin,aa73076e57fad9eab346a4bff1c74d49ac91ee54ed5e7c6bf068eac07665d71e,data/processed/native/91025-01-13-10.npz,a20816c9ebb992ee412dd7ebc0c6848a1b409eb9f0cb7c23812d163aaa01bf49,2026-09-22T11:09:09.241140+00:00,PCA_OGIP_RATE43_OVERLAP_V1,PCA_OGIP_RATE43_OVERLAP_V1,data/raw/rxte/91025-01-13-10/acquisition.json,verified,recorded count/s/selected PCU/output bin,recorded count/s/selected PCU/output bin,Propagated archive statistical covariance; calibration/background systematics excluded,no artificial replacements,,a5c031bc73f91a449223dc803584fcf9d0bc3fda8e366e08647fafc56a7eaf4a,,data/provenance/rxte_processing/91025-01-13-10.json,2d6800926faf592282d347a84949ea5a80692863fca9d80c88877f5672650c06
91025-01-16-09,91025-01-16-09,91025-01-16-09,4u_1735_444,verified,https://heasarc.gsfc.nasa.gov/FTP/xte/data/archive/AO10/P91025/91025-01-16-09/stdprod/xp91025011609_s2.pha.gz,/Users/youhanwanigasuriya/Documents/New project/bh_ns_source_generalization/data/raw/rxte/91025-01-16-09/source-5e8faeccc455.bin,5e8faeccc45574b444440006ea38a1bde00d3188de0808090c35a650db348d96,data/processed/native/91025-01-16-09.npz,1fe47244eea305c6974da0bec16a8310920350130342072cf4a1b3f84549b753,2026-09-22T11:09:14.443907+00:00,PCA_OGIP_RATE43_OVERLAP_V1,PCA_OGIP_RATE43_OVERLAP_V1,data/raw/rxte/91025-01-16-09/acquisition.json,verified,recorded count/s/selected PCU/output bin,recorded count/s/selected PCU/output bin,Propagated archive statistical covariance; calibration/background systematics excluded,no artificial replacements,,c03a2f7c172171e49113646ec6e583844f1f3c2c31ec84123bc4be0c378aa5fe,,data/provenance/rxte_processing/91025-01-16-09.json,47cfc9f1741b131bb177905a2926665f5b5635907ddce64428241fbb66c4dcc9
91028-01-01-00,91028-01-01-00,91028-01-01-00,aql_x_1,verified,https://heasarc.gsfc.nasa.gov/FTP/xte/data/archive/AO10/P91028/91028-01-01-00/stdprod/xp91028010100_s2.pha.gz,/Users/youhanwanigasuriya/Documents/New project/bh_ns_source_generalization/data/raw/rxte/91028-01-01-00/source-fbe4e54981bd.bin,fbe4e54981bd00be178d7371ae3bd6f4999a88d32e78d86acc0298d7740d45a7,data/processed/native/91028-01-01-00.npz,7f0bd0f490f7e48bc9b84f7b867dc65171fe8fe9d29bc6edc09d8f40424a4b02,2026-09-22T11:10:11.551890+00:00,PCA_OGIP_RATE43_OVERLAP_V1,PCA_OGIP_RATE43_OVERLAP_V1,data/raw/rxte/91028-01-01-00/acquisition.json,verified,recorded count/s/selected PCU/output bin,recorded count/s/selected PCU/output bin,Propagated archive statistical covariance; calibration/background systematics excluded,no artificial replacements,,0e20739bc4551b5d6b761ebee4397479dab56393fbec2dd5b0316d72a69c671b,,data/provenance/rxte_processing/91028-01-01-00.json,6f488e0e10015182bb606e8c982ce6760d55e4aee723ef84907b29569e07563b
91028-01-22-00,91028-01-22-00,91028-01-22-00,aql_x_1,verified,https://heasarc.gsfc.nasa.gov/FTP/xte/data/archive/AO10/P91028/91028-01-22-00/stdprod/xp91028012200_s2.pha.gz,/Users/youhanwanigasuriya/Documents/New project/bh_ns_source_generalization/data/raw/rxte/91028-01-22-00/source-727f2f7884c4.bin,727f2f7884c47c2bea58136bce7e8d5ca1a56dfdf7b07a197c96840d22550742,data/processed/native/91028-01-22-00.npz,c9d5eed5715509baf9ec3aa1a47822dee38fe8da6c9cca72770c9336d02e155c,2026-09-22T11:10:13.218015+00:00,PCA_OGIP_RATE43_OVERLAP_V1,PCA_OGIP_RATE43_OVERLAP_V1,data/raw/rxte/91028-01-22-00/acquisition.json,verified,recorded count/s/selected PCU/output bin,recorded count/s/selected PCU/output bin,Propagated archive statistical covariance; calibration/background systematics excluded,no artificial replacements,,017c55d9bb2b6405ade5a292abbf0f0a124ceb09b763d1f63e8043a391947564,,data/provenance/rxte_processing/91028-01-22-00.json,32582b1675e3434a0e98151074455c97da2802d9113e97cec60d6e8d65c572c2
91037-15-01-00,91037-15-01-00,91037-15-01-00,4u_1746_37,verified,https://heasarc.gsfc.nasa.gov/FTP/xte/data/archive/AO10/P91037/91037-15-01-00/stdprod/xp91037150100_s2.pha.gz,/Users/youhanwanigasuriya/Documents/New project/bh_ns_source_generalization/data/raw/rxte/91037-15-01-00/source-4784b5f4d042.bin,4784b5f4d042e86903ad9ca632450b5c4a772ba6594e23752ce799fd5a39370d,data/processed/native/91037-15-01-00.npz,1c3e787db0a635f37f4ffc0a4e77c4c80990a682f1c41b9a1892b58fa28e10b6,2026-09-22T10:56:07.072783+00:00,PCA_OGIP_RATE43_OVERLAP_V1,PCA_OGIP_RATE43_OVERLAP_V1,data/raw/rxte/91037-15-01-00/acquisition.json,verified,recorded count/s/selected PCU/output bin,recorded count/s/selected PCU/output bin,Propagated archive statistical covariance; calibration/background systematics excluded,no artificial replacements,,ee2859902fb50fdc51d782e7cf9b7b3652712f1620c0555e54460a593605cf44,,data/provenance/rxte_processing/91037-15-01-00.json,f0774c3f9a289ba1e08687fc9d144c0da4dcab62d68e82f2b86ea51682422762
91039-01-01-10,91039-01-01-10,91039-01-01-10,4u_1705_44,verified,https://heasarc.gsfc.nasa.gov/FTP/xte/data/archive/AO10/P91039/91039-01-01-10/stdprod/xp91039010110_s2.pha.gz,/Users/youhanwanigasuriya/Documents/New project/bh_ns_source_generalization/data/raw/rxte/91039-01-01-10/source-fa61b17220aa.bin,fa61b17220aa53f97094244def6fb010777c31c7d5b8db4558332b1f910433b4,data/processed/native/91039-01-01-10.npz,2bd006890bd5c057c0baab49d5f584753fd31cec712ca418b77d2a846ba1d84c,2026-09-22T11:06:42.152330+00:00,PCA_OGIP_RATE43_OVERLAP_V1,PCA_OGIP_RATE43_OVERLAP_V1,data/raw/rxte/91039-01-01-10/acquisition.json,verified,recorded count/s/selected PCU/output bin,recorded count/s/selected PCU/output bin,Propagated archive statistical covariance; calibration/background systematics excluded,no artificial replacements,,0617efece89b1c2c3db49047c84c6c6bbbe83716c4680ebcb85bb78a55304904,,data/provenance/rxte_processing/91039-01-01-10.json,911a5c983beb8b84fab0d1c8bc996c8a4c28e21e64c81399f2edac7195364b18
91039-01-01-50,91039-01-01-50,91039-01-01-50,4u_1705_44,verified,https://heasarc.gsfc.nasa.gov/FTP/xte/data/archive/AO10/P91039/91039-01-01-50/stdprod/xp91039010150_s2.pha.gz,/Users/youhanwanigasuriya/Documents/New project/bh_ns_source_generalization/data/raw/rxte/91039-01-01-50/source-48fd6a536eb8.bin,48fd6a536eb8a501f103acf59cf85cf03f7e9700fb81e070096413d379e2ddba,data/processed/native/91039-01-01-50.npz,cf5304b9a368a54726b6834f6ad43f58bdfa6597b27b5a4050a00cdd70f0c2a6,2026-09-22T11:06:46.676329+00:00,PCA_OGIP_RATE43_OVERLAP_V1,PCA_OGIP_RATE43_OVERLAP_V1,data/raw/rxte/91039-01-01-50/acquisition.json,verified,recorded count/s/selected PCU/output bin,recorded count/s/selected PCU/output bin,Propagated archive statistical covariance; calibration/background systematics excluded,no artificial replacements,,a94fbdeb62ea5f78dae25ed4908fc7d2e8075022e08218fecb2c07c2b598ac7d,,data/provenance/rxte_processing/91039-01-01-50.json,509ffff5ce3118fce94f855357dfeba21e35b9bd3391b763346a8e2cdabd20d7
91039-01-02-30,91039-01-02-30,91039-01-02-30,4u_1705_44,verified,https://heasarc.gsfc.nasa.gov/FTP/xte/data/archive/AO10/P91039/91039-01-02-30/stdprod/xp91039010230_s2.pha.gz,/Users/youhanwanigasuriya/Documents/New project/bh_ns_source_generalization/data/raw/rxte/91039-01-02-30/source-da1f708b0a96.bin,da1f708b0a963964cd1b970dc4e5b85b6ee66f3c08a3661bfd53e7c498bca9ca,data/processed/native/91039-01-02-30.npz,ea7883cf427b44a92ddc6b6d2c401b09e25eb52dc67b275f38d6e9786ae9798c,2026-09-22T11:06:46.862077+00:00,PCA_OGIP_RATE43_OVERLAP_V1,PCA_OGIP_RATE43_OVERLAP_V1,data/raw/rxte/91039-01-02-30/acquisition.json,verified,recorded count/s/selected PCU/output bin,recorded count/s/selected PCU/output bin,Propagated archive statistical covariance; calibration/background systematics excluded,no artificial replacements,,d9a818bb90ff5e7797d7c34c63c6c3f9dfb3ad033105f85aa267869092a78ba3,,data/provenance/rxte_processing/91039-01-02-30.json,f0a18c368283849c0ab8e99b0a82c75946177487191e6d4d981001f60e523b53
91039-01-02-61,91039-01-02-61,91039-01-02-61,4u_1705_44,verified,https://heasarc.gsfc.nasa.gov/FTP/xte/data/archive/AO10/P91039/91039-01-02-61/stdprod/xp91039010261_s2.pha.gz,/Users/youhanwanigasuriya/Documents/New project/bh_ns_source_generalization/data/raw/rxte/91039-01-02-61/source-ca2fcb91e911.bin,ca2fcb91e9111de14f12dad99a836eacef150143e5e20d118b47c3eafa2eca5a,data/processed/native/91039-01-02-61.npz,75172cdacf4e8e2fb368329bf4c308e4bd6f5ff85c195565fa3d134203a9c788,2026-09-22T11:06:48.403436+00:00,PCA_OGIP_RATE43_OVERLAP_V1,PCA_OGIP_RATE43_OVERLAP_V1,data/raw/rxte/91039-01-02-61/acquisition.json,verified,recorded count/s/selected PCU/output bin,recorded count/s/selected PCU/output bin,Propagated archive statistical covariance; calibration/background systematics excluded,no artificial replacements,,3675fe900fea5024e4158b9ce6470fccbf8099cafc997970b704d857b0aa4869,,data/provenance/rxte_processing/91039-01-02-61.json,431e27397fea05ce756bdfab556eb19de2d665e2eb7a5f94449a6a468df2d2d2
91039-01-03-33,91039-01-03-33,91039-01-03-33,4u_1705_44,verified,https://heasarc.gsfc.nasa.gov/FTP/xte/data/archive/AO10/P91039/91039-01-03-33/stdprod/xp91039010333_s2.pha.gz,/Users/youhanwanigasuriya/Documents/New project/bh_ns_source_generalization/data/raw/rxte/91039-01-03-33/source-c02bea138194.bin,c02bea13819449baf3a6630b7b98cecd8f889134f458eac9c8200a697adcae49,data/processed/native/91039-01-03-33.npz,fd7951db6511933284cce6adc89c9bc5d5b82e07e1deb6b7638a5ade32c50b98,2026-09-22T11:06:51.506329+00:00,PCA_OGIP_RATE43_OVERLAP_V1,PCA_OGIP_RATE43_OVERLAP_V1,data/raw/rxte/91039-01-03-33/acquisition.json,verified,recorded count/s/selected PCU/output bin,recorded count/s/selected PCU/output bin,Propagated archive statistical covariance; calibration/background systematics excluded,no artificial replacements,,033ed6eef8655d7a64759d1b518e9eaabff9004bb865dc778db8463137f7661f,,data/provenance/rxte_processing/91039-01-03-33.json,238ed754fdeb98f58e018d4863f17c7853710ab5f99f2b866393a385c28cc96c
91050-05-02-00,91050-05-02-00,91050-05-02-00,1a_1744_361,verified,https://heasarc.gsfc.nasa.gov/FTP/xte/data/archive/AO10/P91050/91050-05-02-00/stdprod/xp91050050200_s2.pha.gz,/Users/youhanwanigasuriya/Documents/New project/bh_ns_source_generalization/data/raw/rxte/91050-05-02-00/source-11dd3bd38753.bin,11dd3bd387538558638a6a917352550723e3d8d53e565b40fd792421411b036c,data/processed/native/91050-05-02-00.npz,87e778621482ad1e1816d0a95b2cbae9e3fb416e927558286ddbeb7540051685,2026-09-22T11:01:43.453541+00:00,PCA_OGIP_RATE43_OVERLAP_V1,PCA_OGIP_RATE43_OVERLAP_V1,data/raw/rxte/91050-05-02-00/acquisition.json,verified,recorded count/s/selected PCU/output bin,recorded count/s/selected PCU/output bin,Propagated archive statistical covariance; calibration/background systematics excluded,no artificial replacements,,f3369cc5b0bf802cfa3304cf36b7fb1f6320f6381ee7294c5f07147a44fc0a93,,data/provenance/rxte_processing/91050-05-02-00.json,26996a179e500616c2f1df2d0550992fde04547dc6ce0f9de526a50d9bb8b20a
91050-05-03-00,91050-05-03-00,91050-05-03-00,1a_1744_361,verified,https://heasarc.gsfc.nasa.gov/FTP/xte/data/archive/AO10/P91050/91050-05-03-00/stdprod/xp91050050300_s2.pha.gz,/Users/youhanwanigasuriya/Documents/New project/bh_ns_source_generalization/data/raw/rxte/91050-05-03-00/source-33ca7339b0aa.bin,33ca7339b0aa111d033aae7dc45eb937eca7e4aed4db81dee9b0c30dff6208fb,data/processed/native/91050-05-03-00.npz,b22b9c570fd8a87d2bd7e29d882c2aba4929442bc66cde80d989d3dab9f08373,2026-09-22T11:01:45.340626+00:00,PCA_OGIP_RATE43_OVERLAP_V1,PCA_OGIP_RATE43_OVERLAP_V1,data/raw/rxte/91050-05-03-00/acquisition.json,verified,recorded count/s/selected PCU/output bin,recorded count/s/selected PCU/output bin,Propagated archive statistical covariance; calibration/background systematics excluded,no artificial replacements,,62d1861f173b5e674c000ad2e7a2d02da75e0f215eda4060b07b0d22361f83d0,,data/provenance/rxte_processing/91050-05-03-00.json,c7b8aa565ffc1d0ba8452776cc2c8112097993d338c501b3808a21cfd63bb158
91050-05-05-00,91050-05-05-00,91050-05-05-00,1a_1744_361,verified,https://heasarc.gsfc.nasa.gov/FTP/xte/data/archive/AO10/P91050/91050-05-05-00/stdprod/xp91050050500_s2.pha.gz,/Users/youhanwanigasuriya/Documents/New project/bh_ns_source_generalization/data/raw/rxte/91050-05-05-00/source-67a87f015399.bin,67a87f0153996ed5d9a954e8adcd4fbd8c41cc158098f1accad1064d0002b0ac,data/processed/native/91050-05-05-00.npz,8c3080d8e6f0768c1c24371f457ec1a2f3a711b45e5a1f04e252306a99d26351,2026-09-22T11:01:48.430706+00:00,PCA_OGIP_RATE43_OVERLAP_V1,PCA_OGIP_RATE43_OVERLAP_V1,data/raw/rxte/91050-05-05-00/acquisition.json,verified,recorded count/s/selected PCU/output bin,recorded count/s/selected PCU/output bin,Propagated archive statistical covariance; calibration/background systematics excluded,no artificial replacements,,2f9eca470b6fef7b476863505b55174e609a3fa525d95ff3068a077181b6c99d,,data/provenance/rxte_processing/91050-05-05-00.json,6f8549e9df6d6719b0eef5601a6757bb3486476885b2262d0f77000511f14ee3
91056-01-02-01,91056-01-02-01,91056-01-02-01,sax_j1808_4_3658,verified,https://heasarc.gsfc.nasa.gov/FTP/xte/data/archive/AO10/P91056/91056-01-02-01/stdprod/xp91056010201_s2.pha.gz,/Users/youhanwanigasuriya/Documents/New project/bh_ns_source_generalization/data/raw/rxte/91056-01-02-01/source-9cc424ddca18.bin,9cc424ddca18edeecce0112174764553755b19ffdf36f81c0cacd7388af999d2,data/processed/native/91056-01-02-01.npz,3b19215ff72d3246d9e229503987a4725841ea43457df6aa3c39eb1fad8a8a14,2026-09-22T10:56:48.590795+00:00,PCA_OGIP_RATE43_OVERLAP_V1,PCA_OGIP_RATE43_OVERLAP_V1,data/raw/rxte/91056-01-02-01/acquisition.json,verified,recorded count/s/selected PCU/output bin,recorded count/s/selected PCU/output bin,Propagated archive statistical covariance; calibration/background systematics excluded,no artificial replacements,,15a3215c75387f366228593b517b41f362430d649e88a808791a5bc02f217eaf,,data/provenance/rxte_processing/91056-01-02-01.json,f1ce7fa3220be57b04f3b5581c15bceb02b7f64f422d78c7e4245d56a0d374d3
91056-01-03-09,91056-01-03-09,91056-01-03-09,sax_j1808_4_3658,verified,https://heasarc.gsfc.nasa.gov/FTP/xte/data/archive/AO10/P91056/91056-01-03-09/stdprod/xp91056010309_s2.pha.gz,/Users/youhanwanigasuriya/Documents/New project/bh_ns_source_generalization/data/raw/rxte/91056-01-03-09/source-d18f329bcdcb.bin,d18f329bcdcb2df878edf30b07e1fb7418bb94e1331876c59aabe783941d34c7,data/processed/native/91056-01-03-09.npz,59b4248a66938a0c5324a7ea682677491e0cbe52d18e56953ca3485b5abb5120,2026-09-22T11:18:30.659602+00:00,PCA_OGIP_RATE43_OVERLAP_V1,PCA_OGIP_RATE43_OVERLAP_V1,data/raw/rxte/91056-01-03-09/acquisition.json,verified,recorded count/s/selected PCU/output bin,recorded count/s/selected PCU/output bin,Propagated archive statistical covariance; calibration/background systematics excluded,no artificial replacements,,b738c3e4e18cc04cff95dcc5ea31d834b2869a6d87878466e33163dbf4206cd3,,data/provenance/rxte_processing/91056-01-03-09.json,5044e1899928cce0d8027526d4f442bef1b0bf00f9bb2e3d1941f152b6ac792d
91057-01-03-01,91057-01-03-01,91057-01-03-01,hete_j1900_1_2455,verified,https://heasarc.gsfc.nasa.gov/FTP/xte/data/archive/AO10/P91057/91057-01-03-01/stdprod/xp91057010301_s2.pha.gz,/Users/youhanwanigasuriya/Documents/New project/bh_ns_source_generalization/data/raw/rxte/91057-01-03-01/source-7151fb6c070c.bin,7151fb6c070c63bc78f5b38f2c1f77cd382f18f5b4a7c6dfccb88326ee5469f9,data/processed/native/91057-01-03-01.npz,e384bcdc32ee4789d059a48bdf07a825740304d44aec3be19c8e53f86d4ecb52,2026-09-22T11:12:43.652245+00:00,PCA_OGIP_RATE43_OVERLAP_V1,PCA_OGIP_RATE43_OVERLAP_V1,data/raw/rxte/91057-01-03-01/acquisition.json,verified,recorded count/s/selected PCU/output bin,recorded count/s/selected PCU/output bin,Propagated archive statistical covariance; calibration/background systematics excluded,no artificial replacements,,4ca534613bcf2b4e4afc705e23488b816ec232d67d0761967179c80daf24e4d1,,data/provenance/rxte_processing/91057-01-03-01.json,cfda421fe9dea29e9c3a46e3dbc77b68680f1346b183458f7b155dd8f01d430a
91057-01-05-04,91057-01-05-04,91057-01-05-04,hete_j1900_1_2455,verified,https://heasarc.gsfc.nasa.gov/FTP/xte/data/archive/AO10/P91057/91057-01-05-04/stdprod/xp91057010504_s2.pha.gz,/Users/youhanwanigasuriya/Documents/New project/bh_ns_source_generalization/data/raw/rxte/91057-01-05-04/source-631b5feb5cca.bin,631b5feb5cca9c1c54abb8678b7a908a8ef86b411e61fdbe7164d39c5bac52fa,data/processed/native/91057-01-05-04.npz,b611052c3d1923ed044d60f1f7996dc52fecea57b033d8ebf4625baa226eb649,2026-09-22T11:12:48.068426+00:00,PCA_OGIP_RATE43_OVERLAP_V1,PCA_OGIP_RATE43_OVERLAP_V1,data/raw/rxte/91057-01-05-04/acquisition.json,verified,recorded count/s/selected PCU/output bin,recorded count/s/selected PCU/output bin,Propagated archive statistical covariance; calibration/background systematics excluded,no artificial replacements,,be9d3da60c1294ebf1b673886cdcafc0fe7c47cbc1c2574b31bacab720565f58,,data/provenance/rxte_processing/91057-01-05-04.json,3ef6d5f3bbcc676f9ebf831da72813c837a7ccc4b4cef84abe615545f195cf54
91057-01-08-00,91057-01-08-00,91057-01-08-00,hete_j1900_1_2455,verified,https://heasarc.gsfc.nasa.gov/FTP/xte/data/archive/AO10/P91057/91057-01-08-00/stdprod/xp91057010800_s2.pha.gz,/Users/youhanwanigasuriya/Documents/New project/bh_ns_source_generalization/data/raw/rxte/91057-01-08-00/source-dc1b1f82c0c6.bin,dc1b1f82c0c67a18dab3e4507ebffea38b39930ddf33f003befe13aca2236177,data/processed/native/91057-01-08-00.npz,6b923af34d0a5377512bb08a05cb0ebcc16b614e7946ea0a35c7e779e6ed0aab,2026-09-22T11:12:50.069555+00:00,PCA_OGIP_RATE43_OVERLAP_V1,PCA_OGIP_RATE43_OVERLAP_V1,data/raw/rxte/91057-01-08-00/acquisition.json,verified,recorded count/s/selected PCU/output bin,recorded count/s/selected PCU/output bin,Propagated archive statistical covariance; calibration/background systematics excluded,no artificial replacements,,b1f8c2ff6021ffef338c5b896b73361e4fba7df302d99601399ab364e9cd40a6,,data/provenance/rxte_processing/91057-01-08-00.json,24791a458199326124ab8325df9c149462719ef6eced0ac15347758051eba960
91057-01-11-00,91057-01-11-00,91057-01-11-00,hete_j1900_1_2455,verified,https://heasarc.gsfc.nasa.gov/FTP/xte/data/archive/AO10/P91057/91057-01-11-00/stdprod/xp91057011100_s2.pha.gz,/Users/youhanwanigasuriya/Documents/New project/bh_ns_source_generalization/data/raw/rxte/91057-01-11-00/source-df18237b30dd.bin,df18237b30ddb102aaf9f5f6a2ed37e1bbeea3509182f33c8acff65a84163def,data/processed/native/91057-01-11-00.npz,12919b3be3d3cf043a6049f861a0946c30241645086f670e35773f6070c850cf,2026-09-22T11:12:52.900626+00:00,PCA_OGIP_RATE43_OVERLAP_V1,PCA_OGIP_RATE43_OVERLAP_V1,data/raw/rxte/91057-01-11-00/acquisition.json,verified,recorded count/s/selected PCU/output bin,recorded count/s/selected PCU/output bin,Propagated archive statistical covariance; calibration/background systematics excluded,no artificial replacements,,96fc4fe68d5efd4f5d8ad0b78b2f8aa14d1d27c5cb6f5d26672b922033953441,,data/provenance/rxte_processing/91057-01-11-00.json,2d343ce07043e390ec2c6c31a7be4390614d792d301df7a07a7af8b7cacf8217
91059-03-03-00,91059-03-03-00,91059-03-03-00,hete_j1900_1_2455,verified,https://heasarc.gsfc.nasa.gov/FTP/xte/data/archive/AO10/P91059/91059-03-03-00/stdprod/xp91059030300_s2.pha.gz,/Users/youhanwanigasuriya/Documents/New project/bh_ns_source_generalization/data/raw/rxte/91059-03-03-00/source-fb591450d9ce.bin,fb591450d9ce60d39eb8289654e2bb68d1375d2588bd91f4b8465d774f7949d2,data/processed/native/91059-03-03-00.npz,7e8313c3e13f9a290585f99bee376787644ab70c46447173ac075d3dfe2b0565,2026-09-22T11:12:43.625240+00:00,PCA_OGIP_RATE43_OVERLAP_V1,PCA_OGIP_RATE43_OVERLAP_V1,data/raw/rxte/91059-03-03-00/acquisition.json,verified,recorded count/s/selected PCU/output bin,recorded count/s/selected PCU/output bin,Propagated archive statistical covariance; calibration/background systematics excluded,no artificial replacements,,1eb0d7cf8cfb7beb71ba2ff603fb5d60fda3a2546e6b7a4df1afd68d4f8c027d,,data/provenance/rxte_processing/91059-03-03-00.json,c04e12296449b70dc514d987f1b41794d73b2f7954107dc2d79e98d8d4b4ea71
91105-04-08-00,91105-04-08-00,91105-04-08-00,gx_339_4,verified,https://heasarc.gsfc.nasa.gov/FTP/xte/data/archive/AO10/P91105/91105-04-08-00/stdprod/xp91105040800_s2.pha.gz,/Users/youhanwanigasuriya/Documents/New project/bh_ns_source_generalization/data/raw/rxte/91105-04-08-00/source-81be9c173da0.bin,81be9c173da0697fef19ce2f3a92adfd136f8b562f58a5c66727aaaef346a159,data/processed/native/91105-04-08-00.npz,4b7ab308dca72ad0fa4446a827a5d6c7b5bdadbdb3df9d27e4c4603b96e1c8c6,2026-09-22T11:12:12.951420+00:00,PCA_OGIP_RATE43_OVERLAP_V1,PCA_OGIP_RATE43_OVERLAP_V1,data/raw/rxte/91105-04-08-00/acquisition.json,verified,recorded count/s/selected PCU/output bin,recorded count/s/selected PCU/output bin,Propagated archive statistical covariance; calibration/background systematics excluded,no artificial replacements,,688b969ad8dc11785bef3fa9ce39034954d1810ff306c34fba1813bd6ee894b1,,data/provenance/rxte_processing/91105-04-08-00.json,af8ed5556b3de7f2ce66726b23606daec3d7e2e2f5e6f2890f93a085a28e503e
91105-04-27-00,91105-04-27-00,91105-04-27-00,gx_339_4,verified,https://heasarc.gsfc.nasa.gov/FTP/xte/data/archive/AO10/P91105/91105-04-27-00/stdprod/xp91105042700_s2.pha.gz,/Users/youhanwanigasuriya/Documents/New project/bh_ns_source_generalization/data/raw/rxte/91105-04-27-00/source-b6c9fc663cce.bin,b6c9fc663cce86b46a8709049249aff50664c005c3fd9c6e21a0cf3d7b231f2a,data/processed/native/91105-04-27-00.npz,64ff3db4c42498f098657603c5408a5148fb106abb0e467d72cd014ab1778070,2026-09-22T11:12:14.903858+00:00,PCA_OGIP_RATE43_OVERLAP_V1,PCA_OGIP_RATE43_OVERLAP_V1,data/raw/rxte/91105-04-27-00/acquisition.json,verified,recorded count/s/selected PCU/output bin,recorded count/s/selected PCU/output bin,Propagated archive statistical covariance; calibration/background systematics excluded,no artificial replacements,,61058f22c878b46fd91fa1e002c69642b714e97a1e511c8bdae5f05fd7402e2a,,data/provenance/rxte_processing/91105-04-27-00.json,3596c6e03c378aadee6e74e190d74eb5f207281a642ac9120967ddef74c979d7
91105-04-70-00,91105-04-70-00,91105-04-70-00,gx_339_4,verified,https://heasarc.gsfc.nasa.gov/FTP/xte/data/archive/AO10/P91105/91105-04-70-00/stdprod/xp91105047000_s2.pha.gz,/Users/youhanwanigasuriya/Documents/New project/bh_ns_source_generalization/data/raw/rxte/91105-04-70-00/source-5a5b331c1ae4.bin,5a5b331c1ae47440f8087671cdb15515996a793c9d8079b39c2ed8cbb93c1e39,data/processed/native/91105-04-70-00.npz,1d9e87f2e8346f84ff557fbc1ad8d221f4f5612f0f6728591ef1f6ef6f5469be,2026-09-22T10:56:19.222946+00:00,PCA_OGIP_RATE43_OVERLAP_V1,PCA_OGIP_RATE43_OVERLAP_V1,data/raw/rxte/91105-04-70-00/acquisition.json,verified,recorded count/s/selected PCU/output bin,recorded count/s/selected PCU/output bin,Propagated archive statistical covariance; calibration/background systematics excluded,no artificial replacements,,9bb1fa96b80d5ac2b0c4d37fc71abbf99ee89aaa6baa218696d336f56d0da52d,,data/provenance/rxte_processing/91105-04-70-00.json,3425972179fcba9c568f28b40af3463aa2ed91ac8bf2ce055f7eafb0340696ef
91152-06-01-10,91152-06-01-10,91152-06-01-10,4u_1735_444,verified,https://heasarc.gsfc.nasa.gov/FTP/xte/data/archive/AO10/P91152/91152-06-01-10/stdprod/xp91152060110_s2.pha.gz,/Users/youhanwanigasuriya/Documents/New project/bh_ns_source_generalization/data/raw/rxte/91152-06-01-10/source-f42132649f7a.bin,f42132649f7a250e5b30b9b49315e10ac2bb460281dbce634a36f6ca23ce474f,data/processed/native/91152-06-01-10.npz,1f80435aef4db3ffc07cda94e5e8861095a10d6b48f46b4b7dea27c45db8e899,2026-09-22T11:08:38.377483+00:00,PCA_OGIP_RATE43_OVERLAP_V1,PCA_OGIP_RATE43_OVERLAP_V1,data/raw/rxte/91152-06-01-10/acquisition.json,verified,recorded count/s/selected PCU/output bin,recorded count/s/selected PCU/output bin,Propagated archive statistical covariance; calibration/background systematics excluded,no artificial replacements,,ac5f44996fa466b54fd20a3e9476d3d91f13a185d42dc4ef425a5dc94d249fc3,,data/provenance/rxte_processing/91152-06-01-10.json,9eb641c9bcbf06960e32af792e2774a644247750face694a9e20628809b73497
91152-06-02-00,91152-06-02-00,91152-06-02-00,4u_1735_444,verified,https://heasarc.gsfc.nasa.gov/FTP/xte/data/archive/AO10/P91152/91152-06-02-00/stdprod/xp91152060200_s2.pha.gz,/Users/youhanwanigasuriya/Documents/New project/bh_ns_source_generalization/data/raw/rxte/91152-06-02-00/source-8735fa82f6bb.bin,8735fa82f6bb3ec5e8607dc9d51b1d61cf408dbd6b3d1993ca4062f8ef4c8df6,data/processed/native/91152-06-02-00.npz,95a0fbc0f743f1f966e014cd76350153c3bdca6e3866af4956b29fb2470876fe,2026-09-22T11:08:48.730213+00:00,PCA_OGIP_RATE43_OVERLAP_V1,PCA_OGIP_RATE43_OVERLAP_V1,data/raw/rxte/91152-06-02-00/acquisition.json,verified,recorded count/s/selected PCU/output bin,recorded count/s/selected PCU/output bin,Propagated archive statistical covariance; calibration/background systematics excluded,no artificial replacements,,0084284bd65be092a220e2673783e20101e5081d997e589cc02e017cf48f8a51,,data/provenance/rxte_processing/91152-06-02-00.json,706efb2f812bb048ef3d505742c9a66a55162479f247638d680fbd47ca0c7ba1
91405-01-27-00,91405-01-27-00,91405-01-27-00,4u_1608_522,verified,https://heasarc.gsfc.nasa.gov/FTP/xte/data/archive/AO10/P91405/91405-01-27-00/stdprod/xp91405012700_s2.pha.gz,/Users/youhanwanigasuriya/Documents/New project/bh_ns_source_generalization/data/raw/rxte/91405-01-27-00/source-d9ab6fe368fb.bin,d9ab6fe368fba3e796d6428b8e86535693467a0de9ce827a3d450bfb5fc0d630,data/processed/native/91405-01-27-00.npz,a3d4c5088928bec87b68c132fbeec0022163f958e7ef1c493c96ebde2fc09b2e,2026-09-22T11:04:33.155552+00:00,PCA_OGIP_RATE43_OVERLAP_V1,PCA_OGIP_RATE43_OVERLAP_V1,data/raw/rxte/91405-01-27-00/acquisition.json,verified,recorded count/s/selected PCU/output bin,recorded count/s/selected PCU/output bin,Propagated archive statistical covariance; calibration/background systematics excluded,no artificial replacements,,7b0a7c8b720b1c6afe4bdec3c09e559447499f42c9f8f6662ec81fc38ad2a481,,data/provenance/rxte_processing/91405-01-27-00.json,9bed99f52ecdfb7033b1d20d6f722e44d51ccdc4148e364f991d4031d817f480
91405-01-41-00,91405-01-41-00,91405-01-41-00,4u_1608_522,verified,https://heasarc.gsfc.nasa.gov/FTP/xte/data/archive/AO10/P91405/91405-01-41-00/stdprod/xp91405014100_s2.pha.gz,/Users/youhanwanigasuriya/Documents/New project/bh_ns_source_generalization/data/raw/rxte/91405-01-41-00/source-293da797ab55.bin,293da797ab55557ca0c8b7314e1d2b2d03134503d629faf970aff57b764eff41,data/processed/native/91405-01-41-00.npz,d6291c3c699a509e777e33efd3b88c4e749e959b5e723b5486d1dc2b18d982d4,2026-09-22T11:04:34.885732+00:00,PCA_OGIP_RATE43_OVERLAP_V1,PCA_OGIP_RATE43_OVERLAP_V1,data/raw/rxte/91405-01-41-00/acquisition.json,verified,recorded count/s/selected PCU/output bin,recorded count/s/selected PCU/output bin,Propagated archive statistical covariance; calibration/background systematics excluded,no artificial replacements,,303882bb6c5db5cdf749bbc7211b734038fdef41ca6df0238d79df99e32bc91c,,data/provenance/rxte_processing/91405-01-41-00.json,b5aac70abe95cda52be357b38991845daea146c4bfe2789ba0edd9a3efad4ea9
91414-01-05-00,91414-01-05-00,91414-01-05-00,aql_x_1,verified,https://heasarc.gsfc.nasa.gov/FTP/xte/data/archive/AO10/P91414/91414-01-05-00/stdprod/xp91414010500_s2.pha.gz,/Users/youhanwanigasuriya/Documents/New project/bh_ns_source_generalization/data/raw/rxte/91414-01-05-00/source-58daf81457dd.bin,58daf81457dd70e66af2ce14da2607c431e7645a0402d56d12286ced4d1c85b5,data/processed/native/91414-01-05-00.npz,df49f08f1981f24ff451f2f8c89fc9dfa2abad9b9b7641f77cd7688f33d39468,2026-09-22T11:10:16.610605+00:00,PCA_OGIP_RATE43_OVERLAP_V1,PCA_OGIP_RATE43_OVERLAP_V1,data/raw/rxte/91414-01-05-00/acquisition.json,verified,recorded count/s/selected PCU/output bin,recorded count/s/selected PCU/output bin,Propagated archive statistical covariance; calibration/background systematics excluded,no artificial replacements,,a00100c7860ebb8d0fe4589d0144b75fa56b9560b37dc7d32ea531413941cfda,,data/provenance/rxte_processing/91414-01-05-00.json,51ccae25daa4ed2d5f1b081d25689cdeef229a05107954bc83f4e15dd7b42be5
91414-01-09-07,91414-01-09-07,91414-01-09-07,aql_x_1,verified,https://heasarc.gsfc.nasa.gov/FTP/xte/data/archive/AO10/P91414/91414-01-09-07/stdprod/xp91414010907_s2.pha.gz,/Users/youhanwanigasuriya/Documents/New project/bh_ns_source_generalization/data/raw/rxte/91414-01-09-07/source-1c188f125f35.bin,1c188f125f35c46bacbba082cbe6d19455139ffcc6bbc913c23e175320153733,data/processed/native/91414-01-09-07.npz,669e0e5d3b08a5da5873b2c85c393f77c33f24a5a11c3bcb8ba0f60f9425ea2e,2026-09-22T11:10:19.150586+00:00,PCA_OGIP_RATE43_OVERLAP_V1,PCA_OGIP_RATE43_OVERLAP_V1,data/raw/rxte/91414-01-09-07/acquisition.json,verified,recorded count/s/selected PCU/output bin,recorded count/s/selected PCU/output bin,Propagated archive statistical covariance; calibration/background systematics excluded,no artificial replacements,,d294ee438c0a6d05d2a2899f701db6eeafff47292ebf4984f4bc6d7fd708f94a,,data/provenance/rxte_processing/91414-01-09-07.json,8bb177ddda238041ac545b72696dc5ac38c54ea28122631771008db74fdbb6c2
91418-01-03-01,91418-01-03-01,91418-01-03-01,sax_j1808_4_3658,verified,https://heasarc.gsfc.nasa.gov/FTP/xte/data/archive/AO10/P91418/91418-01-03-01/stdprod/xp91418010301_s2.pha.gz,/Users/youhanwanigasuriya/Documents/New project/bh_ns_source_generalization/data/raw/rxte/91418-01-03-01/source-00a7c76ac0de.bin,00a7c76ac0de86dc5d5d97693a9a80f17c36a43afe4e3f94b78b53e95a5fb82d,data/processed/native/91418-01-03-01.npz,bc40ad360890281c9238f7071ae63fd8685ba1d186972010e8c0d938b82df560,2026-09-22T11:18:32.249825+00:00,PCA_OGIP_RATE43_OVERLAP_V1,PCA_OGIP_RATE43_OVERLAP_V1,data/raw/rxte/91418-01-03-01/acquisition.json,verified,recorded count/s/selected PCU/output bin,recorded count/s/selected PCU/output bin,Propagated archive statistical covariance; calibration/background systematics excluded,no artificial replacements,,459b1f94641a0e1a4853b054a0fb03004ef65876dfc818ba912fd06f8d02f694,,data/provenance/rxte_processing/91418-01-03-01.json,a229c43c179c44325f76951619b20921e441a9f1f73f17bc16c67b07a70896bb
91418-01-06-03,91418-01-06-03,91418-01-06-03,sax_j1808_4_3658,verified,https://heasarc.gsfc.nasa.gov/FTP/xte/data/archive/AO10/P91418/91418-01-06-03/stdprod/xp91418010603_s2.pha.gz,/Users/youhanwanigasuriya/Documents/New project/bh_ns_source_generalization/data/raw/rxte/91418-01-06-03/source-dfdc165af360.bin,dfdc165af3607c6cf9f5e63fba7d4e1b5230d86559ec3704eab5bc1ebbdeb2c6,data/processed/native/91418-01-06-03.npz,3ad1062a743593526a193da76980653839d215194e82810f6c7231fd2c614156,2026-09-22T11:18:34.350641+00:00,PCA_OGIP_RATE43_OVERLAP_V1,PCA_OGIP_RATE43_OVERLAP_V1,data/raw/rxte/91418-01-06-03/acquisition.json,verified,recorded count/s/selected PCU/output bin,recorded count/s/selected PCU/output bin,Propagated archive statistical covariance; calibration/background systematics excluded,no artificial replacements,,40832e0d316de518c19a5f939b5a14ab7745b16bf3732499f9923f8734a30f0f,,data/provenance/rxte_processing/91418-01-06-03.json,065f98dfcb3c5e90437e2223f0da64fbb4f20e72ea9b8178dca3e4e487d72353
91422-01-01-00,91422-01-01-00,91422-01-01-00,v4641_sgr,verified,https://heasarc.gsfc.nasa.gov/FTP/xte/data/archive/AO10/P91422/91422-01-01-00/stdprod/xp91422010100_s2.pha.gz,/Users/youhanwanigasuriya/Documents/New project/bh_ns_source_generalization/data/raw/rxte/91422-01-01-00/source-597db6bb4c88.bin,597db6bb4c88131c0070f07440035cde8821e1195cbe3b61b18452a74588f2ee,data/processed/native/91422-01-01-00.npz,3deb85556b7868c0a1927ccce17c9b0ff4fa5a4416fcdcbc80f55e8988622a28,2026-09-22T11:22:00.127302+00:00,PCA_OGIP_RATE43_OVERLAP_V1,PCA_OGIP_RATE43_OVERLAP_V1,data/raw/rxte/91422-01-01-00/acquisition.json,verified,recorded count/s/selected PCU/output bin,recorded count/s/selected PCU/output bin,Propagated archive statistical covariance; calibration/background systematics excluded,no artificial replacements,,fb400707efaa38ecf8d280f33b26a7e01e075a4e492a37811c6e0a0855689e40,,data/provenance/rxte_processing/91422-01-01-00.json,b64b0ddf1295f9ece8a3694f0c26255dc27c6e84a2519e20e27f4ead0cfeb7c5
91422-01-01-02,91422-01-01-02,91422-01-01-02,v4641_sgr,verified,https://heasarc.gsfc.nasa.gov/FTP/xte/data/archive/AO10/P91422/91422-01-01-02/stdprod/xp91422010102_s2.pha.gz,/Users/youhanwanigasuriya/Documents/New project/bh_ns_source_generalization/data/raw/rxte/91422-01-01-02/source-04339fe77689.bin,04339fe77689f495f3b0d9c0ee302f24e8b5af62fa25b0459ca2b1ff7604e425,data/processed/native/91422-01-01-02.npz,86280281ee43196f6ede1aab1f1dbd8d7122c9ff4e6f4eb028dba9bdf2f64ddf,2026-09-22T11:22:07.223890+00:00,PCA_OGIP_RATE43_OVERLAP_V1,PCA_OGIP_RATE43_OVERLAP_V1,data/raw/rxte/91422-01-01-02/acquisition.json,verified,recorded count/s/selected PCU/output bin,recorded count/s/selected PCU/output bin,Propagated archive statistical covariance; calibration/background systematics excluded,no artificial replacements,,2d78e79c1d488c09d668ba8972a90f0f974b9015e49d77863fb8e8384f2dc64b,,data/provenance/rxte_processing/91422-01-01-02.json,c4ad073b44222a398653822634d53580f5cf1ff706a88794466a2341616c6ae0
91422-01-01-03,91422-01-01-03,91422-01-01-03,v4641_sgr,verified,https://heasarc.gsfc.nasa.gov/FTP/xte/data/archive/AO10/P91422/91422-01-01-03/stdprod/xp91422010103_s2.pha.gz,/Users/youhanwanigasuriya/Documents/New project/bh_ns_source_generalization/data/raw/rxte/91422-01-01-03/source-f83b3261b654.bin,f83b3261b65487062286776ac0bba62b3ce965516c02c214211037120d58c61e,data/processed/native/91422-01-01-03.npz,549f74feee4aa7dcd6178ec42372719465ff3c3adb93c4938d6c70a44ae64049,2026-09-22T11:22:08.614895+00:00,PCA_OGIP_RATE43_OVERLAP_V1,PCA_OGIP_RATE43_OVERLAP_V1,data/raw/rxte/91422-01-01-03/acquisition.json,verified,recorded count/s/selected PCU/output bin,recorded count/s/selected PCU/output bin,Propagated archive statistical covariance; calibration/background systematics excluded,no artificial replacements,,6aa4c72e0d85e16ebc35b28b8825b6fc7baa4fe63e539ad004f0f02c1f39c93b,,data/provenance/rxte_processing/91422-01-01-03.json,cd37b8d329a59612a21283b4e52f384b55611e6c156672a142e3c8e4146bf2f5
91425-01-04-02,91425-01-04-02,91425-01-04-02,4u_0614_09,verified,https://heasarc.gsfc.nasa.gov/FTP/xte/data/archive/AO10/P91425/91425-01-04-02/stdprod/xp91425010402_s2.pha.gz,/Users/youhanwanigasuriya/Documents/New project/bh_ns_source_generalization/data/raw/rxte/91425-01-04-02/source-9309411fd394.bin,9309411fd3948fc3695fbf3fc3ca1b9794aa9d1ac36f832df3f23422e46bd930,data/processed/native/91425-01-04-02.npz,927239f420dd358e80d00e523521173dd5fec13c5ce0791e77ed5e41459ae944,2026-09-22T11:02:53.744749+00:00,PCA_OGIP_RATE43_OVERLAP_V1,PCA_OGIP_RATE43_OVERLAP_V1,data/raw/rxte/91425-01-04-02/acquisition.json,verified,recorded count/s/selected PCU/output bin,recorded count/s/selected PCU/output bin,Propagated archive statistical covariance; calibration/background systematics excluded,no artificial replacements,,cfac630fc6759fa50f1203440d42a781ee2c6067d4efaca60b3689b886ee76e4,,data/provenance/rxte_processing/91425-01-04-02.json,be11ea5be9c988b15d00a771da181c269c907c1943d92ea8833cef0ad653f71a
92023-01-42-10,92023-01-42-10,92023-01-42-10,4u_1636_536,verified,https://heasarc.gsfc.nasa.gov/FTP/xte/data/archive/AO11/P92023/92023-01-42-10/stdprod/xp92023014210_s2.pha.gz,/Users/youhanwanigasuriya/Documents/New project/bh_ns_source_generalization/data/raw/rxte/92023-01-42-10/source-d7e56f9b63ff.bin,d7e56f9b63ffeb2066757aab216f6de9a815324017d2cbbf5efcd3557004bd4d,data/processed/native/92023-01-42-10.npz,71ff4ba4f1f2ce53629b289f80348137d81d08da787855dee12eb5118a10a48a,2026-09-22T11:05:19.464003+00:00,PCA_OGIP_RATE43_OVERLAP_V1,PCA_OGIP_RATE43_OVERLAP_V1,data/raw/rxte/92023-01-42-10/acquisition.json,verified,recorded count/s/selected PCU/output bin,recorded count/s/selected PCU/output bin,Propagated archive statistical covariance; calibration/background systematics excluded,no artificial replacements,,10ea00d2a19980f59cc580aaa56161945f328b73fc5c50e94ae41742e3f835b7,,data/provenance/rxte_processing/92023-01-42-10.json,5b3d8e6ff1d3309afdf6b42f6dbfa43d3cecf9927d90a3a3933c5cb5a6404e0e
92023-01-43-00,92023-01-43-00,92023-01-43-00,4u_1636_536,verified,https://heasarc.gsfc.nasa.gov/FTP/xte/data/archive/AO11/P92023/92023-01-43-00/stdprod/xp92023014300_s2.pha.gz,/Users/youhanwanigasuriya/Documents/New project/bh_ns_source_generalization/data/raw/rxte/92023-01-43-00/source-575e8959b8a2.bin,575e8959b8a2c122964b17faa066ffc3cb178dae1dd1d893a19394c1f113105c,data/processed/native/92023-01-43-00.npz,46c2a86e2e064dc443cbb37e3e4fbe2587da1376c47ea58186b50c70d5cecd60,2026-09-22T11:05:17.360059+00:00,PCA_OGIP_RATE43_OVERLAP_V1,PCA_OGIP_RATE43_OVERLAP_V1,data/raw/rxte/92023-01-43-00/acquisition.json,verified,recorded count/s/selected PCU/output bin,recorded count/s/selected PCU/output bin,Propagated archive statistical covariance; calibration/background systematics excluded,no artificial replacements,,8cfb4f720ab94d65da7d78c91cb8cd8b03d8b1d8cf1199e2b4b471f4b5f1467b,,data/provenance/rxte_processing/92023-01-43-00.json,1f6776f4218b50f76e3e8e6ef97574aebad52a0eb10ff8f980937a3167b2d58d
92023-01-93-00,92023-01-93-00,92023-01-93-00,4u_1636_536,verified,https://heasarc.gsfc.nasa.gov/FTP/xte/data/archive/AO11/P92023/92023-01-93-00/stdprod/xp92023019300_s2.pha.gz,/Users/youhanwanigasuriya/Documents/New project/bh_ns_source_generalization/data/raw/rxte/92023-01-93-00/source-aa3f3fab6011.bin,aa3f3fab6011dca402c10d0b5e65bca84f79584efecd4ecf47ab7667fc744209,data/processed/native/92023-01-93-00.npz,89d15a215ec1b25a8fc955199d87b1fadfb2d975244fa837e90ee755ef0de94c,2026-09-22T11:05:17.360640+00:00,PCA_OGIP_RATE43_OVERLAP_V1,PCA_OGIP_RATE43_OVERLAP_V1,data/raw/rxte/92023-01-93-00/acquisition.json,verified,recorded count/s/selected PCU/output bin,recorded count/s/selected PCU/output bin,Propagated archive statistical covariance; calibration/background systematics excluded,no artificial replacements,,9e0988bead128b07652cc25d7c6250498e0d47980d64e75a6edd84e8a3af8fed,,data/provenance/rxte_processing/92023-01-93-00.json,ab434361f3fa6f5aabee3132d865c31b4387da6bb4164aedf6158d9f2189d251
92023-01-94-10,92023-01-94-10,92023-01-94-10,4u_1636_536,verified,https://heasarc.gsfc.nasa.gov/FTP/xte/data/archive/AO11/P92023/92023-01-94-10/stdprod/xp92023019410_s2.pha.gz,/Users/youhanwanigasuriya/Documents/New project/bh_ns_source_generalization/data/raw/rxte/92023-01-94-10/source-fea6b80b47d3.bin,fea6b80b47d31dd6b4195d288f7f57cc0d6b39ee7ce528b76126da4ff52d055c,data/processed/native/92023-01-94-10.npz,344c5b4301227201ec3143a2425d01d13591eed3623fcc07e75c068ae651805d,2026-09-22T11:05:23.182271+00:00,PCA_OGIP_RATE43_OVERLAP_V1,PCA_OGIP_RATE43_OVERLAP_V1,data/raw/rxte/92023-01-94-10/acquisition.json,verified,recorded count/s/selected PCU/output bin,recorded count/s/selected PCU/output bin,Propagated archive statistical covariance; calibration/background systematics excluded,no artificial replacements,,02ddd4e63970c80700bed40cd7d1b408b2b26e3e67e8dae27a0ddf7998bb8b6e,,data/provenance/rxte_processing/92023-01-94-10.json,7d0588c77b9b5180ef7a2d47d99b6bd70519a8b663c9935a4f2434f4f48bfa26
92023-02-08-00,92023-02-08-00,92023-02-08-00,4u_1636_536,verified,https://heasarc.gsfc.nasa.gov/FTP/xte/data/archive/AO11/P92023/92023-02-08-00/stdprod/xp92023020800_s2.pha.gz,/Users/youhanwanigasuriya/Documents/New project/bh_ns_source_generalization/data/raw/rxte/92023-02-08-00/source-c98a512af0cf.bin,c98a512af0cff3a031ade0133d78d94e16eb717457d66beb8b54b150c5d902e8,data/processed/native/92023-02-08-00.npz,cc6375993a799c628d6fac7307c9d96d6393edf87c6a13c3c159a87de252f42c,2026-09-22T11:05:15.444324+00:00,PCA_OGIP_RATE43_OVERLAP_V1,PCA_OGIP_RATE43_OVERLAP_V1,data/raw/rxte/92023-02-08-00/acquisition.json,verified,recorded count/s/selected PCU/output bin,recorded count/s/selected PCU/output bin,Propagated archive statistical covariance; calibration/background systematics excluded,no artificial replacements,,dfcab337c0aeb8d856f5bb6cd4b654b2bd7b173512aa53b7b3be05a7b29b72a7,,data/provenance/rxte_processing/92023-02-08-00.json,a514a8d410ca91dce930983ba89d9bc8a6b96a20f70c131219047424effd3537
92023-03-07-00,92023-03-07-00,92023-03-07-00,4u_1728_34,verified,https://heasarc.gsfc.nasa.gov/FTP/xte/data/archive/AO11/P92023/92023-03-07-00/stdprod/xp92023030700_s2.pha.gz,/Users/youhanwanigasuriya/Documents/New project/bh_ns_source_generalization/data/raw/rxte/92023-03-07-00/source-9579b4421145.bin,9579b4421145af82318de93aa39f5bee35f7af2124cfc305c7e03397b63c3f31,data/processed/native/92023-03-07-00.npz,557f4b2dda5b9d55b40302277cde17067e1b82f81f3e43b7650343832e6afc5e,2026-09-22T11:07:57.640693+00:00,PCA_OGIP_RATE43_OVERLAP_V1,PCA_OGIP_RATE43_OVERLAP_V1,data/raw/rxte/92023-03-07-00/acquisition.json,verified,recorded count/s/selected PCU/output bin,recorded count/s/selected PCU/output bin,Propagated archive statistical covariance; calibration/background systematics excluded,no artificial replacements,,10dae717669b1547567f788936072a87a22bb9726bf73060dbb88e9e06824d50,,data/provenance/rxte_processing/92023-03-07-00.json,5ee19064b08582ad52e4cff99036333c1b4da502e9b1985be19fa9bfe678de0d
92023-03-09-10,92023-03-09-10,92023-03-09-10,4u_1728_34,verified,https://heasarc.gsfc.nasa.gov/FTP/xte/data/archive/AO11/P92023/92023-03-09-10/stdprod/xp92023030910_s2.pha.gz,/Users/youhanwanigasuriya/Documents/New project/bh_ns_source_generalization/data/raw/rxte/92023-03-09-10/source-e5efd0c788c7.bin,e5efd0c788c7f3aa8fa3ada29016b7dd3c34134dedfef618dd1098851b3d030e,data/processed/native/92023-03-09-10.npz,8b8f43fa55d6faa476a496025b565681919d59ba82921ffe60362aa85ab68fca,2026-09-22T11:08:07.270186+00:00,PCA_OGIP_RATE43_OVERLAP_V1,PCA_OGIP_RATE43_OVERLAP_V1,data/raw/rxte/92023-03-09-10/acquisition.json,verified,recorded count/s/selected PCU/output bin,recorded count/s/selected PCU/output bin,Propagated archive statistical covariance; calibration/background systematics excluded,no artificial replacements,,fed7d58eec71f132132e05d45d0422bbfd25182ccfaa685696aa3e60ed8eb6ff,,data/provenance/rxte_processing/92023-03-09-10.json,a9716c4cad4a61b145228169ebd3910262e675528d5644fa6f66cbea0b5c7cff
92023-03-22-00,92023-03-22-00,92023-03-22-00,4u_1728_34,verified,https://heasarc.gsfc.nasa.gov/FTP/xte/data/archive/AO11/P92023/92023-03-22-00/stdprod/xp92023032200_s2.pha.gz,/Users/youhanwanigasuriya/Documents/New project/bh_ns_source_generalization/data/raw/rxte/92023-03-22-00/source-334fc2e553ab.bin,334fc2e553ab324f161cca4bda33b4fa083a5998656edc7050d3f363b475067c,data/processed/native/92023-03-22-00.npz,13a8bcf9f93bba579144a8de2adb7d045fddc2cb2496427aa3eaa3712addc97e,2026-09-22T10:55:54.323590+00:00,PCA_OGIP_RATE43_OVERLAP_V1,PCA_OGIP_RATE43_OVERLAP_V1,data/raw/rxte/92023-03-22-00/acquisition.json,verified,recorded count/s/selected PCU/output bin,recorded count/s/selected PCU/output bin,Propagated archive statistical covariance; calibration/background systematics excluded,no artificial replacements,,b3c2a87dd8cd5d4051c98de2a94c914fbdb99610bf3099f810860ce6b1359a3f,,data/provenance/rxte_processing/92023-03-22-00.json,8c3c1f7a9ba5da03f5eec57c27f690f1b432fd8c1f2010ae98699c2517edc209
92023-03-22-10,92023-03-22-10,92023-03-22-10,4u_1728_34,verified,https://heasarc.gsfc.nasa.gov/FTP/xte/data/archive/AO11/P92023/92023-03-22-10/stdprod/xp92023032210_s2.pha.gz,/Users/youhanwanigasuriya/Documents/New project/bh_ns_source_generalization/data/raw/rxte/92023-03-22-10/source-2afda6a6b4a8.bin,2afda6a6b4a85254fac45c2c6b28b68bd20c33314fa3e53289aeb2769de21a67,data/processed/native/92023-03-22-10.npz,d7cc56cb863f5e2b775c55df6d14c3594d3f07064306ac7053e2fbe4b93ebd39,2026-09-22T11:08:07.967025+00:00,PCA_OGIP_RATE43_OVERLAP_V1,PCA_OGIP_RATE43_OVERLAP_V1,data/raw/rxte/92023-03-22-10/acquisition.json,verified,recorded count/s/selected PCU/output bin,recorded count/s/selected PCU/output bin,Propagated archive statistical covariance; calibration/background systematics excluded,no artificial replacements,,a81417d6a32f7ccdddca5c8eb4f8ed3c04ba3acc08428e16d7d6fe8505bade1b,,data/provenance/rxte_processing/92023-03-22-10.json,64bdc5c2cbf89a6416fb3782f25811fbd092262c3fba05a3a2a36ae110ec2425
92023-03-33-00,92023-03-33-00,92023-03-33-00,4u_1728_34,verified,https://heasarc.gsfc.nasa.gov/FTP/xte/data/archive/AO11/P92023/92023-03-33-00/stdprod/xp92023033300_s2.pha.gz,/Users/youhanwanigasuriya/Documents/New project/bh_ns_source_generalization/data/raw/rxte/92023-03-33-00/source-f574de22d825.bin,f574de22d8258392dfdb831858bc82732b6750900c9d2c2a9ef1d70235e8179c,data/processed/native/92023-03-33-00.npz,5c1b8a57702bd7de61ccd81b061234453b767a5923b3fb8400fc0be319960b40,2026-09-22T11:07:58.385093+00:00,PCA_OGIP_RATE43_OVERLAP_V1,PCA_OGIP_RATE43_OVERLAP_V1,data/raw/rxte/92023-03-33-00/acquisition.json,verified,recorded count/s/selected PCU/output bin,recorded count/s/selected PCU/output bin,Propagated archive statistical covariance; calibration/background systematics excluded,no artificial replacements,,5bc750c4bfd387d3985d30472a378b6c016a969dec02d9232388f2ed5647d553,,data/provenance/rxte_processing/92023-03-33-00.json,791e56662a3a029b2d17edfd0a223cf44446b19e48c3319b048d04263a2635a6
92023-03-33-10,92023-03-33-10,92023-03-33-10,4u_1728_34,verified,https://heasarc.gsfc.nasa.gov/FTP/xte/data/archive/AO11/P92023/92023-03-33-10/stdprod/xp92023033310_s2.pha.gz,/Users/youhanwanigasuriya/Documents/New project/bh_ns_source_generalization/data/raw/rxte/92023-03-33-10/source-dcca1abc6982.bin,dcca1abc69829cd6bf90ca8a1c93fe158d87228cfac7cf80c3f0a67966434fe0,data/processed/native/92023-03-33-10.npz,ea9087bb208ba37cce748d3ab7e974286c5cd3dd64e216168fd86adcf851065b,2026-09-22T11:08:09.021058+00:00,PCA_OGIP_RATE43_OVERLAP_V1,PCA_OGIP_RATE43_OVERLAP_V1,data/raw/rxte/92023-03-33-10/acquisition.json,verified,recorded count/s/selected PCU/output bin,recorded count/s/selected PCU/output bin,Propagated archive statistical covariance; calibration/background systematics excluded,no artificial replacements,,01ea896c2ee192909969b7f007b7d0a3250188b8dfe9beebd9d852432988d681,,data/provenance/rxte_processing/92023-03-33-10.json,91c4f20b9cd7c6671103533283b4c9dfe8934fcccf43a7c5658390fd16990ba1
92023-03-46-10,92023-03-46-10,92023-03-46-10,4u_1728_34,verified,https://heasarc.gsfc.nasa.gov/FTP/xte/data/archive/AO11/P92023/92023-03-46-10/stdprod/xp92023034610_s2.pha.gz,/Users/youhanwanigasuriya/Documents/New project/bh_ns_source_generalization/data/raw/rxte/92023-03-46-10/source-911f9ece9c9c.bin,911f9ece9c9c85ed7848049f034dfc15a8629b27885651c1c03ad18ce452f755,data/processed/native/92023-03-46-10.npz,ba35c4a286ac4cf4a8b55bc857131a844de64cf0970c4cc42466fafff643158b,2026-09-22T11:08:12.268193+00:00,PCA_OGIP_RATE43_OVERLAP_V1,PCA_OGIP_RATE43_OVERLAP_V1,data/raw/rxte/92023-03-46-10/acquisition.json,verified,recorded count/s/selected PCU/output bin,recorded count/s/selected PCU/output bin,Propagated archive statistical covariance; calibration/background systematics excluded,no artificial replacements,,757c30ef8fc548ff3d3a820c40858938cae6cac782927e8c1a56bb0368db9393,,data/provenance/rxte_processing/92023-03-46-10.json,6c455d522a810059df14f0cb00cb8e93fcdf5c232e83fb5c9b40e63279dac73a
92023-03-47-00,92023-03-47-00,92023-03-47-00,4u_1728_34,verified,https://heasarc.gsfc.nasa.gov/FTP/xte/data/archive/AO11/P92023/92023-03-47-00/stdprod/xp92023034700_s2.pha.gz,/Users/youhanwanigasuriya/Documents/New project/bh_ns_source_generalization/data/raw/rxte/92023-03-47-00/source-ccd9f582ce7f.bin,ccd9f582ce7f321cf02437e23c2c64db11efe5caab150525f681ba773a97734c,data/processed/native/92023-03-47-00.npz,75761509d233ecae4196dbe9e5bd66ace7c27b6bc7b6131e8ce04f9041b322a6,2026-09-22T11:08:15.177231+00:00,PCA_OGIP_RATE43_OVERLAP_V1,PCA_OGIP_RATE43_OVERLAP_V1,data/raw/rxte/92023-03-47-00/acquisition.json,verified,recorded count/s/selected PCU/output bin,recorded count/s/selected PCU/output bin,Propagated archive statistical covariance; calibration/background systematics excluded,no artificial replacements,,8a2d24eeb16b3542301485812f62a4da4b9c9f5dfd2a0d2bcbf977c8c8213793,,data/provenance/rxte_processing/92023-03-47-00.json,4b97ce89663efb455e45e33f20f3ae40e1cd484b6d640f95cf7b1c79f3857c93
92023-03-52-00,92023-03-52-00,92023-03-52-00,4u_1728_34,verified,https://heasarc.gsfc.nasa.gov/FTP/xte/data/archive/AO11/P92023/92023-03-52-00/stdprod/xp92023035200_s2.pha.gz,/Users/youhanwanigasuriya/Documents/New project/bh_ns_source_generalization/data/raw/rxte/92023-03-52-00/source-eff801a0388e.bin,eff801a0388e17c866ffed6342cb5daae1fdc5685bdeba0e203b18df1752900c,data/processed/native/92023-03-52-00.npz,2b31cb67920fab570831c97fa843e3c1be71577d2f9204de50232538556c57dd,2026-09-22T11:08:02.059689+00:00,PCA_OGIP_RATE43_OVERLAP_V1,PCA_OGIP_RATE43_OVERLAP_V1,data/raw/rxte/92023-03-52-00/acquisition.json,verified,recorded count/s/selected PCU/output bin,recorded count/s/selected PCU/output bin,Propagated archive statistical covariance; calibration/background systematics excluded,no artificial replacements,,b9e0948a50eec701a1356c57d5ab846edee530b810040d9b47624677fa07866f,,data/provenance/rxte_processing/92023-03-52-00.json,154af8aa4865336d8c1040c7071f5a9510d8b846f9a488669c91b55cc373473b
92023-03-59-10,92023-03-59-10,92023-03-59-10,4u_1728_34,verified,https://heasarc.gsfc.nasa.gov/FTP/xte/data/archive/AO11/P92023/92023-03-59-10/stdprod/xp92023035910_s2.pha.gz,/Users/youhanwanigasuriya/Documents/New project/bh_ns_source_generalization/data/raw/rxte/92023-03-59-10/source-221f5748cc20.bin,221f5748cc2055a43e13ffe7c9c00718b2c17c57fd3536e0041d5f47c3f8bc2f,data/processed/native/92023-03-59-10.npz,4edf36c0f99fbed610f224460c0af884cfbc7f1fd73f4fb7b9e55f004e127eeb,2026-09-22T11:08:16.163540+00:00,PCA_OGIP_RATE43_OVERLAP_V1,PCA_OGIP_RATE43_OVERLAP_V1,data/raw/rxte/92023-03-59-10/acquisition.json,verified,recorded count/s/selected PCU/output bin,recorded count/s/selected PCU/output bin,Propagated archive statistical covariance; calibration/background systematics excluded,no artificial replacements,,15f88e82b387af093cdc0b8025160b25e566d377bb0d84de7ba3e6138e1f112f,,data/provenance/rxte_processing/92023-03-59-10.json,9f953ec082645b9f2ee0ba0d11ba62cedfcf3702bd194ea9e8fc4fce2ae6a0ab
92023-03-68-00,92023-03-68-00,92023-03-68-00,4u_1728_34,verified,https://heasarc.gsfc.nasa.gov/FTP/xte/data/archive/AO11/P92023/92023-03-68-00/stdprod/xp92023036800_s2.pha.gz,/Users/youhanwanigasuriya/Documents/New project/bh_ns_source_generalization/data/raw/rxte/92023-03-68-00/source-fcdf70f74a26.bin,fcdf70f74a264dcebb4a251ba61031339f9f3ef6f04d7d9e3c43489b49e937e6,data/processed/native/92023-03-68-00.npz,adf01fcdc8c6c5810d2ccb88b7f07f31f710911908381ca281686d5035c8885b,2026-09-22T11:08:16.928116+00:00,PCA_OGIP_RATE43_OVERLAP_V1,PCA_OGIP_RATE43_OVERLAP_V1,data/raw/rxte/92023-03-68-00/acquisition.json,verified,recorded count/s/selected PCU/output bin,recorded count/s/selected PCU/output bin,Propagated archive statistical covariance; calibration/background systematics excluded,no artificial replacements,,750ccf94e2e5636509b3b2eec89318ebf23b62e69071b1525af62296bcd21179,,data/provenance/rxte_processing/92023-03-68-00.json,70ff10aaaf7e07f7a479bc2ef9063bfc8bcf4cd8cd2bcede3b2b5d89b98216b7
92023-03-74-10,92023-03-74-10,92023-03-74-10,4u_1728_34,verified,https://heasarc.gsfc.nasa.gov/FTP/xte/data/archive/AO11/P92023/92023-03-74-10/stdprod/xp92023037410_s2.pha.gz,/Users/youhanwanigasuriya/Documents/New project/bh_ns_source_generalization/data/raw/rxte/92023-03-74-10/source-98c1375c1d74.bin,98c1375c1d74c71b6409fef2ffc11c3d5c4ad489387454625eaf3fde06810461,data/processed/native/92023-03-74-10.npz,1376fa266494c401ba43c6a64d2130f869b64e65836097efb31b39c00961f6e2,2026-09-22T11:08:18.601106+00:00,PCA_OGIP_RATE43_OVERLAP_V1,PCA_OGIP_RATE43_OVERLAP_V1,data/raw/rxte/92023-03-74-10/acquisition.json,verified,recorded count/s/selected PCU/output bin,recorded count/s/selected PCU/output bin,Propagated archive statistical covariance; calibration/background systematics excluded,no artificial replacements,,7eac75bd63d0d84538fd326f10388754a9609dd0f0c0b4fa41b542b4c10d953d,,data/provenance/rxte_processing/92023-03-74-10.json,7dfe3a8c740710d275decd853182e28be674e28a1f5857944985f04c58420310
92023-03-81-00,92023-03-81-00,92023-03-81-00,4u_1728_34,verified,https://heasarc.gsfc.nasa.gov/FTP/xte/data/archive/AO11/P92023/92023-03-81-00/stdprod/xp92023038100_s2.pha.gz,/Users/youhanwanigasuriya/Documents/New project/bh_ns_source_generalization/data/raw/rxte/92023-03-81-00/source-d81189c5d810.bin,d81189c5d81008417eda45cbfc0cda89174f708bd66f363ed9a7b6bb305c7d34,data/processed/native/92023-03-81-00.npz,c15ab757303fbaba70c087876ed7bf7db4d80b7ac4fcde3b519a90bca4083966,2026-09-22T11:08:04.655679+00:00,PCA_OGIP_RATE43_OVERLAP_V1,PCA_OGIP_RATE43_OVERLAP_V1,data/raw/rxte/92023-03-81-00/acquisition.json,verified,recorded count/s/selected PCU/output bin,recorded count/s/selected PCU/output bin,Propagated archive statistical covariance; calibration/background systematics excluded,no artificial replacements,,1d1ebd2f05e4b0399c4dfe22a2fb9f29ccbf4a31d0754f076106502f9bd97322,,data/provenance/rxte_processing/92023-03-81-00.json,7438e0b8117ee161884d48a58fd5d2e9b7afa95d1622b3c74d90a208c0d2deb8
92023-03-88-10,92023-03-88-10,92023-03-88-10,4u_1728_34,verified,https://heasarc.gsfc.nasa.gov/FTP/xte/data/archive/AO11/P92023/92023-03-88-10/stdprod/xp92023038810_s2.pha.gz,/Users/youhanwanigasuriya/Documents/New project/bh_ns_source_generalization/data/raw/rxte/92023-03-88-10/source-42420c04b2af.bin,42420c04b2afec2684d096fc7ad9c0fc2c1c35d57344363b2bcd7f8c9867f3f4,data/processed/native/92023-03-88-10.npz,23e295a9c65dce7e6ed6c0efea7ec0a0fced6a163e3cbcb15f9d10ca6a93162f,2026-09-22T11:08:18.934968+00:00,PCA_OGIP_RATE43_OVERLAP_V1,PCA_OGIP_RATE43_OVERLAP_V1,data/raw/rxte/92023-03-88-10/acquisition.json,verified,recorded count/s/selected PCU/output bin,recorded count/s/selected PCU/output bin,Propagated archive statistical covariance; calibration/background systematics excluded,no artificial replacements,,4ed7f5008912ed0f12009a2fa71926ffc8b113f577dd3f5daa3ad1d0aa81862d,,data/provenance/rxte_processing/92023-03-88-10.json,5d7c891ae127e4e80f5002ceeb101319f33ad63d9c8cd4223c502f075de86830
92023-03-94-00,92023-03-94-00,92023-03-94-00,4u_1728_34,verified,https://heasarc.gsfc.nasa.gov/FTP/xte/data/archive/AO11/P92023/92023-03-94-00/stdprod/xp92023039400_s2.pha.gz,/Users/youhanwanigasuriya/Documents/New project/bh_ns_source_generalization/data/raw/rxte/92023-03-94-00/source-dd9715a835d2.bin,dd9715a835d2bc8b030be0781dc0beda9b98aaebcf31618f609a58899f478007,data/processed/native/92023-03-94-00.npz,6d443b35556652bfcdd07c7c1ba562b5db8e1da8be9a3b8649b9b3b4fc4ad23b,2026-09-22T11:08:05.583029+00:00,PCA_OGIP_RATE43_OVERLAP_V1,PCA_OGIP_RATE43_OVERLAP_V1,data/raw/rxte/92023-03-94-00/acquisition.json,verified,recorded count/s/selected PCU/output bin,recorded count/s/selected PCU/output bin,Propagated archive statistical covariance; calibration/background systematics excluded,no artificial replacements,,ff5cfd853dcd82503dad25d757ffbabca9eb8e92ab62e17ae2cecec949d8b83f,,data/provenance/rxte_processing/92023-03-94-00.json,13350a9900b9bb3bdcde8d942059cce631852be5fe68b1bf5211bbeeff036fff
92034-01-05-06,92034-01-05-06,92034-01-05-06,aql_x_1,verified,https://heasarc.gsfc.nasa.gov/FTP/xte/data/archive/AO11/P92034/92034-01-05-06/stdprod/xp92034010506_s2.pha.gz,/Users/youhanwanigasuriya/Documents/New project/bh_ns_source_generalization/data/raw/rxte/92034-01-05-06/source-c97313a52d10.bin,c97313a52d1069c51e7e27c02e092df61a16acd0eea2a28fe45fdcc94c2e65e4,data/processed/native/92034-01-05-06.npz,e5d4766275382f3385905672f29567d3ccfac23f3a0c92f8cd1142138851085c,2026-09-22T11:10:24.438572+00:00,PCA_OGIP_RATE43_OVERLAP_V1,PCA_OGIP_RATE43_OVERLAP_V1,data/raw/rxte/92034-01-05-06/acquisition.json,verified,recorded count/s/selected PCU/output bin,recorded count/s/selected PCU/output bin,Propagated archive statistical covariance; calibration/background systematics excluded,no artificial replacements,,8e3e4af259258da9d1c8ea1f09fa060341a9662cdfa5b932742d6e7620ff5b26,,data/provenance/rxte_processing/92034-01-05-06.json,379f173b94a4967f003b976e683990b2ee7feabbe7f40dea4a36a2b7502f3351
92035-01-02-06,92035-01-02-06,92035-01-02-06,gx_339_4,verified,https://heasarc.gsfc.nasa.gov/FTP/xte/data/archive/AO11/P92035/92035-01-02-06/stdprod/xp92035010206_s2.pha.gz,/Users/youhanwanigasuriya/Documents/New project/bh_ns_source_generalization/data/raw/rxte/92035-01-02-06/source-4b490b4b756a.bin,4b490b4b756a707fbbb2c1833ebbbc8168dd794ed9d538393560f48588c9a8c7,data/processed/native/92035-01-02-06.npz,f7c9b778baf387bd1179684fb17b7a8632e1910df805d11022129e046f199de0,2026-09-22T11:12:21.473147+00:00,PCA_OGIP_RATE43_OVERLAP_V1,PCA_OGIP_RATE43_OVERLAP_V1,data/raw/rxte/92035-01-02-06/acquisition.json,verified,recorded count/s/selected PCU/output bin,recorded count/s/selected PCU/output bin,Propagated archive statistical covariance; calibration/background systematics excluded,no artificial replacements,,83db2fac2e56a867430c6dfba2a1db906d1f84c28c84376c909c557edd3bdcb6,,data/provenance/rxte_processing/92035-01-02-06.json,03f8ac957192e39d96869a5430dc8393cece589f82831f8c254a90367529e2f4
92038-01-05-01,92038-01-05-01,92038-01-05-01,cyg_x_2,verified,https://heasarc.gsfc.nasa.gov/FTP/xte/data/archive/AO11/P92038/92038-01-05-01/stdprod/xp92038010501_s2.pha.gz,/Users/youhanwanigasuriya/Documents/New project/bh_ns_source_generalization/data/raw/rxte/92038-01-05-01/source-c2302e5fcdc7.bin,c2302e5fcdc7ac87c3f0cfae0acfd773cad86017a62c073aa2affdf445c61055,data/processed/native/92038-01-05-01.npz,50076fdd7087de2e81fa593cd839fa9ab80f6becc3ff59dcf4a6f36a09da14ea,2026-09-22T11:11:22.755168+00:00,PCA_OGIP_RATE43_OVERLAP_V1,PCA_OGIP_RATE43_OVERLAP_V1,data/raw/rxte/92038-01-05-01/acquisition.json,verified,recorded count/s/selected PCU/output bin,recorded count/s/selected PCU/output bin,Propagated archive statistical covariance; calibration/background systematics excluded,no artificial replacements,,406e2afea714aeab5c02474eab92222c5420460199018a26ca065a5341342bf1,,data/provenance/rxte_processing/92038-01-05-01.json,0dbc5a770e74b9e01714e75f699be34b26a60ee00dd952d81f53470bb634df49
92038-01-10-02,92038-01-10-02,92038-01-10-02,cyg_x_2,verified,https://heasarc.gsfc.nasa.gov/FTP/xte/data/archive/AO11/P92038/92038-01-10-02/stdprod/xp92038011002_s2.pha.gz,/Users/youhanwanigasuriya/Documents/New project/bh_ns_source_generalization/data/raw/rxte/92038-01-10-02/source-ec32ce98e907.bin,ec32ce98e9073fe98e05b0bc7f684978c045d6b15b3bc1f3f8c8c5ddc66220c7,data/processed/native/92038-01-10-02.npz,4748a44740712d712f31163df3ccdd76f6be8f51bc135c95ce7c93aee0a9990c,2026-09-22T11:11:23.227583+00:00,PCA_OGIP_RATE43_OVERLAP_V1,PCA_OGIP_RATE43_OVERLAP_V1,data/raw/rxte/92038-01-10-02/acquisition.json,verified,recorded count/s/selected PCU/output bin,recorded count/s/selected PCU/output bin,Propagated archive statistical covariance; calibration/background systematics excluded,no artificial replacements,,fadfd2be0d62fd1c9e55d16a486a9d49edfe4c2961f5bb6da78e85a63aee02eb,,data/provenance/rxte_processing/92038-01-10-02.json,3b6b0fa5c102694540bcc4c4bab6608fb048fd1d839c3fc41fd21c2b4ffdce4a
92039-01-02-03,92039-01-02-03,92039-01-02-03,cyg_x_2,verified,https://heasarc.gsfc.nasa.gov/FTP/xte/data/archive/AO11/P92039/92039-01-02-03/stdprod/xp92039010203_s2.pha.gz,/Users/youhanwanigasuriya/Documents/New project/bh_ns_source_generalization/data/raw/rxte/92039-01-02-03/source-b1bcc1ba91eb.bin,b1bcc1ba91eb224591c199210bf663cfc2b4786965010670e5ba95604aea3ea5,data/processed/native/92039-01-02-03.npz,55dae20e829a5584be8d332c5a83ea49457580bd897cc33d2108d4b1f7ecc4cb,2026-09-22T11:11:16.788450+00:00,PCA_OGIP_RATE43_OVERLAP_V1,PCA_OGIP_RATE43_OVERLAP_V1,data/raw/rxte/92039-01-02-03/acquisition.json,verified,recorded count/s/selected PCU/output bin,recorded count/s/selected PCU/output bin,Propagated archive statistical covariance; calibration/background systematics excluded,no artificial replacements,,c709a2a0b3450c1ee40be201429f790c5434e9156ee2789c8db11ad049c60915,,data/provenance/rxte_processing/92039-01-02-03.json,eb061442527e0e40f4d85e02d96bc43fc08c1fae6c743d93546f6a0c43feff64
92049-01-04-00,92049-01-04-00,92049-01-04-00,hete_j1900_1_2455,verified,https://heasarc.gsfc.nasa.gov/FTP/xte/data/archive/AO11/P92049/92049-01-04-00/stdprod/xp92049010400_s2.pha.gz,/Users/youhanwanigasuriya/Documents/New project/bh_ns_source_generalization/data/raw/rxte/92049-01-04-00/source-f71d543032fe.bin,f71d543032fedeafdf6648f285444bc47c2e191b8b89cf902997546ddae199f1,data/processed/native/92049-01-04-00.npz,d8adab570e206279ab7e53e3ffd0fad706c2bfef7a7246d99dd3c8beecbf6258,2026-09-22T11:12:53.668166+00:00,PCA_OGIP_RATE43_OVERLAP_V1,PCA_OGIP_RATE43_OVERLAP_V1,data/raw/rxte/92049-01-04-00/acquisition.json,verified,recorded count/s/selected PCU/output bin,recorded count/s/selected PCU/output bin,Propagated archive statistical covariance; calibration/background systematics excluded,no artificial replacements,,b4571f6a0568e8ff12853d122a6cd546fb7ab3e08b743b4e60787ba7a1e628dc,,data/provenance/rxte_processing/92049-01-04-00.json,3f8e118100758b8cb8df4b4b713f03661f0ec7f3b76b64eb4cbcbb61c2765fdf
92049-01-14-00,92049-01-14-00,92049-01-14-00,hete_j1900_1_2455,verified,https://heasarc.gsfc.nasa.gov/FTP/xte/data/archive/AO11/P92049/92049-01-14-00/stdprod/xp92049011400_s2.pha.gz,/Users/youhanwanigasuriya/Documents/New project/bh_ns_source_generalization/data/raw/rxte/92049-01-14-00/source-5e7c3a9f19f5.bin,5e7c3a9f19f5923207dc7c6cb65ddf9fbfa08a8a9092fb82af519caa7ecda258,data/processed/native/92049-01-14-00.npz,a90e20916bd022d36d18aa0d8fb43d9f63e59dd1231ebf1f64b5b9d6f0dedfa6,2026-09-22T11:12:53.904173+00:00,PCA_OGIP_RATE43_OVERLAP_V1,PCA_OGIP_RATE43_OVERLAP_V1,data/raw/rxte/92049-01-14-00/acquisition.json,verified,recorded count/s/selected PCU/output bin,recorded count/s/selected PCU/output bin,Propagated archive statistical covariance; calibration/background systematics excluded,no artificial replacements,,422d74130b8db5856d50355083c2bcf306d13200bb71b610a01f6f677eb67f9a,,data/provenance/rxte_processing/92049-01-14-00.json,bb912ab454d5d8074ca4beccc5d33910b882e74b3bdd71450bfbd3433a5d9841
92049-01-26-00,92049-01-26-00,92049-01-26-00,hete_j1900_1_2455,verified,https://heasarc.gsfc.nasa.gov/FTP/xte/data/archive/AO11/P92049/92049-01-26-00/stdprod/xp92049012600_s2.pha.gz,/Users/youhanwanigasuriya/Documents/New project/bh_ns_source_generalization/data/raw/rxte/92049-01-26-00/source-f363e3aee0b8.bin,f363e3aee0b87a3bb51b54b5e0fd85ece6e6abe18a170f13333c6eb171b89530,data/processed/native/92049-01-26-00.npz,59a2be44d49c3c2f457fa2dbf29304c2a3802accef75facc03d3a6494e1bcc8d,2026-09-22T11:12:54.368685+00:00,PCA_OGIP_RATE43_OVERLAP_V1,PCA_OGIP_RATE43_OVERLAP_V1,data/raw/rxte/92049-01-26-00/acquisition.json,verified,recorded count/s/selected PCU/output bin,recorded count/s/selected PCU/output bin,Propagated archive statistical covariance; calibration/background systematics excluded,no artificial replacements,,5f1bc812350ea37adc67721b382ef4878378a328b4fdd3dfc9da13c35d78f924,,data/provenance/rxte_processing/92049-01-26-00.json,0ac80dd742a56626fce55c4aaf7471a6d9ad689498f913f37fb1f2d722a59188
92049-01-37-00,92049-01-37-00,92049-01-37-00,hete_j1900_1_2455,verified,https://heasarc.gsfc.nasa.gov/FTP/xte/data/archive/AO11/P92049/92049-01-37-00/stdprod/xp92049013700_s2.pha.gz,/Users/youhanwanigasuriya/Documents/New project/bh_ns_source_generalization/data/raw/rxte/92049-01-37-00/source-d98b77cbcce7.bin,d98b77cbcce751222d183ddbaffa91ba260c3ea683832bed40e80d9db2fe1204,data/processed/native/92049-01-37-00.npz,9deab691a115c14484288119af1d1126c88c2cfac403bd72626a08ebe6d38591,2026-09-22T11:12:58.436220+00:00,PCA_OGIP_RATE43_OVERLAP_V1,PCA_OGIP_RATE43_OVERLAP_V1,data/raw/rxte/92049-01-37-00/acquisition.json,verified,recorded count/s/selected PCU/output bin,recorded count/s/selected PCU/output bin,Propagated archive statistical covariance; calibration/background systematics excluded,no artificial replacements,,23e95454c90304ee4cfa9baf577abbeba17b435f044f3f3973c6fdc2f56a4088,,data/provenance/rxte_processing/92049-01-37-00.json,642e0c717f278d2dcdcb7edb702c6af1404f559516ecc1d9a0c880709ec53156
92049-01-49-00,92049-01-49-00,92049-01-49-00,hete_j1900_1_2455,verified,https://heasarc.gsfc.nasa.gov/FTP/xte/data/archive/AO11/P92049/92049-01-49-00/stdprod/xp92049014900_s2.pha.gz,/Users/youhanwanigasuriya/Documents/New project/bh_ns_source_generalization/data/raw/rxte/92049-01-49-00/source-93969c3442d5.bin,93969c3442d57159d4f75323ae0c3fe3088a09e308050c2f5ae15debe18c5e16,data/processed/native/92049-01-49-00.npz,0cc5aada854978a95a9c60d9b7400405d1de5d92b9a40bbea2e0b77eb4d25e87,2026-09-22T11:13:04.184613+00:00,PCA_OGIP_RATE43_OVERLAP_V1,PCA_OGIP_RATE43_OVERLAP_V1,data/raw/rxte/92049-01-49-00/acquisition.json,verified,recorded count/s/selected PCU/output bin,recorded count/s/selected PCU/output bin,Propagated archive statistical covariance; calibration/background systematics excluded,no artificial replacements,,7128df51c0e4c7e66efbcaf0d2a1f7ffbc375775f9843730d1dabe9097cb8149,,data/provenance/rxte_processing/92049-01-49-00.json,4e7cbc9fd0e0f0b976ed307a4306e76da813ddf00b024e01b6ce5a3bb68481b7
92049-01-61-00,92049-01-61-00,92049-01-61-00,hete_j1900_1_2455,verified,https://heasarc.gsfc.nasa.gov/FTP/xte/data/archive/AO11/P92049/92049-01-61-00/stdprod/xp92049016100_s2.pha.gz,/Users/youhanwanigasuriya/Documents/New project/bh_ns_source_generalization/data/raw/rxte/92049-01-61-00/source-fcfc45efc115.bin,fcfc45efc11543be2ecb70ddac6f8010e0abef57ba6492eaa32ed258feefa970,data/processed/native/92049-01-61-00.npz,d3fc0b699926fb164f51a7f1f26ea482d4b5ff283e7a5011d062b5a86c1d91c9,2026-09-22T11:13:07.426730+00:00,PCA_OGIP_RATE43_OVERLAP_V1,PCA_OGIP_RATE43_OVERLAP_V1,data/raw/rxte/92049-01-61-00/acquisition.json,verified,recorded count/s/selected PCU/output bin,recorded count/s/selected PCU/output bin,Propagated archive statistical covariance; calibration/background systematics excluded,no artificial replacements,,d4ae058aa9bbc63b876376fb827aeece57aa38bc69f0239f18498b096cb10271,,data/provenance/rxte_processing/92049-01-61-00.json,195feec80098e7ef84b43050fe304d134e626a464cea6c727cd3615085dc5279
92052-02-01-00,92052-02-01-00,92052-02-01-00,slx_1735_269,verified,https://heasarc.gsfc.nasa.gov/FTP/xte/data/archive/AO11/P92052/92052-02-01-00/stdprod/xp92052020100_s2.pha.gz,/Users/youhanwanigasuriya/Documents/New project/bh_ns_source_generalization/data/raw/rxte/92052-02-01-00/source-5a59cb507232.bin,5a59cb5072328ac377eb3d1c5431aa2f8f59ccf57833a0a37fbdedb4572a375b,data/processed/native/92052-02-01-00.npz,adf63290473a9401f6ac28aa3879881fc234a39697437fb3d69c8837918838fc,2026-09-22T11:20:46.381738+00:00,PCA_OGIP_RATE43_OVERLAP_V1,PCA_OGIP_RATE43_OVERLAP_V1,data/raw/rxte/92052-02-01-00/acquisition.json,verified,recorded count/s/selected PCU/output bin,recorded count/s/selected PCU/output bin,Propagated archive statistical covariance; calibration/background systematics excluded,no artificial replacements,,0e2576e33e4c75988807de826cee42502f6fff30cb35e89ee3851499560b3162,,data/provenance/rxte_processing/92052-02-01-00.json,bfc7a40ef8e78f874a3fc8a4bdce8f7ad52d93233b4d48d2eafb24b74533c34d
92085-02-01-00,92085-02-01-00,92085-02-01-00,gx_339_4,verified,https://heasarc.gsfc.nasa.gov/FTP/xte/data/archive/AO11/P92085/92085-02-01-00/stdprod/xp92085020100_s2.pha.gz,/Users/youhanwanigasuriya/Documents/New project/bh_ns_source_generalization/data/raw/rxte/92085-02-01-00/source-56ff61cdc849.bin,56ff61cdc849ab12e5ab6cfa1f1904972f151b3a958e83fad6537154b44767e2,data/processed/native/92085-02-01-00.npz,78a45dc37b2936e07a9bbda3476b40082bdf0495f0e4149434d215bb90587bc0,2026-09-22T11:12:22.702261+00:00,PCA_OGIP_RATE43_OVERLAP_V1,PCA_OGIP_RATE43_OVERLAP_V1,data/raw/rxte/92085-02-01-00/acquisition.json,verified,recorded count/s/selected PCU/output bin,recorded count/s/selected PCU/output bin,Propagated archive statistical covariance; calibration/background systematics excluded,no artificial replacements,,4a0f01f002273a24e3618de8dab4b9acf4616c4d371d4fc18fc702f4962f0c96,,data/provenance/rxte_processing/92085-02-01-00.json,677e0d927fc8e8bec40892ba482ecbbc15e524f7d8b016a014b7db599eba47b5
92401-01-11-03,92401-01-11-03,92401-01-11-03,4u_1608_522,verified,https://heasarc.gsfc.nasa.gov/FTP/xte/data/archive/AO11/P92401/92401-01-11-03/stdprod/xp92401011103_s2.pha.gz,/Users/youhanwanigasuriya/Documents/New project/bh_ns_source_generalization/data/raw/rxte/92401-01-11-03/source-e2549d15e891.bin,e2549d15e8914d5e827f0d481cfcf0a59e4698853b9a11ba205b505f90991def,data/processed/native/92401-01-11-03.npz,3adb52ae5e19be8fed7e5263520d228dfa03cb61557476a5bd114503c65c35ed,2026-09-22T11:04:35.072588+00:00,PCA_OGIP_RATE43_OVERLAP_V1,PCA_OGIP_RATE43_OVERLAP_V1,data/raw/rxte/92401-01-11-03/acquisition.json,verified,recorded count/s/selected PCU/output bin,recorded count/s/selected PCU/output bin,Propagated archive statistical covariance; calibration/background systematics excluded,no artificial replacements,,4ed7f5008912ed0f12009a2fa71926ffc8b113f577dd3f5daa3ad1d0aa81862d,,data/provenance/rxte_processing/92401-01-11-03.json,13c0c3ad8f7aa1d7498830ef610254ca4b70388388912dad0b8890728dcd656c
92411-01-01-02,92411-01-01-02,92411-01-01-02,4u_0614_09,verified,https://heasarc.gsfc.nasa.gov/FTP/xte/data/archive/AO11/P92411/92411-01-01-02/stdprod/xp92411010102_s2.pha.gz,/Users/youhanwanigasuriya/Documents/New project/bh_ns_source_generalization/data/raw/rxte/92411-01-01-02/source-2d288cc1079e.bin,2d288cc1079e915335ea2e88e61b886c40d5056bd732a932ee3efb7ee254e3d7,data/processed/native/92411-01-01-02.npz,afca76fc6fcf40cea013102610a33c1917a18ac3f25f88442c320f57ea140869,2026-09-22T11:02:53.892649+00:00,PCA_OGIP_RATE43_OVERLAP_V1,PCA_OGIP_RATE43_OVERLAP_V1,data/raw/rxte/92411-01-01-02/acquisition.json,verified,recorded count/s/selected PCU/output bin,recorded count/s/selected PCU/output bin,Propagated archive statistical covariance; calibration/background systematics excluded,no artificial replacements,,06a5cbda525c2ca9666a850f92dde4911a574e2fe9888d14378cb83230606246,,data/provenance/rxte_processing/92411-01-01-02.json,957cec7f5f4f39ccd2a08881f2150f5a169325049f60c540af0d1c7ad640e034
92411-01-07-02,92411-01-07-02,92411-01-07-02,4u_0614_09,verified,https://heasarc.gsfc.nasa.gov/FTP/xte/data/archive/AO11/P92411/92411-01-07-02/stdprod/xp92411010702_s2.pha.gz,/Users/youhanwanigasuriya/Documents/New project/bh_ns_source_generalization/data/raw/rxte/92411-01-07-02/source-aa01a2fdf5ac.bin,aa01a2fdf5ac8611ba33abd32d7742d7a0370bd9314e06d70bf60a8fd0ae16a9,data/processed/native/92411-01-07-02.npz,32570cc9f49cc9c5524355f2c908a1d5185e54d168e6bbaf7af7420db9132e9e,2026-09-22T11:02:54.943257+00:00,PCA_OGIP_RATE43_OVERLAP_V1,PCA_OGIP_RATE43_OVERLAP_V1,data/raw/rxte/92411-01-07-02/acquisition.json,verified,recorded count/s/selected PCU/output bin,recorded count/s/selected PCU/output bin,Propagated archive statistical covariance; calibration/background systematics excluded,no artificial replacements,,a988e5ac1f3b95bcd8317c556d7c164f9a476f5f8bb55552ca129a7c412f0344,,data/provenance/rxte_processing/92411-01-07-02.json,ac1e97265a8231368cce49c6ca010a16d5172d02a0ee53cc8a761e1cb8c6cc73
92411-01-10-00,92411-01-10-00,92411-01-10-00,4u_0614_09,verified,https://heasarc.gsfc.nasa.gov/FTP/xte/data/archive/AO11/P92411/92411-01-10-00/stdprod/xp92411011000_s2.pha.gz,/Users/youhanwanigasuriya/Documents/New project/bh_ns_source_generalization/data/raw/rxte/92411-01-10-00/source-fbc87af1adb0.bin,fbc87af1adb0ca79062e74f207ecce1cc9a920c62bed0fc2054f4110da0b160a,data/processed/native/92411-01-10-00.npz,6bb0f164a7f7362756dc1b8727e23f00caa586b359366b51617c19ec3a10c224,2026-09-22T11:02:55.243681+00:00,PCA_OGIP_RATE43_OVERLAP_V1,PCA_OGIP_RATE43_OVERLAP_V1,data/raw/rxte/92411-01-10-00/acquisition.json,verified,recorded count/s/selected PCU/output bin,recorded count/s/selected PCU/output bin,Propagated archive statistical covariance; calibration/background systematics excluded,no artificial replacements,,86ce1a809d5dcb056001ab9a5b5cf4f40e5953dbd7561091226dc41a2070c002,,data/provenance/rxte_processing/92411-01-10-00.json,92fc3968993fbb0f381cac2c9de9947f4d92e5679a46d88249a4247560efcbe1
92420-01-03-00,92420-01-03-00,92420-01-03-00,sax_j1808_4_3658,verified,https://heasarc.gsfc.nasa.gov/FTP/xte/data/archive/AO11/P92420/92420-01-03-00/stdprod/xp92420010300_s2.pha.gz,/Users/youhanwanigasuriya/Documents/New project/bh_ns_source_generalization/data/raw/rxte/92420-01-03-00/source-28c0826c03ea.bin,28c0826c03eae460d0a1956d2088057cef14dd062d772d08645019ad724fe4df,data/processed/native/92420-01-03-00.npz,e6aa708fbcbf87da9b3fa8357cf9de3bd9d4079b02e8b2a8a386e06f444e4206,2026-09-22T11:18:36.341749+00:00,PCA_OGIP_RATE43_OVERLAP_V1,PCA_OGIP_RATE43_OVERLAP_V1,data/raw/rxte/92420-01-03-00/acquisition.json,verified,recorded count/s/selected PCU/output bin,recorded count/s/selected PCU/output bin,Propagated archive statistical covariance; calibration/background systematics excluded,no artificial replacements,,5b42af301d8a88129f391acd4fb8ea090b4092499cede110b573477cd26bd728,,data/provenance/rxte_processing/92420-01-03-00.json,90590e5fe4ffaa5c7845ca9606aaffee065fcb0a9ecd4244824c40ec297b0b17
92427-01-01-00,92427-01-01-00,92427-01-01-00,xte_j1118_480,verified,https://heasarc.gsfc.nasa.gov/FTP/xte/data/archive/AO11/P92427/92427-01-01-00/stdprod/xp92427010100_s2.pha.gz,/Users/youhanwanigasuriya/Documents/New project/bh_ns_source_generalization/data/raw/rxte/92427-01-01-00/source-9880d509f42f.bin,9880d509f42f63cab89e606a49fd53f60ac4bb283cdef8d3a320fa42af99f437,data/processed/native/92427-01-01-00.npz,8414e962b9c3c0726b99822bcd36c77a2963e8941e79f5db72da49dd1e031d68,2026-09-22T10:57:15.957762+00:00,PCA_OGIP_RATE43_OVERLAP_V1,PCA_OGIP_RATE43_OVERLAP_V1,data/raw/rxte/92427-01-01-00/acquisition.json,verified,recorded count/s/selected PCU/output bin,recorded count/s/selected PCU/output bin,Propagated archive statistical covariance; calibration/background systematics excluded,no artificial replacements,,efb1e3f8a0ab87c0ea1bd45345905a11f9c244024a2872821e98523c42dd2c92,,data/provenance/rxte_processing/92427-01-01-00.json,e095cd2aef9a347d5e50296b13f13ddc0a01c71ad7ef8170ef5080f0cab7349c
92704-03-11-00,92704-03-11-00,92704-03-11-00,gx_339_4,verified,https://heasarc.gsfc.nasa.gov/FTP/xte/data/archive/AO11/P92704/92704-03-11-00/stdprod/xp92704031100_s2.pha.gz,/Users/youhanwanigasuriya/Documents/New project/bh_ns_source_generalization/data/raw/rxte/92704-03-11-00/source-486e38b8a786.bin,486e38b8a7869f47f3ff4d7aa4030cae136929b80341f015d0335bd1c9cb3fe5,data/processed/native/92704-03-11-00.npz,6b14c0317257128d08d6f47108a41d00b51f148ef05013e01293cec3cc97528c,2026-09-22T11:12:22.734223+00:00,PCA_OGIP_RATE43_OVERLAP_V1,PCA_OGIP_RATE43_OVERLAP_V1,data/raw/rxte/92704-03-11-00/acquisition.json,verified,recorded count/s/selected PCU/output bin,recorded count/s/selected PCU/output bin,Propagated archive statistical covariance; calibration/background systematics excluded,no artificial replacements,,005e5c554e7d46e99b0a294fffe2863176c0819c3e052675a4d4a294b7b54900,,data/provenance/rxte_processing/92704-03-11-00.json,1e2dcd4fe338e27fdf07213bc25a3eeb1ec91e110df7d64fb3926269457f65c9
92704-03-32-00,92704-03-32-00,92704-03-32-00,gx_339_4,verified,https://heasarc.gsfc.nasa.gov/FTP/xte/data/archive/AO11/P92704/92704-03-32-00/stdprod/xp92704033200_s2.pha.gz,/Users/youhanwanigasuriya/Documents/New project/bh_ns_source_generalization/data/raw/rxte/92704-03-32-00/source-568e583fd96d.bin,568e583fd96dc871b808baed353c0d1406f440ba0944d95a58e5d6ec47cd2ac9,data/processed/native/92704-03-32-00.npz,e8665812e9aa4d887ac89afe4f5b5d43a2a53d06d71e7bde98a8c7898ff01037,2026-09-22T11:12:23.265197+00:00,PCA_OGIP_RATE43_OVERLAP_V1,PCA_OGIP_RATE43_OVERLAP_V1,data/raw/rxte/92704-03-32-00/acquisition.json,verified,recorded count/s/selected PCU/output bin,recorded count/s/selected PCU/output bin,Propagated archive statistical covariance; calibration/background systematics excluded,no artificial replacements,,6d5e97920294da309af6adb4974a8e691554ec018122b71d2cca05ca1dafb800,,data/provenance/rxte_processing/92704-03-32-00.json,e3bc0b3e338f0fedc9d02fc2b6836dd5849a97f30f94b5f5c359111089f8613e
93013-07-06-02,93013-07-06-02,93013-07-06-02,igr_j00291_5934,verified,https://heasarc.gsfc.nasa.gov/FTP/xte/data/archive/AO12/P93013/93013-07-06-02/stdprod/xp93013070602_s2.pha.gz,/Users/youhanwanigasuriya/Documents/New project/bh_ns_source_generalization/data/raw/rxte/93013-07-06-02/source-571a7424f321.bin,571a7424f321c41f83b5463ac4a5144d3b4bf78e1aa1a4bcee7795a18cad27f8,data/processed/native/93013-07-06-02.npz,ace289fb19ed9f7591393140f363a8824916cf464486705b6722b43bd691e0b2,2026-09-22T11:13:44.990427+00:00,PCA_OGIP_RATE43_OVERLAP_V1,PCA_OGIP_RATE43_OVERLAP_V1,data/raw/rxte/93013-07-06-02/acquisition.json,verified,recorded count/s/selected PCU/output bin,recorded count/s/selected PCU/output bin,Propagated archive statistical covariance; calibration/background systematics excluded,no artificial replacements,,7a706035758a3da53da4f1a4601c238d763ecb00414a9cfc19f2930865a1ba60,,data/provenance/rxte_processing/93013-07-06-02.json,fc2b38d31240e54e7ce5646a0a0397d62481076311ee4d7ab3a896754a7084ab
93013-07-12-00,93013-07-12-00,93013-07-12-00,igr_j00291_5934,verified,https://heasarc.gsfc.nasa.gov/FTP/xte/data/archive/AO12/P93013/93013-07-12-00/stdprod/xp93013071200_s2.pha.gz,/Users/youhanwanigasuriya/Documents/New project/bh_ns_source_generalization/data/raw/rxte/93013-07-12-00/source-9bad55fbe6c0.bin,9bad55fbe6c0aefd6d71151a5f9a1079170e5e76940ea156c6dba6bb8d46a285,data/processed/native/93013-07-12-00.npz,589267abce26730fba44ca01780ef6cad2de97f57ed5bfaeed0e6dd754a8dbcb,2026-09-22T11:13:51.334155+00:00,PCA_OGIP_RATE43_OVERLAP_V1,PCA_OGIP_RATE43_OVERLAP_V1,data/raw/rxte/93013-07-12-00/acquisition.json,verified,recorded count/s/selected PCU/output bin,recorded count/s/selected PCU/output bin,Propagated archive statistical covariance; calibration/background systematics excluded,no artificial replacements,,ab8efb1ba56f3af8bdc804745af77fce57d7e285d0dc51e659c82ff2696903f4,,data/provenance/rxte_processing/93013-07-12-00.json,1d0a421da9f455818a104fc3b67734e51bfa76f8aa26d4b5dc661cc00a6f1ec5
93013-07-18-00,93013-07-18-00,93013-07-18-00,igr_j00291_5934,verified,https://heasarc.gsfc.nasa.gov/FTP/xte/data/archive/AO12/P93013/93013-07-18-00/stdprod/xp93013071800_s2.pha.gz,/Users/youhanwanigasuriya/Documents/New project/bh_ns_source_generalization/data/raw/rxte/93013-07-18-00/source-56fc5b3b85a8.bin,56fc5b3b85a84f96ff363262b8c562bcc082414a4a993c0c3115333fb595f969,data/processed/native/93013-07-18-00.npz,3ba0ae504f90eceef4305aac4418404018b88e1c9112ab9538972cce67fcab03,2026-09-22T11:13:53.663813+00:00,PCA_OGIP_RATE43_OVERLAP_V1,PCA_OGIP_RATE43_OVERLAP_V1,data/raw/rxte/93013-07-18-00/acquisition.json,verified,recorded count/s/selected PCU/output bin,recorded count/s/selected PCU/output bin,Propagated archive statistical covariance; calibration/background systematics excluded,no artificial replacements,,1fefbb418d4a44fc684dcf838df07e44f87b022419ec4396a9b26e64f9553288,,data/provenance/rxte_processing/93013-07-18-00.json,a3df19b609793337aef367be140d73df3654e5d722fab0c776ae15af43e0aeba
93013-07-22-02,93013-07-22-02,93013-07-22-02,igr_j00291_5934,verified,https://heasarc.gsfc.nasa.gov/FTP/xte/data/archive/AO12/P93013/93013-07-22-02/stdprod/xp93013072202_s2.pha.gz,/Users/youhanwanigasuriya/Documents/New project/bh_ns_source_generalization/data/raw/rxte/93013-07-22-02/source-8bf0cbcd8e52.bin,8bf0cbcd8e5245cc48233709a5b862fff444f8670d8f89805f2e8797419bc86a,data/processed/native/93013-07-22-02.npz,3e2756c05d69b2b8e114ea76e7010cecc6499e49640ffb3a774c1a24c3e6a0cf,2026-09-22T11:13:53.860608+00:00,PCA_OGIP_RATE43_OVERLAP_V1,PCA_OGIP_RATE43_OVERLAP_V1,data/raw/rxte/93013-07-22-02/acquisition.json,verified,recorded count/s/selected PCU/output bin,recorded count/s/selected PCU/output bin,Propagated archive statistical covariance; calibration/background systematics excluded,no artificial replacements,,5a16819076b94cb9c5b4ec63d1c288fde9e5f3bd42fb8fde59026deb4c868b95,,data/provenance/rxte_processing/93013-07-22-02.json,ce0e6d55550b2d08498a350b8f3fe98dc1f67d9bd1f7dba49393bf330a2e14af
93027-01-02-00,93027-01-02-00,93027-01-02-00,sax_j1808_4_3658,verified,https://heasarc.gsfc.nasa.gov/FTP/xte/data/archive/AO12/P93027/93027-01-02-00/stdprod/xp93027010200_s2.pha.gz,/Users/youhanwanigasuriya/Documents/New project/bh_ns_source_generalization/data/raw/rxte/93027-01-02-00/source-6e47365476fc.bin,6e47365476fc1122e47f5af501ea0fd2fb1da2204fdac227ccb41c34086cf0eb,data/processed/native/93027-01-02-00.npz,e5859347186aebb1d48234237a7efdb712db6a6c2d9a783d77de3cc026f5cba4,2026-09-22T11:18:38.359251+00:00,PCA_OGIP_RATE43_OVERLAP_V1,PCA_OGIP_RATE43_OVERLAP_V1,data/raw/rxte/93027-01-02-00/acquisition.json,verified,recorded count/s/selected PCU/output bin,recorded count/s/selected PCU/output bin,Propagated archive statistical covariance; calibration/background systematics excluded,no artificial replacements,,a4b421ae7f97bbd424887010eaecdaf83336bac081437a756e96ca0e72ec88fd,,data/provenance/rxte_processing/93027-01-02-00.json,051d7515846a38fc60d6f930bc31b8138152b1d178f8cc9d5a962e245095df57
93027-01-03-05,93027-01-03-05,93027-01-03-05,sax_j1808_4_3658,verified,https://heasarc.gsfc.nasa.gov/FTP/xte/data/archive/AO12/P93027/93027-01-03-05/stdprod/xp93027010305_s2.pha.gz,/Users/youhanwanigasuriya/Documents/New project/bh_ns_source_generalization/data/raw/rxte/93027-01-03-05/source-7033ce9a8b3c.bin,7033ce9a8b3c9601a00c031c9f822ef46d8f037046b3f757d54dbf259ff920a8,data/processed/native/93027-01-03-05.npz,68a0bc780873012d230f8c3697dcdecc67df4a62eff8d75172c983a05b7ee134,2026-09-22T11:18:42.556005+00:00,PCA_OGIP_RATE43_OVERLAP_V1,PCA_OGIP_RATE43_OVERLAP_V1,data/raw/rxte/93027-01-03-05/acquisition.json,verified,recorded count/s/selected PCU/output bin,recorded count/s/selected PCU/output bin,Propagated archive statistical covariance; calibration/background systematics excluded,no artificial replacements,,5a16819076b94cb9c5b4ec63d1c288fde9e5f3bd42fb8fde59026deb4c868b95,,data/provenance/rxte_processing/93027-01-03-05.json,a6ef2ce2ca6b71ac00611a5bd5c29ce9f2242475127eea071a738a2b195aebcc
93027-01-05-01,93027-01-05-01,93027-01-05-01,sax_j1808_4_3658,verified,https://heasarc.gsfc.nasa.gov/FTP/xte/data/archive/AO12/P93027/93027-01-05-01/stdprod/xp93027010501_s2.pha.gz,/Users/youhanwanigasuriya/Documents/New project/bh_ns_source_generalization/data/raw/rxte/93027-01-05-01/source-aca7417382a5.bin,aca7417382a58121971391fff877868632a6f78c6e265a3b34a434d846052eab,data/processed/native/93027-01-05-01.npz,f8753717cfd68f306f859da6634a1c8eb8833f4a44aa191d9dea0c6545314bf9,2026-09-22T11:18:43.078551+00:00,PCA_OGIP_RATE43_OVERLAP_V1,PCA_OGIP_RATE43_OVERLAP_V1,data/raw/rxte/93027-01-05-01/acquisition.json,verified,recorded count/s/selected PCU/output bin,recorded count/s/selected PCU/output bin,Propagated archive statistical covariance; calibration/background systematics excluded,no artificial replacements,,39bf1ab900ef513178951ada072e788c655a1d10c7fcc5db3f004c2108954372,,data/provenance/rxte_processing/93027-01-05-01.json,02484cea045b3f0e254eabef98cbe58f6a0cd190c0e2a3da6b76fad416fb0461
93027-01-06-06,93027-01-06-06,93027-01-06-06,sax_j1808_4_3658,verified,https://heasarc.gsfc.nasa.gov/FTP/xte/data/archive/AO12/P93027/93027-01-06-06/stdprod/xp93027010606_s2.pha.gz,/Users/youhanwanigasuriya/Documents/New project/bh_ns_source_generalization/data/raw/rxte/93027-01-06-06/source-6861a74f9560.bin,6861a74f9560442ae788bccf42454f86cd9737b638714ecf1275e19353f94de7,data/processed/native/93027-01-06-06.npz,c6057252f9cf654fafbafd16df2380be781f5e87ed22293f33d9aca8b4749374,2026-09-22T11:18:45.032361+00:00,PCA_OGIP_RATE43_OVERLAP_V1,PCA_OGIP_RATE43_OVERLAP_V1,data/raw/rxte/93027-01-06-06/acquisition.json,verified,recorded count/s/selected PCU/output bin,recorded count/s/selected PCU/output bin,Propagated archive statistical covariance; calibration/background systematics excluded,no artificial replacements,,77477dc465d6c861ce0fa4741c6e6cfefa7f6a536fc05074a6f15c3289f4164b,,data/provenance/rxte_processing/93027-01-06-06.json,a39943dbdfcc47f99523df3c436231c76ce384a2739289afc2a48defbdefd380
93030-01-03-00,93030-01-03-00,93030-01-03-00,hete_j1900_1_2455,verified,https://heasarc.gsfc.nasa.gov/FTP/xte/data/archive/AO12/P93030/93030-01-03-00/stdprod/xp93030010300_s2.pha.gz,/Users/youhanwanigasuriya/Documents/New project/bh_ns_source_generalization/data/raw/rxte/93030-01-03-00/source-5709454d2470.bin,5709454d24706e9e48037019c3dd3b31c31d370e3cba9ddadf98c69c04cb0d9e,data/processed/native/93030-01-03-00.npz,6b52d8348278717b5bf4173f1c2295b79313b72d18dabcb74fc781e38e59028d,2026-09-22T11:13:07.792225+00:00,PCA_OGIP_RATE43_OVERLAP_V1,PCA_OGIP_RATE43_OVERLAP_V1,data/raw/rxte/93030-01-03-00/acquisition.json,verified,recorded count/s/selected PCU/output bin,recorded count/s/selected PCU/output bin,Propagated archive statistical covariance; calibration/background systematics excluded,no artificial replacements,,81bfd83c87a35034cf5b0739e2e4f38c697a7d1d0ee436ca5ddfb161dedb61ce,,data/provenance/rxte_processing/93030-01-03-00.json,93734fbadf817eb6fa3699441b42fa21f5a752851d75f6b0d4ccba41447f2ce0
93030-01-15-00,93030-01-15-00,93030-01-15-00,hete_j1900_1_2455,verified,https://heasarc.gsfc.nasa.gov/FTP/xte/data/archive/AO12/P93030/93030-01-15-00/stdprod/xp93030011500_s2.pha.gz,/Users/youhanwanigasuriya/Documents/New project/bh_ns_source_generalization/data/raw/rxte/93030-01-15-00/source-6516069eb599.bin,6516069eb599c4ec414a6c37ba73143d35e17d773a94222e5088da6735a561c2,data/processed/native/93030-01-15-00.npz,33db5780c811b3816374ff407b5ce12ab828fade29960ad4b8b025cb32534f6a,2026-09-22T11:13:07.692422+00:00,PCA_OGIP_RATE43_OVERLAP_V1,PCA_OGIP_RATE43_OVERLAP_V1,data/raw/rxte/93030-01-15-00/acquisition.json,verified,recorded count/s/selected PCU/output bin,recorded count/s/selected PCU/output bin,Propagated archive statistical covariance; calibration/background systematics excluded,no artificial replacements,,256cc31231b0478102c94318c38481514c5ffa31aea721a837929bb7560e98d5,,data/provenance/rxte_processing/93030-01-15-00.json,40f3a54cf7603b90579aa313c2984c95f4fdffabb63b4561dc94e3128e2ab6bc
93030-01-25-01,93030-01-25-01,93030-01-25-01,hete_j1900_1_2455,verified,https://heasarc.gsfc.nasa.gov/FTP/xte/data/archive/AO12/P93030/93030-01-25-01/stdprod/xp93030012501_s2.pha.gz,/Users/youhanwanigasuriya/Documents/New project/bh_ns_source_generalization/data/raw/rxte/93030-01-25-01/source-0f20351b355d.bin,0f20351b355d45409beb4c2aa9b21b6fcc7820d18203251a506ed7d5c95cf096,data/processed/native/93030-01-25-01.npz,3538f18bceb6b6922e63e9dbad0f0e7dc184d7f87daffa2b1968051070b940fd,2026-09-22T10:56:23.897077+00:00,PCA_OGIP_RATE43_OVERLAP_V1,PCA_OGIP_RATE43_OVERLAP_V1,data/raw/rxte/93030-01-25-01/acquisition.json,verified,recorded count/s/selected PCU/output bin,recorded count/s/selected PCU/output bin,Propagated archive statistical covariance; calibration/background systematics excluded,no artificial replacements,,766f3a59daa9f591fdaebab08c38edcfc23e87d0dfecb90a0c87e707acdd356c,,data/provenance/rxte_processing/93030-01-25-01.json,245ab8d851d223aa1449dec9ab4783e3d55371ddbdc8f7bb63c38466e96c7da3
93030-01-37-00,93030-01-37-00,93030-01-37-00,hete_j1900_1_2455,verified,https://heasarc.gsfc.nasa.gov/FTP/xte/data/archive/AO12/P93030/93030-01-37-00/stdprod/xp93030013700_s2.pha.gz,/Users/youhanwanigasuriya/Documents/New project/bh_ns_source_generalization/data/raw/rxte/93030-01-37-00/source-de4a79fb3ab5.bin,de4a79fb3ab544ee5a729b7daebb91ab6335805dee0ed9a3c6c95d60cce81c4c,data/processed/native/93030-01-37-00.npz,0807ed90216f987cf563a6a380b4206eda01f3a28c49e88e0347646028115eed,2026-09-22T11:13:10.083963+00:00,PCA_OGIP_RATE43_OVERLAP_V1,PCA_OGIP_RATE43_OVERLAP_V1,data/raw/rxte/93030-01-37-00/acquisition.json,verified,recorded count/s/selected PCU/output bin,recorded count/s/selected PCU/output bin,Propagated archive statistical covariance; calibration/background systematics excluded,no artificial replacements,,9746995e67d37bf3cd44652170f340b5790c52f7576b861e176b067301d85f39,,data/provenance/rxte_processing/93030-01-37-00.json,14f3758e7e4bcba0674f244f02657a088efae213af2bd3c7eb98c63be81f3097
93030-01-48-00,93030-01-48-00,93030-01-48-00,hete_j1900_1_2455,verified,https://heasarc.gsfc.nasa.gov/FTP/xte/data/archive/AO12/P93030/93030-01-48-00/stdprod/xp93030014800_s2.pha.gz,/Users/youhanwanigasuriya/Documents/New project/bh_ns_source_generalization/data/raw/rxte/93030-01-48-00/source-9e04f5874af9.bin,9e04f5874af93509ae81fbf1f913384fcdc1bf20d055192d8a4fecc9c16235f1,data/processed/native/93030-01-48-00.npz,6e70cbf38050381e3cc1de4a4ee80e064ce35464ea7965989002ae7b7b3e0187,2026-09-22T11:13:11.812004+00:00,PCA_OGIP_RATE43_OVERLAP_V1,PCA_OGIP_RATE43_OVERLAP_V1,data/raw/rxte/93030-01-48-00/acquisition.json,verified,recorded count/s/selected PCU/output bin,recorded count/s/selected PCU/output bin,Propagated archive statistical covariance; calibration/background systematics excluded,no artificial replacements,,2290e26eb2358e9e58a3fd41f32a422e7e052493fc4bdb02b5b0f93ddacdfc81,,data/provenance/rxte_processing/93030-01-48-00.json,f5b0747a342c4660783fc723dad3e3191c94ed31ae5edd730bcae31d6a143033
93044-02-01-00,93044-02-01-00,93044-02-01-00,sax_j1810_8_2609,verified,https://heasarc.gsfc.nasa.gov/FTP/xte/data/archive/AO12/P93044/93044-02-01-00/stdprod/xp93044020100_s2.pha.gz,/Users/youhanwanigasuriya/Documents/New project/bh_ns_source_generalization/data/raw/rxte/93044-02-01-00/source-23993f58634f.bin,23993f58634f4fdc538bf6d98c9a7a040aef518dcc5e2dd6fa9ae3b64a16069b,data/processed/native/93044-02-01-00.npz,585f91782cb03092ec03bebe34a0da20e94114ca90f3383554b3e4d8ff29408c,2026-09-22T10:56:49.861335+00:00,PCA_OGIP_RATE43_OVERLAP_V1,PCA_OGIP_RATE43_OVERLAP_V1,data/raw/rxte/93044-02-01-00/acquisition.json,verified,recorded count/s/selected PCU/output bin,recorded count/s/selected PCU/output bin,Propagated archive statistical covariance; calibration/background systematics excluded,no artificial replacements,,a889997a059352017acee25d1457b53dd54ef1ded76483ea6a253b62fe4c0250,,data/provenance/rxte_processing/93044-02-01-00.json,39465226bbb86a8ee01d1bcbfceab7a61dbdd431f697107b7a9dab21f1db387b
93044-02-02-00,93044-02-02-00,93044-02-02-00,sax_j1810_8_2609,verified,https://heasarc.gsfc.nasa.gov/FTP/xte/data/archive/AO12/P93044/93044-02-02-00/stdprod/xp93044020200_s2.pha.gz,/Users/youhanwanigasuriya/Documents/New project/bh_ns_source_generalization/data/raw/rxte/93044-02-02-00/source-357e7b41ccd1.bin,357e7b41ccd1270a7c7305b3c76b620f0c7fa2f5cdb921adfa9dc974dfbcaa33,data/processed/native/93044-02-02-00.npz,051d44a1d0a422d155cfa053172eb03a02417802b4560159d083cc3f779ae3a7,2026-09-22T11:18:55.316088+00:00,PCA_OGIP_RATE43_OVERLAP_V1,PCA_OGIP_RATE43_OVERLAP_V1,data/raw/rxte/93044-02-02-00/acquisition.json,verified,recorded count/s/selected PCU/output bin,recorded count/s/selected PCU/output bin,Propagated archive statistical covariance; calibration/background systematics excluded,no artificial replacements,,5c2975f72ed322ca8f28d0725da9b629e99a9f40b641f38ca7b55e47a7ef78ae,,data/provenance/rxte_processing/93044-02-02-00.json,ed1a29645df5d7e78c408235806040675c5d9a79bca89b384ab0de4443c52b1b
93044-02-03-00,93044-02-03-00,93044-02-03-00,sax_j1810_8_2609,verified,https://heasarc.gsfc.nasa.gov/FTP/xte/data/archive/AO12/P93044/93044-02-03-00/stdprod/xp93044020300_s2.pha.gz,/Users/youhanwanigasuriya/Documents/New project/bh_ns_source_generalization/data/raw/rxte/93044-02-03-00/source-74249f78ea38.bin,74249f78ea3800208ab3c81d7f38e3ed9c3d7b0d62ae2ca43a039a9232c594a5,data/processed/native/93044-02-03-00.npz,6ed304d2e860cc6a142a7d80d0f461dacbf11a4ca04918c0423ea0a36d0f9661,2026-09-22T11:18:56.367038+00:00,PCA_OGIP_RATE43_OVERLAP_V1,PCA_OGIP_RATE43_OVERLAP_V1,data/raw/rxte/93044-02-03-00/acquisition.json,verified,recorded count/s/selected PCU/output bin,recorded count/s/selected PCU/output bin,Propagated archive statistical covariance; calibration/background systematics excluded,no artificial replacements,,35109ad1fd78c8c6643f52b417a66ac1d926ba8ed95a53b984b2099f28b6ed7f,,data/provenance/rxte_processing/93044-02-03-00.json,ad548452130abe63611625b170d400fac6a64956382246c2731812e674f6d95c
93044-02-04-00,93044-02-04-00,93044-02-04-00,sax_j1810_8_2609,verified,https://heasarc.gsfc.nasa.gov/FTP/xte/data/archive/AO12/P93044/93044-02-04-00/stdprod/xp93044020400_s2.pha.gz,/Users/youhanwanigasuriya/Documents/New project/bh_ns_source_generalization/data/raw/rxte/93044-02-04-00/source-8efff81d8cda.bin,8efff81d8cdae599dcf7514874aa78941187b960fac084a1ecfe2784c36f6274,data/processed/native/93044-02-04-00.npz,5497bfc030a91ea73ea0f371d9a205cea42ba2e87aea49798866ee2adee2ea4e,2026-09-22T11:18:58.516319+00:00,PCA_OGIP_RATE43_OVERLAP_V1,PCA_OGIP_RATE43_OVERLAP_V1,data/raw/rxte/93044-02-04-00/acquisition.json,verified,recorded count/s/selected PCU/output bin,recorded count/s/selected PCU/output bin,Propagated archive statistical covariance; calibration/background systematics excluded,no artificial replacements,,2062a667eae72f9769d839a56907ad1e86309cdadb6b7235b1a42958bc9b7012,,data/provenance/rxte_processing/93044-02-04-00.json,301fb663fcb84c2a35526acba2cad2bc116e7b5054f0ead0cf0543dfc0496769
93044-02-06-00,93044-02-06-00,93044-02-06-00,sax_j1810_8_2609,verified,https://heasarc.gsfc.nasa.gov/FTP/xte/data/archive/AO12/P93044/93044-02-06-00/stdprod/xp93044020600_s2.pha.gz,/Users/youhanwanigasuriya/Documents/New project/bh_ns_source_generalization/data/raw/rxte/93044-02-06-00/source-afdad693204f.bin,afdad693204f5f643d9a11264d612a81f0a1abf882a7555d219a35daf775aa45,data/processed/native/93044-02-06-00.npz,7db53eb606f514718ffa0a23c3033c3173d9fb02f260ea3d470bc27d53c48cf3,2026-09-22T11:18:59.761848+00:00,PCA_OGIP_RATE43_OVERLAP_V1,PCA_OGIP_RATE43_OVERLAP_V1,data/raw/rxte/93044-02-06-00/acquisition.json,verified,recorded count/s/selected PCU/output bin,recorded count/s/selected PCU/output bin,Propagated archive statistical covariance; calibration/background systematics excluded,no artificial replacements,,dcddc8f7debeec0b640ef91ee352d42adfee297ee212a3cf553f43dcd36fc26f,,data/provenance/rxte_processing/93044-02-06-00.json,e58be39144eefe9d31d145cfddca28f230e6b13c122eb46686a955863651eefa
93044-02-06-01,93044-02-06-01,93044-02-06-01,sax_j1810_8_2609,verified,https://heasarc.gsfc.nasa.gov/FTP/xte/data/archive/AO12/P93044/93044-02-06-01/stdprod/xp93044020601_s2.pha.gz,/Users/youhanwanigasuriya/Documents/New project/bh_ns_source_generalization/data/raw/rxte/93044-02-06-01/source-8f2e792e4b0a.bin,8f2e792e4b0a003540f7edc63441c562cfd0df9ae49506192925409d332aedf7,data/processed/native/93044-02-06-01.npz,56f9b86fbf056ea67d8ddbd80e0d73057623f9d9945d0d040ab5ed783e6ea955,2026-09-22T11:19:04.246610+00:00,PCA_OGIP_RATE43_OVERLAP_V1,PCA_OGIP_RATE43_OVERLAP_V1,data/raw/rxte/93044-02-06-01/acquisition.json,verified,recorded count/s/selected PCU/output bin,recorded count/s/selected PCU/output bin,Propagated archive statistical covariance; calibration/background systematics excluded,no artificial replacements,,d9a66e8b08f7c3b1447deb2ff0d2f66bb8c90136986e1180c46ef6952128caa0,,data/provenance/rxte_processing/93044-02-06-01.json,a4f9582734a76884bf3f3e0f0f7f416f490097de684019186ef7984cb3a1daa1
93044-02-07-00,93044-02-07-00,93044-02-07-00,sax_j1810_8_2609,verified,https://heasarc.gsfc.nasa.gov/FTP/xte/data/archive/AO12/P93044/93044-02-07-00/stdprod/xp93044020700_s2.pha.gz,/Users/youhanwanigasuriya/Documents/New project/bh_ns_source_generalization/data/raw/rxte/93044-02-07-00/source-7c37d6840d0d.bin,7c37d6840d0d7267d95c15a894b833c24fdbb4331c787290122523e6645d025c,data/processed/native/93044-02-07-00.npz,b3445cd38719ac565dc8e830d76d41cee3a62d7c05f1649e28a6b7c0d7f4582d,2026-09-22T11:19:05.420282+00:00,PCA_OGIP_RATE43_OVERLAP_V1,PCA_OGIP_RATE43_OVERLAP_V1,data/raw/rxte/93044-02-07-00/acquisition.json,verified,recorded count/s/selected PCU/output bin,recorded count/s/selected PCU/output bin,Propagated archive statistical covariance; calibration/background systematics excluded,no artificial replacements,,604c54cc08fe00f5d13ea90fec491cfecca7194e0a4e2ccfc916a9fc07a08cf8,,data/provenance/rxte_processing/93044-02-07-00.json,1b2e47df1a609335623eded3951d42ddcd926fa718fa34de9e322f530d4298e5
93044-02-08-00,93044-02-08-00,93044-02-08-00,sax_j1810_8_2609,verified,https://heasarc.gsfc.nasa.gov/FTP/xte/data/archive/AO12/P93044/93044-02-08-00/stdprod/xp93044020800_s2.pha.gz,/Users/youhanwanigasuriya/Documents/New project/bh_ns_source_generalization/data/raw/rxte/93044-02-08-00/source-671ad62ff137.bin,671ad62ff1372116b19188ade7eb0d7719f0d1e1f316697328a20524b445c4f7,data/processed/native/93044-02-08-00.npz,4d3e0e39e5da55a10c809b53b0d786b6fcc212737854c149e6d1f38228582752,2026-09-22T11:19:06.852675+00:00,PCA_OGIP_RATE43_OVERLAP_V1,PCA_OGIP_RATE43_OVERLAP_V1,data/raw/rxte/93044-02-08-00/acquisition.json,verified,recorded count/s/selected PCU/output bin,recorded count/s/selected PCU/output bin,Propagated archive statistical covariance; calibration/background systematics excluded,no artificial replacements,,2c8dd39251427c73ecb88a27aaa0ee718973d5a50271acc3e38dcd973d43c7cd,,data/provenance/rxte_processing/93044-02-08-00.json,1bd5300a8e08aa30000688b5f842ef2e65029292d3bbaf116ed13292d83c7bf8
93044-08-02-00,93044-08-02-00,93044-08-02-00,sax_j1750_8_2900,verified,https://heasarc.gsfc.nasa.gov/FTP/xte/data/archive/AO12/P93044/93044-08-02-00/stdprod/xp93044080200_s2.pha.gz,/Users/youhanwanigasuriya/Documents/New project/bh_ns_source_generalization/data/raw/rxte/93044-08-02-00/source-4ef612311491.bin,4ef61231149164760e4eb749adbae93ed44b89aadf7b15d7894be0d18edb1aae,data/processed/native/93044-08-02-00.npz,b4710a05876e4caa5b13ccad1d0e8d654373e87cc10c5148ae5bcf04261300f1,2026-09-22T11:16:27.914662+00:00,PCA_OGIP_RATE43_OVERLAP_V1,PCA_OGIP_RATE43_OVERLAP_V1,data/raw/rxte/93044-08-02-00/acquisition.json,verified,recorded count/s/selected PCU/output bin,recorded count/s/selected PCU/output bin,Propagated archive statistical covariance; calibration/background systematics excluded,no artificial replacements,,8dad3be03b782e66124bb5cc9537b671b0a4334a19030b6091ea74fee463bf0d,,data/provenance/rxte_processing/93044-08-02-00.json,2e011774bfe3ef23208f4ca7e63dbbb981f4f036acda6450689a6f32e6c3526a
93044-08-05-00,93044-08-05-00,93044-08-05-00,sax_j1750_8_2900,verified,https://heasarc.gsfc.nasa.gov/FTP/xte/data/archive/AO12/P93044/93044-08-05-00/stdprod/xp93044080500_s2.pha.gz,/Users/youhanwanigasuriya/Documents/New project/bh_ns_source_generalization/data/raw/rxte/93044-08-05-00/source-91696e7c5ceb.bin,91696e7c5ceb82a96e46e6f1a2676a4f91a5e5d0001c191a0fd23767e57d2ffb,data/processed/native/93044-08-05-00.npz,08339571d9049829f15e76ee94b7302314674326dc197b9f942de46d65f75f84,2026-09-22T11:16:28.392571+00:00,PCA_OGIP_RATE43_OVERLAP_V1,PCA_OGIP_RATE43_OVERLAP_V1,data/raw/rxte/93044-08-05-00/acquisition.json,verified,recorded count/s/selected PCU/output bin,recorded count/s/selected PCU/output bin,Propagated archive statistical covariance; calibration/background systematics excluded,no artificial replacements,,a164f6e859afb2e76d3dd6aff4df417e000ae980288ab132c8ac599644c3d54f,,data/provenance/rxte_processing/93044-08-05-00.json,b915faf1dcb92d84428232e0ff22bb605a4cd1df80672aec7cc0166b632cb891
93044-08-08-01,93044-08-08-01,93044-08-08-01,sax_j1750_8_2900,verified,https://heasarc.gsfc.nasa.gov/FTP/xte/data/archive/AO12/P93044/93044-08-08-01/stdprod/xp93044080801_s2.pha.gz,/Users/youhanwanigasuriya/Documents/New project/bh_ns_source_generalization/data/raw/rxte/93044-08-08-01/source-efb0932a9c4e.bin,efb0932a9c4e366023aff7dd8d86e6fbae491fdae1f85a7bdb3af360622593ac,data/processed/native/93044-08-08-01.npz,a6d277ed98c245d586aaf28f35c988a638533067f0e0a2867a87fdddf3802e77,2026-09-22T11:16:29.211638+00:00,PCA_OGIP_RATE43_OVERLAP_V1,PCA_OGIP_RATE43_OVERLAP_V1,data/raw/rxte/93044-08-08-01/acquisition.json,verified,recorded count/s/selected PCU/output bin,recorded count/s/selected PCU/output bin,Propagated archive statistical covariance; calibration/background systematics excluded,no artificial replacements,,64f3f470367f4d53c300d4bbfb68697b3e6ee46dc66fe1047a336f54b76def99,,data/provenance/rxte_processing/93044-08-08-01.json,8e31f7a9fcb83d8dd159a74235d2271d02bec18c7e955d72febff9b27cb952a8
93060-01-01-10,93060-01-01-10,93060-01-01-10,4u_1705_44,verified,https://heasarc.gsfc.nasa.gov/FTP/xte/data/archive/AO12/P93060/93060-01-01-10/stdprod/xp93060010110_s2.pha.gz,/Users/youhanwanigasuriya/Documents/New project/bh_ns_source_generalization/data/raw/rxte/93060-01-01-10/source-38097dd0c1a0.bin,38097dd0c1a02c5fe26c29498b00b717b57275cff710a2cb3c87f0aada8c3c75,data/processed/native/93060-01-01-10.npz,4c8607baad19e274c4a3681699e124aa5fd053376c0f9c02b9d2eec9a8469dd9,2026-09-22T11:07:02.049469+00:00,PCA_OGIP_RATE43_OVERLAP_V1,PCA_OGIP_RATE43_OVERLAP_V1,data/raw/rxte/93060-01-01-10/acquisition.json,verified,recorded count/s/selected PCU/output bin,recorded count/s/selected PCU/output bin,Propagated archive statistical covariance; calibration/background systematics excluded,no artificial replacements,,d904b08a91c050dfac611979b3e854e1d5524b54bf91eba2ffa08f8e8c3e9c49,,data/provenance/rxte_processing/93060-01-01-10.json,7c9b86e839cbaf9092844d79b0680a5be07f417ca945a29294bbea885db6e18d
93060-01-10-00,93060-01-10-00,93060-01-10-00,4u_1705_44,verified,https://heasarc.gsfc.nasa.gov/FTP/xte/data/archive/AO12/P93060/93060-01-10-00/stdprod/xp93060011000_s2.pha.gz,/Users/youhanwanigasuriya/Documents/New project/bh_ns_source_generalization/data/raw/rxte/93060-01-10-00/source-c0f7c6c5789f.bin,c0f7c6c5789ffb99b6357f576089f79ff618f002add114415678f00a6c62c255,data/processed/native/93060-01-10-00.npz,edd6e143d4298cf2a8145c447b0ab57429658e38322dd24133dbddc8e5e7e6d9,2026-09-22T11:06:51.743502+00:00,PCA_OGIP_RATE43_OVERLAP_V1,PCA_OGIP_RATE43_OVERLAP_V1,data/raw/rxte/93060-01-10-00/acquisition.json,verified,recorded count/s/selected PCU/output bin,recorded count/s/selected PCU/output bin,Propagated archive statistical covariance; calibration/background systematics excluded,no artificial replacements,,e6df4d668e1101051c36111dfa2cbc0e1ef0e576f7ad4feae84665279948087d,,data/provenance/rxte_processing/93060-01-10-00.json,6f4fd2f95c4a226a5adc9a1d07894d7712b9b1c7b7b0484cd8fd0e185b6fd251
93060-01-14-10,93060-01-14-10,93060-01-14-10,4u_1705_44,verified,https://heasarc.gsfc.nasa.gov/FTP/xte/data/archive/AO12/P93060/93060-01-14-10/stdprod/xp93060011410_s2.pha.gz,/Users/youhanwanigasuriya/Documents/New project/bh_ns_source_generalization/data/raw/rxte/93060-01-14-10/source-7f452454faea.bin,7f452454faeaec5f2b4d93ef9e77c4a2a43f69abdd45b73aa3aef1bff57783df,data/processed/native/93060-01-14-10.npz,7d1afa8a2595b31a6d0efa5f5358506a08ca1056ad300125a0989e639904867b,2026-09-22T11:07:02.835398+00:00,PCA_OGIP_RATE43_OVERLAP_V1,PCA_OGIP_RATE43_OVERLAP_V1,data/raw/rxte/93060-01-14-10/acquisition.json,verified,recorded count/s/selected PCU/output bin,recorded count/s/selected PCU/output bin,Propagated archive statistical covariance; calibration/background systematics excluded,no artificial replacements,,7458e4e9a126275a80e745abe554b875526219e6951eec4935e6726c73e87e96,,data/provenance/rxte_processing/93060-01-14-10.json,bcc2b0eec66fc83b8fbed2614d530f02434e213461c2a8abcd9d893194bfae5c
93060-01-22-00,93060-01-22-00,93060-01-22-00,4u_1705_44,verified,https://heasarc.gsfc.nasa.gov/FTP/xte/data/archive/AO12/P93060/93060-01-22-00/stdprod/xp93060012200_s2.pha.gz,/Users/youhanwanigasuriya/Documents/New project/bh_ns_source_generalization/data/raw/rxte/93060-01-22-00/source-4fdb519f05b6.bin,4fdb519f05b6b97e652ee2589372dc7338e66d8eb59337862ac85f3bc7aa404c,data/processed/native/93060-01-22-00.npz,07cfee73497e64659a05d5b82fbd1161951e397907da0a700fdacf9628e53248,2026-09-22T11:06:52.657676+00:00,PCA_OGIP_RATE43_OVERLAP_V1,PCA_OGIP_RATE43_OVERLAP_V1,data/raw/rxte/93060-01-22-00/acquisition.json,verified,recorded count/s/selected PCU/output bin,recorded count/s/selected PCU/output bin,Propagated archive statistical covariance; calibration/background systematics excluded,no artificial replacements,,aa71a22828392efbc55241f7a13c993597b2afbd50d55081d94dc024989a8b9c,,data/provenance/rxte_processing/93060-01-22-00.json,e22ac747d70495aef9ccf105806973b902f5ea0d04e2cc82452d1fef73e2b011
93060-01-28-10,93060-01-28-10,93060-01-28-10,4u_1705_44,verified,https://heasarc.gsfc.nasa.gov/FTP/xte/data/archive/AO12/P93060/93060-01-28-10/stdprod/xp93060012810_s2.pha.gz,/Users/youhanwanigasuriya/Documents/New project/bh_ns_source_generalization/data/raw/rxte/93060-01-28-10/source-4f4547be57b3.bin,4f4547be57b35f1066bc9f169ff9022d37818f616739df50420dbace216bb16f,data/processed/native/93060-01-28-10.npz,0efcddc1afccdc3b7fbbbabf5eefb2a9a62b546a53bc887cd945baf4e7fbdbae,2026-09-22T11:07:05.530792+00:00,PCA_OGIP_RATE43_OVERLAP_V1,PCA_OGIP_RATE43_OVERLAP_V1,data/raw/rxte/93060-01-28-10/acquisition.json,verified,recorded count/s/selected PCU/output bin,recorded count/s/selected PCU/output bin,Propagated archive statistical covariance; calibration/background systematics excluded,no artificial replacements,,465300a187ef52602ce9522b9a3795a6636f1411aa5d053622b140b3c88a17f7,,data/provenance/rxte_processing/93060-01-28-10.json,59915d1118ae789fc663fa53833061ee936cfad4a12baf60fc35f070825a0afd
93060-01-35-00,93060-01-35-00,93060-01-35-00,4u_1705_44,verified,https://heasarc.gsfc.nasa.gov/FTP/xte/data/archive/AO12/P93060/93060-01-35-00/stdprod/xp93060013500_s2.pha.gz,/Users/youhanwanigasuriya/Documents/New project/bh_ns_source_generalization/data/raw/rxte/93060-01-35-00/source-873f16ed6113.bin,873f16ed61136268d877d0fa88bbad4ea5645347ed602dfcf774a1de3c20cdd7,data/processed/native/93060-01-35-00.npz,0b5e86596ca655338202f04da85d426342f2d3792baf2c3ed5c06d55d14d2f96,2026-09-22T11:06:55.759702+00:00,PCA_OGIP_RATE43_OVERLAP_V1,PCA_OGIP_RATE43_OVERLAP_V1,data/raw/rxte/93060-01-35-00/acquisition.json,verified,recorded count/s/selected PCU/output bin,recorded count/s/selected PCU/output bin,Propagated archive statistical covariance; calibration/background systematics excluded,no artificial replacements,,333dd3c19039b06948de5159decc15ce1b749c32db02d7c6402ffce05e6eef44,,data/provenance/rxte_processing/93060-01-35-00.json,85ba47ce52ecaa9e5fe6f8a6ff1178035142360e0640d3037987645aae0421cd
93060-01-58-00,93060-01-58-00,93060-01-58-00,4u_1705_44,verified,https://heasarc.gsfc.nasa.gov/FTP/xte/data/archive/AO12/P93060/93060-01-58-00/stdprod/xp93060015800_s2.pha.gz,/Users/youhanwanigasuriya/Documents/New project/bh_ns_source_generalization/data/raw/rxte/93060-01-58-00/source-ee0cd1a9f74e.bin,ee0cd1a9f74e5f1331e161bf4d3a1505a762ea7b70c482dad7b57538c5d3a339,data/processed/native/93060-01-58-00.npz,599619bb4415d5a356d2c03106ee95e4262df2a20be4c46e5f0d1f1a10c3f47f,2026-09-22T11:06:56.315242+00:00,PCA_OGIP_RATE43_OVERLAP_V1,PCA_OGIP_RATE43_OVERLAP_V1,data/raw/rxte/93060-01-58-00/acquisition.json,verified,recorded count/s/selected PCU/output bin,recorded count/s/selected PCU/output bin,Propagated archive statistical covariance; calibration/background systematics excluded,no artificial replacements,,9334a6cc084d972e0a21f5a119712bd8340cac7ad6c27b56c2e9673f954e589f,,data/provenance/rxte_processing/93060-01-58-00.json,5c0a0d4f0a145157ff46e01fea6bbcb1bba521e0500c5d91b3b3c0c3e41d7db4
93060-01-71-00,93060-01-71-00,93060-01-71-00,4u_1705_44,verified,https://heasarc.gsfc.nasa.gov/FTP/xte/data/archive/AO12/P93060/93060-01-71-00/stdprod/xp93060017100_s2.pha.gz,/Users/youhanwanigasuriya/Documents/New project/bh_ns_source_generalization/data/raw/rxte/93060-01-71-00/source-318b00f687c9.bin,318b00f687c93113f7802afe6e79095caa1368a392274ccd072736e5f44c772f,data/processed/native/93060-01-71-00.npz,eadd7553cbd227544d6b019c72af38f96fd99aefa17b543f76d4a1699c3e035b,2026-09-22T11:06:58.039740+00:00,PCA_OGIP_RATE43_OVERLAP_V1,PCA_OGIP_RATE43_OVERLAP_V1,data/raw/rxte/93060-01-71-00/acquisition.json,verified,recorded count/s/selected PCU/output bin,recorded count/s/selected PCU/output bin,Propagated archive statistical covariance; calibration/background systematics excluded,no artificial replacements,,14892289f5bb254e8daf312c975a60896cabb8250dc3d1117077b6339119a080,,data/provenance/rxte_processing/93060-01-71-00.json,ebaecc89a87f40d3119ae9a0aa51a43ca8ac3a6243919be1e0b0e1371e530d01
93060-01-85-00,93060-01-85-00,93060-01-85-00,4u_1705_44,verified,https://heasarc.gsfc.nasa.gov/FTP/xte/data/archive/AO12/P93060/93060-01-85-00/stdprod/xp93060018500_s2.pha.gz,/Users/youhanwanigasuriya/Documents/New project/bh_ns_source_generalization/data/raw/rxte/93060-01-85-00/source-7170d20c76e6.bin,7170d20c76e6f1af5e9d8e8967cf421eadea116134aca00860f5527eb65fb883,data/processed/native/93060-01-85-00.npz,fafa039980c298dad4040b8a79ad07d15d7196b7889e2c61913fd160947b850b,2026-09-22T11:07:01.237500+00:00,PCA_OGIP_RATE43_OVERLAP_V1,PCA_OGIP_RATE43_OVERLAP_V1,data/raw/rxte/93060-01-85-00/acquisition.json,verified,recorded count/s/selected PCU/output bin,recorded count/s/selected PCU/output bin,Propagated archive statistical covariance; calibration/background systematics excluded,no artificial replacements,,28feb45610127b33f835b95439640aa3208bc3ea52a03ffaa0f255ffe91491a7,,data/provenance/rxte_processing/93060-01-85-00.json,48e55ccccbf33716f40ebd65d86a62be769d67c6bcbdda5b410ec377c14ac360
93076-01-09-00,93076-01-09-00,93076-01-09-00,aql_x_1,verified,https://heasarc.gsfc.nasa.gov/FTP/xte/data/archive/AO12/P93076/93076-01-09-00/stdprod/xp93076010900_s2.pha.gz,/Users/youhanwanigasuriya/Documents/New project/bh_ns_source_generalization/data/raw/rxte/93076-01-09-00/source-19ad9537ad1b.bin,19ad9537ad1bb72362d90698e2aa701484cf1502ab8de3ec3b5701df2d8d26b6,data/processed/native/93076-01-09-00.npz,1dce3f6cd7a8ca926f4f3fa03772e552985db683dcc151edef75186bbdcb354b,2026-09-22T11:10:26.526625+00:00,PCA_OGIP_RATE43_OVERLAP_V1,PCA_OGIP_RATE43_OVERLAP_V1,data/raw/rxte/93076-01-09-00/acquisition.json,verified,recorded count/s/selected PCU/output bin,recorded count/s/selected PCU/output bin,Propagated archive statistical covariance; calibration/background systematics excluded,no artificial replacements,,f4dc01a01c221b48c63ecef7c758d0eccbb46b6bc72d4e33aa3cfb03fa76beaa,,data/provenance/rxte_processing/93076-01-09-00.json,2a658c7d9aad72e4c65e9e90eae910ae21e38793066ab18716ff03f719c83f75
93076-08-02-00,93076-08-02-00,93076-08-02-00,gx_339_4,verified,https://heasarc.gsfc.nasa.gov/FTP/xte/data/archive/AO12/P93076/93076-08-02-00/stdprod/xp93076080200_s2.pha.gz,/Users/youhanwanigasuriya/Documents/New project/bh_ns_source_generalization/data/raw/rxte/93076-08-02-00/source-0064ebe561ee.bin,0064ebe561eefa095d5caeea0a70a6217daddc7af142fe7d433bcc4305e497f6,data/processed/native/93076-08-02-00.npz,efb18ef14187c31740887ead0ff07e5017c518c4dc21cc31525ca63bee978d34,2026-09-22T11:12:29.923935+00:00,PCA_OGIP_RATE43_OVERLAP_V1,PCA_OGIP_RATE43_OVERLAP_V1,data/raw/rxte/93076-08-02-00/acquisition.json,verified,recorded count/s/selected PCU/output bin,recorded count/s/selected PCU/output bin,Propagated archive statistical covariance; calibration/background systematics excluded,no artificial replacements,,cf905abdc2140618c224142db7b2e3e8b25328177869faa50c8176a1c45cbf36,,data/provenance/rxte_processing/93076-08-02-00.json,e6c14646f8109e281bea84cc653dbca8a373e45f3e89b1577a21e79329aa8ffa
93082-02-04-02,93082-02-04-02,93082-02-04-02,cyg_x_2,verified,https://heasarc.gsfc.nasa.gov/FTP/xte/data/archive/AO12/P93082/93082-02-04-02/stdprod/xp93082020402_s2.pha.gz,/Users/youhanwanigasuriya/Documents/New project/bh_ns_source_generalization/data/raw/rxte/93082-02-04-02/source-0ba3835bf587.bin,0ba3835bf587ec0c5b8916571dfd32ca21bfd63b635efc4f6446efca9540f0c9,data/processed/native/93082-02-04-02.npz,4396c94ac1bd5b9c0452abe2ef98aefd2d0d02c644436c76272537f388aa567b,2026-09-22T11:11:25.244569+00:00,PCA_OGIP_RATE43_OVERLAP_V1,PCA_OGIP_RATE43_OVERLAP_V1,data/raw/rxte/93082-02-04-02/acquisition.json,verified,recorded count/s/selected PCU/output bin,recorded count/s/selected PCU/output bin,Propagated archive statistical covariance; calibration/background systematics excluded,no artificial replacements,,cd5a8443b7da84427fd82b9a207a155b03ccee449685e633ae2ef9d6b286ced8,,data/provenance/rxte_processing/93082-02-04-02.json,d0d6fee9a1ab6d469799b8014aa6a9e14cc064f923e0aa7ef1a81ecdb25259f4
93087-01-36-10,93087-01-36-10,93087-01-36-10,4u_1636_536,verified,https://heasarc.gsfc.nasa.gov/FTP/xte/data/archive/AO12/P93087/93087-01-36-10/stdprod/xp93087013610_s2.pha.gz,/Users/youhanwanigasuriya/Documents/New project/bh_ns_source_generalization/data/raw/rxte/93087-01-36-10/source-abd84aa118fa.bin,abd84aa118fa7f07b70a5232527a76a309c0302e21706147f52bac3722757ac4,data/processed/native/93087-01-36-10.npz,5bca233969462feaf2875c483a7bbbfb7f3df0fb7a78d8298a545ae32a17a928,2026-09-22T11:05:27.361747+00:00,PCA_OGIP_RATE43_OVERLAP_V1,PCA_OGIP_RATE43_OVERLAP_V1,data/raw/rxte/93087-01-36-10/acquisition.json,verified,recorded count/s/selected PCU/output bin,recorded count/s/selected PCU/output bin,Propagated archive statistical covariance; calibration/background systematics excluded,no artificial replacements,,a164f6e859afb2e76d3dd6aff4df417e000ae980288ab132c8ac599644c3d54f,,data/provenance/rxte_processing/93087-01-36-10.json,066c87d09c2aca50c8db0c7106e239264b942cfc84b9b1e877476367ae62143c
93087-01-36-20,93087-01-36-20,93087-01-36-20,4u_1636_536,verified,https://heasarc.gsfc.nasa.gov/FTP/xte/data/archive/AO12/P93087/93087-01-36-20/stdprod/xp93087013620_s2.pha.gz,/Users/youhanwanigasuriya/Documents/New project/bh_ns_source_generalization/data/raw/rxte/93087-01-36-20/source-ebec5fe9b3fc.bin,ebec5fe9b3fc15462c2b3da06a0724386b43e171796b85810671e899f7bcc1af,data/processed/native/93087-01-36-20.npz,07e6ae0fafceeaf3aa327483e50a9866af6962e9f871865f1693888fc60fc03d,2026-09-22T11:05:30.369459+00:00,PCA_OGIP_RATE43_OVERLAP_V1,PCA_OGIP_RATE43_OVERLAP_V1,data/raw/rxte/93087-01-36-20/acquisition.json,verified,recorded count/s/selected PCU/output bin,recorded count/s/selected PCU/output bin,Propagated archive statistical covariance; calibration/background systematics excluded,no artificial replacements,,a418c9eced85e1d3cde32f76fa2adb6e8fbc92b033c956a34362707275f9d724,,data/provenance/rxte_processing/93087-01-36-20.json,7a76a27a55fd4b2f7e7d16bc1a7669e3964a5d7ab1fc357cfc9f203ae58dbc76
93087-01-41-00,93087-01-41-00,93087-01-41-00,4u_1636_536,verified,https://heasarc.gsfc.nasa.gov/FTP/xte/data/archive/AO12/P93087/93087-01-41-00/stdprod/xp93087014100_s2.pha.gz,/Users/youhanwanigasuriya/Documents/New project/bh_ns_source_generalization/data/raw/rxte/93087-01-41-00/source-03ef19e98046.bin,03ef19e980467a4880d7cc0ca7e43d9325fabb4ad572d5fefd4870898676df59,data/processed/native/93087-01-41-00.npz,07cc9be8120749867709f162c6b5897d3de725cc8379d39c24051445420a2b80,2026-09-22T11:05:26.116204+00:00,PCA_OGIP_RATE43_OVERLAP_V1,PCA_OGIP_RATE43_OVERLAP_V1,data/raw/rxte/93087-01-41-00/acquisition.json,verified,recorded count/s/selected PCU/output bin,recorded count/s/selected PCU/output bin,Propagated archive statistical covariance; calibration/background systematics excluded,no artificial replacements,,aa71a22828392efbc55241f7a13c993597b2afbd50d55081d94dc024989a8b9c,,data/provenance/rxte_processing/93087-01-41-00.json,782717f466f35e962d99539ea6441735abaa978d24d226af78edc834c13f5f22
93087-01-83-10,93087-01-83-10,93087-01-83-10,4u_1636_536,verified,https://heasarc.gsfc.nasa.gov/FTP/xte/data/archive/AO12/P93087/93087-01-83-10/stdprod/xp93087018310_s2.pha.gz,/Users/youhanwanigasuriya/Documents/New project/bh_ns_source_generalization/data/raw/rxte/93087-01-83-10/source-524d254b110f.bin,524d254b110f34b5749ba49907b61dc76a5502cfe2ba56a2a79cb8e875a70c17,data/processed/native/93087-01-83-10.npz,7c2a5792236d2b961e2f15902766928ef3c4ee30b7c3ba3a284ece54d4953e1a,2026-09-22T11:05:28.186251+00:00,PCA_OGIP_RATE43_OVERLAP_V1,PCA_OGIP_RATE43_OVERLAP_V1,data/raw/rxte/93087-01-83-10/acquisition.json,verified,recorded count/s/selected PCU/output bin,recorded count/s/selected PCU/output bin,Propagated archive statistical covariance; calibration/background systematics excluded,no artificial replacements,,792a67c5f1da9e1dd5c17cd9ccd3d235a8e6c1bd5ecd2c888f5497dabacc540f,,data/provenance/rxte_processing/93087-01-83-10.json,0af30518cbfb2c709fbaf6bfda08e67de08b9ffdf1a7781ca9982c972acc0183
93087-01-87-00,93087-01-87-00,93087-01-87-00,4u_1636_536,verified,https://heasarc.gsfc.nasa.gov/FTP/xte/data/archive/AO12/P93087/93087-01-87-00/stdprod/xp93087018700_s2.pha.gz,/Users/youhanwanigasuriya/Documents/New project/bh_ns_source_generalization/data/raw/rxte/93087-01-87-00/source-144594cfd60e.bin,144594cfd60e5c14a36536ef67700fb6fb735075dcba177c28c504622cb8264f,data/processed/native/93087-01-87-00.npz,1aae42d28c78f469c6d939f14dac2911096d21fd71b29f56b7a9758e6348456d,2026-09-22T10:55:39.345049+00:00,PCA_OGIP_RATE43_OVERLAP_V1,PCA_OGIP_RATE43_OVERLAP_V1,data/raw/rxte/93087-01-87-00/acquisition.json,verified,recorded count/s/selected PCU/output bin,recorded count/s/selected PCU/output bin,Propagated archive statistical covariance; calibration/background systematics excluded,no artificial replacements,,a00a5f93aef878f2dbdbfb39c9247b27105ead4b6de20276e435ff19f51e9d9c,,data/provenance/rxte_processing/93087-01-87-00.json,95b03adbf6802a476d8ed574082d6a368f2b0424d0a37e7a3fd265c0abb497ea
93089-20-01-00,93089-20-01-00,93089-20-01-00,ks_1731_260,verified,https://heasarc.gsfc.nasa.gov/FTP/xte/data/archive/AO12/P93089/93089-20-01-00/stdprod/xp93089200100_s2.pha.gz,/Users/youhanwanigasuriya/Documents/New project/bh_ns_source_generalization/data/raw/rxte/93089-20-01-00/source-cc083ae4e27c.bin,cc083ae4e27cd7c6433bb889e08d7c8f1be90a1fcef33797781a94675026f484,data/processed/native/93089-20-01-00.npz,1a22118e833160fbda298e5ddcfe385caed3f15b4a8c0d16c62629877ac91b5d,2026-09-22T10:56:34.634337+00:00,PCA_OGIP_RATE43_OVERLAP_V1,PCA_OGIP_RATE43_OVERLAP_V1,data/raw/rxte/93089-20-01-00/acquisition.json,verified,recorded count/s/selected PCU/output bin,recorded count/s/selected PCU/output bin,Propagated archive statistical covariance; calibration/background systematics excluded,no artificial replacements,,367c374938308ba30a3ea031bfd321aa0a173e0b9be6ac381b327d7bd6bbc06b,,data/provenance/rxte_processing/93089-20-01-00.json,b60159523a2e39da618add1df8e6a4ea46a53f7d66a6bbac4eab8b99603a9807
93093-01-01-00,93093-01-01-00,93093-01-01-00,sax_j1810_8_2609,verified,https://heasarc.gsfc.nasa.gov/FTP/xte/data/archive/AO12/P93093/93093-01-01-00/stdprod/xp93093010100_s2.pha.gz,/Users/youhanwanigasuriya/Documents/New project/bh_ns_source_generalization/data/raw/rxte/93093-01-01-00/source-efc62261c12f.bin,efc62261c12fe5095433c11f6868d16b7585c11eb946905c9b75a854c1016a1a,data/processed/native/93093-01-01-00.npz,56d0f8ce74ee6093a6175c5f0c611d4009fa91d93daa5ad25de64dc608bd502c,2026-09-22T11:19:20.382240+00:00,PCA_OGIP_RATE43_OVERLAP_V1,PCA_OGIP_RATE43_OVERLAP_V1,data/raw/rxte/93093-01-01-00/acquisition.json,verified,recorded count/s/selected PCU/output bin,recorded count/s/selected PCU/output bin,Propagated archive statistical covariance; calibration/background systematics excluded,no artificial replacements,,973c9cc9a0a78ff4f4c7b653358f28d505a417176c2fa1b571a136823e7003ec,,data/provenance/rxte_processing/93093-01-01-00.json,a19a50bde54619a2c82d1c0e6f5e85981be9f0fea790f07182c596e05c14f5b1
93093-01-01-01,93093-01-01-01,93093-01-01-01,sax_j1810_8_2609,verified,https://heasarc.gsfc.nasa.gov/FTP/xte/data/archive/AO12/P93093/93093-01-01-01/stdprod/xp93093010101_s2.pha.gz,/Users/youhanwanigasuriya/Documents/New project/bh_ns_source_generalization/data/raw/rxte/93093-01-01-01/source-62a36aa376ad.bin,62a36aa376ad59c82c1c693da9d95bbbd288a3cfd6d9c52ca7a165c167c24705,data/processed/native/93093-01-01-01.npz,6e59c9f287d166f58a3300734e140f46d8e9605911832a226175fa2a6b86f828,2026-09-22T11:19:24.746896+00:00,PCA_OGIP_RATE43_OVERLAP_V1,PCA_OGIP_RATE43_OVERLAP_V1,data/raw/rxte/93093-01-01-01/acquisition.json,verified,recorded count/s/selected PCU/output bin,recorded count/s/selected PCU/output bin,Propagated archive statistical covariance; calibration/background systematics excluded,no artificial replacements,,d6eaf8212f5b45a5a9e03d70ef3ce1d00b28dc3d0a52bac3bbf374274dccfbff,,data/provenance/rxte_processing/93093-01-01-01.json,cb5476a0e776bb8dac15555c774221e6d28983073d738e13bfd3f6a6db782c18
93093-01-01-02,93093-01-01-02,93093-01-01-02,sax_j1810_8_2609,verified,https://heasarc.gsfc.nasa.gov/FTP/xte/data/archive/AO12/P93093/93093-01-01-02/stdprod/xp93093010102_s2.pha.gz,/Users/youhanwanigasuriya/Documents/New project/bh_ns_source_generalization/data/raw/rxte/93093-01-01-02/source-ff5dcf86b6aa.bin,ff5dcf86b6aacb6655944183a69a46d135ee333f2a2b3d61715735d9d9402511,data/processed/native/93093-01-01-02.npz,cdaeffa7cbdda98da707d674b30e068adafb36899577e5fbd77104487e23b244,2026-09-22T11:19:26.213240+00:00,PCA_OGIP_RATE43_OVERLAP_V1,PCA_OGIP_RATE43_OVERLAP_V1,data/raw/rxte/93093-01-01-02/acquisition.json,verified,recorded count/s/selected PCU/output bin,recorded count/s/selected PCU/output bin,Propagated archive statistical covariance; calibration/background systematics excluded,no artificial replacements,,d6eaf8212f5b45a5a9e03d70ef3ce1d00b28dc3d0a52bac3bbf374274dccfbff,,data/provenance/rxte_processing/93093-01-01-02.json,20341895ffefbfee67401ff4940394c3112889ee4425d67fe3570dce20d73996
93093-01-02-01,93093-01-02-01,93093-01-02-01,sax_j1810_8_2609,verified,https://heasarc.gsfc.nasa.gov/FTP/xte/data/archive/AO12/P93093/93093-01-02-01/stdprod/xp93093010201_s2.pha.gz,/Users/youhanwanigasuriya/Documents/New project/bh_ns_source_generalization/data/raw/rxte/93093-01-02-01/source-ab58a9d3862a.bin,ab58a9d3862a43f9f788915e3b39538d70ff4f0e3df7f685e3ce13597a99e3a0,data/processed/native/93093-01-02-01.npz,dae49443262ddc545c4182ea7206ac7681feb309a741bf5802d920b90030aed7,2026-09-22T11:19:27.312658+00:00,PCA_OGIP_RATE43_OVERLAP_V1,PCA_OGIP_RATE43_OVERLAP_V1,data/raw/rxte/93093-01-02-01/acquisition.json,verified,recorded count/s/selected PCU/output bin,recorded count/s/selected PCU/output bin,Propagated archive statistical covariance; calibration/background systematics excluded,no artificial replacements,,884eeb218e2a65c1de7e385e56bfc7f44347ebc100b233d6d08509595e0a160d,,data/provenance/rxte_processing/93093-01-02-01.json,48f838d1c1c1aa7deeeecdd3f9a4d536850d827aa2a2d7328759acc19d882839
93093-01-02-02,93093-01-02-02,93093-01-02-02,sax_j1810_8_2609,verified,https://heasarc.gsfc.nasa.gov/FTP/xte/data/archive/AO12/P93093/93093-01-02-02/stdprod/xp93093010202_s2.pha.gz,/Users/youhanwanigasuriya/Documents/New project/bh_ns_source_generalization/data/raw/rxte/93093-01-02-02/source-226b802c6d1c.bin,226b802c6d1c60f91003806a8c4778487e021be8ab2c298455fd36e46430bc79,data/processed/native/93093-01-02-02.npz,d55f9fdf3ab937c405b3ce3b49a21eef3685f88b600b3f914f6dc8d3ad19e69a,2026-09-22T11:19:27.962403+00:00,PCA_OGIP_RATE43_OVERLAP_V1,PCA_OGIP_RATE43_OVERLAP_V1,data/raw/rxte/93093-01-02-02/acquisition.json,verified,recorded count/s/selected PCU/output bin,recorded count/s/selected PCU/output bin,Propagated archive statistical covariance; calibration/background systematics excluded,no artificial replacements,,884eeb218e2a65c1de7e385e56bfc7f44347ebc100b233d6d08509595e0a160d,,data/provenance/rxte_processing/93093-01-02-02.json,f599dfc9d20aa23490daff127702dbe0f2a862bc8906c11f173d6d4f799a5ff7
93093-01-02-03,93093-01-02-03,93093-01-02-03,sax_j1810_8_2609,verified,https://heasarc.gsfc.nasa.gov/FTP/xte/data/archive/AO12/P93093/93093-01-02-03/stdprod/xp93093010203_s2.pha.gz,/Users/youhanwanigasuriya/Documents/New project/bh_ns_source_generalization/data/raw/rxte/93093-01-02-03/source-21eda9957583.bin,21eda99575838c7c6e32d9424f7b24062ffb222190f1abbe36ae45278075e3a2,data/processed/native/93093-01-02-03.npz,990260578715649a224667af6a0b07d4b3c8af6fe61b34e750c905702f4b7b89,2026-09-22T11:19:28.362975+00:00,PCA_OGIP_RATE43_OVERLAP_V1,PCA_OGIP_RATE43_OVERLAP_V1,data/raw/rxte/93093-01-02-03/acquisition.json,verified,recorded count/s/selected PCU/output bin,recorded count/s/selected PCU/output bin,Propagated archive statistical covariance; calibration/background systematics excluded,no artificial replacements,,884eeb218e2a65c1de7e385e56bfc7f44347ebc100b233d6d08509595e0a160d,,data/provenance/rxte_processing/93093-01-02-03.json,c76bdef7ea58409bf6b829abaa56026e9f7c6d20e1dffdc63017ac00a8c7e2e3
93093-01-02-04,93093-01-02-04,93093-01-02-04,sax_j1810_8_2609,verified,https://heasarc.gsfc.nasa.gov/FTP/xte/data/archive/AO12/P93093/93093-01-02-04/stdprod/xp93093010204_s2.pha.gz,/Users/youhanwanigasuriya/Documents/New project/bh_ns_source_generalization/data/raw/rxte/93093-01-02-04/source-5242669826ed.bin,5242669826ed04409e18066d5a38c8d4d8205c3954e074124eaabff1f0af65c0,data/processed/native/93093-01-02-04.npz,cad4368f366b200cd7ae470d49fa18875d654dcc5ddba086a631414d877c388c,2026-09-22T11:19:31.298588+00:00,PCA_OGIP_RATE43_OVERLAP_V1,PCA_OGIP_RATE43_OVERLAP_V1,data/raw/rxte/93093-01-02-04/acquisition.json,verified,recorded count/s/selected PCU/output bin,recorded count/s/selected PCU/output bin,Propagated archive statistical covariance; calibration/background systematics excluded,no artificial replacements,,884eeb218e2a65c1de7e385e56bfc7f44347ebc100b233d6d08509595e0a160d,,data/provenance/rxte_processing/93093-01-02-04.json,8a35dcb6ab796a092680cc18761163b2c71f9c2bddda0d0118d37ebb7dbffc69
93093-01-02-05,93093-01-02-05,93093-01-02-05,sax_j1810_8_2609,verified,https://heasarc.gsfc.nasa.gov/FTP/xte/data/archive/AO12/P93093/93093-01-02-05/stdprod/xp93093010205_s2.pha.gz,/Users/youhanwanigasuriya/Documents/New project/bh_ns_source_generalization/data/raw/rxte/93093-01-02-05/source-4c1de448d9e8.bin,4c1de448d9e8d11e058fdce995a143f5dab90892c30d30a1343919ffe65627ce,data/processed/native/93093-01-02-05.npz,e93b131000fdbb5228c44b1c124757a1d4b4d996bb9959c0912f1e0432103db7,2026-09-22T11:19:37.457132+00:00,PCA_OGIP_RATE43_OVERLAP_V1,PCA_OGIP_RATE43_OVERLAP_V1,data/raw/rxte/93093-01-02-05/acquisition.json,verified,recorded count/s/selected PCU/output bin,recorded count/s/selected PCU/output bin,Propagated archive statistical covariance; calibration/background systematics excluded,no artificial replacements,,884eeb218e2a65c1de7e385e56bfc7f44347ebc100b233d6d08509595e0a160d,,data/provenance/rxte_processing/93093-01-02-05.json,ffa88404d3c686ba29cd6c00f64f15aa7e953802e50d304599e1cc981afff7ef
93093-01-02-06,93093-01-02-06,93093-01-02-06,sax_j1810_8_2609,verified,https://heasarc.gsfc.nasa.gov/FTP/xte/data/archive/AO12/P93093/93093-01-02-06/stdprod/xp93093010206_s2.pha.gz,/Users/youhanwanigasuriya/Documents/New project/bh_ns_source_generalization/data/raw/rxte/93093-01-02-06/source-c192eb8c6cd9.bin,c192eb8c6cd949e04bf93969441612a6f1d3ad4b9660c66c1d7e2af49c35b8f7,data/processed/native/93093-01-02-06.npz,c0384d1f7ce95c75927275140df840936bf91d21c634b1c502e21497e3875b47,2026-09-22T11:19:37.660946+00:00,PCA_OGIP_RATE43_OVERLAP_V1,PCA_OGIP_RATE43_OVERLAP_V1,data/raw/rxte/93093-01-02-06/acquisition.json,verified,recorded count/s/selected PCU/output bin,recorded count/s/selected PCU/output bin,Propagated archive statistical covariance; calibration/background systematics excluded,no artificial replacements,,884eeb218e2a65c1de7e385e56bfc7f44347ebc100b233d6d08509595e0a160d,,data/provenance/rxte_processing/93093-01-02-06.json,6e81ce67325bf7619f6b113d7f676fca6ff2e613a59f9ee9ed00a8df5a8657c3
93093-01-02-07,93093-01-02-07,93093-01-02-07,sax_j1810_8_2609,verified,https://heasarc.gsfc.nasa.gov/FTP/xte/data/archive/AO12/P93093/93093-01-02-07/stdprod/xp93093010207_s2.pha.gz,/Users/youhanwanigasuriya/Documents/New project/bh_ns_source_generalization/data/raw/rxte/93093-01-02-07/source-c0f54ad42b8d.bin,c0f54ad42b8d330b67e587a1416aac1f5a96c36dc39b3a38203711ba482613da,data/processed/native/93093-01-02-07.npz,c9d60edf42c351df6d2b8707efbd05c450636c89c3b7b19a514a35d4c9c55ccc,2026-09-22T11:19:37.736231+00:00,PCA_OGIP_RATE43_OVERLAP_V1,PCA_OGIP_RATE43_OVERLAP_V1,data/raw/rxte/93093-01-02-07/acquisition.json,verified,recorded count/s/selected PCU/output bin,recorded count/s/selected PCU/output bin,Propagated archive statistical covariance; calibration/background systematics excluded,no artificial replacements,,884eeb218e2a65c1de7e385e56bfc7f44347ebc100b233d6d08509595e0a160d,,data/provenance/rxte_processing/93093-01-02-07.json,559791a6a0561b3e395c0ec01950fb6ea19080cd8c5093b0a9e4f70295a6c39a
93093-01-02-08,93093-01-02-08,93093-01-02-08,sax_j1810_8_2609,verified,https://heasarc.gsfc.nasa.gov/FTP/xte/data/archive/AO12/P93093/93093-01-02-08/stdprod/xp93093010208_s2.pha.gz,/Users/youhanwanigasuriya/Documents/New project/bh_ns_source_generalization/data/raw/rxte/93093-01-02-08/source-d0bc838a84b3.bin,d0bc838a84b307152f6c63817b52b061208aeac2891dd9d7028550bc19ff4315,data/processed/native/93093-01-02-08.npz,6e9a942b972dbd3ff8fa5c9312c5ae3a16cb5eaadc4f876a5ef767dbdd45f216,2026-09-22T11:19:38.462758+00:00,PCA_OGIP_RATE43_OVERLAP_V1,PCA_OGIP_RATE43_OVERLAP_V1,data/raw/rxte/93093-01-02-08/acquisition.json,verified,recorded count/s/selected PCU/output bin,recorded count/s/selected PCU/output bin,Propagated archive statistical covariance; calibration/background systematics excluded,no artificial replacements,,7ceb8562b0749ed8273e7ca5e4a2d69113ec450784d579ef2ef5804ab0485b30,,data/provenance/rxte_processing/93093-01-02-08.json,c5d1daa7519cf6129e5b4fb393e6800abf603ff8c3f7feb23a24003203a69382
93093-01-02-10,93093-01-02-10,93093-01-02-10,sax_j1810_8_2609,verified,https://heasarc.gsfc.nasa.gov/FTP/xte/data/archive/AO12/P93093/93093-01-02-10/stdprod/xp93093010210_s2.pha.gz,/Users/youhanwanigasuriya/Documents/New project/bh_ns_source_generalization/data/raw/rxte/93093-01-02-10/source-bc41e78c74ec.bin,bc41e78c74ec919689a7cfc3d6798901c902b7bce27d07447004d9a80ce33a92,data/processed/native/93093-01-02-10.npz,120fcecd220086bd58a26b81fa201eb979f84235c1ff9dbf2330cdd095cba0ad,2026-09-22T11:19:38.648715+00:00,PCA_OGIP_RATE43_OVERLAP_V1,PCA_OGIP_RATE43_OVERLAP_V1,data/raw/rxte/93093-01-02-10/acquisition.json,verified,recorded count/s/selected PCU/output bin,recorded count/s/selected PCU/output bin,Propagated archive statistical covariance; calibration/background systematics excluded,no artificial replacements,,695110a8972221f1c1dfb01e9d9108eea443b4a2cd60bd9e321538171bb4592a,,data/provenance/rxte_processing/93093-01-02-10.json,d537e5ec57a52a1bdba466598a8f3ceb5a552bdb4942a5a77f01124357be2249
93093-01-02-11,93093-01-02-11,93093-01-02-11,sax_j1810_8_2609,verified,https://heasarc.gsfc.nasa.gov/FTP/xte/data/archive/AO12/P93093/93093-01-02-11/stdprod/xp93093010211_s2.pha.gz,/Users/youhanwanigasuriya/Documents/New project/bh_ns_source_generalization/data/raw/rxte/93093-01-02-11/source-7549529295c0.bin,7549529295c05466a6312b32d269c91643cf5c0bc4e8626f99819619a963fa46,data/processed/native/93093-01-02-11.npz,d4cc447b1715949a04ce2242ab8c3f1fc24f1daf75fea4b2a951d78d901e422e,2026-09-22T11:19:41.933331+00:00,PCA_OGIP_RATE43_OVERLAP_V1,PCA_OGIP_RATE43_OVERLAP_V1,data/raw/rxte/93093-01-02-11/acquisition.json,verified,recorded count/s/selected PCU/output bin,recorded count/s/selected PCU/output bin,Propagated archive statistical covariance; calibration/background systematics excluded,no artificial replacements,,695110a8972221f1c1dfb01e9d9108eea443b4a2cd60bd9e321538171bb4592a,,data/provenance/rxte_processing/93093-01-02-11.json,691fab07b5ad460957fb062b2fae7ff326d0a972892636dffc204c7f5d515f06
93155-01-01-00,93155-01-01-00,93155-01-01-00,1a_1744_361,verified,https://heasarc.gsfc.nasa.gov/FTP/xte/data/archive/AO12/P93155/93155-01-01-00/stdprod/xp93155010100_s2.pha.gz,/Users/youhanwanigasuriya/Documents/New project/bh_ns_source_generalization/data/raw/rxte/93155-01-01-00/source-07bb740cc012.bin,07bb740cc012a04cf724dfc76ea3123f8b4c1c766d7d31ebb183005b382987fe,data/processed/native/93155-01-01-00.npz,91cae038ef8d8c56f21b87d73a9e3de699333ab02006e7707b6b5d55cbc6c1e7,2026-09-22T11:01:50.659191+00:00,PCA_OGIP_RATE43_OVERLAP_V1,PCA_OGIP_RATE43_OVERLAP_V1,data/raw/rxte/93155-01-01-00/acquisition.json,verified,recorded count/s/selected PCU/output bin,recorded count/s/selected PCU/output bin,Propagated archive statistical covariance; calibration/background systematics excluded,no artificial replacements,,1e114e67f9e2d8917d4cf54116bda90a0f0e07a58607b7345bfda7797a9ad8ea,,data/provenance/rxte_processing/93155-01-01-00.json,659da714cc1c3921b6c7f1df6e312075e99d5f19005cc4d9e6dd7ae3be7f7dc9
93155-01-02-00,93155-01-02-00,93155-01-02-00,1a_1744_361,verified,https://heasarc.gsfc.nasa.gov/FTP/xte/data/archive/AO12/P93155/93155-01-02-00/stdprod/xp93155010200_s2.pha.gz,/Users/youhanwanigasuriya/Documents/New project/bh_ns_source_generalization/data/raw/rxte/93155-01-02-00/source-338734dab989.bin,338734dab9894e7fb87f7709c1be76e17117b1c4389079eb090e1b1df1364cb7,data/processed/native/93155-01-02-00.npz,e4069a0b287ed16339e30bf30d219d03a59ccb5b041cb44c367f4bc94cc80ab5,2026-09-22T11:01:51.346804+00:00,PCA_OGIP_RATE43_OVERLAP_V1,PCA_OGIP_RATE43_OVERLAP_V1,data/raw/rxte/93155-01-02-00/acquisition.json,verified,recorded count/s/selected PCU/output bin,recorded count/s/selected PCU/output bin,Propagated archive statistical covariance; calibration/background systematics excluded,no artificial replacements,,99f5b2befa1b149753843342e63409746d4bfac612c98ef7f546a123466ed420,,data/provenance/rxte_processing/93155-01-02-00.json,469d0b37e2356c30d674791526eed9aad34341a1612e65fc2c99a9b16f6f1d59
93155-01-02-01,93155-01-02-01,93155-01-02-01,1a_1744_361,verified,https://heasarc.gsfc.nasa.gov/FTP/xte/data/archive/AO12/P93155/93155-01-02-01/stdprod/xp93155010201_s2.pha.gz,/Users/youhanwanigasuriya/Documents/New project/bh_ns_source_generalization/data/raw/rxte/93155-01-02-01/source-8d2bcdeadebe.bin,8d2bcdeadebe65e5f6eb37d235304864fb818aaf95e2734235e2edfadd4796bc,data/processed/native/93155-01-02-01.npz,f964874951dad90a9c9b06091e65961b2db73554b3298868b33f6d783f2bfce8,2026-09-22T11:01:51.357390+00:00,PCA_OGIP_RATE43_OVERLAP_V1,PCA_OGIP_RATE43_OVERLAP_V1,data/raw/rxte/93155-01-02-01/acquisition.json,verified,recorded count/s/selected PCU/output bin,recorded count/s/selected PCU/output bin,Propagated archive statistical covariance; calibration/background systematics excluded,no artificial replacements,,99f5b2befa1b149753843342e63409746d4bfac612c98ef7f546a123466ed420,,data/provenance/rxte_processing/93155-01-02-01.json,24b46253aa03925fa9f58223e5462908f573be6c83783d74f96e7a258601b9fa
93155-01-03-01,93155-01-03-01,93155-01-03-01,1a_1744_361,verified,https://heasarc.gsfc.nasa.gov/FTP/xte/data/archive/AO12/P93155/93155-01-03-01/stdprod/xp93155010301_s2.pha.gz,/Users/youhanwanigasuriya/Documents/New project/bh_ns_source_generalization/data/raw/rxte/93155-01-03-01/source-9be4f5ea3593.bin,9be4f5ea3593017d6ea5a875ad9cc914b1ebc86b69639f94b84deb5689bb9a88,data/processed/native/93155-01-03-01.npz,818595f8f140aa7e725bd3df4d0a4109896621c65cd227867dde1dfdc4bac89e,2026-09-22T11:01:54.801500+00:00,PCA_OGIP_RATE43_OVERLAP_V1,PCA_OGIP_RATE43_OVERLAP_V1,data/raw/rxte/93155-01-03-01/acquisition.json,verified,recorded count/s/selected PCU/output bin,recorded count/s/selected PCU/output bin,Propagated archive statistical covariance; calibration/background systematics excluded,no artificial replacements,,0ab993f824edb60d8287a09cfbef7e902a3c143a3ca0cdd260b783a23d9dd41f,,data/provenance/rxte_processing/93155-01-03-01.json,2f437d4a0d8bb1c27a1407219d25ff69c682dd661771855d3a696830a9a1b6fa
93155-01-03-02,93155-01-03-02,93155-01-03-02,1a_1744_361,verified,https://heasarc.gsfc.nasa.gov/FTP/xte/data/archive/AO12/P93155/93155-01-03-02/stdprod/xp93155010302_s2.pha.gz,/Users/youhanwanigasuriya/Documents/New project/bh_ns_source_generalization/data/raw/rxte/93155-01-03-02/source-ae6b945f3abd.bin,ae6b945f3abd1567806c73079e6e67231b5e1c20913ee697bd9711dee78e17b1,data/processed/native/93155-01-03-02.npz,941789ec90d0dab9fd0c24f30b72f5462dc0bed14c52087bedae5d37c46a2f1a,2026-09-22T11:01:52.961974+00:00,PCA_OGIP_RATE43_OVERLAP_V1,PCA_OGIP_RATE43_OVERLAP_V1,data/raw/rxte/93155-01-03-02/acquisition.json,verified,recorded count/s/selected PCU/output bin,recorded count/s/selected PCU/output bin,Propagated archive statistical covariance; calibration/background systematics excluded,no artificial replacements,,0ab993f824edb60d8287a09cfbef7e902a3c143a3ca0cdd260b783a23d9dd41f,,data/provenance/rxte_processing/93155-01-03-02.json,b445447efbf1013cfae7bcb673eb80563ef40ca5dc348e63162be73f1795b407
93155-01-03-03,93155-01-03-03,93155-01-03-03,1a_1744_361,verified,https://heasarc.gsfc.nasa.gov/FTP/xte/data/archive/AO12/P93155/93155-01-03-03/stdprod/xp93155010303_s2.pha.gz,/Users/youhanwanigasuriya/Documents/New project/bh_ns_source_generalization/data/raw/rxte/93155-01-03-03/source-a97495e3e2f2.bin,a97495e3e2f226b88a075f3c266400baa636f64b900464ac64dd56375d39fa19,data/processed/native/93155-01-03-03.npz,27fdeb0307a38bfd21158d05eeb05ea93cf4a0c863e0da7c7e37b48fd82add22,2026-09-22T11:01:57.546822+00:00,PCA_OGIP_RATE43_OVERLAP_V1,PCA_OGIP_RATE43_OVERLAP_V1,data/raw/rxte/93155-01-03-03/acquisition.json,verified,recorded count/s/selected PCU/output bin,recorded count/s/selected PCU/output bin,Propagated archive statistical covariance; calibration/background systematics excluded,no artificial replacements,,0ab993f824edb60d8287a09cfbef7e902a3c143a3ca0cdd260b783a23d9dd41f,,data/provenance/rxte_processing/93155-01-03-03.json,910d560aec40fbe4ea8fe4a6c6103fda0a13c4c2d13ad3deca4dabf165b91152
93155-01-06-01,93155-01-06-01,93155-01-06-01,1a_1744_361,verified,https://heasarc.gsfc.nasa.gov/FTP/xte/data/archive/AO12/P93155/93155-01-06-01/stdprod/xp93155010601_s2.pha.gz,/Users/youhanwanigasuriya/Documents/New project/bh_ns_source_generalization/data/raw/rxte/93155-01-06-01/source-0a3744f9ffaa.bin,0a3744f9ffaa0ef93aea01648e2bd6cca53285a114f99ce8f217e5293cad8038,data/processed/native/93155-01-06-01.npz,5f3f7f745bcd94ea10030055ca6463a58e2a09fbdcffb1c37fb47d799bccf891,2026-09-22T11:02:00.076352+00:00,PCA_OGIP_RATE43_OVERLAP_V1,PCA_OGIP_RATE43_OVERLAP_V1,data/raw/rxte/93155-01-06-01/acquisition.json,verified,recorded count/s/selected PCU/output bin,recorded count/s/selected PCU/output bin,Propagated archive statistical covariance; calibration/background systematics excluded,no artificial replacements,,9c11a779783f9e5487c15c425bce326cce8ba73e2666c2271e728192aebd2b27,,data/provenance/rxte_processing/93155-01-06-01.json,81bc805990c45c621279dc9f6f7719b506a9f47ecad241e5fd21e4aba9af0671
93155-01-06-02,93155-01-06-02,93155-01-06-02,1a_1744_361,verified,https://heasarc.gsfc.nasa.gov/FTP/xte/data/archive/AO12/P93155/93155-01-06-02/stdprod/xp93155010602_s2.pha.gz,/Users/youhanwanigasuriya/Documents/New project/bh_ns_source_generalization/data/raw/rxte/93155-01-06-02/source-277e6c815592.bin,277e6c815592af34566bba3dabccbe6574fcb18bb2faca97f0935830fe925e2d,data/processed/native/93155-01-06-02.npz,fb01dff3a1dffaeec199874868708c2164dc57b54be1e153469798257b2b5a1e,2026-09-22T11:02:00.459267+00:00,PCA_OGIP_RATE43_OVERLAP_V1,PCA_OGIP_RATE43_OVERLAP_V1,data/raw/rxte/93155-01-06-02/acquisition.json,verified,recorded count/s/selected PCU/output bin,recorded count/s/selected PCU/output bin,Propagated archive statistical covariance; calibration/background systematics excluded,no artificial replacements,,e3d5d03e1d4361fa814c41add12cc1e1457d364a5005beea536c5b0473beef82,,data/provenance/rxte_processing/93155-01-06-02.json,77ebc580e169b0696dd014c24aea3845ae579674fc6c03fd1f1728d7624d4a4a
93155-01-07-00,93155-01-07-00,93155-01-07-00,1a_1744_361,verified,https://heasarc.gsfc.nasa.gov/FTP/xte/data/archive/AO12/P93155/93155-01-07-00/stdprod/xp93155010700_s2.pha.gz,/Users/youhanwanigasuriya/Documents/New project/bh_ns_source_generalization/data/raw/rxte/93155-01-07-00/source-b69675e6e18a.bin,b69675e6e18a4a8c411f24cc8ace2bf611f5dbe12e2751e0185a21c5078f0935,data/processed/native/93155-01-07-00.npz,a5cb11cc618c5db5cca2ee21c3a05a61a43f68e60e0d52ada0b77f29fa7483c9,2026-09-22T11:02:00.702577+00:00,PCA_OGIP_RATE43_OVERLAP_V1,PCA_OGIP_RATE43_OVERLAP_V1,data/raw/rxte/93155-01-07-00/acquisition.json,verified,recorded count/s/selected PCU/output bin,recorded count/s/selected PCU/output bin,Propagated archive statistical covariance; calibration/background systematics excluded,no artificial replacements,,ef740274d26a5197bfae64643b3f6563fe8153dd696d6df29214e07d0fa8ac2f,,data/provenance/rxte_processing/93155-01-07-00.json,97657c8718bc1309231b5a89e766a75d99e7680008e5675216079b1b0c99ab40
93155-01-07-02,93155-01-07-02,93155-01-07-02,1a_1744_361,verified,https://heasarc.gsfc.nasa.gov/FTP/xte/data/archive/AO12/P93155/93155-01-07-02/stdprod/xp93155010702_s2.pha.gz,/Users/youhanwanigasuriya/Documents/New project/bh_ns_source_generalization/data/raw/rxte/93155-01-07-02/source-3780932ae8f2.bin,3780932ae8f24db24278f89bae96a62c716f6eb61ec52c3f6e636133d373340b,data/processed/native/93155-01-07-02.npz,3b52c1b9afa62ace8f38b8d9bd3b4fca06b2a2e177115d6f7f6a8dbe39c87703,2026-09-22T11:02:02.825475+00:00,PCA_OGIP_RATE43_OVERLAP_V1,PCA_OGIP_RATE43_OVERLAP_V1,data/raw/rxte/93155-01-07-02/acquisition.json,verified,recorded count/s/selected PCU/output bin,recorded count/s/selected PCU/output bin,Propagated archive statistical covariance; calibration/background systematics excluded,no artificial replacements,,b8c1b3a32f83449210f35e7ec69e652765d636fe7490d5aaa0661711963972ef,,data/provenance/rxte_processing/93155-01-07-02.json,a1a1accd7da312f21de0b96c184e09c8bb9a2ec4bb495869dc7e68717b5e6e54
93155-01-08-00,93155-01-08-00,93155-01-08-00,1a_1744_361,verified,https://heasarc.gsfc.nasa.gov/FTP/xte/data/archive/AO12/P93155/93155-01-08-00/stdprod/xp93155010800_s2.pha.gz,/Users/youhanwanigasuriya/Documents/New project/bh_ns_source_generalization/data/raw/rxte/93155-01-08-00/source-0771ada65bff.bin,0771ada65bff45f3e6001434ade922b484209f0e48dc9fbe33d60b55190976be,data/processed/native/93155-01-08-00.npz,4c686b66ce506bb324605bdacbdfab3f3fcc91e16af7938b6e902ace50118a6a,2026-09-22T11:02:04.005357+00:00,PCA_OGIP_RATE43_OVERLAP_V1,PCA_OGIP_RATE43_OVERLAP_V1,data/raw/rxte/93155-01-08-00/acquisition.json,verified,recorded count/s/selected PCU/output bin,recorded count/s/selected PCU/output bin,Propagated archive statistical covariance; calibration/background systematics excluded,no artificial replacements,,3f0786dcfb2096162e3709e95b0c95b634d53802d33730cb5696e1fd72a9082a,,data/provenance/rxte_processing/93155-01-08-00.json,fbd88569e78d20a176bf11b916d93bb2cab1bc72b3ec98965472ea8685248c77
93155-01-08-02,93155-01-08-02,93155-01-08-02,1a_1744_361,verified,https://heasarc.gsfc.nasa.gov/FTP/xte/data/archive/AO12/P93155/93155-01-08-02/stdprod/xp93155010802_s2.pha.gz,/Users/youhanwanigasuriya/Documents/New project/bh_ns_source_generalization/data/raw/rxte/93155-01-08-02/source-4f8a7c531d42.bin,4f8a7c531d425ea2328a8cca1838b0bc41e4050ac87c005eb9dc5170e740fe8e,data/processed/native/93155-01-08-02.npz,87645b1ed693bc3b37c322f676c7055615d4ae252ea66494d3fc4fa27189e6f6,2026-09-22T11:02:06.661405+00:00,PCA_OGIP_RATE43_OVERLAP_V1,PCA_OGIP_RATE43_OVERLAP_V1,data/raw/rxte/93155-01-08-02/acquisition.json,verified,recorded count/s/selected PCU/output bin,recorded count/s/selected PCU/output bin,Propagated archive statistical covariance; calibration/background systematics excluded,no artificial replacements,,493f6cadde11b803147b4296a02f853c5dafea449a3229ff430d50224057554a,,data/provenance/rxte_processing/93155-01-08-02.json,b34e8f7b9cf31da10efbf19ace9969802d37c5f236e451518d4f29f21cb8f108
93155-01-09-00,93155-01-09-00,93155-01-09-00,1a_1744_361,verified,https://heasarc.gsfc.nasa.gov/FTP/xte/data/archive/AO12/P93155/93155-01-09-00/stdprod/xp93155010900_s2.pha.gz,/Users/youhanwanigasuriya/Documents/New project/bh_ns_source_generalization/data/raw/rxte/93155-01-09-00/source-b0b6394168ad.bin,b0b6394168adca056fb886220d56bfd7244cc2afa0c44969f6c8a316e4def992,data/processed/native/93155-01-09-00.npz,afd7e86134f7d8b4b23b6107e151993951d11cc15a6c24ec8b43fddd6ca60a91,2026-09-22T11:02:09.893322+00:00,PCA_OGIP_RATE43_OVERLAP_V1,PCA_OGIP_RATE43_OVERLAP_V1,data/raw/rxte/93155-01-09-00/acquisition.json,verified,recorded count/s/selected PCU/output bin,recorded count/s/selected PCU/output bin,Propagated archive statistical covariance; calibration/background systematics excluded,no artificial replacements,,28e839a21d44a60bd9e7261e51c46719104e9dd8157827f07c77380837a9d949,,data/provenance/rxte_processing/93155-01-09-00.json,f19eafd47a108b4db173fea7fec8971da1bd4a4724d2ffdad239afed3a092178
93155-01-10-00,93155-01-10-00,93155-01-10-00,1a_1744_361,verified,https://heasarc.gsfc.nasa.gov/FTP/xte/data/archive/AO12/P93155/93155-01-10-00/stdprod/xp93155011000_s2.pha.gz,/Users/youhanwanigasuriya/Documents/New project/bh_ns_source_generalization/data/raw/rxte/93155-01-10-00/source-3018e37d9da5.bin,3018e37d9da56e59fd5f6669253f093a4ed6f727bfd51b2b26441f3618d68d83,data/processed/native/93155-01-10-00.npz,a2162b2bfd19bd6edc8c62361a2bea9cbd0317e5689d11942886c8eb909207c5,2026-09-22T11:02:10.438022+00:00,PCA_OGIP_RATE43_OVERLAP_V1,PCA_OGIP_RATE43_OVERLAP_V1,data/raw/rxte/93155-01-10-00/acquisition.json,verified,recorded count/s/selected PCU/output bin,recorded count/s/selected PCU/output bin,Propagated archive statistical covariance; calibration/background systematics excluded,no artificial replacements,,7b193b73c67a3b33bcd86b5a283d439048539628be571efe097e37ade886f68a,,data/provenance/rxte_processing/93155-01-10-00.json,6625ce8f7c188b3c32010efd3b71440b9bcd0e7d611d0113cf55471f285894bf
93155-01-10-02,93155-01-10-02,93155-01-10-02,1a_1744_361,verified,https://heasarc.gsfc.nasa.gov/FTP/xte/data/archive/AO12/P93155/93155-01-10-02/stdprod/xp93155011002_s2.pha.gz,/Users/youhanwanigasuriya/Documents/New project/bh_ns_source_generalization/data/raw/rxte/93155-01-10-02/source-dda0c106df6f.bin,dda0c106df6f14eb58a98bcb543c86161e644f42712787c703af47e9aa529a98,data/processed/native/93155-01-10-02.npz,a69ccf9534ba24b2dd6f96c59c16ce38c6c4c64fb744e6dea28cc3884715d481,2026-09-22T11:02:11.175733+00:00,PCA_OGIP_RATE43_OVERLAP_V1,PCA_OGIP_RATE43_OVERLAP_V1,data/raw/rxte/93155-01-10-02/acquisition.json,verified,recorded count/s/selected PCU/output bin,recorded count/s/selected PCU/output bin,Propagated archive statistical covariance; calibration/background systematics excluded,no artificial replacements,,7f87184c275dca4587b1d84047c89db5d4055b8683daa23ef7062919fdef2852,,data/provenance/rxte_processing/93155-01-10-02.json,6eda97a1ad736fe7b5501ea175e32bb624d3f15ab1dd05c7d463f0fe56b59376
93200-01-01-04,93200-01-01-04,93200-01-01-04,4u_1735_444,verified,https://heasarc.gsfc.nasa.gov/FTP/xte/data/archive/AO12/P93200/93200-01-01-04/stdprod/xp93200010104_s2.pha.gz,/Users/youhanwanigasuriya/Documents/New project/bh_ns_source_generalization/data/raw/rxte/93200-01-01-04/source-959db1eb51d3.bin,959db1eb51d3d9b0ed933e32db349fbffc8b43fe7740954148844b27c3c1f6ea,data/processed/native/93200-01-01-04.npz,edd1c33d761acf0514dac09f0be0d70a7c77de147549dbb014cb3e08b40424b8,2026-09-22T11:09:14.130620+00:00,PCA_OGIP_RATE43_OVERLAP_V1,PCA_OGIP_RATE43_OVERLAP_V1,data/raw/rxte/93200-01-01-04/acquisition.json,verified,recorded count/s/selected PCU/output bin,recorded count/s/selected PCU/output bin,Propagated archive statistical covariance; calibration/background systematics excluded,no artificial replacements,,0cdd3e082dd8d409cd438b8f2ecdcae6e65c4ad11d2accbc45d6307b7de6e2d4,,data/provenance/rxte_processing/93200-01-01-04.json,b6c195367bfdb4f6c1cef5db35dd1f5e84e3ac077b536e06526050d03c741b00
93404-01-02-00,93404-01-02-00,93404-01-02-00,4u_0614_09,verified,https://heasarc.gsfc.nasa.gov/FTP/xte/data/archive/AO12/P93404/93404-01-02-00/stdprod/xp93404010200_s2.pha.gz,/Users/youhanwanigasuriya/Documents/New project/bh_ns_source_generalization/data/raw/rxte/93404-01-02-00/source-03d1e2880b96.bin,03d1e2880b96365c657a30b5456fd44297b059e9425e7880fada07f1ba425d06,data/processed/native/93404-01-02-00.npz,957c4273e2421765707ecc338e676aba905f7bd7a6042da2af48b4524efc17a9,2026-09-22T11:02:55.269906+00:00,PCA_OGIP_RATE43_OVERLAP_V1,PCA_OGIP_RATE43_OVERLAP_V1,data/raw/rxte/93404-01-02-00/acquisition.json,verified,recorded count/s/selected PCU/output bin,recorded count/s/selected PCU/output bin,Propagated archive statistical covariance; calibration/background systematics excluded,no artificial replacements,,2fc55fa69fe7b6c13e63dae0c8208e53fba0d7a0d3fdef00fab54e4eb9fb6ab0,,data/provenance/rxte_processing/93404-01-02-00.json,f6b9e05e2de8e89ebd5ba121286bc8f8072a1650f32678105612fbb0be9225b8
93404-01-07-00,93404-01-07-00,93404-01-07-00,4u_0614_09,verified,https://heasarc.gsfc.nasa.gov/FTP/xte/data/archive/AO12/P93404/93404-01-07-00/stdprod/xp93404010700_s2.pha.gz,/Users/youhanwanigasuriya/Documents/New project/bh_ns_source_generalization/data/raw/rxte/93404-01-07-00/source-f9d6e4bdab7b.bin,f9d6e4bdab7bec2ee4fe9f9046ee670fea3823c06dbdccf818093fbb948be266,data/processed/native/93404-01-07-00.npz,1672cafd0ba5b4e61e45e9279c28e97f13ff966ed74b0fedee94d49a6d0ae182,2026-09-22T11:02:58.639587+00:00,PCA_OGIP_RATE43_OVERLAP_V1,PCA_OGIP_RATE43_OVERLAP_V1,data/raw/rxte/93404-01-07-00/acquisition.json,verified,recorded count/s/selected PCU/output bin,recorded count/s/selected PCU/output bin,Propagated archive statistical covariance; calibration/background systematics excluded,no artificial replacements,,4db4fec385fae801df1a4ce971786f9f1eac1f4ecbb78d882359b8f0217b797f,,data/provenance/rxte_processing/93404-01-07-00.json,5ac92fee69ae30f3cc9a81f1b632600fcc3e65e41ac8702bc73008c6282f7f82
93404-01-11-02,93404-01-11-02,93404-01-11-02,4u_0614_09,verified,https://heasarc.gsfc.nasa.gov/FTP/xte/data/archive/AO12/P93404/93404-01-11-02/stdprod/xp93404011102_s2.pha.gz,/Users/youhanwanigasuriya/Documents/New project/bh_ns_source_generalization/data/raw/rxte/93404-01-11-02/source-5fdaaf1d8c25.bin,5fdaaf1d8c25fb2c5ec363ef09f3273e5a98e4709cbd09e183fe41dedd985db9,data/processed/native/93404-01-11-02.npz,6c9f231a27382f9c9a8821447b9ea53d2e0850d8e6ed939c61a364e0c0fb87d3,2026-09-22T11:03:03.681143+00:00,PCA_OGIP_RATE43_OVERLAP_V1,PCA_OGIP_RATE43_OVERLAP_V1,data/raw/rxte/93404-01-11-02/acquisition.json,verified,recorded count/s/selected PCU/output bin,recorded count/s/selected PCU/output bin,Propagated archive statistical covariance; calibration/background systematics excluded,no artificial replacements,,970f3353c239050d0fc5b37226e4626ed8fa8d61165ae417489a4f2b347c6eb9,,data/provenance/rxte_processing/93404-01-11-02.json,952685838574d5aa3a894392bb689ec8d8c3634420390ba7d0b5b07bee240410
93404-01-14-00,93404-01-14-00,93404-01-14-00,4u_0614_09,verified,https://heasarc.gsfc.nasa.gov/FTP/xte/data/archive/AO12/P93404/93404-01-14-00/stdprod/xp93404011400_s2.pha.gz,/Users/youhanwanigasuriya/Documents/New project/bh_ns_source_generalization/data/raw/rxte/93404-01-14-00/source-747bd55aec22.bin,747bd55aec2295b28424372858f9ea23d29a6b027f67a623293203b5ba0330f3,data/processed/native/93404-01-14-00.npz,61107feb7a6adad8cfb8dc250a1a5d8b1e333e107ba94443f77baf0fddadcac2,2026-09-22T11:03:04.202766+00:00,PCA_OGIP_RATE43_OVERLAP_V1,PCA_OGIP_RATE43_OVERLAP_V1,data/raw/rxte/93404-01-14-00/acquisition.json,verified,recorded count/s/selected PCU/output bin,recorded count/s/selected PCU/output bin,Propagated archive statistical covariance; calibration/background systematics excluded,no artificial replacements,,4d4301f097815204ea2503ce8f3c6bcd91c0e2c3b7570b54b245d3695b333886,,data/provenance/rxte_processing/93404-01-14-00.json,f3e002006c858434d66fa44c813d689945e0381bc34d3ad094b86fe50eb063fb
93404-01-21-00,93404-01-21-00,93404-01-21-00,4u_0614_09,verified,https://heasarc.gsfc.nasa.gov/FTP/xte/data/archive/AO12/P93404/93404-01-21-00/stdprod/xp93404012100_s2.pha.gz,/Users/youhanwanigasuriya/Documents/New project/bh_ns_source_generalization/data/raw/rxte/93404-01-21-00/source-345b6c6acd3b.bin,345b6c6acd3bfea46161b358528c62ff8e48bd61da65e4048a93cc80ca3896ee,data/processed/native/93404-01-21-00.npz,ed68f1ec9895ac5dc1bdbef656259059a82dee8cd260a6dde18009484dfb1331,2026-09-22T11:03:05.131412+00:00,PCA_OGIP_RATE43_OVERLAP_V1,PCA_OGIP_RATE43_OVERLAP_V1,data/raw/rxte/93404-01-21-00/acquisition.json,verified,recorded count/s/selected PCU/output bin,recorded count/s/selected PCU/output bin,Propagated archive statistical covariance; calibration/background systematics excluded,no artificial replacements,,cc07a060f1e45d97a8ab4cefdf63154e0017fa712e358b5bbc88e89e960facea,,data/provenance/rxte_processing/93404-01-21-00.json,7b8e2797c2ee3b24ba89c31ab6e2b49e0ace00e29018c861ab701c1fddea0b1b
93405-01-01-01,93405-01-01-01,93405-01-01-01,aql_x_1,verified,https://heasarc.gsfc.nasa.gov/FTP/xte/data/archive/AO12/P93405/93405-01-01-01/stdprod/xp93405010101_s2.pha.gz,/Users/youhanwanigasuriya/Documents/New project/bh_ns_source_generalization/data/raw/rxte/93405-01-01-01/source-28c6172573c6.bin,28c6172573c6a03448d3cb6ad19f4c9d24458147a785a18caf22f1b981977d12,data/processed/native/93405-01-01-01.npz,ab1646547fbca5b2cd6ac536657e5918caa13c76a38f114331ce6d5534145a0b,2026-09-22T11:10:26.936080+00:00,PCA_OGIP_RATE43_OVERLAP_V1,PCA_OGIP_RATE43_OVERLAP_V1,data/raw/rxte/93405-01-01-01/acquisition.json,verified,recorded count/s/selected PCU/output bin,recorded count/s/selected PCU/output bin,Propagated archive statistical covariance; calibration/background systematics excluded,no artificial replacements,,7843bda2fe86e5d793bc1d38d0904331ebdb0c40ff7ee3b6c26ab24b8af310b2,,data/provenance/rxte_processing/93405-01-01-01.json,ae454c275122158318f6b0126f8396e2c28f928f478290fa4d9fbd053cadb664
93405-01-05-02,93405-01-05-02,93405-01-05-02,aql_x_1,verified,https://heasarc.gsfc.nasa.gov/FTP/xte/data/archive/AO12/P93405/93405-01-05-02/stdprod/xp93405010502_s2.pha.gz,/Users/youhanwanigasuriya/Documents/New project/bh_ns_source_generalization/data/raw/rxte/93405-01-05-02/source-05f342107a93.bin,05f342107a93c25f781c7f0e6accdd33d2c0aabc4150ae30340a0d017de4c811,data/processed/native/93405-01-05-02.npz,3b0f8f5b8419728fd6940e9b95fe8a213dcff0021d8bc971a7ff951279a52329,2026-09-22T11:10:28.607822+00:00,PCA_OGIP_RATE43_OVERLAP_V1,PCA_OGIP_RATE43_OVERLAP_V1,data/raw/rxte/93405-01-05-02/acquisition.json,verified,recorded count/s/selected PCU/output bin,recorded count/s/selected PCU/output bin,Propagated archive statistical covariance; calibration/background systematics excluded,no artificial replacements,,256cc31231b0478102c94318c38481514c5ffa31aea721a837929bb7560e98d5,,data/provenance/rxte_processing/93405-01-05-02.json,93955eaa25489be90205ab721a1b4942f58ef293ffb49daa4630471e10547ea8
93406-13-01-00,93406-13-01-00,93406-13-01-00,4u_1254_69,verified,https://heasarc.gsfc.nasa.gov/FTP/xte/data/archive/AO12/P93406/93406-13-01-00/stdprod/xp93406130100_s2.pha.gz,/Users/youhanwanigasuriya/Documents/New project/bh_ns_source_generalization/data/raw/rxte/93406-13-01-00/source-3004c498f218.bin,3004c498f218b020e9bb4aba1a9a6a0a754ecd6d104261cfe7efac47df239999,data/processed/native/93406-13-01-00.npz,ec7b11e9a88afc55f25b58c9d6291d2dc3f34f13826dcc0b3b0e31c9eb5d4253,2026-09-22T11:03:22.917759+00:00,PCA_OGIP_RATE43_OVERLAP_V1,PCA_OGIP_RATE43_OVERLAP_V1,data/raw/rxte/93406-13-01-00/acquisition.json,verified,recorded count/s/selected PCU/output bin,recorded count/s/selected PCU/output bin,Propagated archive statistical covariance; calibration/background systematics excluded,no artificial replacements,,fa1b7e7d95aafde747c261a07b4d25130058bd67ebc905e8d585d49eee388a80,,data/provenance/rxte_processing/93406-13-01-00.json,616593fa054ce9011cacc300aef4b404005edb22b65f7b4168023a7f7854f5e0
93408-01-11-00,93408-01-11-00,93408-01-11-00,4u_1608_522,verified,https://heasarc.gsfc.nasa.gov/FTP/xte/data/archive/AO12/P93408/93408-01-11-00/stdprod/xp93408011100_s2.pha.gz,/Users/youhanwanigasuriya/Documents/New project/bh_ns_source_generalization/data/raw/rxte/93408-01-11-00/source-2a5de2576351.bin,2a5de25763511579d9a7c8268551712af177d7fedc8958c0ae14c9111c79c29b,data/processed/native/93408-01-11-00.npz,898a905ef46be2f47787c15f9a7045c93dd60536edb843075f1e99289573e507,2026-09-22T10:55:32.035821+00:00,PCA_OGIP_RATE43_OVERLAP_V1,PCA_OGIP_RATE43_OVERLAP_V1,data/raw/rxte/93408-01-11-00/acquisition.json,verified,recorded count/s/selected PCU/output bin,recorded count/s/selected PCU/output bin,Propagated archive statistical covariance; calibration/background systematics excluded,no artificial replacements,,73dd7766ee74ef0736abc92942595d19f6cb52ac07ead78e00644a1964fb14cb,,data/provenance/rxte_processing/93408-01-11-00.json,64a3f493975b73dadf1fd209f297d10d397f5b6175744260b38e3ee7d44066d1
93408-01-19-01,93408-01-19-01,93408-01-19-01,4u_1608_522,verified,https://heasarc.gsfc.nasa.gov/FTP/xte/data/archive/AO12/P93408/93408-01-19-01/stdprod/xp93408011901_s2.pha.gz,/Users/youhanwanigasuriya/Documents/New project/bh_ns_source_generalization/data/raw/rxte/93408-01-19-01/source-889ffad85768.bin,889ffad85768462b7516903f5c172886abc76da5c461f4390430c8020e95721c,data/processed/native/93408-01-19-01.npz,ad0811c69d511f71069b502e3e092e3bf83932aaff894222b7b660dea68c96ca,2026-09-22T11:04:37.520955+00:00,PCA_OGIP_RATE43_OVERLAP_V1,PCA_OGIP_RATE43_OVERLAP_V1,data/raw/rxte/93408-01-19-01/acquisition.json,verified,recorded count/s/selected PCU/output bin,recorded count/s/selected PCU/output bin,Propagated archive statistical covariance; calibration/background systematics excluded,no artificial replacements,,a540af77301b74dddb04967483bffee48a8a18807382cbd8f83b7ef92620910b,,data/provenance/rxte_processing/93408-01-19-01.json,f2e80784269032fb344b38f8abbe454f0291ae8d653b2d037a6dfcdbdd9ed429
93408-01-22-06,93408-01-22-06,93408-01-22-06,4u_1608_522,verified,https://heasarc.gsfc.nasa.gov/FTP/xte/data/archive/AO12/P93408/93408-01-22-06/stdprod/xp93408012206_s2.pha.gz,/Users/youhanwanigasuriya/Documents/New project/bh_ns_source_generalization/data/raw/rxte/93408-01-22-06/source-9a26b664485c.bin,9a26b664485cf31e2dd87fc1135752d20031d4ee7ed08bc6b0e04e0598d9badf,data/processed/native/93408-01-22-06.npz,a5b7c480c1aa7cbfc60fe8a00a28e3ac5c0b31bf169e7fd8622797fb064009a1,2026-09-22T11:04:38.772336+00:00,PCA_OGIP_RATE43_OVERLAP_V1,PCA_OGIP_RATE43_OVERLAP_V1,data/raw/rxte/93408-01-22-06/acquisition.json,verified,recorded count/s/selected PCU/output bin,recorded count/s/selected PCU/output bin,Propagated archive statistical covariance; calibration/background systematics excluded,no artificial replacements,,fe874a847142331ce459c1002f63ab98944e04ab99779a64357a7991251f8865,,data/provenance/rxte_processing/93408-01-22-06.json,5aec9455af1aee70a739b7650ee9edc75e3194962b0067c0be9b892c0773054b
93408-01-26-03,93408-01-26-03,93408-01-26-03,4u_1608_522,verified,https://heasarc.gsfc.nasa.gov/FTP/xte/data/archive/AO12/P93408/93408-01-26-03/stdprod/xp93408012603_s2.pha.gz,/Users/youhanwanigasuriya/Documents/New project/bh_ns_source_generalization/data/raw/rxte/93408-01-26-03/source-e47182d79be9.bin,e47182d79be9b393b252d8e806014be4d96d6a2350368a06c79e8387d6e491df,data/processed/native/93408-01-26-03.npz,ee2e3a4f945574115ea0168fa900b46028b6a0188ec0448fc69fd11b9fc6e6a3,2026-09-22T11:04:41.191935+00:00,PCA_OGIP_RATE43_OVERLAP_V1,PCA_OGIP_RATE43_OVERLAP_V1,data/raw/rxte/93408-01-26-03/acquisition.json,verified,recorded count/s/selected PCU/output bin,recorded count/s/selected PCU/output bin,Propagated archive statistical covariance; calibration/background systematics excluded,no artificial replacements,,0959c2f2a93b6cd19f7a8adf31743d40d4776eab5dfc42198ffb2a64c7632dda,,data/provenance/rxte_processing/93408-01-26-03.json,72bc60fecf90caa560874689285401c1fd10107b6b8883037e24a80a3b5e69fc
93408-01-32-04,93408-01-32-04,93408-01-32-04,4u_1608_522,verified,https://heasarc.gsfc.nasa.gov/FTP/xte/data/archive/AO12/P93408/93408-01-32-04/stdprod/xp93408013204_s2.pha.gz,/Users/youhanwanigasuriya/Documents/New project/bh_ns_source_generalization/data/raw/rxte/93408-01-32-04/source-2d935993ba11.bin,2d935993ba1136c7c43a7cdca9123e3d2e3549dbb13f04773792bf0f7e0df868,data/processed/native/93408-01-32-04.npz,3ab0e3ed668d82acdbd9465848db4b928899113c79c6cee83a85ac8aba894581,2026-09-22T11:04:42.253276+00:00,PCA_OGIP_RATE43_OVERLAP_V1,PCA_OGIP_RATE43_OVERLAP_V1,data/raw/rxte/93408-01-32-04/acquisition.json,verified,recorded count/s/selected PCU/output bin,recorded count/s/selected PCU/output bin,Propagated archive statistical covariance; calibration/background systematics excluded,no artificial replacements,,b0b629db11af2bdeef7884a2cc25fccece6e80ae7fb4ad23d2cc58f5f9051717,,data/provenance/rxte_processing/93408-01-32-04.json,57beb83a80018ef2bf86acc008c25080053b51560c7e9f56841a7c7b5ddc5a8e
93408-01-42-05,93408-01-42-05,93408-01-42-05,4u_1608_522,verified,https://heasarc.gsfc.nasa.gov/FTP/xte/data/archive/AO12/P93408/93408-01-42-05/stdprod/xp93408014205_s2.pha.gz,/Users/youhanwanigasuriya/Documents/New project/bh_ns_source_generalization/data/raw/rxte/93408-01-42-05/source-5d3103ed2dbb.bin,5d3103ed2dbb7daddacc48a336306dad79e344a31147a8b4d67bebb39bee2c76,data/processed/native/93408-01-42-05.npz,6baef29e649068a83bbba950cc4b40e399154a463df8b4a79e91abe9424e50d8,2026-09-22T11:04:43.980691+00:00,PCA_OGIP_RATE43_OVERLAP_V1,PCA_OGIP_RATE43_OVERLAP_V1,data/raw/rxte/93408-01-42-05/acquisition.json,verified,recorded count/s/selected PCU/output bin,recorded count/s/selected PCU/output bin,Propagated archive statistical covariance; calibration/background systematics excluded,no artificial replacements,,9b2f2fb6d4c7b24cefa71fb078749fb44ed4ea4fd3ad80d40e22693751439081,,data/provenance/rxte_processing/93408-01-42-05.json,841389e4bf7ff4d55de033bdf15ea4da96b4483309d6e1c083ad78667abaf197
93408-01-52-02,93408-01-52-02,93408-01-52-02,4u_1608_522,verified,https://heasarc.gsfc.nasa.gov/FTP/xte/data/archive/AO12/P93408/93408-01-52-02/stdprod/xp93408015202_s2.pha.gz,/Users/youhanwanigasuriya/Documents/New project/bh_ns_source_generalization/data/raw/rxte/93408-01-52-02/source-7d9a50ffc762.bin,7d9a50ffc76234997c20d976238582f96f2f0205ac3bfb52e472b99ee8f88cdc,data/processed/native/93408-01-52-02.npz,d75ab2e15bf2536a8df62dc946ac5c65e7bc8447df26cba0d85c4811c6908f06,2026-09-22T11:04:44.287538+00:00,PCA_OGIP_RATE43_OVERLAP_V1,PCA_OGIP_RATE43_OVERLAP_V1,data/raw/rxte/93408-01-52-02/acquisition.json,verified,recorded count/s/selected PCU/output bin,recorded count/s/selected PCU/output bin,Propagated archive statistical covariance; calibration/background systematics excluded,no artificial replacements,,228a26e9ba189079ce16dabffc2ae2e193632b406727890079e77bad798bc200,,data/provenance/rxte_processing/93408-01-52-02.json,c28ba2720508670a03338a5699a45ad8ac71e4fe6fc1cc0c51aed27b05ed97ed
93408-01-66-01,93408-01-66-01,93408-01-66-01,4u_1608_522,verified,https://heasarc.gsfc.nasa.gov/FTP/xte/data/archive/AO12/P93408/93408-01-66-01/stdprod/xp93408016601_s2.pha.gz,/Users/youhanwanigasuriya/Documents/New project/bh_ns_source_generalization/data/raw/rxte/93408-01-66-01/source-374e9dc99ac3.bin,374e9dc99ac3199d6a47e9d4b3d5c3648af0a098af5965edfb8b7765b3e9028a,data/processed/native/93408-01-66-01.npz,557d519540029b665b91773b43dfbd558c6947a4de4592e03bda4dd378dc6e9f,2026-09-22T11:04:47.219329+00:00,PCA_OGIP_RATE43_OVERLAP_V1,PCA_OGIP_RATE43_OVERLAP_V1,data/raw/rxte/93408-01-66-01/acquisition.json,verified,recorded count/s/selected PCU/output bin,recorded count/s/selected PCU/output bin,Propagated archive statistical covariance; calibration/background systematics excluded,no artificial replacements,,367b05d64a78fa34f4df3be5443d7014a48e4fd2d9faa157079a2e5a8ba903f2,,data/provenance/rxte_processing/93408-01-66-01.json,63d24de2ab6ab9dcc15a99ad0eac745320d35eea92b8a9530f31ebef63a4d2c1
93409-01-04-01,93409-01-04-01,93409-01-04-01,gx_339_4,verified,https://heasarc.gsfc.nasa.gov/FTP/xte/data/archive/AO12/P93409/93409-01-04-01/stdprod/xp93409010401_s2.pha.gz,/Users/youhanwanigasuriya/Documents/New project/bh_ns_source_generalization/data/raw/rxte/93409-01-04-01/source-0924bea9fed6.bin,0924bea9fed61d21c4b0cea7dc20247e0693d63acc164408fcae79e1e47d6c13,data/processed/native/93409-01-04-01.npz,5d689e9ae174c4c114acf0b7aace34fcaa41a67f79fc49c4bdf3ef74950f42f4,2026-09-22T11:12:24.608159+00:00,PCA_OGIP_RATE43_OVERLAP_V1,PCA_OGIP_RATE43_OVERLAP_V1,data/raw/rxte/93409-01-04-01/acquisition.json,verified,recorded count/s/selected PCU/output bin,recorded count/s/selected PCU/output bin,Propagated archive statistical covariance; calibration/background systematics excluded,no artificial replacements,,2062a667eae72f9769d839a56907ad1e86309cdadb6b7235b1a42958bc9b7012,,data/provenance/rxte_processing/93409-01-04-01.json,35c2c3d626c0f4ca0ec5db47eda34654e26fab8011fd82f370aa986e5a389b16
93412-01-01-00,93412-01-01-00,93412-01-01-00,mxb_1658_298,verified,https://heasarc.gsfc.nasa.gov/FTP/xte/data/archive/AO12/P93412/93412-01-01-00/stdprod/xp93412010100_s2.pha.gz,/Users/youhanwanigasuriya/Documents/New project/bh_ns_source_generalization/data/raw/rxte/93412-01-01-00/source-e953169dcb1f.bin,e953169dcb1f6bce0fc40b7fe3184c02e08fb0ad285b38d77f1fb6f6ce880a5b,data/processed/native/93412-01-01-00.npz,afdb59d2641cd6e7444d56e59f00ca420b698e362f557b2dbe582e113dfe765f,2026-09-22T11:16:19.696165+00:00,PCA_OGIP_RATE43_OVERLAP_V1,PCA_OGIP_RATE43_OVERLAP_V1,data/raw/rxte/93412-01-01-00/acquisition.json,verified,recorded count/s/selected PCU/output bin,recorded count/s/selected PCU/output bin,Propagated archive statistical covariance; calibration/background systematics excluded,no artificial replacements,,5c2975f72ed322ca8f28d0725da9b629e99a9f40b641f38ca7b55e47a7ef78ae,,data/provenance/rxte_processing/93412-01-01-00.json,c51dbe5aaa248114fa900c163f9fbb511a4f3939173ab6383e551aed506b28d7
93414-01-01-00,93414-01-01-00,93414-01-01-00,sax_j1810_8_2609,verified,https://heasarc.gsfc.nasa.gov/FTP/xte/data/archive/AO12/P93414/93414-01-01-00/stdprod/xp93414010100_s2.pha.gz,/Users/youhanwanigasuriya/Documents/New project/bh_ns_source_generalization/data/raw/rxte/93414-01-01-00/source-bc70a9860526.bin,bc70a98605261df0549e52af85149521ee29f55781435ebec3035e45822958d1,data/processed/native/93414-01-01-00.npz,6ac07952ba98056dc1a69fa08cf82d836146f956164bea4700f1fe0dcf18f445,2026-09-22T11:19:09.510939+00:00,PCA_OGIP_RATE43_OVERLAP_V1,PCA_OGIP_RATE43_OVERLAP_V1,data/raw/rxte/93414-01-01-00/acquisition.json,verified,recorded count/s/selected PCU/output bin,recorded count/s/selected PCU/output bin,Propagated archive statistical covariance; calibration/background systematics excluded,no artificial replacements,,773227980fa8cdf8331188e0afa47793b5ee8999ebec4a2f1a18aefcb09f2733,,data/provenance/rxte_processing/93414-01-01-00.json,229c7db7b956ab393fde240455a2380d8b6315350248b852df2d7d530a5a1f86
93414-01-01-01,93414-01-01-01,93414-01-01-01,sax_j1810_8_2609,verified,https://heasarc.gsfc.nasa.gov/FTP/xte/data/archive/AO12/P93414/93414-01-01-01/stdprod/xp93414010101_s2.pha.gz,/Users/youhanwanigasuriya/Documents/New project/bh_ns_source_generalization/data/raw/rxte/93414-01-01-01/source-21320d35d2a0.bin,21320d35d2a09173f76d3c6537e6838e7479756412f882dcaaa0708a713cd4bb,data/processed/native/93414-01-01-01.npz,893b7875407c04cb10e465ab7a854a34996808bd386d237fb10bd232245d29f4,2026-09-22T11:19:14.197029+00:00,PCA_OGIP_RATE43_OVERLAP_V1,PCA_OGIP_RATE43_OVERLAP_V1,data/raw/rxte/93414-01-01-01/acquisition.json,verified,recorded count/s/selected PCU/output bin,recorded count/s/selected PCU/output bin,Propagated archive statistical covariance; calibration/background systematics excluded,no artificial replacements,,cccd94cf5254db772c02826f629c00a0f443d60a1bd9f99768d5b6abd4c514ea,,data/provenance/rxte_processing/93414-01-01-01.json,8ed3eb55a5b6ca51569dd80bbaad2496fcd70451f12ea62440aa303c1a9870f9
93414-01-01-02,93414-01-01-02,93414-01-01-02,sax_j1810_8_2609,verified,https://heasarc.gsfc.nasa.gov/FTP/xte/data/archive/AO12/P93414/93414-01-01-02/stdprod/xp93414010102_s2.pha.gz,/Users/youhanwanigasuriya/Documents/New project/bh_ns_source_generalization/data/raw/rxte/93414-01-01-02/source-e8b6d848214d.bin,e8b6d848214d72f1b1a7d1d6594c88734371d1d80cfb0e35c501abfe4d99baef,data/processed/native/93414-01-01-02.npz,956dffb1aa682b6929eff40908ebadfd14b411745e30fe18a16b16bff8fa5d6d,2026-09-22T11:19:08.213628+00:00,PCA_OGIP_RATE43_OVERLAP_V1,PCA_OGIP_RATE43_OVERLAP_V1,data/raw/rxte/93414-01-01-02/acquisition.json,verified,recorded count/s/selected PCU/output bin,recorded count/s/selected PCU/output bin,Propagated archive statistical covariance; calibration/background systematics excluded,no artificial replacements,,f61bc620227424f071e185174c5fbe4e57de7adb7e09fdb1dfa13c056fea7a02,,data/provenance/rxte_processing/93414-01-01-02.json,62719a4990cfe36d5f1e0a94394452fcc26980b1eb58755090f66b5f653a0f49
93414-01-01-03,93414-01-01-03,93414-01-01-03,sax_j1810_8_2609,verified,https://heasarc.gsfc.nasa.gov/FTP/xte/data/archive/AO12/P93414/93414-01-01-03/stdprod/xp93414010103_s2.pha.gz,/Users/youhanwanigasuriya/Documents/New project/bh_ns_source_generalization/data/raw/rxte/93414-01-01-03/source-2323cab019d6.bin,2323cab019d6b9af15b41e1c36d3c7cfdf9d0894887f886401a3e3858b45e1a1,data/processed/native/93414-01-01-03.npz,95a0e2eac347a293722d72c11626565d120b911d8bcfeb8916109466087ce233,2026-09-22T11:19:06.943665+00:00,PCA_OGIP_RATE43_OVERLAP_V1,PCA_OGIP_RATE43_OVERLAP_V1,data/raw/rxte/93414-01-01-03/acquisition.json,verified,recorded count/s/selected PCU/output bin,recorded count/s/selected PCU/output bin,Propagated archive statistical covariance; calibration/background systematics excluded,no artificial replacements,,367c374938308ba30a3ea031bfd321aa0a173e0b9be6ac381b327d7bd6bbc06b,,data/provenance/rxte_processing/93414-01-01-03.json,1e11e5378b5f2aba1459886b0a8bf1dc68c0a1138cbf5cde6e293173499db555
93414-01-04-00,93414-01-04-00,93414-01-04-00,sax_j1810_8_2609,verified,https://heasarc.gsfc.nasa.gov/FTP/xte/data/archive/AO12/P93414/93414-01-04-00/stdprod/xp93414010400_s2.pha.gz,/Users/youhanwanigasuriya/Documents/New project/bh_ns_source_generalization/data/raw/rxte/93414-01-04-00/source-636cbe55e995.bin,636cbe55e99523c23e5edcc397d55e9b978d69d910285ca0e647b624f2f3a433,data/processed/native/93414-01-04-00.npz,4ec661557ef75e86b0ef3f05f70c6faa896bed368cee67268006106d6588a046,2026-09-22T11:19:15.121149+00:00,PCA_OGIP_RATE43_OVERLAP_V1,PCA_OGIP_RATE43_OVERLAP_V1,data/raw/rxte/93414-01-04-00/acquisition.json,verified,recorded count/s/selected PCU/output bin,recorded count/s/selected PCU/output bin,Propagated archive statistical covariance; calibration/background systematics excluded,no artificial replacements,,bc3ace4e144768e07e260e74c62d7cf14508439af4e4f0d535d17b0813581b64,,data/provenance/rxte_processing/93414-01-04-00.json,24707fa08928b9de365f5f042d69be265691edd3b6146df43c1493767da13749
93414-01-04-01,93414-01-04-01,93414-01-04-01,sax_j1810_8_2609,verified,https://heasarc.gsfc.nasa.gov/FTP/xte/data/archive/AO12/P93414/93414-01-04-01/stdprod/xp93414010401_s2.pha.gz,/Users/youhanwanigasuriya/Documents/New project/bh_ns_source_generalization/data/raw/rxte/93414-01-04-01/source-ed7c0fa3cb41.bin,ed7c0fa3cb415d632b139470a9009559ab9780dd6ba83e196622924ac4f8bf06,data/processed/native/93414-01-04-01.npz,8d37dadcdd9a65898e5ab030df8eaeafec437290928b67502236092055dd1755,2026-09-22T11:19:17.437368+00:00,PCA_OGIP_RATE43_OVERLAP_V1,PCA_OGIP_RATE43_OVERLAP_V1,data/raw/rxte/93414-01-04-01/acquisition.json,verified,recorded count/s/selected PCU/output bin,recorded count/s/selected PCU/output bin,Propagated archive statistical covariance; calibration/background systematics excluded,no artificial replacements,,f4959273bd8fe35d617e0282d79ff5110c0e76ab52bbe56b05abf5449747d5bb,,data/provenance/rxte_processing/93414-01-04-01.json,bad5a4ff41f751216855f9d41c184a45e211c5195345004214c0dcabbeb7da8b
93414-01-04-02,93414-01-04-02,93414-01-04-02,sax_j1810_8_2609,verified,https://heasarc.gsfc.nasa.gov/FTP/xte/data/archive/AO12/P93414/93414-01-04-02/stdprod/xp93414010402_s2.pha.gz,/Users/youhanwanigasuriya/Documents/New project/bh_ns_source_generalization/data/raw/rxte/93414-01-04-02/source-4832acab9c38.bin,4832acab9c38be93d24fc9333c05a7dabbc4ca743ce04c47c23759b185b6226c,data/processed/native/93414-01-04-02.npz,d20e76ca8bdbdfebc2e3e0ff6aede97ba5e31933faeb303ad9ec0b669fbd97f4,2026-09-22T11:19:17.712683+00:00,PCA_OGIP_RATE43_OVERLAP_V1,PCA_OGIP_RATE43_OVERLAP_V1,data/raw/rxte/93414-01-04-02/acquisition.json,verified,recorded count/s/selected PCU/output bin,recorded count/s/selected PCU/output bin,Propagated archive statistical covariance; calibration/background systematics excluded,no artificial replacements,,6d7be071f48f7b2baff30265fac066d66ad0478e01be409be9b71cf1bb13dbd1,,data/provenance/rxte_processing/93414-01-04-02.json,85b46c57cb25c205bd77b74b9502590df5a8421dc6abde1db2191c2819c9649a
93414-01-04-03,93414-01-04-03,93414-01-04-03,sax_j1810_8_2609,verified,https://heasarc.gsfc.nasa.gov/FTP/xte/data/archive/AO12/P93414/93414-01-04-03/stdprod/xp93414010403_s2.pha.gz,/Users/youhanwanigasuriya/Documents/New project/bh_ns_source_generalization/data/raw/rxte/93414-01-04-03/source-6e1e32d333d3.bin,6e1e32d333d365a2f7ae29ca8c343e249153ea45afb5c3f3b3a0b2688b8b200f,data/processed/native/93414-01-04-03.npz,6e291d7a5d2255089edc29de0df7b4bbe581649c78cecc54a94ac6140ea5086d,2026-09-22T11:19:18.501669+00:00,PCA_OGIP_RATE43_OVERLAP_V1,PCA_OGIP_RATE43_OVERLAP_V1,data/raw/rxte/93414-01-04-03/acquisition.json,verified,recorded count/s/selected PCU/output bin,recorded count/s/selected PCU/output bin,Propagated archive statistical covariance; calibration/background systematics excluded,no artificial replacements,,defe09308fdaccdf59bfa9ccb8dfdd452ab674b14fd8aefb74576ae5176a5884,,data/provenance/rxte_processing/93414-01-04-03.json,3af301b8d2a2eba8e81480a542025333f023b66bd9a526541505bb4e6beee52f
93414-01-05-00,93414-01-05-00,93414-01-05-00,sax_j1810_8_2609,verified,https://heasarc.gsfc.nasa.gov/FTP/xte/data/archive/AO12/P93414/93414-01-05-00/stdprod/xp93414010500_s2.pha.gz,/Users/youhanwanigasuriya/Documents/New project/bh_ns_source_generalization/data/raw/rxte/93414-01-05-00/source-aebab058733f.bin,aebab058733f9fc3175f4dfe4a9b89cc37ca79f9d89ddcf2a577227e4ce06663,data/processed/native/93414-01-05-00.npz,25bb8fe1e66057ce50dd8761b2d40ccd5cd83981f4092e6d15d1d4c7316037ad,2026-09-22T11:19:47.834419+00:00,PCA_OGIP_RATE43_OVERLAP_V1,PCA_OGIP_RATE43_OVERLAP_V1,data/raw/rxte/93414-01-05-00/acquisition.json,verified,recorded count/s/selected PCU/output bin,recorded count/s/selected PCU/output bin,Propagated archive statistical covariance; calibration/background systematics excluded,no artificial replacements,,17b4b3649994bd138a090eb8fe028a07e18cc55a96a9fbab142c40ec2d269c4e,,data/provenance/rxte_processing/93414-01-05-00.json,b170a4cc8983ee026b602feac11b8ce133a94e416b627e714b30badb5c7d4058
93414-01-05-01,93414-01-05-01,93414-01-05-01,sax_j1810_8_2609,verified,https://heasarc.gsfc.nasa.gov/FTP/xte/data/archive/AO12/P93414/93414-01-05-01/stdprod/xp93414010501_s2.pha.gz,/Users/youhanwanigasuriya/Documents/New project/bh_ns_source_generalization/data/raw/rxte/93414-01-05-01/source-cef573c1ded6.bin,cef573c1ded61e87efab339be150eeb5227382276a019189434a940420e47180,data/processed/native/93414-01-05-01.npz,6bd6e622500c73cabb6a2a36b354ab7be73d3b1dcaa5289fd66710220014ffbe,2026-09-22T10:56:55.517275+00:00,PCA_OGIP_RATE43_OVERLAP_V1,PCA_OGIP_RATE43_OVERLAP_V1,data/raw/rxte/93414-01-05-01/acquisition.json,verified,recorded count/s/selected PCU/output bin,recorded count/s/selected PCU/output bin,Propagated archive statistical covariance; calibration/background systematics excluded,no artificial replacements,,908af72d417fd3f9fa76781b975a2842d4a3b39b36f247e43614853023226066,,data/provenance/rxte_processing/93414-01-05-01.json,36b522dab6a5e7d28a0a139400ff2097037de46bb8107d75ae977a06e865820b
93417-01-09-00,93417-01-09-00,93417-01-09-00,sax_j1808_4_3658,verified,https://heasarc.gsfc.nasa.gov/FTP/xte/data/archive/AO12/P93417/93417-01-09-00/stdprod/xp93417010900_s2.pha.gz,/Users/youhanwanigasuriya/Documents/New project/bh_ns_source_generalization/data/raw/rxte/93417-01-09-00/source-700465917dd2.bin,700465917dd2fea3de804d5f414b34b25afa78ef4f90988b6105789c034984c4,data/processed/native/93417-01-09-00.npz,8fd6441d9e79395ea885fc2e4b24191ea08309baa54af379683ba8e8f9fbe492,2026-09-22T11:18:38.754259+00:00,PCA_OGIP_RATE43_OVERLAP_V1,PCA_OGIP_RATE43_OVERLAP_V1,data/raw/rxte/93417-01-09-00/acquisition.json,verified,recorded count/s/selected PCU/output bin,recorded count/s/selected PCU/output bin,Propagated archive statistical covariance; calibration/background systematics excluded,no artificial replacements,,0f8659f3e9fa4bc2b073330701b26b4d932ed8395005551e6514e4a142708925,,data/provenance/rxte_processing/93417-01-09-00.json,ab981b4c1363ad174e3019315f406b898fe1921c309d846b3cdcbadd51d004e5
93417-01-14-01,93417-01-14-01,93417-01-14-01,sax_j1808_4_3658,verified,https://heasarc.gsfc.nasa.gov/FTP/xte/data/archive/AO12/P93417/93417-01-14-01/stdprod/xp93417011401_s2.pha.gz,/Users/youhanwanigasuriya/Documents/New project/bh_ns_source_generalization/data/raw/rxte/93417-01-14-01/source-f2f9e5dd05ca.bin,f2f9e5dd05caba3eaccaea3da7a9d00689d3e5dbd619203962ba1d7aacb38082,data/processed/native/93417-01-14-01.npz,ad823564593854030e562985e7f8a3d17fdfb9550c600dd3e703ff5a34903bfc,2026-09-22T11:18:46.933938+00:00,PCA_OGIP_RATE43_OVERLAP_V1,PCA_OGIP_RATE43_OVERLAP_V1,data/raw/rxte/93417-01-14-01/acquisition.json,verified,recorded count/s/selected PCU/output bin,recorded count/s/selected PCU/output bin,Propagated archive statistical covariance; calibration/background systematics excluded,no artificial replacements,,7434d01f74b698f572e037c1bbb30f5f1dd22a63711de3e97a65062fc0a50129,,data/provenance/rxte_processing/93417-01-14-01.json,1ede63a93ddb71a88d276d9e2246210712a69b9067055dfc20b56c278c3de80b
93424-01-01-00,93424-01-01-00,93424-01-01-00,gs_1354_64,verified,https://heasarc.gsfc.nasa.gov/FTP/xte/data/archive/AO12/P93424/93424-01-01-00/stdprod/xp93424010100_s2.pha.gz,/Users/youhanwanigasuriya/Documents/New project/bh_ns_source_generalization/data/raw/rxte/93424-01-01-00/source-214b61f6081f.bin,214b61f6081f3b8c4af5a446fbb213434c9d08d1464856955b266566c8a91c98,data/processed/native/93424-01-01-00.npz,4bf9329b4e18d49489c1837b478a31859c8d361f95c771eb2a1d650c9cce43a5,2026-09-22T11:11:51.006276+00:00,PCA_OGIP_RATE43_OVERLAP_V1,PCA_OGIP_RATE43_OVERLAP_V1,data/raw/rxte/93424-01-01-00/acquisition.json,verified,recorded count/s/selected PCU/output bin,recorded count/s/selected PCU/output bin,Propagated archive statistical covariance; calibration/background systematics excluded,no artificial replacements,,47fa9afe11652829da6709e9c0c847cd015a9e42b81daed58e5bcf949a250667,,data/provenance/rxte_processing/93424-01-01-00.json,e80c529c7057dc0a136693cbe95198649575807db2700ff6ba69667a5918e1ff
93432-01-01-01,93432-01-01-01,93432-01-01-01,sax_j1750_8_2900,verified,https://heasarc.gsfc.nasa.gov/FTP/xte/data/archive/AO12/P93432/93432-01-01-01/stdprod/xp93432010101_s2.pha.gz,/Users/youhanwanigasuriya/Documents/New project/bh_ns_source_generalization/data/raw/rxte/93432-01-01-01/source-00808b71bde1.bin,00808b71bde1679ecebee7bd501ef9ceb1f9f2120ec83d6c6eec9ef0f733be53,data/processed/native/93432-01-01-01.npz,e352da21ee99982fb6ffef2e24b8a90f463eddeec53115c7b18e9352b9b34d71,2026-09-22T11:16:32.405078+00:00,PCA_OGIP_RATE43_OVERLAP_V1,PCA_OGIP_RATE43_OVERLAP_V1,data/raw/rxte/93432-01-01-01/acquisition.json,verified,recorded count/s/selected PCU/output bin,recorded count/s/selected PCU/output bin,Propagated archive statistical covariance; calibration/background systematics excluded,no artificial replacements,,d45f20d8d5f399d4f1823a311073b35d46dedbb62ad1ba036349dd3b7211a948,,data/provenance/rxte_processing/93432-01-01-01.json,b733d488825a48af12f6e95db3ce1fd241b94a16c65c358df93f9da751ccb67c
93432-01-02-00,93432-01-02-00,93432-01-02-00,sax_j1750_8_2900,verified,https://heasarc.gsfc.nasa.gov/FTP/xte/data/archive/AO12/P93432/93432-01-02-00/stdprod/xp93432010200_s2.pha.gz,/Users/youhanwanigasuriya/Documents/New project/bh_ns_source_generalization/data/raw/rxte/93432-01-02-00/source-5a7f4876bd02.bin,5a7f4876bd02030de373aeeca4b7d733e0ad76cdc83e2093632aa4217cbbca62,data/processed/native/93432-01-02-00.npz,506259e566c51e75447132eb88dbcd9b73fb5412be0d5350cc3003e75f3ff720,2026-09-22T11:16:36.435016+00:00,PCA_OGIP_RATE43_OVERLAP_V1,PCA_OGIP_RATE43_OVERLAP_V1,data/raw/rxte/93432-01-02-00/acquisition.json,verified,recorded count/s/selected PCU/output bin,recorded count/s/selected PCU/output bin,Propagated archive statistical covariance; calibration/background systematics excluded,no artificial replacements,,d1fe029040d438595cbc88e909fc4804e2e4921780dc278d23e0011af6a49643,,data/provenance/rxte_processing/93432-01-02-00.json,82248f52b5cd05d28779e132ac518812439660ba860a9a1fec2e11e0e79eef71
93432-01-02-05,93432-01-02-05,93432-01-02-05,sax_j1750_8_2900,verified,https://heasarc.gsfc.nasa.gov/FTP/xte/data/archive/AO12/P93432/93432-01-02-05/stdprod/xp93432010205_s2.pha.gz,/Users/youhanwanigasuriya/Documents/New project/bh_ns_source_generalization/data/raw/rxte/93432-01-02-05/source-e52116e86632.bin,e52116e86632cdff3eb8f5ea8bea246b3c2c9d72ebd3b002cef8439de030ef0c,data/processed/native/93432-01-02-05.npz,f479e7c5412c137a868554b2042e17cfdcb27ab48ce8d9190dcd292a790e2e39,2026-09-22T11:16:37.737083+00:00,PCA_OGIP_RATE43_OVERLAP_V1,PCA_OGIP_RATE43_OVERLAP_V1,data/raw/rxte/93432-01-02-05/acquisition.json,verified,recorded count/s/selected PCU/output bin,recorded count/s/selected PCU/output bin,Propagated archive statistical covariance; calibration/background systematics excluded,no artificial replacements,,6708035378bc7002d9d75829cde1e1f888ddae3e11de842c5e85c3f67f1b9ee2,,data/provenance/rxte_processing/93432-01-02-05.json,1ef3203357896d42b60f493f0c81c49d2298c32b06eab8cec3076a6e09396fd6
93432-01-03-01,93432-01-03-01,93432-01-03-01,sax_j1750_8_2900,verified,https://heasarc.gsfc.nasa.gov/FTP/xte/data/archive/AO12/P93432/93432-01-03-01/stdprod/xp93432010301_s2.pha.gz,/Users/youhanwanigasuriya/Documents/New project/bh_ns_source_generalization/data/raw/rxte/93432-01-03-01/source-31f412c6e4f2.bin,31f412c6e4f271d865cfa50662884d1e11333de5dc16b04a34311527d1d57067,data/processed/native/93432-01-03-01.npz,cca4a089b5c518ce152a7278bb199ce90b0602bf507d8030c1a52614d68b06be,2026-09-22T11:16:38.493261+00:00,PCA_OGIP_RATE43_OVERLAP_V1,PCA_OGIP_RATE43_OVERLAP_V1,data/raw/rxte/93432-01-03-01/acquisition.json,verified,recorded count/s/selected PCU/output bin,recorded count/s/selected PCU/output bin,Propagated archive statistical covariance; calibration/background systematics excluded,no artificial replacements,,cb49a55e5d2ac9332e9b3e4260c26f5ff0caedc01c73d35e3b87a28d063fc667,,data/provenance/rxte_processing/93432-01-03-01.json,0e82ee265d67f3b95d2d9e6671aaecd17154c508039787b8a022b44492fca150
93432-01-03-05,93432-01-03-05,93432-01-03-05,sax_j1750_8_2900,verified,https://heasarc.gsfc.nasa.gov/FTP/xte/data/archive/AO12/P93432/93432-01-03-05/stdprod/xp93432010305_s2.pha.gz,/Users/youhanwanigasuriya/Documents/New project/bh_ns_source_generalization/data/raw/rxte/93432-01-03-05/source-ca7c127cf236.bin,ca7c127cf236b7874f73a476266d7c6503e54ac264687ada5666ad26ef9ef0e1,data/processed/native/93432-01-03-05.npz,d3638c9fe08bda1f87e5d1aacf091736e36de1a510df9bdc6e72c2390c04b89b,2026-09-22T11:16:38.513108+00:00,PCA_OGIP_RATE43_OVERLAP_V1,PCA_OGIP_RATE43_OVERLAP_V1,data/raw/rxte/93432-01-03-05/acquisition.json,verified,recorded count/s/selected PCU/output bin,recorded count/s/selected PCU/output bin,Propagated archive statistical covariance; calibration/background systematics excluded,no artificial replacements,,7503dafadb9a3017dfa7b0e1fffc2d773864b199f1402735cf903d6e70e36ffd,,data/provenance/rxte_processing/93432-01-03-05.json,8df9008bd4c591cc42fd46304d13f9923f5c902ebd34c6b7d50a653fee82809d
93432-01-04-02,93432-01-04-02,93432-01-04-02,sax_j1750_8_2900,verified,https://heasarc.gsfc.nasa.gov/FTP/xte/data/archive/AO12/P93432/93432-01-04-02/stdprod/xp93432010402_s2.pha.gz,/Users/youhanwanigasuriya/Documents/New project/bh_ns_source_generalization/data/raw/rxte/93432-01-04-02/source-04a6eefdc7ea.bin,04a6eefdc7ea150e6ad8d295cdb98fb908bb6456d3a89f2520879339f1bb7e2a,data/processed/native/93432-01-04-02.npz,4a14e2f69cd85b618040723718b4fff7bd0ca82162bb979aa440a139a52d6352,2026-09-22T11:16:39.892739+00:00,PCA_OGIP_RATE43_OVERLAP_V1,PCA_OGIP_RATE43_OVERLAP_V1,data/raw/rxte/93432-01-04-02/acquisition.json,verified,recorded count/s/selected PCU/output bin,recorded count/s/selected PCU/output bin,Propagated archive statistical covariance; calibration/background systematics excluded,no artificial replacements,,9b2f2fb6d4c7b24cefa71fb078749fb44ed4ea4fd3ad80d40e22693751439081,,data/provenance/rxte_processing/93432-01-04-02.json,193b73d0ed7985a32d5d1ef686d0489eae295ff52657440a122023bfceee0380
93432-01-05-02,93432-01-05-02,93432-01-05-02,sax_j1750_8_2900,verified,https://heasarc.gsfc.nasa.gov/FTP/xte/data/archive/AO12/P93432/93432-01-05-02/stdprod/xp93432010502_s2.pha.gz,/Users/youhanwanigasuriya/Documents/New project/bh_ns_source_generalization/data/raw/rxte/93432-01-05-02/source-33342ffaf625.bin,33342ffaf6253add703dc3fa0d318d46786ee49c6487fd64a0086fd13d61656e,data/processed/native/93432-01-05-02.npz,c7293ee20b4a9bd08f099cc1cd5bc5bc4aefc16ee536912afb703de5baa9522e,2026-09-22T11:16:42.628016+00:00,PCA_OGIP_RATE43_OVERLAP_V1,PCA_OGIP_RATE43_OVERLAP_V1,data/raw/rxte/93432-01-05-02/acquisition.json,verified,recorded count/s/selected PCU/output bin,recorded count/s/selected PCU/output bin,Propagated archive statistical covariance; calibration/background systematics excluded,no artificial replacements,,98ec5e0fb27c78207fd91826cc5a10f720c2b2327224d461f4d6437f4794373b,,data/provenance/rxte_processing/93432-01-05-02.json,31f45fa3bdf62e9ffc8f3e559b6fb755927f153c56d1ac1406ef47509aa621e3
93432-01-06-00,93432-01-06-00,93432-01-06-00,sax_j1750_8_2900,verified,https://heasarc.gsfc.nasa.gov/FTP/xte/data/archive/AO12/P93432/93432-01-06-00/stdprod/xp93432010600_s2.pha.gz,/Users/youhanwanigasuriya/Documents/New project/bh_ns_source_generalization/data/raw/rxte/93432-01-06-00/source-2ff5fea0cb0c.bin,2ff5fea0cb0cb5fb76f298817b438a313d33e6aa8a1c633b461901140afbb576,data/processed/native/93432-01-06-00.npz,f9779aa00f7720161b8c3f32e79282294fdcec283b887cdaf777eb38345d7f8d,2026-09-22T11:16:45.412197+00:00,PCA_OGIP_RATE43_OVERLAP_V1,PCA_OGIP_RATE43_OVERLAP_V1,data/raw/rxte/93432-01-06-00/acquisition.json,verified,recorded count/s/selected PCU/output bin,recorded count/s/selected PCU/output bin,Propagated archive statistical covariance; calibration/background systematics excluded,no artificial replacements,,874d58c78522c2166e0768e638bbe4383b6a04ebb0f02cf058426615b3bbbdb0,,data/provenance/rxte_processing/93432-01-06-00.json,de93b4c7d4ef43627d1492f22932862baf27f2fcd2af005de087cb3017473112
93432-01-06-03,93432-01-06-03,93432-01-06-03,sax_j1750_8_2900,verified,https://heasarc.gsfc.nasa.gov/FTP/xte/data/archive/AO12/P93432/93432-01-06-03/stdprod/xp93432010603_s2.pha.gz,/Users/youhanwanigasuriya/Documents/New project/bh_ns_source_generalization/data/raw/rxte/93432-01-06-03/source-9c1febffc151.bin,9c1febffc15185accda169dd1eccd6cd3f37603e03e8ca0109f9f8e53dcbb362,data/processed/native/93432-01-06-03.npz,3ad250e69d852274f98c6fd2b845d9c88059974f2a92bb31c432c5b62414b59a,2026-09-22T11:16:46.876390+00:00,PCA_OGIP_RATE43_OVERLAP_V1,PCA_OGIP_RATE43_OVERLAP_V1,data/raw/rxte/93432-01-06-03/acquisition.json,verified,recorded count/s/selected PCU/output bin,recorded count/s/selected PCU/output bin,Propagated archive statistical covariance; calibration/background systematics excluded,no artificial replacements,,f7111aea1c0f6503b7f663a775dcc31fa53793628adbfcc56c5f7aa444fa65bd,,data/provenance/rxte_processing/93432-01-06-03.json,c900ccc8b6710d609d6e58f45933fc45ee098fd237472b7b7c2474cd4e726f2b
93432-01-07-00,93432-01-07-00,93432-01-07-00,sax_j1750_8_2900,verified,https://heasarc.gsfc.nasa.gov/FTP/xte/data/archive/AO12/P93432/93432-01-07-00/stdprod/xp93432010700_s2.pha.gz,/Users/youhanwanigasuriya/Documents/New project/bh_ns_source_generalization/data/raw/rxte/93432-01-07-00/source-99e53b04635e.bin,99e53b04635e92112816a984f5baa357f260697bc14f2aab321c9efc136ebc3f,data/processed/native/93432-01-07-00.npz,7f54da3182777bdccf8a9854bcda440ec43a1682a82b5a1a365ff1fa4ec3b156,2026-09-22T10:56:38.397883+00:00,PCA_OGIP_RATE43_OVERLAP_V1,PCA_OGIP_RATE43_OVERLAP_V1,data/raw/rxte/93432-01-07-00/acquisition.json,verified,recorded count/s/selected PCU/output bin,recorded count/s/selected PCU/output bin,Propagated archive statistical covariance; calibration/background systematics excluded,no artificial replacements,,e73f19a5a9c4aa67308aca647b4615c617f8a571abe54789f6af2c5d50cd24be,,data/provenance/rxte_processing/93432-01-07-00.json,130d5b210571a66cee2be3128dffa78bb6ae7990a7a288da74941f88c17713ce
93432-01-07-04,93432-01-07-04,93432-01-07-04,sax_j1750_8_2900,verified,https://heasarc.gsfc.nasa.gov/FTP/xte/data/archive/AO12/P93432/93432-01-07-04/stdprod/xp93432010704_s2.pha.gz,/Users/youhanwanigasuriya/Documents/New project/bh_ns_source_generalization/data/raw/rxte/93432-01-07-04/source-097cfa59870e.bin,097cfa59870e36c79051018dd316eb8d65331b85e19fc41a884c5c8595ca6c50,data/processed/native/93432-01-07-04.npz,2c862de80072f960bd872b29a9b6b3c30dfd3ee085ff4b8174459e48ece16c05,2026-09-22T11:16:47.916994+00:00,PCA_OGIP_RATE43_OVERLAP_V1,PCA_OGIP_RATE43_OVERLAP_V1,data/raw/rxte/93432-01-07-04/acquisition.json,verified,recorded count/s/selected PCU/output bin,recorded count/s/selected PCU/output bin,Propagated archive statistical covariance; calibration/background systematics excluded,no artificial replacements,,ac560596ba2358f23588139b01c70049f446aa522926fc923b7e89e4b5acc945,,data/provenance/rxte_processing/93432-01-07-04.json,610b22f483ee780b2412011dc4346d5f6bab460f8f3f288c1d6ca22a406c9d00
93432-01-08-01,93432-01-08-01,93432-01-08-01,sax_j1750_8_2900,verified,https://heasarc.gsfc.nasa.gov/FTP/xte/data/archive/AO12/P93432/93432-01-08-01/stdprod/xp93432010801_s2.pha.gz,/Users/youhanwanigasuriya/Documents/New project/bh_ns_source_generalization/data/raw/rxte/93432-01-08-01/source-24d0c292c7fb.bin,24d0c292c7fb80c5bce215c7ee4b6fa5169aaa40906d7140773dcd62574dff33,data/processed/native/93432-01-08-01.npz,828b7d7f84f7adc4f97c97ed5ee6c02020c22bbfefc837105f54f687d11f89e9,2026-09-22T11:16:48.285810+00:00,PCA_OGIP_RATE43_OVERLAP_V1,PCA_OGIP_RATE43_OVERLAP_V1,data/raw/rxte/93432-01-08-01/acquisition.json,verified,recorded count/s/selected PCU/output bin,recorded count/s/selected PCU/output bin,Propagated archive statistical covariance; calibration/background systematics excluded,no artificial replacements,,7bde96f639547899567b99607a12f2cacdf33dab4503acd69f81f45fc6d5c8ff,,data/provenance/rxte_processing/93432-01-08-01.json,46e4e0f3578633fa198102e1694d034e8b11fa15cd0c29d34b1031376fa24728
93432-01-09-03,93432-01-09-03,93432-01-09-03,sax_j1750_8_2900,verified,https://heasarc.gsfc.nasa.gov/FTP/xte/data/archive/AO12/P93432/93432-01-09-03/stdprod/xp93432010903_s2.pha.gz,/Users/youhanwanigasuriya/Documents/New project/bh_ns_source_generalization/data/raw/rxte/93432-01-09-03/source-af3f8da4d895.bin,af3f8da4d8955f20292a49cddc3d088367f4cdfa3d37d8fcdb3c976e2ffe8ade,data/processed/native/93432-01-09-03.npz,4b803eb94c06e6e549db785c0080ea09ce7ce4b4b1e4aa109b8825c93da2949a,2026-09-22T11:16:49.917825+00:00,PCA_OGIP_RATE43_OVERLAP_V1,PCA_OGIP_RATE43_OVERLAP_V1,data/raw/rxte/93432-01-09-03/acquisition.json,verified,recorded count/s/selected PCU/output bin,recorded count/s/selected PCU/output bin,Propagated archive statistical covariance; calibration/background systematics excluded,no artificial replacements,,9c0b96ac515f97d4626a2de1b0508b4fccde3db6c58a30a54705d512650ab45f,,data/provenance/rxte_processing/93432-01-09-03.json,2e065531103bf8d482f9a807c908856b6ba29095b94c13380448f61760322515
93432-01-10-01,93432-01-10-01,93432-01-10-01,sax_j1750_8_2900,verified,https://heasarc.gsfc.nasa.gov/FTP/xte/data/archive/AO12/P93432/93432-01-10-01/stdprod/xp93432011001_s2.pha.gz,/Users/youhanwanigasuriya/Documents/New project/bh_ns_source_generalization/data/raw/rxte/93432-01-10-01/source-d6c519cc27cb.bin,d6c519cc27cb64d2a28a3b62c3aa3e45e24ac75ffe7598bdfab7f78a9b75de2c,data/processed/native/93432-01-10-01.npz,66f4d1440f0e9bb885a2da4a983e9d685bbd766abe3d3a67d579766aa996de1d,2026-09-22T11:16:52.459271+00:00,PCA_OGIP_RATE43_OVERLAP_V1,PCA_OGIP_RATE43_OVERLAP_V1,data/raw/rxte/93432-01-10-01/acquisition.json,verified,recorded count/s/selected PCU/output bin,recorded count/s/selected PCU/output bin,Propagated archive statistical covariance; calibration/background systematics excluded,no artificial replacements,,d0cd51763852706deb20f14bcd1ff8e1bfc7c149cf2b2079350c7bc1897231b5,,data/provenance/rxte_processing/93432-01-10-01.json,77c092dffe9e2503a1060cf7911823d7615418bacbd1d7ccb793efe58e7ecd04
93432-01-10-04,93432-01-10-04,93432-01-10-04,sax_j1750_8_2900,verified,https://heasarc.gsfc.nasa.gov/FTP/xte/data/archive/AO12/P93432/93432-01-10-04/stdprod/xp93432011004_s2.pha.gz,/Users/youhanwanigasuriya/Documents/New project/bh_ns_source_generalization/data/raw/rxte/93432-01-10-04/source-b0bc6a9e6553.bin,b0bc6a9e65533e6d72326e247c7e561949a43474e683ad83fccc416e77f2a66f,data/processed/native/93432-01-10-04.npz,0d769336d7acb746c02b217b8749ee3d7ec093846a11d62eb4c80d52e93d6075,2026-09-22T11:16:55.436306+00:00,PCA_OGIP_RATE43_OVERLAP_V1,PCA_OGIP_RATE43_OVERLAP_V1,data/raw/rxte/93432-01-10-04/acquisition.json,verified,recorded count/s/selected PCU/output bin,recorded count/s/selected PCU/output bin,Propagated archive statistical covariance; calibration/background systematics excluded,no artificial replacements,,263d762a7a106ce66ee67d45a421d24857a11a31095464de37443fa1ae34f179,,data/provenance/rxte_processing/93432-01-10-04.json,134d0c683c7318670c2c36f1355ece887daa77065f1bfc124885c88e4cfa02e0
93432-01-11-02,93432-01-11-02,93432-01-11-02,sax_j1750_8_2900,verified,https://heasarc.gsfc.nasa.gov/FTP/xte/data/archive/AO12/P93432/93432-01-11-02/stdprod/xp93432011102_s2.pha.gz,/Users/youhanwanigasuriya/Documents/New project/bh_ns_source_generalization/data/raw/rxte/93432-01-11-02/source-f0c5cdddba74.bin,f0c5cdddba74fbb1eaaea8b1d914d52f04bd5e8e0031f0f514a9a70b5487a459,data/processed/native/93432-01-11-02.npz,13681114a2ea159a8a67a6876c13fb9ccb1b6d6b456d6ac4687d6ddd909f61db,2026-09-22T11:16:57.735978+00:00,PCA_OGIP_RATE43_OVERLAP_V1,PCA_OGIP_RATE43_OVERLAP_V1,data/raw/rxte/93432-01-11-02/acquisition.json,verified,recorded count/s/selected PCU/output bin,recorded count/s/selected PCU/output bin,Propagated archive statistical covariance; calibration/background systematics excluded,no artificial replacements,,f105912174e06b79656b7723c47524bb502d9b197a24877e259631e2737438a0,,data/provenance/rxte_processing/93432-01-11-02.json,d194789cff94d2e09ae07fff64c2bbe5062a7f1aa97ab525138c421b9c29ae7f
93432-01-11-03,93432-01-11-03,93432-01-11-03,sax_j1750_8_2900,verified,https://heasarc.gsfc.nasa.gov/FTP/xte/data/archive/AO12/P93432/93432-01-11-03/stdprod/xp93432011103_s2.pha.gz,/Users/youhanwanigasuriya/Documents/New project/bh_ns_source_generalization/data/raw/rxte/93432-01-11-03/source-83f8e2c774fa.bin,83f8e2c774fa0f5c456eca736daceecbf55d99c31bcd025baa5fec79317336a3,data/processed/native/93432-01-11-03.npz,c32a3383e30ba7b413fe4d2d4c462c5febeaea3c18405b5f349b7e5bda92cf8e,2026-09-22T11:16:57.707201+00:00,PCA_OGIP_RATE43_OVERLAP_V1,PCA_OGIP_RATE43_OVERLAP_V1,data/raw/rxte/93432-01-11-03/acquisition.json,verified,recorded count/s/selected PCU/output bin,recorded count/s/selected PCU/output bin,Propagated archive statistical covariance; calibration/background systematics excluded,no artificial replacements,,769db427948568526c12e47e08e294ae1c4d42544835370d62e8cff91362e6b1,,data/provenance/rxte_processing/93432-01-11-03.json,82a25d84a7e7cb6ee2badae8dea89b1a2f7c4d0fb5c2003cf4121e7dcb6b7b69
93432-01-12-02,93432-01-12-02,93432-01-12-02,sax_j1750_8_2900,verified,https://heasarc.gsfc.nasa.gov/FTP/xte/data/archive/AO12/P93432/93432-01-12-02/stdprod/xp93432011202_s2.pha.gz,/Users/youhanwanigasuriya/Documents/New project/bh_ns_source_generalization/data/raw/rxte/93432-01-12-02/source-ad0fa6a3dbf7.bin,ad0fa6a3dbf7c5b30f3a63fb4c27d711d68739fd71c91f4ca1b769a86efb651d,data/processed/native/93432-01-12-02.npz,5672914c47bce7846470be2e566f885f0e0a160d7d6f81ebf1e15eb2ad0586a6,2026-09-22T11:16:57.701051+00:00,PCA_OGIP_RATE43_OVERLAP_V1,PCA_OGIP_RATE43_OVERLAP_V1,data/raw/rxte/93432-01-12-02/acquisition.json,verified,recorded count/s/selected PCU/output bin,recorded count/s/selected PCU/output bin,Propagated archive statistical covariance; calibration/background systematics excluded,no artificial replacements,,d6ff22a212844527466256aa946fc10ab5341be7247e4989c9f61cd1f72103f8,,data/provenance/rxte_processing/93432-01-12-02.json,9ef3325575e3cb1ae98c13f2078622cac7ee56d8e7a6a64b434a5a57be7e3916
93432-01-13-02,93432-01-13-02,93432-01-13-02,sax_j1750_8_2900,verified,https://heasarc.gsfc.nasa.gov/FTP/xte/data/archive/AO12/P93432/93432-01-13-02/stdprod/xp93432011302_s2.pha.gz,/Users/youhanwanigasuriya/Documents/New project/bh_ns_source_generalization/data/raw/rxte/93432-01-13-02/source-66d1caceae9a.bin,66d1caceae9af10fb62541933fe58e6b395ad1a5dd72faf443a2c06bec960fb0,data/processed/native/93432-01-13-02.npz,76ec9aeecd97d000bf1713b91335a599ab0f223bcb32f2b5cd1d7a24577bdd34,2026-09-22T11:16:59.975919+00:00,PCA_OGIP_RATE43_OVERLAP_V1,PCA_OGIP_RATE43_OVERLAP_V1,data/raw/rxte/93432-01-13-02/acquisition.json,verified,recorded count/s/selected PCU/output bin,recorded count/s/selected PCU/output bin,Propagated archive statistical covariance; calibration/background systematics excluded,no artificial replacements,,001c8aad36fbb0e67388e90dfae09994fdf85278d232183b608ca92dd5e7faed,,data/provenance/rxte_processing/93432-01-13-02.json,8814611e82086f3ef3f3b8cf363f3f00cc75314acedc55cf8180fe47f97ae213
93432-01-14-01,93432-01-14-01,93432-01-14-01,sax_j1750_8_2900,verified,https://heasarc.gsfc.nasa.gov/FTP/xte/data/archive/AO12/P93432/93432-01-14-01/stdprod/xp93432011401_s2.pha.gz,/Users/youhanwanigasuriya/Documents/New project/bh_ns_source_generalization/data/raw/rxte/93432-01-14-01/source-2d330433e03a.bin,2d330433e03a7ca30951da46c40f5dac0a82d21e941dc7c4342aa59096670230,data/processed/native/93432-01-14-01.npz,b6f37efad0300fa02f05c9378d7951f88a37cabfa7b295d3952c667e611a44d2,2026-09-22T11:17:02.299975+00:00,PCA_OGIP_RATE43_OVERLAP_V1,PCA_OGIP_RATE43_OVERLAP_V1,data/raw/rxte/93432-01-14-01/acquisition.json,verified,recorded count/s/selected PCU/output bin,recorded count/s/selected PCU/output bin,Propagated archive statistical covariance; calibration/background systematics excluded,no artificial replacements,,ef68a5abf462b076f477fa6f610b8fdbe35c8111e9bd9510e92121435934a2eb,,data/provenance/rxte_processing/93432-01-14-01.json,02909f55b1f3da68f9975d91301f84849aff872faa9db630c74f3706035ec199
93432-01-14-03,93432-01-14-03,93432-01-14-03,sax_j1750_8_2900,verified,https://heasarc.gsfc.nasa.gov/FTP/xte/data/archive/AO12/P93432/93432-01-14-03/stdprod/xp93432011403_s2.pha.gz,/Users/youhanwanigasuriya/Documents/New project/bh_ns_source_generalization/data/raw/rxte/93432-01-14-03/source-df48ab4a072a.bin,df48ab4a072a7892f28b8774734ba8ff8bec91ecfe205dc703b6c7332bff9d62,data/processed/native/93432-01-14-03.npz,fc04895433a8f8fad309fc447f82300c863621ae156fd7fd12b5ac0bfc204550,2026-09-22T11:17:04.623604+00:00,PCA_OGIP_RATE43_OVERLAP_V1,PCA_OGIP_RATE43_OVERLAP_V1,data/raw/rxte/93432-01-14-03/acquisition.json,verified,recorded count/s/selected PCU/output bin,recorded count/s/selected PCU/output bin,Propagated archive statistical covariance; calibration/background systematics excluded,no artificial replacements,,792a67c5f1da9e1dd5c17cd9ccd3d235a8e6c1bd5ecd2c888f5497dabacc540f,,data/provenance/rxte_processing/93432-01-14-03.json,36035b05f2b360b4bdbd76d4cd934936b9de1bc75bfcc64659aeea51f657661a
93432-01-15-00,93432-01-15-00,93432-01-15-00,sax_j1750_8_2900,verified,https://heasarc.gsfc.nasa.gov/FTP/xte/data/archive/AO12/P93432/93432-01-15-00/stdprod/xp93432011500_s2.pha.gz,/Users/youhanwanigasuriya/Documents/New project/bh_ns_source_generalization/data/raw/rxte/93432-01-15-00/source-cb209ef576af.bin,cb209ef576afb1b00d03b43fc4376b26915316f87a04ece1883ab01182c7f5bf,data/processed/native/93432-01-15-00.npz,be10d5a21cbf15f3de2f8fe06471ae4c90712b7fad932076dda16bee131d2444,2026-09-22T11:17:06.775971+00:00,PCA_OGIP_RATE43_OVERLAP_V1,PCA_OGIP_RATE43_OVERLAP_V1,data/raw/rxte/93432-01-15-00/acquisition.json,verified,recorded count/s/selected PCU/output bin,recorded count/s/selected PCU/output bin,Propagated archive statistical covariance; calibration/background systematics excluded,no artificial replacements,,cf905abdc2140618c224142db7b2e3e8b25328177869faa50c8176a1c45cbf36,,data/provenance/rxte_processing/93432-01-15-00.json,e6f8622079480e68e4052e30c1882cc9a903e86127e839ab10246d58990f9321
93432-01-16-00,93432-01-16-00,93432-01-16-00,sax_j1750_8_2900,verified,https://heasarc.gsfc.nasa.gov/FTP/xte/data/archive/AO12/P93432/93432-01-16-00/stdprod/xp93432011600_s2.pha.gz,/Users/youhanwanigasuriya/Documents/New project/bh_ns_source_generalization/data/raw/rxte/93432-01-16-00/source-36f723feb384.bin,36f723feb3845d418bc82e77123d310fa4be380774486770923d724d054ab9f3,data/processed/native/93432-01-16-00.npz,934d08e2835e028b5db3cf565cf1a8f52bdbfe5038b0c5f3964f3692ebf27bef,2026-09-22T11:17:06.771837+00:00,PCA_OGIP_RATE43_OVERLAP_V1,PCA_OGIP_RATE43_OVERLAP_V1,data/raw/rxte/93432-01-16-00/acquisition.json,verified,recorded count/s/selected PCU/output bin,recorded count/s/selected PCU/output bin,Propagated archive statistical covariance; calibration/background systematics excluded,no artificial replacements,,029d6af3e35f2e225872b0c07a5e3dbcde7c9291a8724d3aa72aa45cf0548f3a,,data/provenance/rxte_processing/93432-01-16-00.json,bc952dc1c0ab42c798642c2e7371807507942f05c3ad79bc21cf72189af195bf
93432-01-16-04,93432-01-16-04,93432-01-16-04,sax_j1750_8_2900,verified,https://heasarc.gsfc.nasa.gov/FTP/xte/data/archive/AO12/P93432/93432-01-16-04/stdprod/xp93432011604_s2.pha.gz,/Users/youhanwanigasuriya/Documents/New project/bh_ns_source_generalization/data/raw/rxte/93432-01-16-04/source-b445e3e60b5a.bin,b445e3e60b5affa8aef7fe54d1ffde6aacc550b4b7464ec08b89a0b4a85a7bbb,data/processed/native/93432-01-16-04.npz,9b6cd1682fe13ac339e836741e884dc697a02558909dfce36867a18065c20f5e,2026-09-22T11:17:06.947741+00:00,PCA_OGIP_RATE43_OVERLAP_V1,PCA_OGIP_RATE43_OVERLAP_V1,data/raw/rxte/93432-01-16-04/acquisition.json,verified,recorded count/s/selected PCU/output bin,recorded count/s/selected PCU/output bin,Propagated archive statistical covariance; calibration/background systematics excluded,no artificial replacements,,0becd6d2a5d09020156c9e15558973c7d7d561675c4bf2ed7242a66a9242fec2,,data/provenance/rxte_processing/93432-01-16-04.json,fc27f2c11bb6d33d68bedd1c12353c4191d69858d57fc8ca65e2a73622d2278d
93432-01-17-02,93432-01-17-02,93432-01-17-02,sax_j1750_8_2900,verified,https://heasarc.gsfc.nasa.gov/FTP/xte/data/archive/AO12/P93432/93432-01-17-02/stdprod/xp93432011702_s2.pha.gz,/Users/youhanwanigasuriya/Documents/New project/bh_ns_source_generalization/data/raw/rxte/93432-01-17-02/source-8c7aca13bb70.bin,8c7aca13bb70a74c96e595de8f9a35bbb6aaa8d87a8786ecf7cd472dbfbdab52,data/processed/native/93432-01-17-02.npz,c81bc99041b0c3b8a322a5f9e35ad4a83308835663c04883e65226b1db6744b3,2026-09-22T10:56:39.888989+00:00,PCA_OGIP_RATE43_OVERLAP_V1,PCA_OGIP_RATE43_OVERLAP_V1,data/raw/rxte/93432-01-17-02/acquisition.json,verified,recorded count/s/selected PCU/output bin,recorded count/s/selected PCU/output bin,Propagated archive statistical covariance; calibration/background systematics excluded,no artificial replacements,,e3d5d03e1d4361fa814c41add12cc1e1457d364a5005beea536c5b0473beef82,,data/provenance/rxte_processing/93432-01-17-02.json,bb30fa0436a574727ab06f167947773c3f9f13885deae8e50a448de3feb421b4
93435-01-05-01,93435-01-05-01,93435-01-05-01,igr_j00291_5934,verified,https://heasarc.gsfc.nasa.gov/FTP/xte/data/archive/AO12/P93435/93435-01-05-01/stdprod/xp93435010501_s2.pha.gz,/Users/youhanwanigasuriya/Documents/New project/bh_ns_source_generalization/data/raw/rxte/93435-01-05-01/source-4729c03aee19.bin,4729c03aee19d3f6720ffd62103bf983d4f2c9da299220178d6acd9fe1eaf27e,data/processed/native/93435-01-05-01.npz,ecf874a23e6afbfeb2b637b845214d2e3ba585ff44737939c28822dcc15271d3,2026-09-22T11:13:39.441534+00:00,PCA_OGIP_RATE43_OVERLAP_V1,PCA_OGIP_RATE43_OVERLAP_V1,data/raw/rxte/93435-01-05-01/acquisition.json,verified,recorded count/s/selected PCU/output bin,recorded count/s/selected PCU/output bin,Propagated archive statistical covariance; calibration/background systematics excluded,no artificial replacements,,0f8659f3e9fa4bc2b073330701b26b4d932ed8395005551e6514e4a142708925,,data/provenance/rxte_processing/93435-01-05-01.json,f4b0d8e158e66c744c6db1579177565c317574f646cd85afaef6854e3aed59c7
93435-01-12-01,93435-01-12-01,93435-01-12-01,igr_j00291_5934,verified,https://heasarc.gsfc.nasa.gov/FTP/xte/data/archive/AO12/P93435/93435-01-12-01/stdprod/xp93435011201_s2.pha.gz,/Users/youhanwanigasuriya/Documents/New project/bh_ns_source_generalization/data/raw/rxte/93435-01-12-01/source-19543e4365be.bin,19543e4365be383930ca135ec4b7056736819eb287f2f2622fd281862540c8aa,data/processed/native/93435-01-12-01.npz,012dab10a0336069eb49625c902dcac8725304c2738da455555daba319bc6ce2,2026-09-22T11:13:47.071166+00:00,PCA_OGIP_RATE43_OVERLAP_V1,PCA_OGIP_RATE43_OVERLAP_V1,data/raw/rxte/93435-01-12-01/acquisition.json,verified,recorded count/s/selected PCU/output bin,recorded count/s/selected PCU/output bin,Propagated archive statistical covariance; calibration/background systematics excluded,no artificial replacements,,720d91a5220083bc2a4da2393022b42730829242e49369758904df72eda83f0b,,data/provenance/rxte_processing/93435-01-12-01.json,cb7d72c546563ff6bd9f6bfd7a7fd0a41ab3b6f6339e3380403850b82759848a
93435-01-29-00,93435-01-29-00,93435-01-29-00,igr_j00291_5934,verified,https://heasarc.gsfc.nasa.gov/FTP/xte/data/archive/AO12/P93435/93435-01-29-00/stdprod/xp93435012900_s2.pha.gz,/Users/youhanwanigasuriya/Documents/New project/bh_ns_source_generalization/data/raw/rxte/93435-01-29-00/source-ca9bbde4c185.bin,ca9bbde4c185b71d6b59f2193411e7af324dfdabe82382dbd7ea1914461c670c,data/processed/native/93435-01-29-00.npz,08c15d9afa0fbc55082f170b9148abe1d2ecd8e028ad950d5cf36c1feefe1450,2026-09-22T11:13:55.397909+00:00,PCA_OGIP_RATE43_OVERLAP_V1,PCA_OGIP_RATE43_OVERLAP_V1,data/raw/rxte/93435-01-29-00/acquisition.json,verified,recorded count/s/selected PCU/output bin,recorded count/s/selected PCU/output bin,Propagated archive statistical covariance; calibration/background systematics excluded,no artificial replacements,,489efc59199aca97f930293ecacdb21110dd769345cf9e9954a66f3902993da0,,data/provenance/rxte_processing/93435-01-29-00.json,45d2aee16cb649793414e40d5e62ea01fe9fa163041d4e8967a0dd7d2cc88b49
93443-01-01-13,93443-01-01-13,93443-01-01-13,cyg_x_2,verified,https://heasarc.gsfc.nasa.gov/FTP/xte/data/archive/AO12/P93443/93443-01-01-13/stdprod/xp93443010113_s2.pha.gz,/Users/youhanwanigasuriya/Documents/New project/bh_ns_source_generalization/data/raw/rxte/93443-01-01-13/source-d82604203bec.bin,d82604203bec2042efd805d5a4a1b6fceb4692fed68900676d51738c04727823,data/processed/native/93443-01-01-13.npz,9ca2ea31b507031c6d0e25f4069155adc4acb348c1e6c914b1b1e4746e46ce91,2026-09-22T11:11:27.299430+00:00,PCA_OGIP_RATE43_OVERLAP_V1,PCA_OGIP_RATE43_OVERLAP_V1,data/raw/rxte/93443-01-01-13/acquisition.json,verified,recorded count/s/selected PCU/output bin,recorded count/s/selected PCU/output bin,Propagated archive statistical covariance; calibration/background systematics excluded,no artificial replacements,,e2a071df03a73e582c2f542f84daecfcb85771fa718077898fbabb8cdbb087ef,,data/provenance/rxte_processing/93443-01-01-13.json,f75343c2d9c690e5c04e7ffcefa825c114ce0b2a60f315497f60ee6a433980b2
93451-01-01-00,93451-01-01-00,93451-01-01-00,hete_j1900_1_2455,verified,https://heasarc.gsfc.nasa.gov/FTP/xte/data/archive/AO12/P93451/93451-01-01-00/stdprod/xp93451010100_s2.pha.gz,/Users/youhanwanigasuriya/Documents/New project/bh_ns_source_generalization/data/raw/rxte/93451-01-01-00/source-11a854d41e2c.bin,11a854d41e2c4a921666e258321b6c06970aece0a45f738a6f30f13a1af35389,data/processed/native/93451-01-01-00.npz,e063026db20641283815012917117125ada4b7313b4e7ca0cbd114eb891bbf02,2026-09-22T11:13:16.062371+00:00,PCA_OGIP_RATE43_OVERLAP_V1,PCA_OGIP_RATE43_OVERLAP_V1,data/raw/rxte/93451-01-01-00/acquisition.json,verified,recorded count/s/selected PCU/output bin,recorded count/s/selected PCU/output bin,Propagated archive statistical covariance; calibration/background systematics excluded,no artificial replacements,,1a3a9b808b46a62992ac8ab157703774475b7ece3c4aa0b26bf28658d8b82f2f,,data/provenance/rxte_processing/93451-01-01-00.json,1d4b2827134b632ddf0997598c048571d974f04682ff105be280737054463d1a
94030-01-04-00,94030-01-04-00,94030-01-04-00,hete_j1900_1_2455,verified,https://heasarc.gsfc.nasa.gov/FTP/xte/data/archive/AO13/P94030/94030-01-04-00/stdprod/xp94030010400_s2.pha.gz,/Users/youhanwanigasuriya/Documents/New project/bh_ns_source_generalization/data/raw/rxte/94030-01-04-00/source-42a7ecf1d0eb.bin,42a7ecf1d0eb021a02561ebcd6a76c3290b32fa9257bbe9187821d32caba2126,data/processed/native/94030-01-04-00.npz,75e1204b6876a6a2614cf7502cff644e98ea047d44561f8fa9547148d23d1068,2026-09-22T11:13:17.746576+00:00,PCA_OGIP_RATE43_OVERLAP_V1,PCA_OGIP_RATE43_OVERLAP_V1,data/raw/rxte/94030-01-04-00/acquisition.json,verified,recorded count/s/selected PCU/output bin,recorded count/s/selected PCU/output bin,Propagated archive statistical covariance; calibration/background systematics excluded,no artificial replacements,,0979ceb0fdf045f1e4697f1a7ad6a91da171c12fe07d3a484ad01de3cedfc994,,data/provenance/rxte_processing/94030-01-04-00.json,d89db6b3320101f40661963e98898f86597a9def5b64812417266810c56e880a
94030-01-12-00,94030-01-12-00,94030-01-12-00,hete_j1900_1_2455,verified,https://heasarc.gsfc.nasa.gov/FTP/xte/data/archive/AO13/P94030/94030-01-12-00/stdprod/xp94030011200_s2.pha.gz,/Users/youhanwanigasuriya/Documents/New project/bh_ns_source_generalization/data/raw/rxte/94030-01-12-00/source-f3677be1dbf5.bin,f3677be1dbf5282806a0c1f7a16a89cf382846ff13ee235edac8689c2420f36d,data/processed/native/94030-01-12-00.npz,dfab4514cd741d8500329baa7af7fc0f5d233f02cd1d2954be808eb746ba4d1a,2026-09-22T11:13:17.742898+00:00,PCA_OGIP_RATE43_OVERLAP_V1,PCA_OGIP_RATE43_OVERLAP_V1,data/raw/rxte/94030-01-12-00/acquisition.json,verified,recorded count/s/selected PCU/output bin,recorded count/s/selected PCU/output bin,Propagated archive statistical covariance; calibration/background systematics excluded,no artificial replacements,,60aa8ed7d2810e250f831f353286d89b831bbb4f20f94a9202e7ccc0f8203325,,data/provenance/rxte_processing/94030-01-12-00.json,378cfea5fe683bb96e81c8a49ce3e51c6ee019627f3e50fd907af36a876dc1d3
94030-01-24-00,94030-01-24-00,94030-01-24-00,hete_j1900_1_2455,verified,https://heasarc.gsfc.nasa.gov/FTP/xte/data/archive/AO13/P94030/94030-01-24-00/stdprod/xp94030012400_s2.pha.gz,/Users/youhanwanigasuriya/Documents/New project/bh_ns_source_generalization/data/raw/rxte/94030-01-24-00/source-6c56961c0bf3.bin,6c56961c0bf351cbd22f7c54a46df9184e29d4af95a529c860970f1c7088df60,data/processed/native/94030-01-24-00.npz,8f2480c24fa046aaba03d75de331f684576372e5abc540bda70c26db8b74b1d0,2026-09-22T11:13:18.099531+00:00,PCA_OGIP_RATE43_OVERLAP_V1,PCA_OGIP_RATE43_OVERLAP_V1,data/raw/rxte/94030-01-24-00/acquisition.json,verified,recorded count/s/selected PCU/output bin,recorded count/s/selected PCU/output bin,Propagated archive statistical covariance; calibration/background systematics excluded,no artificial replacements,,894d0e0811df61abe7e2419ede6259edea57925b968796f7f5f72dfc12434c11,,data/provenance/rxte_processing/94030-01-24-00.json,2d0caebd573be4d2c7b8bec89d2b061b7dce2700426c50201d34614e3eda938c
94030-01-37-00,94030-01-37-00,94030-01-37-00,hete_j1900_1_2455,verified,https://heasarc.gsfc.nasa.gov/FTP/xte/data/archive/AO13/P94030/94030-01-37-00/stdprod/xp94030013700_s2.pha.gz,/Users/youhanwanigasuriya/Documents/New project/bh_ns_source_generalization/data/raw/rxte/94030-01-37-00/source-079f0eb2fb42.bin,079f0eb2fb427ab3cdfccd9f27aaecd6c36c3f46eda8a7f094050b32f54e0229,data/processed/native/94030-01-37-00.npz,b94f24ff59ed52e24bc7c4fb7d31bc1904f4bbdcb4f916423dc1321717ba96cb,2026-09-22T11:13:20.326528+00:00,PCA_OGIP_RATE43_OVERLAP_V1,PCA_OGIP_RATE43_OVERLAP_V1,data/raw/rxte/94030-01-37-00/acquisition.json,verified,recorded count/s/selected PCU/output bin,recorded count/s/selected PCU/output bin,Propagated archive statistical covariance; calibration/background systematics excluded,no artificial replacements,,6a0ed5cea3b712ebc7f0277a7d4715e8b2d5f9d19c26f17b25e912011da07ea9,,data/provenance/rxte_processing/94030-01-37-00.json,f3a3d48d9511038ef9692d8514b418bb24b1c4f1846bd4c012835442cf5a6b77
94044-05-01-00,94044-05-01-00,94044-05-01-00,slx_1735_269,verified,https://heasarc.gsfc.nasa.gov/FTP/xte/data/archive/AO13/P94044/94044-05-01-00/stdprod/xp94044050100_s2.pha.gz,/Users/youhanwanigasuriya/Documents/New project/bh_ns_source_generalization/data/raw/rxte/94044-05-01-00/source-e67572cb969f.bin,e67572cb969f3f6de5956c5256e4ce53ae8c98764ebc9739bb5a5bc81f032f1a,data/processed/native/94044-05-01-00.npz,2332d5b4238ff0efb2d9a9ec06ffc9faa228d2e24ebe12b59def3306587f9cdd,2026-09-22T11:20:46.474206+00:00,PCA_OGIP_RATE43_OVERLAP_V1,PCA_OGIP_RATE43_OVERLAP_V1,data/raw/rxte/94044-05-01-00/acquisition.json,verified,recorded count/s/selected PCU/output bin,recorded count/s/selected PCU/output bin,Propagated archive statistical covariance; calibration/background systematics excluded,no artificial replacements,,adbdece093d15b0148342f1fd7bafe64cf8e4714cb4b9065f3a8400cfaeccf30,,data/provenance/rxte_processing/94044-05-01-00.json,89b6f678fede4264b5867841333f7af178e64117c876a450b81b9c4de101bf0a
94060-01-02-00,94060-01-02-00,94060-01-02-00,4u_1705_44,verified,https://heasarc.gsfc.nasa.gov/FTP/xte/data/archive/AO13/P94060/94060-01-02-00/stdprod/xp94060010200_s2.pha.gz,/Users/youhanwanigasuriya/Documents/New project/bh_ns_source_generalization/data/raw/rxte/94060-01-02-00/source-3102c193a6ad.bin,3102c193a6ad1c89901ec46cd52a8e0e86fa548bab49c2e933e04442e4a11ca3,data/processed/native/94060-01-02-00.npz,03cb340178e962071f55c12ff83b4a0434147903ef5194d10977eae52627a569,2026-09-22T11:07:06.659314+00:00,PCA_OGIP_RATE43_OVERLAP_V1,PCA_OGIP_RATE43_OVERLAP_V1,data/raw/rxte/94060-01-02-00/acquisition.json,verified,recorded count/s/selected PCU/output bin,recorded count/s/selected PCU/output bin,Propagated archive statistical covariance; calibration/background systematics excluded,no artificial replacements,,9e60183c9329feead7bb76e100395290767cc263a7b3a2cfc5795f738fdabf8b,,data/provenance/rxte_processing/94060-01-02-00.json,4ed3ab7e3b301ec496847ca8e13e44100f68cecefacaae354dba11e68e1f0066
94060-01-15-00,94060-01-15-00,94060-01-15-00,4u_1705_44,verified,https://heasarc.gsfc.nasa.gov/FTP/xte/data/archive/AO13/P94060/94060-01-15-00/stdprod/xp94060011500_s2.pha.gz,/Users/youhanwanigasuriya/Documents/New project/bh_ns_source_generalization/data/raw/rxte/94060-01-15-00/source-22801c009433.bin,22801c009433e11ec4f3338750e73371b0a271c6d9ebc58447203435e8e3579e,data/processed/native/94060-01-15-00.npz,e0e6e113db493b5bb0cd1d5de41413b5a0f4a52685f69b7979f4656a57398bdd,2026-09-22T10:55:49.197427+00:00,PCA_OGIP_RATE43_OVERLAP_V1,PCA_OGIP_RATE43_OVERLAP_V1,data/raw/rxte/94060-01-15-00/acquisition.json,verified,recorded count/s/selected PCU/output bin,recorded count/s/selected PCU/output bin,Propagated archive statistical covariance; calibration/background systematics excluded,no artificial replacements,,0edd0a946fb7f8a1d62471a016b2ec7ad6bc00e3a9fceb2bc24e1b40daf6af60,,data/provenance/rxte_processing/94060-01-15-00.json,78a77ece75fe1fc6b9fced7a024d0eb826441db0f260d5cdc2772a971e39e379
94060-01-30-00,94060-01-30-00,94060-01-30-00,4u_1705_44,verified,https://heasarc.gsfc.nasa.gov/FTP/xte/data/archive/AO13/P94060/94060-01-30-00/stdprod/xp94060013000_s2.pha.gz,/Users/youhanwanigasuriya/Documents/New project/bh_ns_source_generalization/data/raw/rxte/94060-01-30-00/source-27325765a25e.bin,27325765a25eb44d6cb86efd3a94578c1a32cef5c495d97821f25f827098f011,data/processed/native/94060-01-30-00.npz,5ba4985ebd4aa7c8f532f95df42e061154fa3f318d1887f5343cde21d873d501,2026-09-22T11:07:07.939324+00:00,PCA_OGIP_RATE43_OVERLAP_V1,PCA_OGIP_RATE43_OVERLAP_V1,data/raw/rxte/94060-01-30-00/acquisition.json,verified,recorded count/s/selected PCU/output bin,recorded count/s/selected PCU/output bin,Propagated archive statistical covariance; calibration/background systematics excluded,no artificial replacements,,46000123b38ff0d659fffbe63173709d80f07979accb11b2f4e863032d840960,,data/provenance/rxte_processing/94060-01-30-00.json,fafd87f27ab7b8b29c4499798fb8c1a93c11c194ae227bbab15bb1ccf3af12bd
94060-01-46-00,94060-01-46-00,94060-01-46-00,4u_1705_44,verified,https://heasarc.gsfc.nasa.gov/FTP/xte/data/archive/AO13/P94060/94060-01-46-00/stdprod/xp94060014600_s2.pha.gz,/Users/youhanwanigasuriya/Documents/New project/bh_ns_source_generalization/data/raw/rxte/94060-01-46-00/source-137879de1a5e.bin,137879de1a5e63ad9c888727bb05714fd030dc42c571249cae2c4b03a0f0165d,data/processed/native/94060-01-46-00.npz,a7ff3e84bcb876f72215c3fbbf38b35750c6db4cf5ac9f7a614dddda6ad33c08,2026-09-22T11:07:10.928747+00:00,PCA_OGIP_RATE43_OVERLAP_V1,PCA_OGIP_RATE43_OVERLAP_V1,data/raw/rxte/94060-01-46-00/acquisition.json,verified,recorded count/s/selected PCU/output bin,recorded count/s/selected PCU/output bin,Propagated archive statistical covariance; calibration/background systematics excluded,no artificial replacements,,a7a7451b2581a5b480aa6481c69fe0d462eeaaf404c8f5ac963e6c53d3322c9a,,data/provenance/rxte_processing/94060-01-46-00.json,22fa11c891848eb0ae7510fa55388aae6a94cf905f9904879dc7fe4aecaf506f
94060-01-61-00,94060-01-61-00,94060-01-61-00,4u_1705_44,verified,https://heasarc.gsfc.nasa.gov/FTP/xte/data/archive/AO13/P94060/94060-01-61-00/stdprod/xp94060016100_s2.pha.gz,/Users/youhanwanigasuriya/Documents/New project/bh_ns_source_generalization/data/raw/rxte/94060-01-61-00/source-26f39ec5d401.bin,26f39ec5d401592bab3bf785c8ebaacdbc0a5dd7556c09a57efe12b68b7e764d,data/processed/native/94060-01-61-00.npz,4bc697fb1e03dce2f077c9fa7e5545058194aefde8c7260dda5cba5a7092c122,2026-09-22T11:07:11.929089+00:00,PCA_OGIP_RATE43_OVERLAP_V1,PCA_OGIP_RATE43_OVERLAP_V1,data/raw/rxte/94060-01-61-00/acquisition.json,verified,recorded count/s/selected PCU/output bin,recorded count/s/selected PCU/output bin,Propagated archive statistical covariance; calibration/background systematics excluded,no artificial replacements,,a42f73ec1eaf8d218ebec353c84492102aacfb8b3e735b16a038c0cb8364cc6e,,data/provenance/rxte_processing/94060-01-61-00.json,39797219a7f8fe10da8835d3aa1413172fec7f668b2fab68066c829405fff331
94076-01-04-07,94076-01-04-07,94076-01-04-07,aql_x_1,verified,https://heasarc.gsfc.nasa.gov/FTP/xte/data/archive/AO13/P94076/94076-01-04-07/stdprod/xp94076010407_s2.pha.gz,/Users/youhanwanigasuriya/Documents/New project/bh_ns_source_generalization/data/raw/rxte/94076-01-04-07/source-4e3e6c69ce64.bin,4e3e6c69ce6402ed95cf39f288bd867515ceecbb797b9e3cc3b2047dd82e7e48,data/processed/native/94076-01-04-07.npz,9c0ec8199b8e9c9c25fe96980d40558992ec551105e819475f4b49b4b8161f6a,2026-09-22T11:10:31.062666+00:00,PCA_OGIP_RATE43_OVERLAP_V1,PCA_OGIP_RATE43_OVERLAP_V1,data/raw/rxte/94076-01-04-07/acquisition.json,verified,recorded count/s/selected PCU/output bin,recorded count/s/selected PCU/output bin,Propagated archive statistical covariance; calibration/background systematics excluded,no artificial replacements,,7d9b4c56f2fc50556b35db5c06061f5a02558726567bd7148f82de72c30124f2,,data/provenance/rxte_processing/94076-01-04-07.json,5941b12678470d0ae9135740ebc46c004b6a260da2e3f31ba67e0c75580b57e4
94087-01-10-00,94087-01-10-00,94087-01-10-00,4u_1636_536,verified,https://heasarc.gsfc.nasa.gov/FTP/xte/data/archive/AO13/P94087/94087-01-10-00/stdprod/xp94087011000_s2.pha.gz,/Users/youhanwanigasuriya/Documents/New project/bh_ns_source_generalization/data/raw/rxte/94087-01-10-00/source-e9f3f1fbffac.bin,e9f3f1fbffac6382571905509759ced2cf3289b14c0bc252a26883b74519461f,data/processed/native/94087-01-10-00.npz,edff5a8b578d8702e141282720aae08c6ee3336dc897b9b7cd237f76d28bd6b9,2026-09-22T11:05:32.669518+00:00,PCA_OGIP_RATE43_OVERLAP_V1,PCA_OGIP_RATE43_OVERLAP_V1,data/raw/rxte/94087-01-10-00/acquisition.json,verified,recorded count/s/selected PCU/output bin,recorded count/s/selected PCU/output bin,Propagated archive statistical covariance; calibration/background systematics excluded,no artificial replacements,,9291c8cbc2b36b4dd2609bd7d4972a20d8db8059c54165d3cc8fe1f3fdd21332,,data/provenance/rxte_processing/94087-01-10-00.json,e07376e83979c29bfb8cd24be8cb3d6da11511f67e542e0e7c735af03c0e0a83
94087-01-47-10,94087-01-47-10,94087-01-47-10,4u_1636_536,verified,https://heasarc.gsfc.nasa.gov/FTP/xte/data/archive/AO13/P94087/94087-01-47-10/stdprod/xp94087014710_s2.pha.gz,/Users/youhanwanigasuriya/Documents/New project/bh_ns_source_generalization/data/raw/rxte/94087-01-47-10/source-88e3dbde73ff.bin,88e3dbde73ff0058b9279d96726f4c619a0bd887b93da604feecd00c49e4c013,data/processed/native/94087-01-47-10.npz,8491454330f8db1e92c1ed135aa12d17293c859c81dcff29c8450339370e5604,2026-09-22T11:05:37.526413+00:00,PCA_OGIP_RATE43_OVERLAP_V1,PCA_OGIP_RATE43_OVERLAP_V1,data/raw/rxte/94087-01-47-10/acquisition.json,verified,recorded count/s/selected PCU/output bin,recorded count/s/selected PCU/output bin,Propagated archive statistical covariance; calibration/background systematics excluded,no artificial replacements,,591ca2cb0aa3184cae0b7ad233b942273118209da2abc63823cb789eb0065f8a,,data/provenance/rxte_processing/94087-01-47-10.json,451e4f0648df923cdf6af0af3772363ee102ec22cadb35470c3238589de78641
94087-01-49-00,94087-01-49-00,94087-01-49-00,4u_1636_536,verified,https://heasarc.gsfc.nasa.gov/FTP/xte/data/archive/AO13/P94087/94087-01-49-00/stdprod/xp94087014900_s2.pha.gz,/Users/youhanwanigasuriya/Documents/New project/bh_ns_source_generalization/data/raw/rxte/94087-01-49-00/source-30379fe9ffb2.bin,30379fe9ffb28baa193ecab5a0b96a8a47a3adcce4c43e67f6af3187c94fb494,data/processed/native/94087-01-49-00.npz,c62d16551926ddd154b6375a79c6a580647bb9b2b814b99b5bf0f5ab94bf71fa,2026-09-22T11:05:33.301973+00:00,PCA_OGIP_RATE43_OVERLAP_V1,PCA_OGIP_RATE43_OVERLAP_V1,data/raw/rxte/94087-01-49-00/acquisition.json,verified,recorded count/s/selected PCU/output bin,recorded count/s/selected PCU/output bin,Propagated archive statistical covariance; calibration/background systematics excluded,no artificial replacements,,0edd0a946fb7f8a1d62471a016b2ec7ad6bc00e3a9fceb2bc24e1b40daf6af60,,data/provenance/rxte_processing/94087-01-49-00.json,ae893a8e8043ce9266664b7487222afcfc1f73e837c8dbd2a5bc6628b4f1847a
94087-01-94-00,94087-01-94-00,94087-01-94-00,4u_1636_536,verified,https://heasarc.gsfc.nasa.gov/FTP/xte/data/archive/AO13/P94087/94087-01-94-00/stdprod/xp94087019400_s2.pha.gz,/Users/youhanwanigasuriya/Documents/New project/bh_ns_source_generalization/data/raw/rxte/94087-01-94-00/source-b538c4fe0899.bin,b538c4fe0899cae9c619435c8fc0f0865426d8eb4297274975c4f5645ed7c9c6,data/processed/native/94087-01-94-00.npz,337fe976de2d969194928ab69af80418074fda2f0c8162fada12dd4c62dc7c45,2026-09-22T11:05:36.010839+00:00,PCA_OGIP_RATE43_OVERLAP_V1,PCA_OGIP_RATE43_OVERLAP_V1,data/raw/rxte/94087-01-94-00/acquisition.json,verified,recorded count/s/selected PCU/output bin,recorded count/s/selected PCU/output bin,Propagated archive statistical covariance; calibration/background systematics excluded,no artificial replacements,,33ac73532b848e458e2f11545bbe35cf69efd7ca6a9c9e5ec5c19c48fc14f8b6,,data/provenance/rxte_processing/94087-01-94-00.json,2e6ebeddc621dc23a23a5f0c01584cd4ab92db8ec82e8d04d1bcb9dde9893477
94401-01-01-01,94401-01-01-01,94401-01-01-01,4u_1608_522,verified,https://heasarc.gsfc.nasa.gov/FTP/xte/data/archive/AO13/P94401/94401-01-01-01/stdprod/xp94401010101_s2.pha.gz,/Users/youhanwanigasuriya/Documents/New project/bh_ns_source_generalization/data/raw/rxte/94401-01-01-01/source-7e2933900f4b.bin,7e2933900f4b0f255a93da9fba8249a1a4f837092d07d91ad83e85b770f76cf7,data/processed/native/94401-01-01-01.npz,bb1be872e730d6f1b13757345908333aef4707f91ef509663014c798e77d7694,2026-09-22T11:04:48.006375+00:00,PCA_OGIP_RATE43_OVERLAP_V1,PCA_OGIP_RATE43_OVERLAP_V1,data/raw/rxte/94401-01-01-01/acquisition.json,verified,recorded count/s/selected PCU/output bin,recorded count/s/selected PCU/output bin,Propagated archive statistical covariance; calibration/background systematics excluded,no artificial replacements,,1fff8c34d92f5155d2eea5e76a9e9647c76712d051d931be5f2421ed41b40d96,,data/provenance/rxte_processing/94401-01-01-01.json,cfd78b0b239ca7e15fedb92f4b46f8ecce35cd6dd9c0c5ae704f758540e2447f
94401-01-18-00,94401-01-18-00,94401-01-18-00,4u_1608_522,verified,https://heasarc.gsfc.nasa.gov/FTP/xte/data/archive/AO13/P94401/94401-01-18-00/stdprod/xp94401011800_s2.pha.gz,/Users/youhanwanigasuriya/Documents/New project/bh_ns_source_generalization/data/raw/rxte/94401-01-18-00/source-cae93ab9da12.bin,cae93ab9da12c1bd2b5ab6eb386f9fe032062f9b034615b8aa74bd562102ac45,data/processed/native/94401-01-18-00.npz,94ab061f0d6c192017cdbaabdd66c228fa72c9c5e0bf37e85ab38e765d2330ce,2026-09-22T11:04:51.325289+00:00,PCA_OGIP_RATE43_OVERLAP_V1,PCA_OGIP_RATE43_OVERLAP_V1,data/raw/rxte/94401-01-18-00/acquisition.json,verified,recorded count/s/selected PCU/output bin,recorded count/s/selected PCU/output bin,Propagated archive statistical covariance; calibration/background systematics excluded,no artificial replacements,,6a4fade6edd6791dc95ef212620ebfb2c972f42811be7bbda7c7e236b68c6114,,data/provenance/rxte_processing/94401-01-18-00.json,84259ccabbd401d927c8295ce6736d494a5e75ef33bd3e6dce713ebb5e831a67
94401-01-34-00,94401-01-34-00,94401-01-34-00,4u_1608_522,verified,https://heasarc.gsfc.nasa.gov/FTP/xte/data/archive/AO13/P94401/94401-01-34-00/stdprod/xp94401013400_s2.pha.gz,/Users/youhanwanigasuriya/Documents/New project/bh_ns_source_generalization/data/raw/rxte/94401-01-34-00/source-790dc4ed57bc.bin,790dc4ed57bc7fdf343072ad83689c0bb6ab5eca697793e5e0695711d3eeb051,data/processed/native/94401-01-34-00.npz,585ec490d7dac197dbe80bcae10594536a6bf93109e2a00b51d0e79eb88e5412,2026-09-22T11:04:51.699449+00:00,PCA_OGIP_RATE43_OVERLAP_V1,PCA_OGIP_RATE43_OVERLAP_V1,data/raw/rxte/94401-01-34-00/acquisition.json,verified,recorded count/s/selected PCU/output bin,recorded count/s/selected PCU/output bin,Propagated archive statistical covariance; calibration/background systematics excluded,no artificial replacements,,45cba8b74b9f463ecfedfb17c9c341e2dd79c6b148338ea460ed6fc756f84eff,,data/provenance/rxte_processing/94401-01-34-00.json,c5fab16ef63486f6902a11b498a9e91c67b0b0cdc97a041844323b2b67b7067e
94404-01-07-00,94404-01-07-00,94404-01-07-00,4u_0614_09,verified,https://heasarc.gsfc.nasa.gov/FTP/xte/data/archive/AO13/P94404/94404-01-07-00/stdprod/xp94404010700_s2.pha.gz,/Users/youhanwanigasuriya/Documents/New project/bh_ns_source_generalization/data/raw/rxte/94404-01-07-00/source-59bf4cd9f250.bin,59bf4cd9f250cb269cd76d443a33c08138d73c2577cf6a7c3abcab3d3bf80eac,data/processed/native/94404-01-07-00.npz,ef69dcfa3e5e7173273fe9fd9201d8bb89c2ecc20a30f4e396c412491a5681bf,2026-09-22T11:03:05.696647+00:00,PCA_OGIP_RATE43_OVERLAP_V1,PCA_OGIP_RATE43_OVERLAP_V1,data/raw/rxte/94404-01-07-00/acquisition.json,verified,recorded count/s/selected PCU/output bin,recorded count/s/selected PCU/output bin,Propagated archive statistical covariance; calibration/background systematics excluded,no artificial replacements,,a42f73ec1eaf8d218ebec353c84492102aacfb8b3e735b16a038c0cb8364cc6e,,data/provenance/rxte_processing/94404-01-07-00.json,12f0808f36a32a5bf1c7fe716d7c39450dd21968fdd13e531b20510e18113e99
94408-01-03-01,94408-01-03-01,94408-01-03-01,igr_j00291_5934,verified,https://heasarc.gsfc.nasa.gov/FTP/xte/data/archive/AO13/P94408/94408-01-03-01/stdprod/xp94408010301_s2.pha.gz,/Users/youhanwanigasuriya/Documents/New project/bh_ns_source_generalization/data/raw/rxte/94408-01-03-01/source-3f2296d3bbd6.bin,3f2296d3bbd650d4bf15cfb75cbe0ebc824291427bdd467647fa6d7f5fbdcc6a,data/processed/native/94408-01-03-01.npz,b11abff96960d933cf069d7185e970c946a8407c2c6b74bd55fd76d29d397739,2026-09-22T11:13:55.767151+00:00,PCA_OGIP_RATE43_OVERLAP_V1,PCA_OGIP_RATE43_OVERLAP_V1,data/raw/rxte/94408-01-03-01/acquisition.json,verified,recorded count/s/selected PCU/output bin,recorded count/s/selected PCU/output bin,Propagated archive statistical covariance; calibration/background systematics excluded,no artificial replacements,,13bdef9a4cf196ad2425ca9662b17ee98b57d7deea52ac2f216c825b60322dc8,,data/provenance/rxte_processing/94408-01-03-01.json,0e616ffc8b98beaa1c6f6e44aaaf189677d2d89061ef19b613a24ae92c7d0720
94408-01-11-00,94408-01-11-00,94408-01-11-00,igr_j00291_5934,verified,https://heasarc.gsfc.nasa.gov/FTP/xte/data/archive/AO13/P94408/94408-01-11-00/stdprod/xp94408011100_s2.pha.gz,/Users/youhanwanigasuriya/Documents/New project/bh_ns_source_generalization/data/raw/rxte/94408-01-11-00/source-5fac73e47bff.bin,5fac73e47bff8363e2e485311017c8fd66ac5e6f9d8c6f5d5626ccd8a2ea6dc7,data/processed/native/94408-01-11-00.npz,bdec83d903dc28d8d0b58d7474ab5c177c1ddc108ab850dc3869a65cf91681b2,2026-09-22T11:13:56.964348+00:00,PCA_OGIP_RATE43_OVERLAP_V1,PCA_OGIP_RATE43_OVERLAP_V1,data/raw/rxte/94408-01-11-00/acquisition.json,verified,recorded count/s/selected PCU/output bin,recorded count/s/selected PCU/output bin,Propagated archive statistical covariance; calibration/background systematics excluded,no artificial replacements,,6aa5c9203132e5e064fb1192a4a9a4feaa487424ec45bf07e40b72fc0cba24b0,,data/provenance/rxte_processing/94408-01-11-00.json,1524c7a96bac77f45aaab28f3dc227e59402294cc528db4cb48d0032063a1fba
94408-01-18-01,94408-01-18-01,94408-01-18-01,igr_j00291_5934,verified,https://heasarc.gsfc.nasa.gov/FTP/xte/data/archive/AO13/P94408/94408-01-18-01/stdprod/xp94408011801_s2.pha.gz,/Users/youhanwanigasuriya/Documents/New project/bh_ns_source_generalization/data/raw/rxte/94408-01-18-01/source-283149ed988b.bin,283149ed988ba77f904eb7b1785144ae63aa9e1264655cd0cb685c6323d10e13,data/processed/native/94408-01-18-01.npz,30f2513a0d82047ee7086bed7a369ce670d6184424abc39097e5184007cf0c61,2026-09-22T11:14:01.005872+00:00,PCA_OGIP_RATE43_OVERLAP_V1,PCA_OGIP_RATE43_OVERLAP_V1,data/raw/rxte/94408-01-18-01/acquisition.json,verified,recorded count/s/selected PCU/output bin,recorded count/s/selected PCU/output bin,Propagated archive statistical covariance; calibration/background systematics excluded,no artificial replacements,,1ef00742e799054fa4eb508e9bc35e825cc009562b723c5518aa84299ce2d3b7,,data/provenance/rxte_processing/94408-01-18-01.json,792b0f73829ba2298d2175c2aa450302cae08580e77124bac6984d2cebeec794
94408-01-26-00,94408-01-26-00,94408-01-26-00,igr_j00291_5934,verified,https://heasarc.gsfc.nasa.gov/FTP/xte/data/archive/AO13/P94408/94408-01-26-00/stdprod/xp94408012600_s2.pha.gz,/Users/youhanwanigasuriya/Documents/New project/bh_ns_source_generalization/data/raw/rxte/94408-01-26-00/source-7cffaf069d9a.bin,7cffaf069d9ab37f7ff1c462ac4e28a087d2707d4faf60e920d5805e012dd397,data/processed/native/94408-01-26-00.npz,0ffe9d98c1664afa4e44741aa6d1f85c0894c86c1b9edff4fd778ad2c917ad9e,2026-09-22T11:14:04.946418+00:00,PCA_OGIP_RATE43_OVERLAP_V1,PCA_OGIP_RATE43_OVERLAP_V1,data/raw/rxte/94408-01-26-00/acquisition.json,verified,recorded count/s/selected PCU/output bin,recorded count/s/selected PCU/output bin,Propagated archive statistical covariance; calibration/background systematics excluded,no artificial replacements,,25eb03ec8fcc6c680a50e89a62c3964110b6125d1c59fd4338fbf1a8d5f2ef5b,,data/provenance/rxte_processing/94408-01-26-00.json,e731b36a380b02d78e6b592552e3ef50e110608e91dea95afa697072a659c0d5
94408-01-33-01,94408-01-33-01,94408-01-33-01,igr_j00291_5934,verified,https://heasarc.gsfc.nasa.gov/FTP/xte/data/archive/AO13/P94408/94408-01-33-01/stdprod/xp94408013301_s2.pha.gz,/Users/youhanwanigasuriya/Documents/New project/bh_ns_source_generalization/data/raw/rxte/94408-01-33-01/source-7bfb168e21d8.bin,7bfb168e21d8e1a9214489d43130c557ffb40b21f333e494571b9b08e4b842ca,data/processed/native/94408-01-33-01.npz,a8305f96677c8c7e25198248932bad5e8036e4ccbc9b65d835804f6c185951d2,2026-09-22T11:14:06.163501+00:00,PCA_OGIP_RATE43_OVERLAP_V1,PCA_OGIP_RATE43_OVERLAP_V1,data/raw/rxte/94408-01-33-01/acquisition.json,verified,recorded count/s/selected PCU/output bin,recorded count/s/selected PCU/output bin,Propagated archive statistical covariance; calibration/background systematics excluded,no artificial replacements,,8bbf11591eeaab6fb322e756982edaf278ed24db74d4559543e889d4d1198ca4,,data/provenance/rxte_processing/94408-01-33-01.json,ce7b2b22e443f1971879b27ecc380e68c4a32bebb035a6cef3287b522d4c8439
94408-01-41-00,94408-01-41-00,94408-01-41-00,igr_j00291_5934,verified,https://heasarc.gsfc.nasa.gov/FTP/xte/data/archive/AO13/P94408/94408-01-41-00/stdprod/xp94408014100_s2.pha.gz,/Users/youhanwanigasuriya/Documents/New project/bh_ns_source_generalization/data/raw/rxte/94408-01-41-00/source-217495955493.bin,217495955493b8b69601c6a2d5c4abdeb7ced1b83bfc90fe453328a44c1adb2f,data/processed/native/94408-01-41-00.npz,baf16235ad11a8e866df4ece1d12f8a12df7a03644da314da3a752661e284f9d,2026-09-22T10:56:28.415994+00:00,PCA_OGIP_RATE43_OVERLAP_V1,PCA_OGIP_RATE43_OVERLAP_V1,data/raw/rxte/94408-01-41-00/acquisition.json,verified,recorded count/s/selected PCU/output bin,recorded count/s/selected PCU/output bin,Propagated archive statistical covariance; calibration/background systematics excluded,no artificial replacements,,f4d739566f08d1fd51b2a457d8dafbc32b5a42af9ab16fbbcde0c31b08cea2d5,,data/provenance/rxte_processing/94408-01-41-00.json,d7b7dab75afcf915717114f162ba4f8dac8204ed402e96ea23144bbeaa6e18b0
94408-01-49-01,94408-01-49-01,94408-01-49-01,igr_j00291_5934,verified,https://heasarc.gsfc.nasa.gov/FTP/xte/data/archive/AO13/P94408/94408-01-49-01/stdprod/xp94408014901_s2.pha.gz,/Users/youhanwanigasuriya/Documents/New project/bh_ns_source_generalization/data/raw/rxte/94408-01-49-01/source-32cadd446f80.bin,32cadd446f8048b1f2a367fdb8e332504b2eca07c3f1b25015fef5523e7f082e,data/processed/native/94408-01-49-01.npz,4943d62a9e240dfce64aff8de9e8adbf58313e6c20e4b4789faa93c5226635cf,2026-09-22T11:14:07.393200+00:00,PCA_OGIP_RATE43_OVERLAP_V1,PCA_OGIP_RATE43_OVERLAP_V1,data/raw/rxte/94408-01-49-01/acquisition.json,verified,recorded count/s/selected PCU/output bin,recorded count/s/selected PCU/output bin,Propagated archive statistical covariance; calibration/background systematics excluded,no artificial replacements,,e96d7d84a727c5035fa8fb5aa5a3e8eec5f737122966141527f998c0a1b373bd,,data/provenance/rxte_processing/94408-01-49-01.json,e7cb23e5adb0356ebe8ea6b846331aaad0db3a749044e5ab2ffb642b6337c8f0
94415-01-01-01,94415-01-01-01,94415-01-01-01,4u_1702_429,verified,https://heasarc.gsfc.nasa.gov/FTP/xte/data/archive/AO13/P94415/94415-01-01-01/stdprod/xp94415010101_s2.pha.gz,/Users/youhanwanigasuriya/Documents/New project/bh_ns_source_generalization/data/raw/rxte/94415-01-01-01/source-5b82131136fb.bin,5b82131136fbd80eac8e1ba2890b480c4a04c8724b5b4441ecece2f1f89e1f9c,data/processed/native/94415-01-01-01.npz,755d05156b976a5259df138dd2e60615c3dcc2b417094b7439350723ed3f954d,2026-09-22T11:06:40.707987+00:00,PCA_OGIP_RATE43_OVERLAP_V1,PCA_OGIP_RATE43_OVERLAP_V1,data/raw/rxte/94415-01-01-01/acquisition.json,verified,recorded count/s/selected PCU/output bin,recorded count/s/selected PCU/output bin,Propagated archive statistical covariance; calibration/background systematics excluded,no artificial replacements,,920c1e80e60e05ec93650aba42114fb7fac27f72bdfaf85c576305e998a7ebab,,data/provenance/rxte_processing/94415-01-01-01.json,2301d4b6fc8817da0c21b6d1489f89e9295e4e55d40a041aff0fc66567b90854
94415-01-02-01,94415-01-02-01,94415-01-02-01,4u_1702_429,verified,https://heasarc.gsfc.nasa.gov/FTP/xte/data/archive/AO13/P94415/94415-01-02-01/stdprod/xp94415010201_s2.pha.gz,/Users/youhanwanigasuriya/Documents/New project/bh_ns_source_generalization/data/raw/rxte/94415-01-02-01/source-1a0751169160.bin,1a07511691600c4ad3d80c389f9304a138929dca81bb73e9941003ad87d4c206,data/processed/native/94415-01-02-01.npz,80a2824a79918423c028cd776cb5e39391e4b602d367b3fd9f33d76388d2d853,2026-09-22T11:06:41.742254+00:00,PCA_OGIP_RATE43_OVERLAP_V1,PCA_OGIP_RATE43_OVERLAP_V1,data/raw/rxte/94415-01-02-01/acquisition.json,verified,recorded count/s/selected PCU/output bin,recorded count/s/selected PCU/output bin,Propagated archive statistical covariance; calibration/background systematics excluded,no artificial replacements,,1af99b6caadbe07eb0206e3635c8d1d3e0100cf44b7d77f65be3324cd7c9ded0,,data/provenance/rxte_processing/94415-01-02-01.json,7b45fb2dcf05c9ba38361e6b410d0f615a9c6090daf822e42ac7d94ed9ebbf2a
94441-01-01-02,94441-01-01-02,94441-01-01-02,aql_x_1,verified,https://heasarc.gsfc.nasa.gov/FTP/xte/data/archive/AO13/P94441/94441-01-01-02/stdprod/xp94441010102_s2.pha.gz,/Users/youhanwanigasuriya/Documents/New project/bh_ns_source_generalization/data/raw/rxte/94441-01-01-02/source-fc25021a992e.bin,fc25021a992ee0b98e055cf182462daf96d6e4f9ceb2ca3a15cf14fce1979f55,data/processed/native/94441-01-01-02.npz,9739372f735d59d65856b8d194507dcc254b3834be3df315a8e1204ce5dc088a,2026-09-22T11:10:32.003527+00:00,PCA_OGIP_RATE43_OVERLAP_V1,PCA_OGIP_RATE43_OVERLAP_V1,data/raw/rxte/94441-01-01-02/acquisition.json,verified,recorded count/s/selected PCU/output bin,recorded count/s/selected PCU/output bin,Propagated archive statistical covariance; calibration/background systematics excluded,no artificial replacements,,c436b2e4c1e9403b03d326f929ff4c112297d0036c023f10ddcb1c6dff33bb2e,,data/provenance/rxte_processing/94441-01-01-02.json,08e3f78002e7b2d6538f518c2fa877acf3c4b2ad1bd5940d2e1380456b930f11
95030-01-05-00,95030-01-05-00,95030-01-05-00,hete_j1900_1_2455,verified,https://heasarc.gsfc.nasa.gov/FTP/xte/data/archive/AO14/P95030/95030-01-05-00/stdprod/xp95030010500_s2.pha.gz,/Users/youhanwanigasuriya/Documents/New project/bh_ns_source_generalization/data/raw/rxte/95030-01-05-00/source-518dcca2b400.bin,518dcca2b4003525e7fde9d58b4756d0a4c0883a7a7b828e8e1a605b985eb3c1,data/processed/native/95030-01-05-00.npz,05ea54ef6855f743dce6ca7918a254979abd11354f584e57c1144b54939d0309,2026-09-22T11:13:23.261976+00:00,PCA_OGIP_RATE43_OVERLAP_V1,PCA_OGIP_RATE43_OVERLAP_V1,data/raw/rxte/95030-01-05-00/acquisition.json,verified,recorded count/s/selected PCU/output bin,recorded count/s/selected PCU/output bin,Propagated archive statistical covariance; calibration/background systematics excluded,no artificial replacements,,7e6fbcd20f5201e42ba4b6ae70f22f0f0ee121693c3f0fe80fe4cc3938196401,,data/provenance/rxte_processing/95030-01-05-00.json,85c9dd9b19d4c281690c880b892b2c64fe20030bc4e47b2287782ba26c350c45
95030-01-16-00,95030-01-16-00,95030-01-16-00,hete_j1900_1_2455,verified,https://heasarc.gsfc.nasa.gov/FTP/xte/data/archive/AO14/P95030/95030-01-16-00/stdprod/xp95030011600_s2.pha.gz,/Users/youhanwanigasuriya/Documents/New project/bh_ns_source_generalization/data/raw/rxte/95030-01-16-00/source-166a40673e44.bin,166a40673e446f21e24527586e5ce55776aed5385d9fd8e29a9bd5d0786cde9a,data/processed/native/95030-01-16-00.npz,c2f9f1c834d8c977d9354a3e6cc959057066c31898cf65fda9306f9e90f37689,2026-09-22T11:13:26.889550+00:00,PCA_OGIP_RATE43_OVERLAP_V1,PCA_OGIP_RATE43_OVERLAP_V1,data/raw/rxte/95030-01-16-00/acquisition.json,verified,recorded count/s/selected PCU/output bin,recorded count/s/selected PCU/output bin,Propagated archive statistical covariance; calibration/background systematics excluded,no artificial replacements,,ee99d2a7472ef558261b794f8812127ac76a596f3e3338b514b0b82f998d3c6e,,data/provenance/rxte_processing/95030-01-16-00.json,aca8fbb94640e9ee0dbf8767e7dd07ea6a351059dce7871e0ef6709b75e1c8a6
95030-01-27-00,95030-01-27-00,95030-01-27-00,hete_j1900_1_2455,verified,https://heasarc.gsfc.nasa.gov/FTP/xte/data/archive/AO14/P95030/95030-01-27-00/stdprod/xp95030012700_s2.pha.gz,/Users/youhanwanigasuriya/Documents/New project/bh_ns_source_generalization/data/raw/rxte/95030-01-27-00/source-7c93aa949b6a.bin,7c93aa949b6ac4c275727f055aad85e6afb3f56abfed65fa36708fd80f503f7a,data/processed/native/95030-01-27-00.npz,8a06ccf9a01dad771787c6d59cf11f91eab5269673b11cf26027e7ad2d120b3f,2026-09-22T11:13:28.578625+00:00,PCA_OGIP_RATE43_OVERLAP_V1,PCA_OGIP_RATE43_OVERLAP_V1,data/raw/rxte/95030-01-27-00/acquisition.json,verified,recorded count/s/selected PCU/output bin,recorded count/s/selected PCU/output bin,Propagated archive statistical covariance; calibration/background systematics excluded,no artificial replacements,,0db0f95f899de7d127e9f72072061abdd5146744b28c70928439c1d58d116cb7,,data/provenance/rxte_processing/95030-01-27-00.json,ba6d286e7563d19aac930a62e799a4fceeb60c8d5c222c6bd132a78185a85837
95030-01-40-00,95030-01-40-00,95030-01-40-00,hete_j1900_1_2455,verified,https://heasarc.gsfc.nasa.gov/FTP/xte/data/archive/AO14/P95030/95030-01-40-00/stdprod/xp95030014000_s2.pha.gz,/Users/youhanwanigasuriya/Documents/New project/bh_ns_source_generalization/data/raw/rxte/95030-01-40-00/source-44e7f624de46.bin,44e7f624de464aa7032092c3d7742f7bd84f2425bdedc24e1d76a7952c0e8b51,data/processed/native/95030-01-40-00.npz,746dfd6ab54d49290bb94741075fd7783d13b5327e79d68abc6a9d85a120924e,2026-09-22T11:13:28.590020+00:00,PCA_OGIP_RATE43_OVERLAP_V1,PCA_OGIP_RATE43_OVERLAP_V1,data/raw/rxte/95030-01-40-00/acquisition.json,verified,recorded count/s/selected PCU/output bin,recorded count/s/selected PCU/output bin,Propagated archive statistical covariance; calibration/background systematics excluded,no artificial replacements,,70234508e41fde01a85e7071d2bbd8c5587b5c203c23e10f0ff98f8a3f78538f,,data/provenance/rxte_processing/95030-01-40-00.json,4394f9212eade97345410971f04679895d92df0dee0bbb9387d401d428651b4b
95060-01-07-00,95060-01-07-00,95060-01-07-00,4u_1705_44,verified,https://heasarc.gsfc.nasa.gov/FTP/xte/data/archive/AO14/P95060/95060-01-07-00/stdprod/xp95060010700_s2.pha.gz,/Users/youhanwanigasuriya/Documents/New project/bh_ns_source_generalization/data/raw/rxte/95060-01-07-00/source-554e10ed14f1.bin,554e10ed14f1a1b64dfd3b2d6ec779db38ae1b5326f9246c6837d31e45927a5e,data/processed/native/95060-01-07-00.npz,6bd4e43a174d21da7560c667560b67d106b08be2e270d67c6d3c689eb3cadbea,2026-09-22T11:07:12.817490+00:00,PCA_OGIP_RATE43_OVERLAP_V1,PCA_OGIP_RATE43_OVERLAP_V1,data/raw/rxte/95060-01-07-00/acquisition.json,verified,recorded count/s/selected PCU/output bin,recorded count/s/selected PCU/output bin,Propagated archive statistical covariance; calibration/background systematics excluded,no artificial replacements,,b7b0e099fec1e92a39399efee3e1715dce3edd08c59035a30efb35d5f8ff4978,,data/provenance/rxte_processing/95060-01-07-00.json,bfd64b245ea4360a51a1a307cd04020e62bcb4182512ae5b746f077e513d6435
95060-01-22-00,95060-01-22-00,95060-01-22-00,4u_1705_44,verified,https://heasarc.gsfc.nasa.gov/FTP/xte/data/archive/AO14/P95060/95060-01-22-00/stdprod/xp95060012200_s2.pha.gz,/Users/youhanwanigasuriya/Documents/New project/bh_ns_source_generalization/data/raw/rxte/95060-01-22-00/source-cbd1cb876bee.bin,cbd1cb876beed6ad1b6d98ca490ce1aeba4ce25c2773b35882a1e73d9431dfac,data/processed/native/95060-01-22-00.npz,ce42c951b20106d7f462c215781525f4d6375e10dd0e5434eb83fcf0a8b6e877,2026-09-22T11:07:15.549594+00:00,PCA_OGIP_RATE43_OVERLAP_V1,PCA_OGIP_RATE43_OVERLAP_V1,data/raw/rxte/95060-01-22-00/acquisition.json,verified,recorded count/s/selected PCU/output bin,recorded count/s/selected PCU/output bin,Propagated archive statistical covariance; calibration/background systematics excluded,no artificial replacements,,61dfafa92d6c44f6858768afe27998bda8870d2113270b46aeedded368ba63e0,,data/provenance/rxte_processing/95060-01-22-00.json,f27dd1074788b7a5b0a1f560ba6d6626e10749470662fd60b4721fda3beb39d5
95060-01-36-00,95060-01-36-00,95060-01-36-00,4u_1705_44,verified,https://heasarc.gsfc.nasa.gov/FTP/xte/data/archive/AO14/P95060/95060-01-36-00/stdprod/xp95060013600_s2.pha.gz,/Users/youhanwanigasuriya/Documents/New project/bh_ns_source_generalization/data/raw/rxte/95060-01-36-00/source-ec77cc89539f.bin,ec77cc89539fd4863ce677051224f3fdbfeeb8c94e2fdbc62934ddee237003ce,data/processed/native/95060-01-36-00.npz,bbb32fb9a3a61c4e891e04c3babb76e55da513b45b8f9fa6e764aae190f27d0f,2026-09-22T11:07:16.106917+00:00,PCA_OGIP_RATE43_OVERLAP_V1,PCA_OGIP_RATE43_OVERLAP_V1,data/raw/rxte/95060-01-36-00/acquisition.json,verified,recorded count/s/selected PCU/output bin,recorded count/s/selected PCU/output bin,Propagated archive statistical covariance; calibration/background systematics excluded,no artificial replacements,,a89f47ccba8cadbff4a91408927b30fee3a757ecebc1b4ac143dd2602125695b,,data/provenance/rxte_processing/95060-01-36-00.json,cb5118f4d1a922e86501b20d0d9e4b699b6e536548a314843dbe5f904a67f5c7
95060-01-50-00,95060-01-50-00,95060-01-50-00,4u_1705_44,verified,https://heasarc.gsfc.nasa.gov/FTP/xte/data/archive/AO14/P95060/95060-01-50-00/stdprod/xp95060015000_s2.pha.gz,/Users/youhanwanigasuriya/Documents/New project/bh_ns_source_generalization/data/raw/rxte/95060-01-50-00/source-99672eac868a.bin,99672eac868a12a0c21fa31d9a35ad4dbf1aa2fbd4216a6ec82a801ac33a53a4,data/processed/native/95060-01-50-00.npz,31fabc3d08c5a557021aef33c0dd63d7401e4477ab8c4fbf6b2e78b196bc2d89,2026-09-22T11:07:17.485907+00:00,PCA_OGIP_RATE43_OVERLAP_V1,PCA_OGIP_RATE43_OVERLAP_V1,data/raw/rxte/95060-01-50-00/acquisition.json,verified,recorded count/s/selected PCU/output bin,recorded count/s/selected PCU/output bin,Propagated archive statistical covariance; calibration/background systematics excluded,no artificial replacements,,0716a7da6d93f4364ddea859017680d21e0250fa84a2f108803a386e5f8847fb,,data/provenance/rxte_processing/95060-01-50-00.json,017d0b4fe838b7ac4b4ef8b1b686604239814514e2f4f643ddd10b0b7ce53295
95060-01-63-00,95060-01-63-00,95060-01-63-00,4u_1705_44,verified,https://heasarc.gsfc.nasa.gov/FTP/xte/data/archive/AO14/P95060/95060-01-63-00/stdprod/xp95060016300_s2.pha.gz,/Users/youhanwanigasuriya/Documents/New project/bh_ns_source_generalization/data/raw/rxte/95060-01-63-00/source-b08fab492244.bin,b08fab49224456d625eb8e84b72eb68b12f910f9e207dba3b92dbe95330faca2,data/processed/native/95060-01-63-00.npz,09086fa6577f2ae914259520af97d2b7797b13384b3b3bcd5a0ac86322ef8ff8,2026-09-22T11:07:20.605992+00:00,PCA_OGIP_RATE43_OVERLAP_V1,PCA_OGIP_RATE43_OVERLAP_V1,data/raw/rxte/95060-01-63-00/acquisition.json,verified,recorded count/s/selected PCU/output bin,recorded count/s/selected PCU/output bin,Propagated archive statistical covariance; calibration/background systematics excluded,no artificial replacements,,840e24cec2958504d1173e5698b4853a0d84f5e3ae26668a5e478ae48245e418,,data/provenance/rxte_processing/95060-01-63-00.json,1e28dafb278e7bf1a8782daf31908647a2883786910ad02541423c17c8617d3f
95060-01-77-00,95060-01-77-00,95060-01-77-00,4u_1705_44,verified,https://heasarc.gsfc.nasa.gov/FTP/xte/data/archive/AO14/P95060/95060-01-77-00/stdprod/xp95060017700_s2.pha.gz,/Users/youhanwanigasuriya/Documents/New project/bh_ns_source_generalization/data/raw/rxte/95060-01-77-00/source-e1b2700f5ebd.bin,e1b2700f5ebd593343fc80bdb30002ccb340b56e1ce0bbd89c9bdee22966332b,data/processed/native/95060-01-77-00.npz,5e231f3c98df41ccc3d4fb590b687620d55c48b3f1d5da2cc9aeb2f160cf929a,2026-09-22T11:07:21.530524+00:00,PCA_OGIP_RATE43_OVERLAP_V1,PCA_OGIP_RATE43_OVERLAP_V1,data/raw/rxte/95060-01-77-00/acquisition.json,verified,recorded count/s/selected PCU/output bin,recorded count/s/selected PCU/output bin,Propagated archive statistical covariance; calibration/background systematics excluded,no artificial replacements,,70234508e41fde01a85e7071d2bbd8c5587b5c203c23e10f0ff98f8a3f78538f,,data/provenance/rxte_processing/95060-01-77-00.json,e6600891f43d5eec991b7d9c27b2dfd750785e7a824c52c52fd86835515ef049
95087-01-15-00,95087-01-15-00,95087-01-15-00,4u_1636_536,verified,https://heasarc.gsfc.nasa.gov/FTP/xte/data/archive/AO14/P95087/95087-01-15-00/stdprod/xp95087011500_s2.pha.gz,/Users/youhanwanigasuriya/Documents/New project/bh_ns_source_generalization/data/raw/rxte/95087-01-15-00/source-ca4d0221740b.bin,ca4d0221740b32fa23f0330476d54823e4e08a81fa9d90486c13348faa736a92,data/processed/native/95087-01-15-00.npz,21d6806dbc47283d4e408dccb6dd523b94198bcb0e1177897b851f3b8d1d5629,2026-09-22T11:05:38.500001+00:00,PCA_OGIP_RATE43_OVERLAP_V1,PCA_OGIP_RATE43_OVERLAP_V1,data/raw/rxte/95087-01-15-00/acquisition.json,verified,recorded count/s/selected PCU/output bin,recorded count/s/selected PCU/output bin,Propagated archive statistical covariance; calibration/background systematics excluded,no artificial replacements,,4de951dbc93a04ac9d6f58ba0d692dee703a02cea360bf10875f3c312eef49e8,,data/provenance/rxte_processing/95087-01-15-00.json,bacb225fccdabae029be9dd1f7d84106cb50f1626e0333dd3f2783c8cd383552
95087-01-15-10,95087-01-15-10,95087-01-15-10,4u_1636_536,verified,https://heasarc.gsfc.nasa.gov/FTP/xte/data/archive/AO14/P95087/95087-01-15-10/stdprod/xp95087011510_s2.pha.gz,/Users/youhanwanigasuriya/Documents/New project/bh_ns_source_generalization/data/raw/rxte/95087-01-15-10/source-a126c73a9a62.bin,a126c73a9a6281df206756d531d3f8531b3268fd2c16e2355148e663362a3ebf,data/processed/native/95087-01-15-10.npz,794d65325812788e19ad21c306bc98e527ea55da8d7da3913038a0b97f057712,2026-09-22T11:05:43.699204+00:00,PCA_OGIP_RATE43_OVERLAP_V1,PCA_OGIP_RATE43_OVERLAP_V1,data/raw/rxte/95087-01-15-10/acquisition.json,verified,recorded count/s/selected PCU/output bin,recorded count/s/selected PCU/output bin,Propagated archive statistical covariance; calibration/background systematics excluded,no artificial replacements,,723b0290c9f9bc8094db6f93bd2d4843c71703662adffa721cc7938b6d7e1640,,data/provenance/rxte_processing/95087-01-15-10.json,791d3946f8e09659f2f26b0baf61b415a8102816edf5faa52887830b927e9bc5
95087-01-71-00,95087-01-71-00,95087-01-71-00,4u_1636_536,verified,https://heasarc.gsfc.nasa.gov/FTP/xte/data/archive/AO14/P95087/95087-01-71-00/stdprod/xp95087017100_s2.pha.gz,/Users/youhanwanigasuriya/Documents/New project/bh_ns_source_generalization/data/raw/rxte/95087-01-71-00/source-c724d890fca0.bin,c724d890fca0aa8d41ac22350f306176138830938d9a5165862102e0cc782263,data/processed/native/95087-01-71-00.npz,a2097063b2fa368d7a2b7c4bd17de9fc1849b552459d95f241314465cd25e3f8,2026-09-22T11:05:40.023266+00:00,PCA_OGIP_RATE43_OVERLAP_V1,PCA_OGIP_RATE43_OVERLAP_V1,data/raw/rxte/95087-01-71-00/acquisition.json,verified,recorded count/s/selected PCU/output bin,recorded count/s/selected PCU/output bin,Propagated archive statistical covariance; calibration/background systematics excluded,no artificial replacements,,a89f47ccba8cadbff4a91408927b30fee3a757ecebc1b4ac143dd2602125695b,,data/provenance/rxte_processing/95087-01-71-00.json,e1bfcedfbbb585204587a98c64eefbb069b191d283121401cd3e2708cfc8c8c5
95324-01-01-00,95324-01-01-00,95324-01-01-00,4u_1254_69,verified,https://heasarc.gsfc.nasa.gov/FTP/xte/data/archive/AO14/P95324/95324-01-01-00/stdprod/xp95324010100_s2.pha.gz,/Users/youhanwanigasuriya/Documents/New project/bh_ns_source_generalization/data/raw/rxte/95324-01-01-00/source-48802ab36dda.bin,48802ab36dda332db8dfd05ad547c77006ff43ca8c08a5faaae7129566a8bd6f,data/processed/native/95324-01-01-00.npz,8beb63e773668f9832695c35c7c22ccf6e2e225d2828ab1ee9af009cde4f518b,2026-09-22T11:03:24.644136+00:00,PCA_OGIP_RATE43_OVERLAP_V1,PCA_OGIP_RATE43_OVERLAP_V1,data/raw/rxte/95324-01-01-00/acquisition.json,verified,recorded count/s/selected PCU/output bin,recorded count/s/selected PCU/output bin,Propagated archive statistical covariance; calibration/background systematics excluded,no artificial replacements,,a2201a40af83e7b7d95c4e0a602d79293c7799ce7f4819013293a5bf5c1b66cc,,data/provenance/rxte_processing/95324-01-01-00.json,ff3b3978c4845288799f420030433ef239185735dfb7c928e1c3bf2886863b12
95324-01-01-01,95324-01-01-01,95324-01-01-01,4u_1254_69,verified,https://heasarc.gsfc.nasa.gov/FTP/xte/data/archive/AO14/P95324/95324-01-01-01/stdprod/xp95324010101_s2.pha.gz,/Users/youhanwanigasuriya/Documents/New project/bh_ns_source_generalization/data/raw/rxte/95324-01-01-01/source-2d268d9bdc15.bin,2d268d9bdc15c160bbf69d88774faee5af33951b860a51dd30997879bb1b3e2d,data/processed/native/95324-01-01-01.npz,2360c341f4ef418d8ec8a3be824ae0baf78548e7f86b26f6fbcfc2612ba20d48,2026-09-22T11:03:23.953302+00:00,PCA_OGIP_RATE43_OVERLAP_V1,PCA_OGIP_RATE43_OVERLAP_V1,data/raw/rxte/95324-01-01-01/acquisition.json,verified,recorded count/s/selected PCU/output bin,recorded count/s/selected PCU/output bin,Propagated archive statistical covariance; calibration/background systematics excluded,no artificial replacements,,a2201a40af83e7b7d95c4e0a602d79293c7799ce7f4819013293a5bf5c1b66cc,,data/provenance/rxte_processing/95324-01-01-01.json,6abd44fe169b397c9f5059152947e4f1cfaaf3c75a1e0a53aea7111e0203fd67
95324-01-02-00,95324-01-02-00,95324-01-02-00,4u_1254_69,verified,https://heasarc.gsfc.nasa.gov/FTP/xte/data/archive/AO14/P95324/95324-01-02-00/stdprod/xp95324010200_s2.pha.gz,/Users/youhanwanigasuriya/Documents/New project/bh_ns_source_generalization/data/raw/rxte/95324-01-02-00/source-d8b075e19d9d.bin,d8b075e19d9dc9f880e22c309c230fb4a465cdf69b87bf877a459f6be6a3086d,data/processed/native/95324-01-02-00.npz,9dbb3fab04025d935e3f4f2579f960040adeec45b4a3282ea16128e45e836b3a,2026-09-22T11:03:25.814355+00:00,PCA_OGIP_RATE43_OVERLAP_V1,PCA_OGIP_RATE43_OVERLAP_V1,data/raw/rxte/95324-01-02-00/acquisition.json,verified,recorded count/s/selected PCU/output bin,recorded count/s/selected PCU/output bin,Propagated archive statistical covariance; calibration/background systematics excluded,no artificial replacements,,b43db8a8e91e67d1d23ddfed3e0b705c3c1e49731bf91dd76fb55fe1bb2f58be,,data/provenance/rxte_processing/95324-01-02-00.json,620e78ea3e141fb523fca983a458416d1ba4f3bf402b627f5e84660dd2f9ad0a
95324-01-02-01,95324-01-02-01,95324-01-02-01,4u_1254_69,verified,https://heasarc.gsfc.nasa.gov/FTP/xte/data/archive/AO14/P95324/95324-01-02-01/stdprod/xp95324010201_s2.pha.gz,/Users/youhanwanigasuriya/Documents/New project/bh_ns_source_generalization/data/raw/rxte/95324-01-02-01/source-91a69b497096.bin,91a69b4970968057779c161bc7da64ecfea5424d40ae61c29358ea5ad6ab52f4,data/processed/native/95324-01-02-01.npz,cda786dda148d542a586421a0894a51686cf871c8a365ad75e3c333c58dc0b06,2026-09-22T10:55:16.816106+00:00,PCA_OGIP_RATE43_OVERLAP_V1,PCA_OGIP_RATE43_OVERLAP_V1,data/raw/rxte/95324-01-02-01/acquisition.json,verified,recorded count/s/selected PCU/output bin,recorded count/s/selected PCU/output bin,Propagated archive statistical covariance; calibration/background systematics excluded,no artificial replacements,,b43db8a8e91e67d1d23ddfed3e0b705c3c1e49731bf91dd76fb55fe1bb2f58be,,data/provenance/rxte_processing/95324-01-02-01.json,9de0b5ea1bbe251a2f7b0daea4eb4fc16064ee7de85c5317bfe579ca3244de47
95334-01-03-00,95334-01-03-00,95334-01-03-00,4u_1608_522,verified,https://heasarc.gsfc.nasa.gov/FTP/xte/data/archive/AO14/P95334/95334-01-03-00/stdprod/xp95334010300_s2.pha.gz,/Users/youhanwanigasuriya/Documents/New project/bh_ns_source_generalization/data/raw/rxte/95334-01-03-00/source-e6c56aef8105.bin,e6c56aef8105f1c6b37672844bade15ebe514b2a1665a00adefe43149a009289,data/processed/native/95334-01-03-00.npz,e0e985094b8bf267d14bacf0b5f68800a67598181756f84f606b87513f882f9e,2026-09-22T11:04:54.034268+00:00,PCA_OGIP_RATE43_OVERLAP_V1,PCA_OGIP_RATE43_OVERLAP_V1,data/raw/rxte/95334-01-03-00/acquisition.json,verified,recorded count/s/selected PCU/output bin,recorded count/s/selected PCU/output bin,Propagated archive statistical covariance; calibration/background systematics excluded,no artificial replacements,,e1ca34ad09ddaf82704094101eedc659585c648378b439ef642eb55fc250e84d,,data/provenance/rxte_processing/95334-01-03-00.json,065a1200235e2db87ce7deb1e31444fb16e1b987ddf4ddfcaf3b190fb9d5ffb6
95345-01-32-00,95345-01-32-00,95345-01-32-00,cyg_x_2,verified,https://heasarc.gsfc.nasa.gov/FTP/xte/data/archive/AO14/P95345/95345-01-32-00/stdprod/xp95345013200_s2.pha.gz,/Users/youhanwanigasuriya/Documents/New project/bh_ns_source_generalization/data/raw/rxte/95345-01-32-00/source-a0447d0afa2a.bin,a0447d0afa2a7834286cf80c366734bc987eef01211ef0253e0142933ebe8a68,data/processed/native/95345-01-32-00.npz,9b388e5a97e3dd111aac6f95f764b36f259cd069507e034beec12acfaf8720c3,2026-09-22T11:11:31.882690+00:00,PCA_OGIP_RATE43_OVERLAP_V1,PCA_OGIP_RATE43_OVERLAP_V1,data/raw/rxte/95345-01-32-00/acquisition.json,verified,recorded count/s/selected PCU/output bin,recorded count/s/selected PCU/output bin,Propagated archive statistical covariance; calibration/background systematics excluded,no artificial replacements,,0263f362fb337fa7675eb59f6c64923fc12a69a012ba52fa1ee8136d4fd4068b,,data/provenance/rxte_processing/95345-01-32-00.json,ffad826d7876885b643106f25ae8d43a8d156e1cd6635ab7b0ddff8ab9a85346
95345-01-42-00,95345-01-42-00,95345-01-42-00,cyg_x_2,verified,https://heasarc.gsfc.nasa.gov/FTP/xte/data/archive/AO14/P95345/95345-01-42-00/stdprod/xp95345014200_s2.pha.gz,/Users/youhanwanigasuriya/Documents/New project/bh_ns_source_generalization/data/raw/rxte/95345-01-42-00/source-4c0dc82a0625.bin,4c0dc82a062512f3e1bb0d10564b20190fb96853eec4f528021852ef6c8068ca,data/processed/native/95345-01-42-00.npz,a3a0c20d903a6167816e0a70f261f8f6f8db1709918de27863f39a03cb6e5c4e,2026-09-22T10:56:13.688439+00:00,PCA_OGIP_RATE43_OVERLAP_V1,PCA_OGIP_RATE43_OVERLAP_V1,data/raw/rxte/95345-01-42-00/acquisition.json,verified,recorded count/s/selected PCU/output bin,recorded count/s/selected PCU/output bin,Propagated archive statistical covariance; calibration/background systematics excluded,no artificial replacements,,ff0c9ad2bdd9df3c92bf9df2461eb3ce4a789148b8fa2eefd09977f781531eaa,,data/provenance/rxte_processing/95345-01-42-00.json,3c5d2694035f71519ba788ee24465c187ebf1ddab924dff6b384a568e32a6af4
95401-01-11-00,95401-01-11-00,95401-01-11-00,igr_j00291_5934,verified,https://heasarc.gsfc.nasa.gov/FTP/xte/data/archive/AO14/P95401/95401-01-11-00/stdprod/xp95401011100_s2.pha.gz,/Users/youhanwanigasuriya/Documents/New project/bh_ns_source_generalization/data/raw/rxte/95401-01-11-00/source-8fddf225168c.bin,8fddf225168c4797e5bb815db5bea2c7d19de21d2f4497c2d66f23c904458189,data/processed/native/95401-01-11-00.npz,4d7c8d8f0ddbba94c5da44a6a96c00a201c621af8d3b625f03e6e2d7b85a6897,2026-09-22T11:14:07.348403+00:00,PCA_OGIP_RATE43_OVERLAP_V1,PCA_OGIP_RATE43_OVERLAP_V1,data/raw/rxte/95401-01-11-00/acquisition.json,verified,recorded count/s/selected PCU/output bin,recorded count/s/selected PCU/output bin,Propagated archive statistical covariance; calibration/background systematics excluded,no artificial replacements,,16a136fda70871410c91f46f325887654c9a9762ad57263f101a615362f2518d,,data/provenance/rxte_processing/95401-01-11-00.json,2351de4f7ddf4fcfba62d09474d66bfa0d59dcf2047dc2d9a00fbf970483e6e5
95401-01-25-00,95401-01-25-00,95401-01-25-00,igr_j00291_5934,verified,https://heasarc.gsfc.nasa.gov/FTP/xte/data/archive/AO14/P95401/95401-01-25-00/stdprod/xp95401012500_s2.pha.gz,/Users/youhanwanigasuriya/Documents/New project/bh_ns_source_generalization/data/raw/rxte/95401-01-25-00/source-175db58126d0.bin,175db58126d06e7f224b3aab820cb591c153fe5f179f0c42c976e38f0679dfa9,data/processed/native/95401-01-25-00.npz,9801708b4377f3610f34f450d3d18da2dba7994e6090173dd762b52309a7a01f,2026-09-22T11:14:09.023091+00:00,PCA_OGIP_RATE43_OVERLAP_V1,PCA_OGIP_RATE43_OVERLAP_V1,data/raw/rxte/95401-01-25-00/acquisition.json,verified,recorded count/s/selected PCU/output bin,recorded count/s/selected PCU/output bin,Propagated archive statistical covariance; calibration/background systematics excluded,no artificial replacements,,1bf729cf7ccfb6fbb8a5302614eadb836c3b03e21e62c401e658a40d543e7829,,data/provenance/rxte_processing/95401-01-25-00.json,c87dfd788f780754bf30a01834dfb9e572054dcc9d796929386392476a81d9ff
95401-01-40-00,95401-01-40-00,95401-01-40-00,igr_j00291_5934,verified,https://heasarc.gsfc.nasa.gov/FTP/xte/data/archive/AO14/P95401/95401-01-40-00/stdprod/xp95401014000_s2.pha.gz,/Users/youhanwanigasuriya/Documents/New project/bh_ns_source_generalization/data/raw/rxte/95401-01-40-00/source-b010ed10ab63.bin,b010ed10ab63c1b3482c72faa4c4e4616c8972700e3866da4f918345f695f885,data/processed/native/95401-01-40-00.npz,592e600f5f5972f56501a34e8fc45efb4f180ef98db5c0261ee8928a6d1339bd,2026-09-22T11:14:13.214401+00:00,PCA_OGIP_RATE43_OVERLAP_V1,PCA_OGIP_RATE43_OVERLAP_V1,data/raw/rxte/95401-01-40-00/acquisition.json,verified,recorded count/s/selected PCU/output bin,recorded count/s/selected PCU/output bin,Propagated archive statistical covariance; calibration/background systematics excluded,no artificial replacements,,b82a5c9c003acc6c2fb42ab7efa95f8feb270073cdc6cb32d8abcb906c9c38c8,,data/provenance/rxte_processing/95401-01-40-00.json,9bc2d358f4321b6ddf59d36e34f101354aa9953d7a37783a7567ea54a519f86e
95401-01-55-00,95401-01-55-00,95401-01-55-00,igr_j00291_5934,verified,https://heasarc.gsfc.nasa.gov/FTP/xte/data/archive/AO14/P95401/95401-01-55-00/stdprod/xp95401015500_s2.pha.gz,/Users/youhanwanigasuriya/Documents/New project/bh_ns_source_generalization/data/raw/rxte/95401-01-55-00/source-d03ec3804862.bin,d03ec38048629860cf89922c163b49072f8f09dcfe95962325d5a267fa02448f,data/processed/native/95401-01-55-00.npz,041c84f08449d1010fcfa41dd4309d6cedadfaa7ac972c68f5ba119545e360dc,2026-09-22T11:14:15.219050+00:00,PCA_OGIP_RATE43_OVERLAP_V1,PCA_OGIP_RATE43_OVERLAP_V1,data/raw/rxte/95401-01-55-00/acquisition.json,verified,recorded count/s/selected PCU/output bin,recorded count/s/selected PCU/output bin,Propagated archive statistical covariance; calibration/background systematics excluded,no artificial replacements,,b2460fbe2e4d34ac98c8d5ef87ccf9ace6eca84848f742918c815f04906dbdc5,,data/provenance/rxte_processing/95401-01-55-00.json,c01a1c6c40491d92888c5cae139968bc79dcf12adf71b1d478b1daa0ea6b982e
95401-01-70-00,95401-01-70-00,95401-01-70-00,igr_j00291_5934,verified,https://heasarc.gsfc.nasa.gov/FTP/xte/data/archive/AO14/P95401/95401-01-70-00/stdprod/xp95401017000_s2.pha.gz,/Users/youhanwanigasuriya/Documents/New project/bh_ns_source_generalization/data/raw/rxte/95401-01-70-00/source-b4573d05d1f1.bin,b4573d05d1f1e62f4707accd038e0b37647ea2afb98ae305ea5e1c7394d45181,data/processed/native/95401-01-70-00.npz,03e3921d4f0c5c4d0b1f4c1113fbace24033d00d9442225adac225a6391e564b,2026-09-22T11:14:15.884904+00:00,PCA_OGIP_RATE43_OVERLAP_V1,PCA_OGIP_RATE43_OVERLAP_V1,data/raw/rxte/95401-01-70-00/acquisition.json,verified,recorded count/s/selected PCU/output bin,recorded count/s/selected PCU/output bin,Propagated archive statistical covariance; calibration/background systematics excluded,no artificial replacements,,223d6949bd80d176320e0d4dc528325aaa33e43e734e36031214523671ae4993,,data/provenance/rxte_processing/95401-01-70-00.json,0ddad0a9e6fbcf871c4dccaa538a629edcb9a8f2fad4c5df3950dfd470c9298c
95401-01-86-00,95401-01-86-00,95401-01-86-00,igr_j00291_5934,verified,https://heasarc.gsfc.nasa.gov/FTP/xte/data/archive/AO14/P95401/95401-01-86-00/stdprod/xp95401018600_s2.pha.gz,/Users/youhanwanigasuriya/Documents/New project/bh_ns_source_generalization/data/raw/rxte/95401-01-86-00/source-998605646aba.bin,998605646abab897b03ab891662fc51e765fff918f895753d20834005d7adaa1,data/processed/native/95401-01-86-00.npz,a0ce3f8de17337b064a48d332bbaba6c0d54903e243c349bd133f73089d0c9a4,2026-09-22T11:14:16.781391+00:00,PCA_OGIP_RATE43_OVERLAP_V1,PCA_OGIP_RATE43_OVERLAP_V1,data/raw/rxte/95401-01-86-00/acquisition.json,verified,recorded count/s/selected PCU/output bin,recorded count/s/selected PCU/output bin,Propagated archive statistical covariance; calibration/background systematics excluded,no artificial replacements,,62da4a8c3c2169fbfbeff949fefd5e344310279af56f569f0067ba8030df1562,,data/provenance/rxte_processing/95401-01-86-00.json,9d1f7b12189f9c54f2e2a656feff3a5e0b177dc899d23b74395a075d5376cbe0
95404-01-01-01,95404-01-01-01,95404-01-01-01,4u_0614_09,verified,https://heasarc.gsfc.nasa.gov/FTP/xte/data/archive/AO14/P95404/95404-01-01-01/stdprod/xp95404010101_s2.pha.gz,/Users/youhanwanigasuriya/Documents/New project/bh_ns_source_generalization/data/raw/rxte/95404-01-01-01/source-4d637ded78b2.bin,4d637ded78b256b93a9930a4dfa692625e369d79985bdd73bb298887c1763e01,data/processed/native/95404-01-01-01.npz,e37449b83e1afef5bdcf4555b431e85d8ffefee46969c197fa38948cf11f8bb5,2026-09-22T11:03:06.770251+00:00,PCA_OGIP_RATE43_OVERLAP_V1,PCA_OGIP_RATE43_OVERLAP_V1,data/raw/rxte/95404-01-01-01/acquisition.json,verified,recorded count/s/selected PCU/output bin,recorded count/s/selected PCU/output bin,Propagated archive statistical covariance; calibration/background systematics excluded,no artificial replacements,,f77b3fdc878cae24ace57a52de2c9e151f7fe14ef092a0d942f44a26963b24f3,,data/provenance/rxte_processing/95404-01-01-01.json,65ddb2326917a9f812f9c42f78d539c260962cea4e3fbb1c7b6eac195192f073
95404-01-09-02,95404-01-09-02,95404-01-09-02,4u_0614_09,verified,https://heasarc.gsfc.nasa.gov/FTP/xte/data/archive/AO14/P95404/95404-01-09-02/stdprod/xp95404010902_s2.pha.gz,/Users/youhanwanigasuriya/Documents/New project/bh_ns_source_generalization/data/raw/rxte/95404-01-09-02/source-655650dce678.bin,655650dce678ccd01f6702e8897bf5213e0d01aac168a99ac5bc8a9b0ee4d38d,data/processed/native/95404-01-09-02.npz,daeb0c1f3e5417594bef6cec9885ce598e65598ac95ab3000961d170676b7a18,2026-09-22T11:03:09.437065+00:00,PCA_OGIP_RATE43_OVERLAP_V1,PCA_OGIP_RATE43_OVERLAP_V1,data/raw/rxte/95404-01-09-02/acquisition.json,verified,recorded count/s/selected PCU/output bin,recorded count/s/selected PCU/output bin,Propagated archive statistical covariance; calibration/background systematics excluded,no artificial replacements,,63caebbad93c14a2eca2c73a97590e0dd21cdd4b3d4663347d4d90844a0f7636,,data/provenance/rxte_processing/95404-01-09-02.json,dc33462f8729ae30233c8fa788c731bab18064d20448fb68d950ea95a8a57cca
95407-01-01-00,95407-01-01-00,95407-01-01-00,sax_j1808_4_3658,verified,https://heasarc.gsfc.nasa.gov/FTP/xte/data/archive/AO14/P95407/95407-01-01-00/stdprod/xp95407010100_s2.pha.gz,/Users/youhanwanigasuriya/Documents/New project/bh_ns_source_generalization/data/raw/rxte/95407-01-01-00/source-cdd6cdb3c01b.bin,cdd6cdb3c01bc972293a9c7874262c171eb98fd2bae39bc72f485e2fdf823168,data/processed/native/95407-01-01-00.npz,a5d9b5df8711a980f97559d6d3b86f701674d6e3140a096796f50a1fdff5d767,2026-09-22T11:18:48.695984+00:00,PCA_OGIP_RATE43_OVERLAP_V1,PCA_OGIP_RATE43_OVERLAP_V1,data/raw/rxte/95407-01-01-00/acquisition.json,verified,recorded count/s/selected PCU/output bin,recorded count/s/selected PCU/output bin,Propagated archive statistical covariance; calibration/background systematics excluded,no artificial replacements,,5b09530edb0aa5b0c5f64561ca89102762c14f3f4eb16c36929a68d43295ad57,,data/provenance/rxte_processing/95407-01-01-00.json,602b5e5669d2aa543ea5c056c1b39d3e8b975616f0bc855f82e3908665ab769e
95407-01-10-00,95407-01-10-00,95407-01-10-00,sax_j1808_4_3658,verified,https://heasarc.gsfc.nasa.gov/FTP/xte/data/archive/AO14/P95407/95407-01-10-00/stdprod/xp95407011000_s2.pha.gz,/Users/youhanwanigasuriya/Documents/New project/bh_ns_source_generalization/data/raw/rxte/95407-01-10-00/source-d0408c0e84d5.bin,d0408c0e84d5288f7eef4df3552ba710f75d9f12deae3fcc080ef239c536945b,data/processed/native/95407-01-10-00.npz,aeaba2e5b8099e279ead586bd0fe65c6fd9c40ab981fe71b48e7030863866ec7,2026-09-22T11:18:50.262630+00:00,PCA_OGIP_RATE43_OVERLAP_V1,PCA_OGIP_RATE43_OVERLAP_V1,data/raw/rxte/95407-01-10-00/acquisition.json,verified,recorded count/s/selected PCU/output bin,recorded count/s/selected PCU/output bin,Propagated archive statistical covariance; calibration/background systematics excluded,no artificial replacements,,34deed35f332e7abb8010d734629e4f9cd0b5795d5b7dbf7c02f4920914821cf,,data/provenance/rxte_processing/95407-01-10-00.json,61a84146b04f48527093a27bc9c41307d7bd9f7c90d1a6af6cae02b5341b518d
95409-01-07-01,95409-01-07-01,95409-01-07-01,gx_339_4,verified,https://heasarc.gsfc.nasa.gov/FTP/xte/data/archive/AO14/P95409/95409-01-07-01/stdprod/xp95409010701_s2.pha.gz,/Users/youhanwanigasuriya/Documents/New project/bh_ns_source_generalization/data/raw/rxte/95409-01-07-01/source-d9df7e848ec2.bin,d9df7e848ec2b6c273eb35a8c80e9e0e14f128e9a20a1d00d28dfdb2ce3cb6a1,data/processed/native/95409-01-07-01.npz,8563f25a3bb9e9cfad8e247ea5a8addee3cd5cba1e45f06d8ddcc4a418674c65,2026-09-22T11:12:32.528946+00:00,PCA_OGIP_RATE43_OVERLAP_V1,PCA_OGIP_RATE43_OVERLAP_V1,data/raw/rxte/95409-01-07-01/acquisition.json,verified,recorded count/s/selected PCU/output bin,recorded count/s/selected PCU/output bin,Propagated archive statistical covariance; calibration/background systematics excluded,no artificial replacements,,015506a210d737eb496e7c70fa8e4af70f8367b1f32e8e3a32d7d683120b0bc8,,data/provenance/rxte_processing/95409-01-07-01.json,ec248c03cc5ae72ea79e8a0c2308cade4eafa41bc4ad531fd94c269dfd7dd504
95409-01-15-01,95409-01-15-01,95409-01-15-01,gx_339_4,verified,https://heasarc.gsfc.nasa.gov/FTP/xte/data/archive/AO14/P95409/95409-01-15-01/stdprod/xp95409011501_s2.pha.gz,/Users/youhanwanigasuriya/Documents/New project/bh_ns_source_generalization/data/raw/rxte/95409-01-15-01/source-3045c19c8519.bin,3045c19c8519ee68c4e347e982a2436d1bf56a19b91e7ec65313a5842c9244cf,data/processed/native/95409-01-15-01.npz,db5678df2061687499fe87bd28e58d91b1af0c2c707a5e62ebd08d14296ddab2,2026-09-22T11:12:32.526967+00:00,PCA_OGIP_RATE43_OVERLAP_V1,PCA_OGIP_RATE43_OVERLAP_V1,data/raw/rxte/95409-01-15-01/acquisition.json,verified,recorded count/s/selected PCU/output bin,recorded count/s/selected PCU/output bin,Propagated archive statistical covariance; calibration/background systematics excluded,no artificial replacements,,3b3dc17d5d2e66313a2c31bd5a5ffc9217928ae7bd79832202391df27b7ff962,,data/provenance/rxte_processing/95409-01-15-01.json,3efb00767acd14ee91a9d90c5bd7ac11b3085deed8449542683b1aff34ab24c8
95409-01-21-00,95409-01-21-00,95409-01-21-00,gx_339_4,verified,https://heasarc.gsfc.nasa.gov/FTP/xte/data/archive/AO14/P95409/95409-01-21-00/stdprod/xp95409012100_s2.pha.gz,/Users/youhanwanigasuriya/Documents/New project/bh_ns_source_generalization/data/raw/rxte/95409-01-21-00/source-331e5cc5c63e.bin,331e5cc5c63ebcd41ea82cdaddb0e677156c5135d92a69349592a2a98861b584,data/processed/native/95409-01-21-00.npz,a29809d4d2f7236cf4443d4e3504c19df640455fde548daba583fea22fb83668,2026-09-22T11:12:32.959449+00:00,PCA_OGIP_RATE43_OVERLAP_V1,PCA_OGIP_RATE43_OVERLAP_V1,data/raw/rxte/95409-01-21-00/acquisition.json,verified,recorded count/s/selected PCU/output bin,recorded count/s/selected PCU/output bin,Propagated archive statistical covariance; calibration/background systematics excluded,no artificial replacements,,fba341c789002aedd3f85fc7d5329eb125bd0413d46671a9402b3d3a98579cea,,data/provenance/rxte_processing/95409-01-21-00.json,3f870959b76c3730c734e432ca9587757214d4c4192376d0d4f6cab5c44a93c5
95409-01-38-01,95409-01-38-01,95409-01-38-01,gx_339_4,verified,https://heasarc.gsfc.nasa.gov/FTP/xte/data/archive/AO14/P95409/95409-01-38-01/stdprod/xp95409013801_s2.pha.gz,/Users/youhanwanigasuriya/Documents/New project/bh_ns_source_generalization/data/raw/rxte/95409-01-38-01/source-8b3ed5da0397.bin,8b3ed5da039783ad8e92255bae74e872c3f74e52a5bdbd76cf425c25aaecaf47,data/processed/native/95409-01-38-01.npz,d8ea8f77d30d9efb8a03b2dac8d88bfa29837c5353d9c388294bc17a60341833,2026-09-22T11:12:37.527964+00:00,PCA_OGIP_RATE43_OVERLAP_V1,PCA_OGIP_RATE43_OVERLAP_V1,data/raw/rxte/95409-01-38-01/acquisition.json,verified,recorded count/s/selected PCU/output bin,recorded count/s/selected PCU/output bin,Propagated archive statistical covariance; calibration/background systematics excluded,no artificial replacements,,b1153437df8eb1bd78d6fe73389c2f9bbc7ac19cab23b82143b8007634720361,,data/provenance/rxte_processing/95409-01-38-01.json,15baf9e3f7e23f8af3f5df0ebb8ef74ff0069203592cc347a44d37527b92b299
95413-01-06-01,95413-01-06-01,95413-01-06-01,aql_x_1,verified,https://heasarc.gsfc.nasa.gov/FTP/xte/data/archive/AO14/P95413/95413-01-06-01/stdprod/xp95413010601_s2.pha.gz,/Users/youhanwanigasuriya/Documents/New project/bh_ns_source_generalization/data/raw/rxte/95413-01-06-01/source-292d81109740.bin,292d81109740febab8500c9307fd1afe6b2c2535baf249b0e7de0d64f06f852b,data/processed/native/95413-01-06-01.npz,01f040da97475e102288cc18c5b623254101ce36f56125e165967f0a82a18d7b,2026-09-22T11:10:34.673123+00:00,PCA_OGIP_RATE43_OVERLAP_V1,PCA_OGIP_RATE43_OVERLAP_V1,data/raw/rxte/95413-01-06-01/acquisition.json,verified,recorded count/s/selected PCU/output bin,recorded count/s/selected PCU/output bin,Propagated archive statistical covariance; calibration/background systematics excluded,no artificial replacements,,70981eb56b20c2ed7b4b81a317da184db0d55a9e7f46b7e6bcdcf6a5710186a0,,data/provenance/rxte_processing/95413-01-06-01.json,a198ad7c350ac5b2a3ea8f738b38c3956cc177dc463b0889948d99a81a281f67
95416-01-01-00,95416-01-01-00,95416-01-01-00,1a_1744_361,verified,https://heasarc.gsfc.nasa.gov/FTP/xte/data/archive/AO14/P95416/95416-01-01-00/stdprod/xp95416010100_s2.pha.gz,/Users/youhanwanigasuriya/Documents/New project/bh_ns_source_generalization/data/raw/rxte/95416-01-01-00/source-d6d771880e69.bin,d6d771880e69c3c4c774d67e934eaedd5660fff0659ce0d1f64eb78f6df7819f,data/processed/native/95416-01-01-00.npz,2afd3bdf6603095116d711af088e8192563be0c5d99196ad11e8ad7a123e3784,2026-09-22T11:02:11.819650+00:00,PCA_OGIP_RATE43_OVERLAP_V1,PCA_OGIP_RATE43_OVERLAP_V1,data/raw/rxte/95416-01-01-00/acquisition.json,verified,recorded count/s/selected PCU/output bin,recorded count/s/selected PCU/output bin,Propagated archive statistical covariance; calibration/background systematics excluded,no artificial replacements,,b15496689ea5be44963d685f0fcbaf8f4a855e631476d8c7a08ec173dcaa174b,,data/provenance/rxte_processing/95416-01-01-00.json,dcdea564980c2270dd2ca56b35a471f9990841c411646706c3fd595d1b2cac08
95416-01-01-02,95416-01-01-02,95416-01-01-02,1a_1744_361,verified,https://heasarc.gsfc.nasa.gov/FTP/xte/data/archive/AO14/P95416/95416-01-01-02/stdprod/xp95416010102_s2.pha.gz,/Users/youhanwanigasuriya/Documents/New project/bh_ns_source_generalization/data/raw/rxte/95416-01-01-02/source-8ac30b0fcab2.bin,8ac30b0fcab291d66c2bd9df1c17ecd1c3ab07f300d4b57a8d4e84c21ccece19,data/processed/native/95416-01-01-02.npz,ee158dfbf2fc5a330273c2b361571624f6837b2c76ae3142230c9e07d5fdc4e8,2026-09-22T11:02:14.015312+00:00,PCA_OGIP_RATE43_OVERLAP_V1,PCA_OGIP_RATE43_OVERLAP_V1,data/raw/rxte/95416-01-01-02/acquisition.json,verified,recorded count/s/selected PCU/output bin,recorded count/s/selected PCU/output bin,Propagated archive statistical covariance; calibration/background systematics excluded,no artificial replacements,,54564c0bd44f9e6ee8da9fba5590b69ef49a44f90913f98b7dc6bbe815ad275e,,data/provenance/rxte_processing/95416-01-01-02.json,9c57920efc973a77a7ccda4790ce2efa0629c4a6a3c343a1308ca03a6a504e85
95416-01-02-00,95416-01-02-00,95416-01-02-00,1a_1744_361,verified,https://heasarc.gsfc.nasa.gov/FTP/xte/data/archive/AO14/P95416/95416-01-02-00/stdprod/xp95416010200_s2.pha.gz,/Users/youhanwanigasuriya/Documents/New project/bh_ns_source_generalization/data/raw/rxte/95416-01-02-00/source-503fe21a74f6.bin,503fe21a74f607d268745d345201444a55679e8a0880b42d0deab211508ea771,data/processed/native/95416-01-02-00.npz,d55fb5258b6743d6808b3de1ef3341d71bf6906e456b602963a62acf6c10e1b6,2026-09-22T11:02:20.254570+00:00,PCA_OGIP_RATE43_OVERLAP_V1,PCA_OGIP_RATE43_OVERLAP_V1,data/raw/rxte/95416-01-02-00/acquisition.json,verified,recorded count/s/selected PCU/output bin,recorded count/s/selected PCU/output bin,Propagated archive statistical covariance; calibration/background systematics excluded,no artificial replacements,,5cdbf45566d8b2d93413d60a12f7de261f6d1ddc14e8423c7a2508331c28e067,,data/provenance/rxte_processing/95416-01-02-00.json,5163fa73a94b98f61babc4e6336a477acc6078da6718f8a4874cab081de79f61
95416-01-02-02,95416-01-02-02,95416-01-02-02,1a_1744_361,verified,https://heasarc.gsfc.nasa.gov/FTP/xte/data/archive/AO14/P95416/95416-01-02-02/stdprod/xp95416010202_s2.pha.gz,/Users/youhanwanigasuriya/Documents/New project/bh_ns_source_generalization/data/raw/rxte/95416-01-02-02/source-42b3c6b1397d.bin,42b3c6b1397d78a18c4051c8a438dc26c4ebf93400b164aa4a0087d6c0d0cd54,data/processed/native/95416-01-02-02.npz,101b892eeeeea38df57897d2a9986b29c9a5fafc898ee744d96c5ab2d3094a07,2026-09-22T11:02:21.345661+00:00,PCA_OGIP_RATE43_OVERLAP_V1,PCA_OGIP_RATE43_OVERLAP_V1,data/raw/rxte/95416-01-02-02/acquisition.json,verified,recorded count/s/selected PCU/output bin,recorded count/s/selected PCU/output bin,Propagated archive statistical covariance; calibration/background systematics excluded,no artificial replacements,,c1bafef3f738118d9ec8605aae4e4f640f3e8f6235dd0b626a0af1dde518daf1,,data/provenance/rxte_processing/95416-01-02-02.json,f42fe27bf3fb81e91e18763b558fba3d65edd90a189afc9c62e29ffb7b20c219
95436-01-01-00,95436-01-01-00,95436-01-01-00,v4641_sgr,verified,https://heasarc.gsfc.nasa.gov/FTP/xte/data/archive/AO14/P95436/95436-01-01-00/stdprod/xp95436010100_s2.pha.gz,/Users/youhanwanigasuriya/Documents/New project/bh_ns_source_generalization/data/raw/rxte/95436-01-01-00/source-9c037138409a.bin,9c037138409aedc007ff2b98218c6fa59855c9a9e77b37308c57df43b0544431,data/processed/native/95436-01-01-00.npz,95a9fb0bc105c65d7a7eb9ea152ffbdaa1be1db3a73bd620f27ba209723a770d,2026-09-22T10:57:10.568758+00:00,PCA_OGIP_RATE43_OVERLAP_V1,PCA_OGIP_RATE43_OVERLAP_V1,data/raw/rxte/95436-01-01-00/acquisition.json,verified,recorded count/s/selected PCU/output bin,recorded count/s/selected PCU/output bin,Propagated archive statistical covariance; calibration/background systematics excluded,no artificial replacements,,9fec51f157911ed283120abf4f662a9162353b13862ff1e3d2d681c2bf8df4c1,,data/provenance/rxte_processing/95436-01-01-00.json,8c79a1fa78180f47aa6620997ef597138619b49683101815c55f68112dda9607
96027-01-01-00,96027-01-01-00,96027-01-01-00,sax_j1808_4_3658,verified,https://heasarc.gsfc.nasa.gov/FTP/xte/data/archive/AO15/P96027/96027-01-01-00/stdprod/xp96027010100_s2.pha.gz,/Users/youhanwanigasuriya/Documents/New project/bh_ns_source_generalization/data/raw/rxte/96027-01-01-00/source-5fdb842800de.bin,5fdb842800de4a9d8f5ea63448d2651cb2421d364217f67ff4ca2524cad229fa,data/processed/native/96027-01-01-00.npz,5acbdba86249b03e2f317cf65b5f352b37d481a1cdef0a514d4ac6287afe7674,2026-09-22T11:18:52.643214+00:00,PCA_OGIP_RATE43_OVERLAP_V1,PCA_OGIP_RATE43_OVERLAP_V1,data/raw/rxte/96027-01-01-00/acquisition.json,verified,recorded count/s/selected PCU/output bin,recorded count/s/selected PCU/output bin,Propagated archive statistical covariance; calibration/background systematics excluded,no artificial replacements,,9b20e158357c7eb3fff67f8411f7d9557286dba91238edcf44bfdbe06ffb0e59,,data/provenance/rxte_processing/96027-01-01-00.json,e1c5c32a1529748193473b23bcc946409e681cd6ca43df040967632a11e5272c
96027-01-02-07,96027-01-02-07,96027-01-02-07,sax_j1808_4_3658,verified,https://heasarc.gsfc.nasa.gov/FTP/xte/data/archive/AO15/P96027/96027-01-02-07/stdprod/xp96027010207_s2.pha.gz,/Users/youhanwanigasuriya/Documents/New project/bh_ns_source_generalization/data/raw/rxte/96027-01-02-07/source-a219cc1e01e4.bin,a219cc1e01e4078b65cd7a8cc1ab236e6abd024b2ac24b18a90a30f9faae79d7,data/processed/native/96027-01-02-07.npz,449f3da2450bf1783a06d4ec80289d7f9d6f0a75c89e7c276fc6921de3b7315d,2026-09-22T11:18:53.401516+00:00,PCA_OGIP_RATE43_OVERLAP_V1,PCA_OGIP_RATE43_OVERLAP_V1,data/raw/rxte/96027-01-02-07/acquisition.json,verified,recorded count/s/selected PCU/output bin,recorded count/s/selected PCU/output bin,Propagated archive statistical covariance; calibration/background systematics excluded,no artificial replacements,,d77c598ee9b45f952d69295147af688d504c23708a2473c33a6ca46fac3516d1,,data/provenance/rxte_processing/96027-01-02-07.json,4ac8cc0c8190a6db18b9e341c484f09c594de9d09b2d9704494d9683a7aae6e7
96027-01-03-13,96027-01-03-13,96027-01-03-13,sax_j1808_4_3658,verified,https://heasarc.gsfc.nasa.gov/FTP/xte/data/archive/AO15/P96027/96027-01-03-13/stdprod/xp96027010313_s2.pha.gz,/Users/youhanwanigasuriya/Documents/New project/bh_ns_source_generalization/data/raw/rxte/96027-01-03-13/source-7faee06fb583.bin,7faee06fb58310310de3f513ba31596bf2d5c3ee3f51357cfba5bd5bfd64e48d,data/processed/native/96027-01-03-13.npz,fa014e52d120fda9993958ecc8ed36d25a6ff1f174923b7691d61a3b80d0f711,2026-09-22T10:56:49.394031+00:00,PCA_OGIP_RATE43_OVERLAP_V1,PCA_OGIP_RATE43_OVERLAP_V1,data/raw/rxte/96027-01-03-13/acquisition.json,verified,recorded count/s/selected PCU/output bin,recorded count/s/selected PCU/output bin,Propagated archive statistical covariance; calibration/background systematics excluded,no artificial replacements,,82cdc9107c27551bbbbdbf0e198e6e61b96fe17e51b80749ab4283167ced1e36,,data/provenance/rxte_processing/96027-01-03-13.json,ba0af45ae1238bc22e214259cf34e6a3f3ab8cb79a28b95e5e4180edc244572e
96030-01-07-00,96030-01-07-00,96030-01-07-00,hete_j1900_1_2455,verified,https://heasarc.gsfc.nasa.gov/FTP/xte/data/archive/AO15/P96030/96030-01-07-00/stdprod/xp96030010700_s2.pha.gz,/Users/youhanwanigasuriya/Documents/New project/bh_ns_source_generalization/data/raw/rxte/96030-01-07-00/source-610e71bd362d.bin,610e71bd362d9a47721480e9ac13160450632de447abf058802966299967bded,data/processed/native/96030-01-07-00.npz,679024a54b2ad4cadcca5eb3d8ba90e6a50fd33e860985f9ad46bb5c9ebeabfb,2026-09-22T11:13:28.587281+00:00,PCA_OGIP_RATE43_OVERLAP_V1,PCA_OGIP_RATE43_OVERLAP_V1,data/raw/rxte/96030-01-07-00/acquisition.json,verified,recorded count/s/selected PCU/output bin,recorded count/s/selected PCU/output bin,Propagated archive statistical covariance; calibration/background systematics excluded,no artificial replacements,,87381fd2652b89b6670ed009d5c46164ad74197bd731da704fe35c310a9c5726,,data/provenance/rxte_processing/96030-01-07-00.json,a45adece65b69e938c04e626597bea178ee7ae290524b2ca0f765f66de0c639a
96030-01-20-00,96030-01-20-00,96030-01-20-00,hete_j1900_1_2455,verified,https://heasarc.gsfc.nasa.gov/FTP/xte/data/archive/AO15/P96030/96030-01-20-00/stdprod/xp96030012000_s2.pha.gz,/Users/youhanwanigasuriya/Documents/New project/bh_ns_source_generalization/data/raw/rxte/96030-01-20-00/source-a172b89f237d.bin,a172b89f237d72c4bfa8c214ee93c31850e060608917b8e43fc2c583a8ed7582,data/processed/native/96030-01-20-00.npz,dddf69ef11a31796e3a5df1befa73f566fd4c879048ac4c961fe3cc2cf48810f,2026-09-22T11:13:32.126420+00:00,PCA_OGIP_RATE43_OVERLAP_V1,PCA_OGIP_RATE43_OVERLAP_V1,data/raw/rxte/96030-01-20-00/acquisition.json,verified,recorded count/s/selected PCU/output bin,recorded count/s/selected PCU/output bin,Propagated archive statistical covariance; calibration/background systematics excluded,no artificial replacements,,c9a575c18bebab4919fd47c53fa206ca1babc911f3dedeb5b1e47ab1b2f4e05f,,data/provenance/rxte_processing/96030-01-20-00.json,7626f05eac713919ab55e62a9780777d0a742f21233c08626ac37e25817e6489
96030-01-32-00,96030-01-32-00,96030-01-32-00,hete_j1900_1_2455,verified,https://heasarc.gsfc.nasa.gov/FTP/xte/data/archive/AO15/P96030/96030-01-32-00/stdprod/xp96030013200_s2.pha.gz,/Users/youhanwanigasuriya/Documents/New project/bh_ns_source_generalization/data/raw/rxte/96030-01-32-00/source-6f9bc6a82689.bin,6f9bc6a826898ab9e992d33b7344857f929a5fc2aa035a94cb1e353a9bc6cd3b,data/processed/native/96030-01-32-00.npz,dce9d335af3774b19bb9b640b835e19d1aa3a10e737359648185491e2d1e1da9,2026-09-22T11:13:32.762163+00:00,PCA_OGIP_RATE43_OVERLAP_V1,PCA_OGIP_RATE43_OVERLAP_V1,data/raw/rxte/96030-01-32-00/acquisition.json,verified,recorded count/s/selected PCU/output bin,recorded count/s/selected PCU/output bin,Propagated archive statistical covariance; calibration/background systematics excluded,no artificial replacements,,06386468adf4e99225b86d3d25578ffa84f2e17808d6549dc15674dcf902bfde,,data/provenance/rxte_processing/96030-01-32-00.json,cf5710756a94009de77da7999c999a22d19f3b3f351dee5c0ba54a84438973cf
96060-01-10-00,96060-01-10-00,96060-01-10-00,4u_1705_44,verified,https://heasarc.gsfc.nasa.gov/FTP/xte/data/archive/AO15/P96060/96060-01-10-00/stdprod/xp96060011000_s2.pha.gz,/Users/youhanwanigasuriya/Documents/New project/bh_ns_source_generalization/data/raw/rxte/96060-01-10-00/source-6543fb010f8c.bin,6543fb010f8c0cd55a5ef0eeba38cd971a5c2227f50a2e783175796cfb0e03dc,data/processed/native/96060-01-10-00.npz,41f62097fbdcc9a1f25c79b7aaf7b134f26f7ee8ff5700c55af29232b6bd7373,2026-09-22T11:07:22.069126+00:00,PCA_OGIP_RATE43_OVERLAP_V1,PCA_OGIP_RATE43_OVERLAP_V1,data/raw/rxte/96060-01-10-00/acquisition.json,verified,recorded count/s/selected PCU/output bin,recorded count/s/selected PCU/output bin,Propagated archive statistical covariance; calibration/background systematics excluded,no artificial replacements,,070650d03d06724486eac2d010841ca87fbbe4bf65646cef1a314ec59b15d1c3,,data/provenance/rxte_processing/96060-01-10-00.json,0e100905266dd3f6bc79da03b047d6d22e03f7364cf5bc1c15b49b11ae7de225
96060-01-23-00,96060-01-23-00,96060-01-23-00,4u_1705_44,verified,https://heasarc.gsfc.nasa.gov/FTP/xte/data/archive/AO15/P96060/96060-01-23-00/stdprod/xp96060012300_s2.pha.gz,/Users/youhanwanigasuriya/Documents/New project/bh_ns_source_generalization/data/raw/rxte/96060-01-23-00/source-076dfc9d68dc.bin,076dfc9d68dc2b3bb8f69009a53f7e2bcf0f533798a02830dbc44cb29c3f16aa,data/processed/native/96060-01-23-00.npz,6a39acf230ec0816051f8a1124976b1960914221ae634cc2ef52f95830400e35,2026-09-22T11:07:25.825373+00:00,PCA_OGIP_RATE43_OVERLAP_V1,PCA_OGIP_RATE43_OVERLAP_V1,data/raw/rxte/96060-01-23-00/acquisition.json,verified,recorded count/s/selected PCU/output bin,recorded count/s/selected PCU/output bin,Propagated archive statistical covariance; calibration/background systematics excluded,no artificial replacements,,359a7b6f411067c06dcf562a7a302eabb5a4788bf8060664e9ed87253f0702c7,,data/provenance/rxte_processing/96060-01-23-00.json,53652093183f0bfd16f023ffad58fabb7336711123c512c318b8372c806e182c
96060-01-36-00,96060-01-36-00,96060-01-36-00,4u_1705_44,verified,https://heasarc.gsfc.nasa.gov/FTP/xte/data/archive/AO15/P96060/96060-01-36-00/stdprod/xp96060013600_s2.pha.gz,/Users/youhanwanigasuriya/Documents/New project/bh_ns_source_generalization/data/raw/rxte/96060-01-36-00/source-575e01974d7a.bin,575e01974d7a5e71d0153e2ddc18823eda10ef70a2d7a18a6dccd0e87365d12f,data/processed/native/96060-01-36-00.npz,5547149bef9ee13557ae706f8eb3fd63c32436cf5f83d50b10a6833b8a0464b9,2026-09-22T11:07:27.175445+00:00,PCA_OGIP_RATE43_OVERLAP_V1,PCA_OGIP_RATE43_OVERLAP_V1,data/raw/rxte/96060-01-36-00/acquisition.json,verified,recorded count/s/selected PCU/output bin,recorded count/s/selected PCU/output bin,Propagated archive statistical covariance; calibration/background systematics excluded,no artificial replacements,,85711b4e560b31045c9ecf5aa7748ae730b902dfb68356fdbbb883b720631eb7,,data/provenance/rxte_processing/96060-01-36-00.json,354e18794682400d1a42a4864c544e9df34807eb3890c6df6b9f5d0374638b6b
96060-01-51-00,96060-01-51-00,96060-01-51-00,4u_1705_44,verified,https://heasarc.gsfc.nasa.gov/FTP/xte/data/archive/AO15/P96060/96060-01-51-00/stdprod/xp96060015100_s2.pha.gz,/Users/youhanwanigasuriya/Documents/New project/bh_ns_source_generalization/data/raw/rxte/96060-01-51-00/source-5fb0d60551f7.bin,5fb0d60551f7821ea5775c059978e6132c51216948e78f0b8da1cb9bf3781ff1,data/processed/native/96060-01-51-00.npz,2448acde30fa1f0a422b27703dde92c19e88e66ccd526c62b7831cfb25037129,2026-09-22T11:07:27.947721+00:00,PCA_OGIP_RATE43_OVERLAP_V1,PCA_OGIP_RATE43_OVERLAP_V1,data/raw/rxte/96060-01-51-00/acquisition.json,verified,recorded count/s/selected PCU/output bin,recorded count/s/selected PCU/output bin,Propagated archive statistical covariance; calibration/background systematics excluded,no artificial replacements,,32f6ebbd3c44f301fa4f44a15df5fc54c33820d01f7e917273746fac02c09c58,,data/provenance/rxte_processing/96060-01-51-00.json,56c25cb05d9637caf483322185cb42ae9848f86a832222c7817f0fd0de66208e
96060-01-65-00,96060-01-65-00,96060-01-65-00,4u_1705_44,verified,https://heasarc.gsfc.nasa.gov/FTP/xte/data/archive/AO15/P96060/96060-01-65-00/stdprod/xp96060016500_s2.pha.gz,/Users/youhanwanigasuriya/Documents/New project/bh_ns_source_generalization/data/raw/rxte/96060-01-65-00/source-fe7ca686a194.bin,fe7ca686a194fbd1484dc36121bd2a9df3c6b8ad7975992803927833c48e2433,data/processed/native/96060-01-65-00.npz,28d4f77af7f4fcd06a51093227f8b924d32f276c7ad66eb86fd49b061b2a8524,2026-09-22T11:07:31.642906+00:00,PCA_OGIP_RATE43_OVERLAP_V1,PCA_OGIP_RATE43_OVERLAP_V1,data/raw/rxte/96060-01-65-00/acquisition.json,verified,recorded count/s/selected PCU/output bin,recorded count/s/selected PCU/output bin,Propagated archive statistical covariance; calibration/background systematics excluded,no artificial replacements,,d8f6a7a0952f76b45a8627e839944775adacab7efb73d61d66e953409d6c72d6,,data/provenance/rxte_processing/96060-01-65-00.json,3df68eda5747936f27b95725dbbea0796d9a2ca6677f55fa150adda5746b1c31
96060-01-78-00,96060-01-78-00,96060-01-78-00,4u_1705_44,verified,https://heasarc.gsfc.nasa.gov/FTP/xte/data/archive/AO15/P96060/96060-01-78-00/stdprod/xp96060017800_s2.pha.gz,/Users/youhanwanigasuriya/Documents/New project/bh_ns_source_generalization/data/raw/rxte/96060-01-78-00/source-f6b4d999c7e9.bin,f6b4d999c7e9de53491837376ca6d1341183f475889bfed1c9fc3e306b09d803,data/processed/native/96060-01-78-00.npz,05cd5e52a419ef1afb930144bfff9e5e19e8fc2855a2547e8e7280db181b8036,2026-09-22T10:55:49.522338+00:00,PCA_OGIP_RATE43_OVERLAP_V1,PCA_OGIP_RATE43_OVERLAP_V1,data/raw/rxte/96060-01-78-00/acquisition.json,verified,recorded count/s/selected PCU/output bin,recorded count/s/selected PCU/output bin,Propagated archive statistical covariance; calibration/background systematics excluded,no artificial replacements,,5acceec447c07c8c500d5891d133665ed3aa483d8c9997bd2c30770ec113e111,,data/provenance/rxte_processing/96060-01-78-00.json,915fb2a1a23e987953d5683e1ac9f425ecc58c8c435fca9294efa6cbe6f69ded
96085-04-01-00,96085-04-01-00,96085-04-01-00,sax_j1806_5_2215,verified,https://heasarc.gsfc.nasa.gov/FTP/xte/data/archive/AO15/P96085/96085-04-01-00/stdprod/xp96085040100_s2.pha.gz,/Users/youhanwanigasuriya/Documents/New project/bh_ns_source_generalization/data/raw/rxte/96085-04-01-00/source-54cbe072d3e1.bin,54cbe072d3e1f1c1652bcf67ad39e3a9a5a555437408d7c2fb824da82b7790db,data/processed/native/96085-04-01-00.npz,70ffcbc3b7a524ea199edf1b9cea196bd2d829e8ed1e4e8b3180fb700d048457,2026-09-22T10:56:41.177216+00:00,PCA_OGIP_RATE43_OVERLAP_V1,PCA_OGIP_RATE43_OVERLAP_V1,data/raw/rxte/96085-04-01-00/acquisition.json,verified,recorded count/s/selected PCU/output bin,recorded count/s/selected PCU/output bin,Propagated archive statistical covariance; calibration/background systematics excluded,no artificial replacements,,b4892316fc707e123edbc9105eb38ac4c73e3a20862fe810e245fee06c783549,,data/provenance/rxte_processing/96085-04-01-00.json,05448c57aec619329912d0209259225a834de3ba655182ac58dc43baf9f9343b
96085-04-02-01,96085-04-02-01,96085-04-02-01,sax_j1806_5_2215,verified,https://heasarc.gsfc.nasa.gov/FTP/xte/data/archive/AO15/P96085/96085-04-02-01/stdprod/xp96085040201_s2.pha.gz,/Users/youhanwanigasuriya/Documents/New project/bh_ns_source_generalization/data/raw/rxte/96085-04-02-01/source-f44fdc52e2b6.bin,f44fdc52e2b60ef0b79bf971b178da6df54508ebc388016d44ffb6ddeef878f8,data/processed/native/96085-04-02-01.npz,f09179ed88581e0772d09d0bac05f18f6017afaac6cd764faa9ba0a2f5603d41,2026-09-22T11:17:09.765777+00:00,PCA_OGIP_RATE43_OVERLAP_V1,PCA_OGIP_RATE43_OVERLAP_V1,data/raw/rxte/96085-04-02-01/acquisition.json,verified,recorded count/s/selected PCU/output bin,recorded count/s/selected PCU/output bin,Propagated archive statistical covariance; calibration/background systematics excluded,no artificial replacements,,bb3349f60c5c960820e2680aaf9d697fff53f6a102188cf84f2a3a5e309c4499,,data/provenance/rxte_processing/96085-04-02-01.json,1d38390bbc486477a1dea3a0ca8922f0b89f0d4f413a0397231e100312753ba8
96085-04-03-00,96085-04-03-00,96085-04-03-00,sax_j1806_5_2215,verified,https://heasarc.gsfc.nasa.gov/FTP/xte/data/archive/AO15/P96085/96085-04-03-00/stdprod/xp96085040300_s2.pha.gz,/Users/youhanwanigasuriya/Documents/New project/bh_ns_source_generalization/data/raw/rxte/96085-04-03-00/source-82a61f8142c6.bin,82a61f8142c68ab5cfdb30f8c6542aad869daeb0f2b7729b59f9ca14358a14be,data/processed/native/96085-04-03-00.npz,abc49b35b3fa8c2e904e64b65b0c810e6fe976d7aaab0fac32351619bac97c4f,2026-09-22T11:17:11.314434+00:00,PCA_OGIP_RATE43_OVERLAP_V1,PCA_OGIP_RATE43_OVERLAP_V1,data/raw/rxte/96085-04-03-00/acquisition.json,verified,recorded count/s/selected PCU/output bin,recorded count/s/selected PCU/output bin,Propagated archive statistical covariance; calibration/background systematics excluded,no artificial replacements,,f973db09d2a515deae8939710b5f8fddb21e4bfbdbf9eef5588d50334f7d1a8f,,data/provenance/rxte_processing/96085-04-03-00.json,b06b444449cd8c4188d4d09b0542996b8568d3482e709a8ddf2e70a4e6b040eb
96085-04-03-02,96085-04-03-02,96085-04-03-02,sax_j1806_5_2215,verified,https://heasarc.gsfc.nasa.gov/FTP/xte/data/archive/AO15/P96085/96085-04-03-02/stdprod/xp96085040302_s2.pha.gz,/Users/youhanwanigasuriya/Documents/New project/bh_ns_source_generalization/data/raw/rxte/96085-04-03-02/source-75cfb832025c.bin,75cfb832025c1fab6e4ca6eaf63c7e52f151bd923e286ceabc6c84e201bb2827,data/processed/native/96085-04-03-02.npz,ca31045f3624ebf1bddd4d541b3a72b664088562fb252c89bfaa45ba4b597a2a,2026-09-22T11:17:14.159130+00:00,PCA_OGIP_RATE43_OVERLAP_V1,PCA_OGIP_RATE43_OVERLAP_V1,data/raw/rxte/96085-04-03-02/acquisition.json,verified,recorded count/s/selected PCU/output bin,recorded count/s/selected PCU/output bin,Propagated archive statistical covariance; calibration/background systematics excluded,no artificial replacements,,5a13d05d64e7cbeed6a5e51fe14f35852a1e1c9c5b5f0e398a2564fff97fcf6d,,data/provenance/rxte_processing/96085-04-03-02.json,e52ced088a1f38b50ef7a59d28437de16c71ec6536c7949436d19f30cc810510
96085-04-03-03,96085-04-03-03,96085-04-03-03,sax_j1806_5_2215,verified,https://heasarc.gsfc.nasa.gov/FTP/xte/data/archive/AO15/P96085/96085-04-03-03/stdprod/xp96085040303_s2.pha.gz,/Users/youhanwanigasuriya/Documents/New project/bh_ns_source_generalization/data/raw/rxte/96085-04-03-03/source-840a911bcef7.bin,840a911bcef7c4f236246b6d0f8179ef6822721953269f270ed93b9fc662f0b2,data/processed/native/96085-04-03-03.npz,59d6feccdad1028c05367038a1370e5db15c9d9d88b17e81eccf5686d7b9c47f,2026-09-22T11:17:18.742624+00:00,PCA_OGIP_RATE43_OVERLAP_V1,PCA_OGIP_RATE43_OVERLAP_V1,data/raw/rxte/96085-04-03-03/acquisition.json,verified,recorded count/s/selected PCU/output bin,recorded count/s/selected PCU/output bin,Propagated archive statistical covariance; calibration/background systematics excluded,no artificial replacements,,5a13d05d64e7cbeed6a5e51fe14f35852a1e1c9c5b5f0e398a2564fff97fcf6d,,data/provenance/rxte_processing/96085-04-03-03.json,4d1ca879cbbb84b83975179d9a695787cc28bc5ad1b1b37ab8cee927e365e635
96085-04-04-00,96085-04-04-00,96085-04-04-00,sax_j1806_5_2215,verified,https://heasarc.gsfc.nasa.gov/FTP/xte/data/archive/AO15/P96085/96085-04-04-00/stdprod/xp96085040400_s2.pha.gz,/Users/youhanwanigasuriya/Documents/New project/bh_ns_source_generalization/data/raw/rxte/96085-04-04-00/source-c43a49195597.bin,c43a49195597733ad91248c7374e1f254ff9e81e5bdeab1ac24580a3288b8984,data/processed/native/96085-04-04-00.npz,da6e0a94afb9ee7c99aa45016a81e99065837268f2a45e7e5724f3e59251ef24,2026-09-22T11:17:18.854112+00:00,PCA_OGIP_RATE43_OVERLAP_V1,PCA_OGIP_RATE43_OVERLAP_V1,data/raw/rxte/96085-04-04-00/acquisition.json,verified,recorded count/s/selected PCU/output bin,recorded count/s/selected PCU/output bin,Propagated archive statistical covariance; calibration/background systematics excluded,no artificial replacements,,31dccc4d8ed10dd5b5c3049dedfaa24426ec36d2d851f5134bb239752ef31546,,data/provenance/rxte_processing/96085-04-04-00.json,3a873fc91b2626002224f68e01be7961578fcdd07675546bf026a9d9c998ac98
96085-04-04-01,96085-04-04-01,96085-04-04-01,sax_j1806_5_2215,verified,https://heasarc.gsfc.nasa.gov/FTP/xte/data/archive/AO15/P96085/96085-04-04-01/stdprod/xp96085040401_s2.pha.gz,/Users/youhanwanigasuriya/Documents/New project/bh_ns_source_generalization/data/raw/rxte/96085-04-04-01/source-026e61820e54.bin,026e61820e54421f4176ab1600c87959bef741f57c965e185d9d754a0c1cdf40,data/processed/native/96085-04-04-01.npz,98c271eaba2530d47e57c818492f439356343ea5da77efb26f8ac28d636c4561,2026-09-22T11:17:19.748583+00:00,PCA_OGIP_RATE43_OVERLAP_V1,PCA_OGIP_RATE43_OVERLAP_V1,data/raw/rxte/96085-04-04-01/acquisition.json,verified,recorded count/s/selected PCU/output bin,recorded count/s/selected PCU/output bin,Propagated archive statistical covariance; calibration/background systematics excluded,no artificial replacements,,0599c273de8250c2d0ba5e1ad7c32af96a45773073934e4a3ebf5fee72a3e25d,,data/provenance/rxte_processing/96085-04-04-01.json,4bf7e69526979075ffac2afe71ebd93149f731380bf0532b2b299a79befdefb8
96085-04-04-03,96085-04-04-03,96085-04-04-03,sax_j1806_5_2215,verified,https://heasarc.gsfc.nasa.gov/FTP/xte/data/archive/AO15/P96085/96085-04-04-03/stdprod/xp96085040403_s2.pha.gz,/Users/youhanwanigasuriya/Documents/New project/bh_ns_source_generalization/data/raw/rxte/96085-04-04-03/source-2f2c8ad42a84.bin,2f2c8ad42a84fed3362e7afe387bfe8e3f2120706782ed2b18fbcd43e4c0332c,data/processed/native/96085-04-04-03.npz,9e9ce67e434a7cdb4568496b8376e41d160331578f1d195f2c0567b3ceccd178,2026-09-22T11:17:22.123613+00:00,PCA_OGIP_RATE43_OVERLAP_V1,PCA_OGIP_RATE43_OVERLAP_V1,data/raw/rxte/96085-04-04-03/acquisition.json,verified,recorded count/s/selected PCU/output bin,recorded count/s/selected PCU/output bin,Propagated archive statistical covariance; calibration/background systematics excluded,no artificial replacements,,4c95f730d236bada6ed40434eb82e08e83f5dfb68ad284cca5f95be87e796f82,,data/provenance/rxte_processing/96085-04-04-03.json,2e184fc3e516d5ce0e85e9f6e5a595070586c1daad6dee8f5a9b2f5a1fcb7a9e
96085-04-05-00,96085-04-05-00,96085-04-05-00,sax_j1806_5_2215,verified,https://heasarc.gsfc.nasa.gov/FTP/xte/data/archive/AO15/P96085/96085-04-05-00/stdprod/xp96085040500_s2.pha.gz,/Users/youhanwanigasuriya/Documents/New project/bh_ns_source_generalization/data/raw/rxte/96085-04-05-00/source-4cc6c825f258.bin,4cc6c825f25878acbba2d448d2275a63ea1418a08808e178f09e3da90ced30a2,data/processed/native/96085-04-05-00.npz,1784fddb8a53d94367d0217c24c1b25d36da8a9cc0bb664fff8b4748804de986,2026-09-22T11:17:25.587846+00:00,PCA_OGIP_RATE43_OVERLAP_V1,PCA_OGIP_RATE43_OVERLAP_V1,data/raw/rxte/96085-04-05-00/acquisition.json,verified,recorded count/s/selected PCU/output bin,recorded count/s/selected PCU/output bin,Propagated archive statistical covariance; calibration/background systematics excluded,no artificial replacements,,56a08a93dad11fe5f765ae00496193678abb4e1846e32b716cb5f771f5d22ede,,data/provenance/rxte_processing/96085-04-05-00.json,048cd80a2355d613efca31d6c88c4487be25714b08efd596e3255df5f9a2608d
96085-04-05-03,96085-04-05-03,96085-04-05-03,sax_j1806_5_2215,verified,https://heasarc.gsfc.nasa.gov/FTP/xte/data/archive/AO15/P96085/96085-04-05-03/stdprod/xp96085040503_s2.pha.gz,/Users/youhanwanigasuriya/Documents/New project/bh_ns_source_generalization/data/raw/rxte/96085-04-05-03/source-c37db8fbd342.bin,c37db8fbd3423cc6d338885cba4a0b03b82b296c2660f29c0238b5f4ccefea4c,data/processed/native/96085-04-05-03.npz,4e958676e084f43414e06c852824ac6cfeb075407c3713a8c82db4bae6090570,2026-09-22T11:17:25.929836+00:00,PCA_OGIP_RATE43_OVERLAP_V1,PCA_OGIP_RATE43_OVERLAP_V1,data/raw/rxte/96085-04-05-03/acquisition.json,verified,recorded count/s/selected PCU/output bin,recorded count/s/selected PCU/output bin,Propagated archive statistical covariance; calibration/background systematics excluded,no artificial replacements,,a12128335417aee4aa087b68d02fdb6353b131a0697f515b521f2cdff1a8032a,,data/provenance/rxte_processing/96085-04-05-03.json,1d176021a39004a1957bed381cb42c00bbd52e82c01f5d57ffff8fa995fc4478
96085-04-06-00,96085-04-06-00,96085-04-06-00,sax_j1806_5_2215,verified,https://heasarc.gsfc.nasa.gov/FTP/xte/data/archive/AO15/P96085/96085-04-06-00/stdprod/xp96085040600_s2.pha.gz,/Users/youhanwanigasuriya/Documents/New project/bh_ns_source_generalization/data/raw/rxte/96085-04-06-00/source-ec50a3f403dd.bin,ec50a3f403dd9096538e115b86cd3912d9deb265f985c3396b31a8b0c1aa3add,data/processed/native/96085-04-06-00.npz,ba018e051bbab187a13e112c12f679d8c0cdb9f18446eb8e67da40c4daa1abad,2026-09-22T11:17:28.832396+00:00,PCA_OGIP_RATE43_OVERLAP_V1,PCA_OGIP_RATE43_OVERLAP_V1,data/raw/rxte/96085-04-06-00/acquisition.json,verified,recorded count/s/selected PCU/output bin,recorded count/s/selected PCU/output bin,Propagated archive statistical covariance; calibration/background systematics excluded,no artificial replacements,,359a7b6f411067c06dcf562a7a302eabb5a4788bf8060664e9ed87253f0702c7,,data/provenance/rxte_processing/96085-04-06-00.json,da9602030aeb442a90395bc08b432acdd187160ad9c0a725c7699619ecf36743
96085-04-06-01,96085-04-06-01,96085-04-06-01,sax_j1806_5_2215,verified,https://heasarc.gsfc.nasa.gov/FTP/xte/data/archive/AO15/P96085/96085-04-06-01/stdprod/xp96085040601_s2.pha.gz,/Users/youhanwanigasuriya/Documents/New project/bh_ns_source_generalization/data/raw/rxte/96085-04-06-01/source-c78ec2fed6b5.bin,c78ec2fed6b5f281f0f46815fbc527619b22e2966d8f0a47bf0b5dd2d1585969,data/processed/native/96085-04-06-01.npz,e7cae2e580825edb5e7c1903128051d30670fb2cacbeb9e0617f61982b9bbf14,2026-09-22T11:17:29.165570+00:00,PCA_OGIP_RATE43_OVERLAP_V1,PCA_OGIP_RATE43_OVERLAP_V1,data/raw/rxte/96085-04-06-01/acquisition.json,verified,recorded count/s/selected PCU/output bin,recorded count/s/selected PCU/output bin,Propagated archive statistical covariance; calibration/background systematics excluded,no artificial replacements,,b6bb793003a7a96449cd97a34c70d7735ac3db0ede8873b457279958f00dac36,,data/provenance/rxte_processing/96085-04-06-01.json,0d4399511f809b9216def047e6d50bee7b1af64567c70852ffe9c41e61338638
96085-04-08-00,96085-04-08-00,96085-04-08-00,sax_j1806_5_2215,verified,https://heasarc.gsfc.nasa.gov/FTP/xte/data/archive/AO15/P96085/96085-04-08-00/stdprod/xp96085040800_s2.pha.gz,/Users/youhanwanigasuriya/Documents/New project/bh_ns_source_generalization/data/raw/rxte/96085-04-08-00/source-b9f9abb380ba.bin,b9f9abb380babbfc8374bad93cc4f3fb59d8c12733d59263a6a2f3ec7576b8f9,data/processed/native/96085-04-08-00.npz,0882390cd79a8eee411a3f575a39fdde78ba778eb3d630164dd330dfd60e601d,2026-09-22T11:17:31.429796+00:00,PCA_OGIP_RATE43_OVERLAP_V1,PCA_OGIP_RATE43_OVERLAP_V1,data/raw/rxte/96085-04-08-00/acquisition.json,verified,recorded count/s/selected PCU/output bin,recorded count/s/selected PCU/output bin,Propagated archive statistical covariance; calibration/background systematics excluded,no artificial replacements,,6e7a32b7701af58f410e3723b88da69a39cbda8d718b7f01208f9c021db2b660,,data/provenance/rxte_processing/96085-04-08-00.json,1c9ab355d45ca7116ce8b5aecd403b49df49b3a0cdfa805128490dc9eaa2cdc4
96085-04-09-00,96085-04-09-00,96085-04-09-00,sax_j1806_5_2215,verified,https://heasarc.gsfc.nasa.gov/FTP/xte/data/archive/AO15/P96085/96085-04-09-00/stdprod/xp96085040900_s2.pha.gz,/Users/youhanwanigasuriya/Documents/New project/bh_ns_source_generalization/data/raw/rxte/96085-04-09-00/source-e1f827693d7f.bin,e1f827693d7fa528a570b51f713fb16ebc7708389e77286917297ba8a39d8f31,data/processed/native/96085-04-09-00.npz,6797accde489ce7d6279cb97962c15381eab43dc2917641a2d5508f6722bfa6f,2026-09-22T11:17:32.502091+00:00,PCA_OGIP_RATE43_OVERLAP_V1,PCA_OGIP_RATE43_OVERLAP_V1,data/raw/rxte/96085-04-09-00/acquisition.json,verified,recorded count/s/selected PCU/output bin,recorded count/s/selected PCU/output bin,Propagated archive statistical covariance; calibration/background systematics excluded,no artificial replacements,,d88961fbbe3c5cf09b0ab931c10558e6e21680198211d046e78955c7cc4d66d4,,data/provenance/rxte_processing/96085-04-09-00.json,204f49b9a023d5cb0d67cfa55002a14820b932633112a0215b64d675b62e91ef
96085-04-09-01,96085-04-09-01,96085-04-09-01,sax_j1806_5_2215,verified,https://heasarc.gsfc.nasa.gov/FTP/xte/data/archive/AO15/P96085/96085-04-09-01/stdprod/xp96085040901_s2.pha.gz,/Users/youhanwanigasuriya/Documents/New project/bh_ns_source_generalization/data/raw/rxte/96085-04-09-01/source-de09c630fd51.bin,de09c630fd519c9df23c203c62e779676554e3f4a760702c900b243b88b15d34,data/processed/native/96085-04-09-01.npz,cb61070e757c4005944547c350fe7e6fc914879df77748de39671d8a2bdc69dd,2026-09-22T11:17:35.453401+00:00,PCA_OGIP_RATE43_OVERLAP_V1,PCA_OGIP_RATE43_OVERLAP_V1,data/raw/rxte/96085-04-09-01/acquisition.json,verified,recorded count/s/selected PCU/output bin,recorded count/s/selected PCU/output bin,Propagated archive statistical covariance; calibration/background systematics excluded,no artificial replacements,,e4467350a7bab2d76fcb84885aa97e7a1c75b22eeb6302b477c1fc97db029cc1,,data/provenance/rxte_processing/96085-04-09-01.json,663bac906cf75afeaf5422101c4b79653969464b86e1b31478c491cf2e609334
96085-04-10-01,96085-04-10-01,96085-04-10-01,sax_j1806_5_2215,verified,https://heasarc.gsfc.nasa.gov/FTP/xte/data/archive/AO15/P96085/96085-04-10-01/stdprod/xp96085041001_s2.pha.gz,/Users/youhanwanigasuriya/Documents/New project/bh_ns_source_generalization/data/raw/rxte/96085-04-10-01/source-97ec2bfbbfc1.bin,97ec2bfbbfc11de87866e8282b58124341420b7ce67296474817086b3ebe952c,data/processed/native/96085-04-10-01.npz,bd9a5189cf9af0891d2e4d5112de54e40b7cb7f8d3cafe1a8f30258e75c01eb7,2026-09-22T11:17:36.168065+00:00,PCA_OGIP_RATE43_OVERLAP_V1,PCA_OGIP_RATE43_OVERLAP_V1,data/raw/rxte/96085-04-10-01/acquisition.json,verified,recorded count/s/selected PCU/output bin,recorded count/s/selected PCU/output bin,Propagated archive statistical covariance; calibration/background systematics excluded,no artificial replacements,,23d225ff1e19ed0949280a2c2d026b44a6d6d1ee3187ac86e883156ee6ed6e46,,data/provenance/rxte_processing/96085-04-10-01.json,34c4961cc242db03d2827996e79ccf00396f70be7fc2570e19c3eece5576879e
96085-04-11-00,96085-04-11-00,96085-04-11-00,sax_j1806_5_2215,verified,https://heasarc.gsfc.nasa.gov/FTP/xte/data/archive/AO15/P96085/96085-04-11-00/stdprod/xp96085041100_s2.pha.gz,/Users/youhanwanigasuriya/Documents/New project/bh_ns_source_generalization/data/raw/rxte/96085-04-11-00/source-fc13101f0e49.bin,fc13101f0e490a178d4e7d1e5153c3bfac8a601f26a214a4a810fe4c3d406b55,data/processed/native/96085-04-11-00.npz,a081416f1543c0f9766709f09cee6eac9205d80f4b0d32fa195641b354bfb5ca,2026-09-22T10:56:44.365759+00:00,PCA_OGIP_RATE43_OVERLAP_V1,PCA_OGIP_RATE43_OVERLAP_V1,data/raw/rxte/96085-04-11-00/acquisition.json,verified,recorded count/s/selected PCU/output bin,recorded count/s/selected PCU/output bin,Propagated archive statistical covariance; calibration/background systematics excluded,no artificial replacements,,67ac04125c456e889d98820b77a8a4916543c52d0eca58194cf89ccf0ad0c803,,data/provenance/rxte_processing/96085-04-11-00.json,ca0bc5064d2a75fbbdde1fb5454e4a2790941b0a49b7ca997f00b7237ef529af
96085-04-12-01,96085-04-12-01,96085-04-12-01,sax_j1806_5_2215,verified,https://heasarc.gsfc.nasa.gov/FTP/xte/data/archive/AO15/P96085/96085-04-12-01/stdprod/xp96085041201_s2.pha.gz,/Users/youhanwanigasuriya/Documents/New project/bh_ns_source_generalization/data/raw/rxte/96085-04-12-01/source-501fedfb2dd4.bin,501fedfb2dd41282774b80f6b271236848e52e8b43b3628c597ea30d8e66356c,data/processed/native/96085-04-12-01.npz,6dab5a3d56eec3928007cc220c1f8d74b5e458907a067b63b7f04ccaf9f7ead7,2026-09-22T11:17:39.602015+00:00,PCA_OGIP_RATE43_OVERLAP_V1,PCA_OGIP_RATE43_OVERLAP_V1,data/raw/rxte/96085-04-12-01/acquisition.json,verified,recorded count/s/selected PCU/output bin,recorded count/s/selected PCU/output bin,Propagated archive statistical covariance; calibration/background systematics excluded,no artificial replacements,,3d076ff84c4d933e9f634f1b44c98a6a103cc4bbd0cff2aab61df3f4b7b89248,,data/provenance/rxte_processing/96085-04-12-01.json,085b6029f2dbb494a773ddf6ab2cfea82c11c914bf42ef7c8bf3ba47b176091f
96085-04-13-00,96085-04-13-00,96085-04-13-00,sax_j1806_5_2215,verified,https://heasarc.gsfc.nasa.gov/FTP/xte/data/archive/AO15/P96085/96085-04-13-00/stdprod/xp96085041300_s2.pha.gz,/Users/youhanwanigasuriya/Documents/New project/bh_ns_source_generalization/data/raw/rxte/96085-04-13-00/source-6fd78c0f6249.bin,6fd78c0f62496f42f7df43346cbd45d1b6b8bd3d7a48ec2396beda37c6740dbb,data/processed/native/96085-04-13-00.npz,5141c5a4dab930ed08ca3569e36aa79db10ae2809a037bd9261c38039f98bdd6,2026-09-22T11:17:42.360394+00:00,PCA_OGIP_RATE43_OVERLAP_V1,PCA_OGIP_RATE43_OVERLAP_V1,data/raw/rxte/96085-04-13-00/acquisition.json,verified,recorded count/s/selected PCU/output bin,recorded count/s/selected PCU/output bin,Propagated archive statistical covariance; calibration/background systematics excluded,no artificial replacements,,ab04e4094f8a7295ff4b521b3b5ba947c5b61bbd605a26536fb6c4d0b05b5194,,data/provenance/rxte_processing/96085-04-13-00.json,60449aad89aaa807af2bdd0a769b598b02b4acb0cdfc48affa1cd31cf4589802
96085-04-15-00,96085-04-15-00,96085-04-15-00,sax_j1806_5_2215,verified,https://heasarc.gsfc.nasa.gov/FTP/xte/data/archive/AO15/P96085/96085-04-15-00/stdprod/xp96085041500_s2.pha.gz,/Users/youhanwanigasuriya/Documents/New project/bh_ns_source_generalization/data/raw/rxte/96085-04-15-00/source-a66ece339968.bin,a66ece3399686133289319c8b172c418db0c6bfb510c004496855c42e9c5ef07,data/processed/native/96085-04-15-00.npz,b464325413f247b0aa2436b6c91236d6da965842ce2a4016dc65c117fb12e9ae,2026-09-22T11:17:44.081525+00:00,PCA_OGIP_RATE43_OVERLAP_V1,PCA_OGIP_RATE43_OVERLAP_V1,data/raw/rxte/96085-04-15-00/acquisition.json,verified,recorded count/s/selected PCU/output bin,recorded count/s/selected PCU/output bin,Propagated archive statistical covariance; calibration/background systematics excluded,no artificial replacements,,803a5e25cf079929a2a4f1a69889fc5a1a59978c7a24db9a7ae4fad50e5f0433,,data/provenance/rxte_processing/96085-04-15-00.json,1944989038f3f357da521e91dd55b5e6698ab859040c4cf4f5ee52afee1a6cbf
96085-04-16-00,96085-04-16-00,96085-04-16-00,sax_j1806_5_2215,verified,https://heasarc.gsfc.nasa.gov/FTP/xte/data/archive/AO15/P96085/96085-04-16-00/stdprod/xp96085041600_s2.pha.gz,/Users/youhanwanigasuriya/Documents/New project/bh_ns_source_generalization/data/raw/rxte/96085-04-16-00/source-1aecc2e05948.bin,1aecc2e0594822cbe7c5fc634e590dd05ee35b86d9af0015c3b8d0bb7136afc8,data/processed/native/96085-04-16-00.npz,a3a6f238950ae04a9acff7d772a887883b29b3f21434011c1d3e4368edaa5b09,2026-09-22T11:17:44.544279+00:00,PCA_OGIP_RATE43_OVERLAP_V1,PCA_OGIP_RATE43_OVERLAP_V1,data/raw/rxte/96085-04-16-00/acquisition.json,verified,recorded count/s/selected PCU/output bin,recorded count/s/selected PCU/output bin,Propagated archive statistical covariance; calibration/background systematics excluded,no artificial replacements,,c42e6009875708e6567feb1860fd0b15a4b1c97eaf6680b280e43e7084012b4d,,data/provenance/rxte_processing/96085-04-16-00.json,e046ee77c1b0352c459d90dcca9174feac6632e6b6322d4102b8f49caaaa37b5
96085-04-17-00,96085-04-17-00,96085-04-17-00,sax_j1806_5_2215,verified,https://heasarc.gsfc.nasa.gov/FTP/xte/data/archive/AO15/P96085/96085-04-17-00/stdprod/xp96085041700_s2.pha.gz,/Users/youhanwanigasuriya/Documents/New project/bh_ns_source_generalization/data/raw/rxte/96085-04-17-00/source-a19dc40ce5c0.bin,a19dc40ce5c02e5399262c3f0704c19858ef80016587a361f1b91d31dbe07cd9,data/processed/native/96085-04-17-00.npz,90430d177f8d16720cc52238e97d85b64c6b2d7faf31370e085d5224fecbdaab,2026-09-22T11:17:50.620863+00:00,PCA_OGIP_RATE43_OVERLAP_V1,PCA_OGIP_RATE43_OVERLAP_V1,data/raw/rxte/96085-04-17-00/acquisition.json,verified,recorded count/s/selected PCU/output bin,recorded count/s/selected PCU/output bin,Propagated archive statistical covariance; calibration/background systematics excluded,no artificial replacements,,7535dd5eb3cd3cf298b4c55158d4941ea94359eca5b62489812f9017daaa8ece,,data/provenance/rxte_processing/96085-04-17-00.json,e34af3d2430eb0180216afd08b9e2ac0a6fe4a77d2fdba77f7a7b806740a857c
96085-04-19-00,96085-04-19-00,96085-04-19-00,sax_j1806_5_2215,verified,https://heasarc.gsfc.nasa.gov/FTP/xte/data/archive/AO15/P96085/96085-04-19-00/stdprod/xp96085041900_s2.pha.gz,/Users/youhanwanigasuriya/Documents/New project/bh_ns_source_generalization/data/raw/rxte/96085-04-19-00/source-e7757268bf4b.bin,e7757268bf4b82c7fab983286ecf05278fcb23e45862a995cbf501a5a8f13b15,data/processed/native/96085-04-19-00.npz,272b0af194bce71fafa786e385b88ed204f127f1be153953a76da850aff9fba0,2026-09-22T11:17:50.960578+00:00,PCA_OGIP_RATE43_OVERLAP_V1,PCA_OGIP_RATE43_OVERLAP_V1,data/raw/rxte/96085-04-19-00/acquisition.json,verified,recorded count/s/selected PCU/output bin,recorded count/s/selected PCU/output bin,Propagated archive statistical covariance; calibration/background systematics excluded,no artificial replacements,,6df37f9ff284ca835cc2eccae951434aa846179a5644f5bde3b4cdad055e42dd,,data/provenance/rxte_processing/96085-04-19-00.json,3e2f2579529fa32936fcde1af1dab0b05b5a5765c1aa7a98b9add48133b9b61d
96085-04-20-00,96085-04-20-00,96085-04-20-00,sax_j1806_5_2215,verified,https://heasarc.gsfc.nasa.gov/FTP/xte/data/archive/AO15/P96085/96085-04-20-00/stdprod/xp96085042000_s2.pha.gz,/Users/youhanwanigasuriya/Documents/New project/bh_ns_source_generalization/data/raw/rxte/96085-04-20-00/source-72d2a0b1114f.bin,72d2a0b1114f91a993d6edc9f97b86e0af0f587d5c1498efe204ba15d3a6427d,data/processed/native/96085-04-20-00.npz,e21dd0c15c6a4070f792f4a591890561d7427932a4e09ea441cf11b99d872e46,2026-09-22T11:17:54.357005+00:00,PCA_OGIP_RATE43_OVERLAP_V1,PCA_OGIP_RATE43_OVERLAP_V1,data/raw/rxte/96085-04-20-00/acquisition.json,verified,recorded count/s/selected PCU/output bin,recorded count/s/selected PCU/output bin,Propagated archive statistical covariance; calibration/background systematics excluded,no artificial replacements,,198b77aea8d576fe3c353854e381a66cdb68b0232b5931ceeb5d57b4527aeebd,,data/provenance/rxte_processing/96085-04-20-00.json,3b7b05903207508811383bef711681d1d45674f6931826cc4d12bbb5daf36ae2
96085-04-23-00,96085-04-23-00,96085-04-23-00,sax_j1806_5_2215,verified,https://heasarc.gsfc.nasa.gov/FTP/xte/data/archive/AO15/P96085/96085-04-23-00/stdprod/xp96085042300_s2.pha.gz,/Users/youhanwanigasuriya/Documents/New project/bh_ns_source_generalization/data/raw/rxte/96085-04-23-00/source-deaa9e63fdd7.bin,deaa9e63fdd7630b38b09d4d99920cb90d3ecec6b7b9085cebc638c6f5229d7e,data/processed/native/96085-04-23-00.npz,187a994ae6806282de6fb2e6e67042f36f18705fed15d205fc09cbc664440a2c,2026-09-22T11:17:56.368072+00:00,PCA_OGIP_RATE43_OVERLAP_V1,PCA_OGIP_RATE43_OVERLAP_V1,data/raw/rxte/96085-04-23-00/acquisition.json,verified,recorded count/s/selected PCU/output bin,recorded count/s/selected PCU/output bin,Propagated archive statistical covariance; calibration/background systematics excluded,no artificial replacements,,d8f54556ceb5bcf8a9cfdaa0434c1676339a3f6f92efd84e8866a78118135389,,data/provenance/rxte_processing/96085-04-23-00.json,b78eb40023dc5d57195bb97397066af20a984f5f91941fe383ff80b5199737ad
96085-04-25-00,96085-04-25-00,96085-04-25-00,sax_j1806_5_2215,verified,https://heasarc.gsfc.nasa.gov/FTP/xte/data/archive/AO15/P96085/96085-04-25-00/stdprod/xp96085042500_s2.pha.gz,/Users/youhanwanigasuriya/Documents/New project/bh_ns_source_generalization/data/raw/rxte/96085-04-25-00/source-86a8f746fb3e.bin,86a8f746fb3ef67e00a3613708932249dffc085db03b567cd09114efa9a7fc7b,data/processed/native/96085-04-25-00.npz,cd2d26a69c5a9609da15636744eb39be2433d6df7b4ceee29cf8364109b3c003,2026-09-22T11:17:56.691955+00:00,PCA_OGIP_RATE43_OVERLAP_V1,PCA_OGIP_RATE43_OVERLAP_V1,data/raw/rxte/96085-04-25-00/acquisition.json,verified,recorded count/s/selected PCU/output bin,recorded count/s/selected PCU/output bin,Propagated archive statistical covariance; calibration/background systematics excluded,no artificial replacements,,8a6b684839c26c5a055d15074d1c9dbdc122ae7975a0060c9ca9a8ec85d9ddf6,,data/provenance/rxte_processing/96085-04-25-00.json,f17ddc3886cc9fe552e8e09f1022e66647fba8cfd23af36cea39c27e332081d5
96085-04-26-00,96085-04-26-00,96085-04-26-00,sax_j1806_5_2215,verified,https://heasarc.gsfc.nasa.gov/FTP/xte/data/archive/AO15/P96085/96085-04-26-00/stdprod/xp96085042600_s2.pha.gz,/Users/youhanwanigasuriya/Documents/New project/bh_ns_source_generalization/data/raw/rxte/96085-04-26-00/source-c6614b111413.bin,c6614b1114135f679bac597f7a0cdd156d1a15c6c087f5afd9676b5bd4235fe2,data/processed/native/96085-04-26-00.npz,0d756beee9dc99e6c2725989316f3dc8725c079182e43af6e345a500ef634f3c,2026-09-22T11:17:57.378780+00:00,PCA_OGIP_RATE43_OVERLAP_V1,PCA_OGIP_RATE43_OVERLAP_V1,data/raw/rxte/96085-04-26-00/acquisition.json,verified,recorded count/s/selected PCU/output bin,recorded count/s/selected PCU/output bin,Propagated archive statistical covariance; calibration/background systematics excluded,no artificial replacements,,ca0da7135cbdc77e64ea683bac740017a66bada9032020b6402bd7a8c2ab7563,,data/provenance/rxte_processing/96085-04-26-00.json,89dc81ef3d4fea26b2e9202896156ba87a0ad3fddf9bc8da5ba3f9736aaa8484
96085-04-28-00,96085-04-28-00,96085-04-28-00,sax_j1806_5_2215,verified,https://heasarc.gsfc.nasa.gov/FTP/xte/data/archive/AO15/P96085/96085-04-28-00/stdprod/xp96085042800_s2.pha.gz,/Users/youhanwanigasuriya/Documents/New project/bh_ns_source_generalization/data/raw/rxte/96085-04-28-00/source-fed1b7ac314b.bin,fed1b7ac314b1ea72c662c748b9d09c61e5070bae0bd435e5022c0dc331353cd,data/processed/native/96085-04-28-00.npz,e24f8d0fec3d656617635f782e34f66751db6d2d7d01cc3a62d2fd58ea5b96b1,2026-09-22T11:18:01.235013+00:00,PCA_OGIP_RATE43_OVERLAP_V1,PCA_OGIP_RATE43_OVERLAP_V1,data/raw/rxte/96085-04-28-00/acquisition.json,verified,recorded count/s/selected PCU/output bin,recorded count/s/selected PCU/output bin,Propagated archive statistical covariance; calibration/background systematics excluded,no artificial replacements,,8d2da3b3effae8b51fc49447ad1a34ea6e0ab75cc057893422445d6d6715d3dc,,data/provenance/rxte_processing/96085-04-28-00.json,b8a1e00cc727259ac5957cdd74b9f2e09a2d95dba21b365553fda67d4d6bcdc5
96085-04-29-00,96085-04-29-00,96085-04-29-00,sax_j1806_5_2215,verified,https://heasarc.gsfc.nasa.gov/FTP/xte/data/archive/AO15/P96085/96085-04-29-00/stdprod/xp96085042900_s2.pha.gz,/Users/youhanwanigasuriya/Documents/New project/bh_ns_source_generalization/data/raw/rxte/96085-04-29-00/source-2cd25e302028.bin,2cd25e3020283d7a4eae89f694ea5d4cff485dd8310b7a05c9796c9818c958bd,data/processed/native/96085-04-29-00.npz,e520d64df86bfbe8ce4710376ef25ad3a3b6a6c2b1516c36755006b75cbc8294,2026-09-22T11:18:01.245777+00:00,PCA_OGIP_RATE43_OVERLAP_V1,PCA_OGIP_RATE43_OVERLAP_V1,data/raw/rxte/96085-04-29-00/acquisition.json,verified,recorded count/s/selected PCU/output bin,recorded count/s/selected PCU/output bin,Propagated archive statistical covariance; calibration/background systematics excluded,no artificial replacements,,d8f6a7a0952f76b45a8627e839944775adacab7efb73d61d66e953409d6c72d6,,data/provenance/rxte_processing/96085-04-29-00.json,d4abfd586aa8bc7e75b7d1780e3157af3190245431de8841bd72f2fc7c16b7df
96085-04-30-00,96085-04-30-00,96085-04-30-00,sax_j1806_5_2215,verified,https://heasarc.gsfc.nasa.gov/FTP/xte/data/archive/AO15/P96085/96085-04-30-00/stdprod/xp96085043000_s2.pha.gz,/Users/youhanwanigasuriya/Documents/New project/bh_ns_source_generalization/data/raw/rxte/96085-04-30-00/source-5d97d5cb3034.bin,5d97d5cb303499e4a5aeb6b58039afc4327410f54cf04717542c7759e57508ce,data/processed/native/96085-04-30-00.npz,6ba9cd4e08398506adc4a5239b72842806cb9d0e123c197c02912d554597d134,2026-09-22T11:18:04.789414+00:00,PCA_OGIP_RATE43_OVERLAP_V1,PCA_OGIP_RATE43_OVERLAP_V1,data/raw/rxte/96085-04-30-00/acquisition.json,verified,recorded count/s/selected PCU/output bin,recorded count/s/selected PCU/output bin,Propagated archive statistical covariance; calibration/background systematics excluded,no artificial replacements,,8167da3e43637bd28fb69402cefcc3cf8c6b0993f44156f92230895df248b9c6,,data/provenance/rxte_processing/96085-04-30-00.json,10fdb77b0dd4f19d1977ee5c0d846cd8221a01dc13659b764e1eb9e3a2af4939
96085-04-31-00,96085-04-31-00,96085-04-31-00,sax_j1806_5_2215,verified,https://heasarc.gsfc.nasa.gov/FTP/xte/data/archive/AO15/P96085/96085-04-31-00/stdprod/xp96085043100_s2.pha.gz,/Users/youhanwanigasuriya/Documents/New project/bh_ns_source_generalization/data/raw/rxte/96085-04-31-00/source-2b0111ff8bc4.bin,2b0111ff8bc4a18d459b15c02685049b4d9b26525071ba6c28320b7531df7358,data/processed/native/96085-04-31-00.npz,a10cf4f1c7d10ece850a485dcdb7dc8e854e9a0cbdfe02db277c3326fbb45417,2026-09-22T11:18:06.872588+00:00,PCA_OGIP_RATE43_OVERLAP_V1,PCA_OGIP_RATE43_OVERLAP_V1,data/raw/rxte/96085-04-31-00/acquisition.json,verified,recorded count/s/selected PCU/output bin,recorded count/s/selected PCU/output bin,Propagated archive statistical covariance; calibration/background systematics excluded,no artificial replacements,,1f95a246ffefe7e1b9ea1662e20041344a044e539cceefee8e85398e78ac8c89,,data/provenance/rxte_processing/96085-04-31-00.json,b24196cf0ed1c91f034730f2ef0a3b358075e03e5bd602b1d2aa861dbb016dbd
96085-04-33-00,96085-04-33-00,96085-04-33-00,sax_j1806_5_2215,verified,https://heasarc.gsfc.nasa.gov/FTP/xte/data/archive/AO15/P96085/96085-04-33-00/stdprod/xp96085043300_s2.pha.gz,/Users/youhanwanigasuriya/Documents/New project/bh_ns_source_generalization/data/raw/rxte/96085-04-33-00/source-3b98ae29c225.bin,3b98ae29c22515691d499a8d9535a7189758e79d7256845a6a5add843bfd3456,data/processed/native/96085-04-33-00.npz,331a28928720fa69498bb98575bc618002e5f9a2b6786daf8c91c245fb673dd7,2026-09-22T10:56:45.733927+00:00,PCA_OGIP_RATE43_OVERLAP_V1,PCA_OGIP_RATE43_OVERLAP_V1,data/raw/rxte/96085-04-33-00/acquisition.json,verified,recorded count/s/selected PCU/output bin,recorded count/s/selected PCU/output bin,Propagated archive statistical covariance; calibration/background systematics excluded,no artificial replacements,,b5f32b731524fa47caa0f986607b73be70f438df54ec0f6782a990b50412db0f,,data/provenance/rxte_processing/96085-04-33-00.json,89c85ed75d95e62cf8863a799c25940cdb6a2ec54d8b616b261663884f8f9e9d
96087-01-25-00,96087-01-25-00,96087-01-25-00,4u_1636_536,verified,https://heasarc.gsfc.nasa.gov/FTP/xte/data/archive/AO15/P96087/96087-01-25-00/stdprod/xp96087012500_s2.pha.gz,/Users/youhanwanigasuriya/Documents/New project/bh_ns_source_generalization/data/raw/rxte/96087-01-25-00/source-c29686736645.bin,c29686736645de37eb665f57a460ff71d3f4526c9d367b2e0787571cd5a9568f,data/processed/native/96087-01-25-00.npz,07cd8df42f806bc440200510ace5db5fc67e3ca3f5fd4496852cbd5a22e98bb7,2026-09-22T11:05:48.134046+00:00,PCA_OGIP_RATE43_OVERLAP_V1,PCA_OGIP_RATE43_OVERLAP_V1,data/raw/rxte/96087-01-25-00/acquisition.json,verified,recorded count/s/selected PCU/output bin,recorded count/s/selected PCU/output bin,Propagated archive statistical covariance; calibration/background systematics excluded,no artificial replacements,,84c5bad6f608bbeb601a560cc2e2850e54fce73b9f532813ddd6d8892bc5fe8f,,data/provenance/rxte_processing/96087-01-25-00.json,ebf0e9681032656f379267fddb28f1dc39c0472dadc5d8be6a19bebf6809ac73
96087-01-28-10,96087-01-28-10,96087-01-28-10,4u_1636_536,verified,https://heasarc.gsfc.nasa.gov/FTP/xte/data/archive/AO15/P96087/96087-01-28-10/stdprod/xp96087012810_s2.pha.gz,/Users/youhanwanigasuriya/Documents/New project/bh_ns_source_generalization/data/raw/rxte/96087-01-28-10/source-5fbc05e4220e.bin,5fbc05e4220ec464500281eddb232c4cd4d45d5e47b6189a9c2045a5e398b1d4,data/processed/native/96087-01-28-10.npz,62eb298debe7658d620f243adf07871720396c03372b6e024ffff8bb4b2e900a,2026-09-22T11:05:50.674766+00:00,PCA_OGIP_RATE43_OVERLAP_V1,PCA_OGIP_RATE43_OVERLAP_V1,data/raw/rxte/96087-01-28-10/acquisition.json,verified,recorded count/s/selected PCU/output bin,recorded count/s/selected PCU/output bin,Propagated archive statistical covariance; calibration/background systematics excluded,no artificial replacements,,d1fe48065a44452eae714767a446fe68adbff11d87d0e0d1b977ce68f7c39674,,data/provenance/rxte_processing/96087-01-28-10.json,5d2ef9eff6f1479291b664da029048e8fd9f4e7f32491743e871e9ecd52ccdab
96087-01-77-00,96087-01-77-00,96087-01-77-00,4u_1636_536,verified,https://heasarc.gsfc.nasa.gov/FTP/xte/data/archive/AO15/P96087/96087-01-77-00/stdprod/xp96087017700_s2.pha.gz,/Users/youhanwanigasuriya/Documents/New project/bh_ns_source_generalization/data/raw/rxte/96087-01-77-00/source-8bfd2372e353.bin,8bfd2372e35398cd1cf90f4c817fec2c2e6a3e5c866483d5190443281f77aedd,data/processed/native/96087-01-77-00.npz,abfa57d95af3268d75a8f2fcb8d35f76290b9248293ef14acc486e4105bae43a,2026-09-22T11:05:49.356917+00:00,PCA_OGIP_RATE43_OVERLAP_V1,PCA_OGIP_RATE43_OVERLAP_V1,data/raw/rxte/96087-01-77-00/acquisition.json,verified,recorded count/s/selected PCU/output bin,recorded count/s/selected PCU/output bin,Propagated archive statistical covariance; calibration/background systematics excluded,no artificial replacements,,09a2d4b971b8bd96e2bb4a8c8f33e596166d24f3cf3654cf8dfdeb37ae6ffcaf,,data/provenance/rxte_processing/96087-01-77-00.json,82ab5e80269d16b38c1bcfe0c5b8f7358d41e10f6cf0d40963d76aa782a4401c
96087-01-84-10,96087-01-84-10,96087-01-84-10,4u_1636_536,verified,https://heasarc.gsfc.nasa.gov/FTP/xte/data/archive/AO15/P96087/96087-01-84-10/stdprod/xp96087018410_s2.pha.gz,/Users/youhanwanigasuriya/Documents/New project/bh_ns_source_generalization/data/raw/rxte/96087-01-84-10/source-04125640d644.bin,04125640d6448145f94534adb428244f89c05e08bd1ad670ffe961c21a268ce8,data/processed/native/96087-01-84-10.npz,3e98227c53ae7dfc8120cfb5c9e8eeba51bd030e66117617ed5d16d926f9a636,2026-09-22T10:55:40.293500+00:00,PCA_OGIP_RATE43_OVERLAP_V1,PCA_OGIP_RATE43_OVERLAP_V1,data/raw/rxte/96087-01-84-10/acquisition.json,verified,recorded count/s/selected PCU/output bin,recorded count/s/selected PCU/output bin,Propagated archive statistical covariance; calibration/background systematics excluded,no artificial replacements,,f91c343b400f1a01719187f28885b73f9bf488941af98b0c662b72e7a7222734,,data/provenance/rxte_processing/96087-01-84-10.json,4c9b33c54ff01d7b042faa5bf28375e6bceb78e841ff44700b5c28839181651f
96307-01-04-00,96307-01-04-00,96307-01-04-00,4u_0614_09,verified,https://heasarc.gsfc.nasa.gov/FTP/xte/data/archive/AO15/P96307/96307-01-04-00/stdprod/xp96307010400_s2.pha.gz,/Users/youhanwanigasuriya/Documents/New project/bh_ns_source_generalization/data/raw/rxte/96307-01-04-00/source-f6c2e10a97de.bin,f6c2e10a97de789357be313f7f94127d164c2095a64daf2deb817b1a9e4766dc,data/processed/native/96307-01-04-00.npz,ef16f489e6f75f9353c6ca3080049a62640f5a63ee4c1c681c935136157c8799,2026-09-22T11:03:14.805585+00:00,PCA_OGIP_RATE43_OVERLAP_V1,PCA_OGIP_RATE43_OVERLAP_V1,data/raw/rxte/96307-01-04-00/acquisition.json,verified,recorded count/s/selected PCU/output bin,recorded count/s/selected PCU/output bin,Propagated archive statistical covariance; calibration/background systematics excluded,no artificial replacements,,a9cd2f8abcdf6ee7f943a76b335a6c050131ced62d48c381a58c30b84912fd4f,,data/provenance/rxte_processing/96307-01-04-00.json,ed027dc6a0294b04a61d546520810816314e808306f515a2202d1672d1d68859
96307-01-10-00,96307-01-10-00,96307-01-10-00,4u_0614_09,verified,https://heasarc.gsfc.nasa.gov/FTP/xte/data/archive/AO15/P96307/96307-01-10-00/stdprod/xp96307011000_s2.pha.gz,/Users/youhanwanigasuriya/Documents/New project/bh_ns_source_generalization/data/raw/rxte/96307-01-10-00/source-8851de64d31a.bin,8851de64d31a1d034b5dd72499d748cec2e4b5a9311dbd7be01f39b19521f417,data/processed/native/96307-01-10-00.npz,f71c46b067c3d9235fd5e378f3f52ea11a64a5704d0c9a401bd1cd05d49be022,2026-09-22T10:55:16.896595+00:00,PCA_OGIP_RATE43_OVERLAP_V1,PCA_OGIP_RATE43_OVERLAP_V1,data/raw/rxte/96307-01-10-00/acquisition.json,verified,recorded count/s/selected PCU/output bin,recorded count/s/selected PCU/output bin,Propagated archive statistical covariance; calibration/background systematics excluded,no artificial replacements,,f91c343b400f1a01719187f28885b73f9bf488941af98b0c662b72e7a7222734,,data/provenance/rxte_processing/96307-01-10-00.json,b2ff8943a151a4fe0fa708ab8d61c4accc4284f628d638fe42b8f2e488cbf3e7
96322-01-02-01,96322-01-02-01,96322-01-02-01,4u_1728_34,verified,https://heasarc.gsfc.nasa.gov/FTP/xte/data/archive/AO15/P96322/96322-01-02-01/stdprod/xp96322010201_s2.pha.gz,/Users/youhanwanigasuriya/Documents/New project/bh_ns_source_generalization/data/raw/rxte/96322-01-02-01/source-a51a8a24df0e.bin,a51a8a24df0e2f37d952af4099beb3497d29e2ddc7fc72513e2f9140c13fc1c0,data/processed/native/96322-01-02-01.npz,2f32c1a082372fcbfba68f8344135c2aada6d5a0835cad54327e0ed84c3293cd,2026-09-22T11:08:21.654538+00:00,PCA_OGIP_RATE43_OVERLAP_V1,PCA_OGIP_RATE43_OVERLAP_V1,data/raw/rxte/96322-01-02-01/acquisition.json,verified,recorded count/s/selected PCU/output bin,recorded count/s/selected PCU/output bin,Propagated archive statistical covariance; calibration/background systematics excluded,no artificial replacements,,bd5728baca5e13b720237cb2b6914befffdb1b13666dd57b5624bf26a582b37d,,data/provenance/rxte_processing/96322-01-02-01.json,efc2d06e30074e9ae9844b767f6cc3794b458a3e9720e58dffbaabba9a72107d
96322-01-05-00,96322-01-05-00,96322-01-05-00,4u_1728_34,verified,https://heasarc.gsfc.nasa.gov/FTP/xte/data/archive/AO15/P96322/96322-01-05-00/stdprod/xp96322010500_s2.pha.gz,/Users/youhanwanigasuriya/Documents/New project/bh_ns_source_generalization/data/raw/rxte/96322-01-05-00/source-603ae7ee4a99.bin,603ae7ee4a99128d5117f85d730a96d402845817a4c6e5200b949433888afa2b,data/processed/native/96322-01-05-00.npz,2d2bd24ad66b6d39b430bc04c422fddc46e1f86203d0a190b2ca6ecd5fd11c91,2026-09-22T10:55:56.906958+00:00,PCA_OGIP_RATE43_OVERLAP_V1,PCA_OGIP_RATE43_OVERLAP_V1,data/raw/rxte/96322-01-05-00/acquisition.json,verified,recorded count/s/selected PCU/output bin,recorded count/s/selected PCU/output bin,Propagated archive statistical covariance; calibration/background systematics excluded,no artificial replacements,,58497441dafca31ab111d9b798e40962262ae1c53b1549c0d4ac22a146b9d1d9,,data/provenance/rxte_processing/96322-01-05-00.json,145327fc83d46597af840c6e5359be92df98ab9ed4602a12d1690d763d33f4d6
96325-01-01-03,96325-01-01-03,96325-01-01-03,4u_1735_444,verified,https://heasarc.gsfc.nasa.gov/FTP/xte/data/archive/AO15/P96325/96325-01-01-03/stdprod/xp96325010103_s2.pha.gz,/Users/youhanwanigasuriya/Documents/New project/bh_ns_source_generalization/data/raw/rxte/96325-01-01-03/source-f71dae5cb760.bin,f71dae5cb76013a56eb9e472680db02db06c2138a1e7816bb56f443a1ba4c832,data/processed/native/96325-01-01-03.npz,c7297ff280166cfaf3669a7a6ad2fbeb7ee076fa3f214fff5cf58b7736cf6ad7,2026-09-22T11:09:14.881477+00:00,PCA_OGIP_RATE43_OVERLAP_V1,PCA_OGIP_RATE43_OVERLAP_V1,data/raw/rxte/96325-01-01-03/acquisition.json,verified,recorded count/s/selected PCU/output bin,recorded count/s/selected PCU/output bin,Propagated archive statistical covariance; calibration/background systematics excluded,no artificial replacements,,16d2beb5a8d8b4ee2e8d72d2836d6a90d0abc7858c9219db2a22a56b80d84608,,data/provenance/rxte_processing/96325-01-01-03.json,7601ee7188e9a5df2f3790cb6cb33648b15bc5c4dd169bdbbd45a9a14ea660d4
96331-01-01-00,96331-01-01-00,96331-01-01-00,4u_1735_444,verified,https://heasarc.gsfc.nasa.gov/FTP/xte/data/archive/AO15/P96331/96331-01-01-00/stdprod/xp96331010100_s2.pha.gz,/Users/youhanwanigasuriya/Documents/New project/bh_ns_source_generalization/data/raw/rxte/96331-01-01-00/source-158adf774f48.bin,158adf774f4862dbaf6b08f1c132dff6eb55b3abb655fe43f721085551978e9b,data/processed/native/96331-01-01-00.npz,c2c3fa1ab37adbe5e1d3fa6c32b64aae1c26111a96d4c34ce9bcc81f52108823,2026-09-22T11:09:15.476575+00:00,PCA_OGIP_RATE43_OVERLAP_V1,PCA_OGIP_RATE43_OVERLAP_V1,data/raw/rxte/96331-01-01-00/acquisition.json,verified,recorded count/s/selected PCU/output bin,recorded count/s/selected PCU/output bin,Propagated archive statistical covariance; calibration/background systematics excluded,no artificial replacements,,9530fa6b0a04ef4db9de01a216d704a0bd5a421215bcffabe2148bdd51405ab9,,data/provenance/rxte_processing/96331-01-01-00.json,f8226dd1e8a1447ad3c3c359437fce4ce418bf1fe27b29f24dfa7abacf297f25
96331-01-03-02,96331-01-03-02,96331-01-03-02,4u_1735_444,verified,https://heasarc.gsfc.nasa.gov/FTP/xte/data/archive/AO15/P96331/96331-01-03-02/stdprod/xp96331010302_s2.pha.gz,/Users/youhanwanigasuriya/Documents/New project/bh_ns_source_generalization/data/raw/rxte/96331-01-03-02/source-d53f158217a0.bin,d53f158217a0709a9a45dc53e283298639eb839e3f8e557996c7ba786ce9ce61,data/processed/native/96331-01-03-02.npz,958588b2c7e96b1ec9564dd09cb61f105ec3e7a94addd4ef77c20bb5c3791583,2026-09-22T10:56:01.062346+00:00,PCA_OGIP_RATE43_OVERLAP_V1,PCA_OGIP_RATE43_OVERLAP_V1,data/raw/rxte/96331-01-03-02/acquisition.json,verified,recorded count/s/selected PCU/output bin,recorded count/s/selected PCU/output bin,Propagated archive statistical covariance; calibration/background systematics excluded,no artificial replacements,,8167da3e43637bd28fb69402cefcc3cf8c6b0993f44156f92230895df248b9c6,,data/provenance/rxte_processing/96331-01-03-02.json,4e5ef230af18dd0b9e43a4a4c108bad010b1fd004644db0727ae166e4bffd82d
96401-01-06-10,96401-01-06-10,96401-01-06-10,igr_j00291_5934,verified,https://heasarc.gsfc.nasa.gov/FTP/xte/data/archive/AO15/P96401/96401-01-06-10/stdprod/xp96401010610_s2.pha.gz,/Users/youhanwanigasuriya/Documents/New project/bh_ns_source_generalization/data/raw/rxte/96401-01-06-10/source-104779ab8e5a.bin,104779ab8e5aa154ec328e3fd360cea5b4a76b0abebda49b1d9addc9cf8280d9,data/processed/native/96401-01-06-10.npz,e665a40140f12a4672e8ec7126db1a3c7f7b1d4a1cd4861706ec35c96882bcfe,2026-09-22T10:56:29.753676+00:00,PCA_OGIP_RATE43_OVERLAP_V1,PCA_OGIP_RATE43_OVERLAP_V1,data/raw/rxte/96401-01-06-10/acquisition.json,verified,recorded count/s/selected PCU/output bin,recorded count/s/selected PCU/output bin,Propagated archive statistical covariance; calibration/background systematics excluded,no artificial replacements,,f91c343b400f1a01719187f28885b73f9bf488941af98b0c662b72e7a7222734,,data/provenance/rxte_processing/96401-01-06-10.json,348daf6f9f5988e30bc06f5221398a9e288bf845c951195f33b068d5b16f3987
96401-01-12-00,96401-01-12-00,96401-01-12-00,igr_j00291_5934,verified,https://heasarc.gsfc.nasa.gov/FTP/xte/data/archive/AO15/P96401/96401-01-12-00/stdprod/xp96401011200_s2.pha.gz,/Users/youhanwanigasuriya/Documents/New project/bh_ns_source_generalization/data/raw/rxte/96401-01-12-00/source-4563b02af346.bin,4563b02af3469dd4785b8b917203026c97fd6858421427a2687841ad0bf3d3dd,data/processed/native/96401-01-12-00.npz,e6770de69476a90aa46dd9331311c6f695696c15d2f08a084a9c220320839406,2026-09-22T11:14:18.648860+00:00,PCA_OGIP_RATE43_OVERLAP_V1,PCA_OGIP_RATE43_OVERLAP_V1,data/raw/rxte/96401-01-12-00/acquisition.json,verified,recorded count/s/selected PCU/output bin,recorded count/s/selected PCU/output bin,Propagated archive statistical covariance; calibration/background systematics excluded,no artificial replacements,,4bf1c26f0941ab3d8da7515ddfaa72ebfe6d146a6f7ee80f3dbcb76eaac7abe5,,data/provenance/rxte_processing/96401-01-12-00.json,04c2a8b2f7202cb6aa4548f438d0c11467237c491fe89cebb6659b4b395a53cf
96401-01-28-00,96401-01-28-00,96401-01-28-00,igr_j00291_5934,verified,https://heasarc.gsfc.nasa.gov/FTP/xte/data/archive/AO15/P96401/96401-01-28-00/stdprod/xp96401012800_s2.pha.gz,/Users/youhanwanigasuriya/Documents/New project/bh_ns_source_generalization/data/raw/rxte/96401-01-28-00/source-206ee84389c6.bin,206ee84389c61abf5ece09f52d0b772e4c54d6a8270f06e0e32051270ad94bc3,data/processed/native/96401-01-28-00.npz,bd7bc923908e23b52d827848bd98313563936228a42599606c8c1114a7a43f17,2026-09-22T11:14:21.333037+00:00,PCA_OGIP_RATE43_OVERLAP_V1,PCA_OGIP_RATE43_OVERLAP_V1,data/raw/rxte/96401-01-28-00/acquisition.json,verified,recorded count/s/selected PCU/output bin,recorded count/s/selected PCU/output bin,Propagated archive statistical covariance; calibration/background systematics excluded,no artificial replacements,,9afd490a1c015470e9771e86971e3d6dfae70187dea59e4f269591d87de3f515,,data/provenance/rxte_processing/96401-01-28-00.json,071190a581c2e036a8702e9a03ceea44d926a04709bd5ef19fe8dd51010f1e1b
96401-01-43-00,96401-01-43-00,96401-01-43-00,igr_j00291_5934,verified,https://heasarc.gsfc.nasa.gov/FTP/xte/data/archive/AO15/P96401/96401-01-43-00/stdprod/xp96401014300_s2.pha.gz,/Users/youhanwanigasuriya/Documents/New project/bh_ns_source_generalization/data/raw/rxte/96401-01-43-00/source-bc5d961e15e5.bin,bc5d961e15e590612b66138df940a347ce80b2611ea724fa23eb34bfcf34a985,data/processed/native/96401-01-43-00.npz,e4e436db409638da36c69fd0b657a9df7d893e5f1a580d90c4bd44a71a9f9928,2026-09-22T11:14:23.094968+00:00,PCA_OGIP_RATE43_OVERLAP_V1,PCA_OGIP_RATE43_OVERLAP_V1,data/raw/rxte/96401-01-43-00/acquisition.json,verified,recorded count/s/selected PCU/output bin,recorded count/s/selected PCU/output bin,Propagated archive statistical covariance; calibration/background systematics excluded,no artificial replacements,,e4b2af454031e4df8a53794c3ba758dbab6a44d2523897b89c506b4bf8e8d7ad,,data/provenance/rxte_processing/96401-01-43-00.json,ad8956089b3005a25e6ed99bc42f6649b836e8fdbd9304e620d78403d8570771
96401-01-58-00,96401-01-58-00,96401-01-58-00,igr_j00291_5934,verified,https://heasarc.gsfc.nasa.gov/FTP/xte/data/archive/AO15/P96401/96401-01-58-00/stdprod/xp96401015800_s2.pha.gz,/Users/youhanwanigasuriya/Documents/New project/bh_ns_source_generalization/data/raw/rxte/96401-01-58-00/source-310d37fb1bd6.bin,310d37fb1bd6b254b049e9991778302db3bef14db1de5328127d3067f5e552c7,data/processed/native/96401-01-58-00.npz,d4dd40003257f2ad2ca8c9b0a99eb4e112091cb4ce98e5988ff19cfdec6f3d99,2026-09-22T11:14:27.315635+00:00,PCA_OGIP_RATE43_OVERLAP_V1,PCA_OGIP_RATE43_OVERLAP_V1,data/raw/rxte/96401-01-58-00/acquisition.json,verified,recorded count/s/selected PCU/output bin,recorded count/s/selected PCU/output bin,Propagated archive statistical covariance; calibration/background systematics excluded,no artificial replacements,,4508ce8563a21a8153f6b4e20668eb94ceae8ca81282d61664f2a98fb131f1f3,,data/provenance/rxte_processing/96401-01-58-00.json,0951ec13ab40e3739a0cdac9c7e087f5979617be998f49b00ebc67f7b8c194e8
96401-01-74-00,96401-01-74-00,96401-01-74-00,igr_j00291_5934,verified,https://heasarc.gsfc.nasa.gov/FTP/xte/data/archive/AO15/P96401/96401-01-74-00/stdprod/xp96401017400_s2.pha.gz,/Users/youhanwanigasuriya/Documents/New project/bh_ns_source_generalization/data/raw/rxte/96401-01-74-00/source-bbdb9f76035d.bin,bbdb9f76035df90b59c00d6abcc71ccf5b57fc6f46d9d811ed501ee68548af5e,data/processed/native/96401-01-74-00.npz,ae3a709ac7be562c530ab5ae7e63d06f168b7383219f66d2284a0775f0d244a5,2026-09-22T11:14:27.444796+00:00,PCA_OGIP_RATE43_OVERLAP_V1,PCA_OGIP_RATE43_OVERLAP_V1,data/raw/rxte/96401-01-74-00/acquisition.json,verified,recorded count/s/selected PCU/output bin,recorded count/s/selected PCU/output bin,Propagated archive statistical covariance; calibration/background systematics excluded,no artificial replacements,,28bb1ed7141d095e9b5424f2d34634a80992b3499620950aeb68acb130a17d96,,data/provenance/rxte_processing/96401-01-74-00.json,5992dc556a675c9ffef04b2309ba88d6c9914c7f1160d2cfb0f2055a3268604b
96401-01-89-00,96401-01-89-00,96401-01-89-00,igr_j00291_5934,verified,https://heasarc.gsfc.nasa.gov/FTP/xte/data/archive/AO15/P96401/96401-01-89-00/stdprod/xp96401018900_s2.pha.gz,/Users/youhanwanigasuriya/Documents/New project/bh_ns_source_generalization/data/raw/rxte/96401-01-89-00/source-366f4d16b1b2.bin,366f4d16b1b25a5504a64f4a5a3f26051547a0683be098492a63b24b540c43ad,data/processed/native/96401-01-89-00.npz,52320d9f8a9a311376da2acb1f4c77729dc5c097db909ad1ca7eed7089ac45fd,2026-09-22T11:14:29.693380+00:00,PCA_OGIP_RATE43_OVERLAP_V1,PCA_OGIP_RATE43_OVERLAP_V1,data/raw/rxte/96401-01-89-00/acquisition.json,verified,recorded count/s/selected PCU/output bin,recorded count/s/selected PCU/output bin,Propagated archive statistical covariance; calibration/background systematics excluded,no artificial replacements,,e1509c4c36388a7387d12c9a67d5b2da4bad4589022bff8c9c5ffa1034cdef44,,data/provenance/rxte_processing/96401-01-89-00.json,210a40f20582ce4242cb2edc3ffdc43f321fa0e580974ea2c10125386a2a7e5e
96404-01-02-00,96404-01-02-00,96404-01-02-00,4u_0614_09,verified,https://heasarc.gsfc.nasa.gov/FTP/xte/data/archive/AO15/P96404/96404-01-02-00/stdprod/xp96404010200_s2.pha.gz,/Users/youhanwanigasuriya/Documents/New project/bh_ns_source_generalization/data/raw/rxte/96404-01-02-00/source-e08fc1d82a35.bin,e08fc1d82a35d00cb86d1390753445be36977d2c6e9d712c8087283b561be8f2,data/processed/native/96404-01-02-00.npz,37cc0d5e04a1c485d2873c8caff3e7e2521c04ad5bd7ca619068718338ba8250,2026-09-22T11:03:13.771536+00:00,PCA_OGIP_RATE43_OVERLAP_V1,PCA_OGIP_RATE43_OVERLAP_V1,data/raw/rxte/96404-01-02-00/acquisition.json,verified,recorded count/s/selected PCU/output bin,recorded count/s/selected PCU/output bin,Propagated archive statistical covariance; calibration/background systematics excluded,no artificial replacements,,3957304b0da1c5d65bac3fb73dbcdb7ab804265d4c240d7f8fabb1d4b6ad8084,,data/provenance/rxte_processing/96404-01-02-00.json,e27fe10ff19f388c432a0b60e8b82e20ca5a52339f9892e3500206fc10825e93
96409-01-02-03,96409-01-02-03,96409-01-02-03,gx_339_4,verified,https://heasarc.gsfc.nasa.gov/FTP/xte/data/archive/AO15/P96409/96409-01-02-03/stdprod/xp96409010203_s2.pha.gz,/Users/youhanwanigasuriya/Documents/New project/bh_ns_source_generalization/data/raw/rxte/96409-01-02-03/source-e94a9068346f.bin,e94a9068346f293c1d0cef7f624c1725d1f648b7c66c227bd27c4e30e1622c23,data/processed/native/96409-01-02-03.npz,a889c754307bf83de4dad9b3e3f58025bf36b0b1a2c217b7891334c2ffde1556,2026-09-22T11:12:40.524989+00:00,PCA_OGIP_RATE43_OVERLAP_V1,PCA_OGIP_RATE43_OVERLAP_V1,data/raw/rxte/96409-01-02-03/acquisition.json,verified,recorded count/s/selected PCU/output bin,recorded count/s/selected PCU/output bin,Propagated archive statistical covariance; calibration/background systematics excluded,no artificial replacements,,506ca177d81b7e1320dcb0cac85fa04ef118a0bd31329a5fbcb3d65afe5a9a2d,,data/provenance/rxte_processing/96409-01-02-03.json,621ca5954e088217592e47dc50f09e5d2efb0092ac3ed8dc271b088c485505f8
96409-01-14-00,96409-01-14-00,96409-01-14-00,gx_339_4,verified,https://heasarc.gsfc.nasa.gov/FTP/xte/data/archive/AO15/P96409/96409-01-14-00/stdprod/xp96409011400_s2.pha.gz,/Users/youhanwanigasuriya/Documents/New project/bh_ns_source_generalization/data/raw/rxte/96409-01-14-00/source-82ebdad61591.bin,82ebdad615912df723724efcccbe41bc8c50497c3fe049387359ec4c4aa90166,data/processed/native/96409-01-14-00.npz,85c3baac4483365b498cf4d05b840ab23555a9cc97ebb0a1701449d6d5956a41,2026-09-22T10:56:20.334480+00:00,PCA_OGIP_RATE43_OVERLAP_V1,PCA_OGIP_RATE43_OVERLAP_V1,data/raw/rxte/96409-01-14-00/acquisition.json,verified,recorded count/s/selected PCU/output bin,recorded count/s/selected PCU/output bin,Propagated archive statistical covariance; calibration/background systematics excluded,no artificial replacements,,161d807d81236fc42283336fcd17e773aee1ba3afe4b4f591ea4cf1afb054d59,,data/provenance/rxte_processing/96409-01-14-00.json,9dfaf2251da731b0f735f8da4d9b173dc82794af0d11bc77cad47180c711b1cd
96423-01-13-01,96423-01-13-01,96423-01-13-01,4u_1608_522,verified,https://heasarc.gsfc.nasa.gov/FTP/xte/data/archive/AO15/P96423/96423-01-13-01/stdprod/xp96423011301_s2.pha.gz,/Users/youhanwanigasuriya/Documents/New project/bh_ns_source_generalization/data/raw/rxte/96423-01-13-01/source-0efb9666f92e.bin,0efb9666f92ea48b1f424283be9a70566cfe152694cf08b376c9ab8830c24a54,data/processed/native/96423-01-13-01.npz,b5c32e385d3cc08ce04daeddba3a57bd528a629f68a59cd16cbc95ee61635d15,2026-09-22T11:04:57.243025+00:00,PCA_OGIP_RATE43_OVERLAP_V1,PCA_OGIP_RATE43_OVERLAP_V1,data/raw/rxte/96423-01-13-01/acquisition.json,verified,recorded count/s/selected PCU/output bin,recorded count/s/selected PCU/output bin,Propagated archive statistical covariance; calibration/background systematics excluded,no artificial replacements,,6cad741987379277e8b184ca1197acfdca3a6f911c7492572d99e0784b72409d,,data/provenance/rxte_processing/96423-01-13-01.json,1878750b8158e60c8d8bf52947396617233eb654730b08c83bdbf4ebadcd5a5c
96423-01-26-01,96423-01-26-01,96423-01-26-01,4u_1608_522,verified,https://heasarc.gsfc.nasa.gov/FTP/xte/data/archive/AO15/P96423/96423-01-26-01/stdprod/xp96423012601_s2.pha.gz,/Users/youhanwanigasuriya/Documents/New project/bh_ns_source_generalization/data/raw/rxte/96423-01-26-01/source-8ff20113c75d.bin,8ff20113c75d036004a99758ea01a79854338d2ca66daaf481053ec09af5d21a,data/processed/native/96423-01-26-01.npz,fe9ab65e3d82cc08e87fce496c12fca0d809467661f60056885403be6842d8d3,2026-09-22T11:04:57.603477+00:00,PCA_OGIP_RATE43_OVERLAP_V1,PCA_OGIP_RATE43_OVERLAP_V1,data/raw/rxte/96423-01-26-01/acquisition.json,verified,recorded count/s/selected PCU/output bin,recorded count/s/selected PCU/output bin,Propagated archive statistical covariance; calibration/background systematics excluded,no artificial replacements,,24253e13ccd9baf41c03d6969342a6ee117fdbe103130897ca2b624ec9bcef69,,data/provenance/rxte_processing/96423-01-26-01.json,144f531132b3ca49753beadba186070e7357ddf25e5627c788023a3e69b4353c
96423-01-39-02,96423-01-39-02,96423-01-39-02,4u_1608_522,verified,https://heasarc.gsfc.nasa.gov/FTP/xte/data/archive/AO15/P96423/96423-01-39-02/stdprod/xp96423013902_s2.pha.gz,/Users/youhanwanigasuriya/Documents/New project/bh_ns_source_generalization/data/raw/rxte/96423-01-39-02/source-b0b98946afd8.bin,b0b98946afd8ea87d173b1bae25499d6e414e76796d2dd2de76d7d51bfac79b2,data/processed/native/96423-01-39-02.npz,a7e8aa90ce16c7d8a2026344a14023a610b807e349bff2a0284a6b0ce395d523,2026-09-22T10:55:37.696626+00:00,PCA_OGIP_RATE43_OVERLAP_V1,PCA_OGIP_RATE43_OVERLAP_V1,data/raw/rxte/96423-01-39-02/acquisition.json,verified,recorded count/s/selected PCU/output bin,recorded count/s/selected PCU/output bin,Propagated archive statistical covariance; calibration/background systematics excluded,no artificial replacements,,f19a603ae115cdb6873a7ffd9e78539c5ae0c036c788450b1c441370d0b04f4a,,data/provenance/rxte_processing/96423-01-39-02.json,f0698b874349c972896eeea3dc473949aece566c9ec4c8588135078c9f6ec985
96429-01-02-00,96429-01-02-00,96429-01-02-00,slx_1735_269,verified,https://heasarc.gsfc.nasa.gov/FTP/xte/data/archive/AO15/P96429/96429-01-02-00/stdprod/xp96429010200_s2.pha.gz,/Users/youhanwanigasuriya/Documents/New project/bh_ns_source_generalization/data/raw/rxte/96429-01-02-00/source-21693c17af8c.bin,21693c17af8c7b8576ef576d16d7be9fca172b05047c8bc50e6c536d515b5418,data/processed/native/96429-01-02-00.npz,b662edca1f26494b299b4c16f41453584796e71df4205b56a540d2d0adec965a,2026-09-22T11:20:52.654951+00:00,PCA_OGIP_RATE43_OVERLAP_V1,PCA_OGIP_RATE43_OVERLAP_V1,data/raw/rxte/96429-01-02-00/acquisition.json,verified,recorded count/s/selected PCU/output bin,recorded count/s/selected PCU/output bin,Propagated archive statistical covariance; calibration/background systematics excluded,no artificial replacements,,6748191097aa96c72b03d05f9bd16b7bf901a875b8acbc5fb2478f645553ddfc,,data/provenance/rxte_processing/96429-01-02-00.json,4aa31ce813e98f753d4d9cd0a809e57edf8973b30c065b0a7b812b2bf8af7545
96429-01-02-02,96429-01-02-02,96429-01-02-02,slx_1735_269,verified,https://heasarc.gsfc.nasa.gov/FTP/xte/data/archive/AO15/P96429/96429-01-02-02/stdprod/xp96429010202_s2.pha.gz,/Users/youhanwanigasuriya/Documents/New project/bh_ns_source_generalization/data/raw/rxte/96429-01-02-02/source-8ea94cf11ea8.bin,8ea94cf11ea820f0654f3df6c4ed9586d1d8842bc18a41fb61769d628e444f45,data/processed/native/96429-01-02-02.npz,5061f3220d737c1041f58b6a09cef825a890d66c2ca3d188ec4435aea59d4e4c,2026-09-22T11:20:53.319931+00:00,PCA_OGIP_RATE43_OVERLAP_V1,PCA_OGIP_RATE43_OVERLAP_V1,data/raw/rxte/96429-01-02-02/acquisition.json,verified,recorded count/s/selected PCU/output bin,recorded count/s/selected PCU/output bin,Propagated archive statistical covariance; calibration/background systematics excluded,no artificial replacements,,13ee4ce59064775259f7aa9978177949fe89d8ac695312a99592f00ae8ace952,,data/provenance/rxte_processing/96429-01-02-02.json,1509995d43cf20e3fa60c14223b20201d5ce01b4ae5e42de74f837d8f5360524
96429-01-04-00,96429-01-04-00,96429-01-04-00,slx_1735_269,verified,https://heasarc.gsfc.nasa.gov/FTP/xte/data/archive/AO15/P96429/96429-01-04-00/stdprod/xp96429010400_s2.pha.gz,/Users/youhanwanigasuriya/Documents/New project/bh_ns_source_generalization/data/raw/rxte/96429-01-04-00/source-d81b2588588c.bin,d81b2588588cc3fd75abe71474f1307597a8e368d39399b47924ff674692727b,data/processed/native/96429-01-04-00.npz,de0088cf7dae4f05868a999bc07ea6f32e599b1fbc59787ef5b77da4d19d19cb,2026-09-22T11:20:55.710025+00:00,PCA_OGIP_RATE43_OVERLAP_V1,PCA_OGIP_RATE43_OVERLAP_V1,data/raw/rxte/96429-01-04-00/acquisition.json,verified,recorded count/s/selected PCU/output bin,recorded count/s/selected PCU/output bin,Propagated archive statistical covariance; calibration/background systematics excluded,no artificial replacements,,2e52a2bcc52ccb680daf4b6f35fd870a082d81579d5c31e45b3cb39ad8f76ea3,,data/provenance/rxte_processing/96429-01-04-00.json,a03c130728d46347fe7eacbdce425ed5f9ca887514e5aa317c61181c564e4345
96429-01-05-00,96429-01-05-00,96429-01-05-00,slx_1735_269,verified,https://heasarc.gsfc.nasa.gov/FTP/xte/data/archive/AO15/P96429/96429-01-05-00/stdprod/xp96429010500_s2.pha.gz,/Users/youhanwanigasuriya/Documents/New project/bh_ns_source_generalization/data/raw/rxte/96429-01-05-00/source-563277041d43.bin,563277041d43ed57829b7652047cb8cf5e26fffee1b3e6523251056837c656aa,data/processed/native/96429-01-05-00.npz,f17b3b3be0808f80e4a3ba204148632a5d107f892374f762376878b818f99015,2026-09-22T11:20:56.332797+00:00,PCA_OGIP_RATE43_OVERLAP_V1,PCA_OGIP_RATE43_OVERLAP_V1,data/raw/rxte/96429-01-05-00/acquisition.json,verified,recorded count/s/selected PCU/output bin,recorded count/s/selected PCU/output bin,Propagated archive statistical covariance; calibration/background systematics excluded,no artificial replacements,,c7b85943cc57b8b9bfa861c86695e983f70c24796abd8675d2a9e98733d13a8d,,data/provenance/rxte_processing/96429-01-05-00.json,bb501055801773ff002245d10a741fdbfdd8804187bca468a00f30b27bb2201a
96429-01-06-02,96429-01-06-02,96429-01-06-02,slx_1735_269,verified,https://heasarc.gsfc.nasa.gov/FTP/xte/data/archive/AO15/P96429/96429-01-06-02/stdprod/xp96429010602_s2.pha.gz,/Users/youhanwanigasuriya/Documents/New project/bh_ns_source_generalization/data/raw/rxte/96429-01-06-02/source-c18fd0cc999b.bin,c18fd0cc999bfab95122660822fc6da796732d7663488a824a08a01a35fd354f,data/processed/native/96429-01-06-02.npz,97093419274fe5ba3a0b888f5c5f8e1f84e91684e29f505c704b9738c95c379a,2026-09-22T11:21:03.255691+00:00,PCA_OGIP_RATE43_OVERLAP_V1,PCA_OGIP_RATE43_OVERLAP_V1,data/raw/rxte/96429-01-06-02/acquisition.json,verified,recorded count/s/selected PCU/output bin,recorded count/s/selected PCU/output bin,Propagated archive statistical covariance; calibration/background systematics excluded,no artificial replacements,,eafb63c67aab2ac818f4b06221b4960f111b83a79980668af55cf4ad3cea9b98,,data/provenance/rxte_processing/96429-01-06-02.json,a02c50c575e6d43a07a485fc70274a8c4969192d7c7086dcd099f49851bb97c9
96429-01-07-00,96429-01-07-00,96429-01-07-00,slx_1735_269,verified,https://heasarc.gsfc.nasa.gov/FTP/xte/data/archive/AO15/P96429/96429-01-07-00/stdprod/xp96429010700_s2.pha.gz,/Users/youhanwanigasuriya/Documents/New project/bh_ns_source_generalization/data/raw/rxte/96429-01-07-00/source-11163e9e5bea.bin,11163e9e5bea0ad623aca0a04936241e3469ab63c97eac2daa8643e6f9ed225f,data/processed/native/96429-01-07-00.npz,3eddc2d69a80ae36aca9b2821953913d30c12c94f46a456226b90f9789bb2443,2026-09-22T11:21:05.155622+00:00,PCA_OGIP_RATE43_OVERLAP_V1,PCA_OGIP_RATE43_OVERLAP_V1,data/raw/rxte/96429-01-07-00/acquisition.json,verified,recorded count/s/selected PCU/output bin,recorded count/s/selected PCU/output bin,Propagated archive statistical covariance; calibration/background systematics excluded,no artificial replacements,,423abbc00a3f88eacbd458708c5378c972e75864ff7aa7df9f9de055b76552dd,,data/provenance/rxte_processing/96429-01-07-00.json,da361c455de4bb02ed6df11f8abddfa41b839857d047e0be188dc7b317a785b1
96429-01-08-01,96429-01-08-01,96429-01-08-01,slx_1735_269,verified,https://heasarc.gsfc.nasa.gov/FTP/xte/data/archive/AO15/P96429/96429-01-08-01/stdprod/xp96429010801_s2.pha.gz,/Users/youhanwanigasuriya/Documents/New project/bh_ns_source_generalization/data/raw/rxte/96429-01-08-01/source-b5faef55fda2.bin,b5faef55fda2cf0ffc3340986266f204ca84f4dcff139712769a81d94e54cd56,data/processed/native/96429-01-08-01.npz,262367dfbf309a5c0f3201203d6857c9d061f597322203ffb09af29429d3b797,2026-09-22T11:21:06.134968+00:00,PCA_OGIP_RATE43_OVERLAP_V1,PCA_OGIP_RATE43_OVERLAP_V1,data/raw/rxte/96429-01-08-01/acquisition.json,verified,recorded count/s/selected PCU/output bin,recorded count/s/selected PCU/output bin,Propagated archive statistical covariance; calibration/background systematics excluded,no artificial replacements,,c407e1b6142593601ff54c6aa1ffb17d85fba9429eeb4ace4af151b545d0cb90,,data/provenance/rxte_processing/96429-01-08-01.json,02847bdaad8c4522fd2a0703ffbe56e6bfafa98903139e826d458f53a3e4207f
96429-01-08-03,96429-01-08-03,96429-01-08-03,slx_1735_269,verified,https://heasarc.gsfc.nasa.gov/FTP/xte/data/archive/AO15/P96429/96429-01-08-03/stdprod/xp96429010803_s2.pha.gz,/Users/youhanwanigasuriya/Documents/New project/bh_ns_source_generalization/data/raw/rxte/96429-01-08-03/source-a6c67168fa6a.bin,a6c67168fa6acbd8f83b402d581288a17394c18f92515ac839124c99f6308edc,data/processed/native/96429-01-08-03.npz,b8815b786f6152bd1c7bb6ac2185acb3bd214dd86df6360d700ecadbbb8a1f86,2026-09-22T10:57:06.038370+00:00,PCA_OGIP_RATE43_OVERLAP_V1,PCA_OGIP_RATE43_OVERLAP_V1,data/raw/rxte/96429-01-08-03/acquisition.json,verified,recorded count/s/selected PCU/output bin,recorded count/s/selected PCU/output bin,Propagated archive statistical covariance; calibration/background systematics excluded,no artificial replacements,,dc98367d2684715cdebb6acfd595519c5eb1c96d57411ee838afcb12b4f3f109,,data/provenance/rxte_processing/96429-01-08-03.json,96921ffc4f1a3cbee87a8ca01416e114a07e88a3355dda980ec1b93208f00536
96437-01-02-00,96437-01-02-00,96437-01-02-00,1a_1744_361,verified,https://heasarc.gsfc.nasa.gov/FTP/xte/data/archive/AO15/P96437/96437-01-02-00/stdprod/xp96437010200_s2.pha.gz,/Users/youhanwanigasuriya/Documents/New project/bh_ns_source_generalization/data/raw/rxte/96437-01-02-00/source-4d07633230a5.bin,4d07633230a5f4496e9372ecfb01a396f29834c4bcda35778e30e4c43b7485b9,data/processed/native/96437-01-02-00.npz,ba7b63a24e15059fed372b689798ee3f12258d0c84a35e2bc0e2b0ced62d6773,2026-09-22T11:02:21.278851+00:00,PCA_OGIP_RATE43_OVERLAP_V1,PCA_OGIP_RATE43_OVERLAP_V1,data/raw/rxte/96437-01-02-00/acquisition.json,verified,recorded count/s/selected PCU/output bin,recorded count/s/selected PCU/output bin,Propagated archive statistical covariance; calibration/background systematics excluded,no artificial replacements,,b9508f77a5796ed2df9aef4df1030dd8fdcd66641874afe73981530bcc4c3aa2,,data/provenance/rxte_processing/96437-01-02-00.json,0f36a1929e5a50dc094837f8e58aae4856f49292893b287b663da0fe0f867f7e
96440-01-02-00,96440-01-02-00,96440-01-02-00,aql_x_1,verified,https://heasarc.gsfc.nasa.gov/FTP/xte/data/archive/AO15/P96440/96440-01-02-00/stdprod/xp96440010200_s2.pha.gz,/Users/youhanwanigasuriya/Documents/New project/bh_ns_source_generalization/data/raw/rxte/96440-01-02-00/source-f5487cc8a17e.bin,f5487cc8a17e60f0102848318eed6b7ea83a5ffa42557017323f6d4b3bc525f4,data/processed/native/96440-01-02-00.npz,d1c1b51cb9437b09ec33dc7391e9960616264b3f3e554bf6cf685ef87e63ef4e,2026-09-22T11:10:37.187572+00:00,PCA_OGIP_RATE43_OVERLAP_V1,PCA_OGIP_RATE43_OVERLAP_V1,data/raw/rxte/96440-01-02-00/acquisition.json,verified,recorded count/s/selected PCU/output bin,recorded count/s/selected PCU/output bin,Propagated archive statistical covariance; calibration/background systematics excluded,no artificial replacements,,5b5aa0a94a53d857a4ad47d947f51420f4face26f917fec3e83093a9eada6d73,,data/provenance/rxte_processing/96440-01-02-00.json,eebd19db24256e4988c63f983748c643ed3c234f4ca1e7498a77c85bb6123f77
96440-01-05-04,96440-01-05-04,96440-01-05-04,aql_x_1,verified,https://heasarc.gsfc.nasa.gov/FTP/xte/data/archive/AO15/P96440/96440-01-05-04/stdprod/xp96440010504_s2.pha.gz,/Users/youhanwanigasuriya/Documents/New project/bh_ns_source_generalization/data/raw/rxte/96440-01-05-04/source-e00ead63fb41.bin,e00ead63fb41154dedb06de43ae4eaefaa278b2476e008058f3fec2cab91220c,data/processed/native/96440-01-05-04.npz,b234c6a38b4d79195f20e26ddd1fa2442a8111556334addc74b9f450f3043cec,2026-09-22T11:10:38.078413+00:00,PCA_OGIP_RATE43_OVERLAP_V1,PCA_OGIP_RATE43_OVERLAP_V1,data/raw/rxte/96440-01-05-04/acquisition.json,verified,recorded count/s/selected PCU/output bin,recorded count/s/selected PCU/output bin,Propagated archive statistical covariance; calibration/background systematics excluded,no artificial replacements,,2c8da68a3780bb437e31a1e12333d4d0419a3e69709fc2c771a0a66f733fc21c,,data/provenance/rxte_processing/96440-01-05-04.json,53b11f30aa93ab7af188a4b3628e07edf039374f705ca705a508c2be07b6a718
96440-01-08-06,96440-01-08-06,96440-01-08-06,aql_x_1,verified,https://heasarc.gsfc.nasa.gov/FTP/xte/data/archive/AO15/P96440/96440-01-08-06/stdprod/xp96440010806_s2.pha.gz,/Users/youhanwanigasuriya/Documents/New project/bh_ns_source_generalization/data/raw/rxte/96440-01-08-06/source-8bf1028b572e.bin,8bf1028b572ee532e79982b7c256f81398f3f20655aba272737c96fb31dfb38b,data/processed/native/96440-01-08-06.npz,5450300282a1229e4d6e34c23d4246e135dfaf90d51f5eddaa32f9562e9b3b55,2026-09-22T11:10:39.441744+00:00,PCA_OGIP_RATE43_OVERLAP_V1,PCA_OGIP_RATE43_OVERLAP_V1,data/raw/rxte/96440-01-08-06/acquisition.json,verified,recorded count/s/selected PCU/output bin,recorded count/s/selected PCU/output bin,Propagated archive statistical covariance; calibration/background systematics excluded,no artificial replacements,,90f9dbf182011620273febbcf7944c6133d755f76214017fcaae4cebc0894d6e,,data/provenance/rxte_processing/96440-01-08-06.json,1595dee67341793c40192746b06f8cd9461cb3f3e4f728c76a81352afc6ee026
96440-01-10-05,96440-01-10-05,96440-01-10-05,aql_x_1,verified,https://heasarc.gsfc.nasa.gov/FTP/xte/data/archive/AO15/P96440/96440-01-10-05/stdprod/xp96440011005_s2.pha.gz,/Users/youhanwanigasuriya/Documents/New project/bh_ns_source_generalization/data/raw/rxte/96440-01-10-05/source-f83d5bea3528.bin,f83d5bea3528ce435a92811af46ab8f9a2d979747b73a040c7b5ca17e385a01a,data/processed/native/96440-01-10-05.npz,f5462dee5a07a386c62591e02db359b412894f4babb9a51b7aa0bf58d1b98b29,2026-09-22T10:56:11.048209+00:00,PCA_OGIP_RATE43_OVERLAP_V1,PCA_OGIP_RATE43_OVERLAP_V1,data/raw/rxte/96440-01-10-05/acquisition.json,verified,recorded count/s/selected PCU/output bin,recorded count/s/selected PCU/output bin,Propagated archive statistical covariance; calibration/background systematics excluded,no artificial replacements,,2ac38f4f0d9def6f78186a768557e1f43d331017ef1bba9e6f455c41cff4e919,,data/provenance/rxte_processing/96440-01-10-05.json,8dacb94048e35a1e686dd0acd527b19e4708619b7e48eb81d22f47e64726e102
