observation_id,rxte_obsid,source_id,canonical_source,raw_source_name,class_label,observation_time,usable,exclusion_reason,instrument,data_product,spectrum_path_or_reference,error_path_or_reference,energy_grid_id,feature_record_id,provenance_record_id
00013-05-01-00,00013-05-01-00,cyg_x_2,Cyg X-2,CYG_X-2,NS,,False,Missing retrieved source product,RXTE/PCA,,,,,,
10093-01-01-01,10093-01-01-01,4u_1608_522,4U 1608-522,4U_1608-522,NS,1996-03-15T19:28:16,True,,RXTE/PCA,PCA_OGIP_RATE43_OVERLAP_V1,data/processed/native/10093-01-01-01.npz,data/processed/native/10093-01-01-01.npz,2b1a4d42c88ddc69243eda93a56a3ef6450cf867f748ebfc28244795b93cf70f,10093-01-01-01,10093-01-01-01
10095-01-01-00,10095-01-01-00,4u_0614_09,4U 0614+09,4U0614+091,NS,1996-04-22T19:19:28,True,,RXTE/PCA,PCA_OGIP_RATE43_OVERLAP_V1,data/processed/native/10095-01-01-00.npz,data/processed/native/10095-01-01-00.npz,206be9b73c643bfce9e81126c20e590e878559b17ffe2e462a60eb58cd11edd8,10095-01-01-00,10095-01-01-00
10410-01-01-00,10410-01-01-00,4u_1728_34,4U 1728-34,4U1728-34,NS,1996-05-03T13:58:08,True,,RXTE/PCA,PCA_OGIP_RATE43_OVERLAP_V1,data/processed/native/10410-01-01-00.npz,data/processed/native/10410-01-01-00.npz,50008731cce7697a0a2694f8062654f69a13f5bed802b67486c79681bff8f1f8,10410-01-01-00,10410-01-01-00
10416-01-01-00,10416-01-01-00,ks_1731_260,KS 1731-260,KS1731-260,NS,1996-07-14T02:27:12,True,,RXTE/PCA,PCA_OGIP_RATE43_OVERLAP_V1,data/processed/native/10416-01-01-00.npz,data/processed/native/10416-01-01-00.npz,d33fc9eeb85897b3d7828d69728a6392f65e823b67cd03c0cd59497781c67cda,10416-01-01-00,10416-01-01-00
10416-01-03-00,10416-01-03-00,ks_1731_260,KS 1731-260,KS1731-260,NS,1996-08-31T17:39:44,True,,RXTE/PCA,PCA_OGIP_RATE43_OVERLAP_V1,data/processed/native/10416-01-03-00.npz,data/processed/native/10416-01-03-00.npz,153a69f33a0ea57a994a92c5c332a466959dcb1404d81893acb993a94c547da5,10416-01-03-00,10416-01-03-00
10420-01-01-00,10420-01-01-00,gx_339_4,GX 339-4,GX339-4,BH,1996-07-26T18:20:32,True,,RXTE/PCA,PCA_OGIP_RATE43_OVERLAP_V1,data/processed/native/10420-01-01-00.npz,data/processed/native/10420-01-01-00.npz,822861d489eac2cd21f7ebd6dac5ea7e40f1fada335f8822b772c8b785b1ed6d,10420-01-01-00,10420-01-01-00
20053-04-01-01,20053-04-01-01,cyg_x_2,Cyg X-2,CYG_X-2,NS,1997-07-01T14:00:48,True,,RXTE/PCA,PCA_OGIP_RATE43_OVERLAP_V1,data/processed/native/20053-04-01-01.npz,data/processed/native/20053-04-01-01.npz,6c02fb94c2ab8c2248b117e358c0198510a14d0ea4492ae4d67d84bd7fcfb528,20053-04-01-01,20053-04-01-01
20084-01-01-00,20084-01-01-00,4u_1735_444,4U 1735-444,4U_1735-44,NS,1997-08-01T13:24:32,True,,RXTE/PCA,PCA_OGIP_RATE43_OVERLAP_V1,data/processed/native/20084-01-01-00.npz,data/processed/native/20084-01-01-00.npz,0a8d8222f78a42900fdd103778f592c96967263c71711d631455c9b62dba2236,20084-01-01-00,20084-01-01-00
20084-01-02-03,20084-01-02-03,4u_1735_444,4U 1735-444,4U_1735-44,NS,1997-09-01T08:53:20,True,,RXTE/PCA,PCA_OGIP_RATE43_OVERLAP_V1,data/processed/native/20084-01-02-03.npz,data/processed/native/20084-01-02-03.npz,b39fbc440fa6e6c4664f3676eaab7f3d4870149d48656e773be3c9c0408ae4e7,20084-01-02-03,20084-01-02-03
20084-02-01-00,20084-02-01-00,4u_1702_429,4U 1702-429,4U_1702-429,NS,1997-07-19T16:44:32,True,,RXTE/PCA,PCA_OGIP_RATE43_OVERLAP_V1,data/processed/native/20084-02-01-00.npz,data/processed/native/20084-02-01-00.npz,7af003d30e5a0006d68fcfade1ccbc279683131d7c7c6c391a582fc4baf00959,20084-02-01-00,20084-02-01-00
20084-02-01-03,20084-02-01-03,4u_1702_429,4U 1702-429,4U_1702-429,NS,1997-07-26T04:13:36,True,,RXTE/PCA,PCA_OGIP_RATE43_OVERLAP_V1,data/processed/native/20084-02-01-03.npz,data/processed/native/20084-02-01-03.npz,97ea569ce8d70f65f0e1a328eec54958d55336d0b99e8da58cbe113912f27360,20084-02-01-03,20084-02-01-03
20084-02-02-01,20084-02-02-01,4u_1702_429,4U 1702-429,4U_1702-429,NS,1997-07-26T20:04:16,True,,RXTE/PCA,PCA_OGIP_RATE43_OVERLAP_V1,data/processed/native/20084-02-02-01.npz,data/processed/native/20084-02-02-01.npz,97ea569ce8d70f65f0e1a328eec54958d55336d0b99e8da58cbe113912f27360,20084-02-02-01,20084-02-02-01
20085-01-01-02,20085-01-01-02,ks_1731_260,KS 1731-260,KS1731-260,NS,,False,Selected PCUs not continuously on in sampled GTIs; re-extraction required,RXTE/PCA,,,,,,
20089-02-01-00,20089-02-01-00,slx_1735_269,SLX 1735-269,SLX1735-269,NS,1997-10-10T04:36:48,True,,RXTE/PCA,PCA_OGIP_RATE43_OVERLAP_V1,data/processed/native/20089-02-01-00.npz,data/processed/native/20089-02-01-00.npz,edd54ab4ef7f270700e553616edf907d2e87e836851776be88796581ca4a682c,20089-02-01-00,20089-02-01-00
20092-01-02-02,20092-01-02-02,aql_x_1,Aql X-1,AQL_X-1,NS,1997-08-16T07:46:24,True,,RXTE/PCA,PCA_OGIP_RATE43_OVERLAP_V1,data/processed/native/20092-01-02-02.npz,data/processed/native/20092-01-02-02.npz,712287b664abb520f35198e5e16390a263a76c6f9f0875621f80d4559dfc49cf,20092-01-02-02,20092-01-02-02
20092-01-04-00,20092-01-04-00,aql_x_1,Aql X-1,AQL_X-1,NS,1997-09-01T04:34:24,True,,RXTE/PCA,PCA_OGIP_RATE43_OVERLAP_V1,data/processed/native/20092-01-04-00.npz,data/processed/native/20092-01-04-00.npz,b39fbc440fa6e6c4664f3676eaab7f3d4870149d48656e773be3c9c0408ae4e7,20092-01-04-00,20092-01-04-00
20098-03-01-00,20098-03-01-00,aql_x_1,Aql X-1,AQL_X-1,NS,1997-02-16T22:59:12,True,,RXTE/PCA,PCA_OGIP_RATE43_OVERLAP_V1,data/processed/native/20098-03-01-00.npz,data/processed/native/20098-03-01-00.npz,cf0de99acffb52f1a31e1643b9ed7edc5cfbac3aba7cad749987c78838c4e85a,20098-03-01-00,20098-03-01-00
20170-03-01-00,20170-03-01-00,slx_1735_269,SLX 1735-269,SLX_1735-269,NS,1997-02-25T02:32:16,True,,RXTE/PCA,PCA_OGIP_RATE43_OVERLAP_V1,data/processed/native/20170-03-01-00.npz,data/processed/native/20170-03-01-00.npz,de32880a916a779502cae4cb0630047ed4bb515f207e5551c3f153f2937d75dd,20170-03-01-00,20170-03-01-00
20170-03-03-00,20170-03-03-00,slx_1735_269,SLX 1735-269,SLX_1735-269,NS,1997-03-20T13:26:56,True,,RXTE/PCA,PCA_OGIP_RATE43_OVERLAP_V1,data/processed/native/20170-03-03-00.npz,data/processed/native/20170-03-03-00.npz,26f1578c531ff7c8b905e82ffe53c973742fe8d0d68c17c306c86b11b57c2652,20170-03-03-00,20170-03-03-00
20170-03-06-00,20170-03-06-00,slx_1735_269,SLX 1735-269,SLX_1735-269,NS,1997-03-25T16:57:36,True,,RXTE/PCA,PCA_OGIP_RATE43_OVERLAP_V1,data/processed/native/20170-03-06-00.npz,data/processed/native/20170-03-06-00.npz,83a134423ce643aa3cea8c6db0044788d503ab227b0f7f196993acdc6b4c740b,20170-03-06-00,20170-03-06-00
20170-03-08-00,20170-03-08-00,slx_1735_269,SLX 1735-269,SLX_1735-269,NS,1997-04-20T22:21:04,True,,RXTE/PCA,PCA_OGIP_RATE43_OVERLAP_V1,data/processed/native/20170-03-08-00.npz,data/processed/native/20170-03-08-00.npz,51340431f6c950fa5f0707e0cf240f584831b865c4b07624b3f8b5105c674574,20170-03-08-00,20170-03-08-00
20170-03-11-00,20170-03-11-00,slx_1735_269,SLX 1735-269,SLX_1735-269,NS,1997-05-18T03:38:40,True,,RXTE/PCA,PCA_OGIP_RATE43_OVERLAP_V1,data/processed/native/20170-03-11-00.npz,data/processed/native/20170-03-11-00.npz,536dfb794014c1b005512bf9bc89136b2b72c17d6788efeed5b6aad12b6b17f5,20170-03-11-00,20170-03-11-00
20428-01-01-03,20428-01-01-03,4u_0614_09,4U 0614+09,4U_0614+091,NS,1997-09-06T21:07:12,True,,RXTE/PCA,PCA_OGIP_RATE43_OVERLAP_V1,data/processed/native/20428-01-01-03.npz,data/processed/native/20428-01-01-03.npz,a5759e92ddc814e1d347ff47dda4b9c56f3ea7d7c447fed6d0025027b2004aaa,20428-01-01-03,20428-01-01-03
20431-01-01-00,20431-01-01-00,gs_1354_64,GS 1354-64,X1354-644,BH,,False,Missing retrieved source product,RXTE/PCA,,,,,,
20431-01-02-00,20431-01-02-00,gs_1354_64,GS 1354-64,X1354-644,BH,,False,Missing retrieved source product,RXTE/PCA,,,,,,
20431-01-02-03,20431-01-02-03,gs_1354_64,GS 1354-64,X1354-644,BH,,False,Missing retrieved source product,RXTE/PCA,,,,,,
20431-01-03-00,20431-01-03-00,gs_1354_64,GS 1354-64,X1354-644,BH,1997-11-22T09:39:28,True,,RXTE/PCA,PCA_OGIP_RATE43_OVERLAP_V1,data/processed/native/20431-01-03-00.npz,data/processed/native/20431-01-03-00.npz,8b17aa7073053b1e609f0a72b5ded6c6fb7462b0feaee55a5ea40c209e1620bf,20431-01-03-00,20431-01-03-00
20431-01-04-00,20431-01-04-00,gs_1354_64,GS 1354-64,X1354-644,BH,1997-12-05T05:00:48,True,,RXTE/PCA,PCA_OGIP_RATE43_OVERLAP_V1,data/processed/native/20431-01-04-00.npz,data/processed/native/20431-01-04-00.npz,09ab726310b5604f57436c96a0096ea924810c33c300b3aec2b0a7eb6876158f,20431-01-04-00,20431-01-04-00
20431-01-05-00,20431-01-05-00,gs_1354_64,GS 1354-64,X1354-644,BH,1997-12-12T19:21:20,True,,RXTE/PCA,PCA_OGIP_RATE43_OVERLAP_V1,data/processed/native/20431-01-05-00.npz,data/processed/native/20431-01-05-00.npz,865c863b0f8ce4c24cee0e9788609d7b83e6d9fab2180c8528e4364634fabd77,20431-01-05-00,20431-01-05-00
30042-03-02-00,30042-03-02-00,4u_1728_34,4U 1728-34,4U_1728-34,NS,1998-10-07T05:05:20,True,,RXTE/PCA,PCA_OGIP_RATE43_OVERLAP_V1,data/processed/native/30042-03-02-00.npz,data/processed/native/30042-03-02-00.npz,4586a87f1ef4f418847c428c915815e1f5628d099934e40868ac0638ee2428fc,30042-03-02-00,30042-03-02-00
30042-03-08-00,30042-03-08-00,4u_1728_34,4U 1728-34,4U_1728-34,NS,1998-11-05T04:00:16,True,,RXTE/PCA,PCA_OGIP_RATE43_OVERLAP_V1,data/processed/native/30042-03-08-00.npz,data/processed/native/30042-03-08-00.npz,d5348577da3f024cc6d0c6a99f9f37ed96ef7630ca975fc03e1821b041c196d8,30042-03-08-00,30042-03-08-00
30042-03-17-00,30042-03-17-00,4u_1728_34,4U 1728-34,4U_1728-34,NS,1998-11-17T13:02:40,True,,RXTE/PCA,PCA_OGIP_RATE43_OVERLAP_V1,data/processed/native/30042-03-17-00.npz,data/processed/native/30042-03-17-00.npz,2ccebcb75eba713ac066c83ae3a655ba8f435e17b17832fe457025a82b26d57a,30042-03-17-00,30042-03-17-00
30046-01-03-00,30046-01-03-00,cyg_x_2,Cyg X-2,CYG_X-2,NS,1998-07-28T15:27:12,True,,RXTE/PCA,PCA_OGIP_RATE43_OVERLAP_V1,data/processed/native/30046-01-03-00.npz,data/processed/native/30046-01-03-00.npz,bea6bfe1f28ad8fcc4cc5ffcb536386a194da6233276144b65a16037dfe113e0,30046-01-03-00,30046-01-03-00
30053-02-01-00,30053-02-01-00,4u_1636_536,4U 1636-536,4U_1636-536,NS,1998-02-25T13:15:28,True,,RXTE/PCA,PCA_OGIP_RATE43_OVERLAP_V1,data/processed/native/30053-02-01-00.npz,data/processed/native/30053-02-01-00.npz,fdebdec43f6b20d3ba48c49de73bb169bbbf6f61b4b42fe7ab15e0bc3006fd2c,30053-02-01-00,30053-02-01-00
30054-01-02-03,30054-01-02-03,4u_0614_09,4U 0614+09,4U_0614+091,NS,1998-05-26T02:22:56,True,,RXTE/PCA,PCA_OGIP_RATE43_OVERLAP_V1,data/processed/native/30054-01-02-03.npz,data/processed/native/30054-01-02-03.npz,59d5a7b5886b3c092792449e7d1da9390e0ee66105a57ef2af8b5c17dfe8514b,30054-01-02-03,30054-01-02-03
30061-01-01-00,30061-01-01-00,ks_1731_260,KS 1731-260,KS_1731-260,NS,1998-07-31T11:21:52,True,,RXTE/PCA,PCA_OGIP_RATE43_OVERLAP_V1,data/processed/native/30061-01-01-00.npz,data/processed/native/30061-01-01-00.npz,e5ca27655c96ab4a3d88a22e17db35b4d064322400178e365ab5cb336d647888,30061-01-01-00,30061-01-01-00
30061-01-01-02,30061-01-01-02,ks_1731_260,KS 1731-260,KS_1731-260,NS,1998-08-01T14:43:28,True,,RXTE/PCA,PCA_OGIP_RATE43_OVERLAP_V1,data/processed/native/30061-01-01-02.npz,data/processed/native/30061-01-01-02.npz,6dddf0f5e77c9976a34bedcbf59d6c58feb66a10f60a659cc7b1bf28daee462f,30061-01-01-02,30061-01-01-02
30061-01-01-04,30061-01-01-04,ks_1731_260,KS 1731-260,KS_1731-260,NS,1998-08-02T08:27:28,True,,RXTE/PCA,PCA_OGIP_RATE43_OVERLAP_V1,data/processed/native/30061-01-01-04.npz,data/processed/native/30061-01-01-04.npz,4fb2652739608249419f0d3728369a9f6880ebcae3b1e176841bb765cdc7fe60,30061-01-01-04,30061-01-01-04
30061-01-02-01,30061-01-02-01,ks_1731_260,KS 1731-260,KS_1731-260,NS,1998-10-02T13:06:08,True,,RXTE/PCA,PCA_OGIP_RATE43_OVERLAP_V1,data/processed/native/30061-01-02-01.npz,data/processed/native/30061-01-02-01.npz,0a076c7a15245d6bbd3aca3dc57cd35c4b3dc667bc781e92ebd9e559df06c3fc,30061-01-02-01,30061-01-02-01
30061-01-02-03,30061-01-02-03,ks_1731_260,KS 1731-260,KS_1731-260,NS,1998-10-03T05:46:24,True,,RXTE/PCA,PCA_OGIP_RATE43_OVERLAP_V1,data/processed/native/30061-01-02-03.npz,data/processed/native/30061-01-02-03.npz,11146066f9cec7b4c07eb707799a50b9595ed21240b8f33aa47049311840ba9c,30061-01-02-03,30061-01-02-03
30061-01-02-06,30061-01-02-06,ks_1731_260,KS 1731-260,KS_1731-260,NS,1998-10-06T01:53:52,True,,RXTE/PCA,PCA_OGIP_RATE43_OVERLAP_V1,data/processed/native/30061-01-02-06.npz,data/processed/native/30061-01-02-06.npz,d32b90f9c752699833c156e86b00ebce50c4f0b79acc90242538390a800cdf85,30061-01-02-06,30061-01-02-06
30061-01-03-00,30061-01-03-00,ks_1731_260,KS 1731-260,KS_1731-260,NS,1999-02-22T18:26:24,True,,RXTE/PCA,PCA_OGIP_RATE43_OVERLAP_V1,data/processed/native/30061-01-03-00.npz,data/processed/native/30061-01-03-00.npz,229c29b452b6d7e476a6eae3de9b01fb5faf2704be676b149539aefa03303139,30061-01-03-00,30061-01-03-00
30061-01-03-01,30061-01-03-01,ks_1731_260,KS 1731-260,KS_1731-260,NS,1999-02-25T21:39:28,True,,RXTE/PCA,PCA_OGIP_RATE43_OVERLAP_V1,data/processed/native/30061-01-03-01.npz,data/processed/native/30061-01-03-01.npz,e0720bd036b54d77300a694e67a9f657760ff6d16f6570d4eb99693b7b07f60a,30061-01-03-01,30061-01-03-01
30061-01-04-00,30061-01-04-00,ks_1731_260,KS 1731-260,KS_1731-260,NS,1999-02-26T15:13:04,True,,RXTE/PCA,PCA_OGIP_RATE43_OVERLAP_V1,data/processed/native/30061-01-04-00.npz,data/processed/native/30061-01-04-00.npz,b027a0c6c66260927d2ad0e939e603368ad620f86f9d046d09dde27101e0df39,30061-01-04-00,30061-01-04-00
30061-01-04-02,30061-01-04-02,ks_1731_260,KS 1731-260,KS_1731-260,NS,1999-02-27T15:13:04,True,,RXTE/PCA,PCA_OGIP_RATE43_OVERLAP_V1,data/processed/native/30061-01-04-02.npz,data/processed/native/30061-01-04-02.npz,c149121207fbf90a14647aa3bc87701083538eef760f3b62cff6972ab7f17314,30061-01-04-02,30061-01-04-02
30062-02-01-05,30062-02-01-05,4u_1608_522,4U 1608-522,4U_1608-52,NS,1998-02-20T06:05:20,True,,RXTE/PCA,PCA_OGIP_RATE43_OVERLAP_V1,data/processed/native/30062-02-01-05.npz,data/processed/native/30062-02-01-05.npz,f0bd449cd1ccc238cb2852474396755b713e61c531f9377204e2d2d89d9950d3,30062-02-01-05,30062-02-01-05
30073-05-01-00,30073-05-01-00,aql_x_1,Aql X-1,AQL_X-1,NS,1998-04-10T22:20:48,True,,RXTE/PCA,PCA_OGIP_RATE43_OVERLAP_V1,data/processed/native/30073-05-01-00.npz,data/processed/native/30073-05-01-00.npz,27a210f922304e8bedff2ee9298a9106f3fafc6da666356ce7fc511b2dac39e8,30073-05-01-00,30073-05-01-00
30188-03-02-00,30188-03-02-00,aql_x_1,Aql X-1,AQL_X-1,NS,1998-03-07T08:14:24,True,,RXTE/PCA,PCA_OGIP_RATE43_OVERLAP_V1,data/processed/native/30188-03-02-00.npz,data/processed/native/30188-03-02-00.npz,491cf476bcad539b075c79622cc2cf6d463d9710863c4db1e8eab4c2412ed28b,30188-03-02-00,30188-03-02-00
30188-06-01-02,30188-06-01-02,xte_j1550_564,XTE J1550-564,XTE_J1550-564,BH,1998-09-10T01:37:20,True,,RXTE/PCA,PCA_OGIP_RATE43_OVERLAP_V1,data/processed/native/30188-06-01-02.npz,data/processed/native/30188-06-01-02.npz,a23beecebaa2d6deadf543a76cbe5d0ec10b43d5908dd0ca424c40523eb10a6b,30188-06-01-02,30188-06-01-02
30191-01-02-00,30191-01-02-00,xte_j1550_564,XTE J1550-564,XTE_J1550-564,BH,1998-09-19T23:59:28,True,,RXTE/PCA,PCA_OGIP_RATE43_OVERLAP_V1,data/processed/native/30191-01-02-00.npz,data/processed/native/30191-01-02-00.npz,8ff3fb4fa4f01c683cf0c9c52c358dfd44ba8b7347be1957285d1a7e95e391a4,30191-01-02-00,30191-01-02-00
30191-01-12-00,30191-01-12-00,xte_j1550_564,XTE J1550-564,XTE_J1550-564,BH,1998-09-26T00:04:32,True,,RXTE/PCA,PCA_OGIP_RATE43_OVERLAP_V1,data/processed/native/30191-01-12-00.npz,data/processed/native/30191-01-12-00.npz,bcb26162d4b60e46cce7d46b1a24eb65ca1e0db6b9837f8b62d4462d0baabcec,30191-01-12-00,30191-01-12-00
30191-01-28-01,30191-01-28-01,xte_j1550_564,XTE J1550-564,XTE_J1550-564,BH,1998-10-11T13:38:40,True,,RXTE/PCA,PCA_OGIP_RATE43_OVERLAP_V1,data/processed/native/30191-01-28-01.npz,data/processed/native/30191-01-28-01.npz,1706a560b8b5ed9732dcfa4d79cc9100d809cbb85d63c729ff6e2afc48aa17b7,30191-01-28-01,30191-01-28-01
30191-01-34-00,30191-01-34-00,xte_j1550_564,XTE J1550-564,XTE_J1550-564,BH,1998-10-24T06:28:32,True,,RXTE/PCA,PCA_OGIP_RATE43_OVERLAP_V1,data/processed/native/30191-01-34-00.npz,data/processed/native/30191-01-34-00.npz,40abd0388d5ca43e6bbcb690c38ff4ec36aa2140edfa5ea5cc9dc202107e68c8,30191-01-34-00,30191-01-34-00
30191-01-44-00,30191-01-44-00,xte_j1550_564,XTE J1550-564,XTE_J1550-564,BH,1998-11-15T11:30:24,True,,RXTE/PCA,PCA_OGIP_RATE43_OVERLAP_V1,data/processed/native/30191-01-44-00.npz,data/processed/native/30191-01-44-00.npz,9b8fd3f5c773b4a8d0c3a251a4aa69f96aee64ccfec212a04bb63cc69a255301,30191-01-44-00,30191-01-44-00
30401-01-01-00,30401-01-01-00,gs_1354_64,GS 1354-64,X1354-644,BH,1997-12-27T14:39:28,True,,RXTE/PCA,PCA_OGIP_RATE43_OVERLAP_V1,data/processed/native/30401-01-01-00.npz,data/processed/native/30401-01-01-00.npz,5c9c073696e64d52a0572a55b64230c831ae8e1e89188d888e952cafc7e8d731,30401-01-01-00,30401-01-01-00
30401-01-02-00,30401-01-02-00,gs_1354_64,GS 1354-64,X1354-644,BH,1998-01-04T17:47:12,True,,RXTE/PCA,PCA_OGIP_RATE43_OVERLAP_V1,data/processed/native/30401-01-02-00.npz,data/processed/native/30401-01-02-00.npz,f649ef661320962498688e31cefe52e20c152984cc00000d967996086faf5e79,30401-01-02-00,30401-01-02-00
30401-01-03-00,30401-01-03-00,gs_1354_64,GS 1354-64,X1354-644,BH,1998-01-12T15:04:32,True,,RXTE/PCA,PCA_OGIP_RATE43_OVERLAP_V1,data/processed/native/30401-01-03-00.npz,data/processed/native/30401-01-03-00.npz,2dfd0befa4be58f85ab74d208602cb5164d54bf4b546a12b64fc03c3e844ba46,30401-01-03-00,30401-01-03-00
30401-01-04-00,30401-01-04-00,gs_1354_64,GS 1354-64,X1354-644,BH,1998-01-26T12:07:28,True,,RXTE/PCA,PCA_OGIP_RATE43_OVERLAP_V1,data/processed/native/30401-01-04-00.npz,data/processed/native/30401-01-04-00.npz,b4834314e889abe676614584fbd3290ce95008fe97432263231cb7209148f52c,30401-01-04-00,30401-01-04-00
30401-01-05-00,30401-01-05-00,gs_1354_64,GS 1354-64,X1354-644,BH,,False,Selected PCUs not continuously on in sampled GTIs; re-extraction required,RXTE/PCA,,,,,,
30411-01-02-04,30411-01-02-04,sax_j1808_4_3658,SAX J1808.4-3658,SAX_J1808.4-3658,NS,,False,Missing retrieved source product,RXTE/PCA,,,,,,
30411-01-11-02,30411-01-11-02,sax_j1808_4_3658,SAX J1808.4-3658,SAX_J1808.4-3658,NS,1998-05-02T01:25:52,False,net_5_25_keV_recorded_rate_not_greater_than_5_count_s_PCU,RXTE/PCA,PCA_OGIP_RATE43_OVERLAP_V1,data/processed/native/30411-01-11-02.npz,data/processed/native/30411-01-11-02.npz,8c628c959123ce054a52ff84ece391bf87305bce78bd2e98e6b8c3dcc507246c,30411-01-11-02,30411-01-11-02
30435-01-07-00,30435-01-07-00,xte_j1550_564,XTE J1550-564,XTE_J1550-564,BH,1998-12-05T01:56:00,True,,RXTE/PCA,PCA_OGIP_RATE43_OVERLAP_V1,data/processed/native/30435-01-07-00.npz,data/processed/native/30435-01-07-00.npz,6a28dd2086ea5b9907b6cba3b0595ed3e15039571ad8091ad1c06cc008424773,30435-01-07-00,30435-01-07-00
30435-01-15-01,30435-01-15-01,xte_j1550_564,XTE J1550-564,XTE_J1550-564,BH,1998-12-18T15:46:24,True,,RXTE/PCA,PCA_OGIP_RATE43_OVERLAP_V1,data/processed/native/30435-01-15-01.npz,data/processed/native/30435-01-15-01.npz,332fe9b671bed14d2a73efcc6279acdc74d852cb15cdab28e8bf8f33ed3e6857,30435-01-15-01,30435-01-15-01
30435-01-25-00,30435-01-25-00,xte_j1550_564,XTE J1550-564,XTE_J1550-564,BH,1998-12-28T19:06:40,True,,RXTE/PCA,PCA_OGIP_RATE43_OVERLAP_V1,data/processed/native/30435-01-25-00.npz,data/processed/native/30435-01-25-00.npz,d3688ee8e5cf41188c90d7167fac80a6a82e8ee217bef29f0fb7e92ed52bbdc3,30435-01-25-00,30435-01-25-00
40017-02-02-02,40017-02-02-02,cyg_x_2,Cyg X-2,CYG_X-2,NS,1999-01-27T08:15:12,True,,RXTE/PCA,PCA_OGIP_RATE43_OVERLAP_V1,data/processed/native/40017-02-02-02.npz,data/processed/native/40017-02-02-02.npz,6d1cc55c23dbb275c9e15f35081ba49e8496d8c89593a3e1cd06e728a809d6fe,40017-02-02-02,40017-02-02-02
40017-02-12-00,40017-02-12-00,cyg_x_2,Cyg X-2,CYG_X-2,NS,1999-08-23T12:32:00,True,,RXTE/PCA,PCA_OGIP_RATE43_OVERLAP_V1,data/processed/native/40017-02-12-00.npz,data/processed/native/40017-02-12-00.npz,f63a8969f1b03c6aab5aaa5735c32ffbca617746b0bbed7369875e1a2f6ae630,40017-02-12-00,40017-02-12-00
40017-02-16-06,40017-02-16-06,cyg_x_2,Cyg X-2,CYG_X-2,NS,1999-11-20T23:36:00,True,,RXTE/PCA,PCA_OGIP_RATE43_OVERLAP_V1,data/processed/native/40017-02-16-06.npz,data/processed/native/40017-02-16-06.npz,fe0d46ce644f4f1f2d0c99753e85186f87be344a413a62a846346d1c68b83384,40017-02-16-06,40017-02-16-06
40019-03-01-02,40019-03-01-02,4u_1728_34,4U 1728-34,4U1728-34,NS,1999-09-21T17:46:24,True,,RXTE/PCA,PCA_OGIP_RATE43_OVERLAP_V1,data/processed/native/40019-03-01-02.npz,data/processed/native/40019-03-01-02.npz,46332bb215759d10fc273588e7a05aac89e726c8745f10b7fb34686ab2096032,40019-03-01-02,40019-03-01-02
40019-04-04-00,40019-04-04-00,cyg_x_2,Cyg X-2,CYG_X-2,NS,1999-12-17T10:04:32,True,,RXTE/PCA,PCA_OGIP_RATE43_OVERLAP_V1,data/processed/native/40019-04-04-00.npz,data/processed/native/40019-04-04-00.npz,4817dedfe4378a9355cc422a7e85c8ba5a8563876633f33c2f0012426484a611,40019-04-04-00,40019-04-04-00
40025-03-01-00,40025-03-01-00,ser_x_1,Ser X-1,SER_X-1,NS,1999-04-10T14:48:32,True,,RXTE/PCA,PCA_OGIP_RATE43_OVERLAP_V1,data/processed/native/40025-03-01-00.npz,data/processed/native/40025-03-01-00.npz,488a8d33a2b03bade80f346d22df7cccc817a801b22ff55c8c7fab2f2325af37,40025-03-01-00,40025-03-01-00
40025-03-01-01,40025-03-01-01,ser_x_1,Ser X-1,SER_X-1,NS,1999-04-13T10:02:24,True,,RXTE/PCA,PCA_OGIP_RATE43_OVERLAP_V1,data/processed/native/40025-03-01-01.npz,data/processed/native/40025-03-01-01.npz,f81139b44491d540cbbe12294cbebcee879cf07ab1dba12140f08569261aa9df,40025-03-01-01,40025-03-01-01
40025-03-01-02,40025-03-01-02,ser_x_1,Ser X-1,SER_X-1,NS,1999-04-16T21:06:40,True,,RXTE/PCA,PCA_OGIP_RATE43_OVERLAP_V1,data/processed/native/40025-03-01-02.npz,data/processed/native/40025-03-01-02.npz,067801c9c1f1cebde50601aa204d1ff32725f885db57fcef988fdf1f0c188f29,40025-03-01-02,40025-03-01-02
40025-03-02-00,40025-03-02-00,ser_x_1,Ser X-1,SER_X-1,NS,1999-04-18T21:02:40,True,,RXTE/PCA,PCA_OGIP_RATE43_OVERLAP_V1,data/processed/native/40025-03-02-00.npz,data/processed/native/40025-03-02-00.npz,2c64804c8d37dabc06a46e734bbaeb77392175edfc2975d0eaef69a4b1f1964f,40025-03-02-00,40025-03-02-00
40025-03-02-01,40025-03-02-01,ser_x_1,Ser X-1,SER_X-1,NS,1999-04-20T19:23:12,True,,RXTE/PCA,PCA_OGIP_RATE43_OVERLAP_V1,data/processed/native/40025-03-02-01.npz,data/processed/native/40025-03-02-01.npz,0063772572f4cabae79f8adf65cd3a8701b7c0ad4cbf1d4f313bcefef430cc2a,40025-03-02-01,40025-03-02-01
40025-04-01-01,40025-04-01-01,4u_1702_429,4U 1702-429,4U_1702-429,NS,1999-02-22T02:45:52,True,,RXTE/PCA,PCA_OGIP_RATE43_OVERLAP_V1,data/processed/native/40025-04-01-01.npz,data/processed/native/40025-04-01-01.npz,229c29b452b6d7e476a6eae3de9b01fb5faf2704be676b149539aefa03303139,40025-04-01-01,40025-04-01-01
40025-04-02-00,40025-04-02-00,4u_1702_429,4U 1702-429,4U_1702-429,NS,1999-02-24T09:44:16,True,,RXTE/PCA,PCA_OGIP_RATE43_OVERLAP_V1,data/processed/native/40025-04-02-00.npz,data/processed/native/40025-04-02-00.npz,906352cbf7d59ee1413eca827c096304770b034818d5547e33efdddd03b3390a,40025-04-02-00,40025-04-02-00
40025-04-03-01,40025-04-03-01,4u_1702_429,4U 1702-429,4U_1702-429,NS,1999-02-28T11:47:28,True,,RXTE/PCA,PCA_OGIP_RATE43_OVERLAP_V1,data/processed/native/40025-04-03-01.npz,data/processed/native/40025-04-03-01.npz,5fbcd96e7c07cc4aa0799504ed730dd51db741c431b53a60488ea9acda2a8d33,40025-04-03-01,40025-04-03-01
40025-04-03-03,40025-04-03-03,4u_1702_429,4U 1702-429,4U_1702-429,NS,1999-03-04T23:11:28,True,,RXTE/PCA,PCA_OGIP_RATE43_OVERLAP_V1,data/processed/native/40025-04-03-03.npz,data/processed/native/40025-04-03-03.npz,e5482abcf24b469f995d051c8e8b4b4fbe6542c81d61ccd424f121b0be0a21dd,40025-04-03-03,40025-04-03-03
40027-06-01-02,40027-06-01-02,4u_1728_34,4U 1728-34,4U_1728-34,NS,1999-02-28T04:15:28,True,,RXTE/PCA,PCA_OGIP_RATE43_OVERLAP_V1,data/processed/native/40027-06-01-02.npz,data/processed/native/40027-06-01-02.npz,5fbcd96e7c07cc4aa0799504ed730dd51db741c431b53a60488ea9acda2a8d33,40027-06-01-02,40027-06-01-02
40027-08-02-02,40027-08-02-02,4u_1728_34,4U 1728-34,4U_1728-34,NS,1999-07-07T08:25:52,True,,RXTE/PCA,PCA_OGIP_RATE43_OVERLAP_V1,data/processed/native/40027-08-02-02.npz,data/processed/native/40027-08-02-02.npz,0a93dd2d13160e699f96a72790b397424535f7336a929a6bca677700555e03ab,40027-08-02-02,40027-08-02-02
40028-01-14-02,40028-01-14-02,4u_1636_536,4U 1636-536,4U_1636-53,NS,2000-01-30T01:16:48,True,,RXTE/PCA,PCA_OGIP_RATE43_OVERLAP_V1,data/processed/native/40028-01-14-02.npz,data/processed/native/40028-01-14-02.npz,57c422ff67247f2ba5013a7f72696629f1e13160f8a2ad01617a4a8872c8d618,40028-01-14-02,40028-01-14-02
40030-01-14-00,40030-01-14-00,4u_0614_09,4U 0614+09,4U_0614+091,NS,1999-01-05T23:41:52,True,,RXTE/PCA,PCA_OGIP_RATE43_OVERLAP_V1,data/processed/native/40030-01-14-00.npz,data/processed/native/40030-01-14-00.npz,30373dbe64d75a1d061a79e79a8445286190d5a58ef830f50a41316b0bd4c33f,40030-01-14-00,40030-01-14-00
40030-02-04-00,40030-02-04-00,4u_1735_444,4U 1735-444,4U_1735-44,NS,1999-09-15T11:26:24,True,,RXTE/PCA,PCA_OGIP_RATE43_OVERLAP_V1,data/processed/native/40030-02-04-00.npz,data/processed/native/40030-02-04-00.npz,acda4b133d96ad57b8e913bfde497bd85e5c1a81eb427ac25c280a3f637e6a87,40030-02-04-00,40030-02-04-00
40030-02-09-01,40030-02-09-01,4u_1735_444,4U 1735-444,4U_1735-44,NS,1999-09-21T13:08:16,True,,RXTE/PCA,PCA_OGIP_RATE43_OVERLAP_V1,data/processed/native/40030-02-09-01.npz,data/processed/native/40030-02-09-01.npz,46332bb215759d10fc273588e7a05aac89e726c8745f10b7fb34686ab2096032,40030-02-09-01,40030-02-09-01
40031-03-03-00,40031-03-03-00,gx_339_4,GX 339-4,GX339-4,BH,2002-05-20T01:14:24,True,,RXTE/PCA,PCA_OGIP_RATE43_OVERLAP_V1,data/processed/native/40031-03-03-00.npz,data/processed/native/40031-03-03-00.npz,33b68f9e3f248f5c0b2e605899e0803b385615da6117b8046c8412ba244a82fe,40031-03-03-00,40031-03-03-00
40033-06-02-05,40033-06-02-05,4u_1728_34,4U 1728-34,4U_1728-34,NS,1999-01-28T02:55:44,True,,RXTE/PCA,PCA_OGIP_RATE43_OVERLAP_V1,data/processed/native/40033-06-02-05.npz,data/processed/native/40033-06-02-05.npz,340e35a5d8990a78fe8e2545066edfc8c88f616631a8c0f326cfef0522b65b26,40033-06-02-05,40033-06-02-05
40033-07-01-04,40033-07-01-04,4u_1735_444,4U 1735-444,4U_1735-44,NS,1999-05-29T05:44:00,True,,RXTE/PCA,PCA_OGIP_RATE43_OVERLAP_V1,data/processed/native/40033-07-01-04.npz,data/processed/native/40033-07-01-04.npz,34ed2420d21983863f27dd666c5e476a7cd296c595b85d5783c6faf3ee60a332,40033-07-01-04,40033-07-01-04
40033-10-02-07,40033-10-02-07,aql_x_1,Aql X-1,AQL_X-1,NS,1999-08-16T13:39:28,True,,RXTE/PCA,PCA_OGIP_RATE43_OVERLAP_V1,data/processed/native/40033-10-02-07.npz,data/processed/native/40033-10-02-07.npz,accf843b907ab4332a29323abb7a07c0800e39a16ea0c24acfa5242546e04a1c,40033-10-02-07,40033-10-02-07
40035-01-02-01,40035-01-02-01,sax_j1808_4_3658,SAX J1808.4-3658,SAX_J1808.4-3658,NS,2000-02-11T02:25:52,False,net_5_25_keV_recorded_rate_not_greater_than_5_count_s_PCU,RXTE/PCA,PCA_OGIP_RATE43_OVERLAP_V1,data/processed/native/40035-01-02-01.npz,data/processed/native/40035-01-02-01.npz,4d107c072e1c8c3fca374ce44b88337f09e298c7fecda33b6d7da8a1bc639907,40035-01-02-01,40035-01-02-01
40035-05-08-00,40035-05-08-00,sax_j1808_4_3658,SAX J1808.4-3658,SAX_J1808.4-3658,NS,2000-02-15T00:31:44,False,net_5_25_keV_recorded_rate_not_greater_than_5_count_s_PCU,RXTE/PCA,PCA_OGIP_RATE43_OVERLAP_V1,data/processed/native/40035-05-08-00.npz,data/processed/native/40035-05-08-00.npz,409dde14772b782312ba5a6a887add0cb0dd0e7fa76814ca7c2efe941cff400a,40035-05-08-00,40035-05-08-00
40047-03-03-00,40047-03-03-00,aql_x_1,Aql X-1,AQL_X-1,NS,1999-06-04T13:47:28,True,,RXTE/PCA,PCA_OGIP_RATE43_OVERLAP_V1,data/processed/native/40047-03-03-00.npz,data/processed/native/40047-03-03-00.npz,59879f67bfe9b5df4bfa9149d774339ef46f4e8fdbd2205a4356a4a965d81b12,40047-03-03-00,40047-03-03-00
40050-04-05-00,40050-04-05-00,mxb_1658_298,MXB 1658-298,X1658-298,NS,1999-04-07T14:37:52,True,,RXTE/PCA,PCA_OGIP_RATE43_OVERLAP_V1,data/processed/native/40050-04-05-00.npz,data/processed/native/40050-04-05-00.npz,b3ea011389357ab8365e1ad28c01fe02d43210de7b04058f5bf1cc42f82a49b4,40050-04-05-00,40050-04-05-00
40050-04-05-02,40050-04-05-02,mxb_1658_298,MXB 1658-298,X1658-298,NS,1999-04-08T16:20:32,True,,RXTE/PCA,PCA_OGIP_RATE43_OVERLAP_V1,data/processed/native/40050-04-05-02.npz,data/processed/native/40050-04-05-02.npz,cb7b6e91d258c5b33c4aeb636b4a39571d0eec29a0d2e29969efc2dac291a258,40050-04-05-02,40050-04-05-02
40108-01-04-00,40108-01-04-00,gx_339_4,GX 339-4,GX339-4,BH,1999-03-03T21:31:28,True,,RXTE/PCA,PCA_OGIP_RATE43_OVERLAP_V1,data/processed/native/40108-01-04-00.npz,data/processed/native/40108-01-04-00.npz,a429228e5666307b2ff9b10e4b7b9f335fce1fef6b88919590a42814121597e5,40108-01-04-00,40108-01-04-00
40122-01-01-03,40122-01-01-03,xte_j1859_226,XTE J1859+226,XTE_J1859+226,BH,1999-10-18T02:13:20,True,,RXTE/PCA,PCA_OGIP_RATE43_OVERLAP_V1,data/processed/native/40122-01-01-03.npz,data/processed/native/40122-01-01-03.npz,99332799985774b54d46047e44face10e52abf51c213c860da6e7e01ca02f29b,40122-01-01-03,40122-01-01-03
40122-01-03-01,40122-01-03-01,xte_j1859_226,XTE J1859+226,XTE_J1859+226,BH,1999-11-06T21:18:24,True,,RXTE/PCA,PCA_OGIP_RATE43_OVERLAP_V1,data/processed/native/40122-01-03-01.npz,data/processed/native/40122-01-03-01.npz,f9c14888d5e3429d9c81ea94f3c229e9d8daf29f57896e8781368d76bc9f28af,40122-01-03-01,40122-01-03-01
40124-01-11-00,40124-01-11-00,xte_j1859_226,XTE J1859+226,XTE_J1859+226,BH,1999-10-15T21:30:08,True,,RXTE/PCA,PCA_OGIP_RATE43_OVERLAP_V1,data/processed/native/40124-01-11-00.npz,data/processed/native/40124-01-11-00.npz,75851cafac8188b7110ec5c59eed8a6c42b2ead9ce002d6db791653ee77b234c,40124-01-11-00,40124-01-11-00
40124-01-15-01,40124-01-15-01,xte_j1859_226,XTE J1859+226,XTE_J1859+226,BH,,False,Missing retrieved source product,RXTE/PCA,,,,,,
40124-01-15-03,40124-01-15-03,xte_j1859_226,XTE J1859+226,XTE_J1859+226,BH,1999-10-23T06:54:40,True,,RXTE/PCA,PCA_OGIP_RATE43_OVERLAP_V1,data/processed/native/40124-01-15-03.npz,data/processed/native/40124-01-15-03.npz,d9f964b53cdd99b1fc239a5c7d8dec305ef2c793a44a03aca52d8e04844c1f90,40124-01-15-03,40124-01-15-03
40124-01-16-00,40124-01-16-00,xte_j1859_226,XTE J1859+226,XTE_J1859+226,BH,,False,Selected PCUs not continuously on in sampled GTIs; re-extraction required,RXTE/PCA,,,,,,
40124-01-20-00,40124-01-20-00,xte_j1859_226,XTE J1859+226,XTE_J1859+226,BH,1999-10-20T21:21:20,True,,RXTE/PCA,PCA_OGIP_RATE43_OVERLAP_V1,data/processed/native/40124-01-20-00.npz,data/processed/native/40124-01-20-00.npz,d701cab471bc098a3828f8e89f42c96947950705ece24294330efee59fe03a42,40124-01-20-00,40124-01-20-00
40124-01-27-00,40124-01-27-00,xte_j1859_226,XTE J1859+226,XTE_J1859+226,BH,1999-10-24T10:16:32,True,,RXTE/PCA,PCA_OGIP_RATE43_OVERLAP_V1,data/processed/native/40124-01-27-00.npz,data/processed/native/40124-01-27-00.npz,6cf3f059d587381414914bff64d37d3a32d151962f85ee7888db29b68b61ca7d,40124-01-27-00,40124-01-27-00
40124-01-30-00,40124-01-30-00,xte_j1859_226,XTE J1859+226,XTE_J1859+226,BH,1999-10-27T00:24:48,True,,RXTE/PCA,PCA_OGIP_RATE43_OVERLAP_V1,data/processed/native/40124-01-30-00.npz,data/processed/native/40124-01-30-00.npz,92ea38f34e624ff74a7d6fe205a268c3da35427e8d90cd399c77ee7379428d7e,40124-01-30-00,40124-01-30-00
40124-01-33-00,40124-01-33-00,xte_j1859_226,XTE J1859+226,XTE_J1859+226,BH,1999-10-29T08:25:36,True,,RXTE/PCA,PCA_OGIP_RATE43_OVERLAP_V1,data/processed/native/40124-01-33-00.npz,data/processed/native/40124-01-33-00.npz,e0beadf4f5eaac4fb6fd838442d4566a487a6ae79642cede2e5c628c0410e192,40124-01-33-00,40124-01-33-00
40124-01-35-02,40124-01-35-02,xte_j1859_226,XTE J1859+226,XTE_J1859+226,BH,1999-10-30T21:45:20,True,,RXTE/PCA,PCA_OGIP_RATE43_OVERLAP_V1,data/processed/native/40124-01-35-02.npz,data/processed/native/40124-01-35-02.npz,5469793117b3ef788731c61edd7bb1b42020ab75b493ef61673f12f292efa0bd,40124-01-35-02,40124-01-35-02
40124-01-36-00,40124-01-36-00,xte_j1859_226,XTE J1859+226,XTE_J1859+226,BH,1999-11-01T02:33:20,True,,RXTE/PCA,PCA_OGIP_RATE43_OVERLAP_V1,data/processed/native/40124-01-36-00.npz,data/processed/native/40124-01-36-00.npz,08051955ee819b940418406fe748abb2c0a47b2cbf51e87b9d0144f6eb0e95b8,40124-01-36-00,40124-01-36-00
40124-01-38-00,40124-01-38-00,xte_j1859_226,XTE J1859+226,XTE_J1859+226,BH,1999-11-02T20:56:16,True,,RXTE/PCA,PCA_OGIP_RATE43_OVERLAP_V1,data/processed/native/40124-01-38-00.npz,data/processed/native/40124-01-38-00.npz,7f7ffa0f59d4aaf737bb58260c4c6186d864780902b91e97587a766e423ed984,40124-01-38-00,40124-01-38-00
40124-01-40-01,40124-01-40-01,xte_j1859_226,XTE J1859+226,XTE_J1859+226,BH,1999-11-04T20:56:16,True,,RXTE/PCA,PCA_OGIP_RATE43_OVERLAP_V1,data/processed/native/40124-01-40-01.npz,data/processed/native/40124-01-40-01.npz,506acade1b9412e50a2f5c5cd8a70a5be3c4c62c4a348a990a55efae9e088546,40124-01-40-01,40124-01-40-01
40124-01-46-00,40124-01-46-00,xte_j1859_226,XTE J1859+226,XTE_J1859+226,BH,1999-11-10T09:40:32,True,,RXTE/PCA,PCA_OGIP_RATE43_OVERLAP_V1,data/processed/native/40124-01-46-00.npz,data/processed/native/40124-01-46-00.npz,6e8e298e6bb2e9e19fc4c55a0aff649daaa53bce15d57b7e2cb544b90cfd8535,40124-01-46-00,40124-01-46-00
40124-01-49-00,40124-01-49-00,xte_j1859_226,XTE J1859+226,XTE_J1859+226,BH,1999-11-14T11:06:24,True,,RXTE/PCA,PCA_OGIP_RATE43_OVERLAP_V1,data/processed/native/40124-01-49-00.npz,data/processed/native/40124-01-49-00.npz,dab621a9662fe0e8352e22ade9a1e1e28ff459e0b68b8545a924665fca138433,40124-01-49-00,40124-01-49-00
40124-01-51-00,40124-01-51-00,xte_j1859_226,XTE J1859+226,XTE_J1859+226,BH,1999-11-19T09:13:36,True,,RXTE/PCA,PCA_OGIP_RATE43_OVERLAP_V1,data/processed/native/40124-01-51-00.npz,data/processed/native/40124-01-51-00.npz,1b715f49478f6993b5beb7ac4d81ad06c78586784b7c9f3ba58fa0af0dbe109f,40124-01-51-00,40124-01-51-00
40124-01-51-02,40124-01-51-02,xte_j1859_226,XTE J1859+226,XTE_J1859+226,BH,,False,Selected PCUs not continuously on in sampled GTIs; re-extraction required,RXTE/PCA,,,,,,
40124-01-52-02,40124-01-52-02,xte_j1859_226,XTE J1859+226,XTE_J1859+226,BH,1999-11-24T05:44:32,True,,RXTE/PCA,PCA_OGIP_RATE43_OVERLAP_V1,data/processed/native/40124-01-52-02.npz,data/processed/native/40124-01-52-02.npz,e2eb46d8b343d06acd19839aa877f1ebc38c155d9e58350741e19eb012f54e6e,40124-01-52-02,40124-01-52-02
40124-01-54-00,40124-01-54-00,xte_j1859_226,XTE J1859+226,XTE_J1859+226,BH,,False,Selected PCUs not continuously on in sampled GTIs; re-extraction required,RXTE/PCA,,,,,,
40124-01-55-00,40124-01-55-00,xte_j1859_226,XTE J1859+226,XTE_J1859+226,BH,1999-12-03T05:20:32,True,,RXTE/PCA,PCA_OGIP_RATE43_OVERLAP_V1,data/processed/native/40124-01-55-00.npz,data/processed/native/40124-01-55-00.npz,ca3ccc299e233f79fbaab20c806fa4fba1439f26ab46ec002a107c9e5e37825b,40124-01-55-00,40124-01-55-00
40124-01-55-03,40124-01-55-03,xte_j1859_226,XTE J1859+226,XTE_J1859+226,BH,1999-12-08T01:56:48,True,,RXTE/PCA,PCA_OGIP_RATE43_OVERLAP_V1,data/processed/native/40124-01-55-03.npz,data/processed/native/40124-01-55-03.npz,27729beeaf91ae1ecbce16d9ba494700e8961c7e795a7d8ab19d55815fbddec8,40124-01-55-03,40124-01-55-03
40124-01-57-01,40124-01-57-01,xte_j1859_226,XTE J1859+226,XTE_J1859+226,BH,1999-12-11T22:36:00,True,,RXTE/PCA,PCA_OGIP_RATE43_OVERLAP_V1,data/processed/native/40124-01-57-01.npz,data/processed/native/40124-01-57-01.npz,8c4adb3c7895cb4e3c5082abde66c37d0df0ea15e0082fe34011c74a3ade1824,40124-01-57-01,40124-01-57-01
40124-01-58-03,40124-01-58-03,xte_j1859_226,XTE J1859+226,XTE_J1859+226,BH,1999-12-15T17:41:04,True,,RXTE/PCA,PCA_OGIP_RATE43_OVERLAP_V1,data/processed/native/40124-01-58-03.npz,data/processed/native/40124-01-58-03.npz,48c8427678823e491b76a33c9b6509a5307b82ace3c5b0016a77c1687bbd2736,40124-01-58-03,40124-01-58-03
40124-01-61-00,40124-01-61-00,xte_j1859_226,XTE J1859+226,XTE_J1859+226,BH,2000-01-03T00:52:16,True,,RXTE/PCA,PCA_OGIP_RATE43_OVERLAP_V1,data/processed/native/40124-01-61-00.npz,data/processed/native/40124-01-61-00.npz,6ed855b9d2e5aec31e036d365acb9c373d29abe7b415015d984b918373037529,40124-01-61-00,40124-01-61-00
40124-01-63-00,40124-01-63-00,xte_j1859_226,XTE J1859+226,XTE_J1859+226,BH,2000-01-17T03:23:28,True,,RXTE/PCA,PCA_OGIP_RATE43_OVERLAP_V1,data/processed/native/40124-01-63-00.npz,data/processed/native/40124-01-63-00.npz,70fc582653d219bbd88f0b5ec28e359377b04122ee34e1dad021e11519a9bda1,40124-01-63-00,40124-01-63-00
40124-01-65-00,40124-01-65-00,xte_j1859_226,XTE J1859+226,XTE_J1859+226,BH,2000-01-30T18:43:12,False,net_5_25_keV_recorded_rate_not_greater_than_5_count_s_PCU,RXTE/PCA,PCA_OGIP_RATE43_OVERLAP_V1,data/processed/native/40124-01-65-00.npz,data/processed/native/40124-01-65-00.npz,57c422ff67247f2ba5013a7f72696629f1e13160f8a2ad01617a4a8872c8d618,40124-01-65-00,40124-01-65-00
40124-01-66-01,40124-01-66-01,xte_j1859_226,XTE J1859+226,XTE_J1859+226,BH,,False,Selected PCUs not continuously on in sampled GTIs; re-extraction required,RXTE/PCA,,,,,,
40401-01-08-00,40401-01-08-00,xte_j1550_564,XTE J1550-564,XTE_J1550-564,BH,1999-01-09T02:26:40,True,,RXTE/PCA,PCA_OGIP_RATE43_OVERLAP_V1,data/processed/native/40401-01-08-00.npz,data/processed/native/40401-01-08-00.npz,5fc1dfabf00d7ce5d9385b8a6b3053afe00672bc9755cac89f4b069e4f042db9,40401-01-08-00,40401-01-08-00
40401-01-18-00,40401-01-18-00,xte_j1550_564,XTE J1550-564,XTE_J1550-564,BH,1999-01-22T09:13:04,True,,RXTE/PCA,PCA_OGIP_RATE43_OVERLAP_V1,data/processed/native/40401-01-18-00.npz,data/processed/native/40401-01-18-00.npz,1e28a213b1a12091b7a794f69746f7b4eec8627f0b547e2ba76fb00511c67224,40401-01-18-00,40401-01-18-00
40401-01-26-00,40401-01-26-00,xte_j1550_564,XTE J1550-564,XTE_J1550-564,BH,1999-01-31T17:04:32,True,,RXTE/PCA,PCA_OGIP_RATE43_OVERLAP_V1,data/processed/native/40401-01-26-00.npz,data/processed/native/40401-01-26-00.npz,120a4547856d09cc3c0fc5ad2fe63975ed395f8831563690bd90e5bdb9971bde,40401-01-26-00,40401-01-26-00
40401-01-35-01,40401-01-35-01,xte_j1550_564,XTE J1550-564,XTE_J1550-564,BH,1999-02-11T16:08:32,True,,RXTE/PCA,PCA_OGIP_RATE43_OVERLAP_V1,data/processed/native/40401-01-35-01.npz,data/processed/native/40401-01-35-01.npz,d75f4abb7092927073f5db4d1127cc157db8e45769c967d2e2b05145eddd18a3,40401-01-35-01,40401-01-35-01
40401-01-43-00,40401-01-43-00,xte_j1550_564,XTE J1550-564,XTE_J1550-564,BH,1999-02-22T10:03:28,True,,RXTE/PCA,PCA_OGIP_RATE43_OVERLAP_V1,data/processed/native/40401-01-43-00.npz,data/processed/native/40401-01-43-00.npz,229c29b452b6d7e476a6eae3de9b01fb5faf2704be676b149539aefa03303139,40401-01-43-00,40401-01-43-00
40401-01-53-00,40401-01-53-00,xte_j1550_564,XTE J1550-564,XTE_J1550-564,BH,1999-03-08T08:29:52,True,,RXTE/PCA,PCA_OGIP_RATE43_OVERLAP_V1,data/processed/native/40401-01-53-00.npz,data/processed/native/40401-01-53-00.npz,94196cc5bde4fee57166544d063c17e37807defbd08083daf9c994b7f24961d0,40401-01-53-00,40401-01-53-00
40401-01-60-00,40401-01-60-00,xte_j1550_564,XTE J1550-564,XTE_J1550-564,BH,1999-03-20T08:42:40,True,,RXTE/PCA,PCA_OGIP_RATE43_OVERLAP_V1,data/processed/native/40401-01-60-00.npz,data/processed/native/40401-01-60-00.npz,e8cf99e4f66859c7db00697ca9f99cad002cff786110df056109097d96fa81fb,40401-01-60-00,40401-01-60-00
40401-01-70-00,40401-01-70-00,xte_j1550_564,XTE J1550-564,XTE_J1550-564,BH,1999-04-01T16:14:56,True,,RXTE/PCA,PCA_OGIP_RATE43_OVERLAP_V1,data/processed/native/40401-01-70-00.npz,data/processed/native/40401-01-70-00.npz,7e0932445cd8252bf7fc3308542ba5ee985db699e5963d23da8c140a2fe6432b,40401-01-70-00,40401-01-70-00
40401-01-80-00,40401-01-80-00,xte_j1550_564,XTE J1550-564,XTE_J1550-564,BH,1999-04-15T05:23:28,True,,RXTE/PCA,PCA_OGIP_RATE43_OVERLAP_V1,data/processed/native/40401-01-80-00.npz,data/processed/native/40401-01-80-00.npz,e38ec0bd9c14813ce348df4ecceb80a309eb046740441a4e1a643bb7dc45a218,40401-01-80-00,40401-01-80-00
40401-01-82-04,40401-01-82-04,xte_j1550_564,XTE J1550-564,XTE_J1550-564,BH,1999-04-19T12:31:28,True,,RXTE/PCA,PCA_OGIP_RATE43_OVERLAP_V1,data/processed/native/40401-01-82-04.npz,data/processed/native/40401-01-82-04.npz,b773afc7c28f4a5545e77db530ea3085f9fc7766aa29cc3f200f7d08acaaa2fc,40401-01-82-04,40401-01-82-04
40401-01-90-01,40401-01-90-01,xte_j1550_564,XTE J1550-564,XTE_J1550-564,BH,1999-04-30T01:16:00,False,net_5_25_keV_recorded_rate_not_greater_than_5_count_s_PCU,RXTE/PCA,PCA_OGIP_RATE43_OVERLAP_V1,data/processed/native/40401-01-90-01.npz,data/processed/native/40401-01-90-01.npz,811c0d29d4a892dfa5b136206b3e01e149bce19cff962d2fbe1a8f040196e0c4,40401-01-90-01,40401-01-90-01
40401-01-96-01,40401-01-96-01,xte_j1550_564,XTE J1550-564,XTE_J1550-564,BH,1999-05-09T09:21:52,True,,RXTE/PCA,PCA_OGIP_RATE43_OVERLAP_V1,data/processed/native/40401-01-96-01.npz,data/processed/native/40401-01-96-01.npz,e04cedd68f4ade266b01e3c430df244615b2e06333a976a2c4d61b1de2c2e5da,40401-01-96-01,40401-01-96-01
40414-01-01-00,40414-01-01-00,mxb_1658_298,MXB 1658-298,X1658-298,NS,1999-04-05T20:12:16,True,,RXTE/PCA,PCA_OGIP_RATE43_OVERLAP_V1,data/processed/native/40414-01-01-00.npz,data/processed/native/40414-01-01-00.npz,da729de6df787b9c5a2de275a0461859c1f923641cfd3b659f463957a100b1ed,40414-01-01-00,40414-01-01-00
40414-01-02-00,40414-01-02-00,mxb_1658_298,MXB 1658-298,X1658-298,NS,1999-04-09T19:34:40,True,,RXTE/PCA,PCA_OGIP_RATE43_OVERLAP_V1,data/processed/native/40414-01-02-00.npz,data/processed/native/40414-01-02-00.npz,ae1f066dcd3a47582ef69e3bd9b8a366cb77960658935d99cc4693d955dcd493,40414-01-02-00,40414-01-02-00
40414-01-04-00,40414-01-04-00,mxb_1658_298,MXB 1658-298,X1658-298,NS,1999-04-15T17:58:24,True,,RXTE/PCA,PCA_OGIP_RATE43_OVERLAP_V1,data/processed/native/40414-01-04-00.npz,data/processed/native/40414-01-04-00.npz,e38ec0bd9c14813ce348df4ecceb80a309eb046740441a4e1a643bb7dc45a218,40414-01-04-00,40414-01-04-00
40414-01-06-00,40414-01-06-00,mxb_1658_298,MXB 1658-298,X1658-298,NS,1999-06-06T15:17:52,True,,RXTE/PCA,PCA_OGIP_RATE43_OVERLAP_V1,data/processed/native/40414-01-06-00.npz,data/processed/native/40414-01-06-00.npz,785d95752c0fb45a5013f8ec57c77834f0159fe6e75f40db4eef74e123f6b31e,40414-01-06-00,40414-01-06-00
40414-01-08-00,40414-01-08-00,mxb_1658_298,MXB 1658-298,X1658-298,NS,1999-07-30T03:08:00,True,,RXTE/PCA,PCA_OGIP_RATE43_OVERLAP_V1,data/processed/native/40414-01-08-00.npz,data/processed/native/40414-01-08-00.npz,2e80a2fa0cc3fbd014e42e5abff3bf0dd1ef60152937bf4876d33175666b42f6,40414-01-08-00,40414-01-08-00
40414-01-10-00,40414-01-10-00,mxb_1658_298,MXB 1658-298,X1658-298,NS,1999-08-06T03:01:52,False,net_5_25_keV_recorded_rate_not_greater_than_5_count_s_PCU,RXTE/PCA,PCA_OGIP_RATE43_OVERLAP_V1,data/processed/native/40414-01-10-00.npz,data/processed/native/40414-01-10-00.npz,7b9a836d12d1964fc746828c642bb2370630c5d4ed703db50e360858211e8156,40414-01-10-00,40414-01-10-00
40414-01-11-00,40414-01-11-00,mxb_1658_298,MXB 1658-298,X1658-298,NS,1999-08-07T07:28:48,False,net_5_25_keV_recorded_rate_not_greater_than_5_count_s_PCU,RXTE/PCA,PCA_OGIP_RATE43_OVERLAP_V1,data/processed/native/40414-01-11-00.npz,data/processed/native/40414-01-11-00.npz,9b26b04e5147ca180b75f57b23ff0211bb12107ac51b576141d5bdf4b90f9636,40414-01-11-00,40414-01-11-00
40414-01-14-00,40414-01-14-00,mxb_1658_298,MXB 1658-298,X1658-298,NS,1999-10-16T07:01:20,True,,RXTE/PCA,PCA_OGIP_RATE43_OVERLAP_V1,data/processed/native/40414-01-14-00.npz,data/processed/native/40414-01-14-00.npz,750b7c4555eeac74b019522c5f38437bbb6502004e0d8978588828239c99d38b,40414-01-14-00,40414-01-14-00
40414-01-15-00,40414-01-15-00,mxb_1658_298,MXB 1658-298,X1658-298,NS,2000-01-14T10:19:28,True,,RXTE/PCA,PCA_OGIP_RATE43_OVERLAP_V1,data/processed/native/40414-01-15-00.npz,data/processed/native/40414-01-15-00.npz,5da0b522b70ec468fdac734eebcac815415ed943aa8d99a1a0c80081001ff209,40414-01-15-00,40414-01-15-00
40414-01-17-00,40414-01-17-00,mxb_1658_298,MXB 1658-298,X1658-298,NS,,False,Selected PCUs not continuously on in sampled GTIs; re-extraction required,RXTE/PCA,,,,,,
40426-01-01-00,40426-01-01-00,ser_x_1,Ser X-1,SER_X-1,NS,1999-09-05T11:38:24,True,,RXTE/PCA,PCA_OGIP_RATE43_OVERLAP_V1,data/processed/native/40426-01-01-00.npz,data/processed/native/40426-01-01-00.npz,f775adeef12a7a1ec16d2ea98be5d05642e88c8396114471ba264f93e08d8b01,40426-01-01-00,40426-01-01-00
40429-01-03-01,40429-01-03-01,4u_0614_09,4U 0614+09,4U_0614+091,NS,1999-10-16T15:54:08,True,,RXTE/PCA,PCA_OGIP_RATE43_OVERLAP_V1,data/processed/native/40429-01-03-01.npz,data/processed/native/40429-01-03-01.npz,750b7c4555eeac74b019522c5f38437bbb6502004e0d8978588828239c99d38b,40429-01-03-01,40429-01-03-01
40429-01-06-01,40429-01-06-01,4u_0614_09,4U 0614+09,4U_0614+091,NS,2000-02-01T11:26:24,True,,RXTE/PCA,PCA_OGIP_RATE43_OVERLAP_V1,data/processed/native/40429-01-06-01.npz,data/processed/native/40429-01-06-01.npz,66b361e90596e9d0d69da9217024bb469ea2d5fb55748759ed692de8960dcb56,40429-01-06-01,40429-01-06-01
40432-01-04-00,40432-01-04-00,aql_x_1,Aql X-1,AQL_X-1,NS,1999-10-20T07:01:52,True,,RXTE/PCA,PCA_OGIP_RATE43_OVERLAP_V1,data/processed/native/40432-01-04-00.npz,data/processed/native/40432-01-04-00.npz,d701cab471bc098a3828f8e89f42c96947950705ece24294330efee59fe03a42,40432-01-04-00,40432-01-04-00
40437-01-01-01,40437-01-01-01,4u_1608_522,4U 1608-522,4U_1608-52,NS,2000-01-06T22:55:12,True,,RXTE/PCA,PCA_OGIP_RATE43_OVERLAP_V1,data/processed/native/40437-01-01-01.npz,data/processed/native/40437-01-01-01.npz,15037603d250224c3f28dbf14cbe5fc5221850b97efbfdc85a8347dd0d3cef66,40437-01-01-01,40437-01-01-01
40440-01-03-00,40440-01-03-00,xte_j1859_226,XTE J1859+226,XTE_J1859+226,BH,2000-02-26T20:37:52,True,,RXTE/PCA,PCA_OGIP_RATE43_OVERLAP_V1,data/processed/native/40440-01-03-00.npz,data/processed/native/40440-01-03-00.npz,44a995bab7f10cee953fc595efb3697afbaab837620bf0aa2b100916b7feebd7,40440-01-03-00,40440-01-03-00
50023-01-19-00,50023-01-19-00,4u_1728_34,4U 1728-34,4U_1728-34,NS,2000-05-21T11:58:24,True,,RXTE/PCA,PCA_OGIP_RATE43_OVERLAP_V1,data/processed/native/50023-01-19-00.npz,data/processed/native/50023-01-19-00.npz,30cc014f2763e402c8555058265a2ffced931589d8a6d431b2b90e37227fe98e,50023-01-19-00,50023-01-19-00
50023-01-31-00,50023-01-31-00,4u_1728_34,4U 1728-34,4U_1728-34,NS,2000-07-05T10:12:32,True,,RXTE/PCA,PCA_OGIP_RATE43_OVERLAP_V1,data/processed/native/50023-01-31-00.npz,data/processed/native/50023-01-31-00.npz,bb496a04bd4807e65b5669a5f6cf0a2a1e51fdbff14b5d00474e00db63a4fd3f,50023-01-31-00,50023-01-31-00
50025-01-01-01,50025-01-01-01,4u_1702_429,4U 1702-429,4U1702-429,NS,2000-08-25T01:07:12,True,,RXTE/PCA,PCA_OGIP_RATE43_OVERLAP_V1,data/processed/native/50025-01-01-01.npz,data/processed/native/50025-01-01-01.npz,dd9332823cc634d55877bdb52ca26a6aba07db8e7e0807067ba35be32c07cfcf,50025-01-01-01,50025-01-01-01
50025-01-01-03,50025-01-01-03,4u_1702_429,4U 1702-429,4U1702-429,NS,,False,Selected PCUs not continuously on in sampled GTIs; re-extraction required,RXTE/PCA,,,,,,
50025-01-01-05,50025-01-01-05,4u_1702_429,4U 1702-429,4U1702-429,NS,2000-08-25T17:32:32,True,,RXTE/PCA,PCA_OGIP_RATE43_OVERLAP_V1,data/processed/native/50025-01-01-05.npz,data/processed/native/50025-01-01-05.npz,dd9332823cc634d55877bdb52ca26a6aba07db8e7e0807067ba35be32c07cfcf,50025-01-01-05,50025-01-01-05
50025-01-01-07,50025-01-01-07,4u_1702_429,4U 1702-429,4U1702-429,NS,2000-08-26T01:01:52,True,,RXTE/PCA,PCA_OGIP_RATE43_OVERLAP_V1,data/processed/native/50025-01-01-07.npz,data/processed/native/50025-01-01-07.npz,2dbedbb111fb8a7c3834f34d322ff2b6d11d6677363c26c89c7c17aa326ef1f9,50025-01-01-07,50025-01-01-07
50025-02-01-01,50025-02-01-01,4u_1735_444,4U 1735-444,4U1735-44,NS,2000-08-26T02:41:04,True,,RXTE/PCA,PCA_OGIP_RATE43_OVERLAP_V1,data/processed/native/50025-02-01-01.npz,data/processed/native/50025-02-01-01.npz,2dbedbb111fb8a7c3834f34d322ff2b6d11d6677363c26c89c7c17aa326ef1f9,50025-02-01-01,50025-02-01-01
50025-02-01-06,50025-02-01-06,4u_1735_444,4U 1735-444,4U1735-44,NS,2000-08-26T19:13:36,True,,RXTE/PCA,PCA_OGIP_RATE43_OVERLAP_V1,data/processed/native/50025-02-01-06.npz,data/processed/native/50025-02-01-06.npz,2dbedbb111fb8a7c3834f34d322ff2b6d11d6677363c26c89c7c17aa326ef1f9,50025-02-01-06,50025-02-01-06
50026-01-01-03,50026-01-01-03,4u_1735_444,4U 1735-444,4U1735-44,NS,2001-09-03T11:44:48,True,,RXTE/PCA,PCA_OGIP_RATE43_OVERLAP_V1,data/processed/native/50026-01-01-03.npz,data/processed/native/50026-01-01-03.npz,39f6a6b530d28b14d2d7d0664f4963e0959590f3c6641c5bce2419663a1e97f2,50026-01-01-03,50026-01-01-03
50026-02-01-01,50026-02-01-01,4u_0614_09,4U 0614+09,4U0614+091,NS,2001-03-13T15:44:32,True,,RXTE/PCA,PCA_OGIP_RATE43_OVERLAP_V1,data/processed/native/50026-02-01-01.npz,data/processed/native/50026-02-01-01.npz,691fb661a0e640954247c434eacf881e7495d13b6313627d83e0885b30856cfe,50026-02-01-01,50026-02-01-01
50029-23-01-00,50029-23-01-00,4u_1728_34,4U 1728-34,4U_1728-34,NS,2000-04-18T09:44:00,True,,RXTE/PCA,PCA_OGIP_RATE43_OVERLAP_V1,data/processed/native/50029-23-01-00.npz,data/processed/native/50029-23-01-00.npz,448f9c431db687b1c9dca3297aabea9647af52fe3e63ce11a1abd12984fe75f6,50029-23-01-00,50029-23-01-00
50029-34-01-00,50029-34-01-00,4u_1735_444,4U 1735-444,4U_1735-44,NS,2000-05-27T09:53:52,True,,RXTE/PCA,PCA_OGIP_RATE43_OVERLAP_V1,data/processed/native/50029-34-01-00.npz,data/processed/native/50029-34-01-00.npz,72ee35ac0349680227d859c620c463375ad0bde2fd6dfc33cb3c4acbf190a0d8,50029-34-01-00,50029-34-01-00
50029-35-01-00,50029-35-01-00,ser_x_1,Ser X-1,SERX-1,NS,2000-07-30T11:23:12,True,,RXTE/PCA,PCA_OGIP_RATE43_OVERLAP_V1,data/processed/native/50029-35-01-00.npz,data/processed/native/50029-35-01-00.npz,4e980e5376f4efa8bb437d8c1b8772bb7580737dc47096fae3e307a4936fbf6c,50029-35-01-00,50029-35-01-00
50029-35-01-01,50029-35-01-01,ser_x_1,Ser X-1,SERX-1,NS,,False,Selected PCUs not continuously on in sampled GTIs; re-extraction required,RXTE/PCA,,,,,,
50030-01-01-03,50030-01-01-03,4u_1702_429,4U 1702-429,4U_1702-429,NS,2000-06-22T07:56:48,True,,RXTE/PCA,PCA_OGIP_RATE43_OVERLAP_V1,data/processed/native/50030-01-01-03.npz,data/processed/native/50030-01-01-03.npz,b94c817ce276a14d514d167b52074ad4f1f5b4c2a171c5039de5a681387a86d1,50030-01-01-03,50030-01-01-03
50030-01-01-05,50030-01-01-05,4u_1702_429,4U 1702-429,4U_1702-429,NS,2000-06-22T14:38:40,True,,RXTE/PCA,PCA_OGIP_RATE43_OVERLAP_V1,data/processed/native/50030-01-01-05.npz,data/processed/native/50030-01-01-05.npz,b94c817ce276a14d514d167b52074ad4f1f5b4c2a171c5039de5a681387a86d1,50030-01-01-05,50030-01-01-05
50030-01-01-07,50030-01-01-07,4u_1702_429,4U 1702-429,4U_1702-429,NS,2000-06-22T01:30:24,True,,RXTE/PCA,PCA_OGIP_RATE43_OVERLAP_V1,data/processed/native/50030-01-01-07.npz,data/processed/native/50030-01-01-07.npz,b94c817ce276a14d514d167b52074ad4f1f5b4c2a171c5039de5a681387a86d1,50030-01-01-07,50030-01-01-07
50030-01-02-00,50030-01-02-00,4u_1702_429,4U 1702-429,4U_1702-429,NS,2000-07-23T11:52:32,True,,RXTE/PCA,PCA_OGIP_RATE43_OVERLAP_V1,data/processed/native/50030-01-02-00.npz,data/processed/native/50030-01-02-00.npz,0c5609a7b161db0a748754c2b04523272cd0bc2ce19f2389f3474808da3b46aa,50030-01-02-00,50030-01-02-00
50030-01-03-02,50030-01-03-02,4u_1702_429,4U 1702-429,4U_1702-429,NS,2000-08-14T22:47:12,True,,RXTE/PCA,PCA_OGIP_RATE43_OVERLAP_V1,data/processed/native/50030-01-03-02.npz,data/processed/native/50030-01-03-02.npz,063447f62b90ead9f5684709e91e2b0eba7a7ef597eb68511fc7192372220953,50030-01-03-02,50030-01-03-02
50030-01-05-00,50030-01-05-00,4u_1702_429,4U 1702-429,4U_1702-429,NS,2000-11-12T03:03:28,True,,RXTE/PCA,PCA_OGIP_RATE43_OVERLAP_V1,data/processed/native/50030-01-05-00.npz,data/processed/native/50030-01-05-00.npz,3c31de7cf0a330b9618abd63b149f0acb46e9108f5a013f9aeaaa6ed172fa6cc,50030-01-05-00,50030-01-05-00
50030-01-06-00,50030-01-06-00,4u_1702_429,4U 1702-429,4U_1702-429,NS,2001-01-05T17:37:52,True,,RXTE/PCA,PCA_OGIP_RATE43_OVERLAP_V1,data/processed/native/50030-01-06-00.npz,data/processed/native/50030-01-06-00.npz,38be6c0d9912e28688b4924ea1c7c887605cdff4d3b24e9cc3763bfd1f6d907d,50030-01-06-00,50030-01-06-00
50030-01-07-00,50030-01-07-00,4u_1702_429,4U 1702-429,4U_1702-429,NS,2001-01-29T23:09:52,True,,RXTE/PCA,PCA_OGIP_RATE43_OVERLAP_V1,data/processed/native/50030-01-07-00.npz,data/processed/native/50030-01-07-00.npz,f48426bf7bc5c03ad726f489e668f2077966fb5a1214b47dc2c500126c9dcc75,50030-01-07-00,50030-01-07-00
50030-01-09-01,50030-01-09-01,4u_1702_429,4U 1702-429,4U_1702-429,NS,2001-02-10T16:45:36,True,,RXTE/PCA,PCA_OGIP_RATE43_OVERLAP_V1,data/processed/native/50030-01-09-01.npz,data/processed/native/50030-01-09-01.npz,6a923889ef03d24878a863e18aca364be026cff314ae521a957269409d23734a,50030-01-09-01,50030-01-09-01
50030-01-09-02,50030-01-09-02,4u_1702_429,4U 1702-429,4U_1702-429,NS,2001-02-10T19:53:04,True,,RXTE/PCA,PCA_OGIP_RATE43_OVERLAP_V1,data/processed/native/50030-01-09-02.npz,data/processed/native/50030-01-09-02.npz,b6a9f28e57f10de3ebaf729462fe287c5af06e143ecaa4287b1542c0f477aec1,50030-01-09-02,50030-01-09-02
50030-01-09-04,50030-01-09-04,4u_1702_429,4U 1702-429,4U_1702-429,NS,2001-02-10T23:04:16,True,,RXTE/PCA,PCA_OGIP_RATE43_OVERLAP_V1,data/processed/native/50030-01-09-04.npz,data/processed/native/50030-01-09-04.npz,6a923889ef03d24878a863e18aca364be026cff314ae521a957269409d23734a,50030-01-09-04,50030-01-09-04
50030-01-10-00,50030-01-10-00,4u_1702_429,4U 1702-429,4U_1702-429,NS,2001-02-21T13:38:56,True,,RXTE/PCA,PCA_OGIP_RATE43_OVERLAP_V1,data/processed/native/50030-01-10-00.npz,data/processed/native/50030-01-10-00.npz,be5253f6b4a10203604cc367c471cdad87a85f3bcd583c4540c9100784980682,50030-01-10-00,50030-01-10-00
50030-01-10-02,50030-01-10-02,4u_1702_429,4U 1702-429,4U_1702-429,NS,2001-02-21T18:36:16,True,,RXTE/PCA,PCA_OGIP_RATE43_OVERLAP_V1,data/processed/native/50030-01-10-02.npz,data/processed/native/50030-01-10-02.npz,be5253f6b4a10203604cc367c471cdad87a85f3bcd583c4540c9100784980682,50030-01-10-02,50030-01-10-02
50030-01-11-01,50030-01-11-01,4u_1702_429,4U 1702-429,4U_1702-429,NS,2001-04-01T23:30:24,True,,RXTE/PCA,PCA_OGIP_RATE43_OVERLAP_V1,data/processed/native/50030-01-11-01.npz,data/processed/native/50030-01-11-01.npz,d8fb603890350674b45e24ec6b1a38893a7baec29c34a6d8c56efdbc4de8a4d8,50030-01-11-01,50030-01-11-01
50030-01-11-02,50030-01-11-02,4u_1702_429,4U 1702-429,4U_1702-429,NS,2001-08-10T00:02:24,True,,RXTE/PCA,PCA_OGIP_RATE43_OVERLAP_V1,data/processed/native/50030-01-11-02.npz,data/processed/native/50030-01-11-02.npz,19634b220f41623382a7b8598803bac796dd09065de3f5b84accbde950dc55b3,50030-01-11-02,50030-01-11-02
50030-01-13-01,50030-01-13-01,4u_1702_429,4U 1702-429,4U_1702-429,NS,2001-09-16T01:40:48,True,,RXTE/PCA,PCA_OGIP_RATE43_OVERLAP_V1,data/processed/native/50030-01-13-01.npz,data/processed/native/50030-01-13-01.npz,730765923d9b2f364494a9ebc8539fba3ee80bbedb4da1e192f438a95e9bd394,50030-01-13-01,50030-01-13-01
50030-01-14-02,50030-01-14-02,4u_1702_429,4U 1702-429,4U_1702-429,NS,2001-11-16T13:54:40,True,,RXTE/PCA,PCA_OGIP_RATE43_OVERLAP_V1,data/processed/native/50030-01-14-02.npz,data/processed/native/50030-01-14-02.npz,ce84494eef69e55f62525a590a765ecd7507f2d19989c4648e5e8d83a0d0788f,50030-01-14-02,50030-01-14-02
50030-01-14-03,50030-01-14-03,4u_1702_429,4U 1702-429,4U_1702-429,NS,2001-11-16T20:12:00,True,,RXTE/PCA,PCA_OGIP_RATE43_OVERLAP_V1,data/processed/native/50030-01-14-03.npz,data/processed/native/50030-01-14-03.npz,ce84494eef69e55f62525a590a765ecd7507f2d19989c4648e5e8d83a0d0788f,50030-01-14-03,50030-01-14-03
50030-03-05-01,50030-03-05-01,4u_1728_34,4U 1728-34,4U_1728-34,NS,2001-04-25T11:56:00,True,,RXTE/PCA,PCA_OGIP_RATE43_OVERLAP_V1,data/processed/native/50030-03-05-01.npz,data/processed/native/50030-03-05-01.npz,417e841f77efa753905b65ef961c00f58f2788452273ad19bf6c35bb11cdd708,50030-03-05-01,50030-03-05-01
50030-03-08-00,50030-03-08-00,4u_1728_34,4U 1728-34,4U_1728-34,NS,2001-10-18T07:39:28,True,,RXTE/PCA,PCA_OGIP_RATE43_OVERLAP_V1,data/processed/native/50030-03-08-00.npz,data/processed/native/50030-03-08-00.npz,0b006af0d9dd9afd8b13070edbe94630e33bbb2d3b2b673f5214400967479bb8,50030-03-08-00,50030-03-08-00
50031-01-01-01,50031-01-01-01,4u_0614_09,4U 0614+09,4U_0614+09,NS,2000-09-03T06:19:12,True,,RXTE/PCA,PCA_OGIP_RATE43_OVERLAP_V1,data/processed/native/50031-01-01-01.npz,data/processed/native/50031-01-01-01.npz,91aadce131d4fccfda0f97b5f56dd5d06b24170abaf967d046db63b10ae0fe58,50031-01-01-01,50031-01-01-01
50031-01-02-07,50031-01-02-07,4u_0614_09,4U 0614+09,4U_0614+09,NS,2000-10-25T09:00:16,True,,RXTE/PCA,PCA_OGIP_RATE43_OVERLAP_V1,data/processed/native/50031-01-02-07.npz,data/processed/native/50031-01-02-07.npz,e36840466bd3412772d138b2d5d5ef9adddfad217da5d786461b04572c1e84b5,50031-01-02-07,50031-01-02-07
50031-01-04-08,50031-01-04-08,4u_0614_09,4U 0614+09,4U_0614+09,NS,2001-05-26T06:50:08,True,,RXTE/PCA,PCA_OGIP_RATE43_OVERLAP_V1,data/processed/native/50031-01-04-08.npz,data/processed/native/50031-01-04-08.npz,93ffc1bdc2557c8e6d8a1343f92e253d7146c7fe3b543583ae9d86681ce0d4ea,50031-01-04-08,50031-01-04-08
50031-02-01-01,50031-02-01-01,ks_1731_260,KS 1731-260,KS_1731-260,NS,2000-08-07T04:23:44,True,,RXTE/PCA,PCA_OGIP_RATE43_OVERLAP_V1,data/processed/native/50031-02-01-01.npz,data/processed/native/50031-02-01-01.npz,3c80c0a74bbfd273a37624e5f0981c8e33428b02933367bd5871ec6c071cb92e,50031-02-01-01,50031-02-01-01
50031-02-01-03,50031-02-01-03,ks_1731_260,KS 1731-260,KS_1731-260,NS,2000-08-07T20:23:12,True,,RXTE/PCA,PCA_OGIP_RATE43_OVERLAP_V1,data/processed/native/50031-02-01-03.npz,data/processed/native/50031-02-01-03.npz,3c80c0a74bbfd273a37624e5f0981c8e33428b02933367bd5871ec6c071cb92e,50031-02-01-03,50031-02-01-03
50031-02-01-05,50031-02-01-05,ks_1731_260,KS 1731-260,KS_1731-260,NS,2000-08-08T13:49:36,True,,RXTE/PCA,PCA_OGIP_RATE43_OVERLAP_V1,data/processed/native/50031-02-01-05.npz,data/processed/native/50031-02-01-05.npz,98f5313ddc6f9751d630643acf71013ea5e259e204ec5e126dd24b1c40685f2f,50031-02-01-05,50031-02-01-05
50031-02-01-09,50031-02-01-09,ks_1731_260,KS 1731-260,KS_1731-260,NS,2000-08-06T21:55:12,True,,RXTE/PCA,PCA_OGIP_RATE43_OVERLAP_V1,data/processed/native/50031-02-01-09.npz,data/processed/native/50031-02-01-09.npz,db55002b9d2f55c6314ba765d85db32d73c29cfed98730e76b05989cf892c795,50031-02-01-09,50031-02-01-09
50031-02-01-11,50031-02-01-11,ks_1731_260,KS 1731-260,KS_1731-260,NS,2000-08-07T01:01:04,True,,RXTE/PCA,PCA_OGIP_RATE43_OVERLAP_V1,data/processed/native/50031-02-01-11.npz,data/processed/native/50031-02-01-11.npz,5f5c59c0a87696fe544c956b4c45bb31b51ceb051419fab3c98c2ee84a974923,50031-02-01-11,50031-02-01-11
50031-02-02-02,50031-02-02-02,ks_1731_260,KS 1731-260,KS_1731-260,NS,2000-09-29T09:05:36,True,,RXTE/PCA,PCA_OGIP_RATE43_OVERLAP_V1,data/processed/native/50031-02-02-02.npz,data/processed/native/50031-02-02-02.npz,0c846a03f40be72eff6a49aa27d7a9f3edfd6f3b6718b3ecd68296e3da9fb561,50031-02-02-02,50031-02-02-02
50031-02-02-04,50031-02-02-04,ks_1731_260,KS 1731-260,KS_1731-260,NS,2000-09-28T17:06:08,True,,RXTE/PCA,PCA_OGIP_RATE43_OVERLAP_V1,data/processed/native/50031-02-02-04.npz,data/processed/native/50031-02-02-04.npz,da49550a2556472acac2160e7126f57c34248d878deeb842f525d25670d98b95,50031-02-02-04,50031-02-02-04
50031-02-02-06,50031-02-02-06,ks_1731_260,KS 1731-260,KS_1731-260,NS,2000-09-29T01:04:00,True,,RXTE/PCA,PCA_OGIP_RATE43_OVERLAP_V1,data/processed/native/50031-02-02-06.npz,data/processed/native/50031-02-02-06.npz,0c846a03f40be72eff6a49aa27d7a9f3edfd6f3b6718b3ecd68296e3da9fb561,50031-02-02-06,50031-02-02-06
50031-02-02-07,50031-02-02-07,ks_1731_260,KS 1731-260,KS_1731-260,NS,2000-09-29T23:22:56,True,,RXTE/PCA,PCA_OGIP_RATE43_OVERLAP_V1,data/processed/native/50031-02-02-07.npz,data/processed/native/50031-02-02-07.npz,0c846a03f40be72eff6a49aa27d7a9f3edfd6f3b6718b3ecd68296e3da9fb561,50031-02-02-07,50031-02-02-07
50031-02-03-00,50031-02-03-00,ks_1731_260,KS 1731-260,KS_1731-260,NS,2001-01-19T01:54:08,True,,RXTE/PCA,PCA_OGIP_RATE43_OVERLAP_V1,data/processed/native/50031-02-03-00.npz,data/processed/native/50031-02-03-00.npz,f9e8e3310dbfb715a6746247fc74159b3ac609b39c187356a849cbc9930ac6fd,50031-02-03-00,50031-02-03-00
50031-02-03-06,50031-02-03-06,ks_1731_260,KS 1731-260,KS_1731-260,NS,2001-01-19T16:12:48,True,,RXTE/PCA,PCA_OGIP_RATE43_OVERLAP_V1,data/processed/native/50031-02-03-06.npz,data/processed/native/50031-02-03-06.npz,f9e8e3310dbfb715a6746247fc74159b3ac609b39c187356a849cbc9930ac6fd,50031-02-03-06,50031-02-03-06
50031-02-03-07,50031-02-03-07,ks_1731_260,KS 1731-260,KS_1731-260,NS,2001-01-20T06:32:48,True,,RXTE/PCA,PCA_OGIP_RATE43_OVERLAP_V1,data/processed/native/50031-02-03-07.npz,data/processed/native/50031-02-03-07.npz,30dcab56d93b62dfc2ca458e56cbf32970fbf1ad796634173bcb41f89d8957b6,50031-02-03-07,50031-02-03-07
50031-02-03-08,50031-02-03-08,ks_1731_260,KS 1731-260,KS_1731-260,NS,2001-01-20T17:41:36,True,,RXTE/PCA,PCA_OGIP_RATE43_OVERLAP_V1,data/processed/native/50031-02-03-08.npz,data/processed/native/50031-02-03-08.npz,e9ebc9933e7b52f38b37d9df80111d22b679678503027212739235f6c4f08af0,50031-02-03-08,50031-02-03-08
50031-02-03-09,50031-02-03-09,ks_1731_260,KS 1731-260,KS_1731-260,NS,,False,Selected PCUs not continuously on in sampled GTIs; re-extraction required,RXTE/PCA,,,,,,
50031-02-04-03,50031-02-04-03,ks_1731_260,KS 1731-260,KS_1731-260,NS,2001-03-02T21:23:28,False,net_5_25_keV_recorded_rate_not_greater_than_5_count_s_PCU,RXTE/PCA,PCA_OGIP_RATE43_OVERLAP_V1,data/processed/native/50031-02-04-03.npz,data/processed/native/50031-02-04-03.npz,2282eeaa1c261c8bc9988906e647e03b38517bc5872a7217e313466122efc113,50031-02-04-03,50031-02-04-03
50031-02-04-05,50031-02-04-05,ks_1731_260,KS 1731-260,KS_1731-260,NS,2001-03-03T15:47:44,False,net_5_25_keV_recorded_rate_not_greater_than_5_count_s_PCU,RXTE/PCA,PCA_OGIP_RATE43_OVERLAP_V1,data/processed/native/50031-02-04-05.npz,data/processed/native/50031-02-04-05.npz,cb5c7f3cafae1f90c4e631c477134b9cb091fb25ffdafe09e6c46a7a79b50191,50031-02-04-05,50031-02-04-05
50031-02-04-07,50031-02-04-07,ks_1731_260,KS 1731-260,KS_1731-260,NS,2001-03-04T03:33:52,False,net_5_25_keV_recorded_rate_not_greater_than_5_count_s_PCU,RXTE/PCA,PCA_OGIP_RATE43_OVERLAP_V1,data/processed/native/50031-02-04-07.npz,data/processed/native/50031-02-04-07.npz,851b54a7d4a6f5de1e97a1fd7380b17e3c742cd7fab9fa0b95ed2703e941538d,50031-02-04-07,50031-02-04-07
50031-02-04-10,50031-02-04-10,ks_1731_260,KS 1731-260,KS_1731-260,NS,2001-03-05T07:32:00,False,net_5_25_keV_recorded_rate_not_greater_than_5_count_s_PCU,RXTE/PCA,PCA_OGIP_RATE43_OVERLAP_V1,data/processed/native/50031-02-04-10.npz,data/processed/native/50031-02-04-10.npz,1a8209652901178b00e1c066818979c205918ff2ab69d3a0db68a82ffaed9392,50031-02-04-10,50031-02-04-10
50049-01-05-01,50049-01-05-01,aql_x_1,Aql X-1,AQL_X-1,NS,2000-10-07T17:56:16,True,,RXTE/PCA,PCA_OGIP_RATE43_OVERLAP_V1,data/processed/native/50049-01-05-01.npz,data/processed/native/50049-01-05-01.npz,eec37878f47026f2622ff32b975c526e333277febe8f061915297674f7490688,50049-01-05-01,50049-01-05-01
50049-02-08-03,50049-02-08-03,aql_x_1,Aql X-1,AQL_X-1,NS,2000-10-29T04:40:32,True,,RXTE/PCA,PCA_OGIP_RATE43_OVERLAP_V1,data/processed/native/50049-02-08-03.npz,data/processed/native/50049-02-08-03.npz,e5b16f4859b26e903dc46d47f7b8e36bfb58a8b63d21942a701e8e532d330076,50049-02-08-03,50049-02-08-03
50049-02-15-04,50049-02-15-04,aql_x_1,Aql X-1,AQL_X-1,NS,2000-11-14T01:41:36,True,,RXTE/PCA,PCA_OGIP_RATE43_OVERLAP_V1,data/processed/native/50049-02-15-04.npz,data/processed/native/50049-02-15-04.npz,62b225dcf72f1225876516e3e53c09ba95df4efb67d42695d1c2ce4185e8af73,50049-02-15-04,50049-02-15-04
50052-01-23-00,50052-01-23-00,4u_1608_522,4U 1608-522,4U1608-52,NS,2000-05-06T11:37:20,True,,RXTE/PCA,PCA_OGIP_RATE43_OVERLAP_V1,data/processed/native/50052-01-23-00.npz,data/processed/native/50052-01-23-00.npz,5aae8c000fb3960134846d4bc6e123c881a0558642949283351e6ae50d2ece1e,50052-01-23-00,50052-01-23-00
50133-01-04-00,50133-01-04-00,xte_j1118_480,XTE J1118+480,XTE_J1118+480,BH,2000-05-28T18:04:48,True,,RXTE/PCA,PCA_OGIP_RATE43_OVERLAP_V1,data/processed/native/50133-01-04-00.npz,data/processed/native/50133-01-04-00.npz,7b09c91b71563fba76fa0d7396c8f063686d4c2ebf032d3d65ffa3431d72a825,50133-01-04-00,50133-01-04-00
50133-01-05-00,50133-01-05-00,xte_j1118_480,XTE J1118+480,XTE_J1118+480,BH,2000-06-24T23:22:40,True,,RXTE/PCA,PCA_OGIP_RATE43_OVERLAP_V1,data/processed/native/50133-01-05-00.npz,data/processed/native/50133-01-05-00.npz,e6ec035f19b92223f38dc9f9c6a6ebdfebe4e01a6d5da39473cec6ab5e54e28c,50133-01-05-00,50133-01-05-00
50133-01-06-00,50133-01-06-00,xte_j1118_480,XTE J1118+480,XTE_J1118+480,BH,2000-07-08T18:58:56,True,,RXTE/PCA,PCA_OGIP_RATE43_OVERLAP_V1,data/processed/native/50133-01-06-00.npz,data/processed/native/50133-01-06-00.npz,ffe9d2353a698df946baa01f90b6a732fa0f20e8f252b557234fabc17b0d47f7,50133-01-06-00,50133-01-06-00
50134-01-05-00,50134-01-05-00,xte_j1550_564,XTE J1550-564,XTE_J1550-564,BH,2000-05-14T10:50:56,True,,RXTE/PCA,PCA_OGIP_RATE43_OVERLAP_V1,data/processed/native/50134-01-05-00.npz,data/processed/native/50134-01-05-00.npz,f4eb11e72d8c988ae46d302f046648c98c105bcafd7fdb1222e08e942d9b8891,50134-01-05-00,50134-01-05-00
50134-02-04-01,50134-02-04-01,xte_j1550_564,XTE J1550-564,XTE_J1550-564,BH,2000-05-04T19:53:20,True,,RXTE/PCA,PCA_OGIP_RATE43_OVERLAP_V1,data/processed/native/50134-02-04-01.npz,data/processed/native/50134-02-04-01.npz,be950c50f85962b0b41024f943a7faa4e7f44df3c6233972480fbbe57c70eff0,50134-02-04-01,50134-02-04-01
50135-01-11-00,50135-01-11-00,xte_j1550_564,XTE J1550-564,XTE_J1550-564,BH,2000-05-31T06:16:16,True,,RXTE/PCA,PCA_OGIP_RATE43_OVERLAP_V1,data/processed/native/50135-01-11-00.npz,data/processed/native/50135-01-11-00.npz,fb2c922fc7c4c5ede66bc1ff9cc9188bad551f3215075197421fee90387a3725,50135-01-11-00,50135-01-11-00
50135-01-22-00,50135-01-22-00,xte_j1550_564,XTE J1550-564,XTE_J1550-564,BH,2000-06-19T18:40:00,False,net_5_25_keV_recorded_rate_not_greater_than_5_count_s_PCU,RXTE/PCA,PCA_OGIP_RATE43_OVERLAP_V1,data/processed/native/50135-01-22-00.npz,data/processed/native/50135-01-22-00.npz,44779202c62d45a4df2334292e3dcd65224fb66afa5ced57f1f6184556e1e544,50135-01-22-00,50135-01-22-00
50135-01-28-00,50135-01-28-00,xte_j1550_564,XTE J1550-564,XTE_J1550-564,BH,,False,Selected PCUs not continuously on in sampled GTIs; re-extraction required,RXTE/PCA,,,,,,
50137-01-01-00,50137-01-01-00,xte_j1118_480,XTE J1118+480,XTE_J1118+480,BH,2000-03-29T23:16:00,True,,RXTE/PCA,PCA_OGIP_RATE43_OVERLAP_V1,data/processed/native/50137-01-01-00.npz,data/processed/native/50137-01-01-00.npz,6f141675421520f0c25890965d104e0d4f093b163d6f04b63038544b750bb344,50137-01-01-00,50137-01-01-00
50137-01-04-00,50137-01-04-00,xte_j1118_480,XTE J1118+480,XTE_J1118+480,BH,2000-04-03T08:14:24,True,,RXTE/PCA,PCA_OGIP_RATE43_OVERLAP_V1,data/processed/native/50137-01-04-00.npz,data/processed/native/50137-01-04-00.npz,ed223359f10c7a46bb73a69c2594a555ad0983f97a8da207515978207247c091,50137-01-04-00,50137-01-04-00
50137-02-04-01,50137-02-04-01,xte_j1550_564,XTE J1550-564,XTE_J1550-564,BH,2000-04-17T09:10:08,True,,RXTE/PCA,PCA_OGIP_RATE43_OVERLAP_V1,data/processed/native/50137-02-04-01.npz,data/processed/native/50137-02-04-01.npz,400f0d326c8a0221d4b94f60be2e0c2a710d7adfbdbf54670a09bd3d87f036a0,50137-02-04-01,50137-02-04-01
50137-02-12-00,50137-02-12-00,xte_j1550_564,XTE J1550-564,XTE_J1550-564,BH,2001-02-08T12:08:32,True,,RXTE/PCA,PCA_OGIP_RATE43_OVERLAP_V1,data/processed/native/50137-02-12-00.npz,data/processed/native/50137-02-12-00.npz,d45959f0504ebf49d712781150f7358cae2ef0ff0e4623b9349f3728debc3432,50137-02-12-00,50137-02-12-00
50401-01-02-00,50401-01-02-00,xte_j1859_226,XTE J1859+226,XTE_J1859+226,BH,2000-03-16T21:07:12,False,net_5_25_keV_recorded_rate_not_greater_than_5_count_s_PCU,RXTE/PCA,PCA_OGIP_RATE43_OVERLAP_V1,data/processed/native/50401-01-02-00.npz,data/processed/native/50401-01-02-00.npz,254cabacf45ee8d589ecadab31610c559cf635fe7f99122f9a2fd8c6937f0a47,50401-01-02-00,50401-01-02-00
50401-01-05-00,50401-01-05-00,xte_j1859_226,XTE J1859+226,XTE_J1859+226,BH,,False,Missing retrieved source product,RXTE/PCA,,,,,,
50401-01-06-01,50401-01-06-01,xte_j1859_226,XTE J1859+226,XTE_J1859+226,BH,2000-07-24T04:33:20,False,net_5_25_keV_recorded_rate_not_greater_than_5_count_s_PCU,RXTE/PCA,PCA_OGIP_RATE43_OVERLAP_V1,data/processed/native/50401-01-06-01.npz,data/processed/native/50401-01-06-01.npz,003f6471a523cd6bd1b454d7f527b56a0b807e201ab16c1f7163db323fdc99f6,50401-01-06-01,50401-01-06-01
50407-01-01-00,50407-01-01-00,xte_j1118_480,XTE J1118+480,XTE_J1118+480,BH,2000-04-13T09:43:28,True,,RXTE/PCA,PCA_OGIP_RATE43_OVERLAP_V1,data/processed/native/50407-01-01-00.npz,data/processed/native/50407-01-01-00.npz,0bdaf0147902b000e30a7abb580ef3089f71aad83f0ef7895a08fe64dfcc987e,50407-01-01-00,50407-01-01-00
50407-01-02-00,50407-01-02-00,xte_j1118_480,XTE J1118+480,XTE_J1118+480,BH,2000-04-15T07:57:52,True,,RXTE/PCA,PCA_OGIP_RATE43_OVERLAP_V1,data/processed/native/50407-01-02-00.npz,data/processed/native/50407-01-02-00.npz,d7515b646fa7519c61f9d7ebacdd018944db30bb46abc40c6f52da9775fc4332,50407-01-02-00,50407-01-02-00
50407-01-02-02,50407-01-02-02,xte_j1118_480,XTE J1118+480,XTE_J1118+480,BH,2000-04-18T19:27:44,True,,RXTE/PCA,PCA_OGIP_RATE43_OVERLAP_V1,data/processed/native/50407-01-02-02.npz,data/processed/native/50407-01-02-02.npz,448f9c431db687b1c9dca3297aabea9647af52fe3e63ce11a1abd12984fe75f6,50407-01-02-02,50407-01-02-02
50407-01-03-01,50407-01-03-01,xte_j1118_480,XTE J1118+480,XTE_J1118+480,BH,2000-04-24T20:41:36,True,,RXTE/PCA,PCA_OGIP_RATE43_OVERLAP_V1,data/processed/native/50407-01-03-01.npz,data/processed/native/50407-01-03-01.npz,918afd5d8bb0d6f0777003d3d915cca0bd377141eb5076ba18f9df3c1d02a26c,50407-01-03-01,50407-01-03-01
50407-01-04-00,50407-01-04-00,xte_j1118_480,XTE J1118+480,XTE_J1118+480,BH,,False,Missing retrieved source product,RXTE/PCA,,,,,,
50407-01-05-01,50407-01-05-01,xte_j1118_480,XTE J1118+480,XTE_J1118+480,BH,2000-05-06T22:41:20,True,,RXTE/PCA,PCA_OGIP_RATE43_OVERLAP_V1,data/processed/native/50407-01-05-01.npz,data/processed/native/50407-01-05-01.npz,5aae8c000fb3960134846d4bc6e123c881a0558642949283351e6ae50d2ece1e,50407-01-05-01,50407-01-05-01
50407-01-05-04,50407-01-05-04,xte_j1118_480,XTE J1118+480,XTE_J1118+480,BH,,False,Selected PCUs not continuously on in sampled GTIs; re-extraction required,RXTE/PCA,,,,,,
50407-01-06-00,50407-01-06-00,xte_j1118_480,XTE J1118+480,XTE_J1118+480,BH,2000-05-15T08:49:20,True,,RXTE/PCA,PCA_OGIP_RATE43_OVERLAP_V1,data/processed/native/50407-01-06-00.npz,data/processed/native/50407-01-06-00.npz,d7c6ad16e9efb5b1af655afaa8a70edbf833fcd1ae444144541b552e3e052f83,50407-01-06-00,50407-01-06-00
50407-01-10-01,50407-01-10-01,xte_j1118_480,XTE J1118+480,XTE_J1118+480,BH,2000-06-15T19:52:32,True,,RXTE/PCA,PCA_OGIP_RATE43_OVERLAP_V1,data/processed/native/50407-01-10-01.npz,data/processed/native/50407-01-10-01.npz,2bfaca56dba7103064889f4373d596e8b30cc074611af20674c0949244ce5e20,50407-01-10-01,50407-01-10-01
50407-01-13-01,50407-01-13-01,xte_j1118_480,XTE J1118+480,XTE_J1118+480,BH,,False,Selected PCUs not continuously on in sampled GTIs; re-extraction required,RXTE/PCA,,,,,,
50407-01-15-00,50407-01-15-00,xte_j1118_480,XTE J1118+480,XTE_J1118+480,BH,2000-07-22T19:15:28,True,,RXTE/PCA,PCA_OGIP_RATE43_OVERLAP_V1,data/processed/native/50407-01-15-00.npz,data/processed/native/50407-01-15-00.npz,4ae87425e11a74c878289f2412b5687f6dbaffc6c60a8fe79500e1882dd85f3b,50407-01-15-00,50407-01-15-00
50407-01-17-00,50407-01-17-00,xte_j1118_480,XTE J1118+480,XTE_J1118+480,BH,2000-08-04T07:29:52,False,net_5_25_keV_recorded_rate_not_greater_than_5_count_s_PCU,RXTE/PCA,PCA_OGIP_RATE43_OVERLAP_V1,data/processed/native/50407-01-17-00.npz,data/processed/native/50407-01-17-00.npz,07251900021efcf20211ed8f81ddf4c0e278902f420692f4565152f6b0e8582e,50407-01-17-00,50407-01-17-00
50410-01-02-00,50410-01-02-00,mxb_1658_298,MXB 1658-298,X1658-298,NS,2000-05-17T15:47:12,True,,RXTE/PCA,PCA_OGIP_RATE43_OVERLAP_V1,data/processed/native/50410-01-02-00.npz,data/processed/native/50410-01-02-00.npz,b3b1f04bd100f1f8870c23d8f45c820887193c9fca4b417f38204a6d6e49bbcc,50410-01-02-00,50410-01-02-00
50410-01-03-00,50410-01-03-00,mxb_1658_298,MXB 1658-298,X1658-298,NS,2000-05-18T20:08:00,True,,RXTE/PCA,PCA_OGIP_RATE43_OVERLAP_V1,data/processed/native/50410-01-03-00.npz,data/processed/native/50410-01-03-00.npz,826a343f76f02188cf06e3fc142eea682a2eda240faf45dc3b1d421dea255043,50410-01-03-00,50410-01-03-00
50410-01-05-00,50410-01-05-00,mxb_1658_298,MXB 1658-298,X1658-298,NS,2000-08-08T09:09:52,True,,RXTE/PCA,PCA_OGIP_RATE43_OVERLAP_V1,data/processed/native/50410-01-05-00.npz,data/processed/native/50410-01-05-00.npz,98f5313ddc6f9751d630643acf71013ea5e259e204ec5e126dd24b1c40685f2f,50410-01-05-00,50410-01-05-00
50410-01-07-00,50410-01-07-00,mxb_1658_298,MXB 1658-298,X1658-298,NS,2000-10-18T06:01:20,True,,RXTE/PCA,PCA_OGIP_RATE43_OVERLAP_V1,data/processed/native/50410-01-07-00.npz,data/processed/native/50410-01-07-00.npz,26cd61bdbd69e1b1bc972083fbe71eb695b88ddef94471290fe56a0148d4dcbf,50410-01-07-00,50410-01-07-00
50410-01-09-00,50410-01-09-00,mxb_1658_298,MXB 1658-298,X1658-298,NS,2000-10-20T00:40:00,True,,RXTE/PCA,PCA_OGIP_RATE43_OVERLAP_V1,data/processed/native/50410-01-09-00.npz,data/processed/native/50410-01-09-00.npz,24802fa68e41728608a9251c30c37330c860855f0c50432bba8504b6afaad7c0,50410-01-09-00,50410-01-09-00
60032-01-04-00,60032-01-04-00,4u_1636_536,4U 1636-536,4U_1636-53,NS,2001-07-27T04:37:52,True,,RXTE/PCA,PCA_OGIP_RATE43_OVERLAP_V1,data/processed/native/60032-01-04-00.npz,data/processed/native/60032-01-04-00.npz,755ed48ee3454b5310cd0844e1136b339d41dcc404e17609c7d65b6114831566,60032-01-04-00,60032-01-04-00
60032-01-14-01,60032-01-14-01,4u_1636_536,4U 1636-536,4U_1636-53,NS,2001-11-01T06:58:24,True,,RXTE/PCA,PCA_OGIP_RATE43_OVERLAP_V1,data/processed/native/60032-01-14-01.npz,data/processed/native/60032-01-14-01.npz,153910008d1d56299b26cfcc982cdbcab17bea2bf5ac97afd4fe2a92083805c2,60032-01-14-01,60032-01-14-01
60032-05-15-00,60032-05-15-00,4u_1636_536,4U 1636-536,4U_1636-53,NS,2002-02-28T21:20:32,True,,RXTE/PCA,PCA_OGIP_RATE43_OVERLAP_V1,data/processed/native/60032-05-15-00.npz,data/processed/native/60032-05-15-00.npz,b1a1d9f841f49b378863f73f3dcbba69a422365ba6235d41497173f1f543f225,60032-05-15-00,60032-05-15-00
60034-01-01-00,60034-01-01-00,slx_1735_269,SLX 1735-269,SLX_1735-269,NS,,False,Selected PCUs not continuously on in sampled GTIs; re-extraction required,RXTE/PCA,,,,,,
60034-01-01-03,60034-01-01-03,slx_1735_269,SLX 1735-269,SLX_1735-269,NS,2001-08-27T12:49:04,True,,RXTE/PCA,PCA_OGIP_RATE43_OVERLAP_V1,data/processed/native/60034-01-01-03.npz,data/processed/native/60034-01-01-03.npz,1d124a093d97783bdad682d9e0cd898602b34f7efd0dd9c191ed13ba93f86b28,60034-01-01-03,60034-01-01-03
60034-01-01-05,60034-01-01-05,slx_1735_269,SLX 1735-269,SLX_1735-269,NS,2001-08-30T02:49:04,True,,RXTE/PCA,PCA_OGIP_RATE43_OVERLAP_V1,data/processed/native/60034-01-01-05.npz,data/processed/native/60034-01-01-05.npz,b5d13e05bae471d659716e69b8547e482b70f9dc9253a80726c0c98041504403,60034-01-01-05,60034-01-01-05
60034-01-02-00,60034-01-02-00,slx_1735_269,SLX 1735-269,SLX_1735-269,NS,,False,Selected PCUs not continuously on in sampled GTIs; re-extraction required,RXTE/PCA,,,,,,
60034-01-02-03,60034-01-02-03,slx_1735_269,SLX 1735-269,SLX_1735-269,NS,2001-11-07T04:11:28,True,,RXTE/PCA,PCA_OGIP_RATE43_OVERLAP_V1,data/processed/native/60034-01-02-03.npz,data/processed/native/60034-01-02-03.npz,161010253e08ed9be04e7cfc208ed564e9505120dc02931e6ae5657e470de598,60034-01-02-03,60034-01-02-03
60034-01-03-00,60034-01-03-00,slx_1735_269,SLX 1735-269,SLX_1735-269,NS,2002-01-23T19:35:12,True,,RXTE/PCA,PCA_OGIP_RATE43_OVERLAP_V1,data/processed/native/60034-01-03-00.npz,data/processed/native/60034-01-03-00.npz,e24da0520db83656abc12d35ada83c6712ea51957c05bea8bfcfdd50144a886f,60034-01-03-00,60034-01-03-00
60035-01-02-01,60035-01-02-01,sax_j1750_8_2900,SAX J1750.8-2900,SAX_J1750.8-2900,NS,2001-04-09T11:00:32,True,,RXTE/PCA,PCA_OGIP_RATE43_OVERLAP_V1,data/processed/native/60035-01-02-01.npz,data/processed/native/60035-01-02-01.npz,c86af4a45c15a4c154056356cb1b231071d53357b00a94cfe80d88475dbf108b,60035-01-02-01,60035-01-02-01
60042-01-01-01,60042-01-01-01,4u_1735_444,4U 1735-444,4U_1735-44,NS,2001-08-15T17:52:16,True,,RXTE/PCA,PCA_OGIP_RATE43_OVERLAP_V1,data/processed/native/60042-01-01-01.npz,data/processed/native/60042-01-01-01.npz,b89b6d2d5c20d21aaf70a183c8e650cce04a2e9e564165683ea75f296f8fda54,60042-01-01-01,60042-01-01-01
60048-01-02-00,60048-01-02-00,mxb_1658_298,MXB 1658-298,X1658-298,NS,2001-03-06T21:41:36,True,,RXTE/PCA,PCA_OGIP_RATE43_OVERLAP_V1,data/processed/native/60048-01-02-00.npz,data/processed/native/60048-01-02-00.npz,8397757f62b07dec4fc380fe56572209cd4fc1eb6c69a29960c58a3a7d47a2be,60048-01-02-00,60048-01-02-00
60048-01-04-00,60048-01-04-00,mxb_1658_298,MXB 1658-298,X1658-298,NS,2001-03-08T09:01:52,True,,RXTE/PCA,PCA_OGIP_RATE43_OVERLAP_V1,data/processed/native/60048-01-04-00.npz,data/processed/native/60048-01-04-00.npz,55169a3cf9a4a12fc4b9ec10755ba4d63e22692ba79ffa498d818a6d066fb888,60048-01-04-00,60048-01-04-00
60048-01-05-00,60048-01-05-00,mxb_1658_298,MXB 1658-298,X1658-298,NS,2001-03-08T23:03:44,True,,RXTE/PCA,PCA_OGIP_RATE43_OVERLAP_V1,data/processed/native/60048-01-05-00.npz,data/processed/native/60048-01-05-00.npz,0efb90217d1d3021372b15ef72d3d15416625d8d2b220d3bce9071ca18ab2e1e,60048-01-05-00,60048-01-05-00
60048-02-01-00,60048-02-01-00,mxb_1658_298,MXB 1658-298,X1658-298,NS,2001-04-28T16:11:28,True,,RXTE/PCA,PCA_OGIP_RATE43_OVERLAP_V1,data/processed/native/60048-02-01-00.npz,data/processed/native/60048-02-01-00.npz,959806a48126dbe38fc5a73e22bef65d8177c8e6f879e410d5bd8a88fa773982,60048-02-01-00,60048-02-01-00
60048-02-03-00,60048-02-03-00,mxb_1658_298,MXB 1658-298,X1658-298,NS,2001-05-01T22:12:48,True,,RXTE/PCA,PCA_OGIP_RATE43_OVERLAP_V1,data/processed/native/60048-02-03-00.npz,data/processed/native/60048-02-03-00.npz,6a4e204bc2ea85c66bedb56b5edcdbe960ce185c888c4dc41b296c06e27ef1b8,60048-02-03-00,60048-02-03-00
60048-02-05-00,60048-02-05-00,mxb_1658_298,MXB 1658-298,X1658-298,NS,2001-05-03T17:12:00,True,,RXTE/PCA,PCA_OGIP_RATE43_OVERLAP_V1,data/processed/native/60048-02-05-00.npz,data/processed/native/60048-02-05-00.npz,22fcc9271e7818876fc0b3a2c91678ba9e6f9a74c930a2070b8a00742cbf75c1,60048-02-05-00,60048-02-05-00
60048-03-02-00,60048-03-02-00,mxb_1658_298,MXB 1658-298,X1658-298,NS,2001-06-17T04:17:20,True,,RXTE/PCA,PCA_OGIP_RATE43_OVERLAP_V1,data/processed/native/60048-03-02-00.npz,data/processed/native/60048-03-02-00.npz,1ca3a47bb698ff0ffb8a05ee4a26ad13dc1f40e423974036e313a06ae179b23f,60048-03-02-00,60048-03-02-00
60048-03-03-00,60048-03-03-00,mxb_1658_298,MXB 1658-298,X1658-298,NS,2001-06-17T18:49:20,True,,RXTE/PCA,PCA_OGIP_RATE43_OVERLAP_V1,data/processed/native/60048-03-03-00.npz,data/processed/native/60048-03-03-00.npz,1ca3a47bb698ff0ffb8a05ee4a26ad13dc1f40e423974036e313a06ae179b23f,60048-03-03-00,60048-03-03-00
60048-03-05-00,60048-03-05-00,mxb_1658_298,MXB 1658-298,X1658-298,NS,2001-06-18T23:18:08,True,,RXTE/PCA,PCA_OGIP_RATE43_OVERLAP_V1,data/processed/native/60048-03-05-00.npz,data/processed/native/60048-03-05-00.npz,9baa220e43a976b564ccb651194fdde35dd5ed5c28acf2101d6e6393288a724e,60048-03-05-00,60048-03-05-00
60048-04-02-00,60048-04-02-00,mxb_1658_298,MXB 1658-298,X1658-298,NS,2001-08-11T15:18:24,True,,RXTE/PCA,PCA_OGIP_RATE43_OVERLAP_V1,data/processed/native/60048-04-02-00.npz,data/processed/native/60048-04-02-00.npz,21fe8ed15e4535fe92d8784e4c84a90235c4b05232f2d29ddce3d8833a55c366,60048-04-02-00,60048-04-02-00
60048-04-04-00,60048-04-04-00,mxb_1658_298,MXB 1658-298,X1658-298,NS,2001-08-12T19:47:28,False,net_5_25_keV_recorded_rate_not_greater_than_5_count_s_PCU,RXTE/PCA,PCA_OGIP_RATE43_OVERLAP_V1,data/processed/native/60048-04-04-00.npz,data/processed/native/60048-04-04-00.npz,510e05db553e7c400efb35f1bb4af9c04aac93f1575dec40814c723c99836bcd,60048-04-04-00,60048-04-04-00
60052-01-03-01,60052-01-03-01,4u_1608_522,4U 1608-522,4U_1608-52,NS,2002-02-15T03:58:24,False,net_5_25_keV_recorded_rate_not_greater_than_5_count_s_PCU,RXTE/PCA,PCA_OGIP_RATE43_OVERLAP_V1,data/processed/native/60052-01-03-01.npz,data/processed/native/60052-01-03-01.npz,6f1ad92c1823b7bc21e03059706f9dff1b0645e513e981ecf3e11baa802c9d7f,60052-01-03-01,60052-01-03-01
60052-02-04-03,60052-02-04-03,4u_1608_522,4U 1608-522,4U_1608-52,NS,2001-11-14T12:48:48,True,,RXTE/PCA,PCA_OGIP_RATE43_OVERLAP_V1,data/processed/native/60052-02-04-03.npz,data/processed/native/60052-02-04-03.npz,b3c2a674fa1dc65b14805286c6eded2c270d3fbfaccd439a0c4ea7acd6ec49ad,60052-02-04-03,60052-02-04-03
60054-02-01-04,60054-02-01-04,aql_x_1,Aql X-1,AQL_X-1,NS,2001-06-27T15:45:20,True,,RXTE/PCA,PCA_OGIP_RATE43_OVERLAP_V1,data/processed/native/60054-02-01-04.npz,data/processed/native/60054-02-01-04.npz,c8ad941193e6bdce14a03dfc0992dcf2c9286c607eb100c7cd9079cebafd4c99,60054-02-01-04,60054-02-01-04
60054-02-05-02,60054-02-05-02,aql_x_1,Aql X-1,AQL_X-1,NS,2001-07-22T18:41:36,False,net_5_25_keV_recorded_rate_not_greater_than_5_count_s_PCU,RXTE/PCA,PCA_OGIP_RATE43_OVERLAP_V1,data/processed/native/60054-02-05-02.npz,data/processed/native/60054-02-05-02.npz,57504aa8cb7e7d29ff95df7a2735656f28b52f05b67002b07e5460f04dd72151,60054-02-05-02,60054-02-05-02
60083-03-01-00,60083-03-01-00,sax_j1808_4_3658,SAX J1808.4-3658,SAX_J1808.4-3658,NS,2001-06-08T01:22:24,False,net_5_25_keV_recorded_rate_not_greater_than_5_count_s_PCU,RXTE/PCA,PCA_OGIP_RATE43_OVERLAP_V1,data/processed/native/60083-03-01-00.npz,data/processed/native/60083-03-01-00.npz,f848365b2bb788c61305131c4dfe711c4b6eb33639801994c4bd42e23feac882,60083-03-01-00,60083-03-01-00
60083-03-06-00,60083-03-06-00,sax_j1808_4_3658,SAX J1808.4-3658,SAX_J1808.4-3658,NS,2002-02-02T12:45:04,False,net_5_25_keV_recorded_rate_not_greater_than_5_count_s_PCU,RXTE/PCA,PCA_OGIP_RATE43_OVERLAP_V1,data/processed/native/60083-03-06-00.npz,data/processed/native/60083-03-06-00.npz,78a0347257c9f5d33c20acd847f3b0bd049d2b6f3e055ba14bd6d31c07ac1ebd,60083-03-06-00,60083-03-06-00
60084-03-01-02,60084-03-01-02,sax_j1750_8_2900,SAX J1750.8-2900,SAX_J1750.8-2900,NS,2001-03-12T01:57:20,True,,RXTE/PCA,PCA_OGIP_RATE43_OVERLAP_V1,data/processed/native/60084-03-01-02.npz,data/processed/native/60084-03-01-02.npz,9ea7b5a62aeebd17771ca7cc10cf0d732f28d9b287877a1410f80f4f7e86319a,60084-03-01-02,60084-03-01-02
60084-03-02-00,60084-03-02-00,sax_j1750_8_2900,SAX J1750.8-2900,SAX_J1750.8-2900,NS,2001-03-07T20:54:40,True,,RXTE/PCA,PCA_OGIP_RATE43_OVERLAP_V1,data/processed/native/60084-03-02-00.npz,data/processed/native/60084-03-02-00.npz,8f445732b5b35ffae590461faa3a357d61312f3796b23f97d46a06d3b6733868,60084-03-02-00,60084-03-02-00
60117-01-01-00,60117-01-01-00,sax_j1750_8_2900,SAX J1750.8-2900,SAX_J1750.8-2900,NS,2001-05-22T14:30:40,True,,RXTE/PCA,PCA_OGIP_RATE43_OVERLAP_V1,data/processed/native/60117-01-01-00.npz,data/processed/native/60117-01-01-00.npz,37a041656d57435abd32b7dfa6a88c3815708d8a979fcb6006b0cbda2eaf1a1a,60117-01-01-00,60117-01-01-00
60417-01-01-00,60417-01-01-00,cyg_x_2,Cyg X-2,CYG_X-2,NS,2001-08-02T05:50:24,True,,RXTE/PCA,PCA_OGIP_RATE43_OVERLAP_V1,data/processed/native/60417-01-01-00.npz,data/processed/native/60417-01-01-00.npz,7313c9e2ff27b9751c552c6cce74552bc687146921dbde83bbcc508598d33a33,60417-01-01-00,60417-01-01-00
60419-01-01-00,60419-01-01-00,mxb_1658_298,MXB 1658-298,X1658-298,NS,2001-09-07T07:52:00,True,,RXTE/PCA,PCA_OGIP_RATE43_OVERLAP_V1,data/processed/native/60419-01-01-00.npz,data/processed/native/60419-01-01-00.npz,39ee20805cb53d4cd0565af0ecabcea38af73f25a3768738e91294600b4e200f,60419-01-01-00,60419-01-01-00
60419-01-02-00,60419-01-02-00,mxb_1658_298,MXB 1658-298,X1658-298,NS,2001-09-14T03:33:04,False,net_5_25_keV_recorded_rate_not_greater_than_5_count_s_PCU,RXTE/PCA,PCA_OGIP_RATE43_OVERLAP_V1,data/processed/native/60419-01-02-00.npz,data/processed/native/60419-01-02-00.npz,4df4e855099cbf7403f88cd69de80d2b91d6d33f5de58a765ec586961141faa5,60419-01-02-00,60419-01-02-00
60419-01-04-00,60419-01-04-00,mxb_1658_298,MXB 1658-298,X1658-298,NS,2001-09-30T10:40:32,False,net_5_25_keV_recorded_rate_not_greater_than_5_count_s_PCU,RXTE/PCA,PCA_OGIP_RATE43_OVERLAP_V1,data/processed/native/60419-01-04-00.npz,data/processed/native/60419-01-04-00.npz,10331e676475a1a11ead972a889440e12a83638dac81b349056b2e062701875b,60419-01-04-00,60419-01-04-00
60424-01-02-01,60424-01-02-01,4u_0614_09,4U 0614+09,4U_0614+09,NS,2002-02-11T11:37:52,True,,RXTE/PCA,PCA_OGIP_RATE43_OVERLAP_V1,data/processed/native/60424-01-02-01.npz,data/processed/native/60424-01-02-01.npz,88a153c70beb7dff21baafcf1784662e2d91491dafaa9794057149b2f97a3244,60424-01-02-01,60424-01-02-01
60428-01-09-00,60428-01-09-00,xte_j1550_564,XTE J1550-564,XTE_J1550-564,BH,2002-01-26T23:38:40,True,,RXTE/PCA,PCA_OGIP_RATE43_OVERLAP_V1,data/processed/native/60428-01-09-00.npz,data/processed/native/60428-01-09-00.npz,3d4e790f7d934600e912bcb816e391e2a47d818be44620451d75f4a4fcbc19d5,60428-01-09-00,60428-01-09-00
60428-01-20-00,60428-01-20-00,xte_j1550_564,XTE J1550-564,XTE_J1550-564,BH,,False,Selected PCUs not continuously on in sampled GTIs; re-extraction required,RXTE/PCA,,,,,,
60705-01-01-00,60705-01-01-00,gx_339_4,GX 339-4,GX_339-4,BH,2001-03-06T01:08:32,False,net_5_25_keV_recorded_rate_not_greater_than_5_count_s_PCU,RXTE/PCA,PCA_OGIP_RATE43_OVERLAP_V1,data/processed/native/60705-01-01-00.npz,data/processed/native/60705-01-01-00.npz,8397757f62b07dec4fc380fe56572209cd4fc1eb6c69a29960c58a3a7d47a2be,60705-01-01-00,60705-01-01-00
60705-01-01-10,60705-01-01-10,gx_339_4,GX 339-4,GX_339-4,BH,2006-07-08T16:09:36,False,net_5_25_keV_recorded_rate_not_greater_than_5_count_s_PCU,RXTE/PCA,PCA_OGIP_RATE43_OVERLAP_V1,data/processed/native/60705-01-01-10.npz,data/processed/native/60705-01-01-10.npz,790aee2fb818fa9c29b14d9f46de3ce9a1c07466500f1ccfd66ac66e2d7c7f72,60705-01-01-10,60705-01-01-10
60705-01-44-00,60705-01-44-00,gx_339_4,GX 339-4,GX_339-4,BH,2002-01-22T21:55:12,False,net_5_25_keV_recorded_rate_not_greater_than_5_count_s_PCU,RXTE/PCA,PCA_OGIP_RATE43_OVERLAP_V1,data/processed/native/60705-01-44-00.npz,data/processed/native/60705-01-44-00.npz,84af566035a2c768bd8f56634696dc1126c746f67cfcbac02f6549824bc2553b,60705-01-44-00,60705-01-44-00
60705-01-56-00,60705-01-56-00,gx_339_4,GX 339-4,GX_339-4,BH,2003-03-12T17:10:08,True,,RXTE/PCA,PCA_OGIP_RATE43_OVERLAP_V1,data/processed/native/60705-01-56-00.npz,data/processed/native/60705-01-56-00.npz,2773244a36cc70e7fabf10a679be1c0f47aae0261d04bc9d3c5c95a3883e4b2c,60705-01-56-00,60705-01-56-00
60705-01-69-00,60705-01-69-00,gx_339_4,GX 339-4,GX_339-4,BH,2004-08-08T09:42:08,True,,RXTE/PCA,PCA_OGIP_RATE43_OVERLAP_V1,data/processed/native/60705-01-69-00.npz,data/processed/native/60705-01-69-00.npz,d2b3405393f6135c4279a47033b84d329c4afb9242b5a072f01283087ce982a3,60705-01-69-00,60705-01-69-00
60705-01-80-00,60705-01-80-00,gx_339_4,GX 339-4,GX_339-4,BH,2004-10-22T14:12:32,True,,RXTE/PCA,PCA_OGIP_RATE43_OVERLAP_V1,data/processed/native/60705-01-80-00.npz,data/processed/native/60705-01-80-00.npz,56f2c5e4fa2455e2a50e89313052abc8089d26021d8a78cf00f32b5f3ac928e7,60705-01-80-00,60705-01-80-00
70014-02-02-00,70014-02-02-00,cyg_x_2,Cyg X-2,CYG_X-2,NS,2002-12-31T15:39:28,True,,RXTE/PCA,PCA_OGIP_RATE43_OVERLAP_V1,data/processed/native/70014-02-02-00.npz,data/processed/native/70014-02-02-00.npz,d9dddd35084342f648ae458fe5de9e4d0b4fa24f9ca1ba730dbadcb41a14ead4,70014-02-02-00,70014-02-02-00
70014-03-01-00,70014-03-01-00,ser_x_1,Ser X-1,SER_X-1,NS,2002-06-11T20:37:36,True,,RXTE/PCA,PCA_OGIP_RATE43_OVERLAP_V1,data/processed/native/70014-03-01-00.npz,data/processed/native/70014-03-01-00.npz,83b9c5864a8a52060058655b87d66fb4a40903939edaade58e40f4287872511c,70014-03-01-00,70014-03-01-00
70014-03-01-01,70014-03-01-01,ser_x_1,Ser X-1,SER_X-1,NS,2002-06-11T23:48:16,True,,RXTE/PCA,PCA_OGIP_RATE43_OVERLAP_V1,data/processed/native/70014-03-01-01.npz,data/processed/native/70014-03-01-01.npz,83b9c5864a8a52060058655b87d66fb4a40903939edaade58e40f4287872511c,70014-03-01-01,70014-03-01-01
70014-03-01-02,70014-03-01-02,ser_x_1,Ser X-1,SER_X-1,NS,2002-06-11T22:16:16,True,,RXTE/PCA,PCA_OGIP_RATE43_OVERLAP_V1,data/processed/native/70014-03-01-02.npz,data/processed/native/70014-03-01-02.npz,e9075a93cf932444934be49d8dd81c548f93c58e22dbd5de08a44c9d26afc585,70014-03-01-02,70014-03-01-02
70014-03-02-00,70014-03-02-00,ser_x_1,Ser X-1,SER_X-1,NS,2002-07-05T19:05:04,True,,RXTE/PCA,PCA_OGIP_RATE43_OVERLAP_V1,data/processed/native/70014-03-02-00.npz,data/processed/native/70014-03-02-00.npz,30d49abf1fb63adbe39901593d4cead4c3e65af59183938227b406f46ca0782b,70014-03-02-00,70014-03-02-00
70014-03-02-01,70014-03-02-01,ser_x_1,Ser X-1,SER_X-1,NS,2002-07-05T21:14:24,True,,RXTE/PCA,PCA_OGIP_RATE43_OVERLAP_V1,data/processed/native/70014-03-02-01.npz,data/processed/native/70014-03-02-01.npz,30d49abf1fb63adbe39901593d4cead4c3e65af59183938227b406f46ca0782b,70014-03-02-01,70014-03-02-01
70014-03-02-02,70014-03-02-02,ser_x_1,Ser X-1,SER_X-1,NS,2002-07-05T22:55:28,True,,RXTE/PCA,PCA_OGIP_RATE43_OVERLAP_V1,data/processed/native/70014-03-02-02.npz,data/processed/native/70014-03-02-02.npz,30d49abf1fb63adbe39901593d4cead4c3e65af59183938227b406f46ca0782b,70014-03-02-02,70014-03-02-02
70014-03-02-03,70014-03-02-03,ser_x_1,Ser X-1,SER_X-1,NS,2002-07-05T17:30:08,True,,RXTE/PCA,PCA_OGIP_RATE43_OVERLAP_V1,data/processed/native/70014-03-02-03.npz,data/processed/native/70014-03-02-03.npz,d33af10e89e80fe7e81deb68142b843d44871bdee9526e0b965434572abe5c87,70014-03-02-03,70014-03-02-03
70018-03-03-00,70018-03-03-00,cyg_x_2,Cyg X-2,CYG_X-2,NS,2002-07-15T17:36:16,True,,RXTE/PCA,PCA_OGIP_RATE43_OVERLAP_V1,data/processed/native/70018-03-03-00.npz,data/processed/native/70018-03-03-00.npz,86a3420aa490788d6315d879ef8f84408951d5c680543a7e77f644c05b86d515,70018-03-03-00,70018-03-03-00
70027-04-01-00,70027-04-01-00,ser_x_1,Ser X-1,SER_X-1,NS,2002-05-27T08:24:16,True,,RXTE/PCA,PCA_OGIP_RATE43_OVERLAP_V1,data/processed/native/70027-04-01-00.npz,data/processed/native/70027-04-01-00.npz,134b715adaca91e5118d9a2fe138bcb2340c7c6b2a1e24ee1c1f8aee9da93e33,70027-04-01-00,70027-04-01-00
70027-04-01-01,70027-04-01-01,ser_x_1,Ser X-1,SER_X-1,NS,2002-05-27T15:07:12,True,,RXTE/PCA,PCA_OGIP_RATE43_OVERLAP_V1,data/processed/native/70027-04-01-01.npz,data/processed/native/70027-04-01-01.npz,134b715adaca91e5118d9a2fe138bcb2340c7c6b2a1e24ee1c1f8aee9da93e33,70027-04-01-01,70027-04-01-01
70027-04-08-00,70027-04-08-00,ser_x_1,Ser X-1,SER_X-1,NS,2005-08-22T00:24:16,True,,RXTE/PCA,PCA_OGIP_RATE43_OVERLAP_V1,data/processed/native/70027-04-08-00.npz,data/processed/native/70027-04-08-00.npz,4ca534613bcf2b4e4afc705e23488b816ec232d67d0761967179c80daf24e4d1,70027-04-08-00,70027-04-08-00
70028-01-01-08,70028-01-01-08,4u_1728_34,4U 1728-34,4U_1728-34,NS,2002-03-03T21:05:04,True,,RXTE/PCA,PCA_OGIP_RATE43_OVERLAP_V1,data/processed/native/70028-01-01-08.npz,data/processed/native/70028-01-01-08.npz,2ca1dc26e36c6a2a08b91562ebc23b667ff56531475fd3ee849741d68bfe2a31,70028-01-01-08,70028-01-01-08
70038-01-01-00,70038-01-01-00,4u_1705_44,4U 1705-44,4U_1705-44,NS,2002-04-28T21:53:36,True,,RXTE/PCA,PCA_OGIP_RATE43_OVERLAP_V1,data/processed/native/70038-01-01-00.npz,data/processed/native/70038-01-01-00.npz,67d617bff9def2a8ab00ddfc5665a9ec1d1ae62279a04fcac9fe76dc0712bc61,70038-01-01-00,70038-01-01-00
70050-01-01-00,70050-01-01-00,4u_1746_37,4U 1746-37,4U_1746-37,NS,2002-09-28T14:01:36,True,,RXTE/PCA,PCA_OGIP_RATE43_OVERLAP_V1,data/processed/native/70050-01-01-00.npz,data/processed/native/70050-01-01-00.npz,4eba1fd31895003e57149172f017f1353933aef479b37355b7eb6f247f3fd82b,70050-01-01-00,70050-01-01-00
70050-01-01-01,70050-01-01-01,4u_1746_37,4U 1746-37,4U_1746-37,NS,2002-09-27T14:21:36,True,,RXTE/PCA,PCA_OGIP_RATE43_OVERLAP_V1,data/processed/native/70050-01-01-01.npz,data/processed/native/70050-01-01-01.npz,abb462dceb3b36db0e02fa6ee09dff091aede6c2672ca9ef1d59133d10e37c58,70050-01-01-01,70050-01-01-01
70050-01-01-03,70050-01-01-03,4u_1746_37,4U 1746-37,4U_1746-37,NS,2002-09-27T17:25:04,True,,RXTE/PCA,PCA_OGIP_RATE43_OVERLAP_V1,data/processed/native/70050-01-01-03.npz,data/processed/native/70050-01-01-03.npz,abb462dceb3b36db0e02fa6ee09dff091aede6c2672ca9ef1d59133d10e37c58,70050-01-01-03,70050-01-01-03
70050-01-01-04,70050-01-01-04,4u_1746_37,4U 1746-37,4U_1746-37,NS,2002-09-28T03:16:48,True,,RXTE/PCA,PCA_OGIP_RATE43_OVERLAP_V1,data/processed/native/70050-01-01-04.npz,data/processed/native/70050-01-01-04.npz,4eba1fd31895003e57149172f017f1353933aef479b37355b7eb6f247f3fd82b,70050-01-01-04,70050-01-01-04
70050-01-01-05,70050-01-01-05,4u_1746_37,4U 1746-37,4U_1746-37,NS,2002-09-27T20:35:12,True,,RXTE/PCA,PCA_OGIP_RATE43_OVERLAP_V1,data/processed/native/70050-01-01-05.npz,data/processed/native/70050-01-01-05.npz,abb462dceb3b36db0e02fa6ee09dff091aede6c2672ca9ef1d59133d10e37c58,70050-01-01-05,70050-01-01-05
70050-01-01-06,70050-01-01-06,4u_1746_37,4U 1746-37,4U_1746-37,NS,2002-09-28T01:31:28,True,,RXTE/PCA,PCA_OGIP_RATE43_OVERLAP_V1,data/processed/native/70050-01-01-06.npz,data/processed/native/70050-01-01-06.npz,4eba1fd31895003e57149172f017f1353933aef479b37355b7eb6f247f3fd82b,70050-01-01-06,70050-01-01-06
70050-01-01-07,70050-01-01-07,4u_1746_37,4U 1746-37,4U_1746-37,NS,2002-09-28T15:35:12,True,,RXTE/PCA,PCA_OGIP_RATE43_OVERLAP_V1,data/processed/native/70050-01-01-07.npz,data/processed/native/70050-01-01-07.npz,4eba1fd31895003e57149172f017f1353933aef479b37355b7eb6f247f3fd82b,70050-01-01-07,70050-01-01-07
70050-01-01-08,70050-01-01-08,4u_1746_37,4U 1746-37,4U_1746-37,NS,2002-09-28T17:10:08,True,,RXTE/PCA,PCA_OGIP_RATE43_OVERLAP_V1,data/processed/native/70050-01-01-08.npz,data/processed/native/70050-01-01-08.npz,f960a6d6b75d66b622e7d23e28f3bce45f01177191b7299db79bf09e7ad3000d,70050-01-01-08,70050-01-01-08
70050-01-01-09,70050-01-01-09,4u_1746_37,4U 1746-37,4U_1746-37,NS,2002-09-28T18:45:04,True,,RXTE/PCA,PCA_OGIP_RATE43_OVERLAP_V1,data/processed/native/70050-01-01-09.npz,data/processed/native/70050-01-01-09.npz,4eba1fd31895003e57149172f017f1353933aef479b37355b7eb6f247f3fd82b,70050-01-01-09,70050-01-01-09
70050-01-01-10,70050-01-01-10,4u_1746_37,4U 1746-37,4U_1746-37,NS,2002-09-27T22:10:08,True,,RXTE/PCA,PCA_OGIP_RATE43_OVERLAP_V1,data/processed/native/70050-01-01-10.npz,data/processed/native/70050-01-01-10.npz,abb462dceb3b36db0e02fa6ee09dff091aede6c2672ca9ef1d59133d10e37c58,70050-01-01-10,70050-01-01-10
70058-01-22-00,70058-01-22-00,4u_1608_522,4U 1608-522,4U1608-52,NS,2002-08-07T16:56:00,True,,RXTE/PCA,PCA_OGIP_RATE43_OVERLAP_V1,data/processed/native/70058-01-22-00.npz,data/processed/native/70058-01-22-00.npz,5517c46cb02f6237230822ac43b047f22a5229546cb8efbf0fd156f63f8d0a16,70058-01-22-00,70058-01-22-00
70058-01-37-00,70058-01-37-00,4u_1608_522,4U 1608-522,4U1608-52,NS,2002-09-08T03:26:40,True,,RXTE/PCA,PCA_OGIP_RATE43_OVERLAP_V1,data/processed/native/70058-01-37-00.npz,data/processed/native/70058-01-37-00.npz,d4068567a4b748aa80b8fd0a1f988d31258c702de39168c3c3ea8dd8820efbc2,70058-01-37-00,70058-01-37-00
70069-01-03-01,70069-01-03-01,4u_1608_522,4U 1608-522,4U_1608-52,NS,2002-10-01T16:21:36,True,,RXTE/PCA,PCA_OGIP_RATE43_OVERLAP_V1,data/processed/native/70069-01-03-01.npz,data/processed/native/70069-01-03-01.npz,1f946e156a14eef201fe83a33adf0161e79c039dd0062ee606e4365f65823568,70069-01-03-01,70069-01-03-01
70069-03-02-03,70069-03-02-03,aql_x_1,Aql X-1,AQL_X-1,NS,2002-03-14T04:02:24,True,,RXTE/PCA,PCA_OGIP_RATE43_OVERLAP_V1,data/processed/native/70069-03-02-03.npz,data/processed/native/70069-03-02-03.npz,00ead323eccc3fbf996c11297de0f318591f2f42d9d919405ef8f7cf97a747c5,70069-03-02-03,70069-03-02-03
70069-03-04-08,70069-03-04-08,aql_x_1,Aql X-1,AQL_X-1,NS,2002-03-24T23:54:24,True,,RXTE/PCA,PCA_OGIP_RATE43_OVERLAP_V1,data/processed/native/70069-03-04-08.npz,data/processed/native/70069-03-04-08.npz,188548477e9f9302e315011fe575ae4848291e8c47ed3972c4f394510526f7ef,70069-03-04-08,70069-03-04-08
70080-01-02-03,70080-01-02-03,sax_j1808_4_3658,SAX J1808.4-3658,SAX_J1808.4-3658,NS,2002-10-19T01:52:48,True,,RXTE/PCA,PCA_OGIP_RATE43_OVERLAP_V1,data/processed/native/70080-01-02-03.npz,data/processed/native/70080-01-02-03.npz,8d3717b4f7f6916521915f2acb581a9c28d59117807482530c7e0cbec2a3f78b,70080-01-02-03,70080-01-02-03
70080-01-02-13,70080-01-02-13,sax_j1808_4_3658,SAX J1808.4-3658,SAX_J1808.4-3658,NS,2002-10-23T22:51:44,True,,RXTE/PCA,PCA_OGIP_RATE43_OVERLAP_V1,data/processed/native/70080-01-02-13.npz,data/processed/native/70080-01-02-13.npz,3c7f75e3b8933b5f166f79ad4a9bae0849c3cee7682c5d99b84e13d06163fd31,70080-01-02-13,70080-01-02-13
70080-01-03-12,70080-01-03-12,sax_j1808_4_3658,SAX J1808.4-3658,SAX_J1808.4-3658,NS,2002-10-26T20:24:48,True,,RXTE/PCA,PCA_OGIP_RATE43_OVERLAP_V1,data/processed/native/70080-01-03-12.npz,data/processed/native/70080-01-03-12.npz,585a6f9d0e493da5b6e1967d1c2d1129b56abe06a4cdb777a5be33a1075f0c28,70080-01-03-12,70080-01-03-12
70080-02-02-35,70080-02-02-35,sax_j1808_4_3658,SAX J1808.4-3658,SAX_J1808.4-3658,NS,2002-11-05T06:40:00,True,,RXTE/PCA,PCA_OGIP_RATE43_OVERLAP_V1,data/processed/native/70080-02-02-35.npz,data/processed/native/70080-02-02-35.npz,8cd50630453f24ea0ae5ac3710f4f11f115889f39736b71df68acfdfc6d89b91,70080-02-02-35,70080-02-02-35
70080-02-02-36,70080-02-02-36,sax_j1808_4_3658,SAX J1808.4-3658,SAX_J1808.4-3658,NS,2002-11-01T19:19:28,True,,RXTE/PCA,PCA_OGIP_RATE43_OVERLAP_V1,data/processed/native/70080-02-02-36.npz,data/processed/native/70080-02-02-36.npz,0e5faf0cda939e00c7f7ef127b2ea8ec7da04ef577042ef97b481fb04c639968,70080-02-02-36,70080-02-02-36
70080-03-06-00,70080-03-06-00,sax_j1808_4_3658,SAX J1808.4-3658,SAX_J1808.4-3658,NS,2002-11-08T02:24:16,True,,RXTE/PCA,PCA_OGIP_RATE43_OVERLAP_V1,data/processed/native/70080-03-06-00.npz,data/processed/native/70080-03-06-00.npz,0730072bd9b5e921414d74dc3dab3f0703b6201385d7fbec01808296c7361169,70080-03-06-00,70080-03-06-00
70080-03-20-02,70080-03-20-02,sax_j1808_4_3658,SAX J1808.4-3658,SAX_J1808.4-3658,NS,2002-11-11T09:44:32,True,,RXTE/PCA,PCA_OGIP_RATE43_OVERLAP_V1,data/processed/native/70080-03-20-02.npz,data/processed/native/70080-03-20-02.npz,290fe68994c855ea0c99b6289085f0cfa5a8479d20dbeb513b5c63a3f55058df,70080-03-20-02,70080-03-20-02
70080-03-20-10,70080-03-20-10,sax_j1808_4_3658,SAX J1808.4-3658,SAX_J1808.4-3658,NS,2002-11-14T17:01:36,True,,RXTE/PCA,PCA_OGIP_RATE43_OVERLAP_V1,data/processed/native/70080-03-20-10.npz,data/processed/native/70080-03-20-10.npz,bbc77b0b5306d53416afd47258105a26935891f0002f5fa2e8b951fdee462c1d,70080-03-20-10,70080-03-20-10
70109-01-28-00,70109-01-28-00,gx_339_4,GX 339-4,GX_339-4,BH,2002-11-17T18:29:36,True,,RXTE/PCA,PCA_OGIP_RATE43_OVERLAP_V1,data/processed/native/70109-01-28-00.npz,data/processed/native/70109-01-28-00.npz,56644ef2af368585956e55276a30ae982b0a17327c7b98773b7a7a5723ea2779,70109-01-28-00,70109-01-28-00
70110-01-36-00,70110-01-36-00,gx_339_4,GX 339-4,GX_339-4,BH,,False,Selected PCUs not continuously on in sampled GTIs; re-extraction required,RXTE/PCA,,,,,,
70124-02-03-00,70124-02-03-00,4u_1543_475,4U 1543-475,4U1543-47,BH,2002-07-25T15:43:44,True,,RXTE/PCA,PCA_OGIP_RATE43_OVERLAP_V1,data/processed/native/70124-02-03-00.npz,data/processed/native/70124-02-03-00.npz,5a2d6b73ca7f1a47e9d098f10e10a5aca0b0bf4c28fc8f5dc5b311b46be8ae80,70124-02-03-00,70124-02-03-00
70124-02-04-00,70124-02-04-00,4u_1543_475,4U 1543-475,4U1543-47,BH,2002-08-09T04:53:36,False,net_5_25_keV_recorded_rate_not_greater_than_5_count_s_PCU,RXTE/PCA,PCA_OGIP_RATE43_OVERLAP_V1,data/processed/native/70124-02-04-00.npz,data/processed/native/70124-02-04-00.npz,6c0d734540cfe05ef0946e4594faa6469df7f1af2b00f7fceb1b73d014973a75,70124-02-04-00,70124-02-04-00
70124-02-06-00,70124-02-06-00,4u_1543_475,4U 1543-475,4U1543-47,BH,2002-07-28T22:24:48,True,,RXTE/PCA,PCA_OGIP_RATE43_OVERLAP_V1,data/processed/native/70124-02-06-00.npz,data/processed/native/70124-02-06-00.npz,9d9ced2082aac62b1cbad50e25c2c82513d99d9bd1985dcb63bbfdcd0f7bd177,70124-02-06-00,70124-02-06-00
70124-02-09-00,70124-02-09-00,4u_1543_475,4U 1543-475,4U1543-47,BH,2002-07-31T18:56:32,True,,RXTE/PCA,PCA_OGIP_RATE43_OVERLAP_V1,data/processed/native/70124-02-09-00.npz,data/processed/native/70124-02-09-00.npz,6df90d62f9cd52b8f0add8862ca3e0116c12322055535bf7d0c7f6649efe3223,70124-02-09-00,70124-02-09-00
70124-02-11-00,70124-02-11-00,4u_1543_475,4U 1543-475,4U1543-47,BH,2002-08-03T04:49:20,True,,RXTE/PCA,PCA_OGIP_RATE43_OVERLAP_V1,data/processed/native/70124-02-11-00.npz,data/processed/native/70124-02-11-00.npz,2f135a8bfecbede81b24c34fc07936085c1389ca20238a95828171f023f8cb51,70124-02-11-00,70124-02-11-00
70124-02-13-00,70124-02-13-00,4u_1543_475,4U 1543-475,4U1543-47,BH,2002-08-05T05:14:08,False,net_5_25_keV_recorded_rate_not_greater_than_5_count_s_PCU,RXTE/PCA,PCA_OGIP_RATE43_OVERLAP_V1,data/processed/native/70124-02-13-00.npz,data/processed/native/70124-02-13-00.npz,5ad6a47b05515477765ae0af88261112f6abab2c9d40d1be88693239abe77fb3,70124-02-13-00,70124-02-13-00
70124-02-19-00,70124-02-19-00,4u_1543_475,4U 1543-475,4U1543-47,BH,2002-08-12T16:02:24,False,net_5_25_keV_recorded_rate_not_greater_than_5_count_s_PCU,RXTE/PCA,PCA_OGIP_RATE43_OVERLAP_V1,data/processed/native/70124-02-19-00.npz,data/processed/native/70124-02-19-00.npz,f2a8a912516fe2674d4d172b5e2e7f78cc00414bac1227f1fa1fba638ef4a631,70124-02-19-00,70124-02-19-00
70124-02-22-00,70124-02-22-00,4u_1543_475,4U 1543-475,4U1543-47,BH,2002-08-15T22:34:08,False,net_5_25_keV_recorded_rate_not_greater_than_5_count_s_PCU,RXTE/PCA,PCA_OGIP_RATE43_OVERLAP_V1,data/processed/native/70124-02-22-00.npz,data/processed/native/70124-02-22-00.npz,49fd5b629142a57149b2db933c8a8055cf66385059116ce427138c444c05b75d,70124-02-22-00,70124-02-22-00
70124-02-25-00,70124-02-25-00,4u_1543_475,4U 1543-475,4U1543-47,BH,2002-08-18T06:08:00,False,net_5_25_keV_recorded_rate_not_greater_than_5_count_s_PCU,RXTE/PCA,PCA_OGIP_RATE43_OVERLAP_V1,data/processed/native/70124-02-25-00.npz,data/processed/native/70124-02-25-00.npz,3eeeee26f73c3b59f008778c221a5d8a6accdf5d96ff00fcdc196abec95664f5,70124-02-25-00,70124-02-25-00
70124-02-29-00,70124-02-29-00,4u_1543_475,4U 1543-475,4U1543-47,BH,2002-08-22T03:24:32,False,net_5_25_keV_recorded_rate_not_greater_than_5_count_s_PCU,RXTE/PCA,PCA_OGIP_RATE43_OVERLAP_V1,data/processed/native/70124-02-29-00.npz,data/processed/native/70124-02-29-00.npz,548cd7f0d691f115e553a7c533b35657a24c2865dfc81bee200b19ef804281d1,70124-02-29-00,70124-02-29-00
70124-02-32-00,70124-02-32-00,4u_1543_475,4U 1543-475,4U1543-47,BH,2002-08-25T04:15:28,False,net_5_25_keV_recorded_rate_not_greater_than_5_count_s_PCU,RXTE/PCA,PCA_OGIP_RATE43_OVERLAP_V1,data/processed/native/70124-02-32-00.npz,data/processed/native/70124-02-32-00.npz,6150db611572fdf3e50b6e44dd6e00585797b94a88b9b11ec7d3f23afbdba921,70124-02-32-00,70124-02-32-00
70124-02-36-00,70124-02-36-00,4u_1543_475,4U 1543-475,4U1543-47,BH,2002-08-29T12:31:12,False,net_5_25_keV_recorded_rate_not_greater_than_5_count_s_PCU,RXTE/PCA,PCA_OGIP_RATE43_OVERLAP_V1,data/processed/native/70124-02-36-00.npz,data/processed/native/70124-02-36-00.npz,bdaf02650e61e82a8e1c1ee1470b80ed9e487cac6b7d5fc2a68f4e697013f545,70124-02-36-00,70124-02-36-00
70124-02-39-00,70124-02-39-00,4u_1543_475,4U 1543-475,4U1543-47,BH,2002-09-05T23:15:12,False,net_5_25_keV_recorded_rate_not_greater_than_5_count_s_PCU,RXTE/PCA,PCA_OGIP_RATE43_OVERLAP_V1,data/processed/native/70124-02-39-00.npz,data/processed/native/70124-02-39-00.npz,af793d47c40b02e36d0af0131826a4a5864bb95c8c142c3fbf64acde71da65b6,70124-02-39-00,70124-02-39-00
70124-02-43-00,70124-02-43-00,4u_1543_475,4U 1543-475,4U1543-47,BH,2002-09-15T10:08:00,False,net_5_25_keV_recorded_rate_not_greater_than_5_count_s_PCU,RXTE/PCA,PCA_OGIP_RATE43_OVERLAP_V1,data/processed/native/70124-02-43-00.npz,data/processed/native/70124-02-43-00.npz,bea7507ae2fd74398e7c651892280728500ee4252e5b86ba7322e528f9f43a2a,70124-02-43-00,70124-02-43-00
70124-02-46-00,70124-02-46-00,4u_1543_475,4U 1543-475,4U1543-47,BH,2002-09-21T11:18:24,False,net_5_25_keV_recorded_rate_not_greater_than_5_count_s_PCU,RXTE/PCA,PCA_OGIP_RATE43_OVERLAP_V1,data/processed/native/70124-02-46-00.npz,data/processed/native/70124-02-46-00.npz,af83927fff4b9fcd289e07e45651c5fca67d51c86c1490764a983356fca4d0c8,70124-02-46-00,70124-02-46-00
70124-02-50-00,70124-02-50-00,4u_1543_475,4U 1543-475,4U1543-47,BH,,False,Missing retrieved source product,RXTE/PCA,,,,,,
70124-02-52-00,70124-02-52-00,4u_1543_475,4U 1543-475,4U1543-47,BH,2002-10-04T00:02:24,False,net_5_25_keV_recorded_rate_not_greater_than_5_count_s_PCU,RXTE/PCA,PCA_OGIP_RATE43_OVERLAP_V1,data/processed/native/70124-02-52-00.npz,data/processed/native/70124-02-52-00.npz,3576180caf17207fe3ad067d7fa01432a96304c98cf5fd71e156efc00ea13142,70124-02-52-00,70124-02-52-00
70124-02-57-00,70124-02-57-00,4u_1543_475,4U 1543-475,4U1543-47,BH,2002-10-17T21:18:24,False,net_5_25_keV_recorded_rate_not_greater_than_5_count_s_PCU,RXTE/PCA,PCA_OGIP_RATE43_OVERLAP_V1,data/processed/native/70124-02-57-00.npz,data/processed/native/70124-02-57-00.npz,eb398ed461da6f73e0dbff8aafc22ec1801034c58401697f828196afe957726e,70124-02-57-00,70124-02-57-00
70132-01-01-00,70132-01-01-00,4u_1543_475,4U 1543-475,4U1543-47,BH,2002-06-21T01:46:24,True,,RXTE/PCA,PCA_OGIP_RATE43_OVERLAP_V1,data/processed/native/70132-01-01-00.npz,data/processed/native/70132-01-01-00.npz,0828f8209550a9bee9911beb2dfad7a610b7e2c45ad7704170f8a7ab0278aebc,70132-01-01-00,70132-01-01-00
70132-01-01-03,70132-01-01-03,4u_1543_475,4U 1543-475,4U1543-47,BH,,False,Missing retrieved source product,RXTE/PCA,,,,,,
70132-01-02-01,70132-01-02-01,4u_1543_475,4U 1543-475,4U1543-47,BH,2002-07-01T02:36:00,True,,RXTE/PCA,PCA_OGIP_RATE43_OVERLAP_V1,data/processed/native/70132-01-02-01.npz,data/processed/native/70132-01-02-01.npz,3630c8a7752870805c824fd8f7fa56c68920842b40ba26bce80ac54ed5198996,70132-01-02-01,70132-01-02-01
70132-01-03-00,70132-01-03-00,4u_1543_475,4U 1543-475,4U1543-47,BH,,False,Missing retrieved source product,RXTE/PCA,,,,,,
70133-01-01-00,70133-01-01-00,4u_1543_475,4U 1543-475,4U1543-47,BH,2002-06-17T19:29:36,True,,RXTE/PCA,PCA_OGIP_RATE43_OVERLAP_V1,data/processed/native/70133-01-01-00.npz,data/processed/native/70133-01-01-00.npz,b5730f4f40f744a645c59b4efaaef6f9eb9f3c0a3b0a9af76a6c6ea8e91741c7,70133-01-01-00,70133-01-01-00
70133-01-05-00,70133-01-05-00,4u_1543_475,4U 1543-475,4U1543-47,BH,2002-06-28T11:47:28,True,,RXTE/PCA,PCA_OGIP_RATE43_OVERLAP_V1,data/processed/native/70133-01-05-00.npz,data/processed/native/70133-01-05-00.npz,dda117b5dbcb5d60f1aa5d08e795ce11a59d993217cb9a3d3d330c732b4f152b,70133-01-05-00,70133-01-05-00
70133-01-10-00,70133-01-10-00,4u_1543_475,4U 1543-475,4U1543-47,BH,2002-07-03T10:17:04,True,,RXTE/PCA,PCA_OGIP_RATE43_OVERLAP_V1,data/processed/native/70133-01-10-00.npz,data/processed/native/70133-01-10-00.npz,43057156d7cca405af6d33a5cc27f3df3c163087d02901188bb05a3ddfd727aa,70133-01-10-00,70133-01-10-00
70133-01-16-00,70133-01-16-00,4u_1543_475,4U 1543-475,4U1543-47,BH,2002-07-06T09:45:04,True,,RXTE/PCA,PCA_OGIP_RATE43_OVERLAP_V1,data/processed/native/70133-01-16-00.npz,data/processed/native/70133-01-16-00.npz,47985fb14d3a93913589ca8a515f39f2535adbc0cf6a812215cf7c2f3fdf8d2d,70133-01-16-00,70133-01-16-00
70133-01-20-00,70133-01-20-00,4u_1543_475,4U 1543-475,4U1543-47,BH,2002-07-10T01:50:08,True,,RXTE/PCA,PCA_OGIP_RATE43_OVERLAP_V1,data/processed/native/70133-01-20-00.npz,data/processed/native/70133-01-20-00.npz,93012a0ff58717e1febadfc493c9a6223649e006aa86e1c0b87a4e27c5b333fb,70133-01-20-00,70133-01-20-00
70133-01-23-00,70133-01-23-00,4u_1543_475,4U 1543-475,4U1543-47,BH,2002-07-13T15:18:08,True,,RXTE/PCA,PCA_OGIP_RATE43_OVERLAP_V1,data/processed/native/70133-01-23-00.npz,data/processed/native/70133-01-23-00.npz,1330a482e5294b6a2093ebadf6d68415516de022bf37c35386c4c70539e803b2,70133-01-23-00,70133-01-23-00
70133-01-25-01,70133-01-25-01,4u_1543_475,4U 1543-475,4U1543-47,BH,2002-07-15T05:29:04,True,,RXTE/PCA,PCA_OGIP_RATE43_OVERLAP_V1,data/processed/native/70133-01-25-01.npz,data/processed/native/70133-01-25-01.npz,86a3420aa490788d6315d879ef8f84408951d5c680543a7e77f644c05b86d515,70133-01-25-01,70133-01-25-01
70133-01-26-01,70133-01-26-01,4u_1543_475,4U 1543-475,4U1543-47,BH,2002-07-16T00:14:08,True,,RXTE/PCA,PCA_OGIP_RATE43_OVERLAP_V1,data/processed/native/70133-01-26-01.npz,data/processed/native/70133-01-26-01.npz,832c3f78a369e90fadbe4677ff85bf12cd508c25f511fd11b0558368c8eb76c9,70133-01-26-01,70133-01-26-01
70133-01-28-00,70133-01-28-00,4u_1543_475,4U 1543-475,4U1543-47,BH,2002-07-18T06:03:12,True,,RXTE/PCA,PCA_OGIP_RATE43_OVERLAP_V1,data/processed/native/70133-01-28-00.npz,data/processed/native/70133-01-28-00.npz,59ceac56cc6f96dfde2c773ec89a4d118d819138cfb25bbaa346e17ff50b7ebf,70133-01-28-00,70133-01-28-00
70133-01-31-00,70133-01-31-00,4u_1543_475,4U 1543-475,4U1543-47,BH,2002-07-22T06:32:00,True,,RXTE/PCA,PCA_OGIP_RATE43_OVERLAP_V1,data/processed/native/70133-01-31-00.npz,data/processed/native/70133-01-31-00.npz,52ea8607c9828a090e8d1da26a1f9506cb02df2c165a3b15cfa9696d1e91c3b3,70133-01-31-00,70133-01-31-00
70134-08-01-00,70134-08-01-00,slx_1735_269,SLX 1735-269,SLX_1735-269,NS,2003-02-14T15:40:16,True,,RXTE/PCA,PCA_OGIP_RATE43_OVERLAP_V1,data/processed/native/70134-08-01-00.npz,data/processed/native/70134-08-01-00.npz,acc7fdbe4d7ea321e6eb4a1692a330073849f617a4cf4ab4e2a4b2268b0654f0,70134-08-01-00,70134-08-01-00
70422-01-02-00,70422-01-02-00,sax_j1808_4_3658,SAX J1808.4-3658,SAX_J1808.4-3658,NS,2003-01-25T21:59:12,False,net_5_25_keV_recorded_rate_not_greater_than_5_count_s_PCU,RXTE/PCA,PCA_OGIP_RATE43_OVERLAP_V1,data/processed/native/70422-01-02-00.npz,data/processed/native/70422-01-02-00.npz,a71318830b5e1b253aab829ab35318b448e98703448b542b63f66d1756307e97,70422-01-02-00,70422-01-02-00
80037-01-07-04,80037-01-07-04,4u_0614_09,4U 0614+09,4U_0614+09,NS,,False,Selected PCUs not continuously on in sampled GTIs; re-extraction required,RXTE/PCA,,,,,,
80037-01-09-08,80037-01-09-08,4u_0614_09,4U 0614+09,4U_0614+09,NS,2004-05-01T01:48:32,True,,RXTE/PCA,PCA_OGIP_RATE43_OVERLAP_V1,data/processed/native/80037-01-09-08.npz,data/processed/native/80037-01-09-08.npz,4014bacd4acef98568fe766df31b62c4699b98abecf67071e3d3f18c7f70fd10,80037-01-09-08,80037-01-09-08
80051-02-01-02,80051-02-01-02,4u_0614_09,4U 0614+09,4U_0614+09,NS,2004-01-20T10:03:44,True,,RXTE/PCA,PCA_OGIP_RATE43_OVERLAP_V1,data/processed/native/80051-02-01-02.npz,data/processed/native/80051-02-01-02.npz,54f38a5f66c3257bec4c56d70d92bdbab604b2667958c1394ebea4d7e1986952,80051-02-01-02,80051-02-01-02
80054-08-01-00,80054-08-01-00,v4641_sgr,V4641 Sgr,SAXJ1819.3-2525,BH,2003-08-05T01:18:08,True,,RXTE/PCA,PCA_OGIP_RATE43_OVERLAP_V1,data/processed/native/80054-08-01-00.npz,data/processed/native/80054-08-01-00.npz,af659a3a7140403c9c648b175b910b826491da60d75f35d2c3e016fc3661c8af,80054-08-01-00,80054-08-01-00
80054-08-01-01,80054-08-01-01,v4641_sgr,V4641 Sgr,SAXJ1819.3-2525,BH,2003-08-06T08:54:08,True,,RXTE/PCA,PCA_OGIP_RATE43_OVERLAP_V1,data/processed/native/80054-08-01-01.npz,data/processed/native/80054-08-01-01.npz,fe62c045c43388f9f74a192c70a3f4900ad2d4c2d7d9d81e7bd089beffc06a5d,80054-08-01-01,80054-08-01-01
80054-08-02-00,80054-08-02-00,v4641_sgr,V4641 Sgr,SAXJ1819.3-2525,BH,2003-08-07T11:40:16,True,,RXTE/PCA,PCA_OGIP_RATE43_OVERLAP_V1,data/processed/native/80054-08-02-00.npz,data/processed/native/80054-08-02-00.npz,37b5dace8e0951509cb1bb052d0e411837a8c286bb12959ec1a1b36f6c701d55,80054-08-02-00,80054-08-02-00
80054-08-03-00,80054-08-03-00,v4641_sgr,V4641 Sgr,SAX_J1819.3-2525,BH,2003-08-08T08:10:08,False,net_5_25_keV_recorded_rate_not_greater_than_5_count_s_PCU,RXTE/PCA,PCA_OGIP_RATE43_OVERLAP_V1,data/processed/native/80054-08-03-00.npz,data/processed/native/80054-08-03-00.npz,4b9bf11331e4c4956f1ea426d5d0a79c77d6c16655cd222f0c2ee04ff9f04df4,80054-08-03-00,80054-08-03-00
80054-08-03-01,80054-08-03-01,v4641_sgr,V4641 Sgr,SAX_J1819.3-2525,BH,2003-08-09T12:42:08,False,net_5_25_keV_recorded_rate_not_greater_than_5_count_s_PCU,RXTE/PCA,PCA_OGIP_RATE43_OVERLAP_V1,data/processed/native/80054-08-03-01.npz,data/processed/native/80054-08-03-01.npz,2873628cde5136eb8a63e01550339c94b8d8ed4cb447f66fa8244f68056e21b3,80054-08-03-01,80054-08-03-01
80054-08-04-00,80054-08-04-00,v4641_sgr,V4641 Sgr,SAX_J1819.3-2525,BH,2003-08-10T02:47:12,False,net_5_25_keV_recorded_rate_not_greater_than_5_count_s_PCU,RXTE/PCA,PCA_OGIP_RATE43_OVERLAP_V1,data/processed/native/80054-08-04-00.npz,data/processed/native/80054-08-04-00.npz,68b82ccba2698538c54fbb6fb0338cafa8794e6933ae5c0ae1ce2b0adb323de7,80054-08-04-00,80054-08-04-00
80054-08-04-01,80054-08-04-01,v4641_sgr,V4641 Sgr,SAX_J1819.3-2525,BH,2003-08-10T04:17:20,False,net_5_25_keV_recorded_rate_not_greater_than_5_count_s_PCU,RXTE/PCA,PCA_OGIP_RATE43_OVERLAP_V1,data/processed/native/80054-08-04-01.npz,data/processed/native/80054-08-04-01.npz,68b82ccba2698538c54fbb6fb0338cafa8794e6933ae5c0ae1ce2b0adb323de7,80054-08-04-01,80054-08-04-01
80054-08-05-00,80054-08-05-00,v4641_sgr,V4641 Sgr,SAX_J1819.3-2525,BH,2003-08-11T05:37:36,False,net_5_25_keV_recorded_rate_not_greater_than_5_count_s_PCU,RXTE/PCA,PCA_OGIP_RATE43_OVERLAP_V1,data/processed/native/80054-08-05-00.npz,data/processed/native/80054-08-05-00.npz,25b887cfc10911c6fcfd82cbfbce5d3644a363105ed927265b6171ebee034a53,80054-08-05-00,80054-08-05-00
80054-08-05-01,80054-08-05-01,v4641_sgr,V4641 Sgr,SAX_J1819.3-2525,BH,2003-08-11T16:59:28,False,net_5_25_keV_recorded_rate_not_greater_than_5_count_s_PCU,RXTE/PCA,PCA_OGIP_RATE43_OVERLAP_V1,data/processed/native/80054-08-05-01.npz,data/processed/native/80054-08-05-01.npz,db8ae3e63ddcaf7d7e1ee1c828daef9d86ead4d43f6e12c4806890de22572325,80054-08-05-01,80054-08-05-01
80054-08-06-00,80054-08-06-00,v4641_sgr,V4641 Sgr,SAX_J1819.3-2525,BH,2003-08-12T05:12:00,False,net_5_25_keV_recorded_rate_not_greater_than_5_count_s_PCU,RXTE/PCA,PCA_OGIP_RATE43_OVERLAP_V1,data/processed/native/80054-08-06-00.npz,data/processed/native/80054-08-06-00.npz,e4cfa515af0924e015b509843dc2007142ecb6c819ac82717148c3bd7f5f9a5d,80054-08-06-00,80054-08-06-00
80054-08-06-03,80054-08-06-03,v4641_sgr,V4641 Sgr,SAX_J1819.3-2525,BH,2003-08-12T02:06:08,False,net_5_25_keV_recorded_rate_not_greater_than_5_count_s_PCU,RXTE/PCA,PCA_OGIP_RATE43_OVERLAP_V1,data/processed/native/80054-08-06-03.npz,data/processed/native/80054-08-06-03.npz,e4cfa515af0924e015b509843dc2007142ecb6c819ac82717148c3bd7f5f9a5d,80054-08-06-03,80054-08-06-03
80054-08-07-00,80054-08-07-00,v4641_sgr,V4641 Sgr,SAX_J1819.3-2525,BH,2003-08-13T04:50:56,False,net_5_25_keV_recorded_rate_not_greater_than_5_count_s_PCU,RXTE/PCA,PCA_OGIP_RATE43_OVERLAP_V1,data/processed/native/80054-08-07-00.npz,data/processed/native/80054-08-07-00.npz,2195555ff8e94830e8bb34c03b4efd7f2638807c7b2c20bd130043ced34b9245,80054-08-07-00,80054-08-07-00
80054-08-07-01,80054-08-07-01,v4641_sgr,V4641 Sgr,SAX_J1819.3-2525,BH,2003-08-13T17:28:48,False,net_5_25_keV_recorded_rate_not_greater_than_5_count_s_PCU,RXTE/PCA,PCA_OGIP_RATE43_OVERLAP_V1,data/processed/native/80054-08-07-01.npz,data/processed/native/80054-08-07-01.npz,2195555ff8e94830e8bb34c03b4efd7f2638807c7b2c20bd130043ced34b9245,80054-08-07-01,80054-08-07-01
80054-08-08-01,80054-08-08-01,v4641_sgr,V4641 Sgr,SAX_J1819.3-2525,BH,2003-08-14T10:47:28,False,net_5_25_keV_recorded_rate_not_greater_than_5_count_s_PCU,RXTE/PCA,PCA_OGIP_RATE43_OVERLAP_V1,data/processed/native/80054-08-08-01.npz,data/processed/native/80054-08-08-01.npz,9f71d1b63f009f91830c77b47d4bb5ba190799f5cebc6fea5aaa882b90eba40b,80054-08-08-01,80054-08-08-01
80054-08-09-00,80054-08-09-00,v4641_sgr,V4641 Sgr,SAX_J1819.3-2525,BH,2003-08-15T04:09:36,False,net_5_25_keV_recorded_rate_not_greater_than_5_count_s_PCU,RXTE/PCA,PCA_OGIP_RATE43_OVERLAP_V1,data/processed/native/80054-08-09-00.npz,data/processed/native/80054-08-09-00.npz,82487fba3ce1f1b8dbb24ce5bd693212061c85510a6c5dec223cd8c19929c2c0,80054-08-09-00,80054-08-09-00
80054-08-09-01,80054-08-09-01,v4641_sgr,V4641 Sgr,SAX_J1819.3-2525,BH,2003-08-15T14:06:24,False,net_5_25_keV_recorded_rate_not_greater_than_5_count_s_PCU,RXTE/PCA,PCA_OGIP_RATE43_OVERLAP_V1,data/processed/native/80054-08-09-01.npz,data/processed/native/80054-08-09-01.npz,82487fba3ce1f1b8dbb24ce5bd693212061c85510a6c5dec223cd8c19929c2c0,80054-08-09-01,80054-08-09-01
80054-08-10-00,80054-08-10-00,v4641_sgr,V4641 Sgr,SAX_J1819.3-2525,BH,2003-08-16T16:27:28,False,net_5_25_keV_recorded_rate_not_greater_than_5_count_s_PCU,RXTE/PCA,PCA_OGIP_RATE43_OVERLAP_V1,data/processed/native/80054-08-10-00.npz,data/processed/native/80054-08-10-00.npz,10fbf781bac04cef575ca122375af4588e4de1344f96f92ccf53be87e2ac61c6,80054-08-10-00,80054-08-10-00
80083-01-03-03,80083-01-03-03,sax_j1808_4_3658,SAX J1808.4-3658,SAX_J1808.4-3658,NS,,False,Missing retrieved source product,RXTE/PCA,,,,,,
80102-04-12-00,80102-04-12-00,gx_339_4,GX 339-4,GX_339-4,BH,2003-06-12T06:17:52,False,net_5_25_keV_recorded_rate_not_greater_than_5_count_s_PCU,RXTE/PCA,PCA_OGIP_RATE43_OVERLAP_V1,data/processed/native/80102-04-12-00.npz,data/processed/native/80102-04-12-00.npz,f5e97ef4e673f46fdd9b4a5f255fd87f3b9aff8ab4220ef0f29e4ae7a3c92f2c,80102-04-12-00,80102-04-12-00
80102-04-57-01,80102-04-57-01,gx_339_4,GX 339-4,GX_339-4,BH,2004-02-13T16:58:24,True,,RXTE/PCA,PCA_OGIP_RATE43_OVERLAP_V1,data/processed/native/80102-04-57-01.npz,data/processed/native/80102-04-57-01.npz,9729a8c39b9367feb277d2833e0c851f7990038018a73ea01724bf6aa6c2131c,80102-04-57-01,80102-04-57-01
80132-01-15-00,80132-01-15-00,gx_339_4,GX 339-4,GX_339-4,BH,2004-03-19T15:34:24,True,,RXTE/PCA,PCA_OGIP_RATE43_OVERLAP_V1,data/processed/native/80132-01-15-00.npz,data/processed/native/80132-01-15-00.npz,10916f30707d8d0f0276916faac3d6dd9bede311e39c7a5efbf5b5e09c475a0d,80132-01-15-00,80132-01-15-00
80135-01-04-01,80135-01-04-01,xte_j1550_564,XTE J1550-564,XTE_J1550-564,BH,2003-04-11T11:59:44,True,,RXTE/PCA,PCA_OGIP_RATE43_OVERLAP_V1,data/processed/native/80135-01-04-01.npz,data/processed/native/80135-01-04-01.npz,af873fd225f643b2d16d60214b4ef94f146c21a60dd5c7d6fffeede6d2bc55e5,80135-01-04-01,80135-01-04-01
80138-03-01-00,80138-03-01-00,slx_1735_269,SLX 1735-269,SLX_1735-269,NS,2003-04-18T03:40:32,True,,RXTE/PCA,PCA_OGIP_RATE43_OVERLAP_V1,data/processed/native/80138-03-01-00.npz,data/processed/native/80138-03-01-00.npz,09133c3d3b6178c3555e12a479ebbf8e388cb7280de952f30367d5c710ca14d9,80138-03-01-00,80138-03-01-00
80138-03-04-00,80138-03-04-00,slx_1735_269,SLX 1735-269,SLX_1735-269,NS,2003-05-22T10:05:20,True,,RXTE/PCA,PCA_OGIP_RATE43_OVERLAP_V1,data/processed/native/80138-03-04-00.npz,data/processed/native/80138-03-04-00.npz,42180ce1f76bd16f767d8bdec38f75d6d1bf4b769285505a4d6106e2f6d27455,80138-03-04-00,80138-03-04-00
80138-03-06-00,80138-03-06-00,slx_1735_269,SLX 1735-269,SLX_1735-269,NS,2003-09-18T02:12:48,True,,RXTE/PCA,PCA_OGIP_RATE43_OVERLAP_V1,data/processed/native/80138-03-06-00.npz,data/processed/native/80138-03-06-00.npz,824596b506425a04d491f3a27463ccd86f70ce485ec1b70526cfdc015823a8ab,80138-03-06-00,80138-03-06-00
80138-03-07-02,80138-03-07-02,slx_1735_269,SLX 1735-269,SLX_1735-269,NS,2003-09-28T00:20:00,True,,RXTE/PCA,PCA_OGIP_RATE43_OVERLAP_V1,data/processed/native/80138-03-07-02.npz,data/processed/native/80138-03-07-02.npz,fa7bb3f21104d2c34ae82399a9225197df538f38c9e89f86b208025047f952e6,80138-03-07-02,80138-03-07-02
80138-03-08-00,80138-03-08-00,slx_1735_269,SLX 1735-269,SLX_1735-269,NS,2003-10-06T00:53:04,True,,RXTE/PCA,PCA_OGIP_RATE43_OVERLAP_V1,data/processed/native/80138-03-08-00.npz,data/processed/native/80138-03-08-00.npz,3dc6df7e3f43846aeb33b719a42fd90853b1fa9a1586066858bd7a642853a935,80138-03-08-00,80138-03-08-00
80406-01-04-07,80406-01-04-07,4u_1608_522,4U 1608-522,4U1608-52,NS,2003-03-29T02:46:24,True,,RXTE/PCA,PCA_OGIP_RATE43_OVERLAP_V1,data/processed/native/80406-01-04-07.npz,data/processed/native/80406-01-04-07.npz,cbc038c58e5d5ef106ff020d729b2d620006b7b9d525f06edba4a67c26596b29,80406-01-04-07,80406-01-04-07
80406-01-10-03,80406-01-10-03,4u_1608_522,4U 1608-522,4U1608-52,NS,2003-10-23T15:56:48,False,net_5_25_keV_recorded_rate_not_greater_than_5_count_s_PCU,RXTE/PCA,PCA_OGIP_RATE43_OVERLAP_V1,data/processed/native/80406-01-10-03.npz,data/processed/native/80406-01-10-03.npz,de47fbc2c2140d245858d0782e3b1e1726753a86f3799b4ee8aeda347f3923ff,80406-01-10-03,80406-01-10-03
80412-01-02-00,80412-01-02-00,xte_j1550_564,XTE J1550-564,XTE_J1550-564,BH,2003-05-22T11:31:12,False,net_5_25_keV_recorded_rate_not_greater_than_5_count_s_PCU,RXTE/PCA,PCA_OGIP_RATE43_OVERLAP_V1,data/processed/native/80412-01-02-00.npz,data/processed/native/80412-01-02-00.npz,42180ce1f76bd16f767d8bdec38f75d6d1bf4b769285505a4d6106e2f6d27455,80412-01-02-00,80412-01-02-00
80414-01-02-00,80414-01-02-00,4u_0614_09,4U 0614+09,4U_0614+09,NS,2003-05-17T07:51:44,True,,RXTE/PCA,PCA_OGIP_RATE43_OVERLAP_V1,data/processed/native/80414-01-02-00.npz,data/processed/native/80414-01-02-00.npz,cd413e24be6169876f93892bce87fd68bac0b85731682dad4893e48746c35bc2,80414-01-02-00,80414-01-02-00
80414-01-05-02,80414-01-05-02,4u_0614_09,4U 0614+09,4U_0614+09,NS,2003-10-06T23:49:20,True,,RXTE/PCA,PCA_OGIP_RATE43_OVERLAP_V1,data/processed/native/80414-01-05-02.npz,data/processed/native/80414-01-05-02.npz,3dc6df7e3f43846aeb33b719a42fd90853b1fa9a1586066858bd7a642853a935,80414-01-05-02,80414-01-05-02
80421-01-01-00,80421-01-01-00,v4641_sgr,V4641 Sgr,SAX_J1819.3-2525,BH,2003-08-10T12:20:16,False,net_5_25_keV_recorded_rate_not_greater_than_5_count_s_PCU,RXTE/PCA,PCA_OGIP_RATE43_OVERLAP_V1,data/processed/native/80421-01-01-00.npz,data/processed/native/80421-01-01-00.npz,68b82ccba2698538c54fbb6fb0338cafa8794e6933ae5c0ae1ce2b0adb323de7,80421-01-01-00,80421-01-01-00
80421-01-01-01,80421-01-01-01,v4641_sgr,V4641 Sgr,SAX_J1819.3-2525,BH,2003-08-10T15:20:16,False,net_5_25_keV_recorded_rate_not_greater_than_5_count_s_PCU,RXTE/PCA,PCA_OGIP_RATE43_OVERLAP_V1,data/processed/native/80421-01-01-01.npz,data/processed/native/80421-01-01-01.npz,68b82ccba2698538c54fbb6fb0338cafa8794e6933ae5c0ae1ce2b0adb323de7,80421-01-01-01,80421-01-01-01
80421-01-01-02,80421-01-01-02,v4641_sgr,V4641 Sgr,SAX_J1819.3-2525,BH,2003-08-10T17:00:16,False,net_5_25_keV_recorded_rate_not_greater_than_5_count_s_PCU,RXTE/PCA,PCA_OGIP_RATE43_OVERLAP_V1,data/processed/native/80421-01-01-02.npz,data/processed/native/80421-01-01-02.npz,68b82ccba2698538c54fbb6fb0338cafa8794e6933ae5c0ae1ce2b0adb323de7,80421-01-01-02,80421-01-01-02
80431-01-01-00,80431-01-01-00,1a_1744_361,1A 1744-361,X1744-361,NS,,False,Missing retrieved source product,RXTE/PCA,,,,,,
80431-01-02-01,80431-01-02-01,1a_1744_361,1A 1744-361,X1744-361,NS,2003-11-16T11:51:12,True,,RXTE/PCA,PCA_OGIP_RATE43_OVERLAP_V1,data/processed/native/80431-01-02-01.npz,data/processed/native/80431-01-02-01.npz,bc437cd4fc1a39e8dec1603573d2ede2de0b93723f154bd67c833a5c7d9915de,80431-01-02-01,80431-01-02-01
80431-01-02-03,80431-01-02-03,1a_1744_361,1A 1744-361,X1744-361,NS,2003-11-15T07:25:20,True,,RXTE/PCA,PCA_OGIP_RATE43_OVERLAP_V1,data/processed/native/80431-01-02-03.npz,data/processed/native/80431-01-02-03.npz,9fe573b6dc60d5338a5883ce240f05be068d7c409508c518d8f7d80a1beb30cc,80431-01-02-03,80431-01-02-03
80431-01-02-04,80431-01-02-04,1a_1744_361,1A 1744-361,X1744-361,NS,2003-11-18T06:24:16,True,,RXTE/PCA,PCA_OGIP_RATE43_OVERLAP_V1,data/processed/native/80431-01-02-04.npz,data/processed/native/80431-01-02-04.npz,9b8e3b8a31e867c8159f8469c1ce974ae6c2a897a8ad2f4a6f3e12517f1a597d,80431-01-02-04,80431-01-02-04
80431-01-02-05,80431-01-02-05,1a_1744_361,1A 1744-361,X1744-361,NS,2003-11-19T02:53:20,True,,RXTE/PCA,PCA_OGIP_RATE43_OVERLAP_V1,data/processed/native/80431-01-02-05.npz,data/processed/native/80431-01-02-05.npz,9c0fdf59bc4520bbcde7f54632797c087d35e9b34b66920555d7ec4aad5f1992,80431-01-02-05,80431-01-02-05
80431-01-03-00,80431-01-03-00,1a_1744_361,1A 1744-361,X1744-361,NS,2003-11-21T07:09:04,True,,RXTE/PCA,PCA_OGIP_RATE43_OVERLAP_V1,data/processed/native/80431-01-03-00.npz,data/processed/native/80431-01-03-00.npz,4f8c25c6fea2ed8b1748645616ab688296abf4297c115c6039307fdfe522d122,80431-01-03-00,80431-01-03-00
80431-01-03-02,80431-01-03-02,1a_1744_361,1A 1744-361,X1744-361,NS,2003-11-22T09:45:20,True,,RXTE/PCA,PCA_OGIP_RATE43_OVERLAP_V1,data/processed/native/80431-01-03-02.npz,data/processed/native/80431-01-03-02.npz,b6fa93cc97eeee39810e43572eee38d43b0f713136f9fc16d2949469c93f01ea,80431-01-03-02,80431-01-03-02
90011-01-01-01,90011-01-01-01,xte_j1118_480,XTE J1118+480,XTE_J1118+480,BH,2005-01-14T03:31:44,True,,RXTE/PCA,PCA_OGIP_RATE43_OVERLAP_V1,data/processed/native/90011-01-01-01.npz,data/processed/native/90011-01-01-01.npz,9756f45b7b8a2e7f311d105ee4b47693cf1b3b06308e16fcb3c2a7cfae2be3bd,90011-01-01-01,90011-01-01-01
90011-01-01-02,90011-01-01-02,xte_j1118_480,XTE J1118+480,XTE_J1118+480,BH,2005-01-15T19:41:20,True,,RXTE/PCA,PCA_OGIP_RATE43_OVERLAP_V1,data/processed/native/90011-01-01-02.npz,data/processed/native/90011-01-01-02.npz,4d44821c722beb3722dc13e6b1728c242ca3f46b8b88a642c47953a391886839,90011-01-01-02,90011-01-01-02
90011-01-01-05,90011-01-01-05,xte_j1118_480,XTE J1118+480,XTE_J1118+480,BH,2005-01-18T18:28:48,True,,RXTE/PCA,PCA_OGIP_RATE43_OVERLAP_V1,data/processed/native/90011-01-01-05.npz,data/processed/native/90011-01-01-05.npz,9e5d3006f02524d83a3e5e4adea72535ef89bd69089b4afd8ba6402d6cfb302c,90011-01-01-05,90011-01-01-05
90011-01-01-09,90011-01-01-09,xte_j1118_480,XTE J1118+480,XTE_J1118+480,BH,2005-01-17T04:43:44,True,,RXTE/PCA,PCA_OGIP_RATE43_OVERLAP_V1,data/processed/native/90011-01-01-09.npz,data/processed/native/90011-01-01-09.npz,90266f8e0e6ab4079a23bf25f969d735423c28ec1df20466133c07972529dbee,90011-01-01-09,90011-01-01-09
90011-01-01-13,90011-01-01-13,xte_j1118_480,XTE J1118+480,XTE_J1118+480,BH,2005-01-20T02:05:20,True,,RXTE/PCA,PCA_OGIP_RATE43_OVERLAP_V1,data/processed/native/90011-01-01-13.npz,data/processed/native/90011-01-01-13.npz,9a3bdf1088b06767bd89048d0cfc20557b49265f20d59c24e010175078df3793,90011-01-01-13,90011-01-01-13
90017-01-07-00,90017-01-07-00,aql_x_1,Aql X-1,AQL_X-1,NS,2004-05-30T18:10:08,True,,RXTE/PCA,PCA_OGIP_RATE43_OVERLAP_V1,data/processed/native/90017-01-07-00.npz,data/processed/native/90017-01-07-00.npz,105c997e0389b915ecd97e7ac1a2c01225a909d91c0db4c99f320b9ad47dd7f0,90017-01-07-00,90017-01-07-00
90019-01-02-00,90019-01-02-00,gx_339_4,GX 339-4,GX_339-4,BH,2004-04-23T03:26:56,True,,RXTE/PCA,PCA_OGIP_RATE43_OVERLAP_V1,data/processed/native/90019-01-02-00.npz,data/processed/native/90019-01-02-00.npz,c6baa10b2f51d39af51d4f2b7bae2e115fb9e5a6ab8327e16e194ad357a5c352,90019-01-02-00,90019-01-02-00
90030-01-03-10,90030-01-03-10,cyg_x_2,Cyg X-2,CYG_X-2,NS,2007-09-10T16:39:28,True,,RXTE/PCA,PCA_OGIP_RATE43_OVERLAP_V1,data/processed/native/90030-01-03-10.npz,data/processed/native/90030-01-03-10.npz,2832cf047798ff3d6d57d85966e93120638c7cc9d17e8b8145ffb93af0e16d76,90030-01-03-10,90030-01-03-10
90030-01-08-00,90030-01-08-00,cyg_x_2,Cyg X-2,CYG_X-2,NS,2004-04-04T09:04:32,True,,RXTE/PCA,PCA_OGIP_RATE43_OVERLAP_V1,data/processed/native/90030-01-08-00.npz,data/processed/native/90030-01-08-00.npz,a59ffe8573185e506a326e37ada8c1e1a5c766760bc95409ae581a3e1e64551a,90030-01-08-00,90030-01-08-00
90030-01-24-00,90030-01-24-00,cyg_x_2,Cyg X-2,CYG_X-2,NS,2004-06-22T04:03:44,True,,RXTE/PCA,PCA_OGIP_RATE43_OVERLAP_V1,data/processed/native/90030-01-24-00.npz,data/processed/native/90030-01-24-00.npz,8844663e85f1740576a8bcb1d0cf3afef7491adea877e3da0b146af07e579deb,90030-01-24-00,90030-01-24-00
90030-01-41-00,90030-01-41-00,cyg_x_2,Cyg X-2,CYG_X-2,NS,2004-09-13T19:24:48,True,,RXTE/PCA,PCA_OGIP_RATE43_OVERLAP_V1,data/processed/native/90030-01-41-00.npz,data/processed/native/90030-01-41-00.npz,187e0bc01cc9c6636f5addacc821662889fbaa30a8147e0fc4aa42b60a6801ec,90030-01-41-00,90030-01-41-00
90030-01-53-00,90030-01-53-00,cyg_x_2,Cyg X-2,CYG_X-2,NS,2004-11-11T22:01:36,True,,RXTE/PCA,PCA_OGIP_RATE43_OVERLAP_V1,data/processed/native/90030-01-53-00.npz,data/processed/native/90030-01-53-00.npz,e0d6512db66b6741187e6d1cb556e5a898093663819c7cd0f33b91a1a469cbc5,90030-01-53-00,90030-01-53-00
90030-01-67-00,90030-01-67-00,cyg_x_2,Cyg X-2,CYG_X-2,NS,2005-01-19T18:59:28,True,,RXTE/PCA,PCA_OGIP_RATE43_OVERLAP_V1,data/processed/native/90030-01-67-00.npz,data/processed/native/90030-01-67-00.npz,504676b90d8f342527f12fbe9ae5c08fea2f8c76ba4c1f7fb5dadefb6c43f9ca,90030-01-67-00,90030-01-67-00
90030-01-81-00,90030-01-81-00,cyg_x_2,Cyg X-2,CYG_X-2,NS,2005-11-06T05:04:32,True,,RXTE/PCA,PCA_OGIP_RATE43_OVERLAP_V1,data/processed/native/90030-01-81-00.npz,data/processed/native/90030-01-81-00.npz,de4601245a7d981dd58a85ec40bf7ede8e3ff31fc39045f08717f509f4eeda51,90030-01-81-00,90030-01-81-00
90030-01-95-00,90030-01-95-00,cyg_x_2,Cyg X-2,CYG_X-2,NS,2006-01-14T02:21:51,True,,RXTE/PCA,PCA_OGIP_RATE43_OVERLAP_V1,data/processed/native/90030-01-95-00.npz,data/processed/native/90030-01-95-00.npz,e1caba1775da58e5961532042d224b3d8a8512cfae2a294e5d96e007206ce70b,90030-01-95-00,90030-01-95-00
90036-01-01-00,90036-01-01-00,4u_1254_69,4U 1254-69,4U_1254-690,NS,2004-05-26T23:41:36,True,,RXTE/PCA,PCA_OGIP_RATE43_OVERLAP_V1,data/processed/native/90036-01-01-00.npz,data/processed/native/90036-01-01-00.npz,23b861aa9e7858812f31a5a18aa33b937ac3d0c7bd10c3c934d4099dcfaf92b4,90036-01-01-00,90036-01-01-00
90036-01-01-01,90036-01-01-01,4u_1254_69,4U 1254-69,4U_1254-690,NS,2004-05-26T00:05:36,True,,RXTE/PCA,PCA_OGIP_RATE43_OVERLAP_V1,data/processed/native/90036-01-01-01.npz,data/processed/native/90036-01-01-01.npz,23b861aa9e7858812f31a5a18aa33b937ac3d0c7bd10c3c934d4099dcfaf92b4,90036-01-01-01,90036-01-01-01
90036-01-01-02,90036-01-01-02,4u_1254_69,4U 1254-69,4U_1254-690,NS,2004-05-26T04:48:48,True,,RXTE/PCA,PCA_OGIP_RATE43_OVERLAP_V1,data/processed/native/90036-01-01-02.npz,data/processed/native/90036-01-01-02.npz,23b861aa9e7858812f31a5a18aa33b937ac3d0c7bd10c3c934d4099dcfaf92b4,90036-01-01-02,90036-01-01-02
90036-01-01-03,90036-01-01-03,4u_1254_69,4U 1254-69,4U_1254-690,NS,2004-05-27T04:25:52,True,,RXTE/PCA,PCA_OGIP_RATE43_OVERLAP_V1,data/processed/native/90036-01-01-03.npz,data/processed/native/90036-01-01-03.npz,e0913bb79b462fd2fa37716ba09b1dc5c2926fde65b81aea84a3850b72adc573,90036-01-01-03,90036-01-01-03
90036-01-02-00,90036-01-02-00,4u_1254_69,4U 1254-69,4U_1254-690,NS,2004-05-28T00:53:04,True,,RXTE/PCA,PCA_OGIP_RATE43_OVERLAP_V1,data/processed/native/90036-01-02-00.npz,data/processed/native/90036-01-02-00.npz,2a35f645051d2a76b3abcf595bb4f4499169d8123ebb0b1b2747c9e78dfc0083,90036-01-02-00,90036-01-02-00
90036-01-02-01,90036-01-02-01,4u_1254_69,4U 1254-69,4U_1254-690,NS,2004-05-28T00:11:28,True,,RXTE/PCA,PCA_OGIP_RATE43_OVERLAP_V1,data/processed/native/90036-01-02-01.npz,data/processed/native/90036-01-02-01.npz,2a35f645051d2a76b3abcf595bb4f4499169d8123ebb0b1b2747c9e78dfc0083,90036-01-02-01,90036-01-02-01
90044-01-01-00,90044-01-01-00,4u_1746_37,4U 1746-37,4U_1746-37,NS,2004-04-02T09:26:56,True,,RXTE/PCA,PCA_OGIP_RATE43_OVERLAP_V1,data/processed/native/90044-01-01-00.npz,data/processed/native/90044-01-01-00.npz,bf9bf919fc8b85000b545ed663ca183a216300bfe52bc4b6b8bc94e6052f2529,90044-01-01-00,90044-01-01-00
90044-01-01-01,90044-01-01-01,4u_1746_37,4U 1746-37,4U_1746-37,NS,2004-04-02T08:34:24,True,,RXTE/PCA,PCA_OGIP_RATE43_OVERLAP_V1,data/processed/native/90044-01-01-01.npz,data/processed/native/90044-01-01-01.npz,bf9bf919fc8b85000b545ed663ca183a216300bfe52bc4b6b8bc94e6052f2529,90044-01-01-01,90044-01-01-01
90044-01-02-00,90044-01-02-00,4u_1746_37,4U 1746-37,4U_1746-37,NS,2004-06-15T13:42:08,True,,RXTE/PCA,PCA_OGIP_RATE43_OVERLAP_V1,data/processed/native/90044-01-02-00.npz,data/processed/native/90044-01-02-00.npz,25e841f4c21e23a1703c37bcbf7a9442e73a5d056ab485d12c00f23032c73b26,90044-01-02-00,90044-01-02-00
90044-01-02-01,90044-01-02-01,4u_1746_37,4U 1746-37,4U_1746-37,NS,2004-06-15T18:29:20,True,,RXTE/PCA,PCA_OGIP_RATE43_OVERLAP_V1,data/processed/native/90044-01-02-01.npz,data/processed/native/90044-01-02-01.npz,25e841f4c21e23a1703c37bcbf7a9442e73a5d056ab485d12c00f23032c73b26,90044-01-02-01,90044-01-02-01
90044-01-03-00,90044-01-03-00,4u_1746_37,4U 1746-37,4U_1746-37,NS,2004-08-07T16:03:44,True,,RXTE/PCA,PCA_OGIP_RATE43_OVERLAP_V1,data/processed/native/90044-01-03-00.npz,data/processed/native/90044-01-03-00.npz,628d9ad54c51763bc5ae12591424300dd401f41038d8baa2aea4eb7f27d32ac9,90044-01-03-00,90044-01-03-00
90044-01-04-00,90044-01-04-00,4u_1746_37,4U 1746-37,4U_1746-37,NS,2004-11-08T15:44:16,True,,RXTE/PCA,PCA_OGIP_RATE43_OVERLAP_V1,data/processed/native/90044-01-04-00.npz,data/processed/native/90044-01-04-00.npz,d0cb684e2f4e42b8734f2687c08bc78e82948142d82aca8c88ef259a76d17755,90044-01-04-00,90044-01-04-00
90052-03-01-00,90052-03-01-00,igr_j00291_5934,IGR J00291+5934,IGR_J00291+5934,NS,2004-12-03T06:17:20,True,,RXTE/PCA,PCA_OGIP_RATE43_OVERLAP_V1,data/processed/native/90052-03-01-00.npz,data/processed/native/90052-03-01-00.npz,5de454a7439a567bb7b72669aa263583f0bfc371dd0e76d0e436169779a85582,90052-03-01-00,90052-03-01-00
90058-04-02-00,90058-04-02-00,1a_1744_361,1A 1744-361,A1744-361,NS,2004-04-10T11:45:20,True,,RXTE/PCA,PCA_OGIP_RATE43_OVERLAP_V1,data/processed/native/90058-04-02-00.npz,data/processed/native/90058-04-02-00.npz,88df4f0fbb88539965e92db88847f14d11cbce317e89939a183e81156f2ad139,90058-04-02-00,90058-04-02-00
90058-05-01-02,90058-05-01-02,slx_1735_269,SLX 1735-269,SLX_1735-269,NS,2004-05-01T17:47:44,True,,RXTE/PCA,PCA_OGIP_RATE43_OVERLAP_V1,data/processed/native/90058-05-01-02.npz,data/processed/native/90058-05-01-02.npz,4014bacd4acef98568fe766df31b62c4699b98abecf67071e3d3f18c7f70fd10,90058-05-01-02,90058-05-01-02
90058-05-01-04,90058-05-01-04,slx_1735_269,SLX 1735-269,SLX_1735-269,NS,2004-05-02T20:34:08,True,,RXTE/PCA,PCA_OGIP_RATE43_OVERLAP_V1,data/processed/native/90058-05-01-04.npz,data/processed/native/90058-05-01-04.npz,0643468bdb603e27e16c79c4bfe75470779b596c5f0be85aa5d37b475f59fc59,90058-05-01-04,90058-05-01-04
90107-01-01-00,90107-01-01-00,v4641_sgr,V4641 Sgr,V4641_SGR,BH,2004-07-13T08:34:40,False,net_5_25_keV_recorded_rate_not_greater_than_5_count_s_PCU,RXTE/PCA,PCA_OGIP_RATE43_OVERLAP_V1,data/processed/native/90107-01-01-00.npz,data/processed/native/90107-01-01-00.npz,dfb719991e886e42e9e1633bc37f899118ab65a344382491d2d3ab15e79f0da7,90107-01-01-00,90107-01-01-00
90107-01-01-01,90107-01-01-01,v4641_sgr,V4641 Sgr,V4641_SGR,BH,2004-07-15T10:47:28,False,net_5_25_keV_recorded_rate_not_greater_than_5_count_s_PCU,RXTE/PCA,PCA_OGIP_RATE43_OVERLAP_V1,data/processed/native/90107-01-01-01.npz,data/processed/native/90107-01-01-01.npz,bacc3211596d83cd3a55a166bc8fca32896ad21c79b86c64b7e662f556a34710,90107-01-01-01,90107-01-01-01
90107-01-02-01,90107-01-02-01,v4641_sgr,V4641 Sgr,V_4641_SGR,BH,2004-07-22T18:51:28,False,net_5_25_keV_recorded_rate_not_greater_than_5_count_s_PCU,RXTE/PCA,PCA_OGIP_RATE43_OVERLAP_V1,data/processed/native/90107-01-02-01.npz,data/processed/native/90107-01-02-01.npz,1f569a0ddbe2c189cfcb744e992c397b2b6ee0cfe1ceb9992850e60c8f4e37d8,90107-01-02-01,90107-01-02-01
90107-01-03-00,90107-01-03-00,v4641_sgr,V4641 Sgr,V_4641_SGR,BH,2004-07-23T20:37:52,False,net_5_25_keV_recorded_rate_not_greater_than_5_count_s_PCU,RXTE/PCA,PCA_OGIP_RATE43_OVERLAP_V1,data/processed/native/90107-01-03-00.npz,data/processed/native/90107-01-03-00.npz,8e2b1b4fa9782de01042108d93ec8c3a75be05002ab4d366520b1951b95f923d,90107-01-03-00,90107-01-03-00
90107-01-03-01,90107-01-03-01,v4641_sgr,V4641 Sgr,V_4641_SGR,BH,2004-07-24T20:14:56,False,net_5_25_keV_recorded_rate_not_greater_than_5_count_s_PCU,RXTE/PCA,PCA_OGIP_RATE43_OVERLAP_V1,data/processed/native/90107-01-03-01.npz,data/processed/native/90107-01-03-01.npz,e8cbddeed3dd0b940eb795f47534025202d2fee67573b8591f663e71990198ac,90107-01-03-01,90107-01-03-01
90108-03-01-00,90108-03-01-00,v4641_sgr,V4641 Sgr,V4641_SGR,BH,2004-07-07T21:40:48,False,net_5_25_keV_recorded_rate_not_greater_than_5_count_s_PCU,RXTE/PCA,PCA_OGIP_RATE43_OVERLAP_V1,data/processed/native/90108-03-01-00.npz,data/processed/native/90108-03-01-00.npz,48a50a01135005d46435d6a71e6e4bae7c3408dc2c059acc9f833cedfd402e19,90108-03-01-00,90108-03-01-00
90108-03-02-00,90108-03-02-00,v4641_sgr,V4641 Sgr,V4641_SGR,BH,2004-07-08T21:16:32,False,net_5_25_keV_recorded_rate_not_greater_than_5_count_s_PCU,RXTE/PCA,PCA_OGIP_RATE43_OVERLAP_V1,data/processed/native/90108-03-02-00.npz,data/processed/native/90108-03-02-00.npz,b4005f3e18e25a76c34e6030592ab82d3715add3bdcadc6f2eb2eab291be97ed,90108-03-02-00,90108-03-02-00
90108-03-03-00,90108-03-03-00,v4641_sgr,V4641 Sgr,V4641_SGR,BH,2004-07-09T20:53:36,False,net_5_25_keV_recorded_rate_not_greater_than_5_count_s_PCU,RXTE/PCA,PCA_OGIP_RATE43_OVERLAP_V1,data/processed/native/90108-03-03-00.npz,data/processed/native/90108-03-03-00.npz,61886bf4e39791c2d55fc3fbd8636dcef559aff341aab3146ccea0f1693a77e8,90108-03-03-00,90108-03-03-00
90111-01-02-02,90111-01-02-02,xte_j1118_480,XTE J1118+480,XTE_J1118+480,BH,2005-01-21T23:39:28,True,,RXTE/PCA,PCA_OGIP_RATE43_OVERLAP_V1,data/processed/native/90111-01-02-02.npz,data/processed/native/90111-01-02-02.npz,a9d6ed8f67001e8365049fc39c8f108122f9edcee76008f1ca0666060caec965,90111-01-02-02,90111-01-02-02
90111-01-02-06,90111-01-02-06,xte_j1118_480,XTE J1118+480,XTE_J1118+480,BH,2005-01-23T16:26:24,True,,RXTE/PCA,PCA_OGIP_RATE43_OVERLAP_V1,data/processed/native/90111-01-02-06.npz,data/processed/native/90111-01-02-06.npz,42a41fd52e9627ba2038231892161f27041601da96eb1f8fd0efb3c159a31d91,90111-01-02-06,90111-01-02-06
90111-01-02-07,90111-01-02-07,xte_j1118_480,XTE J1118+480,XTE_J1118+480,BH,,False,Selected PCUs not continuously on in sampled GTIs; re-extraction required,RXTE/PCA,,,,,,
90111-01-02-11,90111-01-02-11,xte_j1118_480,XTE J1118+480,XTE_J1118+480,BH,2005-01-26T02:39:12,True,,RXTE/PCA,PCA_OGIP_RATE43_OVERLAP_V1,data/processed/native/90111-01-02-11.npz,data/processed/native/90111-01-02-11.npz,5f6ad51209a08c056a386a1fdec2a9eb178a3e0544b253dfe87ea1db5a615173,90111-01-02-11,90111-01-02-11
90111-01-03-02,90111-01-03-02,xte_j1118_480,XTE J1118+480,XTE_J1118+480,BH,2005-01-28T08:13:36,True,,RXTE/PCA,PCA_OGIP_RATE43_OVERLAP_V1,data/processed/native/90111-01-03-02.npz,data/processed/native/90111-01-03-02.npz,ff1c64ad02e47cb209e2565c3cf1f76f18d001eb42e77bba0846d7c0829a1b9c,90111-01-03-02,90111-01-03-02
90111-01-03-07,90111-01-03-07,xte_j1118_480,XTE J1118+480,XTE_J1118+480,BH,2005-01-30T10:50:08,False,net_5_25_keV_recorded_rate_not_greater_than_5_count_s_PCU,RXTE/PCA,PCA_OGIP_RATE43_OVERLAP_V1,data/processed/native/90111-01-03-07.npz,data/processed/native/90111-01-03-07.npz,dcc46ca01dc148c6281a3833a06c5b1417e76101050e2c2d40cc6f36f1683090,90111-01-03-07,90111-01-03-07
90111-01-04-01,90111-01-04-01,xte_j1118_480,XTE J1118+480,XTE_J1118+480,BH,,False,Selected PCUs not continuously on in sampled GTIs; re-extraction required,RXTE/PCA,,,,,,
90111-01-04-02,90111-01-04-02,xte_j1118_480,XTE J1118+480,XTE_J1118+480,BH,2005-02-09T07:01:36,False,net_5_25_keV_recorded_rate_not_greater_than_5_count_s_PCU,RXTE/PCA,PCA_OGIP_RATE43_OVERLAP_V1,data/processed/native/90111-01-04-02.npz,data/processed/native/90111-01-04-02.npz,521bb79ac14ac8e7db339a048af95f12ad10870d300abba00d33746157f2026a,90111-01-04-02,90111-01-04-02
90111-01-06-01,90111-01-06-01,xte_j1118_480,XTE J1118+480,XTE_J1118+480,BH,2005-02-19T16:13:52,False,net_5_25_keV_recorded_rate_not_greater_than_5_count_s_PCU,RXTE/PCA,PCA_OGIP_RATE43_OVERLAP_V1,data/processed/native/90111-01-06-01.npz,data/processed/native/90111-01-06-01.npz,f12af1a0c025a9b1dfe959934e0a469350581708a578a067247eb03dffe21bfa,90111-01-06-01,90111-01-06-01
90403-01-01-00,90403-01-01-00,aql_x_1,Aql X-1,AQL_X-1,NS,2004-02-27T08:12:16,True,,RXTE/PCA,PCA_OGIP_RATE43_OVERLAP_V1,data/processed/native/90403-01-01-00.npz,data/processed/native/90403-01-01-00.npz,ab8e1a4b3c24b7aa74a14beed3dfafc422cc815f62bbf3c1aee6bddeacffaa0f,90403-01-01-00,90403-01-01-00
90408-01-05-02,90408-01-05-02,4u_1608_522,4U 1608-522,4U1608-52,NS,,False,Missing retrieved source product,RXTE/PCA,,,,,,
90422-01-01-02,90422-01-01-02,4u_0614_09,4U 0614+09,4U_0614+09,NS,2004-10-06T19:11:28,True,,RXTE/PCA,PCA_OGIP_RATE43_OVERLAP_V1,data/processed/native/90422-01-01-02.npz,data/processed/native/90422-01-01-02.npz,5d72a53361d91abb2b0272bb40d2fe845f8a69599b7d022678869ea5e5e487e0,90422-01-01-02,90422-01-01-02
90425-01-01-13,90425-01-01-13,igr_j00291_5934,IGR J00291+5934,IGR_J00291+5934,NS,2004-12-09T16:12:32,True,,RXTE/PCA,PCA_OGIP_RATE43_OVERLAP_V1,data/processed/native/90425-01-01-13.npz,data/processed/native/90425-01-01-13.npz,d6ddaf7a7f465594e99fd2e5f33c4a79fd4104d19865f8e85eeeccedc04cb1d1,90425-01-01-13,90425-01-01-13
90425-01-02-14,90425-01-02-14,igr_j00291_5934,IGR J00291+5934,IGR_J00291+5934,NS,2004-12-12T16:31:44,True,,RXTE/PCA,PCA_OGIP_RATE43_OVERLAP_V1,data/processed/native/90425-01-02-14.npz,data/processed/native/90425-01-02-14.npz,d0f0b567939d483e477f170339ab3bbe4764b26bf01f8e6759f53ce5fb197079,90425-01-02-14,90425-01-02-14
90425-01-03-04,90425-01-03-04,igr_j00291_5934,IGR J00291+5934,IGR_J00291+5934,NS,2004-12-19T15:15:44,False,net_5_25_keV_recorded_rate_not_greater_than_5_count_s_PCU,RXTE/PCA,PCA_OGIP_RATE43_OVERLAP_V1,data/processed/native/90425-01-03-04.npz,data/processed/native/90425-01-03-04.npz,bb032bc20a0213ee493cc0a2a585275148f498c99fd6a8800b6187efac58c2e7,90425-01-03-04,90425-01-03-04
91009-01-06-00,91009-01-06-00,cyg_x_2,Cyg X-2,CYG_X-2,NS,2005-03-29T16:58:08,True,,RXTE/PCA,PCA_OGIP_RATE43_OVERLAP_V1,data/processed/native/91009-01-06-00.npz,data/processed/native/91009-01-06-00.npz,b2c89cd47d4e3af5d450085baa58de5161e1f6be4d2c782b8b8a85e6135ecdc4,91009-01-06-00,91009-01-06-00
91009-01-24-00,91009-01-24-00,cyg_x_2,Cyg X-2,CYG_X-2,NS,2005-06-26T08:00:48,True,,RXTE/PCA,PCA_OGIP_RATE43_OVERLAP_V1,data/processed/native/91009-01-24-00.npz,data/processed/native/91009-01-24-00.npz,5ae38152af8c8940827aa58a93920afac7f043a76099259a609583978896ee93,91009-01-24-00,91009-01-24-00
91009-01-38-00,91009-01-38-00,cyg_x_2,Cyg X-2,CYG_X-2,NS,2005-09-03T05:03:44,True,,RXTE/PCA,PCA_OGIP_RATE43_OVERLAP_V1,data/processed/native/91009-01-38-00.npz,data/processed/native/91009-01-38-00.npz,ebe3dfc5c2f78cde6ed07499798a251606a97556219f2fb9098cf7b3742537ee,91009-01-38-00,91009-01-38-00
91010-01-01-05,91010-01-01-05,cyg_x_2,Cyg X-2,CYG_X-2,NS,2005-05-21T01:57:04,True,,RXTE/PCA,PCA_OGIP_RATE43_OVERLAP_V1,data/processed/native/91010-01-01-05.npz,data/processed/native/91010-01-01-05.npz,1b2ca072b4ce7a88f63eb7927639b21c748443d343326a22a9418478b7b82e05,91010-01-01-05,91010-01-01-05
91015-01-01-00,91015-01-01-00,hete_j1900_1_2455,HETE J1900.1-2455,HETE_J1900.1-2455,NS,2005-06-16T01:25:36,True,,RXTE/PCA,PCA_OGIP_RATE43_OVERLAP_V1,data/processed/native/91015-01-01-00.npz,data/processed/native/91015-01-01-00.npz,702c95a148e618c9f1a7c4520851269ca63923785843e666f9a6e35d7a63a245,91015-01-01-00,91015-01-01-00
91015-01-04-07,91015-01-04-07,hete_j1900_1_2455,HETE J1900.1-2455,HETE_J1900.1-2455,NS,2005-06-25T08:23:28,True,,RXTE/PCA,PCA_OGIP_RATE43_OVERLAP_V1,data/processed/native/91015-01-04-07.npz,data/processed/native/91015-01-04-07.npz,fb400707efaa38ecf8d280f33b26a7e01e075a4e492a37811c6e0a0855689e40,91015-01-04-07,91015-01-04-07
91015-01-07-01,91015-01-07-01,hete_j1900_1_2455,HETE J1900.1-2455,HETE_J1900.1-2455,NS,2005-07-16T15:29:36,True,,RXTE/PCA,PCA_OGIP_RATE43_OVERLAP_V1,data/processed/native/91015-01-07-01.npz,data/processed/native/91015-01-07-01.npz,b5eac8ea6b4a50d95fd549043522cb0135d6b30038233c0e43f18c5af92f930e,91015-01-07-01,91015-01-07-01
91023-01-02-00,91023-01-02-00,4u_1728_34,4U 1728-34,4U_1728-34,NS,2005-04-05T04:22:40,True,,RXTE/PCA,PCA_OGIP_RATE43_OVERLAP_V1,data/processed/native/91023-01-02-00.npz,data/processed/native/91023-01-02-00.npz,7558f7e677fd68800f0b311e8b7125e1133c58204dea2f441c3f2de8f0f2f8a4,91023-01-02-00,91023-01-02-00
91024-01-07-10,91024-01-07-10,4u_1636_536,4U 1636-536,4U_1636-536,NS,2005-09-29T11:56:32,True,,RXTE/PCA,PCA_OGIP_RATE43_OVERLAP_V1,data/processed/native/91024-01-07-10.npz,data/processed/native/91024-01-07-10.npz,aff55a72741d448e835302774609760e16b7ad2a6b2a55df79aefb8ad1dcb0ee,91024-01-07-10,91024-01-07-10
91024-01-13-00,91024-01-13-00,4u_1636_536,4U 1636-536,4U_1636-536,NS,2005-03-30T00:38:24,True,,RXTE/PCA,PCA_OGIP_RATE43_OVERLAP_V1,data/processed/native/91024-01-13-00.npz,data/processed/native/91024-01-13-00.npz,24504e5c7c2d136d7e620ecf31ffccd7901f945dc62c3ede51de487c7fa66b72,91024-01-13-00,91024-01-13-00
91024-01-53-10,91024-01-53-10,4u_1636_536,4U 1636-536,4U_1636-536,NS,2005-12-30T03:33:52,True,,RXTE/PCA,PCA_OGIP_RATE43_OVERLAP_V1,data/processed/native/91024-01-53-10.npz,data/processed/native/91024-01-53-10.npz,0d6650dbad15a0d042910bf44fdf1fb1ae96e5df4c70a677dbcf8dee609f5016,91024-01-53-10,91024-01-53-10
91024-01-62-00,91024-01-62-00,4u_1636_536,4U 1636-536,4U_1636-536,NS,2005-07-05T15:13:04,True,,RXTE/PCA,PCA_OGIP_RATE43_OVERLAP_V1,data/processed/native/91024-01-62-00.npz,data/processed/native/91024-01-62-00.npz,1a260a75e5c7cb1b7dacd09df434ebc11b19bb028d23d1272d12615698a08e27,91024-01-62-00,91024-01-62-00
91024-01-85-10,91024-01-85-10,4u_1636_536,4U 1636-536,4U_1636-536,NS,2007-03-11T16:54:24,True,,RXTE/PCA,PCA_OGIP_RATE43_OVERLAP_V1,data/processed/native/91024-01-85-10.npz,data/processed/native/91024-01-85-10.npz,9aaed663809b04550917c656a9ae14ef120acddb853fb645e26c824c2a378c69,91024-01-85-10,91024-01-85-10
91025-01-01-02,91025-01-01-02,4u_1735_444,4U 1735-444,4U_1735-44,NS,,False,Selected PCUs not continuously on in sampled GTIs; re-extraction required,RXTE/PCA,,,,,,
91025-01-01-09,91025-01-01-09,4u_1735_444,4U 1735-444,4U_1735-44,NS,2006-08-28T00:03:28,True,,RXTE/PCA,PCA_OGIP_RATE43_OVERLAP_V1,data/processed/native/91025-01-01-09.npz,data/processed/native/91025-01-01-09.npz,18bb85f883295a8b5c4bc389701a4e0b421084c4b38e02326e320022c2dcd55e,91025-01-01-09,91025-01-01-09
91025-01-04-01,91025-01-04-01,4u_1735_444,4U 1735-444,4U_1735-44,NS,2007-01-19T00:02:24,True,,RXTE/PCA,PCA_OGIP_RATE43_OVERLAP_V1,data/processed/native/91025-01-04-01.npz,data/processed/native/91025-01-04-01.npz,1c09b416dae8137b5de19ab85e4f99f9b63c0562143a5c9be71cc5c6b06c2a7e,91025-01-04-01,91025-01-04-01
91025-01-04-06,91025-01-04-06,4u_1735_444,4U 1735-444,4U_1735-44,NS,2007-01-22T16:08:16,True,,RXTE/PCA,PCA_OGIP_RATE43_OVERLAP_V1,data/processed/native/91025-01-04-06.npz,data/processed/native/91025-01-04-06.npz,7f20aeb015672bab015c01669ba3d94d82ae2aab451d12ef31c1b9ea8c4e7118,91025-01-04-06,91025-01-04-06
91025-01-05-06,91025-01-05-06,4u_1735_444,4U 1735-444,4U_1735-44,NS,2007-06-30T16:09:52,True,,RXTE/PCA,PCA_OGIP_RATE43_OVERLAP_V1,data/processed/native/91025-01-05-06.npz,data/processed/native/91025-01-05-06.npz,24a0f68ee2331957557e07a023df2e4a7587cf7eb36b679b11dd12e531503a89,91025-01-05-06,91025-01-05-06
91025-01-06-05,91025-01-06-05,4u_1735_444,4U 1735-444,4U_1735-44,NS,2007-06-27T20:36:00,True,,RXTE/PCA,PCA_OGIP_RATE43_OVERLAP_V1,data/processed/native/91025-01-06-05.npz,data/processed/native/91025-01-06-05.npz,4ed7f5008912ed0f12009a2fa71926ffc8b113f577dd3f5daa3ad1d0aa81862d,91025-01-06-05,91025-01-06-05
91025-01-08-04,91025-01-08-04,4u_1735_444,4U 1735-444,4U_1735-44,NS,2007-10-25T04:18:56,True,,RXTE/PCA,PCA_OGIP_RATE43_OVERLAP_V1,data/processed/native/91025-01-08-04.npz,data/processed/native/91025-01-08-04.npz,908af72d417fd3f9fa76781b975a2842d4a3b39b36f247e43614853023226066,91025-01-08-04,91025-01-08-04
91025-01-08-05,91025-01-08-05,4u_1735_444,4U 1735-444,4U_1735-44,NS,2007-10-21T23:25:52,True,,RXTE/PCA,PCA_OGIP_RATE43_OVERLAP_V1,data/processed/native/91025-01-08-05.npz,data/processed/native/91025-01-08-05.npz,9b42b7679b90d12c21caf1bd216dd20ff1999acfb62766d49a263d9c6b4a4d24,91025-01-08-05,91025-01-08-05
91025-01-09-01,91025-01-09-01,4u_1735_444,4U 1735-444,4U_1735-44,NS,2008-01-11T00:21:36,True,,RXTE/PCA,PCA_OGIP_RATE43_OVERLAP_V1,data/processed/native/91025-01-09-01.npz,data/processed/native/91025-01-09-01.npz,5489124df83aeeab17cf3ad2c57ff5fad46b79edf4a1792235e355c3ff2b3da5,91025-01-09-01,91025-01-09-01
91025-01-09-07,91025-01-09-07,4u_1735_444,4U 1735-444,4U_1735-44,NS,2008-01-13T00:32:16,True,,RXTE/PCA,PCA_OGIP_RATE43_OVERLAP_V1,data/processed/native/91025-01-09-07.npz,data/processed/native/91025-01-09-07.npz,0d388188e124be4bd0c9926544c7011a49156b08894f75e487f38bd402b5bd10,91025-01-09-07,91025-01-09-07
91025-01-09-18,91025-01-09-18,4u_1735_444,4U 1735-444,4U_1735-44,NS,2008-01-14T11:56:48,True,,RXTE/PCA,PCA_OGIP_RATE43_OVERLAP_V1,data/processed/native/91025-01-09-18.npz,data/processed/native/91025-01-09-18.npz,4abcd5dad8f41cf9f3c7e57cbdf627d25f60dc8f854f3102aaed5445b587275f,91025-01-09-18,91025-01-09-18
91025-01-10-01,91025-01-10-01,4u_1735_444,4U 1735-444,4U_1735-44,NS,2008-09-18T21:59:28,True,,RXTE/PCA,PCA_OGIP_RATE43_OVERLAP_V1,data/processed/native/91025-01-10-01.npz,data/processed/native/91025-01-10-01.npz,138ddc5fa26e5a29b83811a353fc21e68147d5c171f82c3ca8456edd1680e7b9,91025-01-10-01,91025-01-10-01
91025-01-11-10,91025-01-11-10,4u_1735_444,4U 1735-444,4U_1735-44,NS,2008-09-21T13:36:32,True,,RXTE/PCA,PCA_OGIP_RATE43_OVERLAP_V1,data/processed/native/91025-01-11-10.npz,data/processed/native/91025-01-11-10.npz,4a2c194d3eea7793bfc609f556d4df56def4ba59c84dfffc176464eabb22d83d,91025-01-11-10,91025-01-11-10
91025-01-12-00,91025-01-12-00,4u_1735_444,4U 1735-444,4U_1735-44,NS,2008-11-16T22:45:20,True,,RXTE/PCA,PCA_OGIP_RATE43_OVERLAP_V1,data/processed/native/91025-01-12-00.npz,data/processed/native/91025-01-12-00.npz,a47b8cefd2430a270cc10ac629ae5abf0e6da9d7445a928bf359fa66ac9baee0,91025-01-12-00,91025-01-12-00
91025-01-13-10,91025-01-13-10,4u_1735_444,4U 1735-444,4U_1735-44,NS,2008-11-04T17:20:48,True,,RXTE/PCA,PCA_OGIP_RATE43_OVERLAP_V1,data/processed/native/91025-01-13-10.npz,data/processed/native/91025-01-13-10.npz,a5c031bc73f91a449223dc803584fcf9d0bc3fda8e366e08647fafc56a7eaf4a,91025-01-13-10,91025-01-13-10
91025-01-16-09,91025-01-16-09,4u_1735_444,4U 1735-444,4U_1735-44,NS,2010-01-10T21:48:32,True,,RXTE/PCA,PCA_OGIP_RATE43_OVERLAP_V1,data/processed/native/91025-01-16-09.npz,data/processed/native/91025-01-16-09.npz,c03a2f7c172171e49113646ec6e583844f1f3c2c31ec84123bc4be0c378aa5fe,91025-01-16-09,91025-01-16-09
91028-01-01-00,91028-01-01-00,aql_x_1,Aql X-1,AQL_X-1,NS,2005-04-04T00:08:32,True,,RXTE/PCA,PCA_OGIP_RATE43_OVERLAP_V1,data/processed/native/91028-01-01-00.npz,data/processed/native/91028-01-01-00.npz,0e20739bc4551b5d6b761ebee4397479dab56393fbec2dd5b0316d72a69c671b,91028-01-01-00,91028-01-01-00
91028-01-22-00,91028-01-22-00,aql_x_1,Aql X-1,AQL_X-1,NS,2005-04-18T00:51:28,True,,RXTE/PCA,PCA_OGIP_RATE43_OVERLAP_V1,data/processed/native/91028-01-22-00.npz,data/processed/native/91028-01-22-00.npz,017c55d9bb2b6405ade5a292abbf0f0a124ceb09b763d1f63e8043a391947564,91028-01-22-00,91028-01-22-00
91037-15-01-00,91037-15-01-00,4u_1746_37,4U 1746-37,4U_1746-37,NS,2005-07-04T02:42:24,True,,RXTE/PCA,PCA_OGIP_RATE43_OVERLAP_V1,data/processed/native/91037-15-01-00.npz,data/processed/native/91037-15-01-00.npz,ee2859902fb50fdc51d782e7cf9b7b3652712f1620c0555e54460a593605cf44,91037-15-01-00,91037-15-01-00
91039-01-01-10,91039-01-01-10,4u_1705_44,4U 1705-44,4U_1705-44,NS,2005-05-27T02:56:16,True,,RXTE/PCA,PCA_OGIP_RATE43_OVERLAP_V1,data/processed/native/91039-01-01-10.npz,data/processed/native/91039-01-01-10.npz,0617efece89b1c2c3db49047c84c6c6bbbe83716c4680ebcb85bb78a55304904,91039-01-01-10,91039-01-01-10
91039-01-01-50,91039-01-01-50,4u_1705_44,4U 1705-44,4U_1705-44,NS,2005-06-24T23:11:28,True,,RXTE/PCA,PCA_OGIP_RATE43_OVERLAP_V1,data/processed/native/91039-01-01-50.npz,data/processed/native/91039-01-01-50.npz,a94fbdeb62ea5f78dae25ed4908fc7d2e8075022e08218fecb2c07c2b598ac7d,91039-01-01-50,91039-01-01-50
91039-01-02-30,91039-01-02-30,4u_1705_44,4U 1705-44,4U_1705-44,NS,2005-10-07T13:23:28,True,,RXTE/PCA,PCA_OGIP_RATE43_OVERLAP_V1,data/processed/native/91039-01-02-30.npz,data/processed/native/91039-01-02-30.npz,d9a818bb90ff5e7797d7c34c63c6c3f9dfb3ad033105f85aa267869092a78ba3,91039-01-02-30,91039-01-02-30
91039-01-02-61,91039-01-02-61,4u_1705_44,4U 1705-44,4U_1705-44,NS,2005-10-31T22:03:44,True,,RXTE/PCA,PCA_OGIP_RATE43_OVERLAP_V1,data/processed/native/91039-01-02-61.npz,data/processed/native/91039-01-02-61.npz,3675fe900fea5024e4158b9ce6470fccbf8099cafc997970b704d857b0aa4869,91039-01-02-61,91039-01-02-61
91039-01-03-33,91039-01-03-33,4u_1705_44,4U 1705-44,4U_1705-44,NS,2006-11-09T08:32:32,True,,RXTE/PCA,PCA_OGIP_RATE43_OVERLAP_V1,data/processed/native/91039-01-03-33.npz,data/processed/native/91039-01-03-33.npz,033ed6eef8655d7a64759d1b518e9eaabff9004bb865dc778db8463137f7661f,91039-01-03-33,91039-01-03-33
91050-05-02-00,91050-05-02-00,1a_1744_361,1A 1744-361,A1744-36,NS,2005-07-19T20:25:04,True,,RXTE/PCA,PCA_OGIP_RATE43_OVERLAP_V1,data/processed/native/91050-05-02-00.npz,data/processed/native/91050-05-02-00.npz,f3369cc5b0bf802cfa3304cf36b7fb1f6320f6381ee7294c5f07147a44fc0a93,91050-05-02-00,91050-05-02-00
91050-05-03-00,91050-05-03-00,1a_1744_361,1A 1744-361,A1744-36,NS,2005-07-20T18:27:28,True,,RXTE/PCA,PCA_OGIP_RATE43_OVERLAP_V1,data/processed/native/91050-05-03-00.npz,data/processed/native/91050-05-03-00.npz,62d1861f173b5e674c000ad2e7a2d02da75e0f215eda4060b07b0d22361f83d0,91050-05-03-00,91050-05-03-00
91050-05-05-00,91050-05-05-00,1a_1744_361,1A 1744-361,A1744-36,NS,2006-04-15T22:19:12,False,net_5_25_keV_recorded_rate_not_greater_than_5_count_s_PCU,RXTE/PCA,PCA_OGIP_RATE43_OVERLAP_V1,data/processed/native/91050-05-05-00.npz,data/processed/native/91050-05-05-00.npz,2f9eca470b6fef7b476863505b55174e609a3fa525d95ff3068a077181b6c99d,91050-05-05-00,91050-05-05-00
91056-01-02-01,91056-01-02-01,sax_j1808_4_3658,SAX J1808.4-3658,SAX_J1808.4-3658,NS,2005-06-03T17:02:56,True,,RXTE/PCA,PCA_OGIP_RATE43_OVERLAP_V1,data/processed/native/91056-01-02-01.npz,data/processed/native/91056-01-02-01.npz,15a3215c75387f366228593b517b41f362430d649e88a808791a5bc02f217eaf,91056-01-02-01,91056-01-02-01
91056-01-03-09,91056-01-03-09,sax_j1808_4_3658,SAX J1808.4-3658,SAX_J1808.4-3658,NS,2005-06-15T12:08:16,True,,RXTE/PCA,PCA_OGIP_RATE43_OVERLAP_V1,data/processed/native/91056-01-03-09.npz,data/processed/native/91056-01-03-09.npz,b738c3e4e18cc04cff95dcc5ea31d834b2869a6d87878466e33163dbf4206cd3,91056-01-03-09,91056-01-03-09
91057-01-03-01,91057-01-03-01,hete_j1900_1_2455,HETE J1900.1-2455,HETE_J1900.1-2455,NS,2005-08-22T09:08:32,True,,RXTE/PCA,PCA_OGIP_RATE43_OVERLAP_V1,data/processed/native/91057-01-03-01.npz,data/processed/native/91057-01-03-01.npz,4ca534613bcf2b4e4afc705e23488b816ec232d67d0761967179c80daf24e4d1,91057-01-03-01,91057-01-03-01
91057-01-05-04,91057-01-05-04,hete_j1900_1_2455,HETE J1900.1-2455,HETE_J1900.1-2455,NS,2005-09-08T17:05:20,True,,RXTE/PCA,PCA_OGIP_RATE43_OVERLAP_V1,data/processed/native/91057-01-05-04.npz,data/processed/native/91057-01-05-04.npz,be9d3da60c1294ebf1b673886cdcafc0fe7c47cbc1c2574b31bacab720565f58,91057-01-05-04,91057-01-05-04
91057-01-08-00,91057-01-08-00,hete_j1900_1_2455,HETE J1900.1-2455,HETE_J1900.1-2455,NS,2005-09-23T14:31:44,True,,RXTE/PCA,PCA_OGIP_RATE43_OVERLAP_V1,data/processed/native/91057-01-08-00.npz,data/processed/native/91057-01-08-00.npz,b1f8c2ff6021ffef338c5b896b73361e4fba7df302d99601399ab364e9cd40a6,91057-01-08-00,91057-01-08-00
91057-01-11-00,91057-01-11-00,hete_j1900_1_2455,HETE J1900.1-2455,HETE_J1900.1-2455,NS,2005-10-18T06:57:36,True,,RXTE/PCA,PCA_OGIP_RATE43_OVERLAP_V1,data/processed/native/91057-01-11-00.npz,data/processed/native/91057-01-11-00.npz,96fc4fe68d5efd4f5d8ad0b78b2f8aa14d1d27c5cb6f5d26672b922033953441,91057-01-11-00,91057-01-11-00
91059-03-03-00,91059-03-03-00,hete_j1900_1_2455,HETE J1900.1-2455,HETE_J1900.1-2455,NS,2005-07-29T16:39:28,True,,RXTE/PCA,PCA_OGIP_RATE43_OVERLAP_V1,data/processed/native/91059-03-03-00.npz,data/processed/native/91059-03-03-00.npz,1eb0d7cf8cfb7beb71ba2ff603fb5d60fda3a2546e6b7a4df1afd68d4f8c027d,91059-03-03-00,91059-03-03-00
91105-04-08-00,91105-04-08-00,gx_339_4,GX 339-4,GX_339-4,BH,2005-03-26T19:50:40,True,,RXTE/PCA,PCA_OGIP_RATE43_OVERLAP_V1,data/processed/native/91105-04-08-00.npz,data/processed/native/91105-04-08-00.npz,688b969ad8dc11785bef3fa9ce39034954d1810ff306c34fba1813bd6ee894b1,91105-04-08-00,91105-04-08-00
91105-04-27-00,91105-04-27-00,gx_339_4,GX 339-4,GX_339-4,BH,2005-06-05T01:03:28,False,net_5_25_keV_recorded_rate_not_greater_than_5_count_s_PCU,RXTE/PCA,PCA_OGIP_RATE43_OVERLAP_V1,data/processed/native/91105-04-27-00.npz,data/processed/native/91105-04-27-00.npz,61058f22c878b46fd91fa1e002c69642b714e97a1e511c8bdae5f05fd7402e2a,91105-04-27-00,91105-04-27-00
91105-04-70-00,91105-04-70-00,gx_339_4,GX 339-4,GX_339-4,BH,2005-11-01T23:32:48,False,net_5_25_keV_recorded_rate_not_greater_than_5_count_s_PCU,RXTE/PCA,PCA_OGIP_RATE43_OVERLAP_V1,data/processed/native/91105-04-70-00.npz,data/processed/native/91105-04-70-00.npz,9bb1fa96b80d5ac2b0c4d37fc71abbf99ee89aaa6baa218696d336f56d0da52d,91105-04-70-00,91105-04-70-00
91152-06-01-10,91152-06-01-10,4u_1735_444,4U 1735-444,4U_1735-44,NS,2006-08-18T00:02:24,True,,RXTE/PCA,PCA_OGIP_RATE43_OVERLAP_V1,data/processed/native/91152-06-01-10.npz,data/processed/native/91152-06-01-10.npz,ac5f44996fa466b54fd20a3e9476d3d91f13a185d42dc4ef425a5dc94d249fc3,91152-06-01-10,91152-06-01-10
91152-06-02-00,91152-06-02-00,4u_1735_444,4U 1735-444,4U_1735-44,NS,2007-03-15T13:47:12,True,,RXTE/PCA,PCA_OGIP_RATE43_OVERLAP_V1,data/processed/native/91152-06-02-00.npz,data/processed/native/91152-06-02-00.npz,0084284bd65be092a220e2673783e20101e5081d997e589cc02e017cf48f8a51,91152-06-02-00,91152-06-02-00
91405-01-10-02,91405-01-10-02,4u_1608_522,4U 1608-522,4U1608-52,NS,,False,Selected PCUs not continuously on in sampled GTIs; re-extraction required,RXTE/PCA,,,,,,
91405-01-27-00,91405-01-27-00,4u_1608_522,4U 1608-522,4U1608-52,NS,2005-09-10T02:17:36,True,,RXTE/PCA,PCA_OGIP_RATE43_OVERLAP_V1,data/processed/native/91405-01-27-00.npz,data/processed/native/91405-01-27-00.npz,7b0a7c8b720b1c6afe4bdec3c09e559447499f42c9f8f6662ec81fc38ad2a481,91405-01-27-00,91405-01-27-00
91405-01-41-00,91405-01-41-00,4u_1608_522,4U 1608-522,4U1608-52,NS,2005-12-16T20:00:32,True,,RXTE/PCA,PCA_OGIP_RATE43_OVERLAP_V1,data/processed/native/91405-01-41-00.npz,data/processed/native/91405-01-41-00.npz,303882bb6c5db5cdf749bbc7211b734038fdef41ca6df0238d79df99e32bc91c,91405-01-41-00,91405-01-41-00
91414-01-05-00,91414-01-05-00,aql_x_1,Aql X-1,AQL_X-1,NS,2005-10-16T07:49:36,False,net_5_25_keV_recorded_rate_not_greater_than_5_count_s_PCU,RXTE/PCA,PCA_OGIP_RATE43_OVERLAP_V1,data/processed/native/91414-01-05-00.npz,data/processed/native/91414-01-05-00.npz,a00100c7860ebb8d0fe4589d0144b75fa56b9560b37dc7d32ea531413941cfda,91414-01-05-00,91414-01-05-00
91414-01-09-07,91414-01-09-07,aql_x_1,Aql X-1,AQL_X-1,NS,2005-12-17T20:13:52,True,,RXTE/PCA,PCA_OGIP_RATE43_OVERLAP_V1,data/processed/native/91414-01-09-07.npz,data/processed/native/91414-01-09-07.npz,d294ee438c0a6d05d2a2899f701db6eeafff47292ebf4984f4bc6d7fd708f94a,91414-01-09-07,91414-01-09-07
91418-01-03-01,91418-01-03-01,sax_j1808_4_3658,SAX J1808.4-3658,SAX_J1808.4-3658,NS,2005-07-02T19:47:28,True,,RXTE/PCA,PCA_OGIP_RATE43_OVERLAP_V1,data/processed/native/91418-01-03-01.npz,data/processed/native/91418-01-03-01.npz,459b1f94641a0e1a4853b054a0fb03004ef65876dfc818ba912fd06f8d02f694,91418-01-03-01,91418-01-03-01
91418-01-06-03,91418-01-06-03,sax_j1808_4_3658,SAX J1808.4-3658,SAX_J1808.4-3658,NS,2005-07-27T09:49:20,False,net_5_25_keV_recorded_rate_not_greater_than_5_count_s_PCU,RXTE/PCA,PCA_OGIP_RATE43_OVERLAP_V1,data/processed/native/91418-01-06-03.npz,data/processed/native/91418-01-06-03.npz,40832e0d316de518c19a5f939b5a14ab7745b16bf3732499f9923f8734a30f0f,91418-01-06-03,91418-01-06-03
91422-01-01-00,91422-01-01-00,v4641_sgr,V4641 Sgr,V4641_SGR,BH,2005-06-25T08:03:28,True,,RXTE/PCA,PCA_OGIP_RATE43_OVERLAP_V1,data/processed/native/91422-01-01-00.npz,data/processed/native/91422-01-01-00.npz,fb400707efaa38ecf8d280f33b26a7e01e075a4e492a37811c6e0a0855689e40,91422-01-01-00,91422-01-01-00
91422-01-01-02,91422-01-01-02,v4641_sgr,V4641 Sgr,V4641_SGR,BH,2005-06-27T11:59:44,False,net_5_25_keV_recorded_rate_not_greater_than_5_count_s_PCU,RXTE/PCA,PCA_OGIP_RATE43_OVERLAP_V1,data/processed/native/91422-01-01-02.npz,data/processed/native/91422-01-01-02.npz,2d78e79c1d488c09d668ba8972a90f0f974b9015e49d77863fb8e8384f2dc64b,91422-01-01-02,91422-01-01-02
91422-01-01-03,91422-01-01-03,v4641_sgr,V4641 Sgr,V4641_SGR,BH,2005-06-29T12:46:24,False,net_5_25_keV_recorded_rate_not_greater_than_5_count_s_PCU,RXTE/PCA,PCA_OGIP_RATE43_OVERLAP_V1,data/processed/native/91422-01-01-03.npz,data/processed/native/91422-01-01-03.npz,6aa4c72e0d85e16ebc35b28b8825b6fc7baa4fe63e539ad004f0f02c1f39c93b,91422-01-01-03,91422-01-01-03
91425-01-04-02,91425-01-04-02,4u_0614_09,4U 0614+09,4U_0614+09,NS,2005-11-15T12:04:32,True,,RXTE/PCA,PCA_OGIP_RATE43_OVERLAP_V1,data/processed/native/91425-01-04-02.npz,data/processed/native/91425-01-04-02.npz,cfac630fc6759fa50f1203440d42a781ee2c6067d4efaca60b3689b886ee76e4,91425-01-04-02,91425-01-04-02
92023-01-42-10,92023-01-42-10,4u_1636_536,4U 1636-536,4U_1636-53,NS,2006-12-07T12:49:36,True,,RXTE/PCA,PCA_OGIP_RATE43_OVERLAP_V1,data/processed/native/92023-01-42-10.npz,data/processed/native/92023-01-42-10.npz,10ea00d2a19980f59cc580aaa56161945f328b73fc5c50e94ae41742e3f835b7,92023-01-42-10,92023-01-42-10
92023-01-43-00,92023-01-43-00,4u_1636_536,4U 1636-536,4U_1636-53,NS,2006-05-27T11:04:32,True,,RXTE/PCA,PCA_OGIP_RATE43_OVERLAP_V1,data/processed/native/92023-01-43-00.npz,data/processed/native/92023-01-43-00.npz,8cfb4f720ab94d65da7d78c91cb8cd8b03d8b1d8cf1199e2b4b471f4b5f1467b,92023-01-43-00,92023-01-43-00
92023-01-93-00,92023-01-93-00,4u_1636_536,4U 1636-536,4U_1636-53,NS,2006-09-04T11:13:36,True,,RXTE/PCA,PCA_OGIP_RATE43_OVERLAP_V1,data/processed/native/92023-01-93-00.npz,data/processed/native/92023-01-93-00.npz,9e0988bead128b07652cc25d7c6250498e0d47980d64e75a6edd84e8a3af8fed,92023-01-93-00,92023-01-93-00
92023-01-94-10,92023-01-94-10,4u_1636_536,4U 1636-536,4U_1636-53,NS,2007-06-19T07:57:36,True,,RXTE/PCA,PCA_OGIP_RATE43_OVERLAP_V1,data/processed/native/92023-01-94-10.npz,data/processed/native/92023-01-94-10.npz,02ddd4e63970c80700bed40cd7d1b408b2b26e3e67e8dae27a0ddf7998bb8b6e,92023-01-94-10,92023-01-94-10
92023-02-08-00,92023-02-08-00,4u_1636_536,4U 1636-536,4U_1636-53,NS,2006-03-17T00:02:40,True,,RXTE/PCA,PCA_OGIP_RATE43_OVERLAP_V1,data/processed/native/92023-02-08-00.npz,data/processed/native/92023-02-08-00.npz,dfcab337c0aeb8d856f5bb6cd4b654b2bd7b173512aa53b7b3be05a7b29b72a7,92023-02-08-00,92023-02-08-00
92023-03-07-00,92023-03-07-00,4u_1728_34,4U 1728-34,4U_1728-34,NS,2006-03-16T05:20:48,True,,RXTE/PCA,PCA_OGIP_RATE43_OVERLAP_V1,data/processed/native/92023-03-07-00.npz,data/processed/native/92023-03-07-00.npz,10dae717669b1547567f788936072a87a22bb9726bf73060dbb88e9e06824d50,92023-03-07-00,92023-03-07-00
92023-03-09-10,92023-03-09-10,4u_1728_34,4U 1728-34,4U_1728-34,NS,2006-10-02T10:26:56,True,,RXTE/PCA,PCA_OGIP_RATE43_OVERLAP_V1,data/processed/native/92023-03-09-10.npz,data/processed/native/92023-03-09-10.npz,fed7d58eec71f132132e05d45d0422bbfd25182ccfaa685696aa3e60ed8eb6ff,92023-03-09-10,92023-03-09-10
92023-03-22-00,92023-03-22-00,4u_1728_34,4U 1728-34,4U_1728-34,NS,2006-04-15T14:35:12,True,,RXTE/PCA,PCA_OGIP_RATE43_OVERLAP_V1,data/processed/native/92023-03-22-00.npz,data/processed/native/92023-03-22-00.npz,b3c2a87dd8cd5d4051c98de2a94c914fbdb99610bf3099f810860ce6b1359a3f,92023-03-22-00,92023-03-22-00
92023-03-22-10,92023-03-22-10,4u_1728_34,4U 1728-34,4U_1728-34,NS,2006-10-28T02:34:08,True,,RXTE/PCA,PCA_OGIP_RATE43_OVERLAP_V1,data/processed/native/92023-03-22-10.npz,data/processed/native/92023-03-22-10.npz,a81417d6a32f7ccdddca5c8eb4f8ed3c04ba3acc08428e16d7d6fe8505bade1b,92023-03-22-10,92023-03-22-10
92023-03-33-00,92023-03-33-00,4u_1728_34,4U 1728-34,4U_1728-34,NS,2006-05-07T02:23:44,True,,RXTE/PCA,PCA_OGIP_RATE43_OVERLAP_V1,data/processed/native/92023-03-33-00.npz,data/processed/native/92023-03-33-00.npz,5bc750c4bfd387d3985d30472a378b6c016a969dec02d9232388f2ed5647d553,92023-03-33-00,92023-03-33-00
92023-03-33-10,92023-03-33-10,4u_1728_34,4U 1728-34,4U_1728-34,NS,2007-01-18T06:44:32,True,,RXTE/PCA,PCA_OGIP_RATE43_OVERLAP_V1,data/processed/native/92023-03-33-10.npz,data/processed/native/92023-03-33-10.npz,01ea896c2ee192909969b7f007b7d0a3250188b8dfe9beebd9d852432988d681,92023-03-33-10,92023-03-33-10
92023-03-46-10,92023-03-46-10,4u_1728_34,4U 1728-34,4U_1728-34,NS,2007-02-13T01:36:48,True,,RXTE/PCA,PCA_OGIP_RATE43_OVERLAP_V1,data/processed/native/92023-03-46-10.npz,data/processed/native/92023-03-46-10.npz,757c30ef8fc548ff3d3a820c40858938cae6cac782927e8c1a56bb0368db9393,92023-03-46-10,92023-03-46-10
92023-03-47-00,92023-03-47-00,4u_1728_34,4U 1728-34,4U_1728-34,NS,2007-03-13T13:13:52,True,,RXTE/PCA,PCA_OGIP_RATE43_OVERLAP_V1,data/processed/native/92023-03-47-00.npz,data/processed/native/92023-03-47-00.npz,8a2d24eeb16b3542301485812f62a4da4b9c9f5dfd2a0d2bcbf977c8c8213793,92023-03-47-00,92023-03-47-00
92023-03-52-00,92023-03-52-00,4u_1728_34,4U 1728-34,4U_1728-34,NS,2006-06-14T17:49:52,True,,RXTE/PCA,PCA_OGIP_RATE43_OVERLAP_V1,data/processed/native/92023-03-52-00.npz,data/processed/native/92023-03-52-00.npz,b9e0948a50eec701a1356c57d5ab846edee530b810040d9b47624677fa07866f,92023-03-52-00,92023-03-52-00
92023-03-59-10,92023-03-59-10,4u_1728_34,4U 1728-34,4U_1728-34,NS,2007-04-04T13:02:08,True,,RXTE/PCA,PCA_OGIP_RATE43_OVERLAP_V1,data/processed/native/92023-03-59-10.npz,data/processed/native/92023-03-59-10.npz,15f88e82b387af093cdc0b8025160b25e566d377bb0d84de7ba3e6138e1f112f,92023-03-59-10,92023-03-59-10
92023-03-68-00,92023-03-68-00,4u_1728_34,4U 1728-34,4U_1728-34,NS,2007-05-02T10:31:12,True,,RXTE/PCA,PCA_OGIP_RATE43_OVERLAP_V1,data/processed/native/92023-03-68-00.npz,data/processed/native/92023-03-68-00.npz,750ccf94e2e5636509b3b2eec89318ebf23b62e69071b1525af62296bcd21179,92023-03-68-00,92023-03-68-00
92023-03-74-10,92023-03-74-10,4u_1728_34,4U 1728-34,4U_1728-34,NS,2007-05-30T12:39:44,True,,RXTE/PCA,PCA_OGIP_RATE43_OVERLAP_V1,data/processed/native/92023-03-74-10.npz,data/processed/native/92023-03-74-10.npz,7eac75bd63d0d84538fd326f10388754a9609dd0f0c0b4fa41b542b4c10d953d,92023-03-74-10,92023-03-74-10
92023-03-81-00,92023-03-81-00,4u_1728_34,4U 1728-34,4U_1728-34,NS,2006-08-11T10:20:32,True,,RXTE/PCA,PCA_OGIP_RATE43_OVERLAP_V1,data/processed/native/92023-03-81-00.npz,data/processed/native/92023-03-81-00.npz,1d1ebd2f05e4b0399c4dfe22a2fb9f29ccbf4a31d0754f076106502f9bd97322,92023-03-81-00,92023-03-81-00
92023-03-88-10,92023-03-88-10,4u_1728_34,4U 1728-34,4U_1728-34,NS,2007-06-27T17:24:00,True,,RXTE/PCA,PCA_OGIP_RATE43_OVERLAP_V1,data/processed/native/92023-03-88-10.npz,data/processed/native/92023-03-88-10.npz,4ed7f5008912ed0f12009a2fa71926ffc8b113f577dd3f5daa3ad1d0aa81862d,92023-03-88-10,92023-03-88-10
92023-03-94-00,92023-03-94-00,4u_1728_34,4U 1728-34,4U_1728-34,NS,2006-09-06T04:02:56,True,,RXTE/PCA,PCA_OGIP_RATE43_OVERLAP_V1,data/processed/native/92023-03-94-00.npz,data/processed/native/92023-03-94-00.npz,ff5cfd853dcd82503dad25d757ffbabca9eb8e92ab62e17ae2cecec949d8b83f,92023-03-94-00,92023-03-94-00
92034-01-05-06,92034-01-05-06,aql_x_1,Aql X-1,AQL_X-1,NS,2006-08-17T14:12:32,True,,RXTE/PCA,PCA_OGIP_RATE43_OVERLAP_V1,data/processed/native/92034-01-05-06.npz,data/processed/native/92034-01-05-06.npz,8e3e4af259258da9d1c8ea1f09fa060341a9662cdfa5b932742d6e7620ff5b26,92034-01-05-06,92034-01-05-06
92035-01-02-06,92035-01-02-06,gx_339_4,GX 339-4,GX_339-4,BH,2007-02-08T22:37:52,True,,RXTE/PCA,PCA_OGIP_RATE43_OVERLAP_V1,data/processed/native/92035-01-02-06.npz,data/processed/native/92035-01-02-06.npz,83db2fac2e56a867430c6dfba2a1db906d1f84c28c84376c909c557edd3bdcb6,92035-01-02-06,92035-01-02-06
92038-01-05-01,92038-01-05-01,cyg_x_2,Cyg X-2,CYG_X-2,NS,2007-10-19T00:09:36,True,,RXTE/PCA,PCA_OGIP_RATE43_OVERLAP_V1,data/processed/native/92038-01-05-01.npz,data/processed/native/92038-01-05-01.npz,406e2afea714aeab5c02474eab92222c5420460199018a26ca065a5341342bf1,92038-01-05-01,92038-01-05-01
92038-01-10-02,92038-01-10-02,cyg_x_2,Cyg X-2,CYG_X-2,NS,2007-10-24T22:58:24,True,,RXTE/PCA,PCA_OGIP_RATE43_OVERLAP_V1,data/processed/native/92038-01-10-02.npz,data/processed/native/92038-01-10-02.npz,fadfd2be0d62fd1c9e55d16a486a9d49edfe4c2961f5bb6da78e85a63aee02eb,92038-01-10-02,92038-01-10-02
92039-01-02-03,92039-01-02-03,cyg_x_2,Cyg X-2,CYG_X-2,NS,2006-07-26T07:03:28,True,,RXTE/PCA,PCA_OGIP_RATE43_OVERLAP_V1,data/processed/native/92039-01-02-03.npz,data/processed/native/92039-01-02-03.npz,c709a2a0b3450c1ee40be201429f790c5434e9156ee2789c8db11ad049c60915,92039-01-02-03,92039-01-02-03
92039-01-07-02,92039-01-07-02,cyg_x_2,Cyg X-2,CYG_X-2,NS,,False,Missing retrieved source product,RXTE/PCA,,,,,,
92049-01-04-00,92049-01-04-00,hete_j1900_1_2455,HETE J1900.1-2455,HETE_J1900.1-2455,NS,2006-02-27T19:59:28,True,,RXTE/PCA,PCA_OGIP_RATE43_OVERLAP_V1,data/processed/native/92049-01-04-00.npz,data/processed/native/92049-01-04-00.npz,b4571f6a0568e8ff12853d122a6cd546fb7ab3e08b743b4e60787ba7a1e628dc,92049-01-04-00,92049-01-04-00
92049-01-14-00,92049-01-14-00,hete_j1900_1_2455,HETE J1900.1-2455,HETE_J1900.1-2455,NS,2006-05-08T23:54:24,True,,RXTE/PCA,PCA_OGIP_RATE43_OVERLAP_V1,data/processed/native/92049-01-14-00.npz,data/processed/native/92049-01-14-00.npz,422d74130b8db5856d50355083c2bcf306d13200bb71b610a01f6f677eb67f9a,92049-01-14-00,92049-01-14-00
92049-01-26-00,92049-01-26-00,hete_j1900_1_2455,HETE J1900.1-2455,HETE_J1900.1-2455,NS,2006-07-31T10:19:12,True,,RXTE/PCA,PCA_OGIP_RATE43_OVERLAP_V1,data/processed/native/92049-01-26-00.npz,data/processed/native/92049-01-26-00.npz,5f1bc812350ea37adc67721b382ef4878378a328b4fdd3dfc9da13c35d78f924,92049-01-26-00,92049-01-26-00
92049-01-37-00,92049-01-37-00,hete_j1900_1_2455,HETE J1900.1-2455,HETE_J1900.1-2455,NS,2006-10-16T05:59:44,True,,RXTE/PCA,PCA_OGIP_RATE43_OVERLAP_V1,data/processed/native/92049-01-37-00.npz,data/processed/native/92049-01-37-00.npz,23e95454c90304ee4cfa9baf577abbeba17b435f044f3f3973c6fdc2f56a4088,92049-01-37-00,92049-01-37-00
92049-01-49-00,92049-01-49-00,hete_j1900_1_2455,HETE J1900.1-2455,HETE_J1900.1-2455,NS,2007-03-05T01:02:24,True,,RXTE/PCA,PCA_OGIP_RATE43_OVERLAP_V1,data/processed/native/92049-01-49-00.npz,data/processed/native/92049-01-49-00.npz,7128df51c0e4c7e66efbcaf0d2a1f7ffbc375775f9843730d1dabe9097cb8149,92049-01-49-00,92049-01-49-00
92049-01-61-00,92049-01-61-00,hete_j1900_1_2455,HETE J1900.1-2455,HETE_J1900.1-2455,NS,2007-05-27T20:14:24,False,net_5_25_keV_recorded_rate_not_greater_than_5_count_s_PCU,RXTE/PCA,PCA_OGIP_RATE43_OVERLAP_V1,data/processed/native/92049-01-61-00.npz,data/processed/native/92049-01-61-00.npz,d4ae058aa9bbc63b876376fb827aeece57aa38bc69f0239f18498b096cb10271,92049-01-61-00,92049-01-61-00
92052-02-01-00,92052-02-01-00,slx_1735_269,SLX 1735-269,SLX_1735-269,NS,2006-05-22T00:26:08,True,,RXTE/PCA,PCA_OGIP_RATE43_OVERLAP_V1,data/processed/native/92052-02-01-00.npz,data/processed/native/92052-02-01-00.npz,0e2576e33e4c75988807de826cee42502f6fff30cb35e89ee3851499560b3162,92052-02-01-00,92052-02-01-00
92085-02-01-00,92085-02-01-00,gx_339_4,GX 339-4,GX_339-4,BH,2007-03-17T01:54:24,True,,RXTE/PCA,PCA_OGIP_RATE43_OVERLAP_V1,data/processed/native/92085-02-01-00.npz,data/processed/native/92085-02-01-00.npz,4a0f01f002273a24e3618de8dab4b9acf4616c4d371d4fc18fc702f4962f0c96,92085-02-01-00,92085-02-01-00
92401-01-11-03,92401-01-11-03,4u_1608_522,4U 1608-522,4U1608-52,NS,2007-06-27T21:57:04,True,,RXTE/PCA,PCA_OGIP_RATE43_OVERLAP_V1,data/processed/native/92401-01-11-03.npz,data/processed/native/92401-01-11-03.npz,4ed7f5008912ed0f12009a2fa71926ffc8b113f577dd3f5daa3ad1d0aa81862d,92401-01-11-03,92401-01-11-03
92411-01-01-02,92411-01-01-02,4u_0614_09,4U 0614+09,4U_0614+09,NS,2006-09-17T22:11:12,True,,RXTE/PCA,PCA_OGIP_RATE43_OVERLAP_V1,data/processed/native/92411-01-01-02.npz,data/processed/native/92411-01-01-02.npz,06a5cbda525c2ca9666a850f92dde4911a574e2fe9888d14378cb83230606246,92411-01-01-02,92411-01-01-02
92411-01-07-02,92411-01-07-02,4u_0614_09,4U 0614+09,4U_0614+09,NS,2006-11-03T14:45:04,True,,RXTE/PCA,PCA_OGIP_RATE43_OVERLAP_V1,data/processed/native/92411-01-07-02.npz,data/processed/native/92411-01-07-02.npz,a988e5ac1f3b95bcd8317c556d7c164f9a476f5f8bb55552ca129a7c412f0344,92411-01-07-02,92411-01-07-02
92411-01-10-00,92411-01-10-00,4u_0614_09,4U 0614+09,4U_0614+09,NS,2006-11-28T18:14:40,True,,RXTE/PCA,PCA_OGIP_RATE43_OVERLAP_V1,data/processed/native/92411-01-10-00.npz,data/processed/native/92411-01-10-00.npz,86ce1a809d5dcb056001ab9a5b5cf4f40e5953dbd7561091226dc41a2070c002,92411-01-10-00,92411-01-10-00
92420-01-03-00,92420-01-03-00,sax_j1808_4_3658,SAX J1808.4-3658,SAX_J1808.4-3658,NS,2006-11-17T18:03:44,False,net_5_25_keV_recorded_rate_not_greater_than_5_count_s_PCU,RXTE/PCA,PCA_OGIP_RATE43_OVERLAP_V1,data/processed/native/92420-01-03-00.npz,data/processed/native/92420-01-03-00.npz,5b42af301d8a88129f391acd4fb8ea090b4092499cede110b573477cd26bd728,92420-01-03-00,92420-01-03-00
92427-01-01-00,92427-01-01-00,xte_j1118_480,XTE J1118+480,XTE_J1118+480,BH,2007-01-12T14:59:28,False,net_5_25_keV_recorded_rate_not_greater_than_5_count_s_PCU,RXTE/PCA,PCA_OGIP_RATE43_OVERLAP_V1,data/processed/native/92427-01-01-00.npz,data/processed/native/92427-01-01-00.npz,efb1e3f8a0ab87c0ea1bd45345905a11f9c244024a2872821e98523c42dd2c92,92427-01-01-00,92427-01-01-00
92704-03-11-00,92704-03-11-00,gx_339_4,GX 339-4,GX_339-4,BH,2007-05-14T20:06:24,True,,RXTE/PCA,PCA_OGIP_RATE43_OVERLAP_V1,data/processed/native/92704-03-11-00.npz,data/processed/native/92704-03-11-00.npz,005e5c554e7d46e99b0a294fffe2863176c0819c3e052675a4d4a294b7b54900,92704-03-11-00,92704-03-11-00
92704-03-32-00,92704-03-32-00,gx_339_4,GX 339-4,GX_339-4,BH,2007-06-15T19:43:28,True,,RXTE/PCA,PCA_OGIP_RATE43_OVERLAP_V1,data/processed/native/92704-03-32-00.npz,data/processed/native/92704-03-32-00.npz,6d5e97920294da309af6adb4974a8e691554ec018122b71d2cca05ca1dafb800,92704-03-32-00,92704-03-32-00
93013-07-06-02,93013-07-06-02,igr_j00291_5934,IGR J00291+5934,IGR_J00291+5934,NS,2008-08-19T14:47:28,True,,RXTE/PCA,PCA_OGIP_RATE43_OVERLAP_V1,data/processed/native/93013-07-06-02.npz,data/processed/native/93013-07-06-02.npz,7a706035758a3da53da4f1a4601c238d763ecb00414a9cfc19f2930865a1ba60,93013-07-06-02,93013-07-06-02
93013-07-12-00,93013-07-12-00,igr_j00291_5934,IGR J00291+5934,IGR_J00291+5934,NS,2008-08-24T16:33:04,False,net_5_25_keV_recorded_rate_not_greater_than_5_count_s_PCU,RXTE/PCA,PCA_OGIP_RATE43_OVERLAP_V1,data/processed/native/93013-07-12-00.npz,data/processed/native/93013-07-12-00.npz,ab8efb1ba56f3af8bdc804745af77fce57d7e285d0dc51e659c82ff2696903f4,93013-07-12-00,93013-07-12-00
93013-07-18-00,93013-07-18-00,igr_j00291_5934,IGR J00291+5934,IGR_J00291+5934,NS,2008-09-24T23:45:04,True,,RXTE/PCA,PCA_OGIP_RATE43_OVERLAP_V1,data/processed/native/93013-07-18-00.npz,data/processed/native/93013-07-18-00.npz,1fefbb418d4a44fc684dcf838df07e44f87b022419ec4396a9b26e64f9553288,93013-07-18-00,93013-07-18-00
93013-07-22-02,93013-07-22-02,igr_j00291_5934,IGR J00291+5934,IGR_J00291+5934,NS,2008-10-08T02:47:12,False,net_5_25_keV_recorded_rate_not_greater_than_5_count_s_PCU,RXTE/PCA,PCA_OGIP_RATE43_OVERLAP_V1,data/processed/native/93013-07-22-02.npz,data/processed/native/93013-07-22-02.npz,5a16819076b94cb9c5b4ec63d1c288fde9e5f3bd42fb8fde59026deb4c868b95,93013-07-22-02,93013-07-22-02
93027-01-02-00,93027-01-02-00,sax_j1808_4_3658,SAX J1808.4-3658,SAX_J1808.4-3658,NS,2008-09-26T13:55:28,True,,RXTE/PCA,PCA_OGIP_RATE43_OVERLAP_V1,data/processed/native/93027-01-02-00.npz,data/processed/native/93027-01-02-00.npz,a4b421ae7f97bbd424887010eaecdaf83336bac081437a756e96ca0e72ec88fd,93027-01-02-00,93027-01-02-00
93027-01-03-05,93027-01-03-05,sax_j1808_4_3658,SAX J1808.4-3658,SAX_J1808.4-3658,NS,2008-10-08T08:32:16,False,net_5_25_keV_recorded_rate_not_greater_than_5_count_s_PCU,RXTE/PCA,PCA_OGIP_RATE43_OVERLAP_V1,data/processed/native/93027-01-03-05.npz,data/processed/native/93027-01-03-05.npz,5a16819076b94cb9c5b4ec63d1c288fde9e5f3bd42fb8fde59026deb4c868b95,93027-01-03-05,93027-01-03-05
93027-01-05-01,93027-01-05-01,sax_j1808_4_3658,SAX J1808.4-3658,SAX_J1808.4-3658,NS,2008-10-18T05:39:12,False,net_5_25_keV_recorded_rate_not_greater_than_5_count_s_PCU,RXTE/PCA,PCA_OGIP_RATE43_OVERLAP_V1,data/processed/native/93027-01-05-01.npz,data/processed/native/93027-01-05-01.npz,39bf1ab900ef513178951ada072e788c655a1d10c7fcc5db3f004c2108954372,93027-01-05-01,93027-01-05-01
93027-01-06-06,93027-01-06-06,sax_j1808_4_3658,SAX J1808.4-3658,SAX_J1808.4-3658,NS,2008-10-27T03:05:20,False,net_5_25_keV_recorded_rate_not_greater_than_5_count_s_PCU,RXTE/PCA,PCA_OGIP_RATE43_OVERLAP_V1,data/processed/native/93027-01-06-06.npz,data/processed/native/93027-01-06-06.npz,77477dc465d6c861ce0fa4741c6e6cfefa7f6a536fc05074a6f15c3289f4164b,93027-01-06-06,93027-01-06-06
93030-01-03-00,93030-01-03-00,hete_j1900_1_2455,HETE J1900.1-2455,HETE_J1900.1-2455,NS,2007-07-17T13:31:44,True,,RXTE/PCA,PCA_OGIP_RATE43_OVERLAP_V1,data/processed/native/93030-01-03-00.npz,data/processed/native/93030-01-03-00.npz,81bfd83c87a35034cf5b0739e2e4f38c697a7d1d0ee436ca5ddfb161dedb61ce,93030-01-03-00,93030-01-03-00
93030-01-15-00,93030-01-15-00,hete_j1900_1_2455,HETE J1900.1-2455,HETE_J1900.1-2455,NS,2007-10-06T17:29:04,True,,RXTE/PCA,PCA_OGIP_RATE43_OVERLAP_V1,data/processed/native/93030-01-15-00.npz,data/processed/native/93030-01-15-00.npz,256cc31231b0478102c94318c38481514c5ffa31aea721a837929bb7560e98d5,93030-01-15-00,93030-01-15-00
93030-01-25-01,93030-01-25-01,hete_j1900_1_2455,HETE J1900.1-2455,HETE_J1900.1-2455,NS,2008-02-11T20:59:12,True,,RXTE/PCA,PCA_OGIP_RATE43_OVERLAP_V1,data/processed/native/93030-01-25-01.npz,data/processed/native/93030-01-25-01.npz,766f3a59daa9f591fdaebab08c38edcfc23e87d0dfecb90a0c87e707acdd356c,93030-01-25-01,93030-01-25-01
93030-01-37-00,93030-01-37-00,hete_j1900_1_2455,HETE J1900.1-2455,HETE_J1900.1-2455,NS,2008-05-04T23:30:56,True,,RXTE/PCA,PCA_OGIP_RATE43_OVERLAP_V1,data/processed/native/93030-01-37-00.npz,data/processed/native/93030-01-37-00.npz,9746995e67d37bf3cd44652170f340b5790c52f7576b861e176b067301d85f39,93030-01-37-00,93030-01-37-00
93030-01-48-00,93030-01-48-00,hete_j1900_1_2455,HETE J1900.1-2455,HETE_J1900.1-2455,NS,2008-07-19T13:19:28,True,,RXTE/PCA,PCA_OGIP_RATE43_OVERLAP_V1,data/processed/native/93030-01-48-00.npz,data/processed/native/93030-01-48-00.npz,2290e26eb2358e9e58a3fd41f32a422e7e052493fc4bdb02b5b0f93ddacdfc81,93030-01-48-00,93030-01-48-00
93044-02-01-00,93044-02-01-00,sax_j1810_8_2609,SAX J1810.8-2609,SAX_J1810.8-2609,NS,2007-08-06T07:41:36,True,,RXTE/PCA,PCA_OGIP_RATE43_OVERLAP_V1,data/processed/native/93044-02-01-00.npz,data/processed/native/93044-02-01-00.npz,a889997a059352017acee25d1457b53dd54ef1ded76483ea6a253b62fe4c0250,93044-02-01-00,93044-02-01-00
93044-02-02-00,93044-02-02-00,sax_j1810_8_2609,SAX J1810.8-2609,SAX_J1810.8-2609,NS,2007-08-09T08:21:20,True,,RXTE/PCA,PCA_OGIP_RATE43_OVERLAP_V1,data/processed/native/93044-02-02-00.npz,data/processed/native/93044-02-02-00.npz,5c2975f72ed322ca8f28d0725da9b629e99a9f40b641f38ca7b55e47a7ef78ae,93044-02-02-00,93044-02-02-00
93044-02-03-00,93044-02-03-00,sax_j1810_8_2609,SAX J1810.8-2609,SAX_J1810.8-2609,NS,2007-08-12T00:33:04,True,,RXTE/PCA,PCA_OGIP_RATE43_OVERLAP_V1,data/processed/native/93044-02-03-00.npz,data/processed/native/93044-02-03-00.npz,35109ad1fd78c8c6643f52b417a66ac1d926ba8ed95a53b984b2099f28b6ed7f,93044-02-03-00,93044-02-03-00
93044-02-04-00,93044-02-04-00,sax_j1810_8_2609,SAX J1810.8-2609,SAX_J1810.8-2609,NS,2007-08-13T20:30:24,True,,RXTE/PCA,PCA_OGIP_RATE43_OVERLAP_V1,data/processed/native/93044-02-04-00.npz,data/processed/native/93044-02-04-00.npz,2062a667eae72f9769d839a56907ad1e86309cdadb6b7235b1a42958bc9b7012,93044-02-04-00,93044-02-04-00
93044-02-06-00,93044-02-06-00,sax_j1810_8_2609,SAX J1810.8-2609,SAX_J1810.8-2609,NS,2007-08-17T01:32:32,True,,RXTE/PCA,PCA_OGIP_RATE43_OVERLAP_V1,data/processed/native/93044-02-06-00.npz,data/processed/native/93044-02-06-00.npz,dcddc8f7debeec0b640ef91ee352d42adfee297ee212a3cf553f43dcd36fc26f,93044-02-06-00,93044-02-06-00
93044-02-06-01,93044-02-06-01,sax_j1810_8_2609,SAX J1810.8-2609,SAX_J1810.8-2609,NS,2007-08-19T08:41:04,True,,RXTE/PCA,PCA_OGIP_RATE43_OVERLAP_V1,data/processed/native/93044-02-06-01.npz,data/processed/native/93044-02-06-01.npz,d9a66e8b08f7c3b1447deb2ff0d2f66bb8c90136986e1180c46ef6952128caa0,93044-02-06-01,93044-02-06-01
93044-02-07-00,93044-02-07-00,sax_j1810_8_2609,SAX J1810.8-2609,SAX_J1810.8-2609,NS,2007-08-20T20:40:48,True,,RXTE/PCA,PCA_OGIP_RATE43_OVERLAP_V1,data/processed/native/93044-02-07-00.npz,data/processed/native/93044-02-07-00.npz,604c54cc08fe00f5d13ea90fec491cfecca7194e0a4e2ccfc916a9fc07a08cf8,93044-02-07-00,93044-02-07-00
93044-02-08-00,93044-02-08-00,sax_j1810_8_2609,SAX J1810.8-2609,SAX_J1810.8-2609,NS,2007-08-21T16:02:24,True,,RXTE/PCA,PCA_OGIP_RATE43_OVERLAP_V1,data/processed/native/93044-02-08-00.npz,data/processed/native/93044-02-08-00.npz,2c8dd39251427c73ecb88a27aaa0ee718973d5a50271acc3e38dcd973d43c7cd,93044-02-08-00,93044-02-08-00
93044-08-02-00,93044-08-02-00,sax_j1750_8_2900,SAX J1750.8-2900,SAX_J1750.8-2900,NS,2008-03-17T22:42:08,True,,RXTE/PCA,PCA_OGIP_RATE43_OVERLAP_V1,data/processed/native/93044-08-02-00.npz,data/processed/native/93044-08-02-00.npz,8dad3be03b782e66124bb5cc9537b671b0a4334a19030b6091ea74fee463bf0d,93044-08-02-00,93044-08-02-00
93044-08-05-00,93044-08-05-00,sax_j1750_8_2900,SAX J1750.8-2900,SAX_J1750.8-2900,NS,2008-03-21T21:04:32,True,,RXTE/PCA,PCA_OGIP_RATE43_OVERLAP_V1,data/processed/native/93044-08-05-00.npz,data/processed/native/93044-08-05-00.npz,a164f6e859afb2e76d3dd6aff4df417e000ae980288ab132c8ac599644c3d54f,93044-08-05-00,93044-08-05-00
93044-08-08-01,93044-08-08-01,sax_j1750_8_2900,SAX J1750.8-2900,SAX_J1750.8-2900,NS,2008-03-24T18:32:48,True,,RXTE/PCA,PCA_OGIP_RATE43_OVERLAP_V1,data/processed/native/93044-08-08-01.npz,data/processed/native/93044-08-08-01.npz,64f3f470367f4d53c300d4bbfb68697b3e6ee46dc66fe1047a336f54b76def99,93044-08-08-01,93044-08-08-01
93060-01-01-10,93060-01-01-10,4u_1705_44,4U 1705-44,4U_1705-44,NS,2008-07-21T01:35:28,True,,RXTE/PCA,PCA_OGIP_RATE43_OVERLAP_V1,data/processed/native/93060-01-01-10.npz,data/processed/native/93060-01-01-10.npz,d904b08a91c050dfac611979b3e854e1d5524b54bf91eba2ffa08f8e8c3e9c49,93060-01-01-10,93060-01-01-10
93060-01-10-00,93060-01-10-00,4u_1705_44,4U 1705-44,4U_1705-44,NS,2007-07-31T10:28:32,True,,RXTE/PCA,PCA_OGIP_RATE43_OVERLAP_V1,data/processed/native/93060-01-10-00.npz,data/processed/native/93060-01-10-00.npz,e6df4d668e1101051c36111dfa2cbc0e1ef0e576f7ad4feae84665279948087d,93060-01-10-00,93060-01-10-00
93060-01-14-10,93060-01-14-10,4u_1705_44,4U 1705-44,4U_1705-44,NS,2008-09-11T04:51:28,True,,RXTE/PCA,PCA_OGIP_RATE43_OVERLAP_V1,data/processed/native/93060-01-14-10.npz,data/processed/native/93060-01-14-10.npz,7458e4e9a126275a80e745abe554b875526219e6951eec4935e6726c73e87e96,93060-01-14-10,93060-01-14-10
93060-01-22-00,93060-01-22-00,4u_1705_44,4U 1705-44,4U_1705-44,NS,2007-09-17T03:54:24,True,,RXTE/PCA,PCA_OGIP_RATE43_OVERLAP_V1,data/processed/native/93060-01-22-00.npz,data/processed/native/93060-01-22-00.npz,aa71a22828392efbc55241f7a13c993597b2afbd50d55081d94dc024989a8b9c,93060-01-22-00,93060-01-22-00
93060-01-28-10,93060-01-28-10,4u_1705_44,4U 1705-44,4U_1705-44,NS,2008-11-06T22:01:20,True,,RXTE/PCA,PCA_OGIP_RATE43_OVERLAP_V1,data/processed/native/93060-01-28-10.npz,data/processed/native/93060-01-28-10.npz,465300a187ef52602ce9522b9a3795a6636f1411aa5d053622b140b3c88a17f7,93060-01-28-10,93060-01-28-10
93060-01-35-00,93060-01-35-00,4u_1705_44,4U 1705-44,4U_1705-44,NS,2007-11-08T04:31:28,True,,RXTE/PCA,PCA_OGIP_RATE43_OVERLAP_V1,data/processed/native/93060-01-35-00.npz,data/processed/native/93060-01-35-00.npz,333dd3c19039b06948de5159decc15ce1b749c32db02d7c6402ffce05e6eef44,93060-01-35-00,93060-01-35-00
93060-01-58-00,93060-01-58-00,4u_1705_44,4U 1705-44,4U_1705-44,NS,2008-02-08T20:40:16,True,,RXTE/PCA,PCA_OGIP_RATE43_OVERLAP_V1,data/processed/native/93060-01-58-00.npz,data/processed/native/93060-01-58-00.npz,9334a6cc084d972e0a21f5a119712bd8340cac7ad6c27b56c2e9673f954e589f,93060-01-58-00,93060-01-58-00
93060-01-71-00,93060-01-71-00,4u_1705_44,4U 1705-44,4U_1705-44,NS,2008-03-31T21:21:36,True,,RXTE/PCA,PCA_OGIP_RATE43_OVERLAP_V1,data/processed/native/93060-01-71-00.npz,data/processed/native/93060-01-71-00.npz,14892289f5bb254e8daf312c975a60896cabb8250dc3d1117077b6339119a080,93060-01-71-00,93060-01-71-00
93060-01-85-00,93060-01-85-00,4u_1705_44,4U 1705-44,4U_1705-44,NS,2008-05-26T18:35:44,True,,RXTE/PCA,PCA_OGIP_RATE43_OVERLAP_V1,data/processed/native/93060-01-85-00.npz,data/processed/native/93060-01-85-00.npz,28feb45610127b33f835b95439640aa3208bc3ea52a03ffaa0f255ffe91491a7,93060-01-85-00,93060-01-85-00
93076-01-09-00,93076-01-09-00,aql_x_1,Aql X-1,AQL_X-1,NS,2007-05-31T11:58:56,True,,RXTE/PCA,PCA_OGIP_RATE43_OVERLAP_V1,data/processed/native/93076-01-09-00.npz,data/processed/native/93076-01-09-00.npz,f4dc01a01c221b48c63ecef7c758d0eccbb46b6bc72d4e33aa3cfb03fa76beaa,93076-01-09-00,93076-01-09-00
93076-08-02-00,93076-08-02-00,gx_339_4,GX 339-4,GX_339-4,BH,2008-06-27T16:42:08,True,,RXTE/PCA,PCA_OGIP_RATE43_OVERLAP_V1,data/processed/native/93076-08-02-00.npz,data/processed/native/93076-08-02-00.npz,cf905abdc2140618c224142db7b2e3e8b25328177869faa50c8176a1c45cbf36,93076-08-02-00,93076-08-02-00
93082-02-04-02,93082-02-04-02,cyg_x_2,Cyg X-2,CYG_X-2,NS,2007-11-25T22:17:36,True,,RXTE/PCA,PCA_OGIP_RATE43_OVERLAP_V1,data/processed/native/93082-02-04-02.npz,data/processed/native/93082-02-04-02.npz,cd5a8443b7da84427fd82b9a207a155b03ccee449685e633ae2ef9d6b286ced8,93082-02-04-02,93082-02-04-02
93087-01-36-10,93087-01-36-10,4u_1636_536,4U 1636-536,4U_1636-53,NS,2008-03-21T14:42:08,True,,RXTE/PCA,PCA_OGIP_RATE43_OVERLAP_V1,data/processed/native/93087-01-36-10.npz,data/processed/native/93087-01-36-10.npz,a164f6e859afb2e76d3dd6aff4df417e000ae980288ab132c8ac599644c3d54f,93087-01-36-10,93087-01-36-10
93087-01-36-20,93087-01-36-20,4u_1636_536,4U 1636-536,4U_1636-53,NS,2008-10-03T01:21:36,True,,RXTE/PCA,PCA_OGIP_RATE43_OVERLAP_V1,data/processed/native/93087-01-36-20.npz,data/processed/native/93087-01-36-20.npz,a418c9eced85e1d3cde32f76fa2adb6e8fbc92b033c956a34362707275f9d724,93087-01-36-20,93087-01-36-20
93087-01-41-00,93087-01-41-00,4u_1636_536,4U 1636-536,4U_1636-53,NS,2007-09-17T04:59:28,True,,RXTE/PCA,PCA_OGIP_RATE43_OVERLAP_V1,data/processed/native/93087-01-41-00.npz,data/processed/native/93087-01-41-00.npz,aa71a22828392efbc55241f7a13c993597b2afbd50d55081d94dc024989a8b9c,93087-01-41-00,93087-01-41-00
93087-01-83-10,93087-01-83-10,4u_1636_536,4U 1636-536,4U_1636-53,NS,2008-06-23T07:30:08,True,,RXTE/PCA,PCA_OGIP_RATE43_OVERLAP_V1,data/processed/native/93087-01-83-10.npz,data/processed/native/93087-01-83-10.npz,792a67c5f1da9e1dd5c17cd9ccd3d235a8e6c1bd5ecd2c888f5497dabacc540f,93087-01-83-10,93087-01-83-10
93087-01-87-00,93087-01-87-00,4u_1636_536,4U 1636-536,4U_1636-53,NS,2007-12-18T06:04:32,True,,RXTE/PCA,PCA_OGIP_RATE43_OVERLAP_V1,data/processed/native/93087-01-87-00.npz,data/processed/native/93087-01-87-00.npz,a00a5f93aef878f2dbdbfb39c9247b27105ead4b6de20276e435ff19f51e9d9c,93087-01-87-00,93087-01-87-00
93089-20-01-00,93089-20-01-00,ks_1731_260,KS 1731-260,KS_1731-260,NS,2007-08-24T18:35:44,False,net_5_25_keV_recorded_rate_not_greater_than_5_count_s_PCU,RXTE/PCA,PCA_OGIP_RATE43_OVERLAP_V1,data/processed/native/93089-20-01-00.npz,data/processed/native/93089-20-01-00.npz,367c374938308ba30a3ea031bfd321aa0a173e0b9be6ac381b327d7bd6bbc06b,93089-20-01-00,93089-20-01-00
93093-01-01-00,93093-01-01-00,sax_j1810_8_2609,SAX J1810.8-2609,SAX_J1810.8-2609,NS,2007-09-26T19:00:32,True,,RXTE/PCA,PCA_OGIP_RATE43_OVERLAP_V1,data/processed/native/93093-01-01-00.npz,data/processed/native/93093-01-01-00.npz,973c9cc9a0a78ff4f4c7b653358f28d505a417176c2fa1b571a136823e7003ec,93093-01-01-00,93093-01-01-00
93093-01-01-01,93093-01-01-01,sax_j1810_8_2609,SAX J1810.8-2609,SAX_J1810.8-2609,NS,2007-09-27T05:30:24,True,,RXTE/PCA,PCA_OGIP_RATE43_OVERLAP_V1,data/processed/native/93093-01-01-01.npz,data/processed/native/93093-01-01-01.npz,d6eaf8212f5b45a5a9e03d70ef3ce1d00b28dc3d0a52bac3bbf374274dccfbff,93093-01-01-01,93093-01-01-01
93093-01-01-02,93093-01-01-02,sax_j1810_8_2609,SAX J1810.8-2609,SAX_J1810.8-2609,NS,2007-09-27T18:07:28,True,,RXTE/PCA,PCA_OGIP_RATE43_OVERLAP_V1,data/processed/native/93093-01-01-02.npz,data/processed/native/93093-01-01-02.npz,d6eaf8212f5b45a5a9e03d70ef3ce1d00b28dc3d0a52bac3bbf374274dccfbff,93093-01-01-02,93093-01-01-02
93093-01-01-03,93093-01-01-03,sax_j1810_8_2609,SAX J1810.8-2609,SAX_J1810.8-2609,NS,,False,Selected PCUs not continuously on in sampled GTIs; re-extraction required,RXTE/PCA,,,,,,
93093-01-02-01,93093-01-02-01,sax_j1810_8_2609,SAX J1810.8-2609,SAX_J1810.8-2609,NS,2007-10-01T00:41:20,True,,RXTE/PCA,PCA_OGIP_RATE43_OVERLAP_V1,data/processed/native/93093-01-02-01.npz,data/processed/native/93093-01-02-01.npz,884eeb218e2a65c1de7e385e56bfc7f44347ebc100b233d6d08509595e0a160d,93093-01-02-01,93093-01-02-01
93093-01-02-02,93093-01-02-02,sax_j1810_8_2609,SAX J1810.8-2609,SAX_J1810.8-2609,NS,2007-10-01T05:24:48,True,,RXTE/PCA,PCA_OGIP_RATE43_OVERLAP_V1,data/processed/native/93093-01-02-02.npz,data/processed/native/93093-01-02-02.npz,884eeb218e2a65c1de7e385e56bfc7f44347ebc100b233d6d08509595e0a160d,93093-01-02-02,93093-01-02-02
93093-01-02-03,93093-01-02-03,sax_j1810_8_2609,SAX J1810.8-2609,SAX_J1810.8-2609,NS,2007-10-01T13:23:28,True,,RXTE/PCA,PCA_OGIP_RATE43_OVERLAP_V1,data/processed/native/93093-01-02-03.npz,data/processed/native/93093-01-02-03.npz,884eeb218e2a65c1de7e385e56bfc7f44347ebc100b233d6d08509595e0a160d,93093-01-02-03,93093-01-02-03
93093-01-02-04,93093-01-02-04,sax_j1810_8_2609,SAX J1810.8-2609,SAX_J1810.8-2609,NS,2007-10-01T14:52:32,True,,RXTE/PCA,PCA_OGIP_RATE43_OVERLAP_V1,data/processed/native/93093-01-02-04.npz,data/processed/native/93093-01-02-04.npz,884eeb218e2a65c1de7e385e56bfc7f44347ebc100b233d6d08509595e0a160d,93093-01-02-04,93093-01-02-04
93093-01-02-05,93093-01-02-05,sax_j1810_8_2609,SAX J1810.8-2609,SAX_J1810.8-2609,NS,2007-10-01T16:25:04,True,,RXTE/PCA,PCA_OGIP_RATE43_OVERLAP_V1,data/processed/native/93093-01-02-05.npz,data/processed/native/93093-01-02-05.npz,884eeb218e2a65c1de7e385e56bfc7f44347ebc100b233d6d08509595e0a160d,93093-01-02-05,93093-01-02-05
93093-01-02-06,93093-01-02-06,sax_j1810_8_2609,SAX J1810.8-2609,SAX_J1810.8-2609,NS,2007-10-01T18:00:00,True,,RXTE/PCA,PCA_OGIP_RATE43_OVERLAP_V1,data/processed/native/93093-01-02-06.npz,data/processed/native/93093-01-02-06.npz,884eeb218e2a65c1de7e385e56bfc7f44347ebc100b233d6d08509595e0a160d,93093-01-02-06,93093-01-02-06
93093-01-02-07,93093-01-02-07,sax_j1810_8_2609,SAX J1810.8-2609,SAX_J1810.8-2609,NS,2007-10-01T19:33:36,True,,RXTE/PCA,PCA_OGIP_RATE43_OVERLAP_V1,data/processed/native/93093-01-02-07.npz,data/processed/native/93093-01-02-07.npz,884eeb218e2a65c1de7e385e56bfc7f44347ebc100b233d6d08509595e0a160d,93093-01-02-07,93093-01-02-07
93093-01-02-08,93093-01-02-08,sax_j1810_8_2609,SAX J1810.8-2609,SAX_J1810.8-2609,NS,2007-10-02T14:25:20,True,,RXTE/PCA,PCA_OGIP_RATE43_OVERLAP_V1,data/processed/native/93093-01-02-08.npz,data/processed/native/93093-01-02-08.npz,7ceb8562b0749ed8273e7ca5e4a2d69113ec450784d579ef2ef5804ab0485b30,93093-01-02-08,93093-01-02-08
93093-01-02-10,93093-01-02-10,sax_j1810_8_2609,SAX J1810.8-2609,SAX_J1810.8-2609,NS,2007-10-03T01:42:08,True,,RXTE/PCA,PCA_OGIP_RATE43_OVERLAP_V1,data/processed/native/93093-01-02-10.npz,data/processed/native/93093-01-02-10.npz,695110a8972221f1c1dfb01e9d9108eea443b4a2cd60bd9e321538171bb4592a,93093-01-02-10,93093-01-02-10
93093-01-02-11,93093-01-02-11,sax_j1810_8_2609,SAX J1810.8-2609,SAX_J1810.8-2609,NS,2007-10-03T17:25:52,True,,RXTE/PCA,PCA_OGIP_RATE43_OVERLAP_V1,data/processed/native/93093-01-02-11.npz,data/processed/native/93093-01-02-11.npz,695110a8972221f1c1dfb01e9d9108eea443b4a2cd60bd9e321538171bb4592a,93093-01-02-11,93093-01-02-11
93155-01-01-00,93155-01-01-00,1a_1744_361,1A 1744-361,A1744-361,NS,2008-07-05T08:23:44,True,,RXTE/PCA,PCA_OGIP_RATE43_OVERLAP_V1,data/processed/native/93155-01-01-00.npz,data/processed/native/93155-01-01-00.npz,1e114e67f9e2d8917d4cf54116bda90a0f0e07a58607b7345bfda7797a9ad8ea,93155-01-01-00,93155-01-01-00
93155-01-02-00,93155-01-02-00,1a_1744_361,1A 1744-361,A1744-361,NS,2008-07-06T06:26:08,True,,RXTE/PCA,PCA_OGIP_RATE43_OVERLAP_V1,data/processed/native/93155-01-02-00.npz,data/processed/native/93155-01-02-00.npz,99f5b2befa1b149753843342e63409746d4bfac612c98ef7f546a123466ed420,93155-01-02-00,93155-01-02-00
93155-01-02-01,93155-01-02-01,1a_1744_361,1A 1744-361,A1744-361,NS,2008-07-06T03:15:28,True,,RXTE/PCA,PCA_OGIP_RATE43_OVERLAP_V1,data/processed/native/93155-01-02-01.npz,data/processed/native/93155-01-02-01.npz,99f5b2befa1b149753843342e63409746d4bfac612c98ef7f546a123466ed420,93155-01-02-01,93155-01-02-01
93155-01-03-01,93155-01-03-01,1a_1744_361,1A 1744-361,A1744-361,NS,2008-07-07T20:40:00,True,,RXTE/PCA,PCA_OGIP_RATE43_OVERLAP_V1,data/processed/native/93155-01-03-01.npz,data/processed/native/93155-01-03-01.npz,0ab993f824edb60d8287a09cfbef7e902a3c143a3ca0cdd260b783a23d9dd41f,93155-01-03-01,93155-01-03-01
93155-01-03-02,93155-01-03-02,1a_1744_361,1A 1744-361,A1744-361,NS,2008-07-07T17:21:04,True,,RXTE/PCA,PCA_OGIP_RATE43_OVERLAP_V1,data/processed/native/93155-01-03-02.npz,data/processed/native/93155-01-03-02.npz,0ab993f824edb60d8287a09cfbef7e902a3c143a3ca0cdd260b783a23d9dd41f,93155-01-03-02,93155-01-03-02
93155-01-03-03,93155-01-03-03,1a_1744_361,1A 1744-361,A1744-361,NS,2008-07-07T22:16:48,True,,RXTE/PCA,PCA_OGIP_RATE43_OVERLAP_V1,data/processed/native/93155-01-03-03.npz,data/processed/native/93155-01-03-03.npz,0ab993f824edb60d8287a09cfbef7e902a3c143a3ca0cdd260b783a23d9dd41f,93155-01-03-03,93155-01-03-03
93155-01-06-01,93155-01-06-01,1a_1744_361,1A 1744-361,A1744-361,NS,2008-07-15T07:00:16,True,,RXTE/PCA,PCA_OGIP_RATE43_OVERLAP_V1,data/processed/native/93155-01-06-01.npz,data/processed/native/93155-01-06-01.npz,9c11a779783f9e5487c15c425bce326cce8ba73e2666c2271e728192aebd2b27,93155-01-06-01,93155-01-06-01
93155-01-06-02,93155-01-06-02,1a_1744_361,1A 1744-361,A1744-361,NS,2008-07-17T00:31:44,True,,RXTE/PCA,PCA_OGIP_RATE43_OVERLAP_V1,data/processed/native/93155-01-06-02.npz,data/processed/native/93155-01-06-02.npz,e3d5d03e1d4361fa814c41add12cc1e1457d364a5005beea536c5b0473beef82,93155-01-06-02,93155-01-06-02
93155-01-07-00,93155-01-07-00,1a_1744_361,1A 1744-361,A1744-361,NS,2008-07-18T10:52:32,True,,RXTE/PCA,PCA_OGIP_RATE43_OVERLAP_V1,data/processed/native/93155-01-07-00.npz,data/processed/native/93155-01-07-00.npz,ef740274d26a5197bfae64643b3f6563fe8153dd696d6df29214e07d0fa8ac2f,93155-01-07-00,93155-01-07-00
93155-01-07-02,93155-01-07-02,1a_1744_361,1A 1744-361,A1744-361,NS,2008-07-23T03:36:48,True,,RXTE/PCA,PCA_OGIP_RATE43_OVERLAP_V1,data/processed/native/93155-01-07-02.npz,data/processed/native/93155-01-07-02.npz,b8c1b3a32f83449210f35e7ec69e652765d636fe7490d5aaa0661711963972ef,93155-01-07-02,93155-01-07-02
93155-01-08-00,93155-01-08-00,1a_1744_361,1A 1744-361,A1744-361,NS,2008-07-25T12:07:28,True,,RXTE/PCA,PCA_OGIP_RATE43_OVERLAP_V1,data/processed/native/93155-01-08-00.npz,data/processed/native/93155-01-08-00.npz,3f0786dcfb2096162e3709e95b0c95b634d53802d33730cb5696e1fd72a9082a,93155-01-08-00,93155-01-08-00
93155-01-08-02,93155-01-08-02,1a_1744_361,1A 1744-361,A1744-361,NS,2008-07-31T20:30:40,True,,RXTE/PCA,PCA_OGIP_RATE43_OVERLAP_V1,data/processed/native/93155-01-08-02.npz,data/processed/native/93155-01-08-02.npz,493f6cadde11b803147b4296a02f853c5dafea449a3229ff430d50224057554a,93155-01-08-02,93155-01-08-02
93155-01-09-00,93155-01-09-00,1a_1744_361,1A 1744-361,A1744-361,NS,2008-08-03T22:13:20,True,,RXTE/PCA,PCA_OGIP_RATE43_OVERLAP_V1,data/processed/native/93155-01-09-00.npz,data/processed/native/93155-01-09-00.npz,28e839a21d44a60bd9e7261e51c46719104e9dd8157827f07c77380837a9d949,93155-01-09-00,93155-01-09-00
93155-01-10-00,93155-01-10-00,1a_1744_361,1A 1744-361,A1744-361,NS,2008-08-08T05:57:04,False,net_5_25_keV_recorded_rate_not_greater_than_5_count_s_PCU,RXTE/PCA,PCA_OGIP_RATE43_OVERLAP_V1,data/processed/native/93155-01-10-00.npz,data/processed/native/93155-01-10-00.npz,7b193b73c67a3b33bcd86b5a283d439048539628be571efe097e37ade886f68a,93155-01-10-00,93155-01-10-00
93155-01-10-02,93155-01-10-02,1a_1744_361,1A 1744-361,A1744-361,NS,2008-08-14T13:11:28,False,net_5_25_keV_recorded_rate_not_greater_than_5_count_s_PCU,RXTE/PCA,PCA_OGIP_RATE43_OVERLAP_V1,data/processed/native/93155-01-10-02.npz,data/processed/native/93155-01-10-02.npz,7f87184c275dca4587b1d84047c89db5d4055b8683daa23ef7062919fdef2852,93155-01-10-02,93155-01-10-02
93200-01-01-04,93200-01-01-04,4u_1735_444,4U 1735-444,4U_1735-44,NS,2009-02-17T13:38:24,True,,RXTE/PCA,PCA_OGIP_RATE43_OVERLAP_V1,data/processed/native/93200-01-01-04.npz,data/processed/native/93200-01-01-04.npz,0cdd3e082dd8d409cd438b8f2ecdcae6e65c4ad11d2accbc45d6307b7de6e2d4,93200-01-01-04,93200-01-01-04
93404-01-02-00,93404-01-02-00,4u_0614_09,4U 0614+09,4U_0614+09,NS,2007-07-28T00:00:16,True,,RXTE/PCA,PCA_OGIP_RATE43_OVERLAP_V1,data/processed/native/93404-01-02-00.npz,data/processed/native/93404-01-02-00.npz,2fc55fa69fe7b6c13e63dae0c8208e53fba0d7a0d3fdef00fab54e4eb9fb6ab0,93404-01-02-00,93404-01-02-00
93404-01-07-00,93404-01-07-00,4u_0614_09,4U 0614+09,4U_0614+09,NS,2007-09-21T23:07:28,True,,RXTE/PCA,PCA_OGIP_RATE43_OVERLAP_V1,data/processed/native/93404-01-07-00.npz,data/processed/native/93404-01-07-00.npz,4db4fec385fae801df1a4ce971786f9f1eac1f4ecbb78d882359b8f0217b797f,93404-01-07-00,93404-01-07-00
93404-01-11-02,93404-01-11-02,4u_0614_09,4U 0614+09,4U_0614+09,NS,2007-11-04T14:53:20,True,,RXTE/PCA,PCA_OGIP_RATE43_OVERLAP_V1,data/processed/native/93404-01-11-02.npz,data/processed/native/93404-01-11-02.npz,970f3353c239050d0fc5b37226e4626ed8fa8d61165ae417489a4f2b347c6eb9,93404-01-11-02,93404-01-11-02
93404-01-14-00,93404-01-14-00,4u_0614_09,4U 0614+09,4U_0614+09,NS,2007-12-21T17:52:48,True,,RXTE/PCA,PCA_OGIP_RATE43_OVERLAP_V1,data/processed/native/93404-01-14-00.npz,data/processed/native/93404-01-14-00.npz,4d4301f097815204ea2503ce8f3c6bcd91c0e2c3b7570b54b245d3695b333886,93404-01-14-00,93404-01-14-00
93404-01-21-00,93404-01-21-00,4u_0614_09,4U 0614+09,4U_0614+09,NS,2008-05-09T23:35:12,True,,RXTE/PCA,PCA_OGIP_RATE43_OVERLAP_V1,data/processed/native/93404-01-21-00.npz,data/processed/native/93404-01-21-00.npz,cc07a060f1e45d97a8ab4cefdf63154e0017fa712e358b5bbc88e89e960facea,93404-01-21-00,93404-01-21-00
93405-01-01-01,93405-01-01-01,aql_x_1,Aql X-1,AQL_X-1,NS,2007-07-01T03:12:16,True,,RXTE/PCA,PCA_OGIP_RATE43_OVERLAP_V1,data/processed/native/93405-01-01-01.npz,data/processed/native/93405-01-01-01.npz,7843bda2fe86e5d793bc1d38d0904331ebdb0c40ff7ee3b6c26ab24b8af310b2,93405-01-01-01,93405-01-01-01
93405-01-05-02,93405-01-05-02,aql_x_1,Aql X-1,AQL_X-1,NS,2007-10-06T20:36:16,True,,RXTE/PCA,PCA_OGIP_RATE43_OVERLAP_V1,data/processed/native/93405-01-05-02.npz,data/processed/native/93405-01-05-02.npz,256cc31231b0478102c94318c38481514c5ffa31aea721a837929bb7560e98d5,93405-01-05-02,93405-01-05-02
93406-13-01-00,93406-13-01-00,4u_1254_69,4U 1254-69,4U_1254-690,NS,2007-06-29T08:20:32,True,,RXTE/PCA,PCA_OGIP_RATE43_OVERLAP_V1,data/processed/native/93406-13-01-00.npz,data/processed/native/93406-13-01-00.npz,fa1b7e7d95aafde747c261a07b4d25130058bd67ebc905e8d585d49eee388a80,93406-13-01-00,93406-13-01-00
93408-01-11-00,93408-01-11-00,4u_1608_522,4U 1608-522,4U1608-52,NS,2007-09-07T04:49:04,True,,RXTE/PCA,PCA_OGIP_RATE43_OVERLAP_V1,data/processed/native/93408-01-11-00.npz,data/processed/native/93408-01-11-00.npz,73dd7766ee74ef0736abc92942595d19f6cb52ac07ead78e00644a1964fb14cb,93408-01-11-00,93408-01-11-00
93408-01-19-01,93408-01-19-01,4u_1608_522,4U 1608-522,4U1608-52,NS,2007-11-02T10:37:52,True,,RXTE/PCA,PCA_OGIP_RATE43_OVERLAP_V1,data/processed/native/93408-01-19-01.npz,data/processed/native/93408-01-19-01.npz,a540af77301b74dddb04967483bffee48a8a18807382cbd8f83b7ef92620910b,93408-01-19-01,93408-01-19-01
93408-01-22-06,93408-01-22-06,4u_1608_522,4U 1608-522,4U1608-52,NS,2007-11-26T07:33:36,True,,RXTE/PCA,PCA_OGIP_RATE43_OVERLAP_V1,data/processed/native/93408-01-22-06.npz,data/processed/native/93408-01-22-06.npz,fe874a847142331ce459c1002f63ab98944e04ab99779a64357a7991251f8865,93408-01-22-06,93408-01-22-06
93408-01-26-03,93408-01-26-03,4u_1608_522,4U 1608-522,4U1608-52,NS,2007-12-25T00:07:28,True,,RXTE/PCA,PCA_OGIP_RATE43_OVERLAP_V1,data/processed/native/93408-01-26-03.npz,data/processed/native/93408-01-26-03.npz,0959c2f2a93b6cd19f7a8adf31743d40d4776eab5dfc42198ffb2a64c7632dda,93408-01-26-03,93408-01-26-03
93408-01-32-04,93408-01-32-04,4u_1608_522,4U 1608-522,4U1608-52,NS,2008-02-06T04:37:36,True,,RXTE/PCA,PCA_OGIP_RATE43_OVERLAP_V1,data/processed/native/93408-01-32-04.npz,data/processed/native/93408-01-32-04.npz,b0b629db11af2bdeef7884a2cc25fccece6e80ae7fb4ad23d2cc58f5f9051717,93408-01-32-04,93408-01-32-04
93408-01-42-05,93408-01-42-05,4u_1608_522,4U 1608-522,4U1608-52,NS,2008-04-16T10:35:12,True,,RXTE/PCA,PCA_OGIP_RATE43_OVERLAP_V1,data/processed/native/93408-01-42-05.npz,data/processed/native/93408-01-42-05.npz,9b2f2fb6d4c7b24cefa71fb078749fb44ed4ea4fd3ad80d40e22693751439081,93408-01-42-05,93408-01-42-05
93408-01-52-02,93408-01-52-02,4u_1608_522,4U 1608-522,4U1608-52,NS,2008-06-25T08:21:36,True,,RXTE/PCA,PCA_OGIP_RATE43_OVERLAP_V1,data/processed/native/93408-01-52-02.npz,data/processed/native/93408-01-52-02.npz,228a26e9ba189079ce16dabffc2ae2e193632b406727890079e77bad798bc200,93408-01-52-02,93408-01-52-02
93408-01-66-01,93408-01-66-01,4u_1608_522,4U 1608-522,4U1608-52,NS,2008-09-28T20:49:04,True,,RXTE/PCA,PCA_OGIP_RATE43_OVERLAP_V1,data/processed/native/93408-01-66-01.npz,data/processed/native/93408-01-66-01.npz,367b05d64a78fa34f4df3be5443d7014a48e4fd2d9faa157079a2e5a8ba903f2,93408-01-66-01,93408-01-66-01
93409-01-04-01,93409-01-04-01,gx_339_4,GX 339-4,GX_339-4,BH,2007-08-13T18:11:12,True,,RXTE/PCA,PCA_OGIP_RATE43_OVERLAP_V1,data/processed/native/93409-01-04-01.npz,data/processed/native/93409-01-04-01.npz,2062a667eae72f9769d839a56907ad1e86309cdadb6b7235b1a42958bc9b7012,93409-01-04-01,93409-01-04-01
93412-01-01-00,93412-01-01-00,mxb_1658_298,MXB 1658-298,X1658-298,NS,2007-08-09T02:09:20,False,net_5_25_keV_recorded_rate_not_greater_than_5_count_s_PCU,RXTE/PCA,PCA_OGIP_RATE43_OVERLAP_V1,data/processed/native/93412-01-01-00.npz,data/processed/native/93412-01-01-00.npz,5c2975f72ed322ca8f28d0725da9b629e99a9f40b641f38ca7b55e47a7ef78ae,93412-01-01-00,93412-01-01-00
93414-01-01-00,93414-01-01-00,sax_j1810_8_2609,SAX J1810.8-2609,SAX_J1810.8-2609,NS,2007-08-26T18:00:16,True,,RXTE/PCA,PCA_OGIP_RATE43_OVERLAP_V1,data/processed/native/93414-01-01-00.npz,data/processed/native/93414-01-01-00.npz,773227980fa8cdf8331188e0afa47793b5ee8999ebec4a2f1a18aefcb09f2733,93414-01-01-00,93414-01-01-00
93414-01-01-01,93414-01-01-01,sax_j1810_8_2609,SAX J1810.8-2609,SAX_J1810.8-2609,NS,2007-08-27T16:12:00,True,,RXTE/PCA,PCA_OGIP_RATE43_OVERLAP_V1,data/processed/native/93414-01-01-01.npz,data/processed/native/93414-01-01-01.npz,cccd94cf5254db772c02826f629c00a0f443d60a1bd9f99768d5b6abd4c514ea,93414-01-01-01,93414-01-01-01
93414-01-01-02,93414-01-01-02,sax_j1810_8_2609,SAX J1810.8-2609,SAX_J1810.8-2609,NS,2007-08-25T23:15:12,True,,RXTE/PCA,PCA_OGIP_RATE43_OVERLAP_V1,data/processed/native/93414-01-01-02.npz,data/processed/native/93414-01-01-02.npz,f61bc620227424f071e185174c5fbe4e57de7adb7e09fdb1dfa13c056fea7a02,93414-01-01-02,93414-01-01-02
93414-01-01-03,93414-01-01-03,sax_j1810_8_2609,SAX J1810.8-2609,SAX_J1810.8-2609,NS,2007-08-24T08:02:08,True,,RXTE/PCA,PCA_OGIP_RATE43_OVERLAP_V1,data/processed/native/93414-01-01-03.npz,data/processed/native/93414-01-01-03.npz,367c374938308ba30a3ea031bfd321aa0a173e0b9be6ac381b327d7bd6bbc06b,93414-01-01-03,93414-01-01-03
93414-01-04-00,93414-01-04-00,sax_j1810_8_2609,SAX J1810.8-2609,SAX_J1810.8-2609,NS,2007-08-31T04:50:40,True,,RXTE/PCA,PCA_OGIP_RATE43_OVERLAP_V1,data/processed/native/93414-01-04-00.npz,data/processed/native/93414-01-04-00.npz,bc3ace4e144768e07e260e74c62d7cf14508439af4e4f0d535d17b0813581b64,93414-01-04-00,93414-01-04-00
93414-01-04-01,93414-01-04-01,sax_j1810_8_2609,SAX J1810.8-2609,SAX_J1810.8-2609,NS,2007-09-02T11:48:48,True,,RXTE/PCA,PCA_OGIP_RATE43_OVERLAP_V1,data/processed/native/93414-01-04-01.npz,data/processed/native/93414-01-04-01.npz,f4959273bd8fe35d617e0282d79ff5110c0e76ab52bbe56b05abf5449747d5bb,93414-01-04-01,93414-01-04-01
93414-01-04-02,93414-01-04-02,sax_j1810_8_2609,SAX J1810.8-2609,SAX_J1810.8-2609,NS,2007-09-04T06:13:36,True,,RXTE/PCA,PCA_OGIP_RATE43_OVERLAP_V1,data/processed/native/93414-01-04-02.npz,data/processed/native/93414-01-04-02.npz,6d7be071f48f7b2baff30265fac066d66ad0478e01be409be9b71cf1bb13dbd1,93414-01-04-02,93414-01-04-02
93414-01-04-03,93414-01-04-03,sax_j1810_8_2609,SAX J1810.8-2609,SAX_J1810.8-2609,NS,2007-09-06T07:06:08,True,,RXTE/PCA,PCA_OGIP_RATE43_OVERLAP_V1,data/processed/native/93414-01-04-03.npz,data/processed/native/93414-01-04-03.npz,defe09308fdaccdf59bfa9ccb8dfdd452ab674b14fd8aefb74576ae5176a5884,93414-01-04-03,93414-01-04-03
93414-01-05-00,93414-01-05-00,sax_j1810_8_2609,SAX J1810.8-2609,SAX_J1810.8-2609,NS,2007-10-23T05:10:24,True,,RXTE/PCA,PCA_OGIP_RATE43_OVERLAP_V1,data/processed/native/93414-01-05-00.npz,data/processed/native/93414-01-05-00.npz,17b4b3649994bd138a090eb8fe028a07e18cc55a96a9fbab142c40ec2d269c4e,93414-01-05-00,93414-01-05-00
93414-01-05-01,93414-01-05-01,sax_j1810_8_2609,SAX J1810.8-2609,SAX_J1810.8-2609,NS,2007-10-25T02:47:12,True,,RXTE/PCA,PCA_OGIP_RATE43_OVERLAP_V1,data/processed/native/93414-01-05-01.npz,data/processed/native/93414-01-05-01.npz,908af72d417fd3f9fa76781b975a2842d4a3b39b36f247e43614853023226066,93414-01-05-01,93414-01-05-01
93417-01-09-00,93417-01-09-00,sax_j1808_4_3658,SAX J1808.4-3658,SAX_J1808.4-3658,NS,2008-06-10T13:52:48,False,net_5_25_keV_recorded_rate_not_greater_than_5_count_s_PCU,RXTE/PCA,PCA_OGIP_RATE43_OVERLAP_V1,data/processed/native/93417-01-09-00.npz,data/processed/native/93417-01-09-00.npz,0f8659f3e9fa4bc2b073330701b26b4d932ed8395005551e6514e4a142708925,93417-01-09-00,93417-01-09-00
93417-01-14-01,93417-01-14-01,sax_j1808_4_3658,SAX J1808.4-3658,SAX_J1808.4-3658,NS,2008-11-12T23:12:00,False,net_5_25_keV_recorded_rate_not_greater_than_5_count_s_PCU,RXTE/PCA,PCA_OGIP_RATE43_OVERLAP_V1,data/processed/native/93417-01-14-01.npz,data/processed/native/93417-01-14-01.npz,7434d01f74b698f572e037c1bbb30f5f1dd22a63711de3e97a65062fc0a50129,93417-01-14-01,93417-01-14-01
93424-01-01-00,93424-01-01-00,gs_1354_64,GS 1354-64,GS_1354-644,BH,2007-12-03T05:02:24,False,net_5_25_keV_recorded_rate_not_greater_than_5_count_s_PCU,RXTE/PCA,PCA_OGIP_RATE43_OVERLAP_V1,data/processed/native/93424-01-01-00.npz,data/processed/native/93424-01-01-00.npz,47fa9afe11652829da6709e9c0c847cd015a9e42b81daed58e5bcf949a250667,93424-01-01-00,93424-01-01-00
93432-01-01-01,93432-01-01-01,sax_j1750_8_2900,SAX J1750.8-2900,SAX_J1750.8-2900,NS,2008-03-27T20:15:28,True,,RXTE/PCA,PCA_OGIP_RATE43_OVERLAP_V1,data/processed/native/93432-01-01-01.npz,data/processed/native/93432-01-01-01.npz,d45f20d8d5f399d4f1823a311073b35d46dedbb62ad1ba036349dd3b7211a948,93432-01-01-01,93432-01-01-01
93432-01-02-00,93432-01-02-00,sax_j1750_8_2900,SAX J1750.8-2900,SAX_J1750.8-2900,NS,2008-03-30T18:54:24,True,,RXTE/PCA,PCA_OGIP_RATE43_OVERLAP_V1,data/processed/native/93432-01-02-00.npz,data/processed/native/93432-01-02-00.npz,d1fe029040d438595cbc88e909fc4804e2e4921780dc278d23e0011af6a49643,93432-01-02-00,93432-01-02-00
93432-01-02-05,93432-01-02-05,sax_j1750_8_2900,SAX J1750.8-2900,SAX_J1750.8-2900,NS,2008-04-02T17:20:00,True,,RXTE/PCA,PCA_OGIP_RATE43_OVERLAP_V1,data/processed/native/93432-01-02-05.npz,data/processed/native/93432-01-02-05.npz,6708035378bc7002d9d75829cde1e1f888ddae3e11de842c5e85c3f67f1b9ee2,93432-01-02-05,93432-01-02-05
93432-01-03-01,93432-01-03-01,sax_j1750_8_2900,SAX J1750.8-2900,SAX_J1750.8-2900,NS,2008-04-05T14:26:08,True,,RXTE/PCA,PCA_OGIP_RATE43_OVERLAP_V1,data/processed/native/93432-01-03-01.npz,data/processed/native/93432-01-03-01.npz,cb49a55e5d2ac9332e9b3e4260c26f5ff0caedc01c73d35e3b87a28d063fc667,93432-01-03-01,93432-01-03-01
93432-01-03-05,93432-01-03-05,sax_j1750_8_2900,SAX J1750.8-2900,SAX_J1750.8-2900,NS,2008-04-10T12:10:56,True,,RXTE/PCA,PCA_OGIP_RATE43_OVERLAP_V1,data/processed/native/93432-01-03-05.npz,data/processed/native/93432-01-03-05.npz,7503dafadb9a3017dfa7b0e1fffc2d773864b199f1402735cf903d6e70e36ffd,93432-01-03-05,93432-01-03-05
93432-01-04-02,93432-01-04-02,sax_j1750_8_2900,SAX J1750.8-2900,SAX_J1750.8-2900,NS,2008-04-16T09:17:20,True,,RXTE/PCA,PCA_OGIP_RATE43_OVERLAP_V1,data/processed/native/93432-01-04-02.npz,data/processed/native/93432-01-04-02.npz,9b2f2fb6d4c7b24cefa71fb078749fb44ed4ea4fd3ad80d40e22693751439081,93432-01-04-02,93432-01-04-02
93432-01-05-02,93432-01-05-02,sax_j1750_8_2900,SAX J1750.8-2900,SAX_J1750.8-2900,NS,2008-04-22T14:42:24,True,,RXTE/PCA,PCA_OGIP_RATE43_OVERLAP_V1,data/processed/native/93432-01-05-02.npz,data/processed/native/93432-01-05-02.npz,98ec5e0fb27c78207fd91826cc5a10f720c2b2327224d461f4d6437f4794373b,93432-01-05-02,93432-01-05-02
93432-01-06-00,93432-01-06-00,sax_j1750_8_2900,SAX J1750.8-2900,SAX_J1750.8-2900,NS,2008-04-25T00:49:20,True,,RXTE/PCA,PCA_OGIP_RATE43_OVERLAP_V1,data/processed/native/93432-01-06-00.npz,data/processed/native/93432-01-06-00.npz,874d58c78522c2166e0768e638bbe4383b6a04ebb0f02cf058426615b3bbbdb0,93432-01-06-00,93432-01-06-00
93432-01-06-03,93432-01-06-03,sax_j1750_8_2900,SAX J1750.8-2900,SAX_J1750.8-2900,NS,2008-04-28T07:17:04,True,,RXTE/PCA,PCA_OGIP_RATE43_OVERLAP_V1,data/processed/native/93432-01-06-03.npz,data/processed/native/93432-01-06-03.npz,f7111aea1c0f6503b7f663a775dcc31fa53793628adbfcc56c5f7aa444fa65bd,93432-01-06-03,93432-01-06-03
93432-01-07-00,93432-01-07-00,sax_j1750_8_2900,SAX J1750.8-2900,SAX_J1750.8-2900,NS,2008-05-02T14:54:40,True,,RXTE/PCA,PCA_OGIP_RATE43_OVERLAP_V1,data/processed/native/93432-01-07-00.npz,data/processed/native/93432-01-07-00.npz,e73f19a5a9c4aa67308aca647b4615c617f8a571abe54789f6af2c5d50cd24be,93432-01-07-00,93432-01-07-00
93432-01-07-04,93432-01-07-04,sax_j1750_8_2900,SAX J1750.8-2900,SAX_J1750.8-2900,NS,2008-05-07T14:21:04,True,,RXTE/PCA,PCA_OGIP_RATE43_OVERLAP_V1,data/processed/native/93432-01-07-04.npz,data/processed/native/93432-01-07-04.npz,ac560596ba2358f23588139b01c70049f446aa522926fc923b7e89e4b5acc945,93432-01-07-04,93432-01-07-04
93432-01-08-01,93432-01-08-01,sax_j1750_8_2900,SAX J1750.8-2900,SAX_J1750.8-2900,NS,2008-05-15T18:54:40,True,,RXTE/PCA,PCA_OGIP_RATE43_OVERLAP_V1,data/processed/native/93432-01-08-01.npz,data/processed/native/93432-01-08-01.npz,7bde96f639547899567b99607a12f2cacdf33dab4503acd69f81f45fc6d5c8ff,93432-01-08-01,93432-01-08-01
93432-01-09-03,93432-01-09-03,sax_j1750_8_2900,SAX J1750.8-2900,SAX_J1750.8-2900,NS,2008-05-20T21:24:32,True,,RXTE/PCA,PCA_OGIP_RATE43_OVERLAP_V1,data/processed/native/93432-01-09-03.npz,data/processed/native/93432-01-09-03.npz,9c0b96ac515f97d4626a2de1b0508b4fccde3db6c58a30a54705d512650ab45f,93432-01-09-03,93432-01-09-03
93432-01-10-01,93432-01-10-01,sax_j1750_8_2900,SAX J1750.8-2900,SAX_J1750.8-2900,NS,2008-05-24T11:21:36,True,,RXTE/PCA,PCA_OGIP_RATE43_OVERLAP_V1,data/processed/native/93432-01-10-01.npz,data/processed/native/93432-01-10-01.npz,d0cd51763852706deb20f14bcd1ff8e1bfc7c149cf2b2079350c7bc1897231b5,93432-01-10-01,93432-01-10-01
93432-01-10-04,93432-01-10-04,sax_j1750_8_2900,SAX J1750.8-2900,SAX_J1750.8-2900,NS,2008-05-27T13:07:44,True,,RXTE/PCA,PCA_OGIP_RATE43_OVERLAP_V1,data/processed/native/93432-01-10-04.npz,data/processed/native/93432-01-10-04.npz,263d762a7a106ce66ee67d45a421d24857a11a31095464de37443fa1ae34f179,93432-01-10-04,93432-01-10-04
93432-01-11-02,93432-01-11-02,sax_j1750_8_2900,SAX J1750.8-2900,SAX_J1750.8-2900,NS,2008-06-05T03:33:20,True,,RXTE/PCA,PCA_OGIP_RATE43_OVERLAP_V1,data/processed/native/93432-01-11-02.npz,data/processed/native/93432-01-11-02.npz,f105912174e06b79656b7723c47524bb502d9b197a24877e259631e2737438a0,93432-01-11-02,93432-01-11-02
93432-01-11-03,93432-01-11-03,sax_j1750_8_2900,SAX J1750.8-2900,SAX_J1750.8-2900,NS,2008-06-01T12:28:32,True,,RXTE/PCA,PCA_OGIP_RATE43_OVERLAP_V1,data/processed/native/93432-01-11-03.npz,data/processed/native/93432-01-11-03.npz,769db427948568526c12e47e08e294ae1c4d42544835370d62e8cff91362e6b1,93432-01-11-03,93432-01-11-03
93432-01-12-02,93432-01-12-02,sax_j1750_8_2900,SAX J1750.8-2900,SAX_J1750.8-2900,NS,2008-06-09T23:26:24,True,,RXTE/PCA,PCA_OGIP_RATE43_OVERLAP_V1,data/processed/native/93432-01-12-02.npz,data/processed/native/93432-01-12-02.npz,d6ff22a212844527466256aa946fc10ab5341be7247e4989c9f61cd1f72103f8,93432-01-12-02,93432-01-12-02
93432-01-13-02,93432-01-13-02,sax_j1750_8_2900,SAX J1750.8-2900,SAX_J1750.8-2900,NS,2008-06-16T00:12:16,True,,RXTE/PCA,PCA_OGIP_RATE43_OVERLAP_V1,data/processed/native/93432-01-13-02.npz,data/processed/native/93432-01-13-02.npz,001c8aad36fbb0e67388e90dfae09994fdf85278d232183b608ca92dd5e7faed,93432-01-13-02,93432-01-13-02
93432-01-14-01,93432-01-14-01,sax_j1750_8_2900,SAX J1750.8-2900,SAX_J1750.8-2900,NS,2008-06-20T16:43:12,True,,RXTE/PCA,PCA_OGIP_RATE43_OVERLAP_V1,data/processed/native/93432-01-14-01.npz,data/processed/native/93432-01-14-01.npz,ef68a5abf462b076f477fa6f610b8fdbe35c8111e9bd9510e92121435934a2eb,93432-01-14-01,93432-01-14-01
93432-01-14-03,93432-01-14-03,sax_j1750_8_2900,SAX J1750.8-2900,SAX_J1750.8-2900,NS,2008-06-23T10:42:40,True,,RXTE/PCA,PCA_OGIP_RATE43_OVERLAP_V1,data/processed/native/93432-01-14-03.npz,data/processed/native/93432-01-14-03.npz,792a67c5f1da9e1dd5c17cd9ccd3d235a8e6c1bd5ecd2c888f5497dabacc540f,93432-01-14-03,93432-01-14-03
93432-01-15-00,93432-01-15-00,sax_j1750_8_2900,SAX J1750.8-2900,SAX_J1750.8-2900,NS,2008-06-27T17:15:44,True,,RXTE/PCA,PCA_OGIP_RATE43_OVERLAP_V1,data/processed/native/93432-01-15-00.npz,data/processed/native/93432-01-15-00.npz,cf905abdc2140618c224142db7b2e3e8b25328177869faa50c8176a1c45cbf36,93432-01-15-00,93432-01-15-00
93432-01-16-00,93432-01-16-00,sax_j1750_8_2900,SAX J1750.8-2900,SAX_J1750.8-2900,NS,2008-07-04T14:12:16,True,,RXTE/PCA,PCA_OGIP_RATE43_OVERLAP_V1,data/processed/native/93432-01-16-00.npz,data/processed/native/93432-01-16-00.npz,029d6af3e35f2e225872b0c07a5e3dbcde7c9291a8724d3aa72aa45cf0548f3a,93432-01-16-00,93432-01-16-00
93432-01-16-04,93432-01-16-04,sax_j1750_8_2900,SAX J1750.8-2900,SAX_J1750.8-2900,NS,2008-07-08T13:20:16,True,,RXTE/PCA,PCA_OGIP_RATE43_OVERLAP_V1,data/processed/native/93432-01-16-04.npz,data/processed/native/93432-01-16-04.npz,0becd6d2a5d09020156c9e15558973c7d7d561675c4bf2ed7242a66a9242fec2,93432-01-16-04,93432-01-16-04
93432-01-17-02,93432-01-17-02,sax_j1750_8_2900,SAX J1750.8-2900,SAX_J1750.8-2900,NS,2008-07-17T17:34:08,True,,RXTE/PCA,PCA_OGIP_RATE43_OVERLAP_V1,data/processed/native/93432-01-17-02.npz,data/processed/native/93432-01-17-02.npz,e3d5d03e1d4361fa814c41add12cc1e1457d364a5005beea536c5b0473beef82,93432-01-17-02,93432-01-17-02
93435-01-05-01,93435-01-05-01,igr_j00291_5934,IGR J00291+5934,IGR_J00291+5934,NS,2008-06-10T18:57:20,False,net_5_25_keV_recorded_rate_not_greater_than_5_count_s_PCU,RXTE/PCA,PCA_OGIP_RATE43_OVERLAP_V1,data/processed/native/93435-01-05-01.npz,data/processed/native/93435-01-05-01.npz,0f8659f3e9fa4bc2b073330701b26b4d932ed8395005551e6514e4a142708925,93435-01-05-01,93435-01-05-01
93435-01-12-01,93435-01-12-01,igr_j00291_5934,IGR J00291+5934,IGR_J00291+5934,NS,2008-07-30T17:14:56,False,net_5_25_keV_recorded_rate_not_greater_than_5_count_s_PCU,RXTE/PCA,PCA_OGIP_RATE43_OVERLAP_V1,data/processed/native/93435-01-12-01.npz,data/processed/native/93435-01-12-01.npz,720d91a5220083bc2a4da2393022b42730829242e49369758904df72eda83f0b,93435-01-12-01,93435-01-12-01
93435-01-29-00,93435-01-29-00,igr_j00291_5934,IGR J00291+5934,IGR_J00291+5934,NS,2008-11-22T10:36:16,False,net_5_25_keV_recorded_rate_not_greater_than_5_count_s_PCU,RXTE/PCA,PCA_OGIP_RATE43_OVERLAP_V1,data/processed/native/93435-01-29-00.npz,data/processed/native/93435-01-29-00.npz,489efc59199aca97f930293ecacdb21110dd769345cf9e9954a66f3902993da0,93435-01-29-00,93435-01-29-00
93443-01-01-13,93443-01-01-13,cyg_x_2,Cyg X-2,CYG_X-2,NS,2008-07-02T07:40:00,True,,RXTE/PCA,PCA_OGIP_RATE43_OVERLAP_V1,data/processed/native/93443-01-01-13.npz,data/processed/native/93443-01-01-13.npz,e2a071df03a73e582c2f542f84daecfcb85771fa718077898fbabb8cdbb087ef,93443-01-01-13,93443-01-01-13
93451-01-01-00,93451-01-01-00,hete_j1900_1_2455,HETE J1900.1-2455,HETE_J1900.1-2455,NS,2008-10-13T09:34:24,True,,RXTE/PCA,PCA_OGIP_RATE43_OVERLAP_V1,data/processed/native/93451-01-01-00.npz,data/processed/native/93451-01-01-00.npz,1a3a9b808b46a62992ac8ab157703774475b7ece3c4aa0b26bf28658d8b82f2f,93451-01-01-00,93451-01-01-00
94030-01-04-00,94030-01-04-00,hete_j1900_1_2455,HETE J1900.1-2455,HETE_J1900.1-2455,NS,2009-02-23T06:46:40,True,,RXTE/PCA,PCA_OGIP_RATE43_OVERLAP_V1,data/processed/native/94030-01-04-00.npz,data/processed/native/94030-01-04-00.npz,0979ceb0fdf045f1e4697f1a7ad6a91da171c12fe07d3a484ad01de3cedfc994,94030-01-04-00,94030-01-04-00
94030-01-12-00,94030-01-12-00,hete_j1900_1_2455,HETE J1900.1-2455,HETE_J1900.1-2455,NS,2009-04-19T00:47:12,True,,RXTE/PCA,PCA_OGIP_RATE43_OVERLAP_V1,data/processed/native/94030-01-12-00.npz,data/processed/native/94030-01-12-00.npz,60aa8ed7d2810e250f831f353286d89b831bbb4f20f94a9202e7ccc0f8203325,94030-01-12-00,94030-01-12-00
94030-01-24-00,94030-01-24-00,hete_j1900_1_2455,HETE J1900.1-2455,HETE_J1900.1-2455,NS,2009-07-11T05:37:52,True,,RXTE/PCA,PCA_OGIP_RATE43_OVERLAP_V1,data/processed/native/94030-01-24-00.npz,data/processed/native/94030-01-24-00.npz,894d0e0811df61abe7e2419ede6259edea57925b968796f7f5f72dfc12434c11,94030-01-24-00,94030-01-24-00
94030-01-37-00,94030-01-37-00,hete_j1900_1_2455,HETE J1900.1-2455,HETE_J1900.1-2455,NS,2009-10-13T03:43:28,True,,RXTE/PCA,PCA_OGIP_RATE43_OVERLAP_V1,data/processed/native/94030-01-37-00.npz,data/processed/native/94030-01-37-00.npz,6a0ed5cea3b712ebc7f0277a7d4715e8b2d5f9d19c26f17b25e912011da07ea9,94030-01-37-00,94030-01-37-00
94044-05-01-00,94044-05-01-00,slx_1735_269,SLX 1735-269,SLX_1735-269,NS,2009-09-02T11:52:16,True,,RXTE/PCA,PCA_OGIP_RATE43_OVERLAP_V1,data/processed/native/94044-05-01-00.npz,data/processed/native/94044-05-01-00.npz,adbdece093d15b0148342f1fd7bafe64cf8e4714cb4b9065f3a8400cfaeccf30,94044-05-01-00,94044-05-01-00
94060-01-02-00,94060-01-02-00,4u_1705_44,4U 1705-44,4U_1705-44,NS,2009-02-08T04:00:48,True,,RXTE/PCA,PCA_OGIP_RATE43_OVERLAP_V1,data/processed/native/94060-01-02-00.npz,data/processed/native/94060-01-02-00.npz,9e60183c9329feead7bb76e100395290767cc263a7b3a2cfc5795f738fdabf8b,94060-01-02-00,94060-01-02-00
94060-01-15-00,94060-01-15-00,4u_1705_44,4U 1705-44,4U_1705-44,NS,2009-04-01T18:01:36,True,,RXTE/PCA,PCA_OGIP_RATE43_OVERLAP_V1,data/processed/native/94060-01-15-00.npz,data/processed/native/94060-01-15-00.npz,0edd0a946fb7f8a1d62471a016b2ec7ad6bc00e3a9fceb2bc24e1b40daf6af60,94060-01-15-00,94060-01-15-00
94060-01-30-00,94060-01-30-00,4u_1705_44,4U 1705-44,4U_1705-44,NS,2009-05-31T22:36:48,True,,RXTE/PCA,PCA_OGIP_RATE43_OVERLAP_V1,data/processed/native/94060-01-30-00.npz,data/processed/native/94060-01-30-00.npz,46000123b38ff0d659fffbe63173709d80f07979accb11b2f4e863032d840960,94060-01-30-00,94060-01-30-00
94060-01-46-00,94060-01-46-00,4u_1705_44,4U 1705-44,4U_1705-44,NS,2009-08-03T07:38:40,True,,RXTE/PCA,PCA_OGIP_RATE43_OVERLAP_V1,data/processed/native/94060-01-46-00.npz,data/processed/native/94060-01-46-00.npz,a7a7451b2581a5b480aa6481c69fe0d462eeaaf404c8f5ac963e6c53d3322c9a,94060-01-46-00,94060-01-46-00
94060-01-61-00,94060-01-61-00,4u_1705_44,4U 1705-44,4U_1705-44,NS,2009-10-02T07:09:04,True,,RXTE/PCA,PCA_OGIP_RATE43_OVERLAP_V1,data/processed/native/94060-01-61-00.npz,data/processed/native/94060-01-61-00.npz,a42f73ec1eaf8d218ebec353c84492102aacfb8b3e735b16a038c0cb8364cc6e,94060-01-61-00,94060-01-61-00
94076-01-04-07,94076-01-04-07,aql_x_1,Aql X-1,AQL_X-1,NS,2009-11-14T23:50:08,True,,RXTE/PCA,PCA_OGIP_RATE43_OVERLAP_V1,data/processed/native/94076-01-04-07.npz,data/processed/native/94076-01-04-07.npz,7d9b4c56f2fc50556b35db5c06061f5a02558726567bd7148f82de72c30124f2,94076-01-04-07,94076-01-04-07
94087-01-10-00,94087-01-10-00,4u_1636_536,4U 1636-536,4U_1636-53,NS,2009-01-13T07:42:08,True,,RXTE/PCA,PCA_OGIP_RATE43_OVERLAP_V1,data/processed/native/94087-01-10-00.npz,data/processed/native/94087-01-10-00.npz,9291c8cbc2b36b4dd2609bd7d4972a20d8db8059c54165d3cc8fe1f3fdd21332,94087-01-10-00,94087-01-10-00
94087-01-47-10,94087-01-47-10,4u_1636_536,4U 1636-536,4U_1636-53,NS,2009-10-10T10:06:24,True,,RXTE/PCA,PCA_OGIP_RATE43_OVERLAP_V1,data/processed/native/94087-01-47-10.npz,data/processed/native/94087-01-47-10.npz,591ca2cb0aa3184cae0b7ad233b942273118209da2abc63823cb789eb0065f8a,94087-01-47-10,94087-01-47-10
94087-01-49-00,94087-01-49-00,4u_1636_536,4U 1636-536,4U_1636-53,NS,2009-04-01T13:37:52,True,,RXTE/PCA,PCA_OGIP_RATE43_OVERLAP_V1,data/processed/native/94087-01-49-00.npz,data/processed/native/94087-01-49-00.npz,0edd0a946fb7f8a1d62471a016b2ec7ad6bc00e3a9fceb2bc24e1b40daf6af60,94087-01-49-00,94087-01-49-00
94087-01-94-00,94087-01-94-00,4u_1636_536,4U 1636-536,4U_1636-53,NS,2009-06-30T15:19:28,True,,RXTE/PCA,PCA_OGIP_RATE43_OVERLAP_V1,data/processed/native/94087-01-94-00.npz,data/processed/native/94087-01-94-00.npz,33ac73532b848e458e2f11545bbe35cf69efd7ca6a9c9e5ec5c19c48fc14f8b6,94087-01-94-00,94087-01-94-00
94331-07-01-03,94331-07-01-03,gx_339_4,GX 339-4,GX_339-4,BH,,False,Selected PCUs not continuously on in sampled GTIs; re-extraction required,RXTE/PCA,,,,,,
94401-01-01-01,94401-01-01-01,4u_1608_522,4U 1608-522,4U1608-52,NS,2008-12-29T07:02:24,True,,RXTE/PCA,PCA_OGIP_RATE43_OVERLAP_V1,data/processed/native/94401-01-01-01.npz,data/processed/native/94401-01-01-01.npz,1fff8c34d92f5155d2eea5e76a9e9647c76712d051d931be5f2421ed41b40d96,94401-01-01-01,94401-01-01-01
94401-01-18-00,94401-01-18-00,4u_1608_522,4U 1608-522,4U1608-52,NS,2009-04-24T20:17:20,True,,RXTE/PCA,PCA_OGIP_RATE43_OVERLAP_V1,data/processed/native/94401-01-18-00.npz,data/processed/native/94401-01-18-00.npz,6a4fade6edd6791dc95ef212620ebfb2c972f42811be7bbda7c7e236b68c6114,94401-01-18-00,94401-01-18-00
94401-01-34-00,94401-01-34-00,4u_1608_522,4U 1608-522,4U1608-52,NS,2009-08-14T07:57:36,True,,RXTE/PCA,PCA_OGIP_RATE43_OVERLAP_V1,data/processed/native/94401-01-34-00.npz,data/processed/native/94401-01-34-00.npz,45cba8b74b9f463ecfedfb17c9c341e2dd79c6b148338ea460ed6fc756f84eff,94401-01-34-00,94401-01-34-00
94404-01-07-00,94404-01-07-00,4u_0614_09,4U 0614+09,4U_0614+09,NS,2009-10-02T22:06:40,True,,RXTE/PCA,PCA_OGIP_RATE43_OVERLAP_V1,data/processed/native/94404-01-07-00.npz,data/processed/native/94404-01-07-00.npz,a42f73ec1eaf8d218ebec353c84492102aacfb8b3e735b16a038c0cb8364cc6e,94404-01-07-00,94404-01-07-00
94408-01-03-01,94408-01-03-01,igr_j00291_5934,IGR J00291+5934,IGR_J00291+5934,NS,2009-01-14T09:16:32,False,net_5_25_keV_recorded_rate_not_greater_than_5_count_s_PCU,RXTE/PCA,PCA_OGIP_RATE43_OVERLAP_V1,data/processed/native/94408-01-03-01.npz,data/processed/native/94408-01-03-01.npz,13bdef9a4cf196ad2425ca9662b17ee98b57d7deea52ac2f216c825b60322dc8,94408-01-03-01,94408-01-03-01
94408-01-11-00,94408-01-11-00,igr_j00291_5934,IGR J00291+5934,IGR_J00291+5934,NS,2009-03-08T07:36:32,False,net_5_25_keV_recorded_rate_not_greater_than_5_count_s_PCU,RXTE/PCA,PCA_OGIP_RATE43_OVERLAP_V1,data/processed/native/94408-01-11-00.npz,data/processed/native/94408-01-11-00.npz,6aa5c9203132e5e064fb1192a4a9a4feaa487424ec45bf07e40b72fc0cba24b0,94408-01-11-00,94408-01-11-00
94408-01-18-01,94408-01-18-01,igr_j00291_5934,IGR J00291+5934,IGR_J00291+5934,NS,2009-04-30T05:47:28,False,net_5_25_keV_recorded_rate_not_greater_than_5_count_s_PCU,RXTE/PCA,PCA_OGIP_RATE43_OVERLAP_V1,data/processed/native/94408-01-18-01.npz,data/processed/native/94408-01-18-01.npz,1ef00742e799054fa4eb508e9bc35e825cc009562b723c5518aa84299ce2d3b7,94408-01-18-01,94408-01-18-01
94408-01-26-00,94408-01-26-00,igr_j00291_5934,IGR J00291+5934,IGR_J00291+5934,NS,2009-06-27T21:44:32,False,net_5_25_keV_recorded_rate_not_greater_than_5_count_s_PCU,RXTE/PCA,PCA_OGIP_RATE43_OVERLAP_V1,data/processed/native/94408-01-26-00.npz,data/processed/native/94408-01-26-00.npz,25eb03ec8fcc6c680a50e89a62c3964110b6125d1c59fd4338fbf1a8d5f2ef5b,94408-01-26-00,94408-01-26-00
94408-01-33-01,94408-01-33-01,igr_j00291_5934,IGR J00291+5934,IGR_J00291+5934,NS,2009-08-20T17:40:48,False,net_5_25_keV_recorded_rate_not_greater_than_5_count_s_PCU,RXTE/PCA,PCA_OGIP_RATE43_OVERLAP_V1,data/processed/native/94408-01-33-01.npz,data/processed/native/94408-01-33-01.npz,8bbf11591eeaab6fb322e756982edaf278ed24db74d4559543e889d4d1198ca4,94408-01-33-01,94408-01-33-01
94408-01-41-00,94408-01-41-00,igr_j00291_5934,IGR J00291+5934,IGR_J00291+5934,NS,2009-10-18T13:30:08,False,net_5_25_keV_recorded_rate_not_greater_than_5_count_s_PCU,RXTE/PCA,PCA_OGIP_RATE43_OVERLAP_V1,data/processed/native/94408-01-41-00.npz,data/processed/native/94408-01-41-00.npz,f4d739566f08d1fd51b2a457d8dafbc32b5a42af9ab16fbbcde0c31b08cea2d5,94408-01-41-00,94408-01-41-00
94408-01-49-01,94408-01-49-01,igr_j00291_5934,IGR J00291+5934,IGR_J00291+5934,NS,2009-12-16T08:43:28,False,net_5_25_keV_recorded_rate_not_greater_than_5_count_s_PCU,RXTE/PCA,PCA_OGIP_RATE43_OVERLAP_V1,data/processed/native/94408-01-49-01.npz,data/processed/native/94408-01-49-01.npz,e96d7d84a727c5035fa8fb5aa5a3e8eec5f737122966141527f998c0a1b373bd,94408-01-49-01,94408-01-49-01
94415-01-01-01,94415-01-01-01,4u_1702_429,4U 1702-429,4U_1702-429,NS,2009-03-02T20:32:32,True,,RXTE/PCA,PCA_OGIP_RATE43_OVERLAP_V1,data/processed/native/94415-01-01-01.npz,data/processed/native/94415-01-01-01.npz,920c1e80e60e05ec93650aba42114fb7fac27f72bdfaf85c576305e998a7ebab,94415-01-01-01,94415-01-01-01
94415-01-02-01,94415-01-02-01,4u_1702_429,4U 1702-429,4U_1702-429,NS,2009-10-21T21:53:52,True,,RXTE/PCA,PCA_OGIP_RATE43_OVERLAP_V1,data/processed/native/94415-01-02-01.npz,data/processed/native/94415-01-02-01.npz,1af99b6caadbe07eb0206e3635c8d1d3e0100cf44b7d77f65be3324cd7c9ded0,94415-01-02-01,94415-01-02-01
94441-01-01-02,94441-01-01-02,aql_x_1,Aql X-1,AQL_X-1,NS,2009-12-03T20:04:48,True,,RXTE/PCA,PCA_OGIP_RATE43_OVERLAP_V1,data/processed/native/94441-01-01-02.npz,data/processed/native/94441-01-01-02.npz,c436b2e4c1e9403b03d326f929ff4c112297d0036c023f10ddcb1c6dff33bb2e,94441-01-01-02,94441-01-01-02
95030-01-05-00,95030-01-05-00,hete_j1900_1_2455,HETE J1900.1-2455,HETE_J1900.1-2455,NS,2010-03-03T00:47:12,True,,RXTE/PCA,PCA_OGIP_RATE43_OVERLAP_V1,data/processed/native/95030-01-05-00.npz,data/processed/native/95030-01-05-00.npz,7e6fbcd20f5201e42ba4b6ae70f22f0f0ee121693c3f0fe80fe4cc3938196401,95030-01-05-00,95030-01-05-00
95030-01-16-00,95030-01-16-00,hete_j1900_1_2455,HETE J1900.1-2455,HETE_J1900.1-2455,NS,2010-05-16T09:00:00,True,,RXTE/PCA,PCA_OGIP_RATE43_OVERLAP_V1,data/processed/native/95030-01-16-00.npz,data/processed/native/95030-01-16-00.npz,ee99d2a7472ef558261b794f8812127ac76a596f3e3338b514b0b82f998d3c6e,95030-01-16-00,95030-01-16-00
95030-01-27-00,95030-01-27-00,hete_j1900_1_2455,HETE J1900.1-2455,HETE_J1900.1-2455,NS,2010-08-03T06:49:36,True,,RXTE/PCA,PCA_OGIP_RATE43_OVERLAP_V1,data/processed/native/95030-01-27-00.npz,data/processed/native/95030-01-27-00.npz,0db0f95f899de7d127e9f72072061abdd5146744b28c70928439c1d58d116cb7,95030-01-27-00,95030-01-27-00
95030-01-40-00,95030-01-40-00,hete_j1900_1_2455,HETE J1900.1-2455,HETE_J1900.1-2455,NS,2010-11-02T03:30:56,True,,RXTE/PCA,PCA_OGIP_RATE43_OVERLAP_V1,data/processed/native/95030-01-40-00.npz,data/processed/native/95030-01-40-00.npz,70234508e41fde01a85e7071d2bbd8c5587b5c203c23e10f0ff98f8a3f78538f,95030-01-40-00,95030-01-40-00
95060-01-07-00,95060-01-07-00,4u_1705_44,4U 1705-44,4U_1705-44,NS,2010-01-26T06:30:24,True,,RXTE/PCA,PCA_OGIP_RATE43_OVERLAP_V1,data/processed/native/95060-01-07-00.npz,data/processed/native/95060-01-07-00.npz,b7b0e099fec1e92a39399efee3e1715dce3edd08c59035a30efb35d5f8ff4978,95060-01-07-00,95060-01-07-00
95060-01-22-00,95060-01-22-00,4u_1705_44,4U 1705-44,4U_1705-44,NS,2010-03-27T02:24:32,True,,RXTE/PCA,PCA_OGIP_RATE43_OVERLAP_V1,data/processed/native/95060-01-22-00.npz,data/processed/native/95060-01-22-00.npz,61dfafa92d6c44f6858768afe27998bda8870d2113270b46aeedded368ba63e0,95060-01-22-00,95060-01-22-00
95060-01-36-00,95060-01-36-00,4u_1705_44,4U 1705-44,4U_1705-44,NS,2010-05-22T14:15:28,True,,RXTE/PCA,PCA_OGIP_RATE43_OVERLAP_V1,data/processed/native/95060-01-36-00.npz,data/processed/native/95060-01-36-00.npz,a89f47ccba8cadbff4a91408927b30fee3a757ecebc1b4ac143dd2602125695b,95060-01-36-00,95060-01-36-00
95060-01-50-00,95060-01-50-00,4u_1705_44,4U 1705-44,4U_1705-44,NS,2010-07-16T21:26:40,True,,RXTE/PCA,PCA_OGIP_RATE43_OVERLAP_V1,data/processed/native/95060-01-50-00.npz,data/processed/native/95060-01-50-00.npz,0716a7da6d93f4364ddea859017680d21e0250fa84a2f108803a386e5f8847fb,95060-01-50-00,95060-01-50-00
95060-01-63-00,95060-01-63-00,4u_1705_44,4U 1705-44,4U_1705-44,NS,2010-09-07T06:17:20,True,,RXTE/PCA,PCA_OGIP_RATE43_OVERLAP_V1,data/processed/native/95060-01-63-00.npz,data/processed/native/95060-01-63-00.npz,840e24cec2958504d1173e5698b4853a0d84f5e3ae26668a5e478ae48245e418,95060-01-63-00,95060-01-63-00
95060-01-77-00,95060-01-77-00,4u_1705_44,4U 1705-44,4U_1705-44,NS,2010-11-02T02:10:40,True,,RXTE/PCA,PCA_OGIP_RATE43_OVERLAP_V1,data/processed/native/95060-01-77-00.npz,data/processed/native/95060-01-77-00.npz,70234508e41fde01a85e7071d2bbd8c5587b5c203c23e10f0ff98f8a3f78538f,95060-01-77-00,95060-01-77-00
95087-01-15-00,95087-01-15-00,4u_1636_536,4U 1636-536,4U_1636-53,NS,2010-01-30T07:49:52,True,,RXTE/PCA,PCA_OGIP_RATE43_OVERLAP_V1,data/processed/native/95087-01-15-00.npz,data/processed/native/95087-01-15-00.npz,4de951dbc93a04ac9d6f58ba0d692dee703a02cea360bf10875f3c312eef49e8,95087-01-15-00,95087-01-15-00
95087-01-15-10,95087-01-15-10,4u_1636_536,4U 1636-536,4U_1636-53,NS,2010-08-14T16:05:36,True,,RXTE/PCA,PCA_OGIP_RATE43_OVERLAP_V1,data/processed/native/95087-01-15-10.npz,data/processed/native/95087-01-15-10.npz,723b0290c9f9bc8094db6f93bd2d4843c71703662adffa721cc7938b6d7e1640,95087-01-15-10,95087-01-15-10
95087-01-61-10,95087-01-61-10,4u_1636_536,4U 1636-536,4U_1636-53,NS,,False,Selected PCUs not continuously on in sampled GTIs; re-extraction required,RXTE/PCA,,,,,,
95087-01-71-00,95087-01-71-00,4u_1636_536,4U 1636-536,4U_1636-53,NS,2010-05-22T13:48:48,True,,RXTE/PCA,PCA_OGIP_RATE43_OVERLAP_V1,data/processed/native/95087-01-71-00.npz,data/processed/native/95087-01-71-00.npz,a89f47ccba8cadbff4a91408927b30fee3a757ecebc1b4ac143dd2602125695b,95087-01-71-00,95087-01-71-00
95324-01-01-00,95324-01-01-00,4u_1254_69,4U 1254-69,4U_1254-69,NS,2009-12-31T20:45:36,True,,RXTE/PCA,PCA_OGIP_RATE43_OVERLAP_V1,data/processed/native/95324-01-01-00.npz,data/processed/native/95324-01-01-00.npz,a2201a40af83e7b7d95c4e0a602d79293c7799ce7f4819013293a5bf5c1b66cc,95324-01-01-00,95324-01-01-00
95324-01-01-01,95324-01-01-01,4u_1254_69,4U 1254-69,4U_1254-69,NS,2009-12-31T11:50:56,True,,RXTE/PCA,PCA_OGIP_RATE43_OVERLAP_V1,data/processed/native/95324-01-01-01.npz,data/processed/native/95324-01-01-01.npz,a2201a40af83e7b7d95c4e0a602d79293c7799ce7f4819013293a5bf5c1b66cc,95324-01-01-01,95324-01-01-01
95324-01-02-00,95324-01-02-00,4u_1254_69,4U 1254-69,4U_1254-69,NS,2010-01-01T09:34:56,True,,RXTE/PCA,PCA_OGIP_RATE43_OVERLAP_V1,data/processed/native/95324-01-02-00.npz,data/processed/native/95324-01-02-00.npz,b43db8a8e91e67d1d23ddfed3e0b705c3c1e49731bf91dd76fb55fe1bb2f58be,95324-01-02-00,95324-01-02-00
95324-01-02-01,95324-01-02-01,4u_1254_69,4U 1254-69,4U_1254-69,NS,2010-01-01T13:44:48,True,,RXTE/PCA,PCA_OGIP_RATE43_OVERLAP_V1,data/processed/native/95324-01-02-01.npz,data/processed/native/95324-01-02-01.npz,b43db8a8e91e67d1d23ddfed3e0b705c3c1e49731bf91dd76fb55fe1bb2f58be,95324-01-02-01,95324-01-02-01
95334-01-03-00,95334-01-03-00,4u_1608_522,4U 1608-522,4U_1608-52,NS,2010-03-12T18:20:00,True,,RXTE/PCA,PCA_OGIP_RATE43_OVERLAP_V1,data/processed/native/95334-01-03-00.npz,data/processed/native/95334-01-03-00.npz,e1ca34ad09ddaf82704094101eedc659585c648378b439ef642eb55fc250e84d,95334-01-03-00,95334-01-03-00
95338-04-01-01,95338-04-01-01,4u_1702_429,4U 1702-429,4U1702-429,NS,,False,Selected PCUs not continuously on in sampled GTIs; re-extraction required,RXTE/PCA,,,,,,
95345-01-02-01,95345-01-02-01,cyg_x_2,Cyg X-2,CYG_X-2,NS,,False,Selected PCUs not continuously on in sampled GTIs; re-extraction required,RXTE/PCA,,,,,,
95345-01-18-00,95345-01-18-00,cyg_x_2,Cyg X-2,CYG_X-2,NS,,False,Selected PCUs not continuously on in sampled GTIs; re-extraction required,RXTE/PCA,,,,,,
95345-01-32-00,95345-01-32-00,cyg_x_2,Cyg X-2,CYG_X-2,NS,2010-12-22T13:32:32,True,,RXTE/PCA,PCA_OGIP_RATE43_OVERLAP_V1,data/processed/native/95345-01-32-00.npz,data/processed/native/95345-01-32-00.npz,0263f362fb337fa7675eb59f6c64923fc12a69a012ba52fa1ee8136d4fd4068b,95345-01-32-00,95345-01-32-00
95345-01-42-00,95345-01-42-00,cyg_x_2,Cyg X-2,CYG_X-2,NS,2010-12-26T06:23:44,True,,RXTE/PCA,PCA_OGIP_RATE43_OVERLAP_V1,data/processed/native/95345-01-42-00.npz,data/processed/native/95345-01-42-00.npz,ff0c9ad2bdd9df3c92bf9df2461eb3ce4a789148b8fa2eefd09977f781531eaa,95345-01-42-00,95345-01-42-00
95401-01-03-10,95401-01-03-10,igr_j00291_5934,IGR J00291+5934,IGR_J00291+5934,NS,,False,Missing retrieved source product,RXTE/PCA,,,,,,
95401-01-11-00,95401-01-11-00,igr_j00291_5934,IGR J00291+5934,IGR_J00291+5934,NS,2010-02-07T04:36:00,False,net_5_25_keV_recorded_rate_not_greater_than_5_count_s_PCU,RXTE/PCA,PCA_OGIP_RATE43_OVERLAP_V1,data/processed/native/95401-01-11-00.npz,data/processed/native/95401-01-11-00.npz,16a136fda70871410c91f46f325887654c9a9762ad57263f101a615362f2518d,95401-01-11-00,95401-01-11-00
95401-01-25-00,95401-01-25-00,igr_j00291_5934,IGR J00291+5934,IGR_J00291+5934,NS,2010-03-28T02:50:08,False,net_5_25_keV_recorded_rate_not_greater_than_5_count_s_PCU,RXTE/PCA,PCA_OGIP_RATE43_OVERLAP_V1,data/processed/native/95401-01-25-00.npz,data/processed/native/95401-01-25-00.npz,1bf729cf7ccfb6fbb8a5302614eadb836c3b03e21e62c401e658a40d543e7829,95401-01-25-00,95401-01-25-00
95401-01-40-00,95401-01-40-00,igr_j00291_5934,IGR J00291+5934,IGR_J00291+5934,NS,2010-05-18T23:13:04,False,net_5_25_keV_recorded_rate_not_greater_than_5_count_s_PCU,RXTE/PCA,PCA_OGIP_RATE43_OVERLAP_V1,data/processed/native/95401-01-40-00.npz,data/processed/native/95401-01-40-00.npz,b82a5c9c003acc6c2fb42ab7efa95f8feb270073cdc6cb32d8abcb906c9c38c8,95401-01-40-00,95401-01-40-00
95401-01-55-00,95401-01-55-00,igr_j00291_5934,IGR J00291+5934,IGR_J00291+5934,NS,2010-07-10T16:51:28,False,net_5_25_keV_recorded_rate_not_greater_than_5_count_s_PCU,RXTE/PCA,PCA_OGIP_RATE43_OVERLAP_V1,data/processed/native/95401-01-55-00.npz,data/processed/native/95401-01-55-00.npz,b2460fbe2e4d34ac98c8d5ef87ccf9ace6eca84848f742918c815f04906dbdc5,95401-01-55-00,95401-01-55-00
95401-01-70-00,95401-01-70-00,igr_j00291_5934,IGR J00291+5934,IGR_J00291+5934,NS,2010-09-02T02:32:32,False,net_5_25_keV_recorded_rate_not_greater_than_5_count_s_PCU,RXTE/PCA,PCA_OGIP_RATE43_OVERLAP_V1,data/processed/native/95401-01-70-00.npz,data/processed/native/95401-01-70-00.npz,223d6949bd80d176320e0d4dc528325aaa33e43e734e36031214523671ae4993,95401-01-70-00,95401-01-70-00
95401-01-86-00,95401-01-86-00,igr_j00291_5934,IGR J00291+5934,IGR_J00291+5934,NS,2010-10-28T01:29:52,False,net_5_25_keV_recorded_rate_not_greater_than_5_count_s_PCU,RXTE/PCA,PCA_OGIP_RATE43_OVERLAP_V1,data/processed/native/95401-01-86-00.npz,data/processed/native/95401-01-86-00.npz,62da4a8c3c2169fbfbeff949fefd5e344310279af56f569f0067ba8030df1562,95401-01-86-00,95401-01-86-00
95404-01-01-01,95404-01-01-01,4u_0614_09,4U 0614+09,4U_0614+09,NS,2010-01-05T13:26:24,True,,RXTE/PCA,PCA_OGIP_RATE43_OVERLAP_V1,data/processed/native/95404-01-01-01.npz,data/processed/native/95404-01-01-01.npz,f77b3fdc878cae24ace57a52de2c9e151f7fe14ef092a0d942f44a26963b24f3,95404-01-01-01,95404-01-01-01
95404-01-09-02,95404-01-09-02,4u_0614_09,4U 0614+09,4U_0614+09,NS,2010-11-01T17:16:32,True,,RXTE/PCA,PCA_OGIP_RATE43_OVERLAP_V1,data/processed/native/95404-01-09-02.npz,data/processed/native/95404-01-09-02.npz,63caebbad93c14a2eca2c73a97590e0dd21cdd4b3d4663347d4d90844a0f7636,95404-01-09-02,95404-01-09-02
95407-01-01-00,95407-01-01-00,sax_j1808_4_3658,SAX J1808.4-3658,SAX_J1808.4-3658,NS,2010-01-20T07:47:44,False,net_5_25_keV_recorded_rate_not_greater_than_5_count_s_PCU,RXTE/PCA,PCA_OGIP_RATE43_OVERLAP_V1,data/processed/native/95407-01-01-00.npz,data/processed/native/95407-01-01-00.npz,5b09530edb0aa5b0c5f64561ca89102762c14f3f4eb16c36929a68d43295ad57,95407-01-01-00,95407-01-01-00
95407-01-10-00,95407-01-10-00,sax_j1808_4_3658,SAX J1808.4-3658,SAX_J1808.4-3658,NS,2010-11-13T04:30:24,False,net_5_25_keV_recorded_rate_not_greater_than_5_count_s_PCU,RXTE/PCA,PCA_OGIP_RATE43_OVERLAP_V1,data/processed/native/95407-01-10-00.npz,data/processed/native/95407-01-10-00.npz,34deed35f332e7abb8010d734629e4f9cd0b5795d5b7dbf7c02f4920914821cf,95407-01-10-00,95407-01-10-00
95409-01-07-01,95409-01-07-01,gx_339_4,GX 339-4,GX_339-4,BH,2010-02-23T12:12:00,True,,RXTE/PCA,PCA_OGIP_RATE43_OVERLAP_V1,data/processed/native/95409-01-07-01.npz,data/processed/native/95409-01-07-01.npz,015506a210d737eb496e7c70fa8e4af70f8367b1f32e8e3a32d7d683120b0bc8,95409-01-07-01,95409-01-07-01
95409-01-15-01,95409-01-15-01,gx_339_4,GX 339-4,GX_339-4,BH,2010-04-17T14:30:08,True,,RXTE/PCA,PCA_OGIP_RATE43_OVERLAP_V1,data/processed/native/95409-01-15-01.npz,data/processed/native/95409-01-15-01.npz,3b3dc17d5d2e66313a2c31bd5a5ffc9217928ae7bd79832202391df27b7ff962,95409-01-15-01,95409-01-15-01
95409-01-21-00,95409-01-21-00,gx_339_4,GX 339-4,GX_339-4,BH,2010-05-28T20:42:56,True,,RXTE/PCA,PCA_OGIP_RATE43_OVERLAP_V1,data/processed/native/95409-01-21-00.npz,data/processed/native/95409-01-21-00.npz,fba341c789002aedd3f85fc7d5329eb125bd0413d46671a9402b3d3a98579cea,95409-01-21-00,95409-01-21-00
95409-01-26-07,95409-01-26-07,gx_339_4,GX 339-4,GX_339-4,BH,,False,Missing retrieved source product,RXTE/PCA,,,,,,
95409-01-38-01,95409-01-38-01,gx_339_4,GX 339-4,GX_339-4,BH,2010-10-10T23:22:08,True,,RXTE/PCA,PCA_OGIP_RATE43_OVERLAP_V1,data/processed/native/95409-01-38-01.npz,data/processed/native/95409-01-38-01.npz,b1153437df8eb1bd78d6fe73389c2f9bbc7ac19cab23b82143b8007634720361,95409-01-38-01,95409-01-38-01
95413-01-06-01,95413-01-06-01,aql_x_1,Aql X-1,AQL_X-1,NS,2010-09-11T01:10:56,True,,RXTE/PCA,PCA_OGIP_RATE43_OVERLAP_V1,data/processed/native/95413-01-06-01.npz,data/processed/native/95413-01-06-01.npz,70981eb56b20c2ed7b4b81a317da184db0d55a9e7f46b7e6bcdcf6a5710186a0,95413-01-06-01,95413-01-06-01
95416-01-01-00,95416-01-01-00,1a_1744_361,1A 1744-361,A1744-361,NS,2010-03-26T10:25:20,True,,RXTE/PCA,PCA_OGIP_RATE43_OVERLAP_V1,data/processed/native/95416-01-01-00.npz,data/processed/native/95416-01-01-00.npz,b15496689ea5be44963d685f0fcbaf8f4a855e631476d8c7a08ec173dcaa174b,95416-01-01-00,95416-01-01-00
95416-01-01-02,95416-01-01-02,1a_1744_361,1A 1744-361,A1744-361,NS,2010-03-29T13:48:16,True,,RXTE/PCA,PCA_OGIP_RATE43_OVERLAP_V1,data/processed/native/95416-01-01-02.npz,data/processed/native/95416-01-01-02.npz,54564c0bd44f9e6ee8da9fba5590b69ef49a44f90913f98b7dc6bbe815ad275e,95416-01-01-02,95416-01-01-02
95416-01-01-03,95416-01-01-03,1a_1744_361,1A 1744-361,A1744-361,NS,,False,Selected PCUs not continuously on in sampled GTIs; re-extraction required,RXTE/PCA,,,,,,
95416-01-02-00,95416-01-02-00,1a_1744_361,1A 1744-361,A1744-361,NS,2010-04-02T19:49:20,True,,RXTE/PCA,PCA_OGIP_RATE43_OVERLAP_V1,data/processed/native/95416-01-02-00.npz,data/processed/native/95416-01-02-00.npz,5cdbf45566d8b2d93413d60a12f7de261f6d1ddc14e8423c7a2508331c28e067,95416-01-02-00,95416-01-02-00
95416-01-02-02,95416-01-02-02,1a_1744_361,1A 1744-361,A1744-361,NS,2010-04-05T06:09:04,True,,RXTE/PCA,PCA_OGIP_RATE43_OVERLAP_V1,data/processed/native/95416-01-02-02.npz,data/processed/native/95416-01-02-02.npz,c1bafef3f738118d9ec8605aae4e4f640f3e8f6235dd0b626a0af1dde518daf1,95416-01-02-02,95416-01-02-02
95436-01-01-00,95436-01-01-00,v4641_sgr,V4641 Sgr,V4641_SGR,BH,2010-10-03T06:32:32,True,,RXTE/PCA,PCA_OGIP_RATE43_OVERLAP_V1,data/processed/native/95436-01-01-00.npz,data/processed/native/95436-01-01-00.npz,9fec51f157911ed283120abf4f662a9162353b13862ff1e3d2d681c2bf8df4c1,95436-01-01-00,95436-01-01-00
96027-01-01-00,96027-01-01-00,sax_j1808_4_3658,SAX J1808.4-3658,SAX_J1808.4-3658,NS,2011-11-05T01:00:00,True,,RXTE/PCA,PCA_OGIP_RATE43_OVERLAP_V1,data/processed/native/96027-01-01-00.npz,data/processed/native/96027-01-01-00.npz,9b20e158357c7eb3fff67f8411f7d9557286dba91238edcf44bfdbe06ffb0e59,96027-01-01-00,96027-01-01-00
96027-01-02-07,96027-01-02-07,sax_j1808_4_3658,SAX J1808.4-3658,SAX_J1808.4-3658,NS,2011-11-14T22:54:24,True,,RXTE/PCA,PCA_OGIP_RATE43_OVERLAP_V1,data/processed/native/96027-01-02-07.npz,data/processed/native/96027-01-02-07.npz,d77c598ee9b45f952d69295147af688d504c23708a2473c33a6ca46fac3516d1,96027-01-02-07,96027-01-02-07
96027-01-03-13,96027-01-03-13,sax_j1808_4_3658,SAX J1808.4-3658,SAX_J1808.4-3658,NS,2011-11-24T00:28:00,False,net_5_25_keV_recorded_rate_not_greater_than_5_count_s_PCU,RXTE/PCA,PCA_OGIP_RATE43_OVERLAP_V1,data/processed/native/96027-01-03-13.npz,data/processed/native/96027-01-03-13.npz,82cdc9107c27551bbbbdbf0e198e6e61b96fe17e51b80749ab4283167ced1e36,96027-01-03-13,96027-01-03-13
96030-01-07-00,96030-01-07-00,hete_j1900_1_2455,HETE J1900.1-2455,HETE_J1900.1-2455,NS,2011-03-17T20:56:00,True,,RXTE/PCA,PCA_OGIP_RATE43_OVERLAP_V1,data/processed/native/96030-01-07-00.npz,data/processed/native/96030-01-07-00.npz,87381fd2652b89b6670ed009d5c46164ad74197bd731da704fe35c310a9c5726,96030-01-07-00,96030-01-07-00
96030-01-20-00,96030-01-20-00,hete_j1900_1_2455,HETE J1900.1-2455,HETE_J1900.1-2455,NS,2011-06-14T18:28:32,True,,RXTE/PCA,PCA_OGIP_RATE43_OVERLAP_V1,data/processed/native/96030-01-20-00.npz,data/processed/native/96030-01-20-00.npz,c9a575c18bebab4919fd47c53fa206ca1babc911f3dedeb5b1e47ab1b2f4e05f,96030-01-20-00,96030-01-20-00
96030-01-32-00,96030-01-32-00,hete_j1900_1_2455,HETE J1900.1-2455,HETE_J1900.1-2455,NS,2011-09-06T04:49:36,True,,RXTE/PCA,PCA_OGIP_RATE43_OVERLAP_V1,data/processed/native/96030-01-32-00.npz,data/processed/native/96030-01-32-00.npz,06386468adf4e99225b86d3d25578ffa84f2e17808d6549dc15674dcf902bfde,96030-01-32-00,96030-01-32-00
96030-01-45-00,96030-01-45-00,hete_j1900_1_2455,HETE J1900.1-2455,HETE_J1900.1-2455,NS,,False,Selected PCUs not continuously on in sampled GTIs; re-extraction required,RXTE/PCA,,,,,,
96060-01-10-00,96060-01-10-00,4u_1705_44,4U 1705-44,4U_1705-44,NS,2011-02-08T18:19:12,True,,RXTE/PCA,PCA_OGIP_RATE43_OVERLAP_V1,data/processed/native/96060-01-10-00.npz,data/processed/native/96060-01-10-00.npz,070650d03d06724486eac2d010841ca87fbbe4bf65646cef1a314ec59b15d1c3,96060-01-10-00,96060-01-10-00
96060-01-23-00,96060-01-23-00,4u_1705_44,4U 1705-44,4U_1705-44,NS,2011-04-01T13:37:20,True,,RXTE/PCA,PCA_OGIP_RATE43_OVERLAP_V1,data/processed/native/96060-01-23-00.npz,data/processed/native/96060-01-23-00.npz,359a7b6f411067c06dcf562a7a302eabb5a4788bf8060664e9ed87253f0702c7,96060-01-23-00,96060-01-23-00
96060-01-36-00,96060-01-36-00,4u_1705_44,4U 1705-44,4U_1705-44,NS,2011-05-23T16:30:24,True,,RXTE/PCA,PCA_OGIP_RATE43_OVERLAP_V1,data/processed/native/96060-01-36-00.npz,data/processed/native/96060-01-36-00.npz,85711b4e560b31045c9ecf5aa7748ae730b902dfb68356fdbbb883b720631eb7,96060-01-36-00,96060-01-36-00
96060-01-51-00,96060-01-51-00,4u_1705_44,4U 1705-44,4U_1705-44,NS,2011-07-22T08:43:28,True,,RXTE/PCA,PCA_OGIP_RATE43_OVERLAP_V1,data/processed/native/96060-01-51-00.npz,data/processed/native/96060-01-51-00.npz,32f6ebbd3c44f301fa4f44a15df5fc54c33820d01f7e917273746fac02c09c58,96060-01-51-00,96060-01-51-00
96060-01-65-00,96060-01-65-00,4u_1705_44,4U 1705-44,4U_1705-44,NS,2011-09-16T12:36:48,True,,RXTE/PCA,PCA_OGIP_RATE43_OVERLAP_V1,data/processed/native/96060-01-65-00.npz,data/processed/native/96060-01-65-00.npz,d8f6a7a0952f76b45a8627e839944775adacab7efb73d61d66e953409d6c72d6,96060-01-65-00,96060-01-65-00
96060-01-78-00,96060-01-78-00,4u_1705_44,4U 1705-44,4U_1705-44,NS,2011-11-19T23:43:28,True,,RXTE/PCA,PCA_OGIP_RATE43_OVERLAP_V1,data/processed/native/96060-01-78-00.npz,data/processed/native/96060-01-78-00.npz,5acceec447c07c8c500d5891d133665ed3aa483d8c9997bd2c30770ec113e111,96060-01-78-00,96060-01-78-00
96085-04-01-00,96085-04-01-00,sax_j1806_5_2215,SAX J1806.5-2215,SAX_J1806.5-2215,NS,2011-02-24T23:02:40,True,,RXTE/PCA,PCA_OGIP_RATE43_OVERLAP_V1,data/processed/native/96085-04-01-00.npz,data/processed/native/96085-04-01-00.npz,b4892316fc707e123edbc9105eb38ac4c73e3a20862fe810e245fee06c783549,96085-04-01-00,96085-04-01-00
96085-04-02-01,96085-04-02-01,sax_j1806_5_2215,SAX J1806.5-2215,SAX_J1806.5-2215,NS,2011-02-27T18:41:20,True,,RXTE/PCA,PCA_OGIP_RATE43_OVERLAP_V1,data/processed/native/96085-04-02-01.npz,data/processed/native/96085-04-02-01.npz,bb3349f60c5c960820e2680aaf9d697fff53f6a102188cf84f2a3a5e309c4499,96085-04-02-01,96085-04-02-01
96085-04-03-00,96085-04-03-00,sax_j1806_5_2215,SAX J1806.5-2215,SAX_J1806.5-2215,NS,2011-03-11T18:56:32,True,,RXTE/PCA,PCA_OGIP_RATE43_OVERLAP_V1,data/processed/native/96085-04-03-00.npz,data/processed/native/96085-04-03-00.npz,f973db09d2a515deae8939710b5f8fddb21e4bfbdbf9eef5588d50334f7d1a8f,96085-04-03-00,96085-04-03-00
96085-04-03-02,96085-04-03-02,sax_j1806_5_2215,SAX J1806.5-2215,SAX_J1806.5-2215,NS,2011-03-15T10:49:04,True,,RXTE/PCA,PCA_OGIP_RATE43_OVERLAP_V1,data/processed/native/96085-04-03-02.npz,data/processed/native/96085-04-03-02.npz,5a13d05d64e7cbeed6a5e51fe14f35852a1e1c9c5b5f0e398a2564fff97fcf6d,96085-04-03-02,96085-04-03-02
96085-04-03-03,96085-04-03-03,sax_j1806_5_2215,SAX J1806.5-2215,SAX_J1806.5-2215,NS,2011-03-15T12:23:12,True,,RXTE/PCA,PCA_OGIP_RATE43_OVERLAP_V1,data/processed/native/96085-04-03-03.npz,data/processed/native/96085-04-03-03.npz,5a13d05d64e7cbeed6a5e51fe14f35852a1e1c9c5b5f0e398a2564fff97fcf6d,96085-04-03-03,96085-04-03-03
96085-04-04-00,96085-04-04-00,sax_j1806_5_2215,SAX J1806.5-2215,SAX_J1806.5-2215,NS,2011-03-18T06:15:28,True,,RXTE/PCA,PCA_OGIP_RATE43_OVERLAP_V1,data/processed/native/96085-04-04-00.npz,data/processed/native/96085-04-04-00.npz,31dccc4d8ed10dd5b5c3049dedfaa24426ec36d2d851f5134bb239752ef31546,96085-04-04-00,96085-04-04-00
96085-04-04-01,96085-04-04-01,sax_j1806_5_2215,SAX J1806.5-2215,SAX_J1806.5-2215,NS,2011-03-19T07:21:36,True,,RXTE/PCA,PCA_OGIP_RATE43_OVERLAP_V1,data/processed/native/96085-04-04-01.npz,data/processed/native/96085-04-04-01.npz,0599c273de8250c2d0ba5e1ad7c32af96a45773073934e4a3ebf5fee72a3e25d,96085-04-04-01,96085-04-04-01
96085-04-04-03,96085-04-04-03,sax_j1806_5_2215,SAX J1806.5-2215,SAX_J1806.5-2215,NS,2011-03-21T03:16:48,True,,RXTE/PCA,PCA_OGIP_RATE43_OVERLAP_V1,data/processed/native/96085-04-04-03.npz,data/processed/native/96085-04-04-03.npz,4c95f730d236bada6ed40434eb82e08e83f5dfb68ad284cca5f95be87e796f82,96085-04-04-03,96085-04-04-03
96085-04-05-00,96085-04-05-00,sax_j1806_5_2215,SAX J1806.5-2215,SAX_J1806.5-2215,NS,2011-03-26T00:52:32,True,,RXTE/PCA,PCA_OGIP_RATE43_OVERLAP_V1,data/processed/native/96085-04-05-00.npz,data/processed/native/96085-04-05-00.npz,56a08a93dad11fe5f765ae00496193678abb4e1846e32b716cb5f771f5d22ede,96085-04-05-00,96085-04-05-00
96085-04-05-03,96085-04-05-03,sax_j1806_5_2215,SAX J1806.5-2215,SAX_J1806.5-2215,NS,2011-03-29T02:42:56,True,,RXTE/PCA,PCA_OGIP_RATE43_OVERLAP_V1,data/processed/native/96085-04-05-03.npz,data/processed/native/96085-04-05-03.npz,a12128335417aee4aa087b68d02fdb6353b131a0697f515b521f2cdff1a8032a,96085-04-05-03,96085-04-05-03
96085-04-06-00,96085-04-06-00,sax_j1806_5_2215,SAX J1806.5-2215,SAX_J1806.5-2215,NS,2011-04-01T01:04:32,True,,RXTE/PCA,PCA_OGIP_RATE43_OVERLAP_V1,data/processed/native/96085-04-06-00.npz,data/processed/native/96085-04-06-00.npz,359a7b6f411067c06dcf562a7a302eabb5a4788bf8060664e9ed87253f0702c7,96085-04-06-00,96085-04-06-00
96085-04-06-01,96085-04-06-01,sax_j1806_5_2215,SAX J1806.5-2215,SAX_J1806.5-2215,NS,2011-04-02T20:57:20,True,,RXTE/PCA,PCA_OGIP_RATE43_OVERLAP_V1,data/processed/native/96085-04-06-01.npz,data/processed/native/96085-04-06-01.npz,b6bb793003a7a96449cd97a34c70d7735ac3db0ede8873b457279958f00dac36,96085-04-06-01,96085-04-06-01
96085-04-08-00,96085-04-08-00,sax_j1806_5_2215,SAX J1806.5-2215,SAX_J1806.5-2215,NS,2011-04-20T14:00:48,True,,RXTE/PCA,PCA_OGIP_RATE43_OVERLAP_V1,data/processed/native/96085-04-08-00.npz,data/processed/native/96085-04-08-00.npz,6e7a32b7701af58f410e3723b88da69a39cbda8d718b7f01208f9c021db2b660,96085-04-08-00,96085-04-08-00
96085-04-09-00,96085-04-09-00,sax_j1806_5_2215,SAX J1806.5-2215,SAX_J1806.5-2215,NS,2011-04-24T16:32:32,True,,RXTE/PCA,PCA_OGIP_RATE43_OVERLAP_V1,data/processed/native/96085-04-09-00.npz,data/processed/native/96085-04-09-00.npz,d88961fbbe3c5cf09b0ab931c10558e6e21680198211d046e78955c7cc4d66d4,96085-04-09-00,96085-04-09-00
96085-04-09-01,96085-04-09-01,sax_j1806_5_2215,SAX J1806.5-2215,SAX_J1806.5-2215,NS,2011-04-28T16:52:16,True,,RXTE/PCA,PCA_OGIP_RATE43_OVERLAP_V1,data/processed/native/96085-04-09-01.npz,data/processed/native/96085-04-09-01.npz,e4467350a7bab2d76fcb84885aa97e7a1c75b22eeb6302b477c1fc97db029cc1,96085-04-09-01,96085-04-09-01
96085-04-10-01,96085-04-10-01,sax_j1806_5_2215,SAX J1806.5-2215,SAX_J1806.5-2215,NS,2011-05-05T20:40:48,True,,RXTE/PCA,PCA_OGIP_RATE43_OVERLAP_V1,data/processed/native/96085-04-10-01.npz,data/processed/native/96085-04-10-01.npz,23d225ff1e19ed0949280a2c2d026b44a6d6d1ee3187ac86e883156ee6ed6e46,96085-04-10-01,96085-04-10-01
96085-04-11-00,96085-04-11-00,sax_j1806_5_2215,SAX J1806.5-2215,SAX_J1806.5-2215,NS,2011-05-06T16:59:44,True,,RXTE/PCA,PCA_OGIP_RATE43_OVERLAP_V1,data/processed/native/96085-04-11-00.npz,data/processed/native/96085-04-11-00.npz,67ac04125c456e889d98820b77a8a4916543c52d0eca58194cf89ccf0ad0c803,96085-04-11-00,96085-04-11-00
96085-04-12-01,96085-04-12-01,sax_j1806_5_2215,SAX J1806.5-2215,SAX_J1806.5-2215,NS,2011-05-16T15:16:32,True,,RXTE/PCA,PCA_OGIP_RATE43_OVERLAP_V1,data/processed/native/96085-04-12-01.npz,data/processed/native/96085-04-12-01.npz,3d076ff84c4d933e9f634f1b44c98a6a103cc4bbd0cff2aab61df3f4b7b89248,96085-04-12-01,96085-04-12-01
96085-04-13-00,96085-04-13-00,sax_j1806_5_2215,SAX J1806.5-2215,SAX_J1806.5-2215,NS,2011-05-24T11:19:12,True,,RXTE/PCA,PCA_OGIP_RATE43_OVERLAP_V1,data/processed/native/96085-04-13-00.npz,data/processed/native/96085-04-13-00.npz,ab04e4094f8a7295ff4b521b3b5ba947c5b61bbd605a26536fb6c4d0b05b5194,96085-04-13-00,96085-04-13-00
96085-04-15-00,96085-04-15-00,sax_j1806_5_2215,SAX J1806.5-2215,SAX_J1806.5-2215,NS,2011-06-07T12:16:32,True,,RXTE/PCA,PCA_OGIP_RATE43_OVERLAP_V1,data/processed/native/96085-04-15-00.npz,data/processed/native/96085-04-15-00.npz,803a5e25cf079929a2a4f1a69889fc5a1a59978c7a24db9a7ae4fad50e5f0433,96085-04-15-00,96085-04-15-00
96085-04-16-00,96085-04-16-00,sax_j1806_5_2215,SAX J1806.5-2215,SAX_J1806.5-2215,NS,2011-06-12T06:35:12,True,,RXTE/PCA,PCA_OGIP_RATE43_OVERLAP_V1,data/processed/native/96085-04-16-00.npz,data/processed/native/96085-04-16-00.npz,c42e6009875708e6567feb1860fd0b15a4b1c97eaf6680b280e43e7084012b4d,96085-04-16-00,96085-04-16-00
96085-04-17-00,96085-04-17-00,sax_j1806_5_2215,SAX J1806.5-2215,SAX_J1806.5-2215,NS,2011-06-19T06:18:56,True,,RXTE/PCA,PCA_OGIP_RATE43_OVERLAP_V1,data/processed/native/96085-04-17-00.npz,data/processed/native/96085-04-17-00.npz,7535dd5eb3cd3cf298b4c55158d4941ea94359eca5b62489812f9017daaa8ece,96085-04-17-00,96085-04-17-00
96085-04-19-00,96085-04-19-00,sax_j1806_5_2215,SAX J1806.5-2215,SAX_J1806.5-2215,NS,2011-07-04T11:30:24,True,,RXTE/PCA,PCA_OGIP_RATE43_OVERLAP_V1,data/processed/native/96085-04-19-00.npz,data/processed/native/96085-04-19-00.npz,6df37f9ff284ca835cc2eccae951434aa846179a5644f5bde3b4cdad055e42dd,96085-04-19-00,96085-04-19-00
96085-04-20-00,96085-04-20-00,sax_j1806_5_2215,SAX J1806.5-2215,SAX_J1806.5-2215,NS,2011-07-13T18:01:36,True,,RXTE/PCA,PCA_OGIP_RATE43_OVERLAP_V1,data/processed/native/96085-04-20-00.npz,data/processed/native/96085-04-20-00.npz,198b77aea8d576fe3c353854e381a66cdb68b0232b5931ceeb5d57b4527aeebd,96085-04-20-00,96085-04-20-00
96085-04-23-00,96085-04-23-00,sax_j1806_5_2215,SAX J1806.5-2215,SAX_J1806.5-2215,NS,2011-08-02T04:51:28,True,,RXTE/PCA,PCA_OGIP_RATE43_OVERLAP_V1,data/processed/native/96085-04-23-00.npz,data/processed/native/96085-04-23-00.npz,d8f54556ceb5bcf8a9cfdaa0434c1676339a3f6f92efd84e8866a78118135389,96085-04-23-00,96085-04-23-00
96085-04-25-00,96085-04-25-00,sax_j1806_5_2215,SAX J1806.5-2215,SAX_J1806.5-2215,NS,2011-08-12T12:33:36,True,,RXTE/PCA,PCA_OGIP_RATE43_OVERLAP_V1,data/processed/native/96085-04-25-00.npz,data/processed/native/96085-04-25-00.npz,8a6b684839c26c5a055d15074d1c9dbdc122ae7975a0060c9ca9a8ec85d9ddf6,96085-04-25-00,96085-04-25-00
96085-04-26-00,96085-04-26-00,sax_j1806_5_2215,SAX J1806.5-2215,SAX_J1806.5-2215,NS,2011-08-27T08:13:36,True,,RXTE/PCA,PCA_OGIP_RATE43_OVERLAP_V1,data/processed/native/96085-04-26-00.npz,data/processed/native/96085-04-26-00.npz,ca0da7135cbdc77e64ea683bac740017a66bada9032020b6402bd7a8c2ab7563,96085-04-26-00,96085-04-26-00
96085-04-28-00,96085-04-28-00,sax_j1806_5_2215,SAX J1806.5-2215,SAX_J1806.5-2215,NS,2011-09-23T04:01:20,True,,RXTE/PCA,PCA_OGIP_RATE43_OVERLAP_V1,data/processed/native/96085-04-28-00.npz,data/processed/native/96085-04-28-00.npz,8d2da3b3effae8b51fc49447ad1a34ea6e0ab75cc057893422445d6d6715d3dc,96085-04-28-00,96085-04-28-00
96085-04-29-00,96085-04-29-00,sax_j1806_5_2215,SAX J1806.5-2215,SAX_J1806.5-2215,NS,2011-09-16T00:25:36,True,,RXTE/PCA,PCA_OGIP_RATE43_OVERLAP_V1,data/processed/native/96085-04-29-00.npz,data/processed/native/96085-04-29-00.npz,d8f6a7a0952f76b45a8627e839944775adacab7efb73d61d66e953409d6c72d6,96085-04-29-00,96085-04-29-00
96085-04-30-00,96085-04-30-00,sax_j1806_5_2215,SAX J1806.5-2215,SAX_J1806.5-2215,NS,2011-10-03T16:16:00,True,,RXTE/PCA,PCA_OGIP_RATE43_OVERLAP_V1,data/processed/native/96085-04-30-00.npz,data/processed/native/96085-04-30-00.npz,8167da3e43637bd28fb69402cefcc3cf8c6b0993f44156f92230895df248b9c6,96085-04-30-00,96085-04-30-00
96085-04-31-00,96085-04-31-00,sax_j1806_5_2215,SAX J1806.5-2215,SAX_J1806.5-2215,NS,2011-10-08T13:46:56,True,,RXTE/PCA,PCA_OGIP_RATE43_OVERLAP_V1,data/processed/native/96085-04-31-00.npz,data/processed/native/96085-04-31-00.npz,1f95a246ffefe7e1b9ea1662e20041344a044e539cceefee8e85398e78ac8c89,96085-04-31-00,96085-04-31-00
96085-04-33-00,96085-04-33-00,sax_j1806_5_2215,SAX J1806.5-2215,SAX_J1806.5-2215,NS,2011-10-28T03:37:36,True,,RXTE/PCA,PCA_OGIP_RATE43_OVERLAP_V1,data/processed/native/96085-04-33-00.npz,data/processed/native/96085-04-33-00.npz,b5f32b731524fa47caa0f986607b73be70f438df54ec0f6782a990b50412db0f,96085-04-33-00,96085-04-33-00
96087-01-25-00,96087-01-25-00,4u_1636_536,4U 1636-536,4U_1636-53,NS,2011-02-18T16:32:32,True,,RXTE/PCA,PCA_OGIP_RATE43_OVERLAP_V1,data/processed/native/96087-01-25-00.npz,data/processed/native/96087-01-25-00.npz,84c5bad6f608bbeb601a560cc2e2850e54fce73b9f532813ddd6d8892bc5fe8f,96087-01-25-00,96087-01-25-00
96087-01-28-10,96087-01-28-10,4u_1636_536,4U 1636-536,4U_1636-53,NS,2011-09-08T02:09:36,True,,RXTE/PCA,PCA_OGIP_RATE43_OVERLAP_V1,data/processed/native/96087-01-28-10.npz,data/processed/native/96087-01-28-10.npz,d1fe48065a44452eae714767a446fe68adbff11d87d0e0d1b977ce68f7c39674,96087-01-28-10,96087-01-28-10
96087-01-77-00,96087-01-77-00,4u_1636_536,4U 1636-536,4U_1636-53,NS,2011-06-02T08:20:32,True,,RXTE/PCA,PCA_OGIP_RATE43_OVERLAP_V1,data/processed/native/96087-01-77-00.npz,data/processed/native/96087-01-77-00.npz,09a2d4b971b8bd96e2bb4a8c8f33e596166d24f3cf3654cf8dfdeb37ae6ffcaf,96087-01-77-00,96087-01-77-00
96087-01-84-10,96087-01-84-10,4u_1636_536,4U 1636-536,4U_1636-53,NS,2011-12-29T04:01:36,True,,RXTE/PCA,PCA_OGIP_RATE43_OVERLAP_V1,data/processed/native/96087-01-84-10.npz,data/processed/native/96087-01-84-10.npz,f91c343b400f1a01719187f28885b73f9bf488941af98b0c662b72e7a7222734,96087-01-84-10,96087-01-84-10
96307-01-04-00,96307-01-04-00,4u_0614_09,4U 0614+09,4U_0614+09,NS,2011-12-23T21:51:28,True,,RXTE/PCA,PCA_OGIP_RATE43_OVERLAP_V1,data/processed/native/96307-01-04-00.npz,data/processed/native/96307-01-04-00.npz,a9cd2f8abcdf6ee7f943a76b335a6c050131ced62d48c381a58c30b84912fd4f,96307-01-04-00,96307-01-04-00
96307-01-10-00,96307-01-10-00,4u_0614_09,4U 0614+09,4U_0614+09,NS,2011-12-29T21:48:48,True,,RXTE/PCA,PCA_OGIP_RATE43_OVERLAP_V1,data/processed/native/96307-01-10-00.npz,data/processed/native/96307-01-10-00.npz,f91c343b400f1a01719187f28885b73f9bf488941af98b0c662b72e7a7222734,96307-01-10-00,96307-01-10-00
96322-01-02-01,96322-01-02-01,4u_1728_34,4U 1728-34,4U_1728-34,NS,2011-09-05T15:04:32,True,,RXTE/PCA,PCA_OGIP_RATE43_OVERLAP_V1,data/processed/native/96322-01-02-01.npz,data/processed/native/96322-01-02-01.npz,bd5728baca5e13b720237cb2b6914befffdb1b13666dd57b5624bf26a582b37d,96322-01-02-01,96322-01-02-01
96322-01-05-00,96322-01-05-00,4u_1728_34,4U 1728-34,4U_1728-34,NS,2011-10-07T09:31:28,True,,RXTE/PCA,PCA_OGIP_RATE43_OVERLAP_V1,data/processed/native/96322-01-05-00.npz,data/processed/native/96322-01-05-00.npz,58497441dafca31ab111d9b798e40962262ae1c53b1549c0d4ac22a146b9d1d9,96322-01-05-00,96322-01-05-00
96325-01-01-03,96325-01-01-03,4u_1735_444,4U 1735-444,4U_1735-44,NS,2011-05-09T12:21:36,True,,RXTE/PCA,PCA_OGIP_RATE43_OVERLAP_V1,data/processed/native/96325-01-01-03.npz,data/processed/native/96325-01-01-03.npz,16d2beb5a8d8b4ee2e8d72d2836d6a90d0abc7858c9219db2a22a56b80d84608,96325-01-01-03,96325-01-01-03
96331-01-01-00,96331-01-01-00,4u_1735_444,4U 1735-444,4U_1735-44,NS,2011-08-20T21:08:32,True,,RXTE/PCA,PCA_OGIP_RATE43_OVERLAP_V1,data/processed/native/96331-01-01-00.npz,data/processed/native/96331-01-01-00.npz,9530fa6b0a04ef4db9de01a216d704a0bd5a421215bcffabe2148bdd51405ab9,96331-01-01-00,96331-01-01-00
96331-01-03-02,96331-01-03-02,4u_1735_444,4U 1735-444,4U_1735-44,NS,2011-10-03T17:40:32,True,,RXTE/PCA,PCA_OGIP_RATE43_OVERLAP_V1,data/processed/native/96331-01-03-02.npz,data/processed/native/96331-01-03-02.npz,8167da3e43637bd28fb69402cefcc3cf8c6b0993f44156f92230895df248b9c6,96331-01-03-02,96331-01-03-02
96401-01-06-10,96401-01-06-10,igr_j00291_5934,IGR J00291+5934,IGR_J00291+5934,NS,2011-12-29T07:59:28,False,net_5_25_keV_recorded_rate_not_greater_than_5_count_s_PCU,RXTE/PCA,PCA_OGIP_RATE43_OVERLAP_V1,data/processed/native/96401-01-06-10.npz,data/processed/native/96401-01-06-10.npz,f91c343b400f1a01719187f28885b73f9bf488941af98b0c662b72e7a7222734,96401-01-06-10,96401-01-06-10
96401-01-12-00,96401-01-12-00,igr_j00291_5934,IGR J00291+5934,IGR_J00291+5934,NS,2011-02-09T11:25:20,False,net_5_25_keV_recorded_rate_not_greater_than_5_count_s_PCU,RXTE/PCA,PCA_OGIP_RATE43_OVERLAP_V1,data/processed/native/96401-01-12-00.npz,data/processed/native/96401-01-12-00.npz,4bf1c26f0941ab3d8da7515ddfaa72ebfe6d146a6f7ee80f3dbcb76eaac7abe5,96401-01-12-00,96401-01-12-00
96401-01-28-00,96401-01-28-00,igr_j00291_5934,IGR J00291+5934,IGR_J00291+5934,NS,2011-04-07T02:42:24,False,net_5_25_keV_recorded_rate_not_greater_than_5_count_s_PCU,RXTE/PCA,PCA_OGIP_RATE43_OVERLAP_V1,data/processed/native/96401-01-28-00.npz,data/processed/native/96401-01-28-00.npz,9afd490a1c015470e9771e86971e3d6dfae70187dea59e4f269591d87de3f515,96401-01-28-00,96401-01-28-00
96401-01-43-00,96401-01-43-00,igr_j00291_5934,IGR J00291+5934,IGR_J00291+5934,NS,2011-05-29T22:16:00,False,net_5_25_keV_recorded_rate_not_greater_than_5_count_s_PCU,RXTE/PCA,PCA_OGIP_RATE43_OVERLAP_V1,data/processed/native/96401-01-43-00.npz,data/processed/native/96401-01-43-00.npz,e4b2af454031e4df8a53794c3ba758dbab6a44d2523897b89c506b4bf8e8d7ad,96401-01-43-00,96401-01-43-00
96401-01-58-00,96401-01-58-00,igr_j00291_5934,IGR J00291+5934,IGR_J00291+5934,NS,2011-07-20T18:27:28,False,net_5_25_keV_recorded_rate_not_greater_than_5_count_s_PCU,RXTE/PCA,PCA_OGIP_RATE43_OVERLAP_V1,data/processed/native/96401-01-58-00.npz,data/processed/native/96401-01-58-00.npz,4508ce8563a21a8153f6b4e20668eb94ceae8ca81282d61664f2a98fb131f1f3,96401-01-58-00,96401-01-58-00
96401-01-74-00,96401-01-74-00,igr_j00291_5934,IGR J00291+5934,IGR_J00291+5934,NS,2011-09-15T18:28:32,False,net_5_25_keV_recorded_rate_not_greater_than_5_count_s_PCU,RXTE/PCA,PCA_OGIP_RATE43_OVERLAP_V1,data/processed/native/96401-01-74-00.npz,data/processed/native/96401-01-74-00.npz,28bb1ed7141d095e9b5424f2d34634a80992b3499620950aeb68acb130a17d96,96401-01-74-00,96401-01-74-00
96401-01-89-00,96401-01-89-00,igr_j00291_5934,IGR J00291+5934,IGR_J00291+5934,NS,2011-11-07T14:32:32,False,net_5_25_keV_recorded_rate_not_greater_than_5_count_s_PCU,RXTE/PCA,PCA_OGIP_RATE43_OVERLAP_V1,data/processed/native/96401-01-89-00.npz,data/processed/native/96401-01-89-00.npz,e1509c4c36388a7387d12c9a67d5b2da4bad4589022bff8c9c5ffa1034cdef44,96401-01-89-00,96401-01-89-00
96404-01-02-00,96404-01-02-00,4u_0614_09,4U 0614+09,4U_0614+09,NS,2011-01-09T01:52:16,True,,RXTE/PCA,PCA_OGIP_RATE43_OVERLAP_V1,data/processed/native/96404-01-02-00.npz,data/processed/native/96404-01-02-00.npz,3957304b0da1c5d65bac3fb73dbcdb7ab804265d4c240d7f8fabb1d4b6ad8084,96404-01-02-00,96404-01-02-00
96409-01-02-03,96409-01-02-03,gx_339_4,GX 339-4,GX_339-4,BH,2011-01-13T21:02:56,True,,RXTE/PCA,PCA_OGIP_RATE43_OVERLAP_V1,data/processed/native/96409-01-02-03.npz,data/processed/native/96409-01-02-03.npz,506ca177d81b7e1320dcb0cac85fa04ef118a0bd31329a5fbcb3d65afe5a9a2d,96409-01-02-03,96409-01-02-03
96409-01-14-00,96409-01-14-00,gx_339_4,GX 339-4,GX_339-4,BH,2011-04-05T06:57:20,False,net_5_25_keV_recorded_rate_not_greater_than_5_count_s_PCU,RXTE/PCA,PCA_OGIP_RATE43_OVERLAP_V1,data/processed/native/96409-01-14-00.npz,data/processed/native/96409-01-14-00.npz,161d807d81236fc42283336fcd17e773aee1ba3afe4b4f591ea4cf1afb054d59,96409-01-14-00,96409-01-14-00
96423-01-05-00,96423-01-05-00,4u_1608_522,4U 1608-522,4U1608-52,NS,,False,Selected PCUs not continuously on in sampled GTIs; re-extraction required,RXTE/PCA,,,,,,
96423-01-13-01,96423-01-13-01,4u_1608_522,4U 1608-522,4U1608-52,NS,2011-06-26T18:41:20,True,,RXTE/PCA,PCA_OGIP_RATE43_OVERLAP_V1,data/processed/native/96423-01-13-01.npz,data/processed/native/96423-01-13-01.npz,6cad741987379277e8b184ca1197acfdca3a6f911c7492572d99e0784b72409d,96423-01-13-01,96423-01-13-01
96423-01-26-01,96423-01-26-01,4u_1608_522,4U 1608-522,4U1608-52,NS,2011-09-25T23:35:28,True,,RXTE/PCA,PCA_OGIP_RATE43_OVERLAP_V1,data/processed/native/96423-01-26-01.npz,data/processed/native/96423-01-26-01.npz,24253e13ccd9baf41c03d6969342a6ee117fdbe103130897ca2b624ec9bcef69,96423-01-26-01,96423-01-26-01
96423-01-39-02,96423-01-39-02,4u_1608_522,4U 1608-522,4U1608-52,NS,2011-12-28T04:35:28,True,,RXTE/PCA,PCA_OGIP_RATE43_OVERLAP_V1,data/processed/native/96423-01-39-02.npz,data/processed/native/96423-01-39-02.npz,f19a603ae115cdb6873a7ffd9e78539c5ae0c036c788450b1c441370d0b04f4a,96423-01-39-02,96423-01-39-02
96429-01-02-00,96429-01-02-00,slx_1735_269,SLX 1735-269,SLX_1735-269,NS,2011-05-28T10:53:20,True,,RXTE/PCA,PCA_OGIP_RATE43_OVERLAP_V1,data/processed/native/96429-01-02-00.npz,data/processed/native/96429-01-02-00.npz,6748191097aa96c72b03d05f9bd16b7bf901a875b8acbc5fb2478f645553ddfc,96429-01-02-00,96429-01-02-00
96429-01-02-02,96429-01-02-02,slx_1735_269,SLX 1735-269,SLX_1735-269,NS,2011-06-01T20:18:24,True,,RXTE/PCA,PCA_OGIP_RATE43_OVERLAP_V1,data/processed/native/96429-01-02-02.npz,data/processed/native/96429-01-02-02.npz,13ee4ce59064775259f7aa9978177949fe89d8ac695312a99592f00ae8ace952,96429-01-02-02,96429-01-02-02
96429-01-03-02,96429-01-03-02,slx_1735_269,SLX 1735-269,SLX_1735-269,NS,,False,Selected PCUs not continuously on in sampled GTIs; re-extraction required,RXTE/PCA,,,,,,
96429-01-04-00,96429-01-04-00,slx_1735_269,SLX 1735-269,SLX_1735-269,NS,2011-06-11T05:55:44,True,,RXTE/PCA,PCA_OGIP_RATE43_OVERLAP_V1,data/processed/native/96429-01-04-00.npz,data/processed/native/96429-01-04-00.npz,2e52a2bcc52ccb680daf4b6f35fd870a082d81579d5c31e45b3cb39ad8f76ea3,96429-01-04-00,96429-01-04-00
96429-01-05-00,96429-01-05-00,slx_1735_269,SLX 1735-269,SLX_1735-269,NS,2011-06-17T20:10:56,True,,RXTE/PCA,PCA_OGIP_RATE43_OVERLAP_V1,data/processed/native/96429-01-05-00.npz,data/processed/native/96429-01-05-00.npz,c7b85943cc57b8b9bfa861c86695e983f70c24796abd8675d2a9e98733d13a8d,96429-01-05-00,96429-01-05-00
96429-01-05-02,96429-01-05-02,slx_1735_269,SLX 1735-269,SLX_1735-269,NS,,False,Selected PCUs not continuously on in sampled GTIs; re-extraction required,RXTE/PCA,,,,,,
96429-01-06-02,96429-01-06-02,slx_1735_269,SLX 1735-269,SLX_1735-269,NS,2011-06-28T13:17:20,True,,RXTE/PCA,PCA_OGIP_RATE43_OVERLAP_V1,data/processed/native/96429-01-06-02.npz,data/processed/native/96429-01-06-02.npz,eafb63c67aab2ac818f4b06221b4960f111b83a79980668af55cf4ad3cea9b98,96429-01-06-02,96429-01-06-02
96429-01-07-00,96429-01-07-00,slx_1735_269,SLX 1735-269,SLX_1735-269,NS,2011-07-03T12:20:48,True,,RXTE/PCA,PCA_OGIP_RATE43_OVERLAP_V1,data/processed/native/96429-01-07-00.npz,data/processed/native/96429-01-07-00.npz,423abbc00a3f88eacbd458708c5378c972e75864ff7aa7df9f9de055b76552dd,96429-01-07-00,96429-01-07-00
96429-01-08-01,96429-01-08-01,slx_1735_269,SLX 1735-269,SLX_1735-269,NS,2011-07-10T07:00:00,True,,RXTE/PCA,PCA_OGIP_RATE43_OVERLAP_V1,data/processed/native/96429-01-08-01.npz,data/processed/native/96429-01-08-01.npz,c407e1b6142593601ff54c6aa1ffb17d85fba9429eeb4ace4af151b545d0cb90,96429-01-08-01,96429-01-08-01
96429-01-08-03,96429-01-08-03,slx_1735_269,SLX 1735-269,SLX_1735-269,NS,2011-07-14T06:33:04,True,,RXTE/PCA,PCA_OGIP_RATE43_OVERLAP_V1,data/processed/native/96429-01-08-03.npz,data/processed/native/96429-01-08-03.npz,dc98367d2684715cdebb6acfd595519c5eb1c96d57411ee838afcb12b4f3f109,96429-01-08-03,96429-01-08-03
96437-01-02-00,96437-01-02-00,1a_1744_361,1A 1744-361,A1744-361,NS,2011-09-02T09:57:20,True,,RXTE/PCA,PCA_OGIP_RATE43_OVERLAP_V1,data/processed/native/96437-01-02-00.npz,data/processed/native/96437-01-02-00.npz,b9508f77a5796ed2df9aef4df1030dd8fdcd66641874afe73981530bcc4c3aa2,96437-01-02-00,96437-01-02-00
96440-01-02-00,96440-01-02-00,aql_x_1,Aql X-1,AQL_X-1,NS,2011-10-24T04:05:36,True,,RXTE/PCA,PCA_OGIP_RATE43_OVERLAP_V1,data/processed/native/96440-01-02-00.npz,data/processed/native/96440-01-02-00.npz,5b5aa0a94a53d857a4ad47d947f51420f4face26f917fec3e83093a9eada6d73,96440-01-02-00,96440-01-02-00
96440-01-05-04,96440-01-05-04,aql_x_1,Aql X-1,AQL_X-1,NS,2011-11-15T14:57:52,True,,RXTE/PCA,PCA_OGIP_RATE43_OVERLAP_V1,data/processed/native/96440-01-05-04.npz,data/processed/native/96440-01-05-04.npz,2c8da68a3780bb437e31a1e12333d4d0419a3e69709fc2c771a0a66f733fc21c,96440-01-05-04,96440-01-05-04
96440-01-08-06,96440-01-08-06,aql_x_1,Aql X-1,AQL_X-1,NS,2011-12-08T02:43:44,True,,RXTE/PCA,PCA_OGIP_RATE43_OVERLAP_V1,data/processed/native/96440-01-08-06.npz,data/processed/native/96440-01-08-06.npz,90f9dbf182011620273febbcf7944c6133d755f76214017fcaae4cebc0894d6e,96440-01-08-06,96440-01-08-06
96440-01-10-05,96440-01-10-05,aql_x_1,Aql X-1,AQL_X-1,NS,2011-12-21T03:29:36,False,net_5_25_keV_recorded_rate_not_greater_than_5_count_s_PCU,RXTE/PCA,PCA_OGIP_RATE43_OVERLAP_V1,data/processed/native/96440-01-10-05.npz,data/processed/native/96440-01-10-05.npz,2ac38f4f0d9def6f78186a768557e1f43d331017ef1bba9e6f455c41cff4e919,96440-01-10-05,96440-01-10-05
