source_id,source_name,obs_id,true_class,p_NS,p_BH,model,split
1a_1744_361,1A 1744-361,80431-01-02-01,NS,0.5,0.5,prior,loso
1a_1744_361,1A 1744-361,80431-01-02-03,NS,0.5,0.5,prior,loso
1a_1744_361,1A 1744-361,80431-01-02-04,NS,0.5,0.5,prior,loso
1a_1744_361,1A 1744-361,80431-01-02-05,NS,0.5,0.5,prior,loso
1a_1744_361,1A 1744-361,80431-01-03-00,NS,0.5,0.5,prior,loso
1a_1744_361,1A 1744-361,80431-01-03-02,NS,0.5,0.5,prior,loso
1a_1744_361,1A 1744-361,90058-04-02-00,NS,0.5,0.5,prior,loso
1a_1744_361,1A 1744-361,91050-05-02-00,NS,0.5,0.5,prior,loso
1a_1744_361,1A 1744-361,91050-05-03-00,NS,0.5,0.5,prior,loso
1a_1744_361,1A 1744-361,93155-01-01-00,NS,0.5,0.5,prior,loso
1a_1744_361,1A 1744-361,93155-01-02-00,NS,0.5,0.5,prior,loso
1a_1744_361,1A 1744-361,93155-01-02-01,NS,0.5,0.5,prior,loso
1a_1744_361,1A 1744-361,93155-01-03-01,NS,0.5,0.5,prior,loso
1a_1744_361,1A 1744-361,93155-01-03-02,NS,0.5,0.5,prior,loso
1a_1744_361,1A 1744-361,93155-01-03-03,NS,0.5,0.5,prior,loso
1a_1744_361,1A 1744-361,93155-01-06-01,NS,0.5,0.5,prior,loso
1a_1744_361,1A 1744-361,93155-01-06-02,NS,0.5,0.5,prior,loso
1a_1744_361,1A 1744-361,93155-01-07-00,NS,0.5,0.5,prior,loso
1a_1744_361,1A 1744-361,93155-01-07-02,NS,0.5,0.5,prior,loso
1a_1744_361,1A 1744-361,93155-01-08-00,NS,0.5,0.5,prior,loso
1a_1744_361,1A 1744-361,93155-01-08-02,NS,0.5,0.5,prior,loso
1a_1744_361,1A 1744-361,93155-01-09-00,NS,0.5,0.5,prior,loso
1a_1744_361,1A 1744-361,95416-01-01-00,NS,0.5,0.5,prior,loso
1a_1744_361,1A 1744-361,95416-01-01-02,NS,0.5,0.5,prior,loso
1a_1744_361,1A 1744-361,95416-01-02-00,NS,0.5,0.5,prior,loso
1a_1744_361,1A 1744-361,95416-01-02-02,NS,0.5,0.5,prior,loso
1a_1744_361,1A 1744-361,96437-01-02-00,NS,0.5,0.5,prior,loso
4u_0614_09,4U 0614+09,10095-01-01-00,NS,0.5,0.5,prior,loso
4u_0614_09,4U 0614+09,20428-01-01-03,NS,0.5,0.5,prior,loso
4u_0614_09,4U 0614+09,30054-01-02-03,NS,0.5,0.5,prior,loso
4u_0614_09,4U 0614+09,40030-01-14-00,NS,0.5,0.5,prior,loso
4u_0614_09,4U 0614+09,40429-01-03-01,NS,0.5,0.5,prior,loso
4u_0614_09,4U 0614+09,40429-01-06-01,NS,0.5,0.5,prior,loso
4u_0614_09,4U 0614+09,50026-02-01-01,NS,0.5,0.5,prior,loso
4u_0614_09,4U 0614+09,50031-01-01-01,NS,0.5,0.5,prior,loso
4u_0614_09,4U 0614+09,50031-01-02-07,NS,0.5,0.5,prior,loso
4u_0614_09,4U 0614+09,50031-01-04-08,NS,0.5,0.5,prior,loso
4u_0614_09,4U 0614+09,60424-01-02-01,NS,0.5,0.5,prior,loso
4u_0614_09,4U 0614+09,80037-01-09-08,NS,0.5,0.5,prior,loso
4u_0614_09,4U 0614+09,80051-02-01-02,NS,0.5,0.5,prior,loso
4u_0614_09,4U 0614+09,80414-01-02-00,NS,0.5,0.5,prior,loso
4u_0614_09,4U 0614+09,80414-01-05-02,NS,0.5,0.5,prior,loso
4u_0614_09,4U 0614+09,90422-01-01-02,NS,0.5,0.5,prior,loso
4u_0614_09,4U 0614+09,91425-01-04-02,NS,0.5,0.5,prior,loso
4u_0614_09,4U 0614+09,92411-01-01-02,NS,0.5,0.5,prior,loso
4u_0614_09,4U 0614+09,92411-01-07-02,NS,0.5,0.5,prior,loso
4u_0614_09,4U 0614+09,92411-01-10-00,NS,0.5,0.5,prior,loso
4u_0614_09,4U 0614+09,93404-01-02-00,NS,0.5,0.5,prior,loso
4u_0614_09,4U 0614+09,93404-01-07-00,NS,0.5,0.5,prior,loso
4u_0614_09,4U 0614+09,93404-01-11-02,NS,0.5,0.5,prior,loso
4u_0614_09,4U 0614+09,93404-01-14-00,NS,0.5,0.5,prior,loso
4u_0614_09,4U 0614+09,93404-01-21-00,NS,0.5,0.5,prior,loso
4u_0614_09,4U 0614+09,94404-01-07-00,NS,0.5,0.5,prior,loso
4u_0614_09,4U 0614+09,95404-01-01-01,NS,0.5,0.5,prior,loso
4u_0614_09,4U 0614+09,95404-01-09-02,NS,0.5,0.5,prior,loso
4u_0614_09,4U 0614+09,96307-01-04-00,NS,0.5,0.5,prior,loso
4u_0614_09,4U 0614+09,96307-01-10-00,NS,0.5,0.5,prior,loso
4u_0614_09,4U 0614+09,96404-01-02-00,NS,0.5,0.5,prior,loso
4u_1254_69,4U 1254-69,90036-01-01-00,NS,0.5,0.5,prior,loso
4u_1254_69,4U 1254-69,90036-01-01-01,NS,0.5,0.5,prior,loso
4u_1254_69,4U 1254-69,90036-01-01-02,NS,0.5,0.5,prior,loso
4u_1254_69,4U 1254-69,90036-01-01-03,NS,0.5,0.5,prior,loso
4u_1254_69,4U 1254-69,90036-01-02-00,NS,0.5,0.5,prior,loso
4u_1254_69,4U 1254-69,90036-01-02-01,NS,0.5,0.5,prior,loso
4u_1254_69,4U 1254-69,93406-13-01-00,NS,0.5,0.5,prior,loso
4u_1254_69,4U 1254-69,95324-01-01-00,NS,0.5,0.5,prior,loso
4u_1254_69,4U 1254-69,95324-01-01-01,NS,0.5,0.5,prior,loso
4u_1254_69,4U 1254-69,95324-01-02-00,NS,0.5,0.5,prior,loso
4u_1254_69,4U 1254-69,95324-01-02-01,NS,0.5,0.5,prior,loso
4u_1543_475,4U 1543-475,70124-02-03-00,BH,0.5,0.5,prior,loso
4u_1543_475,4U 1543-475,70124-02-06-00,BH,0.5,0.5,prior,loso
4u_1543_475,4U 1543-475,70124-02-09-00,BH,0.5,0.5,prior,loso
4u_1543_475,4U 1543-475,70124-02-11-00,BH,0.5,0.5,prior,loso
4u_1543_475,4U 1543-475,70132-01-01-00,BH,0.5,0.5,prior,loso
4u_1543_475,4U 1543-475,70132-01-02-01,BH,0.5,0.5,prior,loso
4u_1543_475,4U 1543-475,70133-01-01-00,BH,0.5,0.5,prior,loso
4u_1543_475,4U 1543-475,70133-01-05-00,BH,0.5,0.5,prior,loso
4u_1543_475,4U 1543-475,70133-01-10-00,BH,0.5,0.5,prior,loso
4u_1543_475,4U 1543-475,70133-01-16-00,BH,0.5,0.5,prior,loso
4u_1543_475,4U 1543-475,70133-01-20-00,BH,0.5,0.5,prior,loso
4u_1543_475,4U 1543-475,70133-01-23-00,BH,0.5,0.5,prior,loso
4u_1543_475,4U 1543-475,70133-01-25-01,BH,0.5,0.5,prior,loso
4u_1543_475,4U 1543-475,70133-01-26-01,BH,0.5,0.5,prior,loso
4u_1543_475,4U 1543-475,70133-01-28-00,BH,0.5,0.5,prior,loso
4u_1543_475,4U 1543-475,70133-01-31-00,BH,0.5,0.5,prior,loso
4u_1608_522,4U 1608-522,10093-01-01-01,NS,0.5,0.5,prior,loso
4u_1608_522,4U 1608-522,30062-02-01-05,NS,0.5,0.5,prior,loso
4u_1608_522,4U 1608-522,40437-01-01-01,NS,0.5,0.5,prior,loso
4u_1608_522,4U 1608-522,50052-01-23-00,NS,0.5,0.5,prior,loso
4u_1608_522,4U 1608-522,60052-02-04-03,NS,0.5,0.5,prior,loso
4u_1608_522,4U 1608-522,70058-01-22-00,NS,0.5,0.5,prior,loso
4u_1608_522,4U 1608-522,70058-01-37-00,NS,0.5,0.5,prior,loso
4u_1608_522,4U 1608-522,70069-01-03-01,NS,0.5,0.5,prior,loso
4u_1608_522,4U 1608-522,80406-01-04-07,NS,0.5,0.5,prior,loso
4u_1608_522,4U 1608-522,91405-01-27-00,NS,0.5,0.5,prior,loso
4u_1608_522,4U 1608-522,91405-01-41-00,NS,0.5,0.5,prior,loso
4u_1608_522,4U 1608-522,92401-01-11-03,NS,0.5,0.5,prior,loso
4u_1608_522,4U 1608-522,93408-01-11-00,NS,0.5,0.5,prior,loso
4u_1608_522,4U 1608-522,93408-01-19-01,NS,0.5,0.5,prior,loso
4u_1608_522,4U 1608-522,93408-01-22-06,NS,0.5,0.5,prior,loso
4u_1608_522,4U 1608-522,93408-01-26-03,NS,0.5,0.5,prior,loso
4u_1608_522,4U 1608-522,93408-01-32-04,NS,0.5,0.5,prior,loso
4u_1608_522,4U 1608-522,93408-01-42-05,NS,0.5,0.5,prior,loso
4u_1608_522,4U 1608-522,93408-01-52-02,NS,0.5,0.5,prior,loso
4u_1608_522,4U 1608-522,93408-01-66-01,NS,0.5,0.5,prior,loso
4u_1608_522,4U 1608-522,94401-01-01-01,NS,0.5,0.5,prior,loso
4u_1608_522,4U 1608-522,94401-01-18-00,NS,0.5,0.5,prior,loso
4u_1608_522,4U 1608-522,94401-01-34-00,NS,0.5,0.5,prior,loso
4u_1608_522,4U 1608-522,95334-01-03-00,NS,0.5,0.5,prior,loso
4u_1608_522,4U 1608-522,96423-01-13-01,NS,0.5,0.5,prior,loso
4u_1608_522,4U 1608-522,96423-01-26-01,NS,0.5,0.5,prior,loso
4u_1608_522,4U 1608-522,96423-01-39-02,NS,0.5,0.5,prior,loso
4u_1636_536,4U 1636-536,30053-02-01-00,NS,0.5,0.5,prior,loso
4u_1636_536,4U 1636-536,40028-01-14-02,NS,0.5,0.5,prior,loso
4u_1636_536,4U 1636-536,60032-01-04-00,NS,0.5,0.5,prior,loso
4u_1636_536,4U 1636-536,60032-01-14-01,NS,0.5,0.5,prior,loso
4u_1636_536,4U 1636-536,60032-05-15-00,NS,0.5,0.5,prior,loso
4u_1636_536,4U 1636-536,91024-01-07-10,NS,0.5,0.5,prior,loso
4u_1636_536,4U 1636-536,91024-01-13-00,NS,0.5,0.5,prior,loso
4u_1636_536,4U 1636-536,91024-01-53-10,NS,0.5,0.5,prior,loso
4u_1636_536,4U 1636-536,91024-01-62-00,NS,0.5,0.5,prior,loso
4u_1636_536,4U 1636-536,91024-01-85-10,NS,0.5,0.5,prior,loso
4u_1636_536,4U 1636-536,92023-01-42-10,NS,0.5,0.5,prior,loso
4u_1636_536,4U 1636-536,92023-01-43-00,NS,0.5,0.5,prior,loso
4u_1636_536,4U 1636-536,92023-01-93-00,NS,0.5,0.5,prior,loso
4u_1636_536,4U 1636-536,92023-01-94-10,NS,0.5,0.5,prior,loso
4u_1636_536,4U 1636-536,92023-02-08-00,NS,0.5,0.5,prior,loso
4u_1636_536,4U 1636-536,93087-01-36-10,NS,0.5,0.5,prior,loso
4u_1636_536,4U 1636-536,93087-01-36-20,NS,0.5,0.5,prior,loso
4u_1636_536,4U 1636-536,93087-01-41-00,NS,0.5,0.5,prior,loso
4u_1636_536,4U 1636-536,93087-01-83-10,NS,0.5,0.5,prior,loso
4u_1636_536,4U 1636-536,93087-01-87-00,NS,0.5,0.5,prior,loso
4u_1636_536,4U 1636-536,94087-01-10-00,NS,0.5,0.5,prior,loso
4u_1636_536,4U 1636-536,94087-01-47-10,NS,0.5,0.5,prior,loso
4u_1636_536,4U 1636-536,94087-01-49-00,NS,0.5,0.5,prior,loso
4u_1636_536,4U 1636-536,94087-01-94-00,NS,0.5,0.5,prior,loso
4u_1636_536,4U 1636-536,95087-01-15-00,NS,0.5,0.5,prior,loso
4u_1636_536,4U 1636-536,95087-01-15-10,NS,0.5,0.5,prior,loso
4u_1636_536,4U 1636-536,95087-01-71-00,NS,0.5,0.5,prior,loso
4u_1636_536,4U 1636-536,96087-01-25-00,NS,0.5,0.5,prior,loso
4u_1636_536,4U 1636-536,96087-01-28-10,NS,0.5,0.5,prior,loso
4u_1636_536,4U 1636-536,96087-01-77-00,NS,0.5,0.5,prior,loso
4u_1636_536,4U 1636-536,96087-01-84-10,NS,0.5,0.5,prior,loso
4u_1702_429,4U 1702-429,20084-02-01-00,NS,0.5,0.5,prior,loso
4u_1702_429,4U 1702-429,20084-02-01-03,NS,0.5,0.5,prior,loso
4u_1702_429,4U 1702-429,20084-02-02-01,NS,0.5,0.5,prior,loso
4u_1702_429,4U 1702-429,40025-04-01-01,NS,0.5,0.5,prior,loso
4u_1702_429,4U 1702-429,40025-04-02-00,NS,0.5,0.5,prior,loso
4u_1702_429,4U 1702-429,40025-04-03-01,NS,0.5,0.5,prior,loso
4u_1702_429,4U 1702-429,40025-04-03-03,NS,0.5,0.5,prior,loso
4u_1702_429,4U 1702-429,50025-01-01-01,NS,0.5,0.5,prior,loso
4u_1702_429,4U 1702-429,50025-01-01-05,NS,0.5,0.5,prior,loso
4u_1702_429,4U 1702-429,50025-01-01-07,NS,0.5,0.5,prior,loso
4u_1702_429,4U 1702-429,50030-01-01-03,NS,0.5,0.5,prior,loso
4u_1702_429,4U 1702-429,50030-01-01-05,NS,0.5,0.5,prior,loso
4u_1702_429,4U 1702-429,50030-01-01-07,NS,0.5,0.5,prior,loso
4u_1702_429,4U 1702-429,50030-01-02-00,NS,0.5,0.5,prior,loso
4u_1702_429,4U 1702-429,50030-01-03-02,NS,0.5,0.5,prior,loso
4u_1702_429,4U 1702-429,50030-01-05-00,NS,0.5,0.5,prior,loso
4u_1702_429,4U 1702-429,50030-01-06-00,NS,0.5,0.5,prior,loso
4u_1702_429,4U 1702-429,50030-01-07-00,NS,0.5,0.5,prior,loso
4u_1702_429,4U 1702-429,50030-01-09-01,NS,0.5,0.5,prior,loso
4u_1702_429,4U 1702-429,50030-01-09-02,NS,0.5,0.5,prior,loso
4u_1702_429,4U 1702-429,50030-01-09-04,NS,0.5,0.5,prior,loso
4u_1702_429,4U 1702-429,50030-01-10-00,NS,0.5,0.5,prior,loso
4u_1702_429,4U 1702-429,50030-01-10-02,NS,0.5,0.5,prior,loso
4u_1702_429,4U 1702-429,50030-01-11-01,NS,0.5,0.5,prior,loso
4u_1702_429,4U 1702-429,50030-01-11-02,NS,0.5,0.5,prior,loso
4u_1702_429,4U 1702-429,50030-01-13-01,NS,0.5,0.5,prior,loso
4u_1702_429,4U 1702-429,50030-01-14-02,NS,0.5,0.5,prior,loso
4u_1702_429,4U 1702-429,50030-01-14-03,NS,0.5,0.5,prior,loso
4u_1702_429,4U 1702-429,94415-01-01-01,NS,0.5,0.5,prior,loso
4u_1702_429,4U 1702-429,94415-01-02-01,NS,0.5,0.5,prior,loso
4u_1705_44,4U 1705-44,70038-01-01-00,NS,0.5,0.5,prior,loso
4u_1705_44,4U 1705-44,91039-01-01-10,NS,0.5,0.5,prior,loso
4u_1705_44,4U 1705-44,91039-01-01-50,NS,0.5,0.5,prior,loso
4u_1705_44,4U 1705-44,91039-01-02-30,NS,0.5,0.5,prior,loso
4u_1705_44,4U 1705-44,91039-01-02-61,NS,0.5,0.5,prior,loso
4u_1705_44,4U 1705-44,91039-01-03-33,NS,0.5,0.5,prior,loso
4u_1705_44,4U 1705-44,93060-01-01-10,NS,0.5,0.5,prior,loso
4u_1705_44,4U 1705-44,93060-01-10-00,NS,0.5,0.5,prior,loso
4u_1705_44,4U 1705-44,93060-01-14-10,NS,0.5,0.5,prior,loso
4u_1705_44,4U 1705-44,93060-01-22-00,NS,0.5,0.5,prior,loso
4u_1705_44,4U 1705-44,93060-01-28-10,NS,0.5,0.5,prior,loso
4u_1705_44,4U 1705-44,93060-01-35-00,NS,0.5,0.5,prior,loso
4u_1705_44,4U 1705-44,93060-01-58-00,NS,0.5,0.5,prior,loso
4u_1705_44,4U 1705-44,93060-01-71-00,NS,0.5,0.5,prior,loso
4u_1705_44,4U 1705-44,93060-01-85-00,NS,0.5,0.5,prior,loso
4u_1705_44,4U 1705-44,94060-01-02-00,NS,0.5,0.5,prior,loso
4u_1705_44,4U 1705-44,94060-01-15-00,NS,0.5,0.5,prior,loso
4u_1705_44,4U 1705-44,94060-01-30-00,NS,0.5,0.5,prior,loso
4u_1705_44,4U 1705-44,94060-01-46-00,NS,0.5,0.5,prior,loso
4u_1705_44,4U 1705-44,94060-01-61-00,NS,0.5,0.5,prior,loso
4u_1705_44,4U 1705-44,95060-01-07-00,NS,0.5,0.5,prior,loso
4u_1705_44,4U 1705-44,95060-01-22-00,NS,0.5,0.5,prior,loso
4u_1705_44,4U 1705-44,95060-01-36-00,NS,0.5,0.5,prior,loso
4u_1705_44,4U 1705-44,95060-01-50-00,NS,0.5,0.5,prior,loso
4u_1705_44,4U 1705-44,95060-01-63-00,NS,0.5,0.5,prior,loso
4u_1705_44,4U 1705-44,95060-01-77-00,NS,0.5,0.5,prior,loso
4u_1705_44,4U 1705-44,96060-01-10-00,NS,0.5,0.5,prior,loso
4u_1705_44,4U 1705-44,96060-01-23-00,NS,0.5,0.5,prior,loso
4u_1705_44,4U 1705-44,96060-01-36-00,NS,0.5,0.5,prior,loso
4u_1705_44,4U 1705-44,96060-01-51-00,NS,0.5,0.5,prior,loso
4u_1705_44,4U 1705-44,96060-01-65-00,NS,0.5,0.5,prior,loso
4u_1705_44,4U 1705-44,96060-01-78-00,NS,0.5,0.5,prior,loso
4u_1728_34,4U 1728-34,10410-01-01-00,NS,0.5,0.5,prior,loso
4u_1728_34,4U 1728-34,30042-03-02-00,NS,0.5,0.5,prior,loso
4u_1728_34,4U 1728-34,30042-03-08-00,NS,0.5,0.5,prior,loso
4u_1728_34,4U 1728-34,30042-03-17-00,NS,0.5,0.5,prior,loso
4u_1728_34,4U 1728-34,40019-03-01-02,NS,0.5,0.5,prior,loso
4u_1728_34,4U 1728-34,40027-06-01-02,NS,0.5,0.5,prior,loso
4u_1728_34,4U 1728-34,40027-08-02-02,NS,0.5,0.5,prior,loso
4u_1728_34,4U 1728-34,40033-06-02-05,NS,0.5,0.5,prior,loso
4u_1728_34,4U 1728-34,50023-01-19-00,NS,0.5,0.5,prior,loso
4u_1728_34,4U 1728-34,50023-01-31-00,NS,0.5,0.5,prior,loso
4u_1728_34,4U 1728-34,50029-23-01-00,NS,0.5,0.5,prior,loso
4u_1728_34,4U 1728-34,50030-03-05-01,NS,0.5,0.5,prior,loso
4u_1728_34,4U 1728-34,50030-03-08-00,NS,0.5,0.5,prior,loso
4u_1728_34,4U 1728-34,70028-01-01-08,NS,0.5,0.5,prior,loso
4u_1728_34,4U 1728-34,91023-01-02-00,NS,0.5,0.5,prior,loso
4u_1728_34,4U 1728-34,92023-03-07-00,NS,0.5,0.5,prior,loso
4u_1728_34,4U 1728-34,92023-03-09-10,NS,0.5,0.5,prior,loso
4u_1728_34,4U 1728-34,92023-03-22-00,NS,0.5,0.5,prior,loso
4u_1728_34,4U 1728-34,92023-03-22-10,NS,0.5,0.5,prior,loso
4u_1728_34,4U 1728-34,92023-03-33-00,NS,0.5,0.5,prior,loso
4u_1728_34,4U 1728-34,92023-03-33-10,NS,0.5,0.5,prior,loso
4u_1728_34,4U 1728-34,92023-03-46-10,NS,0.5,0.5,prior,loso
4u_1728_34,4U 1728-34,92023-03-47-00,NS,0.5,0.5,prior,loso
4u_1728_34,4U 1728-34,92023-03-52-00,NS,0.5,0.5,prior,loso
4u_1728_34,4U 1728-34,92023-03-59-10,NS,0.5,0.5,prior,loso
4u_1728_34,4U 1728-34,92023-03-68-00,NS,0.5,0.5,prior,loso
4u_1728_34,4U 1728-34,92023-03-74-10,NS,0.5,0.5,prior,loso
4u_1728_34,4U 1728-34,92023-03-81-00,NS,0.5,0.5,prior,loso
4u_1728_34,4U 1728-34,92023-03-88-10,NS,0.5,0.5,prior,loso
4u_1728_34,4U 1728-34,92023-03-94-00,NS,0.5,0.5,prior,loso
4u_1728_34,4U 1728-34,96322-01-02-01,NS,0.5,0.5,prior,loso
4u_1728_34,4U 1728-34,96322-01-05-00,NS,0.5,0.5,prior,loso
4u_1735_444,4U 1735-444,20084-01-01-00,NS,0.5,0.5,prior,loso
4u_1735_444,4U 1735-444,20084-01-02-03,NS,0.5,0.5,prior,loso
4u_1735_444,4U 1735-444,40030-02-04-00,NS,0.5,0.5,prior,loso
4u_1735_444,4U 1735-444,40030-02-09-01,NS,0.5,0.5,prior,loso
4u_1735_444,4U 1735-444,40033-07-01-04,NS,0.5,0.5,prior,loso
4u_1735_444,4U 1735-444,50025-02-01-01,NS,0.5,0.5,prior,loso
4u_1735_444,4U 1735-444,50025-02-01-06,NS,0.5,0.5,prior,loso
4u_1735_444,4U 1735-444,50026-01-01-03,NS,0.5,0.5,prior,loso
4u_1735_444,4U 1735-444,50029-34-01-00,NS,0.5,0.5,prior,loso
4u_1735_444,4U 1735-444,60042-01-01-01,NS,0.5,0.5,prior,loso
4u_1735_444,4U 1735-444,91025-01-01-09,NS,0.5,0.5,prior,loso
4u_1735_444,4U 1735-444,91025-01-04-01,NS,0.5,0.5,prior,loso
4u_1735_444,4U 1735-444,91025-01-04-06,NS,0.5,0.5,prior,loso
4u_1735_444,4U 1735-444,91025-01-05-06,NS,0.5,0.5,prior,loso
4u_1735_444,4U 1735-444,91025-01-06-05,NS,0.5,0.5,prior,loso
4u_1735_444,4U 1735-444,91025-01-08-04,NS,0.5,0.5,prior,loso
4u_1735_444,4U 1735-444,91025-01-08-05,NS,0.5,0.5,prior,loso
4u_1735_444,4U 1735-444,91025-01-09-01,NS,0.5,0.5,prior,loso
4u_1735_444,4U 1735-444,91025-01-09-07,NS,0.5,0.5,prior,loso
4u_1735_444,4U 1735-444,91025-01-09-18,NS,0.5,0.5,prior,loso
4u_1735_444,4U 1735-444,91025-01-10-01,NS,0.5,0.5,prior,loso
4u_1735_444,4U 1735-444,91025-01-11-10,NS,0.5,0.5,prior,loso
4u_1735_444,4U 1735-444,91025-01-12-00,NS,0.5,0.5,prior,loso
4u_1735_444,4U 1735-444,91025-01-13-10,NS,0.5,0.5,prior,loso
4u_1735_444,4U 1735-444,91025-01-16-09,NS,0.5,0.5,prior,loso
4u_1735_444,4U 1735-444,91152-06-01-10,NS,0.5,0.5,prior,loso
4u_1735_444,4U 1735-444,91152-06-02-00,NS,0.5,0.5,prior,loso
4u_1735_444,4U 1735-444,93200-01-01-04,NS,0.5,0.5,prior,loso
4u_1735_444,4U 1735-444,96325-01-01-03,NS,0.5,0.5,prior,loso
4u_1735_444,4U 1735-444,96331-01-01-00,NS,0.5,0.5,prior,loso
4u_1735_444,4U 1735-444,96331-01-03-02,NS,0.5,0.5,prior,loso
4u_1746_37,4U 1746-37,70050-01-01-00,NS,0.5,0.5,prior,loso
4u_1746_37,4U 1746-37,70050-01-01-01,NS,0.5,0.5,prior,loso
4u_1746_37,4U 1746-37,70050-01-01-03,NS,0.5,0.5,prior,loso
4u_1746_37,4U 1746-37,70050-01-01-04,NS,0.5,0.5,prior,loso
4u_1746_37,4U 1746-37,70050-01-01-05,NS,0.5,0.5,prior,loso
4u_1746_37,4U 1746-37,70050-01-01-06,NS,0.5,0.5,prior,loso
4u_1746_37,4U 1746-37,70050-01-01-07,NS,0.5,0.5,prior,loso
4u_1746_37,4U 1746-37,70050-01-01-08,NS,0.5,0.5,prior,loso
4u_1746_37,4U 1746-37,70050-01-01-09,NS,0.5,0.5,prior,loso
4u_1746_37,4U 1746-37,70050-01-01-10,NS,0.5,0.5,prior,loso
4u_1746_37,4U 1746-37,90044-01-01-00,NS,0.5,0.5,prior,loso
4u_1746_37,4U 1746-37,90044-01-01-01,NS,0.5,0.5,prior,loso
4u_1746_37,4U 1746-37,90044-01-02-00,NS,0.5,0.5,prior,loso
4u_1746_37,4U 1746-37,90044-01-02-01,NS,0.5,0.5,prior,loso
4u_1746_37,4U 1746-37,90044-01-03-00,NS,0.5,0.5,prior,loso
4u_1746_37,4U 1746-37,90044-01-04-00,NS,0.5,0.5,prior,loso
4u_1746_37,4U 1746-37,91037-15-01-00,NS,0.5,0.5,prior,loso
aql_x_1,Aql X-1,20092-01-02-02,NS,0.5,0.5,prior,loso
aql_x_1,Aql X-1,20092-01-04-00,NS,0.5,0.5,prior,loso
aql_x_1,Aql X-1,20098-03-01-00,NS,0.5,0.5,prior,loso
aql_x_1,Aql X-1,30073-05-01-00,NS,0.5,0.5,prior,loso
aql_x_1,Aql X-1,30188-03-02-00,NS,0.5,0.5,prior,loso
aql_x_1,Aql X-1,40033-10-02-07,NS,0.5,0.5,prior,loso
aql_x_1,Aql X-1,40047-03-03-00,NS,0.5,0.5,prior,loso
aql_x_1,Aql X-1,40432-01-04-00,NS,0.5,0.5,prior,loso
aql_x_1,Aql X-1,50049-01-05-01,NS,0.5,0.5,prior,loso
aql_x_1,Aql X-1,50049-02-08-03,NS,0.5,0.5,prior,loso
aql_x_1,Aql X-1,50049-02-15-04,NS,0.5,0.5,prior,loso
aql_x_1,Aql X-1,60054-02-01-04,NS,0.5,0.5,prior,loso
aql_x_1,Aql X-1,70069-03-02-03,NS,0.5,0.5,prior,loso
aql_x_1,Aql X-1,70069-03-04-08,NS,0.5,0.5,prior,loso
aql_x_1,Aql X-1,90017-01-07-00,NS,0.5,0.5,prior,loso
aql_x_1,Aql X-1,90403-01-01-00,NS,0.5,0.5,prior,loso
aql_x_1,Aql X-1,91028-01-01-00,NS,0.5,0.5,prior,loso
aql_x_1,Aql X-1,91028-01-22-00,NS,0.5,0.5,prior,loso
aql_x_1,Aql X-1,91414-01-09-07,NS,0.5,0.5,prior,loso
aql_x_1,Aql X-1,92034-01-05-06,NS,0.5,0.5,prior,loso
aql_x_1,Aql X-1,93076-01-09-00,NS,0.5,0.5,prior,loso
aql_x_1,Aql X-1,93405-01-01-01,NS,0.5,0.5,prior,loso
aql_x_1,Aql X-1,93405-01-05-02,NS,0.5,0.5,prior,loso
aql_x_1,Aql X-1,94076-01-04-07,NS,0.5,0.5,prior,loso
aql_x_1,Aql X-1,94441-01-01-02,NS,0.5,0.5,prior,loso
aql_x_1,Aql X-1,95413-01-06-01,NS,0.5,0.5,prior,loso
aql_x_1,Aql X-1,96440-01-02-00,NS,0.5,0.5,prior,loso
aql_x_1,Aql X-1,96440-01-05-04,NS,0.5,0.5,prior,loso
aql_x_1,Aql X-1,96440-01-08-06,NS,0.5,0.5,prior,loso
cyg_x_2,Cyg X-2,20053-04-01-01,NS,0.5,0.5,prior,loso
cyg_x_2,Cyg X-2,30046-01-03-00,NS,0.5,0.5,prior,loso
cyg_x_2,Cyg X-2,40017-02-02-02,NS,0.5,0.5,prior,loso
cyg_x_2,Cyg X-2,40017-02-12-00,NS,0.5,0.5,prior,loso
cyg_x_2,Cyg X-2,40017-02-16-06,NS,0.5,0.5,prior,loso
cyg_x_2,Cyg X-2,40019-04-04-00,NS,0.5,0.5,prior,loso
cyg_x_2,Cyg X-2,60417-01-01-00,NS,0.5,0.5,prior,loso
cyg_x_2,Cyg X-2,70014-02-02-00,NS,0.5,0.5,prior,loso
cyg_x_2,Cyg X-2,70018-03-03-00,NS,0.5,0.5,prior,loso
cyg_x_2,Cyg X-2,90030-01-03-10,NS,0.5,0.5,prior,loso
cyg_x_2,Cyg X-2,90030-01-08-00,NS,0.5,0.5,prior,loso
cyg_x_2,Cyg X-2,90030-01-24-00,NS,0.5,0.5,prior,loso
cyg_x_2,Cyg X-2,90030-01-41-00,NS,0.5,0.5,prior,loso
cyg_x_2,Cyg X-2,90030-01-53-00,NS,0.5,0.5,prior,loso
cyg_x_2,Cyg X-2,90030-01-67-00,NS,0.5,0.5,prior,loso
cyg_x_2,Cyg X-2,90030-01-81-00,NS,0.5,0.5,prior,loso
cyg_x_2,Cyg X-2,90030-01-95-00,NS,0.5,0.5,prior,loso
cyg_x_2,Cyg X-2,91009-01-06-00,NS,0.5,0.5,prior,loso
cyg_x_2,Cyg X-2,91009-01-24-00,NS,0.5,0.5,prior,loso
cyg_x_2,Cyg X-2,91009-01-38-00,NS,0.5,0.5,prior,loso
cyg_x_2,Cyg X-2,91010-01-01-05,NS,0.5,0.5,prior,loso
cyg_x_2,Cyg X-2,92038-01-05-01,NS,0.5,0.5,prior,loso
cyg_x_2,Cyg X-2,92038-01-10-02,NS,0.5,0.5,prior,loso
cyg_x_2,Cyg X-2,92039-01-02-03,NS,0.5,0.5,prior,loso
cyg_x_2,Cyg X-2,93082-02-04-02,NS,0.5,0.5,prior,loso
cyg_x_2,Cyg X-2,93443-01-01-13,NS,0.5,0.5,prior,loso
cyg_x_2,Cyg X-2,95345-01-32-00,NS,0.5,0.5,prior,loso
cyg_x_2,Cyg X-2,95345-01-42-00,NS,0.5,0.5,prior,loso
gs_1354_64,GS 1354-64,20431-01-03-00,BH,0.5,0.5,prior,loso
gs_1354_64,GS 1354-64,20431-01-04-00,BH,0.5,0.5,prior,loso
gs_1354_64,GS 1354-64,20431-01-05-00,BH,0.5,0.5,prior,loso
gs_1354_64,GS 1354-64,30401-01-01-00,BH,0.5,0.5,prior,loso
gs_1354_64,GS 1354-64,30401-01-02-00,BH,0.5,0.5,prior,loso
gs_1354_64,GS 1354-64,30401-01-03-00,BH,0.5,0.5,prior,loso
gs_1354_64,GS 1354-64,30401-01-04-00,BH,0.5,0.5,prior,loso
gx_339_4,GX 339-4,10420-01-01-00,BH,0.5,0.5,prior,loso
gx_339_4,GX 339-4,40031-03-03-00,BH,0.5,0.5,prior,loso
gx_339_4,GX 339-4,40108-01-04-00,BH,0.5,0.5,prior,loso
gx_339_4,GX 339-4,60705-01-56-00,BH,0.5,0.5,prior,loso
gx_339_4,GX 339-4,60705-01-69-00,BH,0.5,0.5,prior,loso
gx_339_4,GX 339-4,60705-01-80-00,BH,0.5,0.5,prior,loso
gx_339_4,GX 339-4,70109-01-28-00,BH,0.5,0.5,prior,loso
gx_339_4,GX 339-4,80102-04-57-01,BH,0.5,0.5,prior,loso
gx_339_4,GX 339-4,80132-01-15-00,BH,0.5,0.5,prior,loso
gx_339_4,GX 339-4,90019-01-02-00,BH,0.5,0.5,prior,loso
gx_339_4,GX 339-4,91105-04-08-00,BH,0.5,0.5,prior,loso
gx_339_4,GX 339-4,92035-01-02-06,BH,0.5,0.5,prior,loso
gx_339_4,GX 339-4,92085-02-01-00,BH,0.5,0.5,prior,loso
gx_339_4,GX 339-4,92704-03-11-00,BH,0.5,0.5,prior,loso
gx_339_4,GX 339-4,92704-03-32-00,BH,0.5,0.5,prior,loso
gx_339_4,GX 339-4,93076-08-02-00,BH,0.5,0.5,prior,loso
gx_339_4,GX 339-4,93409-01-04-01,BH,0.5,0.5,prior,loso
gx_339_4,GX 339-4,95409-01-07-01,BH,0.5,0.5,prior,loso
gx_339_4,GX 339-4,95409-01-15-01,BH,0.5,0.5,prior,loso
gx_339_4,GX 339-4,95409-01-21-00,BH,0.5,0.5,prior,loso
gx_339_4,GX 339-4,95409-01-38-01,BH,0.5,0.5,prior,loso
gx_339_4,GX 339-4,96409-01-02-03,BH,0.5,0.5,prior,loso
hete_j1900_1_2455,HETE J1900.1-2455,91015-01-01-00,NS,0.5,0.5,prior,loso
hete_j1900_1_2455,HETE J1900.1-2455,91015-01-04-07,NS,0.5,0.5,prior,loso
hete_j1900_1_2455,HETE J1900.1-2455,91015-01-07-01,NS,0.5,0.5,prior,loso
hete_j1900_1_2455,HETE J1900.1-2455,91057-01-03-01,NS,0.5,0.5,prior,loso
hete_j1900_1_2455,HETE J1900.1-2455,91057-01-05-04,NS,0.5,0.5,prior,loso
hete_j1900_1_2455,HETE J1900.1-2455,91057-01-08-00,NS,0.5,0.5,prior,loso
hete_j1900_1_2455,HETE J1900.1-2455,91057-01-11-00,NS,0.5,0.5,prior,loso
hete_j1900_1_2455,HETE J1900.1-2455,91059-03-03-00,NS,0.5,0.5,prior,loso
hete_j1900_1_2455,HETE J1900.1-2455,92049-01-04-00,NS,0.5,0.5,prior,loso
hete_j1900_1_2455,HETE J1900.1-2455,92049-01-14-00,NS,0.5,0.5,prior,loso
hete_j1900_1_2455,HETE J1900.1-2455,92049-01-26-00,NS,0.5,0.5,prior,loso
hete_j1900_1_2455,HETE J1900.1-2455,92049-01-37-00,NS,0.5,0.5,prior,loso
hete_j1900_1_2455,HETE J1900.1-2455,92049-01-49-00,NS,0.5,0.5,prior,loso
hete_j1900_1_2455,HETE J1900.1-2455,93030-01-03-00,NS,0.5,0.5,prior,loso
hete_j1900_1_2455,HETE J1900.1-2455,93030-01-15-00,NS,0.5,0.5,prior,loso
hete_j1900_1_2455,HETE J1900.1-2455,93030-01-25-01,NS,0.5,0.5,prior,loso
hete_j1900_1_2455,HETE J1900.1-2455,93030-01-37-00,NS,0.5,0.5,prior,loso
hete_j1900_1_2455,HETE J1900.1-2455,93030-01-48-00,NS,0.5,0.5,prior,loso
hete_j1900_1_2455,HETE J1900.1-2455,93451-01-01-00,NS,0.5,0.5,prior,loso
hete_j1900_1_2455,HETE J1900.1-2455,94030-01-04-00,NS,0.5,0.5,prior,loso
hete_j1900_1_2455,HETE J1900.1-2455,94030-01-12-00,NS,0.5,0.5,prior,loso
hete_j1900_1_2455,HETE J1900.1-2455,94030-01-24-00,NS,0.5,0.5,prior,loso
hete_j1900_1_2455,HETE J1900.1-2455,94030-01-37-00,NS,0.5,0.5,prior,loso
hete_j1900_1_2455,HETE J1900.1-2455,95030-01-05-00,NS,0.5,0.5,prior,loso
hete_j1900_1_2455,HETE J1900.1-2455,95030-01-16-00,NS,0.5,0.5,prior,loso
hete_j1900_1_2455,HETE J1900.1-2455,95030-01-27-00,NS,0.5,0.5,prior,loso
hete_j1900_1_2455,HETE J1900.1-2455,95030-01-40-00,NS,0.5,0.5,prior,loso
hete_j1900_1_2455,HETE J1900.1-2455,96030-01-07-00,NS,0.5,0.5,prior,loso
hete_j1900_1_2455,HETE J1900.1-2455,96030-01-20-00,NS,0.5,0.5,prior,loso
hete_j1900_1_2455,HETE J1900.1-2455,96030-01-32-00,NS,0.5,0.5,prior,loso
igr_j00291_5934,IGR J00291+5934,90052-03-01-00,NS,0.5,0.5,prior,loso
igr_j00291_5934,IGR J00291+5934,90425-01-01-13,NS,0.5,0.5,prior,loso
igr_j00291_5934,IGR J00291+5934,90425-01-02-14,NS,0.5,0.5,prior,loso
igr_j00291_5934,IGR J00291+5934,93013-07-06-02,NS,0.5,0.5,prior,loso
igr_j00291_5934,IGR J00291+5934,93013-07-18-00,NS,0.5,0.5,prior,loso
ks_1731_260,KS 1731-260,10416-01-01-00,NS,0.5,0.5,prior,loso
ks_1731_260,KS 1731-260,10416-01-03-00,NS,0.5,0.5,prior,loso
ks_1731_260,KS 1731-260,30061-01-01-00,NS,0.5,0.5,prior,loso
ks_1731_260,KS 1731-260,30061-01-01-02,NS,0.5,0.5,prior,loso
ks_1731_260,KS 1731-260,30061-01-01-04,NS,0.5,0.5,prior,loso
ks_1731_260,KS 1731-260,30061-01-02-01,NS,0.5,0.5,prior,loso
ks_1731_260,KS 1731-260,30061-01-02-03,NS,0.5,0.5,prior,loso
ks_1731_260,KS 1731-260,30061-01-02-06,NS,0.5,0.5,prior,loso
ks_1731_260,KS 1731-260,30061-01-03-00,NS,0.5,0.5,prior,loso
ks_1731_260,KS 1731-260,30061-01-03-01,NS,0.5,0.5,prior,loso
ks_1731_260,KS 1731-260,30061-01-04-00,NS,0.5,0.5,prior,loso
ks_1731_260,KS 1731-260,30061-01-04-02,NS,0.5,0.5,prior,loso
ks_1731_260,KS 1731-260,50031-02-01-01,NS,0.5,0.5,prior,loso
ks_1731_260,KS 1731-260,50031-02-01-03,NS,0.5,0.5,prior,loso
ks_1731_260,KS 1731-260,50031-02-01-05,NS,0.5,0.5,prior,loso
ks_1731_260,KS 1731-260,50031-02-01-09,NS,0.5,0.5,prior,loso
ks_1731_260,KS 1731-260,50031-02-01-11,NS,0.5,0.5,prior,loso
ks_1731_260,KS 1731-260,50031-02-02-02,NS,0.5,0.5,prior,loso
ks_1731_260,KS 1731-260,50031-02-02-04,NS,0.5,0.5,prior,loso
ks_1731_260,KS 1731-260,50031-02-02-06,NS,0.5,0.5,prior,loso
ks_1731_260,KS 1731-260,50031-02-02-07,NS,0.5,0.5,prior,loso
ks_1731_260,KS 1731-260,50031-02-03-00,NS,0.5,0.5,prior,loso
ks_1731_260,KS 1731-260,50031-02-03-06,NS,0.5,0.5,prior,loso
ks_1731_260,KS 1731-260,50031-02-03-07,NS,0.5,0.5,prior,loso
ks_1731_260,KS 1731-260,50031-02-03-08,NS,0.5,0.5,prior,loso
mxb_1658_298,MXB 1658-298,40050-04-05-00,NS,0.5,0.5,prior,loso
mxb_1658_298,MXB 1658-298,40050-04-05-02,NS,0.5,0.5,prior,loso
mxb_1658_298,MXB 1658-298,40414-01-01-00,NS,0.5,0.5,prior,loso
mxb_1658_298,MXB 1658-298,40414-01-02-00,NS,0.5,0.5,prior,loso
mxb_1658_298,MXB 1658-298,40414-01-04-00,NS,0.5,0.5,prior,loso
mxb_1658_298,MXB 1658-298,40414-01-06-00,NS,0.5,0.5,prior,loso
mxb_1658_298,MXB 1658-298,40414-01-08-00,NS,0.5,0.5,prior,loso
mxb_1658_298,MXB 1658-298,40414-01-14-00,NS,0.5,0.5,prior,loso
mxb_1658_298,MXB 1658-298,40414-01-15-00,NS,0.5,0.5,prior,loso
mxb_1658_298,MXB 1658-298,50410-01-02-00,NS,0.5,0.5,prior,loso
mxb_1658_298,MXB 1658-298,50410-01-03-00,NS,0.5,0.5,prior,loso
mxb_1658_298,MXB 1658-298,50410-01-05-00,NS,0.5,0.5,prior,loso
mxb_1658_298,MXB 1658-298,50410-01-07-00,NS,0.5,0.5,prior,loso
mxb_1658_298,MXB 1658-298,50410-01-09-00,NS,0.5,0.5,prior,loso
mxb_1658_298,MXB 1658-298,60048-01-02-00,NS,0.5,0.5,prior,loso
mxb_1658_298,MXB 1658-298,60048-01-04-00,NS,0.5,0.5,prior,loso
mxb_1658_298,MXB 1658-298,60048-01-05-00,NS,0.5,0.5,prior,loso
mxb_1658_298,MXB 1658-298,60048-02-01-00,NS,0.5,0.5,prior,loso
mxb_1658_298,MXB 1658-298,60048-02-03-00,NS,0.5,0.5,prior,loso
mxb_1658_298,MXB 1658-298,60048-02-05-00,NS,0.5,0.5,prior,loso
mxb_1658_298,MXB 1658-298,60048-03-02-00,NS,0.5,0.5,prior,loso
mxb_1658_298,MXB 1658-298,60048-03-03-00,NS,0.5,0.5,prior,loso
mxb_1658_298,MXB 1658-298,60048-03-05-00,NS,0.5,0.5,prior,loso
mxb_1658_298,MXB 1658-298,60048-04-02-00,NS,0.5,0.5,prior,loso
mxb_1658_298,MXB 1658-298,60419-01-01-00,NS,0.5,0.5,prior,loso
sax_j1750_8_2900,SAX J1750.8-2900,60035-01-02-01,NS,0.5,0.5,prior,loso
sax_j1750_8_2900,SAX J1750.8-2900,60084-03-01-02,NS,0.5,0.5,prior,loso
sax_j1750_8_2900,SAX J1750.8-2900,60084-03-02-00,NS,0.5,0.5,prior,loso
sax_j1750_8_2900,SAX J1750.8-2900,60117-01-01-00,NS,0.5,0.5,prior,loso
sax_j1750_8_2900,SAX J1750.8-2900,93044-08-02-00,NS,0.5,0.5,prior,loso
sax_j1750_8_2900,SAX J1750.8-2900,93044-08-05-00,NS,0.5,0.5,prior,loso
sax_j1750_8_2900,SAX J1750.8-2900,93044-08-08-01,NS,0.5,0.5,prior,loso
sax_j1750_8_2900,SAX J1750.8-2900,93432-01-01-01,NS,0.5,0.5,prior,loso
sax_j1750_8_2900,SAX J1750.8-2900,93432-01-02-00,NS,0.5,0.5,prior,loso
sax_j1750_8_2900,SAX J1750.8-2900,93432-01-02-05,NS,0.5,0.5,prior,loso
sax_j1750_8_2900,SAX J1750.8-2900,93432-01-03-01,NS,0.5,0.5,prior,loso
sax_j1750_8_2900,SAX J1750.8-2900,93432-01-03-05,NS,0.5,0.5,prior,loso
sax_j1750_8_2900,SAX J1750.8-2900,93432-01-04-02,NS,0.5,0.5,prior,loso
sax_j1750_8_2900,SAX J1750.8-2900,93432-01-05-02,NS,0.5,0.5,prior,loso
sax_j1750_8_2900,SAX J1750.8-2900,93432-01-06-00,NS,0.5,0.5,prior,loso
sax_j1750_8_2900,SAX J1750.8-2900,93432-01-06-03,NS,0.5,0.5,prior,loso
sax_j1750_8_2900,SAX J1750.8-2900,93432-01-07-00,NS,0.5,0.5,prior,loso
sax_j1750_8_2900,SAX J1750.8-2900,93432-01-07-04,NS,0.5,0.5,prior,loso
sax_j1750_8_2900,SAX J1750.8-2900,93432-01-08-01,NS,0.5,0.5,prior,loso
sax_j1750_8_2900,SAX J1750.8-2900,93432-01-09-03,NS,0.5,0.5,prior,loso
sax_j1750_8_2900,SAX J1750.8-2900,93432-01-10-01,NS,0.5,0.5,prior,loso
sax_j1750_8_2900,SAX J1750.8-2900,93432-01-10-04,NS,0.5,0.5,prior,loso
sax_j1750_8_2900,SAX J1750.8-2900,93432-01-11-02,NS,0.5,0.5,prior,loso
sax_j1750_8_2900,SAX J1750.8-2900,93432-01-11-03,NS,0.5,0.5,prior,loso
sax_j1750_8_2900,SAX J1750.8-2900,93432-01-12-02,NS,0.5,0.5,prior,loso
sax_j1750_8_2900,SAX J1750.8-2900,93432-01-13-02,NS,0.5,0.5,prior,loso
sax_j1750_8_2900,SAX J1750.8-2900,93432-01-14-01,NS,0.5,0.5,prior,loso
sax_j1750_8_2900,SAX J1750.8-2900,93432-01-14-03,NS,0.5,0.5,prior,loso
sax_j1750_8_2900,SAX J1750.8-2900,93432-01-15-00,NS,0.5,0.5,prior,loso
sax_j1750_8_2900,SAX J1750.8-2900,93432-01-16-00,NS,0.5,0.5,prior,loso
sax_j1750_8_2900,SAX J1750.8-2900,93432-01-16-04,NS,0.5,0.5,prior,loso
sax_j1750_8_2900,SAX J1750.8-2900,93432-01-17-02,NS,0.5,0.5,prior,loso
sax_j1806_5_2215,SAX J1806.5-2215,96085-04-01-00,NS,0.5,0.5,prior,loso
sax_j1806_5_2215,SAX J1806.5-2215,96085-04-02-01,NS,0.5,0.5,prior,loso
sax_j1806_5_2215,SAX J1806.5-2215,96085-04-03-00,NS,0.5,0.5,prior,loso
sax_j1806_5_2215,SAX J1806.5-2215,96085-04-03-02,NS,0.5,0.5,prior,loso
sax_j1806_5_2215,SAX J1806.5-2215,96085-04-03-03,NS,0.5,0.5,prior,loso
sax_j1806_5_2215,SAX J1806.5-2215,96085-04-04-00,NS,0.5,0.5,prior,loso
sax_j1806_5_2215,SAX J1806.5-2215,96085-04-04-01,NS,0.5,0.5,prior,loso
sax_j1806_5_2215,SAX J1806.5-2215,96085-04-04-03,NS,0.5,0.5,prior,loso
sax_j1806_5_2215,SAX J1806.5-2215,96085-04-05-00,NS,0.5,0.5,prior,loso
sax_j1806_5_2215,SAX J1806.5-2215,96085-04-05-03,NS,0.5,0.5,prior,loso
sax_j1806_5_2215,SAX J1806.5-2215,96085-04-06-00,NS,0.5,0.5,prior,loso
sax_j1806_5_2215,SAX J1806.5-2215,96085-04-06-01,NS,0.5,0.5,prior,loso
sax_j1806_5_2215,SAX J1806.5-2215,96085-04-08-00,NS,0.5,0.5,prior,loso
sax_j1806_5_2215,SAX J1806.5-2215,96085-04-09-00,NS,0.5,0.5,prior,loso
sax_j1806_5_2215,SAX J1806.5-2215,96085-04-09-01,NS,0.5,0.5,prior,loso
sax_j1806_5_2215,SAX J1806.5-2215,96085-04-10-01,NS,0.5,0.5,prior,loso
sax_j1806_5_2215,SAX J1806.5-2215,96085-04-11-00,NS,0.5,0.5,prior,loso
sax_j1806_5_2215,SAX J1806.5-2215,96085-04-12-01,NS,0.5,0.5,prior,loso
sax_j1806_5_2215,SAX J1806.5-2215,96085-04-13-00,NS,0.5,0.5,prior,loso
sax_j1806_5_2215,SAX J1806.5-2215,96085-04-15-00,NS,0.5,0.5,prior,loso
sax_j1806_5_2215,SAX J1806.5-2215,96085-04-16-00,NS,0.5,0.5,prior,loso
sax_j1806_5_2215,SAX J1806.5-2215,96085-04-17-00,NS,0.5,0.5,prior,loso
sax_j1806_5_2215,SAX J1806.5-2215,96085-04-19-00,NS,0.5,0.5,prior,loso
sax_j1806_5_2215,SAX J1806.5-2215,96085-04-20-00,NS,0.5,0.5,prior,loso
sax_j1806_5_2215,SAX J1806.5-2215,96085-04-23-00,NS,0.5,0.5,prior,loso
sax_j1806_5_2215,SAX J1806.5-2215,96085-04-25-00,NS,0.5,0.5,prior,loso
sax_j1806_5_2215,SAX J1806.5-2215,96085-04-26-00,NS,0.5,0.5,prior,loso
sax_j1806_5_2215,SAX J1806.5-2215,96085-04-28-00,NS,0.5,0.5,prior,loso
sax_j1806_5_2215,SAX J1806.5-2215,96085-04-29-00,NS,0.5,0.5,prior,loso
sax_j1806_5_2215,SAX J1806.5-2215,96085-04-30-00,NS,0.5,0.5,prior,loso
sax_j1806_5_2215,SAX J1806.5-2215,96085-04-31-00,NS,0.5,0.5,prior,loso
sax_j1806_5_2215,SAX J1806.5-2215,96085-04-33-00,NS,0.5,0.5,prior,loso
sax_j1808_4_3658,SAX J1808.4-3658,70080-01-02-03,NS,0.5,0.5,prior,loso
sax_j1808_4_3658,SAX J1808.4-3658,70080-01-02-13,NS,0.5,0.5,prior,loso
sax_j1808_4_3658,SAX J1808.4-3658,70080-01-03-12,NS,0.5,0.5,prior,loso
sax_j1808_4_3658,SAX J1808.4-3658,70080-02-02-35,NS,0.5,0.5,prior,loso
sax_j1808_4_3658,SAX J1808.4-3658,70080-02-02-36,NS,0.5,0.5,prior,loso
sax_j1808_4_3658,SAX J1808.4-3658,70080-03-06-00,NS,0.5,0.5,prior,loso
sax_j1808_4_3658,SAX J1808.4-3658,70080-03-20-02,NS,0.5,0.5,prior,loso
sax_j1808_4_3658,SAX J1808.4-3658,70080-03-20-10,NS,0.5,0.5,prior,loso
sax_j1808_4_3658,SAX J1808.4-3658,91056-01-02-01,NS,0.5,0.5,prior,loso
sax_j1808_4_3658,SAX J1808.4-3658,91056-01-03-09,NS,0.5,0.5,prior,loso
sax_j1808_4_3658,SAX J1808.4-3658,91418-01-03-01,NS,0.5,0.5,prior,loso
sax_j1808_4_3658,SAX J1808.4-3658,93027-01-02-00,NS,0.5,0.5,prior,loso
sax_j1808_4_3658,SAX J1808.4-3658,96027-01-01-00,NS,0.5,0.5,prior,loso
sax_j1808_4_3658,SAX J1808.4-3658,96027-01-02-07,NS,0.5,0.5,prior,loso
sax_j1810_8_2609,SAX J1810.8-2609,93044-02-01-00,NS,0.5,0.5,prior,loso
sax_j1810_8_2609,SAX J1810.8-2609,93044-02-02-00,NS,0.5,0.5,prior,loso
sax_j1810_8_2609,SAX J1810.8-2609,93044-02-03-00,NS,0.5,0.5,prior,loso
sax_j1810_8_2609,SAX J1810.8-2609,93044-02-04-00,NS,0.5,0.5,prior,loso
sax_j1810_8_2609,SAX J1810.8-2609,93044-02-06-00,NS,0.5,0.5,prior,loso
sax_j1810_8_2609,SAX J1810.8-2609,93044-02-06-01,NS,0.5,0.5,prior,loso
sax_j1810_8_2609,SAX J1810.8-2609,93044-02-07-00,NS,0.5,0.5,prior,loso
sax_j1810_8_2609,SAX J1810.8-2609,93044-02-08-00,NS,0.5,0.5,prior,loso
sax_j1810_8_2609,SAX J1810.8-2609,93093-01-01-00,NS,0.5,0.5,prior,loso
sax_j1810_8_2609,SAX J1810.8-2609,93093-01-01-01,NS,0.5,0.5,prior,loso
sax_j1810_8_2609,SAX J1810.8-2609,93093-01-01-02,NS,0.5,0.5,prior,loso
sax_j1810_8_2609,SAX J1810.8-2609,93093-01-02-01,NS,0.5,0.5,prior,loso
sax_j1810_8_2609,SAX J1810.8-2609,93093-01-02-02,NS,0.5,0.5,prior,loso
sax_j1810_8_2609,SAX J1810.8-2609,93093-01-02-03,NS,0.5,0.5,prior,loso
sax_j1810_8_2609,SAX J1810.8-2609,93093-01-02-04,NS,0.5,0.5,prior,loso
sax_j1810_8_2609,SAX J1810.8-2609,93093-01-02-05,NS,0.5,0.5,prior,loso
sax_j1810_8_2609,SAX J1810.8-2609,93093-01-02-06,NS,0.5,0.5,prior,loso
sax_j1810_8_2609,SAX J1810.8-2609,93093-01-02-07,NS,0.5,0.5,prior,loso
sax_j1810_8_2609,SAX J1810.8-2609,93093-01-02-08,NS,0.5,0.5,prior,loso
sax_j1810_8_2609,SAX J1810.8-2609,93093-01-02-10,NS,0.5,0.5,prior,loso
sax_j1810_8_2609,SAX J1810.8-2609,93093-01-02-11,NS,0.5,0.5,prior,loso
sax_j1810_8_2609,SAX J1810.8-2609,93414-01-01-00,NS,0.5,0.5,prior,loso
sax_j1810_8_2609,SAX J1810.8-2609,93414-01-01-01,NS,0.5,0.5,prior,loso
sax_j1810_8_2609,SAX J1810.8-2609,93414-01-01-02,NS,0.5,0.5,prior,loso
sax_j1810_8_2609,SAX J1810.8-2609,93414-01-01-03,NS,0.5,0.5,prior,loso
sax_j1810_8_2609,SAX J1810.8-2609,93414-01-04-00,NS,0.5,0.5,prior,loso
sax_j1810_8_2609,SAX J1810.8-2609,93414-01-04-01,NS,0.5,0.5,prior,loso
sax_j1810_8_2609,SAX J1810.8-2609,93414-01-04-02,NS,0.5,0.5,prior,loso
sax_j1810_8_2609,SAX J1810.8-2609,93414-01-04-03,NS,0.5,0.5,prior,loso
sax_j1810_8_2609,SAX J1810.8-2609,93414-01-05-00,NS,0.5,0.5,prior,loso
sax_j1810_8_2609,SAX J1810.8-2609,93414-01-05-01,NS,0.5,0.5,prior,loso
slx_1735_269,SLX 1735-269,20089-02-01-00,NS,0.5,0.5,prior,loso
slx_1735_269,SLX 1735-269,20170-03-01-00,NS,0.5,0.5,prior,loso
slx_1735_269,SLX 1735-269,20170-03-03-00,NS,0.5,0.5,prior,loso
slx_1735_269,SLX 1735-269,20170-03-06-00,NS,0.5,0.5,prior,loso
slx_1735_269,SLX 1735-269,20170-03-08-00,NS,0.5,0.5,prior,loso
slx_1735_269,SLX 1735-269,20170-03-11-00,NS,0.5,0.5,prior,loso
slx_1735_269,SLX 1735-269,60034-01-01-03,NS,0.5,0.5,prior,loso
slx_1735_269,SLX 1735-269,60034-01-01-05,NS,0.5,0.5,prior,loso
slx_1735_269,SLX 1735-269,60034-01-02-03,NS,0.5,0.5,prior,loso
slx_1735_269,SLX 1735-269,60034-01-03-00,NS,0.5,0.5,prior,loso
slx_1735_269,SLX 1735-269,70134-08-01-00,NS,0.5,0.5,prior,loso
slx_1735_269,SLX 1735-269,80138-03-01-00,NS,0.5,0.5,prior,loso
slx_1735_269,SLX 1735-269,80138-03-04-00,NS,0.5,0.5,prior,loso
slx_1735_269,SLX 1735-269,80138-03-06-00,NS,0.5,0.5,prior,loso
slx_1735_269,SLX 1735-269,80138-03-07-02,NS,0.5,0.5,prior,loso
slx_1735_269,SLX 1735-269,80138-03-08-00,NS,0.5,0.5,prior,loso
slx_1735_269,SLX 1735-269,90058-05-01-02,NS,0.5,0.5,prior,loso
slx_1735_269,SLX 1735-269,90058-05-01-04,NS,0.5,0.5,prior,loso
slx_1735_269,SLX 1735-269,92052-02-01-00,NS,0.5,0.5,prior,loso
slx_1735_269,SLX 1735-269,94044-05-01-00,NS,0.5,0.5,prior,loso
slx_1735_269,SLX 1735-269,96429-01-02-00,NS,0.5,0.5,prior,loso
slx_1735_269,SLX 1735-269,96429-01-02-02,NS,0.5,0.5,prior,loso
slx_1735_269,SLX 1735-269,96429-01-04-00,NS,0.5,0.5,prior,loso
slx_1735_269,SLX 1735-269,96429-01-05-00,NS,0.5,0.5,prior,loso
slx_1735_269,SLX 1735-269,96429-01-06-02,NS,0.5,0.5,prior,loso
slx_1735_269,SLX 1735-269,96429-01-07-00,NS,0.5,0.5,prior,loso
slx_1735_269,SLX 1735-269,96429-01-08-01,NS,0.5,0.5,prior,loso
slx_1735_269,SLX 1735-269,96429-01-08-03,NS,0.5,0.5,prior,loso
ser_x_1,Ser X-1,40025-03-01-00,NS,0.5,0.5,prior,loso
ser_x_1,Ser X-1,40025-03-01-01,NS,0.5,0.5,prior,loso
ser_x_1,Ser X-1,40025-03-01-02,NS,0.5,0.5,prior,loso
ser_x_1,Ser X-1,40025-03-02-00,NS,0.5,0.5,prior,loso
ser_x_1,Ser X-1,40025-03-02-01,NS,0.5,0.5,prior,loso
ser_x_1,Ser X-1,40426-01-01-00,NS,0.5,0.5,prior,loso
ser_x_1,Ser X-1,50029-35-01-00,NS,0.5,0.5,prior,loso
ser_x_1,Ser X-1,70014-03-01-00,NS,0.5,0.5,prior,loso
ser_x_1,Ser X-1,70014-03-01-01,NS,0.5,0.5,prior,loso
ser_x_1,Ser X-1,70014-03-01-02,NS,0.5,0.5,prior,loso
ser_x_1,Ser X-1,70014-03-02-00,NS,0.5,0.5,prior,loso
ser_x_1,Ser X-1,70014-03-02-01,NS,0.5,0.5,prior,loso
ser_x_1,Ser X-1,70014-03-02-02,NS,0.5,0.5,prior,loso
ser_x_1,Ser X-1,70014-03-02-03,NS,0.5,0.5,prior,loso
ser_x_1,Ser X-1,70027-04-01-00,NS,0.5,0.5,prior,loso
ser_x_1,Ser X-1,70027-04-01-01,NS,0.5,0.5,prior,loso
ser_x_1,Ser X-1,70027-04-08-00,NS,0.5,0.5,prior,loso
v4641_sgr,V4641 Sgr,80054-08-01-00,BH,0.5,0.5,prior,loso
v4641_sgr,V4641 Sgr,80054-08-01-01,BH,0.5,0.5,prior,loso
v4641_sgr,V4641 Sgr,80054-08-02-00,BH,0.5,0.5,prior,loso
v4641_sgr,V4641 Sgr,91422-01-01-00,BH,0.5,0.5,prior,loso
v4641_sgr,V4641 Sgr,95436-01-01-00,BH,0.5,0.5,prior,loso
xte_j1118_480,XTE J1118+480,50133-01-04-00,BH,0.5,0.5,prior,loso
xte_j1118_480,XTE J1118+480,50133-01-05-00,BH,0.5,0.5,prior,loso
xte_j1118_480,XTE J1118+480,50133-01-06-00,BH,0.5,0.5,prior,loso
xte_j1118_480,XTE J1118+480,50137-01-01-00,BH,0.5,0.5,prior,loso
xte_j1118_480,XTE J1118+480,50137-01-04-00,BH,0.5,0.5,prior,loso
xte_j1118_480,XTE J1118+480,50407-01-01-00,BH,0.5,0.5,prior,loso
xte_j1118_480,XTE J1118+480,50407-01-02-00,BH,0.5,0.5,prior,loso
xte_j1118_480,XTE J1118+480,50407-01-02-02,BH,0.5,0.5,prior,loso
xte_j1118_480,XTE J1118+480,50407-01-03-01,BH,0.5,0.5,prior,loso
xte_j1118_480,XTE J1118+480,50407-01-05-01,BH,0.5,0.5,prior,loso
xte_j1118_480,XTE J1118+480,50407-01-06-00,BH,0.5,0.5,prior,loso
xte_j1118_480,XTE J1118+480,50407-01-10-01,BH,0.5,0.5,prior,loso
xte_j1118_480,XTE J1118+480,50407-01-15-00,BH,0.5,0.5,prior,loso
xte_j1118_480,XTE J1118+480,90011-01-01-01,BH,0.5,0.5,prior,loso
xte_j1118_480,XTE J1118+480,90011-01-01-02,BH,0.5,0.5,prior,loso
xte_j1118_480,XTE J1118+480,90011-01-01-05,BH,0.5,0.5,prior,loso
xte_j1118_480,XTE J1118+480,90011-01-01-09,BH,0.5,0.5,prior,loso
xte_j1118_480,XTE J1118+480,90011-01-01-13,BH,0.5,0.5,prior,loso
xte_j1118_480,XTE J1118+480,90111-01-02-02,BH,0.5,0.5,prior,loso
xte_j1118_480,XTE J1118+480,90111-01-02-06,BH,0.5,0.5,prior,loso
xte_j1118_480,XTE J1118+480,90111-01-02-11,BH,0.5,0.5,prior,loso
xte_j1118_480,XTE J1118+480,90111-01-03-02,BH,0.5,0.5,prior,loso
xte_j1550_564,XTE J1550-564,30188-06-01-02,BH,0.5,0.5,prior,loso
xte_j1550_564,XTE J1550-564,30191-01-02-00,BH,0.5,0.5,prior,loso
xte_j1550_564,XTE J1550-564,30191-01-12-00,BH,0.5,0.5,prior,loso
xte_j1550_564,XTE J1550-564,30191-01-28-01,BH,0.5,0.5,prior,loso
xte_j1550_564,XTE J1550-564,30191-01-34-00,BH,0.5,0.5,prior,loso
xte_j1550_564,XTE J1550-564,30191-01-44-00,BH,0.5,0.5,prior,loso
xte_j1550_564,XTE J1550-564,30435-01-07-00,BH,0.5,0.5,prior,loso
xte_j1550_564,XTE J1550-564,30435-01-15-01,BH,0.5,0.5,prior,loso
xte_j1550_564,XTE J1550-564,30435-01-25-00,BH,0.5,0.5,prior,loso
xte_j1550_564,XTE J1550-564,40401-01-08-00,BH,0.5,0.5,prior,loso
xte_j1550_564,XTE J1550-564,40401-01-18-00,BH,0.5,0.5,prior,loso
xte_j1550_564,XTE J1550-564,40401-01-26-00,BH,0.5,0.5,prior,loso
xte_j1550_564,XTE J1550-564,40401-01-35-01,BH,0.5,0.5,prior,loso
xte_j1550_564,XTE J1550-564,40401-01-43-00,BH,0.5,0.5,prior,loso
xte_j1550_564,XTE J1550-564,40401-01-53-00,BH,0.5,0.5,prior,loso
xte_j1550_564,XTE J1550-564,40401-01-60-00,BH,0.5,0.5,prior,loso
xte_j1550_564,XTE J1550-564,40401-01-70-00,BH,0.5,0.5,prior,loso
xte_j1550_564,XTE J1550-564,40401-01-80-00,BH,0.5,0.5,prior,loso
xte_j1550_564,XTE J1550-564,40401-01-82-04,BH,0.5,0.5,prior,loso
xte_j1550_564,XTE J1550-564,40401-01-96-01,BH,0.5,0.5,prior,loso
xte_j1550_564,XTE J1550-564,50134-01-05-00,BH,0.5,0.5,prior,loso
xte_j1550_564,XTE J1550-564,50134-02-04-01,BH,0.5,0.5,prior,loso
xte_j1550_564,XTE J1550-564,50135-01-11-00,BH,0.5,0.5,prior,loso
xte_j1550_564,XTE J1550-564,50137-02-04-01,BH,0.5,0.5,prior,loso
xte_j1550_564,XTE J1550-564,50137-02-12-00,BH,0.5,0.5,prior,loso
xte_j1550_564,XTE J1550-564,60428-01-09-00,BH,0.5,0.5,prior,loso
xte_j1550_564,XTE J1550-564,80135-01-04-01,BH,0.5,0.5,prior,loso
xte_j1859_226,XTE J1859+226,40122-01-01-03,BH,0.5,0.5,prior,loso
xte_j1859_226,XTE J1859+226,40122-01-03-01,BH,0.5,0.5,prior,loso
xte_j1859_226,XTE J1859+226,40124-01-11-00,BH,0.5,0.5,prior,loso
xte_j1859_226,XTE J1859+226,40124-01-15-03,BH,0.5,0.5,prior,loso
xte_j1859_226,XTE J1859+226,40124-01-20-00,BH,0.5,0.5,prior,loso
xte_j1859_226,XTE J1859+226,40124-01-27-00,BH,0.5,0.5,prior,loso
xte_j1859_226,XTE J1859+226,40124-01-30-00,BH,0.5,0.5,prior,loso
xte_j1859_226,XTE J1859+226,40124-01-33-00,BH,0.5,0.5,prior,loso
xte_j1859_226,XTE J1859+226,40124-01-35-02,BH,0.5,0.5,prior,loso
xte_j1859_226,XTE J1859+226,40124-01-36-00,BH,0.5,0.5,prior,loso
xte_j1859_226,XTE J1859+226,40124-01-38-00,BH,0.5,0.5,prior,loso
xte_j1859_226,XTE J1859+226,40124-01-40-01,BH,0.5,0.5,prior,loso
xte_j1859_226,XTE J1859+226,40124-01-46-00,BH,0.5,0.5,prior,loso
xte_j1859_226,XTE J1859+226,40124-01-49-00,BH,0.5,0.5,prior,loso
xte_j1859_226,XTE J1859+226,40124-01-51-00,BH,0.5,0.5,prior,loso
xte_j1859_226,XTE J1859+226,40124-01-52-02,BH,0.5,0.5,prior,loso
xte_j1859_226,XTE J1859+226,40124-01-55-00,BH,0.5,0.5,prior,loso
xte_j1859_226,XTE J1859+226,40124-01-55-03,BH,0.5,0.5,prior,loso
xte_j1859_226,XTE J1859+226,40124-01-57-01,BH,0.5,0.5,prior,loso
xte_j1859_226,XTE J1859+226,40124-01-58-03,BH,0.5,0.5,prior,loso
xte_j1859_226,XTE J1859+226,40124-01-61-00,BH,0.5,0.5,prior,loso
xte_j1859_226,XTE J1859+226,40124-01-63-00,BH,0.5,0.5,prior,loso
xte_j1859_226,XTE J1859+226,40440-01-03-00,BH,0.5,0.5,prior,loso
1a_1744_361,1A 1744-361,80431-01-02-01,NS,0.897514286235519,0.10248571376448101,logistic,loso
1a_1744_361,1A 1744-361,80431-01-02-03,NS,0.8728342667996845,0.12716573320031554,logistic,loso
1a_1744_361,1A 1744-361,80431-01-02-04,NS,0.8718266931149405,0.12817330688505946,logistic,loso
1a_1744_361,1A 1744-361,80431-01-02-05,NS,0.8953850146027892,0.10461498539721081,logistic,loso
1a_1744_361,1A 1744-361,80431-01-03-00,NS,0.8774635547377245,0.12253644526227547,logistic,loso
1a_1744_361,1A 1744-361,80431-01-03-02,NS,0.9303419795913758,0.06965802040862423,logistic,loso
1a_1744_361,1A 1744-361,90058-04-02-00,NS,0.7843037536685703,0.2156962463314297,logistic,loso
1a_1744_361,1A 1744-361,91050-05-02-00,NS,0.8782286304858142,0.12177136951418577,logistic,loso
1a_1744_361,1A 1744-361,91050-05-03-00,NS,0.8863040098283782,0.1136959901716218,logistic,loso
1a_1744_361,1A 1744-361,93155-01-01-00,NS,0.8759568835459803,0.12404311645401966,logistic,loso
1a_1744_361,1A 1744-361,93155-01-02-00,NS,0.9036586363362002,0.09634136366379975,logistic,loso
1a_1744_361,1A 1744-361,93155-01-02-01,NS,0.8909354080098214,0.1090645919901786,logistic,loso
1a_1744_361,1A 1744-361,93155-01-03-01,NS,0.8776721089064229,0.12232789109357711,logistic,loso
1a_1744_361,1A 1744-361,93155-01-03-02,NS,0.8751174004149301,0.12488259958506986,logistic,loso
1a_1744_361,1A 1744-361,93155-01-03-03,NS,0.8837488831562764,0.11625111684372358,logistic,loso
1a_1744_361,1A 1744-361,93155-01-06-01,NS,0.8813446232266088,0.11865537677339122,logistic,loso
1a_1744_361,1A 1744-361,93155-01-06-02,NS,0.8893573317787217,0.11064266822127833,logistic,loso
1a_1744_361,1A 1744-361,93155-01-07-00,NS,0.8710528713316001,0.12894712866839986,logistic,loso
1a_1744_361,1A 1744-361,93155-01-07-02,NS,0.8928174585327328,0.10718254146726724,logistic,loso
1a_1744_361,1A 1744-361,93155-01-08-00,NS,0.8751271259468194,0.1248728740531806,logistic,loso
1a_1744_361,1A 1744-361,93155-01-08-02,NS,0.8128998945606515,0.18710010543934852,logistic,loso
1a_1744_361,1A 1744-361,93155-01-09-00,NS,0.8087969973042396,0.1912030026957604,logistic,loso
1a_1744_361,1A 1744-361,95416-01-01-00,NS,0.8458618847072306,0.15413811529276944,logistic,loso
1a_1744_361,1A 1744-361,95416-01-01-02,NS,0.8648061568217015,0.13519384317829852,logistic,loso
1a_1744_361,1A 1744-361,95416-01-02-00,NS,0.882273199446935,0.11772680055306495,logistic,loso
1a_1744_361,1A 1744-361,95416-01-02-02,NS,0.8544621753882662,0.1455378246117338,logistic,loso
1a_1744_361,1A 1744-361,96437-01-02-00,NS,0.8645923361288209,0.13540766387117908,logistic,loso
4u_0614_09,4U 0614+09,10095-01-01-00,NS,0.76340976036757,0.23659023963242998,logistic,loso
4u_0614_09,4U 0614+09,20428-01-01-03,NS,0.7470075919817546,0.2529924080182454,logistic,loso
4u_0614_09,4U 0614+09,30054-01-02-03,NS,0.7830077685493156,0.21699223145068436,logistic,loso
4u_0614_09,4U 0614+09,40030-01-14-00,NS,0.8622750837601096,0.13772491623989036,logistic,loso
4u_0614_09,4U 0614+09,40429-01-03-01,NS,0.7877308077823634,0.21226919221763663,logistic,loso
4u_0614_09,4U 0614+09,40429-01-06-01,NS,0.8603014303684637,0.13969856963153626,logistic,loso
4u_0614_09,4U 0614+09,50026-02-01-01,NS,0.7161471079472993,0.2838528920527007,logistic,loso
4u_0614_09,4U 0614+09,50031-01-01-01,NS,0.7027730934175876,0.29722690658241235,logistic,loso
4u_0614_09,4U 0614+09,50031-01-02-07,NS,0.7194125139263792,0.28058748607362083,logistic,loso
4u_0614_09,4U 0614+09,50031-01-04-08,NS,0.6734638660547962,0.32653613394520375,logistic,loso
4u_0614_09,4U 0614+09,60424-01-02-01,NS,0.6726663988605719,0.3273336011394281,logistic,loso
4u_0614_09,4U 0614+09,80037-01-09-08,NS,0.7335216989502871,0.26647830104971293,logistic,loso
4u_0614_09,4U 0614+09,80051-02-01-02,NS,0.8382912942073172,0.16170870579268282,logistic,loso
4u_0614_09,4U 0614+09,80414-01-02-00,NS,0.752723777100377,0.24727622289962303,logistic,loso
4u_0614_09,4U 0614+09,80414-01-05-02,NS,0.7963434326461105,0.20365656735388948,logistic,loso
4u_0614_09,4U 0614+09,90422-01-01-02,NS,0.7676316756613192,0.23236832433868082,logistic,loso
4u_0614_09,4U 0614+09,91425-01-04-02,NS,0.792350578868527,0.207649421131473,logistic,loso
4u_0614_09,4U 0614+09,92411-01-01-02,NS,0.7765173752437978,0.22348262475620218,logistic,loso
4u_0614_09,4U 0614+09,92411-01-07-02,NS,0.791906026129057,0.20809397387094297,logistic,loso
4u_0614_09,4U 0614+09,92411-01-10-00,NS,0.7498994698119128,0.2501005301880872,logistic,loso
4u_0614_09,4U 0614+09,93404-01-02-00,NS,0.7849560282369076,0.21504397176309242,logistic,loso
4u_0614_09,4U 0614+09,93404-01-07-00,NS,0.7696335531323256,0.23036644686767438,logistic,loso
4u_0614_09,4U 0614+09,93404-01-11-02,NS,0.7557058277418469,0.24429417225815309,logistic,loso
4u_0614_09,4U 0614+09,93404-01-14-00,NS,0.7721677945340352,0.22783220546596483,logistic,loso
4u_0614_09,4U 0614+09,93404-01-21-00,NS,0.7768046558247517,0.22319534417524833,logistic,loso
4u_0614_09,4U 0614+09,94404-01-07-00,NS,0.7522184410877213,0.2477815589122787,logistic,loso
4u_0614_09,4U 0614+09,95404-01-01-01,NS,0.7860212033097624,0.21397879669023756,logistic,loso
4u_0614_09,4U 0614+09,95404-01-09-02,NS,0.733390428673342,0.26660957132665797,logistic,loso
4u_0614_09,4U 0614+09,96307-01-04-00,NS,0.8073688118960183,0.19263118810398172,logistic,loso
4u_0614_09,4U 0614+09,96307-01-10-00,NS,0.8894734149195463,0.11052658508045365,logistic,loso
4u_0614_09,4U 0614+09,96404-01-02-00,NS,0.7655318901523399,0.2344681098476601,logistic,loso
4u_1254_69,4U 1254-69,90036-01-01-00,NS,0.8607051802065754,0.13929481979342462,logistic,loso
4u_1254_69,4U 1254-69,90036-01-01-01,NS,0.8488879433682004,0.1511120566317996,logistic,loso
4u_1254_69,4U 1254-69,90036-01-01-02,NS,0.8428421905684242,0.15715780943157576,logistic,loso
4u_1254_69,4U 1254-69,90036-01-01-03,NS,0.8594940174126101,0.1405059825873899,logistic,loso
4u_1254_69,4U 1254-69,90036-01-02-00,NS,0.8580993243461132,0.14190067565388675,logistic,loso
4u_1254_69,4U 1254-69,90036-01-02-01,NS,0.8803237921347568,0.11967620786524324,logistic,loso
4u_1254_69,4U 1254-69,93406-13-01-00,NS,0.8640584633341022,0.1359415366658978,logistic,loso
4u_1254_69,4U 1254-69,95324-01-01-00,NS,0.8561518135354861,0.14384818646451392,logistic,loso
4u_1254_69,4U 1254-69,95324-01-01-01,NS,0.8547991596853336,0.1452008403146664,logistic,loso
4u_1254_69,4U 1254-69,95324-01-02-00,NS,0.8507473274633938,0.14925267253660623,logistic,loso
4u_1254_69,4U 1254-69,95324-01-02-01,NS,0.870381325111395,0.129618674888605,logistic,loso
4u_1543_475,4U 1543-475,70124-02-03-00,BH,0.6631187925700658,0.3368812074299342,logistic,loso
4u_1543_475,4U 1543-475,70124-02-06-00,BH,0.6673433671378638,0.3326566328621362,logistic,loso
4u_1543_475,4U 1543-475,70124-02-09-00,BH,0.7478824373421306,0.25211756265786944,logistic,loso
4u_1543_475,4U 1543-475,70124-02-11-00,BH,0.7864083356291767,0.21359166437082333,logistic,loso
4u_1543_475,4U 1543-475,70132-01-01-00,BH,0.2088042174549442,0.7911957825450557,logistic,loso
4u_1543_475,4U 1543-475,70132-01-02-01,BH,0.30007010843944143,0.6999298915605585,logistic,loso
4u_1543_475,4U 1543-475,70133-01-01-00,BH,0.26262057916868636,0.7373794208313136,logistic,loso
4u_1543_475,4U 1543-475,70133-01-05-00,BH,0.165162692847215,0.834837307152785,logistic,loso
4u_1543_475,4U 1543-475,70133-01-10-00,BH,0.2910480848199557,0.7089519151800443,logistic,loso
4u_1543_475,4U 1543-475,70133-01-16-00,BH,0.21918038748980734,0.7808196125101927,logistic,loso
4u_1543_475,4U 1543-475,70133-01-20-00,BH,0.6840804848124654,0.3159195151875346,logistic,loso
4u_1543_475,4U 1543-475,70133-01-23-00,BH,0.7315708740059493,0.26842912599405067,logistic,loso
4u_1543_475,4U 1543-475,70133-01-25-01,BH,0.739538851320327,0.26046114867967296,logistic,loso
4u_1543_475,4U 1543-475,70133-01-26-01,BH,0.7486796051034355,0.25132039489656455,logistic,loso
4u_1543_475,4U 1543-475,70133-01-28-00,BH,0.752598655551952,0.24740134444804796,logistic,loso
4u_1543_475,4U 1543-475,70133-01-31-00,BH,0.7106634292325842,0.2893365707674158,logistic,loso
4u_1608_522,4U 1608-522,10093-01-01-01,NS,0.8080108825364888,0.19198911746351122,logistic,loso
4u_1608_522,4U 1608-522,30062-02-01-05,NS,0.993449092088379,0.006550907911621051,logistic,loso
4u_1608_522,4U 1608-522,40437-01-01-01,NS,0.7224316385071118,0.2775683614928882,logistic,loso
4u_1608_522,4U 1608-522,50052-01-23-00,NS,0.8465490334726994,0.15345096652730061,logistic,loso
4u_1608_522,4U 1608-522,60052-02-04-03,NS,0.9878870928526159,0.012112907147384111,logistic,loso
4u_1608_522,4U 1608-522,70058-01-22-00,NS,0.9921892230720716,0.00781077692792842,logistic,loso
4u_1608_522,4U 1608-522,70058-01-37-00,NS,0.958515284937492,0.04148471506250795,logistic,loso
4u_1608_522,4U 1608-522,70069-01-03-01,NS,0.8131093020959101,0.18689069790408985,logistic,loso
4u_1608_522,4U 1608-522,80406-01-04-07,NS,0.7555358072000479,0.24446419279995213,logistic,loso
4u_1608_522,4U 1608-522,91405-01-27-00,NS,0.668934186739172,0.33106581326082796,logistic,loso
4u_1608_522,4U 1608-522,91405-01-41-00,NS,0.6994386460073271,0.3005613539926729,logistic,loso
4u_1608_522,4U 1608-522,92401-01-11-03,NS,0.9887367410515918,0.011263258948408184,logistic,loso
4u_1608_522,4U 1608-522,93408-01-11-00,NS,0.760970096456599,0.23902990354340103,logistic,loso
4u_1608_522,4U 1608-522,93408-01-19-01,NS,0.9987869898131934,0.00121301018680664,logistic,loso
4u_1608_522,4U 1608-522,93408-01-22-06,NS,0.9717007117260076,0.028299288273992418,logistic,loso
4u_1608_522,4U 1608-522,93408-01-26-03,NS,0.6132211136123195,0.38677888638768054,logistic,loso
4u_1608_522,4U 1608-522,93408-01-32-04,NS,0.4591979260127768,0.5408020739872232,logistic,loso
4u_1608_522,4U 1608-522,93408-01-42-05,NS,0.7044744694500862,0.2955255305499138,logistic,loso
4u_1608_522,4U 1608-522,93408-01-52-02,NS,0.768096356345624,0.231903643654376,logistic,loso
4u_1608_522,4U 1608-522,93408-01-66-01,NS,0.7756617297670296,0.22433827023297037,logistic,loso
4u_1608_522,4U 1608-522,94401-01-01-01,NS,0.7590226459227751,0.24097735407722487,logistic,loso
4u_1608_522,4U 1608-522,94401-01-18-00,NS,0.642060344481803,0.35793965551819695,logistic,loso
4u_1608_522,4U 1608-522,94401-01-34-00,NS,0.8247198170440917,0.1752801829559083,logistic,loso
4u_1608_522,4U 1608-522,95334-01-03-00,NS,0.9888590355086095,0.01114096449139046,logistic,loso
4u_1608_522,4U 1608-522,96423-01-13-01,NS,0.6881330159213873,0.3118669840786127,logistic,loso
4u_1608_522,4U 1608-522,96423-01-26-01,NS,0.7136143243767031,0.28638567562329686,logistic,loso
4u_1608_522,4U 1608-522,96423-01-39-02,NS,0.6877859831825932,0.3122140168174068,logistic,loso
4u_1636_536,4U 1636-536,30053-02-01-00,NS,0.9359289658459152,0.06407103415408477,logistic,loso
4u_1636_536,4U 1636-536,40028-01-14-02,NS,0.9833116409692217,0.016688359030778255,logistic,loso
4u_1636_536,4U 1636-536,60032-01-04-00,NS,0.908178607747428,0.09182139225257202,logistic,loso
4u_1636_536,4U 1636-536,60032-01-14-01,NS,0.9158758751644818,0.08412412483551823,logistic,loso
4u_1636_536,4U 1636-536,60032-05-15-00,NS,0.9707121415006438,0.029287858499356223,logistic,loso
4u_1636_536,4U 1636-536,91024-01-07-10,NS,0.8169088013710488,0.18309119862895118,logistic,loso
4u_1636_536,4U 1636-536,91024-01-13-00,NS,0.925894993188173,0.07410500681182697,logistic,loso
4u_1636_536,4U 1636-536,91024-01-53-10,NS,0.9643011291367781,0.035698870863221877,logistic,loso
4u_1636_536,4U 1636-536,91024-01-62-00,NS,0.9200744127848101,0.07992558721518994,logistic,loso
4u_1636_536,4U 1636-536,91024-01-85-10,NS,0.8022471003797704,0.19775289962022957,logistic,loso
4u_1636_536,4U 1636-536,92023-01-42-10,NS,0.9100351708940057,0.08996482910599435,logistic,loso
4u_1636_536,4U 1636-536,92023-01-43-00,NS,0.9058103026446315,0.09418969735536853,logistic,loso
4u_1636_536,4U 1636-536,92023-01-93-00,NS,0.8936955918983889,0.10630440810161113,logistic,loso
4u_1636_536,4U 1636-536,92023-01-94-10,NS,0.8874012189337964,0.11259878106620358,logistic,loso
4u_1636_536,4U 1636-536,92023-02-08-00,NS,0.6233949827649116,0.37660501723508844,logistic,loso
4u_1636_536,4U 1636-536,93087-01-36-10,NS,0.9192010290365761,0.08079897096342392,logistic,loso
4u_1636_536,4U 1636-536,93087-01-36-20,NS,0.9042820763149022,0.0957179236850978,logistic,loso
4u_1636_536,4U 1636-536,93087-01-41-00,NS,0.844079786706981,0.15592021329301897,logistic,loso
4u_1636_536,4U 1636-536,93087-01-83-10,NS,0.9139862234540024,0.08601377654599762,logistic,loso
4u_1636_536,4U 1636-536,93087-01-87-00,NS,0.9125095688026638,0.08749043119733624,logistic,loso
4u_1636_536,4U 1636-536,94087-01-10-00,NS,0.8430919510372502,0.1569080489627498,logistic,loso
4u_1636_536,4U 1636-536,94087-01-47-10,NS,0.9124848881813202,0.08751511181867977,logistic,loso
4u_1636_536,4U 1636-536,94087-01-49-00,NS,0.8206850148304711,0.17931498516952893,logistic,loso
4u_1636_536,4U 1636-536,94087-01-94-00,NS,0.891480048346605,0.10851995165339501,logistic,loso
4u_1636_536,4U 1636-536,95087-01-15-00,NS,0.6731872866679339,0.3268127133320661,logistic,loso
4u_1636_536,4U 1636-536,95087-01-15-10,NS,0.7489685572063195,0.2510314427936805,logistic,loso
4u_1636_536,4U 1636-536,95087-01-71-00,NS,0.561754684206424,0.43824531579357595,logistic,loso
4u_1636_536,4U 1636-536,96087-01-25-00,NS,0.9070753063441801,0.0929246936558199,logistic,loso
4u_1636_536,4U 1636-536,96087-01-28-10,NS,0.47650799671345967,0.5234920032865403,logistic,loso
4u_1636_536,4U 1636-536,96087-01-77-00,NS,0.7435142061796755,0.25648579382032455,logistic,loso
4u_1636_536,4U 1636-536,96087-01-84-10,NS,0.6130543710363436,0.38694562896365636,logistic,loso
4u_1702_429,4U 1702-429,20084-02-01-00,NS,0.8880639811653238,0.11193601883467619,logistic,loso
4u_1702_429,4U 1702-429,20084-02-01-03,NS,0.9134420306571343,0.08655796934286575,logistic,loso
4u_1702_429,4U 1702-429,20084-02-02-01,NS,0.9133670975560431,0.08663290244395694,logistic,loso
4u_1702_429,4U 1702-429,40025-04-01-01,NS,0.870648824632278,0.129351175367722,logistic,loso
4u_1702_429,4U 1702-429,40025-04-02-00,NS,0.7756898676693978,0.22431013233060215,logistic,loso
4u_1702_429,4U 1702-429,40025-04-03-01,NS,0.8001064478844423,0.1998935521155577,logistic,loso
4u_1702_429,4U 1702-429,40025-04-03-03,NS,0.8705468299395188,0.12945317006048118,logistic,loso
4u_1702_429,4U 1702-429,50025-01-01-01,NS,0.7583779563355376,0.24162204366446238,logistic,loso
4u_1702_429,4U 1702-429,50025-01-01-05,NS,0.7756437706370354,0.22435622936296462,logistic,loso
4u_1702_429,4U 1702-429,50025-01-01-07,NS,0.8024418997987939,0.19755810020120612,logistic,loso
4u_1702_429,4U 1702-429,50030-01-01-03,NS,0.8600859968007142,0.13991400319928582,logistic,loso
4u_1702_429,4U 1702-429,50030-01-01-05,NS,0.8576780084465783,0.14232199155342173,logistic,loso
4u_1702_429,4U 1702-429,50030-01-01-07,NS,0.8409703918733856,0.15902960812661437,logistic,loso
4u_1702_429,4U 1702-429,50030-01-02-00,NS,0.8890079272079457,0.11099207279205425,logistic,loso
4u_1702_429,4U 1702-429,50030-01-03-02,NS,0.6456074853549588,0.3543925146450412,logistic,loso
4u_1702_429,4U 1702-429,50030-01-05-00,NS,0.6569359947490561,0.34306400525094394,logistic,loso
4u_1702_429,4U 1702-429,50030-01-06-00,NS,0.787991741695363,0.212008258304637,logistic,loso
4u_1702_429,4U 1702-429,50030-01-07-00,NS,0.8234983927832263,0.17650160721677366,logistic,loso
4u_1702_429,4U 1702-429,50030-01-09-01,NS,0.7326279761678839,0.2673720238321161,logistic,loso
4u_1702_429,4U 1702-429,50030-01-09-02,NS,0.7406224954376893,0.2593775045623107,logistic,loso
4u_1702_429,4U 1702-429,50030-01-09-04,NS,0.734150967952913,0.265849032047087,logistic,loso
4u_1702_429,4U 1702-429,50030-01-10-00,NS,0.6806174745982458,0.31938252540175416,logistic,loso
4u_1702_429,4U 1702-429,50030-01-10-02,NS,0.6510848877570266,0.34891511224297345,logistic,loso
4u_1702_429,4U 1702-429,50030-01-11-01,NS,0.8955240969041169,0.10447590309588306,logistic,loso
4u_1702_429,4U 1702-429,50030-01-11-02,NS,0.8543811366455032,0.1456188633544968,logistic,loso
4u_1702_429,4U 1702-429,50030-01-13-01,NS,0.6953463911188862,0.3046536088811138,logistic,loso
4u_1702_429,4U 1702-429,50030-01-14-02,NS,0.8817296412158632,0.11827035878413683,logistic,loso
4u_1702_429,4U 1702-429,50030-01-14-03,NS,0.8894420041617191,0.11055799583828085,logistic,loso
4u_1702_429,4U 1702-429,94415-01-01-01,NS,0.8219277954736487,0.1780722045263513,logistic,loso
4u_1702_429,4U 1702-429,94415-01-02-01,NS,0.9366240402603079,0.06337595973969212,logistic,loso
4u_1705_44,4U 1705-44,70038-01-01-00,NS,0.7104264097413884,0.2895735902586116,logistic,loso
4u_1705_44,4U 1705-44,91039-01-01-10,NS,0.8836177315535007,0.11638226844649935,logistic,loso
4u_1705_44,4U 1705-44,91039-01-01-50,NS,0.5989672295676627,0.4010327704323373,logistic,loso
4u_1705_44,4U 1705-44,91039-01-02-30,NS,0.8732169871034089,0.1267830128965911,logistic,loso
4u_1705_44,4U 1705-44,91039-01-02-61,NS,0.878807054763069,0.12119294523693103,logistic,loso
4u_1705_44,4U 1705-44,91039-01-03-33,NS,0.7397185787636478,0.26028142123635223,logistic,loso
4u_1705_44,4U 1705-44,93060-01-01-10,NS,0.9923317668900794,0.007668233109920597,logistic,loso
4u_1705_44,4U 1705-44,93060-01-10-00,NS,0.6631026422553665,0.3368973577446335,logistic,loso
4u_1705_44,4U 1705-44,93060-01-14-10,NS,0.9723266714622399,0.027673328537760056,logistic,loso
4u_1705_44,4U 1705-44,93060-01-22-00,NS,0.9856008600441024,0.014399139955897589,logistic,loso
4u_1705_44,4U 1705-44,93060-01-28-10,NS,0.863616882858138,0.13638311714186202,logistic,loso
4u_1705_44,4U 1705-44,93060-01-35-00,NS,0.9360299674406526,0.06397003255934741,logistic,loso
4u_1705_44,4U 1705-44,93060-01-58-00,NS,0.7296829850239813,0.2703170149760187,logistic,loso
4u_1705_44,4U 1705-44,93060-01-71-00,NS,0.9976476427730248,0.0023523572269752435,logistic,loso
4u_1705_44,4U 1705-44,93060-01-85-00,NS,0.9952210738245157,0.004778926175484255,logistic,loso
4u_1705_44,4U 1705-44,94060-01-02-00,NS,0.8978379204435645,0.10216207955643553,logistic,loso
4u_1705_44,4U 1705-44,94060-01-15-00,NS,0.7161715815738605,0.2838284184261395,logistic,loso
4u_1705_44,4U 1705-44,94060-01-30-00,NS,0.9762100915357506,0.023789908464249443,logistic,loso
4u_1705_44,4U 1705-44,94060-01-46-00,NS,0.8750453474411608,0.1249546525588392,logistic,loso
4u_1705_44,4U 1705-44,94060-01-61-00,NS,0.8971083628368394,0.10289163716316063,logistic,loso
4u_1705_44,4U 1705-44,95060-01-07-00,NS,0.8961530609289555,0.10384693907104448,logistic,loso
4u_1705_44,4U 1705-44,95060-01-22-00,NS,0.8317518696843395,0.16824813031566055,logistic,loso
4u_1705_44,4U 1705-44,95060-01-36-00,NS,0.6494880638492244,0.3505119361507756,logistic,loso
4u_1705_44,4U 1705-44,95060-01-50-00,NS,0.882791461345193,0.11720853865480696,logistic,loso
4u_1705_44,4U 1705-44,95060-01-63-00,NS,0.9779369164065693,0.022063083593430677,logistic,loso
4u_1705_44,4U 1705-44,95060-01-77-00,NS,0.9807610997116455,0.01923890028835451,logistic,loso
4u_1705_44,4U 1705-44,96060-01-10-00,NS,0.9626080905841242,0.03739190941587578,logistic,loso
4u_1705_44,4U 1705-44,96060-01-23-00,NS,0.9585840795042954,0.04141592049570464,logistic,loso
4u_1705_44,4U 1705-44,96060-01-36-00,NS,0.7112440261321176,0.28875597386788243,logistic,loso
4u_1705_44,4U 1705-44,96060-01-51-00,NS,0.9767490999586187,0.023250900041381306,logistic,loso
4u_1705_44,4U 1705-44,96060-01-65-00,NS,0.9917040688404107,0.008295931159589265,logistic,loso
4u_1705_44,4U 1705-44,96060-01-78-00,NS,0.9592731376046714,0.040726862395328634,logistic,loso
4u_1728_34,4U 1728-34,10410-01-01-00,NS,0.9632371106302571,0.036762889369742924,logistic,loso
4u_1728_34,4U 1728-34,30042-03-02-00,NS,0.9527750657251048,0.04722493427489516,logistic,loso
4u_1728_34,4U 1728-34,30042-03-08-00,NS,0.12106957316189533,0.8789304268381046,logistic,loso
4u_1728_34,4U 1728-34,30042-03-17-00,NS,0.4837506943223116,0.5162493056776885,logistic,loso
4u_1728_34,4U 1728-34,40019-03-01-02,NS,0.7273119269255455,0.27268807307445453,logistic,loso
4u_1728_34,4U 1728-34,40027-06-01-02,NS,0.6125444351167356,0.3874555648832644,logistic,loso
4u_1728_34,4U 1728-34,40027-08-02-02,NS,0.4361684086653797,0.5638315913346204,logistic,loso
4u_1728_34,4U 1728-34,40033-06-02-05,NS,0.6691640654686583,0.33083593453134175,logistic,loso
4u_1728_34,4U 1728-34,50023-01-19-00,NS,0.5828156757287977,0.41718432427120233,logistic,loso
4u_1728_34,4U 1728-34,50023-01-31-00,NS,0.6289995239718558,0.37100047602814423,logistic,loso
4u_1728_34,4U 1728-34,50029-23-01-00,NS,0.5965618424185138,0.40343815758148616,logistic,loso
4u_1728_34,4U 1728-34,50030-03-05-01,NS,0.3451941161542671,0.6548058838457329,logistic,loso
4u_1728_34,4U 1728-34,50030-03-08-00,NS,0.9061371699138087,0.09386283008619134,logistic,loso
4u_1728_34,4U 1728-34,70028-01-01-08,NS,0.5823252936174498,0.4176747063825502,logistic,loso
4u_1728_34,4U 1728-34,91023-01-02-00,NS,0.9657070476651005,0.034292952334899485,logistic,loso
4u_1728_34,4U 1728-34,92023-03-07-00,NS,0.9556077157611459,0.04439228423885411,logistic,loso
4u_1728_34,4U 1728-34,92023-03-09-10,NS,0.9694513849764395,0.030548615023560544,logistic,loso
4u_1728_34,4U 1728-34,92023-03-22-00,NS,0.9423813818641243,0.057618618135875654,logistic,loso
4u_1728_34,4U 1728-34,92023-03-22-10,NS,0.4225867711240169,0.5774132288759831,logistic,loso
4u_1728_34,4U 1728-34,92023-03-33-00,NS,0.9797313550256115,0.020268644974388517,logistic,loso
4u_1728_34,4U 1728-34,92023-03-33-10,NS,0.7079235053924849,0.29207649460751506,logistic,loso
4u_1728_34,4U 1728-34,92023-03-46-10,NS,0.8775088349505091,0.12249116504949087,logistic,loso
4u_1728_34,4U 1728-34,92023-03-47-00,NS,0.138422934975073,0.861577065024927,logistic,loso
4u_1728_34,4U 1728-34,92023-03-52-00,NS,0.9523507378582091,0.04764926214179088,logistic,loso
4u_1728_34,4U 1728-34,92023-03-59-10,NS,0.8912297552489831,0.10877024475101693,logistic,loso
4u_1728_34,4U 1728-34,92023-03-68-00,NS,0.4819852433051864,0.5180147566948137,logistic,loso
4u_1728_34,4U 1728-34,92023-03-74-10,NS,0.9815260586872315,0.01847394131276847,logistic,loso
4u_1728_34,4U 1728-34,92023-03-81-00,NS,0.8872973632740017,0.11270263672599834,logistic,loso
4u_1728_34,4U 1728-34,92023-03-88-10,NS,0.7807264127083858,0.21927358729161417,logistic,loso
4u_1728_34,4U 1728-34,92023-03-94-00,NS,0.49136771032007565,0.5086322896799244,logistic,loso
4u_1728_34,4U 1728-34,96322-01-02-01,NS,0.8333873040121909,0.16661269598780915,logistic,loso
4u_1728_34,4U 1728-34,96322-01-05-00,NS,0.41151618193034634,0.5884838180696537,logistic,loso
4u_1735_444,4U 1735-444,20084-01-01-00,NS,0.9984463426694623,0.0015536573305376944,logistic,loso
4u_1735_444,4U 1735-444,20084-01-02-03,NS,0.999687307773203,0.0003126922267969734,logistic,loso
4u_1735_444,4U 1735-444,40030-02-04-00,NS,0.9985534424864058,0.0014465575135942377,logistic,loso
4u_1735_444,4U 1735-444,40030-02-09-01,NS,0.9989545266396141,0.0010454733603858513,logistic,loso
4u_1735_444,4U 1735-444,40033-07-01-04,NS,0.9967903002205275,0.003209699779472497,logistic,loso
4u_1735_444,4U 1735-444,50025-02-01-01,NS,0.9996408927718454,0.00035910722815457596,logistic,loso
4u_1735_444,4U 1735-444,50025-02-01-06,NS,0.9986175255603348,0.0013824744396652155,logistic,loso
4u_1735_444,4U 1735-444,50026-01-01-03,NS,0.9999987516991045,1.2483008955399555e-06,logistic,loso
4u_1735_444,4U 1735-444,50029-34-01-00,NS,0.998696281566011,0.0013037184339890207,logistic,loso
4u_1735_444,4U 1735-444,60042-01-01-01,NS,0.9995823033150819,0.00041769668491808964,logistic,loso
4u_1735_444,4U 1735-444,91025-01-01-09,NS,0.9988671385248112,0.0011328614751887622,logistic,loso
4u_1735_444,4U 1735-444,91025-01-04-01,NS,0.9992726340129275,0.0007273659870724591,logistic,loso
4u_1735_444,4U 1735-444,91025-01-04-06,NS,0.9999986989964142,1.3010035857519142e-06,logistic,loso
4u_1735_444,4U 1735-444,91025-01-05-06,NS,0.9983149708918106,0.001685029108189351,logistic,loso
4u_1735_444,4U 1735-444,91025-01-06-05,NS,0.9998575061493008,0.00014249385069919906,logistic,loso
4u_1735_444,4U 1735-444,91025-01-08-04,NS,0.9994560784674748,0.0005439215325252489,logistic,loso
4u_1735_444,4U 1735-444,91025-01-08-05,NS,0.9989435400858638,0.0010564599141361652,logistic,loso
4u_1735_444,4U 1735-444,91025-01-09-01,NS,0.9997169944435444,0.00028300555645555114,logistic,loso
4u_1735_444,4U 1735-444,91025-01-09-07,NS,0.9982769331757244,0.0017230668242755875,logistic,loso
4u_1735_444,4U 1735-444,91025-01-09-18,NS,0.9942112113764578,0.0057887886235421515,logistic,loso
4u_1735_444,4U 1735-444,91025-01-10-01,NS,0.9961956810769452,0.0038043189230547725,logistic,loso
4u_1735_444,4U 1735-444,91025-01-11-10,NS,0.9967238340112108,0.0032761659887892147,logistic,loso
4u_1735_444,4U 1735-444,91025-01-12-00,NS,0.9944163459694026,0.0055836540305973514,logistic,loso
4u_1735_444,4U 1735-444,91025-01-13-10,NS,0.9995773448658275,0.00042265513417250045,logistic,loso
4u_1735_444,4U 1735-444,91025-01-16-09,NS,0.9999024020997217,9.759790027830118e-05,logistic,loso
4u_1735_444,4U 1735-444,91152-06-01-10,NS,0.998764386911537,0.0012356130884629835,logistic,loso
4u_1735_444,4U 1735-444,91152-06-02-00,NS,0.9998722858017652,0.00012771419823476293,logistic,loso
4u_1735_444,4U 1735-444,93200-01-01-04,NS,0.9527636653585757,0.047236334641424294,logistic,loso
4u_1735_444,4U 1735-444,96325-01-01-03,NS,0.999694158202452,0.000305841797548001,logistic,loso
4u_1735_444,4U 1735-444,96331-01-01-00,NS,0.9989226758519024,0.0010773241480975804,logistic,loso
4u_1735_444,4U 1735-444,96331-01-03-02,NS,0.9999909444385127,9.05556148733666e-06,logistic,loso
4u_1746_37,4U 1746-37,70050-01-01-00,NS,0.9589987104742944,0.041001289525705586,logistic,loso
4u_1746_37,4U 1746-37,70050-01-01-01,NS,0.9611428936789786,0.03885710632102135,logistic,loso
4u_1746_37,4U 1746-37,70050-01-01-03,NS,0.9481813454388203,0.05181865456117973,logistic,loso
4u_1746_37,4U 1746-37,70050-01-01-04,NS,0.966002499035452,0.03399750096454801,logistic,loso
4u_1746_37,4U 1746-37,70050-01-01-05,NS,0.9515080755623652,0.04849192443763484,logistic,loso
4u_1746_37,4U 1746-37,70050-01-01-06,NS,0.9503840029283228,0.04961599707167719,logistic,loso
4u_1746_37,4U 1746-37,70050-01-01-07,NS,0.950278245872418,0.04972175412758195,logistic,loso
4u_1746_37,4U 1746-37,70050-01-01-08,NS,0.9644807846977982,0.03551921530220181,logistic,loso
4u_1746_37,4U 1746-37,70050-01-01-09,NS,0.9715728112715821,0.028427188728417874,logistic,loso
4u_1746_37,4U 1746-37,70050-01-01-10,NS,0.9593458285229932,0.040654171477006784,logistic,loso
4u_1746_37,4U 1746-37,90044-01-01-00,NS,0.9405193900291121,0.05948060997088789,logistic,loso
4u_1746_37,4U 1746-37,90044-01-01-01,NS,0.929727853186619,0.07027214681338101,logistic,loso
4u_1746_37,4U 1746-37,90044-01-02-00,NS,0.9254961064594873,0.07450389354051268,logistic,loso
4u_1746_37,4U 1746-37,90044-01-02-01,NS,0.9509362141139872,0.04906378588601279,logistic,loso
4u_1746_37,4U 1746-37,90044-01-03-00,NS,0.9485654269583399,0.0514345730416601,logistic,loso
4u_1746_37,4U 1746-37,90044-01-04-00,NS,0.7563913628193335,0.2436086371806665,logistic,loso
4u_1746_37,4U 1746-37,91037-15-01-00,NS,0.8857854049215748,0.11421459507842524,logistic,loso
aql_x_1,Aql X-1,20092-01-02-02,NS,0.9006303537194233,0.09936964628057665,logistic,loso
aql_x_1,Aql X-1,20092-01-04-00,NS,0.9095146337210921,0.09048536627890791,logistic,loso
aql_x_1,Aql X-1,20098-03-01-00,NS,0.9295867594300932,0.07041324056990683,logistic,loso
aql_x_1,Aql X-1,30073-05-01-00,NS,0.9525770692969194,0.04742293070308057,logistic,loso
aql_x_1,Aql X-1,30188-03-02-00,NS,0.9377806008615505,0.06221939913844954,logistic,loso
aql_x_1,Aql X-1,40033-10-02-07,NS,0.7427056729249971,0.2572943270750029,logistic,loso
aql_x_1,Aql X-1,40047-03-03-00,NS,0.8736084643088591,0.12639153569114092,logistic,loso
aql_x_1,Aql X-1,40432-01-04-00,NS,0.646555103609713,0.353444896390287,logistic,loso
aql_x_1,Aql X-1,50049-01-05-01,NS,0.9931512748263536,0.0068487251736464305,logistic,loso
aql_x_1,Aql X-1,50049-02-08-03,NS,0.9752683686549155,0.024731631345084493,logistic,loso
aql_x_1,Aql X-1,50049-02-15-04,NS,0.8776867005054524,0.12231329949454761,logistic,loso
aql_x_1,Aql X-1,60054-02-01-04,NS,0.5882871585287212,0.41171284147127885,logistic,loso
aql_x_1,Aql X-1,70069-03-02-03,NS,0.9077875606273437,0.09221243937265633,logistic,loso
aql_x_1,Aql X-1,70069-03-04-08,NS,0.7862688041242065,0.21373119587579348,logistic,loso
aql_x_1,Aql X-1,90017-01-07-00,NS,0.355419143037952,0.6445808569620479,logistic,loso
aql_x_1,Aql X-1,90403-01-01-00,NS,0.449589334398912,0.550410665601088,logistic,loso
aql_x_1,Aql X-1,91028-01-01-00,NS,0.5523655683282067,0.4476344316717933,logistic,loso
aql_x_1,Aql X-1,91028-01-22-00,NS,0.466252896025585,0.533747103974415,logistic,loso
aql_x_1,Aql X-1,91414-01-09-07,NS,0.7400835738057404,0.2599164261942596,logistic,loso
aql_x_1,Aql X-1,92034-01-05-06,NS,0.755129921862547,0.24487007813745298,logistic,loso
aql_x_1,Aql X-1,93076-01-09-00,NS,0.7032796898705599,0.2967203101294401,logistic,loso
aql_x_1,Aql X-1,93405-01-01-01,NS,0.7995131032777638,0.20048689672223619,logistic,loso
aql_x_1,Aql X-1,93405-01-05-02,NS,0.7817639539152015,0.21823604608479852,logistic,loso
aql_x_1,Aql X-1,94076-01-04-07,NS,0.49745906464958234,0.5025409353504177,logistic,loso
aql_x_1,Aql X-1,94441-01-01-02,NS,0.8653216831187682,0.13467831688123177,logistic,loso
aql_x_1,Aql X-1,95413-01-06-01,NS,0.49747056192260136,0.5025294380773986,logistic,loso
aql_x_1,Aql X-1,96440-01-02-00,NS,0.9910845113230886,0.008915488676911387,logistic,loso
aql_x_1,Aql X-1,96440-01-05-04,NS,0.9900146984680532,0.009985301531946766,logistic,loso
aql_x_1,Aql X-1,96440-01-08-06,NS,0.8576736644875408,0.1423263355124592,logistic,loso
cyg_x_2,Cyg X-2,20053-04-01-01,NS,0.9716713829080706,0.028328617091929353,logistic,loso
cyg_x_2,Cyg X-2,30046-01-03-00,NS,0.9920599376495791,0.007940062350420884,logistic,loso
cyg_x_2,Cyg X-2,40017-02-02-02,NS,0.9901442592729868,0.009855740727013229,logistic,loso
cyg_x_2,Cyg X-2,40017-02-12-00,NS,0.9900156003057071,0.009984399694292878,logistic,loso
cyg_x_2,Cyg X-2,40017-02-16-06,NS,0.9857763145641235,0.014223685435876487,logistic,loso
cyg_x_2,Cyg X-2,40019-04-04-00,NS,0.9725705205317048,0.027429479468295215,logistic,loso
cyg_x_2,Cyg X-2,60417-01-01-00,NS,0.9397976521833656,0.06020234781663436,logistic,loso
cyg_x_2,Cyg X-2,70014-02-02-00,NS,0.9962139459759725,0.003786054024027541,logistic,loso
cyg_x_2,Cyg X-2,70018-03-03-00,NS,0.9865606356036123,0.01343936439638771,logistic,loso
cyg_x_2,Cyg X-2,90030-01-03-10,NS,0.9590433260577761,0.04095667394222391,logistic,loso
cyg_x_2,Cyg X-2,90030-01-08-00,NS,0.994421126574229,0.005578873425771014,logistic,loso
cyg_x_2,Cyg X-2,90030-01-24-00,NS,0.9932099637255641,0.006790036274435862,logistic,loso
cyg_x_2,Cyg X-2,90030-01-41-00,NS,0.9573189261784221,0.04268107382157793,logistic,loso
cyg_x_2,Cyg X-2,90030-01-53-00,NS,0.9984493564062903,0.0015506435937097107,logistic,loso
cyg_x_2,Cyg X-2,90030-01-67-00,NS,0.9853450561263818,0.01465494387361821,logistic,loso
cyg_x_2,Cyg X-2,90030-01-81-00,NS,0.9938847072862245,0.006115292713775533,logistic,loso
cyg_x_2,Cyg X-2,90030-01-95-00,NS,0.9818957295471863,0.01810427045281371,logistic,loso
cyg_x_2,Cyg X-2,91009-01-06-00,NS,0.9929588959036805,0.007041104096319528,logistic,loso
cyg_x_2,Cyg X-2,91009-01-24-00,NS,0.985124423350913,0.014875576649087008,logistic,loso
cyg_x_2,Cyg X-2,91009-01-38-00,NS,0.9619300104419112,0.038069989558088824,logistic,loso
cyg_x_2,Cyg X-2,91010-01-01-05,NS,0.9408236450593123,0.059176354940687736,logistic,loso
cyg_x_2,Cyg X-2,92038-01-05-01,NS,0.9703290640569744,0.02967093594302561,logistic,loso
cyg_x_2,Cyg X-2,92038-01-10-02,NS,0.9913949369016851,0.00860506309831488,logistic,loso
cyg_x_2,Cyg X-2,92039-01-02-03,NS,0.9928549410261011,0.007145058973898943,logistic,loso
cyg_x_2,Cyg X-2,93082-02-04-02,NS,0.9535436678474734,0.04645633215252665,logistic,loso
cyg_x_2,Cyg X-2,93443-01-01-13,NS,0.8796325958684308,0.12036740413156921,logistic,loso
cyg_x_2,Cyg X-2,95345-01-32-00,NS,0.9949152370978587,0.0050847629021413265,logistic,loso
cyg_x_2,Cyg X-2,95345-01-42-00,NS,0.991391741551952,0.008608258448048023,logistic,loso
gs_1354_64,GS 1354-64,20431-01-03-00,BH,0.3159492079506262,0.6840507920493738,logistic,loso
gs_1354_64,GS 1354-64,20431-01-04-00,BH,0.34825304846222216,0.6517469515377778,logistic,loso
gs_1354_64,GS 1354-64,20431-01-05-00,BH,0.3938009770558516,0.6061990229441484,logistic,loso
gs_1354_64,GS 1354-64,30401-01-01-00,BH,0.4875067067637009,0.5124932932362991,logistic,loso
gs_1354_64,GS 1354-64,30401-01-02-00,BH,0.559974908587434,0.44002509141256596,logistic,loso
gs_1354_64,GS 1354-64,30401-01-03-00,BH,0.5844866800227007,0.41551331997729934,logistic,loso
gs_1354_64,GS 1354-64,30401-01-04-00,BH,0.6338123454502703,0.3661876545497297,logistic,loso
gx_339_4,GX 339-4,10420-01-01-00,BH,0.3437586469005597,0.6562413530994403,logistic,loso
gx_339_4,GX 339-4,40031-03-03-00,BH,0.560308026241181,0.43969197375881897,logistic,loso
gx_339_4,GX 339-4,40108-01-04-00,BH,0.6189571660890756,0.3810428339109244,logistic,loso
gx_339_4,GX 339-4,60705-01-56-00,BH,0.7423480754868628,0.25765192451313723,logistic,loso
gx_339_4,GX 339-4,60705-01-69-00,BH,0.1164304975730857,0.8835695024269143,logistic,loso
gx_339_4,GX 339-4,60705-01-80-00,BH,0.7293081786707698,0.2706918213292302,logistic,loso
gx_339_4,GX 339-4,70109-01-28-00,BH,0.7754064631275872,0.2245935368724128,logistic,loso
gx_339_4,GX 339-4,80102-04-57-01,BH,0.7319304243370204,0.2680695756629796,logistic,loso
gx_339_4,GX 339-4,80132-01-15-00,BH,0.26366565319633184,0.7363343468036682,logistic,loso
gx_339_4,GX 339-4,90019-01-02-00,BH,0.4269063336009521,0.5730936663990479,logistic,loso
gx_339_4,GX 339-4,91105-04-08-00,BH,0.7746671852633623,0.2253328147366377,logistic,loso
gx_339_4,GX 339-4,92035-01-02-06,BH,0.0006855090839705865,0.9993144909160294,logistic,loso
gx_339_4,GX 339-4,92085-02-01-00,BH,0.6664349252539453,0.3335650747460547,logistic,loso
gx_339_4,GX 339-4,92704-03-11-00,BH,0.6961365072276742,0.3038634927723258,logistic,loso
gx_339_4,GX 339-4,92704-03-32-00,BH,0.7440401746102977,0.2559598253897023,logistic,loso
gx_339_4,GX 339-4,93076-08-02-00,BH,0.7740584937617901,0.22594150623820985,logistic,loso
gx_339_4,GX 339-4,93409-01-04-01,BH,0.6217431061619293,0.3782568938380707,logistic,loso
gx_339_4,GX 339-4,95409-01-07-01,BH,0.23438730533589514,0.7656126946641049,logistic,loso
gx_339_4,GX 339-4,95409-01-15-01,BH,0.2810265343882315,0.7189734656117686,logistic,loso
gx_339_4,GX 339-4,95409-01-21-00,BH,0.7603352152784056,0.23966478472159436,logistic,loso
gx_339_4,GX 339-4,95409-01-38-01,BH,0.7783274718938255,0.22167252810617455,logistic,loso
gx_339_4,GX 339-4,96409-01-02-03,BH,0.738765523949572,0.26123447605042804,logistic,loso
hete_j1900_1_2455,HETE J1900.1-2455,91015-01-01-00,NS,0.7473437822119647,0.25265621778803526,logistic,loso
hete_j1900_1_2455,HETE J1900.1-2455,91015-01-04-07,NS,0.7220003665134864,0.2779996334865136,logistic,loso
hete_j1900_1_2455,HETE J1900.1-2455,91015-01-07-01,NS,0.7754041860412594,0.22459581395874062,logistic,loso
hete_j1900_1_2455,HETE J1900.1-2455,91057-01-03-01,NS,0.7180059932137806,0.28199400678621944,logistic,loso
hete_j1900_1_2455,HETE J1900.1-2455,91057-01-05-04,NS,0.736536034402418,0.263463965597582,logistic,loso
hete_j1900_1_2455,HETE J1900.1-2455,91057-01-08-00,NS,0.724648269333166,0.27535173066683405,logistic,loso
hete_j1900_1_2455,HETE J1900.1-2455,91057-01-11-00,NS,0.7490998080782238,0.25090019192177615,logistic,loso
hete_j1900_1_2455,HETE J1900.1-2455,91059-03-03-00,NS,0.7430135437516235,0.25698645624837646,logistic,loso
hete_j1900_1_2455,HETE J1900.1-2455,92049-01-04-00,NS,0.7211998221976721,0.2788001778023279,logistic,loso
hete_j1900_1_2455,HETE J1900.1-2455,92049-01-14-00,NS,0.7517287531302969,0.24827124686970314,logistic,loso
hete_j1900_1_2455,HETE J1900.1-2455,92049-01-26-00,NS,0.6973519547878271,0.3026480452121729,logistic,loso
hete_j1900_1_2455,HETE J1900.1-2455,92049-01-37-00,NS,0.7060592848594242,0.29394071514057585,logistic,loso
hete_j1900_1_2455,HETE J1900.1-2455,92049-01-49-00,NS,0.8338602204084934,0.1661397795915066,logistic,loso
hete_j1900_1_2455,HETE J1900.1-2455,93030-01-03-00,NS,0.7774842036997955,0.22251579630020446,logistic,loso
hete_j1900_1_2455,HETE J1900.1-2455,93030-01-15-00,NS,0.8064931619624297,0.1935068380375703,logistic,loso
hete_j1900_1_2455,HETE J1900.1-2455,93030-01-25-01,NS,0.6447349645310335,0.3552650354689665,logistic,loso
hete_j1900_1_2455,HETE J1900.1-2455,93030-01-37-00,NS,0.7488957349302028,0.2511042650697972,logistic,loso
hete_j1900_1_2455,HETE J1900.1-2455,93030-01-48-00,NS,0.7239368790804083,0.27606312091959173,logistic,loso
hete_j1900_1_2455,HETE J1900.1-2455,93451-01-01-00,NS,0.715142968471652,0.28485703152834796,logistic,loso
hete_j1900_1_2455,HETE J1900.1-2455,94030-01-04-00,NS,0.8626621867513736,0.13733781324862637,logistic,loso
hete_j1900_1_2455,HETE J1900.1-2455,94030-01-12-00,NS,0.8405726859366954,0.15942731406330457,logistic,loso
hete_j1900_1_2455,HETE J1900.1-2455,94030-01-24-00,NS,0.723694438203602,0.276305561796398,logistic,loso
hete_j1900_1_2455,HETE J1900.1-2455,94030-01-37-00,NS,0.7050372902857582,0.29496270971424177,logistic,loso
hete_j1900_1_2455,HETE J1900.1-2455,95030-01-05-00,NS,0.8398683956674632,0.16013160433253681,logistic,loso
hete_j1900_1_2455,HETE J1900.1-2455,95030-01-16-00,NS,0.8241459956480464,0.17585400435195364,logistic,loso
hete_j1900_1_2455,HETE J1900.1-2455,95030-01-27-00,NS,0.7535430065053775,0.24645699349462247,logistic,loso
hete_j1900_1_2455,HETE J1900.1-2455,95030-01-40-00,NS,0.6964450113847042,0.30355498861529584,logistic,loso
hete_j1900_1_2455,HETE J1900.1-2455,96030-01-07-00,NS,0.6950935118333638,0.30490648816663624,logistic,loso
hete_j1900_1_2455,HETE J1900.1-2455,96030-01-20-00,NS,0.7183031389840107,0.28169686101598934,logistic,loso
hete_j1900_1_2455,HETE J1900.1-2455,96030-01-32-00,NS,0.7030888761047349,0.2969111238952651,logistic,loso
igr_j00291_5934,IGR J00291+5934,90052-03-01-00,NS,0.5709177226982283,0.42908227730177173,logistic,loso
igr_j00291_5934,IGR J00291+5934,90425-01-01-13,NS,0.746497411407936,0.253502588592064,logistic,loso
igr_j00291_5934,IGR J00291+5934,90425-01-02-14,NS,0.7995416132079401,0.20045838679205985,logistic,loso
igr_j00291_5934,IGR J00291+5934,93013-07-06-02,NS,0.808187912244882,0.19181208775511804,logistic,loso
igr_j00291_5934,IGR J00291+5934,93013-07-18-00,NS,0.7901910781125216,0.20980892188747835,logistic,loso
ks_1731_260,KS 1731-260,10416-01-01-00,NS,0.9661076651793485,0.03389233482065146,logistic,loso
ks_1731_260,KS 1731-260,10416-01-03-00,NS,0.9209122762399414,0.07908772376005857,logistic,loso
ks_1731_260,KS 1731-260,30061-01-01-00,NS,0.9399174996252386,0.06008250037476137,logistic,loso
ks_1731_260,KS 1731-260,30061-01-01-02,NS,0.9369291842631,0.06307081573689999,logistic,loso
ks_1731_260,KS 1731-260,30061-01-01-04,NS,0.9330133215399473,0.06698667846005268,logistic,loso
ks_1731_260,KS 1731-260,30061-01-02-01,NS,0.6651350000480339,0.33486499995196606,logistic,loso
ks_1731_260,KS 1731-260,30061-01-02-03,NS,0.6678805778330527,0.33211942216694734,logistic,loso
ks_1731_260,KS 1731-260,30061-01-02-06,NS,0.6498766992065568,0.3501233007934432,logistic,loso
ks_1731_260,KS 1731-260,30061-01-03-00,NS,0.9193371366761265,0.08066286332387351,logistic,loso
ks_1731_260,KS 1731-260,30061-01-03-01,NS,0.9320562990905817,0.06794370090941826,logistic,loso
ks_1731_260,KS 1731-260,30061-01-04-00,NS,0.9569901074536882,0.04300989254631182,logistic,loso
ks_1731_260,KS 1731-260,30061-01-04-02,NS,0.9435327348856517,0.0564672651143483,logistic,loso
ks_1731_260,KS 1731-260,50031-02-01-01,NS,0.4646699411124822,0.5353300588875178,logistic,loso
ks_1731_260,KS 1731-260,50031-02-01-03,NS,0.4622457366559148,0.5377542633440853,logistic,loso
ks_1731_260,KS 1731-260,50031-02-01-05,NS,0.4788847343628393,0.5211152656371607,logistic,loso
ks_1731_260,KS 1731-260,50031-02-01-09,NS,0.4509718237822083,0.5490281762177918,logistic,loso
ks_1731_260,KS 1731-260,50031-02-01-11,NS,0.45374837322538775,0.5462516267746123,logistic,loso
ks_1731_260,KS 1731-260,50031-02-02-02,NS,0.40423898173082307,0.5957610182691769,logistic,loso
ks_1731_260,KS 1731-260,50031-02-02-04,NS,0.4232847652946179,0.5767152347053821,logistic,loso
ks_1731_260,KS 1731-260,50031-02-02-06,NS,0.41744088901736975,0.5825591109826302,logistic,loso
ks_1731_260,KS 1731-260,50031-02-02-07,NS,0.35148257380457937,0.6485174261954206,logistic,loso
ks_1731_260,KS 1731-260,50031-02-03-00,NS,0.7857594141918585,0.21424058580814154,logistic,loso
ks_1731_260,KS 1731-260,50031-02-03-06,NS,0.7860605829549481,0.21393941704505193,logistic,loso
ks_1731_260,KS 1731-260,50031-02-03-07,NS,0.78264643799566,0.21735356200433997,logistic,loso
ks_1731_260,KS 1731-260,50031-02-03-08,NS,0.7957531301399999,0.20424686986000007,logistic,loso
mxb_1658_298,MXB 1658-298,40050-04-05-00,NS,0.8449243179477323,0.15507568205226774,logistic,loso
mxb_1658_298,MXB 1658-298,40050-04-05-02,NS,0.854515533646619,0.14548446635338097,logistic,loso
mxb_1658_298,MXB 1658-298,40414-01-01-00,NS,0.8468715073445248,0.15312849265547523,logistic,loso
mxb_1658_298,MXB 1658-298,40414-01-02-00,NS,0.8392128238931564,0.16078717610684357,logistic,loso
mxb_1658_298,MXB 1658-298,40414-01-04-00,NS,0.8430314883362378,0.15696851166376224,logistic,loso
mxb_1658_298,MXB 1658-298,40414-01-06-00,NS,0.8493178432836034,0.15068215671639662,logistic,loso
mxb_1658_298,MXB 1658-298,40414-01-08-00,NS,0.7980507858317729,0.2019492141682271,logistic,loso
mxb_1658_298,MXB 1658-298,40414-01-14-00,NS,0.8470976988540422,0.15290230114595782,logistic,loso
mxb_1658_298,MXB 1658-298,40414-01-15-00,NS,0.8374268313855566,0.16257316861444338,logistic,loso
mxb_1658_298,MXB 1658-298,50410-01-02-00,NS,0.8298850975522253,0.17011490244777472,logistic,loso
mxb_1658_298,MXB 1658-298,50410-01-03-00,NS,0.8391793481159638,0.16082065188403616,logistic,loso
mxb_1658_298,MXB 1658-298,50410-01-05-00,NS,0.8376450033956284,0.16235499660437158,logistic,loso
mxb_1658_298,MXB 1658-298,50410-01-07-00,NS,0.8232484172603509,0.17675158273964908,logistic,loso
mxb_1658_298,MXB 1658-298,50410-01-09-00,NS,0.8291468009190377,0.1708531990809623,logistic,loso
mxb_1658_298,MXB 1658-298,60048-01-02-00,NS,0.8455358356759914,0.15446416432400856,logistic,loso
mxb_1658_298,MXB 1658-298,60048-01-04-00,NS,0.8396053624995093,0.16039463750049066,logistic,loso
mxb_1658_298,MXB 1658-298,60048-01-05-00,NS,0.8399512914283104,0.16004870857168962,logistic,loso
mxb_1658_298,MXB 1658-298,60048-02-01-00,NS,0.8507404542625204,0.14925954573747957,logistic,loso
mxb_1658_298,MXB 1658-298,60048-02-03-00,NS,0.8386051678574309,0.1613948321425691,logistic,loso
mxb_1658_298,MXB 1658-298,60048-02-05-00,NS,0.8333028544777942,0.16669714552220583,logistic,loso
mxb_1658_298,MXB 1658-298,60048-03-02-00,NS,0.8417525543624171,0.15824744563758286,logistic,loso
mxb_1658_298,MXB 1658-298,60048-03-03-00,NS,0.8412906978615078,0.15870930213849221,logistic,loso
mxb_1658_298,MXB 1658-298,60048-03-05-00,NS,0.844744345154544,0.155255654845456,logistic,loso
mxb_1658_298,MXB 1658-298,60048-04-02-00,NS,0.8103546335258367,0.1896453664741633,logistic,loso
mxb_1658_298,MXB 1658-298,60419-01-01-00,NS,0.8242832353136582,0.1757167646863418,logistic,loso
sax_j1750_8_2900,SAX J1750.8-2900,60035-01-02-01,NS,0.7298987360086191,0.2701012639913809,logistic,loso
sax_j1750_8_2900,SAX J1750.8-2900,60084-03-01-02,NS,0.8778501307905213,0.12214986920947868,logistic,loso
sax_j1750_8_2900,SAX J1750.8-2900,60084-03-02-00,NS,0.915982690329785,0.08401730967021503,logistic,loso
sax_j1750_8_2900,SAX J1750.8-2900,60117-01-01-00,NS,0.6998436625334031,0.30015633746659687,logistic,loso
sax_j1750_8_2900,SAX J1750.8-2900,93044-08-02-00,NS,0.7833532036864799,0.21664679631352013,logistic,loso
sax_j1750_8_2900,SAX J1750.8-2900,93044-08-05-00,NS,0.8742538562577405,0.12574614374225945,logistic,loso
sax_j1750_8_2900,SAX J1750.8-2900,93044-08-08-01,NS,0.7132426636322476,0.28675733636775236,logistic,loso
sax_j1750_8_2900,SAX J1750.8-2900,93432-01-01-01,NS,0.7387731809729846,0.2612268190270154,logistic,loso
sax_j1750_8_2900,SAX J1750.8-2900,93432-01-02-00,NS,0.7893133981300976,0.2106866018699024,logistic,loso
sax_j1750_8_2900,SAX J1750.8-2900,93432-01-02-05,NS,0.7536880725431931,0.24631192745680686,logistic,loso
sax_j1750_8_2900,SAX J1750.8-2900,93432-01-03-01,NS,0.7701568032207571,0.22984319677924292,logistic,loso
sax_j1750_8_2900,SAX J1750.8-2900,93432-01-03-05,NS,0.714364449862186,0.28563555013781405,logistic,loso
sax_j1750_8_2900,SAX J1750.8-2900,93432-01-04-02,NS,0.6808659008202906,0.31913409917970936,logistic,loso
sax_j1750_8_2900,SAX J1750.8-2900,93432-01-05-02,NS,0.6080954437182092,0.3919045562817908,logistic,loso
sax_j1750_8_2900,SAX J1750.8-2900,93432-01-06-00,NS,0.5601225186594815,0.4398774813405185,logistic,loso
sax_j1750_8_2900,SAX J1750.8-2900,93432-01-06-03,NS,0.8716870982020946,0.12831290179790544,logistic,loso
sax_j1750_8_2900,SAX J1750.8-2900,93432-01-07-00,NS,0.9812548738926177,0.018745126107382326,logistic,loso
sax_j1750_8_2900,SAX J1750.8-2900,93432-01-07-04,NS,0.9345647724676767,0.06543522753232334,logistic,loso
sax_j1750_8_2900,SAX J1750.8-2900,93432-01-08-01,NS,0.9284327672959771,0.07156723270402288,logistic,loso
sax_j1750_8_2900,SAX J1750.8-2900,93432-01-09-03,NS,0.9174884083280804,0.08251159167191957,logistic,loso
sax_j1750_8_2900,SAX J1750.8-2900,93432-01-10-01,NS,0.9539063006606358,0.04609369933936425,logistic,loso
sax_j1750_8_2900,SAX J1750.8-2900,93432-01-10-04,NS,0.921752068073363,0.07824793192663704,logistic,loso
sax_j1750_8_2900,SAX J1750.8-2900,93432-01-11-02,NS,0.9183177403306086,0.08168225966939135,logistic,loso
sax_j1750_8_2900,SAX J1750.8-2900,93432-01-11-03,NS,0.9246553195556183,0.0753446804443817,logistic,loso
sax_j1750_8_2900,SAX J1750.8-2900,93432-01-12-02,NS,0.87700772151291,0.12299227848709005,logistic,loso
sax_j1750_8_2900,SAX J1750.8-2900,93432-01-13-02,NS,0.8475493134285821,0.15245068657141791,logistic,loso
sax_j1750_8_2900,SAX J1750.8-2900,93432-01-14-01,NS,0.7707830996981103,0.22921690030188968,logistic,loso
sax_j1750_8_2900,SAX J1750.8-2900,93432-01-14-03,NS,0.7363078170554795,0.26369218294452046,logistic,loso
sax_j1750_8_2900,SAX J1750.8-2900,93432-01-15-00,NS,0.7608865617010551,0.23911343829894494,logistic,loso
sax_j1750_8_2900,SAX J1750.8-2900,93432-01-16-00,NS,0.7956357196331139,0.20436428036688614,logistic,loso
sax_j1750_8_2900,SAX J1750.8-2900,93432-01-16-04,NS,0.770398504349547,0.22960149565045296,logistic,loso
sax_j1750_8_2900,SAX J1750.8-2900,93432-01-17-02,NS,0.7679161613507745,0.23208383864922555,logistic,loso
sax_j1806_5_2215,SAX J1806.5-2215,96085-04-01-00,NS,0.7967371109546875,0.20326288904531253,logistic,loso
sax_j1806_5_2215,SAX J1806.5-2215,96085-04-02-01,NS,0.790486758075353,0.20951324192464704,logistic,loso
sax_j1806_5_2215,SAX J1806.5-2215,96085-04-03-00,NS,0.769105105830913,0.23089489416908704,logistic,loso
sax_j1806_5_2215,SAX J1806.5-2215,96085-04-03-02,NS,0.7649986139304241,0.23500138606957588,logistic,loso
sax_j1806_5_2215,SAX J1806.5-2215,96085-04-03-03,NS,0.7455543202437339,0.2544456797562661,logistic,loso
sax_j1806_5_2215,SAX J1806.5-2215,96085-04-04-00,NS,0.7641209740790603,0.23587902592093968,logistic,loso
sax_j1806_5_2215,SAX J1806.5-2215,96085-04-04-01,NS,0.7607503491201107,0.23924965087988925,logistic,loso
sax_j1806_5_2215,SAX J1806.5-2215,96085-04-04-03,NS,0.7636837723152022,0.23631622768479776,logistic,loso
sax_j1806_5_2215,SAX J1806.5-2215,96085-04-05-00,NS,0.7733845818502617,0.2266154181497383,logistic,loso
sax_j1806_5_2215,SAX J1806.5-2215,96085-04-05-03,NS,0.7933809523796432,0.20661904762035677,logistic,loso
sax_j1806_5_2215,SAX J1806.5-2215,96085-04-06-00,NS,0.8134248745580271,0.18657512544197286,logistic,loso
sax_j1806_5_2215,SAX J1806.5-2215,96085-04-06-01,NS,0.8112365378447569,0.1887634621552431,logistic,loso
sax_j1806_5_2215,SAX J1806.5-2215,96085-04-08-00,NS,0.8394978276663686,0.1605021723336314,logistic,loso
sax_j1806_5_2215,SAX J1806.5-2215,96085-04-09-00,NS,0.8592787014755912,0.14072129852440884,logistic,loso
sax_j1806_5_2215,SAX J1806.5-2215,96085-04-09-01,NS,0.8236330246139357,0.17636697538606427,logistic,loso
sax_j1806_5_2215,SAX J1806.5-2215,96085-04-10-01,NS,0.8298507707986708,0.17014922920132924,logistic,loso
sax_j1806_5_2215,SAX J1806.5-2215,96085-04-11-00,NS,0.8487894242383387,0.1512105757616613,logistic,loso
sax_j1806_5_2215,SAX J1806.5-2215,96085-04-12-01,NS,0.8010222284455264,0.1989777715544736,logistic,loso
sax_j1806_5_2215,SAX J1806.5-2215,96085-04-13-00,NS,0.8498174974331055,0.15018250256689447,logistic,loso
sax_j1806_5_2215,SAX J1806.5-2215,96085-04-15-00,NS,0.7595491298982527,0.24045087010174726,logistic,loso
sax_j1806_5_2215,SAX J1806.5-2215,96085-04-16-00,NS,0.7657978714377308,0.23420212856226919,logistic,loso
sax_j1806_5_2215,SAX J1806.5-2215,96085-04-17-00,NS,0.7885769553090454,0.21142304469095463,logistic,loso
sax_j1806_5_2215,SAX J1806.5-2215,96085-04-19-00,NS,0.7806159680191677,0.21938403198083234,logistic,loso
sax_j1806_5_2215,SAX J1806.5-2215,96085-04-20-00,NS,0.824063554255403,0.175936445744597,logistic,loso
sax_j1806_5_2215,SAX J1806.5-2215,96085-04-23-00,NS,0.8781354631477858,0.12186453685221421,logistic,loso
sax_j1806_5_2215,SAX J1806.5-2215,96085-04-25-00,NS,0.9016591166702808,0.09834088332971924,logistic,loso
sax_j1806_5_2215,SAX J1806.5-2215,96085-04-26-00,NS,0.9094711877896006,0.09052881221039943,logistic,loso
sax_j1806_5_2215,SAX J1806.5-2215,96085-04-28-00,NS,0.8512853852571274,0.14871461474287262,logistic,loso
sax_j1806_5_2215,SAX J1806.5-2215,96085-04-29-00,NS,0.8275966900445502,0.17240330995544983,logistic,loso
sax_j1806_5_2215,SAX J1806.5-2215,96085-04-30-00,NS,0.7789128201130712,0.22108717988692883,logistic,loso
sax_j1806_5_2215,SAX J1806.5-2215,96085-04-31-00,NS,0.7637895507367435,0.23621044926325652,logistic,loso
sax_j1806_5_2215,SAX J1806.5-2215,96085-04-33-00,NS,0.8170052398565525,0.1829947601434475,logistic,loso
sax_j1808_4_3658,SAX J1808.4-3658,70080-01-02-03,NS,0.5787666027615774,0.42123339723842257,logistic,loso
sax_j1808_4_3658,SAX J1808.4-3658,70080-01-02-13,NS,0.6848327174117802,0.3151672825882198,logistic,loso
sax_j1808_4_3658,SAX J1808.4-3658,70080-01-03-12,NS,0.6982378755074818,0.30176212449251816,logistic,loso
sax_j1808_4_3658,SAX J1808.4-3658,70080-02-02-35,NS,0.8139673596883635,0.18603264031163647,logistic,loso
sax_j1808_4_3658,SAX J1808.4-3658,70080-02-02-36,NS,0.7990763681643275,0.20092363183567252,logistic,loso
sax_j1808_4_3658,SAX J1808.4-3658,70080-03-06-00,NS,0.8057741845335458,0.19422581546645423,logistic,loso
sax_j1808_4_3658,SAX J1808.4-3658,70080-03-20-02,NS,0.807240173022411,0.19275982697758898,logistic,loso
sax_j1808_4_3658,SAX J1808.4-3658,70080-03-20-10,NS,0.828987095150554,0.17101290484944598,logistic,loso
sax_j1808_4_3658,SAX J1808.4-3658,91056-01-02-01,NS,0.6270103062983178,0.3729896937016822,logistic,loso
sax_j1808_4_3658,SAX J1808.4-3658,91056-01-03-09,NS,0.7347002935842777,0.2652997064157223,logistic,loso
sax_j1808_4_3658,SAX J1808.4-3658,91418-01-03-01,NS,0.8095225671382978,0.19047743286170216,logistic,loso
sax_j1808_4_3658,SAX J1808.4-3658,93027-01-02-00,NS,0.6291985538104212,0.3708014461895788,logistic,loso
sax_j1808_4_3658,SAX J1808.4-3658,96027-01-01-00,NS,0.5750287965471231,0.42497120345287687,logistic,loso
sax_j1808_4_3658,SAX J1808.4-3658,96027-01-02-07,NS,0.8061337586683784,0.19386624133162156,logistic,loso
sax_j1810_8_2609,SAX J1810.8-2609,93044-02-01-00,NS,0.8041940193812728,0.19580598061872723,logistic,loso
sax_j1810_8_2609,SAX J1810.8-2609,93044-02-02-00,NS,0.7968244123124262,0.20317558768757382,logistic,loso
sax_j1810_8_2609,SAX J1810.8-2609,93044-02-03-00,NS,0.7652823447628362,0.2347176552371638,logistic,loso
sax_j1810_8_2609,SAX J1810.8-2609,93044-02-04-00,NS,0.7418149187796632,0.2581850812203368,logistic,loso
sax_j1810_8_2609,SAX J1810.8-2609,93044-02-06-00,NS,0.6847752554773311,0.3152247445226689,logistic,loso
sax_j1810_8_2609,SAX J1810.8-2609,93044-02-06-01,NS,0.7015382341931945,0.2984617658068055,logistic,loso
sax_j1810_8_2609,SAX J1810.8-2609,93044-02-07-00,NS,0.8122528825726294,0.1877471174273706,logistic,loso
sax_j1810_8_2609,SAX J1810.8-2609,93044-02-08-00,NS,0.8112910497792144,0.1887089502207856,logistic,loso
sax_j1810_8_2609,SAX J1810.8-2609,93093-01-01-00,NS,0.7216743296770746,0.27832567032292543,logistic,loso
sax_j1810_8_2609,SAX J1810.8-2609,93093-01-01-01,NS,0.7366218591010352,0.26337814089896483,logistic,loso
sax_j1810_8_2609,SAX J1810.8-2609,93093-01-01-02,NS,0.725503318894704,0.274496681105296,logistic,loso
sax_j1810_8_2609,SAX J1810.8-2609,93093-01-02-01,NS,0.7141314051832146,0.2858685948167854,logistic,loso
sax_j1810_8_2609,SAX J1810.8-2609,93093-01-02-02,NS,0.7160208988980675,0.2839791011019325,logistic,loso
sax_j1810_8_2609,SAX J1810.8-2609,93093-01-02-03,NS,0.7168647454372699,0.28313525456273014,logistic,loso
sax_j1810_8_2609,SAX J1810.8-2609,93093-01-02-04,NS,0.721728903555443,0.27827109644455705,logistic,loso
sax_j1810_8_2609,SAX J1810.8-2609,93093-01-02-05,NS,0.7306380608640138,0.26936193913598616,logistic,loso
sax_j1810_8_2609,SAX J1810.8-2609,93093-01-02-06,NS,0.7135503139804804,0.2864496860195196,logistic,loso
sax_j1810_8_2609,SAX J1810.8-2609,93093-01-02-07,NS,0.7237441905584505,0.2762558094415495,logistic,loso
sax_j1810_8_2609,SAX J1810.8-2609,93093-01-02-08,NS,0.7363586402447475,0.2636413597552525,logistic,loso
sax_j1810_8_2609,SAX J1810.8-2609,93093-01-02-10,NS,0.7425511337009445,0.2574488662990555,logistic,loso
sax_j1810_8_2609,SAX J1810.8-2609,93093-01-02-11,NS,0.7057137083550726,0.29428629164492737,logistic,loso
sax_j1810_8_2609,SAX J1810.8-2609,93414-01-01-00,NS,0.7686457896918534,0.23135421030814662,logistic,loso
sax_j1810_8_2609,SAX J1810.8-2609,93414-01-01-01,NS,0.7536372558654326,0.24636274413456738,logistic,loso
sax_j1810_8_2609,SAX J1810.8-2609,93414-01-01-02,NS,0.7968436736993151,0.20315632630068492,logistic,loso
sax_j1810_8_2609,SAX J1810.8-2609,93414-01-01-03,NS,0.7463712667376965,0.2536287332623035,logistic,loso
sax_j1810_8_2609,SAX J1810.8-2609,93414-01-04-00,NS,0.7589904424733428,0.2410095575266572,logistic,loso
sax_j1810_8_2609,SAX J1810.8-2609,93414-01-04-01,NS,0.7712445789707554,0.22875542102924462,logistic,loso
sax_j1810_8_2609,SAX J1810.8-2609,93414-01-04-02,NS,0.7522075975075113,0.24779240249248868,logistic,loso
sax_j1810_8_2609,SAX J1810.8-2609,93414-01-04-03,NS,0.7463959850329095,0.2536040149670905,logistic,loso
sax_j1810_8_2609,SAX J1810.8-2609,93414-01-05-00,NS,0.789125443617415,0.210874556382585,logistic,loso
sax_j1810_8_2609,SAX J1810.8-2609,93414-01-05-01,NS,0.8048125510914713,0.19518744890852868,logistic,loso
slx_1735_269,SLX 1735-269,20089-02-01-00,NS,0.7867686698150832,0.2132313301849168,logistic,loso
slx_1735_269,SLX 1735-269,20170-03-01-00,NS,0.8105165984740917,0.18948340152590826,logistic,loso
slx_1735_269,SLX 1735-269,20170-03-03-00,NS,0.7867778942030145,0.21322210579698553,logistic,loso
slx_1735_269,SLX 1735-269,20170-03-06-00,NS,0.7907800137724706,0.20921998622752935,logistic,loso
slx_1735_269,SLX 1735-269,20170-03-08-00,NS,0.8160566693711159,0.18394333062888413,logistic,loso
slx_1735_269,SLX 1735-269,20170-03-11-00,NS,0.7993744431693753,0.20062555683062466,logistic,loso
slx_1735_269,SLX 1735-269,60034-01-01-03,NS,0.785308926203077,0.21469107379692298,logistic,loso
slx_1735_269,SLX 1735-269,60034-01-01-05,NS,0.7746084262869704,0.22539157371302965,logistic,loso
slx_1735_269,SLX 1735-269,60034-01-02-03,NS,0.7790435207785997,0.22095647922140027,logistic,loso
slx_1735_269,SLX 1735-269,60034-01-03-00,NS,0.8527373626033591,0.14726263739664092,logistic,loso
slx_1735_269,SLX 1735-269,70134-08-01-00,NS,0.8127119717431853,0.18728802825681468,logistic,loso
slx_1735_269,SLX 1735-269,80138-03-01-00,NS,0.8523947054065871,0.14760529459341287,logistic,loso
slx_1735_269,SLX 1735-269,80138-03-04-00,NS,0.787169933082455,0.21283006691754502,logistic,loso
slx_1735_269,SLX 1735-269,80138-03-06-00,NS,0.8617559896067847,0.13824401039321532,logistic,loso
slx_1735_269,SLX 1735-269,80138-03-07-02,NS,0.852714910008937,0.14728508999106305,logistic,loso
slx_1735_269,SLX 1735-269,80138-03-08-00,NS,0.7909726411261857,0.2090273588738143,logistic,loso
slx_1735_269,SLX 1735-269,90058-05-01-02,NS,0.8477898343763471,0.15221016562365286,logistic,loso
slx_1735_269,SLX 1735-269,90058-05-01-04,NS,0.8649007036421794,0.1350992963578206,logistic,loso
slx_1735_269,SLX 1735-269,92052-02-01-00,NS,0.822658947189407,0.17734105281059298,logistic,loso
slx_1735_269,SLX 1735-269,94044-05-01-00,NS,0.8241897224726714,0.17581027752732858,logistic,loso
slx_1735_269,SLX 1735-269,96429-01-02-00,NS,0.8063258466487935,0.19367415335120652,logistic,loso
slx_1735_269,SLX 1735-269,96429-01-02-02,NS,0.7992779036042316,0.20072209639576843,logistic,loso
slx_1735_269,SLX 1735-269,96429-01-04-00,NS,0.8041260081563786,0.19587399184362142,logistic,loso
slx_1735_269,SLX 1735-269,96429-01-05-00,NS,0.8042972357653083,0.19570276423469168,logistic,loso
slx_1735_269,SLX 1735-269,96429-01-06-02,NS,0.8014229498645332,0.19857705013546678,logistic,loso
slx_1735_269,SLX 1735-269,96429-01-07-00,NS,0.7923664087546913,0.20763359124530867,logistic,loso
slx_1735_269,SLX 1735-269,96429-01-08-01,NS,0.784882846961701,0.21511715303829904,logistic,loso
slx_1735_269,SLX 1735-269,96429-01-08-03,NS,0.7959168269214548,0.20408317307854518,logistic,loso
ser_x_1,Ser X-1,40025-03-01-00,NS,0.9574227993779908,0.042577200622009204,logistic,loso
ser_x_1,Ser X-1,40025-03-01-01,NS,0.9609887687030761,0.039011231296923854,logistic,loso
ser_x_1,Ser X-1,40025-03-01-02,NS,0.9489804813466546,0.05101951865334542,logistic,loso
ser_x_1,Ser X-1,40025-03-02-00,NS,0.9622647264166811,0.03773527358331885,logistic,loso
ser_x_1,Ser X-1,40025-03-02-01,NS,0.9465864452353548,0.053413554764645155,logistic,loso
ser_x_1,Ser X-1,40426-01-01-00,NS,0.9655752950220508,0.03442470497794925,logistic,loso
ser_x_1,Ser X-1,50029-35-01-00,NS,0.9391611940011664,0.06083880599883362,logistic,loso
ser_x_1,Ser X-1,70014-03-01-00,NS,0.9577548713050286,0.042245128694971434,logistic,loso
ser_x_1,Ser X-1,70014-03-01-01,NS,0.9542831677410432,0.04571683225895684,logistic,loso
ser_x_1,Ser X-1,70014-03-01-02,NS,0.9513301762990432,0.04866982370095685,logistic,loso
ser_x_1,Ser X-1,70014-03-02-00,NS,0.9417857604817229,0.05821423951827709,logistic,loso
ser_x_1,Ser X-1,70014-03-02-01,NS,0.9509499171059286,0.04905008289407142,logistic,loso
ser_x_1,Ser X-1,70014-03-02-02,NS,0.965931827542173,0.034068172457827006,logistic,loso
ser_x_1,Ser X-1,70014-03-02-03,NS,0.9433506073898162,0.05664939261018376,logistic,loso
ser_x_1,Ser X-1,70027-04-01-00,NS,0.932605128705856,0.06739487129414401,logistic,loso
ser_x_1,Ser X-1,70027-04-01-01,NS,0.9371061244540861,0.06289387554591386,logistic,loso
ser_x_1,Ser X-1,70027-04-08-00,NS,0.9445660174149508,0.05543398258504917,logistic,loso
v4641_sgr,V4641 Sgr,80054-08-01-00,BH,0.338071387552787,0.661928612447213,logistic,loso
v4641_sgr,V4641 Sgr,80054-08-01-01,BH,0.1657296877192463,0.8342703122807538,logistic,loso
v4641_sgr,V4641 Sgr,80054-08-02-00,BH,0.6545366107996085,0.34546338920039155,logistic,loso
v4641_sgr,V4641 Sgr,91422-01-01-00,BH,0.6978231071773978,0.3021768928226022,logistic,loso
v4641_sgr,V4641 Sgr,95436-01-01-00,BH,0.7838274109274789,0.21617258907252113,logistic,loso
xte_j1118_480,XTE J1118+480,50133-01-04-00,BH,0.6873061373619048,0.3126938626380952,logistic,loso
xte_j1118_480,XTE J1118+480,50133-01-05-00,BH,0.7078084217120686,0.2921915782879314,logistic,loso
xte_j1118_480,XTE J1118+480,50133-01-06-00,BH,0.7303712607523135,0.2696287392476865,logistic,loso
xte_j1118_480,XTE J1118+480,50137-01-01-00,BH,0.7062913997592563,0.29370860024074374,logistic,loso
xte_j1118_480,XTE J1118+480,50137-01-04-00,BH,0.6560502942998021,0.3439497057001979,logistic,loso
xte_j1118_480,XTE J1118+480,50407-01-01-00,BH,0.661721665054456,0.33827833494554405,logistic,loso
xte_j1118_480,XTE J1118+480,50407-01-02-00,BH,0.6391296735938602,0.3608703264061398,logistic,loso
xte_j1118_480,XTE J1118+480,50407-01-02-02,BH,0.6396512076005304,0.3603487923994696,logistic,loso
xte_j1118_480,XTE J1118+480,50407-01-03-01,BH,0.5279537278047436,0.4720462721952564,logistic,loso
xte_j1118_480,XTE J1118+480,50407-01-05-01,BH,0.6055125081449513,0.3944874918550487,logistic,loso
xte_j1118_480,XTE J1118+480,50407-01-06-00,BH,0.6632610855898561,0.3367389144101439,logistic,loso
xte_j1118_480,XTE J1118+480,50407-01-10-01,BH,0.662357328289353,0.337642671710647,logistic,loso
xte_j1118_480,XTE J1118+480,50407-01-15-00,BH,0.8406127202044377,0.15938727979556233,logistic,loso
xte_j1118_480,XTE J1118+480,90011-01-01-01,BH,0.7916430993978564,0.20835690060214362,logistic,loso
xte_j1118_480,XTE J1118+480,90011-01-01-02,BH,0.7778863675958634,0.22211363240413662,logistic,loso
xte_j1118_480,XTE J1118+480,90011-01-01-05,BH,0.8046631393113107,0.19533686068868927,logistic,loso
xte_j1118_480,XTE J1118+480,90011-01-01-09,BH,0.7943317895590545,0.20566821044094552,logistic,loso
xte_j1118_480,XTE J1118+480,90011-01-01-13,BH,0.8270028047843053,0.17299719521569468,logistic,loso
xte_j1118_480,XTE J1118+480,90111-01-02-02,BH,0.8222651739244446,0.17773482607555535,logistic,loso
xte_j1118_480,XTE J1118+480,90111-01-02-06,BH,0.8540205389612594,0.1459794610387406,logistic,loso
xte_j1118_480,XTE J1118+480,90111-01-02-11,BH,0.8535561113627192,0.14644388863728075,logistic,loso
xte_j1118_480,XTE J1118+480,90111-01-03-02,BH,0.8605828745848774,0.13941712541512263,logistic,loso
xte_j1550_564,XTE J1550-564,30188-06-01-02,BH,3.7756450921589577e-08,0.999999962243549,logistic,loso
xte_j1550_564,XTE J1550-564,30191-01-02-00,BH,4.5976619314796066e-11,0.9999999999540233,logistic,loso
xte_j1550_564,XTE J1550-564,30191-01-12-00,BH,6.916320508369154e-06,0.9999930836794916,logistic,loso
xte_j1550_564,XTE J1550-564,30191-01-28-01,BH,0.00017575471619668388,0.9998242452838033,logistic,loso
xte_j1550_564,XTE J1550-564,30191-01-34-00,BH,0.0036239135663476553,0.9963760864336524,logistic,loso
xte_j1550_564,XTE J1550-564,30191-01-44-00,BH,0.5860256120032513,0.4139743879967487,logistic,loso
xte_j1550_564,XTE J1550-564,30435-01-07-00,BH,0.6940793052972406,0.3059206947027594,logistic,loso
xte_j1550_564,XTE J1550-564,30435-01-15-01,BH,0.3730805403106213,0.6269194596893787,logistic,loso
xte_j1550_564,XTE J1550-564,30435-01-25-00,BH,0.14321932431227102,0.856780675687729,logistic,loso
xte_j1550_564,XTE J1550-564,40401-01-08-00,BH,0.1666680222527294,0.8333319777472706,logistic,loso
xte_j1550_564,XTE J1550-564,40401-01-18-00,BH,0.012625276195734399,0.9873747238042656,logistic,loso
xte_j1550_564,XTE J1550-564,40401-01-26-00,BH,0.10559219583685234,0.8944078041631477,logistic,loso
xte_j1550_564,XTE J1550-564,40401-01-35-01,BH,0.13667806030184432,0.8633219396981557,logistic,loso
xte_j1550_564,XTE J1550-564,40401-01-43-00,BH,0.11579026583194685,0.8842097341680532,logistic,loso
xte_j1550_564,XTE J1550-564,40401-01-53-00,BH,0.00010375032226909573,0.9998962496777309,logistic,loso
xte_j1550_564,XTE J1550-564,40401-01-60-00,BH,0.12566739284442535,0.8743326071555746,logistic,loso
xte_j1550_564,XTE J1550-564,40401-01-70-00,BH,0.4595485048692328,0.5404514951307672,logistic,loso
xte_j1550_564,XTE J1550-564,40401-01-80-00,BH,0.6911170363600505,0.3088829636399495,logistic,loso
xte_j1550_564,XTE J1550-564,40401-01-82-04,BH,0.6768192618670253,0.32318073813297465,logistic,loso
xte_j1550_564,XTE J1550-564,40401-01-96-01,BH,0.6988598221636076,0.30114017783639235,logistic,loso
xte_j1550_564,XTE J1550-564,50134-01-05-00,BH,0.14159405153555865,0.8584059484644413,logistic,loso
xte_j1550_564,XTE J1550-564,50134-02-04-01,BH,0.21645407391764016,0.7835459260823598,logistic,loso
xte_j1550_564,XTE J1550-564,50135-01-11-00,BH,0.5731669464836602,0.4268330535163398,logistic,loso
xte_j1550_564,XTE J1550-564,50137-02-04-01,BH,0.0008050397775177159,0.9991949602224823,logistic,loso
xte_j1550_564,XTE J1550-564,50137-02-12-00,BH,0.2606413359167813,0.7393586640832187,logistic,loso
xte_j1550_564,XTE J1550-564,60428-01-09-00,BH,0.5977348645479924,0.4022651354520076,logistic,loso
xte_j1550_564,XTE J1550-564,80135-01-04-01,BH,0.0432861151021033,0.9567138848978967,logistic,loso
xte_j1859_226,XTE J1859+226,40122-01-01-03,BH,0.04787736498061177,0.9521226350193882,logistic,loso
xte_j1859_226,XTE J1859+226,40122-01-03-01,BH,0.4786613638122881,0.5213386361877119,logistic,loso
xte_j1859_226,XTE J1859+226,40124-01-11-00,BH,0.12181177530578985,0.8781882246942101,logistic,loso
xte_j1859_226,XTE J1859+226,40124-01-15-03,BH,0.07130151527458913,0.9286984847254108,logistic,loso
xte_j1859_226,XTE J1859+226,40124-01-20-00,BH,0.11914199525591758,0.8808580047440824,logistic,loso
xte_j1859_226,XTE J1859+226,40124-01-27-00,BH,0.05074834968025413,0.9492516503197459,logistic,loso
xte_j1859_226,XTE J1859+226,40124-01-30-00,BH,0.07406237274895298,0.925937627251047,logistic,loso
xte_j1859_226,XTE J1859+226,40124-01-33-00,BH,0.13081477141132558,0.8691852285886744,logistic,loso
xte_j1859_226,XTE J1859+226,40124-01-35-02,BH,0.2217428314072065,0.7782571685927935,logistic,loso
xte_j1859_226,XTE J1859+226,40124-01-36-00,BH,0.1031325252430765,0.8968674747569235,logistic,loso
xte_j1859_226,XTE J1859+226,40124-01-38-00,BH,0.2596732316695685,0.7403267683304315,logistic,loso
xte_j1859_226,XTE J1859+226,40124-01-40-01,BH,0.46535133591263406,0.534648664087366,logistic,loso
xte_j1859_226,XTE J1859+226,40124-01-46-00,BH,0.5989071282232451,0.4010928717767549,logistic,loso
xte_j1859_226,XTE J1859+226,40124-01-49-00,BH,0.6824871478529767,0.3175128521470233,logistic,loso
xte_j1859_226,XTE J1859+226,40124-01-51-00,BH,0.7004011939694365,0.29959880603056355,logistic,loso
xte_j1859_226,XTE J1859+226,40124-01-52-02,BH,0.7658935127843554,0.23410648721564464,logistic,loso
xte_j1859_226,XTE J1859+226,40124-01-55-00,BH,0.7702180641199157,0.22978193588008433,logistic,loso
xte_j1859_226,XTE J1859+226,40124-01-55-03,BH,0.7880362682977538,0.21196373170224625,logistic,loso
xte_j1859_226,XTE J1859+226,40124-01-57-01,BH,0.7334687646151331,0.2665312353848669,logistic,loso
xte_j1859_226,XTE J1859+226,40124-01-58-03,BH,0.6907053440386269,0.30929465596137307,logistic,loso
xte_j1859_226,XTE J1859+226,40124-01-61-00,BH,0.7688958132978081,0.2311041867021919,logistic,loso
xte_j1859_226,XTE J1859+226,40124-01-63-00,BH,0.8028311448105816,0.1971688551894184,logistic,loso
xte_j1859_226,XTE J1859+226,40440-01-03-00,BH,0.8300051698643993,0.16999483013560068,logistic,loso
1a_1744_361,1A 1744-361,80431-01-02-01,NS,0.9261483996284727,0.07385160037152727,forest,loso
1a_1744_361,1A 1744-361,80431-01-02-03,NS,0.9169364111943277,0.08306358880567233,forest,loso
1a_1744_361,1A 1744-361,80431-01-02-04,NS,0.9142154131087485,0.08578458689125146,forest,loso
1a_1744_361,1A 1744-361,80431-01-02-05,NS,0.9299137446128207,0.07008625538717927,forest,loso
1a_1744_361,1A 1744-361,80431-01-03-00,NS,0.9206206397437474,0.07937936025625258,forest,loso
1a_1744_361,1A 1744-361,80431-01-03-02,NS,0.9576241823441941,0.04237581765580589,forest,loso
1a_1744_361,1A 1744-361,90058-04-02-00,NS,0.873307340774951,0.12669265922504902,forest,loso
1a_1744_361,1A 1744-361,91050-05-02-00,NS,0.9237191430049204,0.07628085699507958,forest,loso
1a_1744_361,1A 1744-361,91050-05-03-00,NS,0.9272197168902281,0.07278028310977191,forest,loso
1a_1744_361,1A 1744-361,93155-01-01-00,NS,0.917981059988241,0.08201894001175902,forest,loso
1a_1744_361,1A 1744-361,93155-01-02-00,NS,0.9373115903248729,0.06268840967512712,forest,loso
1a_1744_361,1A 1744-361,93155-01-02-01,NS,0.924786024300885,0.07521397569911503,forest,loso
1a_1744_361,1A 1744-361,93155-01-03-01,NS,0.9206187807564785,0.07938121924352148,forest,loso
1a_1744_361,1A 1744-361,93155-01-03-02,NS,0.9142359728886055,0.08576402711139453,forest,loso
1a_1744_361,1A 1744-361,93155-01-03-03,NS,0.917981059988241,0.08201894001175902,forest,loso
1a_1744_361,1A 1744-361,93155-01-06-01,NS,0.9245225670486877,0.07547743295131226,forest,loso
1a_1744_361,1A 1744-361,93155-01-06-02,NS,0.9198153567127112,0.0801846432872888,forest,loso
1a_1744_361,1A 1744-361,93155-01-07-00,NS,0.917981059988241,0.08201894001175902,forest,loso
1a_1744_361,1A 1744-361,93155-01-07-02,NS,0.9206187807564785,0.07938121924352148,forest,loso
1a_1744_361,1A 1744-361,93155-01-08-00,NS,0.9082701357335321,0.0917298642664679,forest,loso
1a_1744_361,1A 1744-361,93155-01-08-02,NS,0.7885977729413018,0.21140222705869816,forest,loso
1a_1744_361,1A 1744-361,93155-01-09-00,NS,0.7650453699607977,0.23495463003920225,forest,loso
1a_1744_361,1A 1744-361,95416-01-01-00,NS,0.7513707179449837,0.24862928205501633,forest,loso
1a_1744_361,1A 1744-361,95416-01-01-02,NS,0.9053968196638326,0.09460318033616744,forest,loso
1a_1744_361,1A 1744-361,95416-01-02-00,NS,0.9082701357335321,0.0917298642664679,forest,loso
1a_1744_361,1A 1744-361,95416-01-02-02,NS,0.9053968196638326,0.09460318033616744,forest,loso
1a_1744_361,1A 1744-361,96437-01-02-00,NS,0.9082701357335321,0.0917298642664679,forest,loso
4u_0614_09,4U 0614+09,10095-01-01-00,NS,0.8530547976067129,0.14694520239328712,forest,loso
4u_0614_09,4U 0614+09,20428-01-01-03,NS,0.8382691555622678,0.16173084443773222,forest,loso
4u_0614_09,4U 0614+09,30054-01-02-03,NS,0.853045478489219,0.14695452151078103,forest,loso
4u_0614_09,4U 0614+09,40030-01-14-00,NS,0.9322709332004118,0.06772906679958823,forest,loso
4u_0614_09,4U 0614+09,40429-01-03-01,NS,0.8386680090603549,0.16133199093964512,forest,loso
4u_0614_09,4U 0614+09,40429-01-06-01,NS,0.9116100463937582,0.0883899536062418,forest,loso
4u_0614_09,4U 0614+09,50026-02-01-01,NS,0.8201000073445853,0.17989999265541468,forest,loso
4u_0614_09,4U 0614+09,50031-01-01-01,NS,0.783169945255827,0.21683005474417305,forest,loso
4u_0614_09,4U 0614+09,50031-01-02-07,NS,0.8177861466246079,0.1822138533753921,forest,loso
4u_0614_09,4U 0614+09,50031-01-04-08,NS,0.7126660266732128,0.28733397332678723,forest,loso
4u_0614_09,4U 0614+09,60424-01-02-01,NS,0.7249387306397653,0.2750612693602347,forest,loso
4u_0614_09,4U 0614+09,80037-01-09-08,NS,0.8187422199070816,0.18125778009291837,forest,loso
4u_0614_09,4U 0614+09,80051-02-01-02,NS,0.8713292096153107,0.12867079038468932,forest,loso
4u_0614_09,4U 0614+09,80414-01-02-00,NS,0.85359770075028,0.14640229924972004,forest,loso
4u_0614_09,4U 0614+09,80414-01-05-02,NS,0.8835211391105758,0.11647886088942416,forest,loso
4u_0614_09,4U 0614+09,90422-01-01-02,NS,0.8612928405157568,0.13870715948424317,forest,loso
4u_0614_09,4U 0614+09,91425-01-04-02,NS,0.8789959392762512,0.12100406072374881,forest,loso
4u_0614_09,4U 0614+09,92411-01-01-02,NS,0.8719279873169283,0.12807201268307167,forest,loso
4u_0614_09,4U 0614+09,92411-01-07-02,NS,0.8727779179755052,0.1272220820244948,forest,loso
4u_0614_09,4U 0614+09,92411-01-10-00,NS,0.849692938845518,0.150307061154482,forest,loso
4u_0614_09,4U 0614+09,93404-01-02-00,NS,0.8714670497826408,0.12853295021735922,forest,loso
4u_0614_09,4U 0614+09,93404-01-07-00,NS,0.8629108560180514,0.1370891439819486,forest,loso
4u_0614_09,4U 0614+09,93404-01-11-02,NS,0.8627934643578088,0.1372065356421912,forest,loso
4u_0614_09,4U 0614+09,93404-01-14-00,NS,0.864248980866634,0.13575101913336596,forest,loso
4u_0614_09,4U 0614+09,93404-01-21-00,NS,0.869673946334365,0.130326053665635,forest,loso
4u_0614_09,4U 0614+09,94404-01-07-00,NS,0.8521421842414547,0.14785781575854529,forest,loso
4u_0614_09,4U 0614+09,95404-01-01-01,NS,0.8529556399260427,0.14704436007395727,forest,loso
4u_0614_09,4U 0614+09,95404-01-09-02,NS,0.821397861092408,0.17860213890759202,forest,loso
4u_0614_09,4U 0614+09,96307-01-04-00,NS,0.8684145137370615,0.13158548626293853,forest,loso
4u_0614_09,4U 0614+09,96307-01-10-00,NS,0.9365535399491788,0.06344646005082122,forest,loso
4u_0614_09,4U 0614+09,96404-01-02-00,NS,0.8384910753767655,0.16150892462323452,forest,loso
4u_1254_69,4U 1254-69,90036-01-01-00,NS,0.8799070699796019,0.12009293002039811,forest,loso
4u_1254_69,4U 1254-69,90036-01-01-01,NS,0.8597665424431549,0.14023345755684513,forest,loso
4u_1254_69,4U 1254-69,90036-01-01-02,NS,0.8601965809540663,0.13980341904593374,forest,loso
4u_1254_69,4U 1254-69,90036-01-01-03,NS,0.8854817689325404,0.11451823106745962,forest,loso
4u_1254_69,4U 1254-69,90036-01-02-00,NS,0.8772531275781088,0.1227468724218912,forest,loso
4u_1254_69,4U 1254-69,90036-01-02-01,NS,0.8758559185924042,0.12414408140759581,forest,loso
4u_1254_69,4U 1254-69,93406-13-01-00,NS,0.8334709189387945,0.16652908106120545,forest,loso
4u_1254_69,4U 1254-69,95324-01-01-00,NS,0.8819197942447755,0.11808020575522449,forest,loso
4u_1254_69,4U 1254-69,95324-01-01-01,NS,0.8758559185924042,0.12414408140759581,forest,loso
4u_1254_69,4U 1254-69,95324-01-02-00,NS,0.8644837777037029,0.13551622229629712,forest,loso
4u_1254_69,4U 1254-69,95324-01-02-01,NS,0.8772531275781088,0.1227468724218912,forest,loso
4u_1543_475,4U 1543-475,70124-02-03-00,BH,0.8605016116572037,0.13949838834279626,forest,loso
4u_1543_475,4U 1543-475,70124-02-06-00,BH,0.844518185241866,0.15548181475813405,forest,loso
4u_1543_475,4U 1543-475,70124-02-09-00,BH,0.8230435303463888,0.17695646965361123,forest,loso
4u_1543_475,4U 1543-475,70124-02-11-00,BH,0.760194398626719,0.239805601373281,forest,loso
4u_1543_475,4U 1543-475,70132-01-01-00,BH,0.45411423449474064,0.5458857655052594,forest,loso
4u_1543_475,4U 1543-475,70132-01-02-01,BH,0.8653287309544294,0.13467126904557059,forest,loso
4u_1543_475,4U 1543-475,70133-01-01-00,BH,0.8452215583570964,0.15477844164290355,forest,loso
4u_1543_475,4U 1543-475,70133-01-05-00,BH,0.07325117975117976,0.9267488202488202,forest,loso
4u_1543_475,4U 1543-475,70133-01-10-00,BH,0.8513915569383079,0.14860844306169207,forest,loso
4u_1543_475,4U 1543-475,70133-01-16-00,BH,0.034814671814671815,0.9651853281853282,forest,loso
4u_1543_475,4U 1543-475,70133-01-20-00,BH,0.9300282278917621,0.0699717721082379,forest,loso
4u_1543_475,4U 1543-475,70133-01-23-00,BH,0.7540217520122471,0.24597824798775292,forest,loso
4u_1543_475,4U 1543-475,70133-01-25-01,BH,0.7524314762573742,0.24756852374262583,forest,loso
4u_1543_475,4U 1543-475,70133-01-26-01,BH,0.7457648095907073,0.25423519040929266,forest,loso
4u_1543_475,4U 1543-475,70133-01-28-00,BH,0.7458184553089504,0.2541815446910496,forest,loso
4u_1543_475,4U 1543-475,70133-01-31-00,BH,0.9312678162381138,0.06873218376188617,forest,loso
4u_1608_522,4U 1608-522,10093-01-01-01,NS,0.9069479565053014,0.09305204349469864,forest,loso
4u_1608_522,4U 1608-522,30062-02-01-05,NS,0.938546131883069,0.06145386811693099,forest,loso
4u_1608_522,4U 1608-522,40437-01-01-01,NS,0.7997123876334277,0.20028761236657233,forest,loso
4u_1608_522,4U 1608-522,50052-01-23-00,NS,0.8326930411281522,0.16730695887184777,forest,loso
4u_1608_522,4U 1608-522,60052-02-04-03,NS,0.9500939036914293,0.04990609630857068,forest,loso
4u_1608_522,4U 1608-522,70058-01-22-00,NS,0.9162643193144224,0.08373568068557757,forest,loso
4u_1608_522,4U 1608-522,70058-01-37-00,NS,0.9585211377416377,0.04147886225836228,forest,loso
4u_1608_522,4U 1608-522,70069-01-03-01,NS,0.8871951675286794,0.11280483247132056,forest,loso
4u_1608_522,4U 1608-522,80406-01-04-07,NS,0.8057782391093979,0.19422176089060206,forest,loso
4u_1608_522,4U 1608-522,91405-01-27-00,NS,0.710101686251969,0.289898313748031,forest,loso
4u_1608_522,4U 1608-522,91405-01-41-00,NS,0.7958640622474421,0.2041359377525579,forest,loso
4u_1608_522,4U 1608-522,92401-01-11-03,NS,0.947504848513206,0.052495151486793956,forest,loso
4u_1608_522,4U 1608-522,93408-01-11-00,NS,0.8589240714673143,0.1410759285326857,forest,loso
4u_1608_522,4U 1608-522,93408-01-19-01,NS,0.8007685643213144,0.19923143567868562,forest,loso
4u_1608_522,4U 1608-522,93408-01-22-06,NS,0.9596478072806295,0.04035219271937052,forest,loso
4u_1608_522,4U 1608-522,93408-01-26-03,NS,0.565578541181655,0.43442145881834504,forest,loso
4u_1608_522,4U 1608-522,93408-01-32-04,NS,0.8363920412883401,0.1636079587116599,forest,loso
4u_1608_522,4U 1608-522,93408-01-42-05,NS,0.791279484777764,0.208720515222236,forest,loso
4u_1608_522,4U 1608-522,93408-01-52-02,NS,0.722898550675389,0.277101449324611,forest,loso
4u_1608_522,4U 1608-522,93408-01-66-01,NS,0.8686456994272345,0.13135430057276554,forest,loso
4u_1608_522,4U 1608-522,94401-01-01-01,NS,0.8565027222214602,0.14349727777853982,forest,loso
4u_1608_522,4U 1608-522,94401-01-18-00,NS,0.551236990352052,0.448763009647948,forest,loso
4u_1608_522,4U 1608-522,94401-01-34-00,NS,0.9119601811660426,0.0880398188339574,forest,loso
4u_1608_522,4U 1608-522,95334-01-03-00,NS,0.949236910616484,0.050763089383516036,forest,loso
4u_1608_522,4U 1608-522,96423-01-13-01,NS,0.6688075085700834,0.3311924914299166,forest,loso
4u_1608_522,4U 1608-522,96423-01-26-01,NS,0.7894334124416211,0.21056658755837887,forest,loso
4u_1608_522,4U 1608-522,96423-01-39-02,NS,0.7424498467298476,0.2575501532701524,forest,loso
4u_1636_536,4U 1636-536,30053-02-01-00,NS,0.9553835633355277,0.04461643666447235,forest,loso
4u_1636_536,4U 1636-536,40028-01-14-02,NS,0.9462471207480171,0.05375287925198291,forest,loso
4u_1636_536,4U 1636-536,60032-01-04-00,NS,0.9446419442672999,0.05535805573270014,forest,loso
4u_1636_536,4U 1636-536,60032-01-14-01,NS,0.9446419442672999,0.05535805573270014,forest,loso
4u_1636_536,4U 1636-536,60032-05-15-00,NS,0.9569925014818318,0.04300749851816821,forest,loso
4u_1636_536,4U 1636-536,91024-01-07-10,NS,0.9006070910481163,0.09939290895188369,forest,loso
4u_1636_536,4U 1636-536,91024-01-13-00,NS,0.9534101395300428,0.04658986046995717,forest,loso
4u_1636_536,4U 1636-536,91024-01-53-10,NS,0.9533939276776207,0.046606072322379344,forest,loso
4u_1636_536,4U 1636-536,91024-01-62-00,NS,0.9416466882096554,0.05835331179034464,forest,loso
4u_1636_536,4U 1636-536,91024-01-85-10,NS,0.8884367698969876,0.11156323010301239,forest,loso
4u_1636_536,4U 1636-536,92023-01-42-10,NS,0.925948494168053,0.07405150583194697,forest,loso
4u_1636_536,4U 1636-536,92023-01-43-00,NS,0.9377068412101336,0.06229315878986641,forest,loso
4u_1636_536,4U 1636-536,92023-01-93-00,NS,0.9291678089640919,0.0708321910359081,forest,loso
4u_1636_536,4U 1636-536,92023-01-94-10,NS,0.9351134147193723,0.06488658528062774,forest,loso
4u_1636_536,4U 1636-536,92023-02-08-00,NS,0.600188146135521,0.39981185386447904,forest,loso
4u_1636_536,4U 1636-536,93087-01-36-10,NS,0.9287016919663593,0.07129830803364068,forest,loso
4u_1636_536,4U 1636-536,93087-01-36-20,NS,0.9395235705714571,0.06047642942854292,forest,loso
4u_1636_536,4U 1636-536,93087-01-41-00,NS,0.919925503447728,0.08007449655227195,forest,loso
4u_1636_536,4U 1636-536,93087-01-83-10,NS,0.9416466882096554,0.05835331179034464,forest,loso
4u_1636_536,4U 1636-536,93087-01-87-00,NS,0.9269435329066736,0.07305646709332636,forest,loso
4u_1636_536,4U 1636-536,94087-01-10-00,NS,0.9033163086775378,0.09668369132246224,forest,loso
4u_1636_536,4U 1636-536,94087-01-47-10,NS,0.9395235705714571,0.06047642942854292,forest,loso
4u_1636_536,4U 1636-536,94087-01-49-00,NS,0.9006070910481163,0.09939290895188369,forest,loso
4u_1636_536,4U 1636-536,94087-01-94-00,NS,0.9291678089640919,0.0708321910359081,forest,loso
4u_1636_536,4U 1636-536,95087-01-15-00,NS,0.5805113678207351,0.4194886321792649,forest,loso
4u_1636_536,4U 1636-536,95087-01-15-10,NS,0.8641804506139336,0.13581954938606644,forest,loso
4u_1636_536,4U 1636-536,95087-01-71-00,NS,0.6579569094041292,0.3420430905958708,forest,loso
4u_1636_536,4U 1636-536,96087-01-25-00,NS,0.9443672621867738,0.055632737813226196,forest,loso
4u_1636_536,4U 1636-536,96087-01-28-10,NS,0.8955059744705359,0.10449402552946407,forest,loso
4u_1636_536,4U 1636-536,96087-01-77-00,NS,0.8093210569955103,0.19067894300448973,forest,loso
4u_1636_536,4U 1636-536,96087-01-84-10,NS,0.7468377747304418,0.2531622252695582,forest,loso
4u_1702_429,4U 1702-429,20084-02-01-00,NS,0.9294075779710045,0.07059242202899552,forest,loso
4u_1702_429,4U 1702-429,20084-02-01-03,NS,0.9398049691806156,0.060195030819384376,forest,loso
4u_1702_429,4U 1702-429,20084-02-02-01,NS,0.9398049691806156,0.060195030819384376,forest,loso
4u_1702_429,4U 1702-429,40025-04-01-01,NS,0.916333871366699,0.08366612863330103,forest,loso
4u_1702_429,4U 1702-429,40025-04-02-00,NS,0.8534335269634777,0.14656647303652226,forest,loso
4u_1702_429,4U 1702-429,40025-04-03-01,NS,0.8880109121292169,0.1119890878707831,forest,loso
4u_1702_429,4U 1702-429,40025-04-03-03,NS,0.9084732997169492,0.09152670028305077,forest,loso
4u_1702_429,4U 1702-429,50025-01-01-01,NS,0.8436215247750356,0.1563784752249644,forest,loso
4u_1702_429,4U 1702-429,50025-01-01-05,NS,0.8507604381203392,0.1492395618796608,forest,loso
4u_1702_429,4U 1702-429,50025-01-01-07,NS,0.8787482931870436,0.12125170681295638,forest,loso
4u_1702_429,4U 1702-429,50030-01-01-03,NS,0.9074837163836159,0.09251628361638409,forest,loso
4u_1702_429,4U 1702-429,50030-01-01-05,NS,0.9074837163836159,0.09251628361638409,forest,loso
4u_1702_429,4U 1702-429,50030-01-01-07,NS,0.9070131281483218,0.0929868718516782,forest,loso
4u_1702_429,4U 1702-429,50030-01-02-00,NS,0.9294075779710045,0.07059242202899552,forest,loso
4u_1702_429,4U 1702-429,50030-01-03-02,NS,0.5358888318284981,0.4641111681715019,forest,loso
4u_1702_429,4U 1702-429,50030-01-05-00,NS,0.5931457464589613,0.40685425354103866,forest,loso
4u_1702_429,4U 1702-429,50030-01-06-00,NS,0.8956571577693865,0.10434284223061352,forest,loso
4u_1702_429,4U 1702-429,50030-01-07-00,NS,0.8998053130199266,0.10019468698007339,forest,loso
4u_1702_429,4U 1702-429,50030-01-09-01,NS,0.8481813543449068,0.15181864565509318,forest,loso
4u_1702_429,4U 1702-429,50030-01-09-02,NS,0.8490734157411769,0.1509265842588231,forest,loso
4u_1702_429,4U 1702-429,50030-01-09-04,NS,0.8437827803698622,0.1562172196301378,forest,loso
4u_1702_429,4U 1702-429,50030-01-10-00,NS,0.5965641227707824,0.4034358772292176,forest,loso
4u_1702_429,4U 1702-429,50030-01-10-02,NS,0.5824094846065827,0.4175905153934173,forest,loso
4u_1702_429,4U 1702-429,50030-01-11-01,NS,0.9315947732911214,0.06840522670887861,forest,loso
4u_1702_429,4U 1702-429,50030-01-11-02,NS,0.9028365073158267,0.09716349268417335,forest,loso
4u_1702_429,4U 1702-429,50030-01-13-01,NS,0.7525208518081243,0.24747914819187566,forest,loso
4u_1702_429,4U 1702-429,50030-01-14-02,NS,0.9286412291971625,0.07135877080283748,forest,loso
4u_1702_429,4U 1702-429,50030-01-14-03,NS,0.9322488478122744,0.06775115218772565,forest,loso
4u_1702_429,4U 1702-429,94415-01-01-01,NS,0.9028365073158267,0.09716349268417335,forest,loso
4u_1702_429,4U 1702-429,94415-01-02-01,NS,0.959557717673749,0.04044228232625102,forest,loso
4u_1705_44,4U 1705-44,70038-01-01-00,NS,0.8518222905338538,0.14817770946614617,forest,loso
4u_1705_44,4U 1705-44,91039-01-01-10,NS,0.9313143473784841,0.06868565262151594,forest,loso
4u_1705_44,4U 1705-44,91039-01-01-50,NS,0.5102576211669441,0.48974237883305594,forest,loso
4u_1705_44,4U 1705-44,91039-01-02-30,NS,0.9360437686209748,0.06395623137902517,forest,loso
4u_1705_44,4U 1705-44,91039-01-02-61,NS,0.9029515562137044,0.09704844378629562,forest,loso
4u_1705_44,4U 1705-44,91039-01-03-33,NS,0.8485161527841519,0.15148384721584807,forest,loso
4u_1705_44,4U 1705-44,93060-01-01-10,NS,0.9340656307078001,0.06593436929219987,forest,loso
4u_1705_44,4U 1705-44,93060-01-10-00,NS,0.6305526886502685,0.3694473113497315,forest,loso
4u_1705_44,4U 1705-44,93060-01-14-10,NS,0.9489564072892204,0.05104359271077963,forest,loso
4u_1705_44,4U 1705-44,93060-01-22-00,NS,0.9386271974170238,0.06137280258297617,forest,loso
4u_1705_44,4U 1705-44,93060-01-28-10,NS,0.9029515562137044,0.09704844378629562,forest,loso
4u_1705_44,4U 1705-44,93060-01-35-00,NS,0.9541929264400949,0.0458070735599051,forest,loso
4u_1705_44,4U 1705-44,93060-01-58-00,NS,0.8476144666663507,0.15238553333364935,forest,loso
4u_1705_44,4U 1705-44,93060-01-71-00,NS,0.8991287563070253,0.10087124369297473,forest,loso
4u_1705_44,4U 1705-44,93060-01-85-00,NS,0.9223290407869996,0.07767095921300038,forest,loso
4u_1705_44,4U 1705-44,94060-01-02-00,NS,0.9421683741366751,0.05783162586332491,forest,loso
4u_1705_44,4U 1705-44,94060-01-15-00,NS,0.7966559970412996,0.20334400295870037,forest,loso
4u_1705_44,4U 1705-44,94060-01-30-00,NS,0.9355673843329115,0.06443261566708847,forest,loso
4u_1705_44,4U 1705-44,94060-01-46-00,NS,0.9272118099473745,0.07278819005262549,forest,loso
4u_1705_44,4U 1705-44,94060-01-61-00,NS,0.9412232885116797,0.05877671148832031,forest,loso
4u_1705_44,4U 1705-44,95060-01-07-00,NS,0.9327791176396822,0.06722088236031776,forest,loso
4u_1705_44,4U 1705-44,95060-01-22-00,NS,0.9081459249884557,0.0918540750115443,forest,loso
4u_1705_44,4U 1705-44,95060-01-36-00,NS,0.7988989360238627,0.20110106397613725,forest,loso
4u_1705_44,4U 1705-44,95060-01-50-00,NS,0.9105252452889271,0.08947475471107291,forest,loso
4u_1705_44,4U 1705-44,95060-01-63-00,NS,0.9449853548511501,0.055014645148849906,forest,loso
4u_1705_44,4U 1705-44,95060-01-77-00,NS,0.9368857994303792,0.0631142005696208,forest,loso
4u_1705_44,4U 1705-44,96060-01-10-00,NS,0.9490564072892204,0.05094359271077964,forest,loso
4u_1705_44,4U 1705-44,96060-01-23-00,NS,0.9490564072892204,0.05094359271077964,forest,loso
4u_1705_44,4U 1705-44,96060-01-36-00,NS,0.8181262659134078,0.18187373408659224,forest,loso
4u_1705_44,4U 1705-44,96060-01-51-00,NS,0.9489564072892204,0.05104359271077963,forest,loso
4u_1705_44,4U 1705-44,96060-01-65-00,NS,0.9354408184827936,0.06455918151720641,forest,loso
4u_1705_44,4U 1705-44,96060-01-78-00,NS,0.9522823681335701,0.047717631866429855,forest,loso
4u_1728_34,4U 1728-34,10410-01-01-00,NS,0.9222884393417736,0.07771156065822638,forest,loso
4u_1728_34,4U 1728-34,30042-03-02-00,NS,0.8945743409776477,0.10542565902235235,forest,loso
4u_1728_34,4U 1728-34,30042-03-08-00,NS,0.0248989898989899,0.9751010101010101,forest,loso
4u_1728_34,4U 1728-34,30042-03-17-00,NS,0.2254728612753129,0.774527138724687,forest,loso
4u_1728_34,4U 1728-34,40019-03-01-02,NS,0.8050942263262552,0.19490577367374484,forest,loso
4u_1728_34,4U 1728-34,40027-06-01-02,NS,0.8106324207706996,0.18936757922930036,forest,loso
4u_1728_34,4U 1728-34,40027-08-02-02,NS,0.6684000477394898,0.3315999522605102,forest,loso
4u_1728_34,4U 1728-34,40033-06-02-05,NS,0.5816396070521505,0.41836039294784955,forest,loso
4u_1728_34,4U 1728-34,50023-01-19-00,NS,0.8106324207706996,0.18936757922930036,forest,loso
4u_1728_34,4U 1728-34,50023-01-31-00,NS,0.8095386707706996,0.19046132922930037,forest,loso
4u_1728_34,4U 1728-34,50029-23-01-00,NS,0.7798794072188407,0.22012059278115925,forest,loso
4u_1728_34,4U 1728-34,50030-03-05-01,NS,0.44511670507849926,0.5548832949215008,forest,loso
4u_1728_34,4U 1728-34,50030-03-08-00,NS,0.9416071588426085,0.05839284115739152,forest,loso
4u_1728_34,4U 1728-34,70028-01-01-08,NS,0.784890630041104,0.21510936995889596,forest,loso
4u_1728_34,4U 1728-34,91023-01-02-00,NS,0.9234277150966083,0.07657228490339174,forest,loso
4u_1728_34,4U 1728-34,92023-03-07-00,NS,0.9260658655724241,0.0739341344275759,forest,loso
4u_1728_34,4U 1728-34,92023-03-09-10,NS,0.9232298723372645,0.0767701276627355,forest,loso
4u_1728_34,4U 1728-34,92023-03-22-00,NS,0.9303849472887096,0.06961505271129043,forest,loso
4u_1728_34,4U 1728-34,92023-03-22-10,NS,0.43411922550775905,0.565880774492241,forest,loso
4u_1728_34,4U 1728-34,92023-03-33-00,NS,0.9199491028397575,0.0800508971602425,forest,loso
4u_1728_34,4U 1728-34,92023-03-33-10,NS,0.8207071751669048,0.17929282483309517,forest,loso
4u_1728_34,4U 1728-34,92023-03-46-10,NS,0.7602182629269112,0.2397817370730888,forest,loso
4u_1728_34,4U 1728-34,92023-03-47-00,NS,0.0248989898989899,0.9751010101010101,forest,loso
4u_1728_34,4U 1728-34,92023-03-52-00,NS,0.9392583011802222,0.060741698819777756,forest,loso
4u_1728_34,4U 1728-34,92023-03-59-10,NS,0.8885627406429983,0.11143725935700166,forest,loso
4u_1728_34,4U 1728-34,92023-03-68-00,NS,0.8181356868395023,0.18186431316049767,forest,loso
4u_1728_34,4U 1728-34,92023-03-74-10,NS,0.8909048889759592,0.10909511102404079,forest,loso
4u_1728_34,4U 1728-34,92023-03-81-00,NS,0.8992343021291892,0.1007656978708108,forest,loso
4u_1728_34,4U 1728-34,92023-03-88-10,NS,0.7497647625431437,0.2502352374568563,forest,loso
4u_1728_34,4U 1728-34,92023-03-94-00,NS,0.3066440446238219,0.6933559553761781,forest,loso
4u_1728_34,4U 1728-34,96322-01-02-01,NS,0.8377670983864967,0.16223290161350334,forest,loso
4u_1728_34,4U 1728-34,96322-01-05-00,NS,0.31334291230161404,0.686657087698386,forest,loso
4u_1735_444,4U 1735-444,20084-01-01-00,NS,0.9407887234324761,0.059211276567523896,forest,loso
4u_1735_444,4U 1735-444,20084-01-02-03,NS,0.9206751126690261,0.07932488733097387,forest,loso
4u_1735_444,4U 1735-444,40030-02-04-00,NS,0.9325176542923557,0.06748234570764433,forest,loso
4u_1735_444,4U 1735-444,40030-02-09-01,NS,0.9369313798006635,0.06306862019933646,forest,loso
4u_1735_444,4U 1735-444,40033-07-01-04,NS,0.9371277392399796,0.0628722607600204,forest,loso
4u_1735_444,4U 1735-444,50025-02-01-01,NS,0.9129236329096085,0.08707636709039146,forest,loso
4u_1735_444,4U 1735-444,50025-02-01-06,NS,0.9286698169946648,0.07133018300533522,forest,loso
4u_1735_444,4U 1735-444,50026-01-01-03,NS,0.7475121521101055,0.25248784788989453,forest,loso
4u_1735_444,4U 1735-444,50029-34-01-00,NS,0.9293426563732398,0.07065734362676024,forest,loso
4u_1735_444,4U 1735-444,60042-01-01-01,NS,0.9221825516240446,0.07781744837595539,forest,loso
4u_1735_444,4U 1735-444,91025-01-01-09,NS,0.937408828014219,0.06259117198578101,forest,loso
4u_1735_444,4U 1735-444,91025-01-04-01,NS,0.9387682811833473,0.06123171881665268,forest,loso
4u_1735_444,4U 1735-444,91025-01-04-06,NS,0.7608095465395752,0.23919045346042478,forest,loso
4u_1735_444,4U 1735-444,91025-01-05-06,NS,0.9431730048389564,0.056826995161043614,forest,loso
4u_1735_444,4U 1735-444,91025-01-06-05,NS,0.9138961271732802,0.08610387282671983,forest,loso
4u_1735_444,4U 1735-444,91025-01-08-04,NS,0.9247817396438061,0.07521826035619394,forest,loso
4u_1735_444,4U 1735-444,91025-01-08-05,NS,0.9247817396438061,0.07521826035619394,forest,loso
4u_1735_444,4U 1735-444,91025-01-09-01,NS,0.9243565666334255,0.07564343336657453,forest,loso
4u_1735_444,4U 1735-444,91025-01-09-07,NS,0.9407887234324761,0.059211276567523896,forest,loso
4u_1735_444,4U 1735-444,91025-01-09-18,NS,0.9507784300243033,0.04922156997569671,forest,loso
4u_1735_444,4U 1735-444,91025-01-10-01,NS,0.9480178427854551,0.05198215721454491,forest,loso
4u_1735_444,4U 1735-444,91025-01-11-10,NS,0.9494012435501749,0.050598756449825144,forest,loso
4u_1735_444,4U 1735-444,91025-01-12-00,NS,0.9466760792857969,0.05332392071420311,forest,loso
4u_1735_444,4U 1735-444,91025-01-13-10,NS,0.9414478150380508,0.05855218496194925,forest,loso
4u_1735_444,4U 1735-444,91025-01-16-09,NS,0.9193593626908805,0.08064063730911952,forest,loso
4u_1735_444,4U 1735-444,91152-06-01-10,NS,0.9334429949096201,0.06655700509037987,forest,loso
4u_1735_444,4U 1735-444,91152-06-02-00,NS,0.9236562603454973,0.0763437396545027,forest,loso
4u_1735_444,4U 1735-444,93200-01-01-04,NS,0.9047539117020349,0.0952460882979651,forest,loso
4u_1735_444,4U 1735-444,96325-01-01-03,NS,0.9206751126690261,0.07932488733097387,forest,loso
4u_1735_444,4U 1735-444,96331-01-01-00,NS,0.927802073463134,0.07219792653686596,forest,loso
4u_1735_444,4U 1735-444,96331-01-03-02,NS,0.9138665001885748,0.08613349981142515,forest,loso
4u_1746_37,4U 1746-37,70050-01-01-00,NS,0.8875934678862316,0.11240653211376839,forest,loso
4u_1746_37,4U 1746-37,70050-01-01-01,NS,0.8924374171711258,0.10756258282887421,forest,loso
4u_1746_37,4U 1746-37,70050-01-01-03,NS,0.8911022076651846,0.10889779233481545,forest,loso
4u_1746_37,4U 1746-37,70050-01-01-04,NS,0.8875934678862316,0.11240653211376839,forest,loso
4u_1746_37,4U 1746-37,70050-01-01-05,NS,0.8911022076651846,0.10889779233481545,forest,loso
4u_1746_37,4U 1746-37,70050-01-01-06,NS,0.8911022076651846,0.10889779233481545,forest,loso
4u_1746_37,4U 1746-37,70050-01-01-07,NS,0.8911022076651846,0.10889779233481545,forest,loso
4u_1746_37,4U 1746-37,70050-01-01-08,NS,0.8924374171711258,0.10756258282887421,forest,loso
4u_1746_37,4U 1746-37,70050-01-01-09,NS,0.8875934678862316,0.11240653211376839,forest,loso
4u_1746_37,4U 1746-37,70050-01-01-10,NS,0.8924374171711258,0.10756258282887421,forest,loso
4u_1746_37,4U 1746-37,90044-01-01-00,NS,0.8911022076651846,0.10889779233481545,forest,loso
4u_1746_37,4U 1746-37,90044-01-01-01,NS,0.8911022076651846,0.10889779233481545,forest,loso
4u_1746_37,4U 1746-37,90044-01-02-00,NS,0.8911022076651846,0.10889779233481545,forest,loso
4u_1746_37,4U 1746-37,90044-01-02-01,NS,0.8924374171711258,0.10756258282887421,forest,loso
4u_1746_37,4U 1746-37,90044-01-03-00,NS,0.8875934678862316,0.11240653211376839,forest,loso
4u_1746_37,4U 1746-37,90044-01-04-00,NS,0.8672866927361329,0.1327133072638671,forest,loso
4u_1746_37,4U 1746-37,91037-15-01-00,NS,0.7734649547093342,0.22653504529066582,forest,loso
aql_x_1,Aql X-1,20092-01-02-02,NS,0.9420951670918165,0.05790483290818349,forest,loso
aql_x_1,Aql X-1,20092-01-04-00,NS,0.9420951670918165,0.05790483290818349,forest,loso
aql_x_1,Aql X-1,20098-03-01-00,NS,0.9557365813501764,0.04426341864982364,forest,loso
aql_x_1,Aql X-1,30073-05-01-00,NS,0.9617251506513063,0.03827484934869374,forest,loso
aql_x_1,Aql X-1,30188-03-02-00,NS,0.9581669295233197,0.04183307047668028,forest,loso
aql_x_1,Aql X-1,40033-10-02-07,NS,0.8548681562283937,0.14513184377160626,forest,loso
aql_x_1,Aql X-1,40047-03-03-00,NS,0.9324869845366572,0.06751301546334276,forest,loso
aql_x_1,Aql X-1,40432-01-04-00,NS,0.5674755680154021,0.4325244319845979,forest,loso
aql_x_1,Aql X-1,50049-01-05-01,NS,0.8538104126700358,0.14618958732996423,forest,loso
aql_x_1,Aql X-1,50049-02-08-03,NS,0.9443255832473594,0.05567441675264062,forest,loso
aql_x_1,Aql X-1,50049-02-15-04,NS,0.942930397415906,0.05706960258409399,forest,loso
aql_x_1,Aql X-1,60054-02-01-04,NS,0.6561151508617011,0.34388484913829886,forest,loso
aql_x_1,Aql X-1,70069-03-02-03,NS,0.9412128141506403,0.05878718584935971,forest,loso
aql_x_1,Aql X-1,70069-03-04-08,NS,0.8657089268234608,0.1342910731765392,forest,loso
aql_x_1,Aql X-1,90017-01-07-00,NS,0.5509215675855493,0.44907843241445067,forest,loso
aql_x_1,Aql X-1,90403-01-01-00,NS,0.8545300164242144,0.14546998357578556,forest,loso
aql_x_1,Aql X-1,91028-01-01-00,NS,0.5463959611963055,0.4536040388036945,forest,loso
aql_x_1,Aql X-1,91028-01-22-00,NS,0.7717993074985062,0.22820069250149377,forest,loso
aql_x_1,Aql X-1,91414-01-09-07,NS,0.8527338376561405,0.14726616234385947,forest,loso
aql_x_1,Aql X-1,92034-01-05-06,NS,0.649770342810904,0.35022965718909604,forest,loso
aql_x_1,Aql X-1,93076-01-09-00,NS,0.7749998232604459,0.22500017673955408,forest,loso
aql_x_1,Aql X-1,93405-01-01-01,NS,0.7552408092368403,0.24475919076315966,forest,loso
aql_x_1,Aql X-1,93405-01-05-02,NS,0.7283395952248529,0.2716604047751471,forest,loso
aql_x_1,Aql X-1,94076-01-04-07,NS,0.8523198256373267,0.14768017436267333,forest,loso
aql_x_1,Aql X-1,94441-01-01-02,NS,0.942930397415906,0.05706960258409399,forest,loso
aql_x_1,Aql X-1,95413-01-06-01,NS,0.3427836214803677,0.6572163785196323,forest,loso
aql_x_1,Aql X-1,96440-01-02-00,NS,0.8196775661266181,0.18032243387338187,forest,loso
aql_x_1,Aql X-1,96440-01-05-04,NS,0.828418017329588,0.17158198267041203,forest,loso
aql_x_1,Aql X-1,96440-01-08-06,NS,0.919404490357376,0.08059550964262396,forest,loso
cyg_x_2,Cyg X-2,20053-04-01-01,NS,0.9064068014214834,0.09359319857851656,forest,loso
cyg_x_2,Cyg X-2,30046-01-03-00,NS,0.7849372736163082,0.21506272638369184,forest,loso
cyg_x_2,Cyg X-2,40017-02-02-02,NS,0.8302508908466477,0.16974910915335228,forest,loso
cyg_x_2,Cyg X-2,40017-02-12-00,NS,0.8515674599262862,0.14843254007371376,forest,loso
cyg_x_2,Cyg X-2,40017-02-16-06,NS,0.8256948811078533,0.17430511889214673,forest,loso
cyg_x_2,Cyg X-2,40019-04-04-00,NS,0.908094857562563,0.09190514243743697,forest,loso
cyg_x_2,Cyg X-2,60417-01-01-00,NS,0.9217675133794624,0.07823248662053761,forest,loso
cyg_x_2,Cyg X-2,70014-02-02-00,NS,0.5537402491023586,0.44625975089764136,forest,loso
cyg_x_2,Cyg X-2,70018-03-03-00,NS,0.8343514424525756,0.16564855754742436,forest,loso
cyg_x_2,Cyg X-2,90030-01-03-10,NS,0.9164273611693804,0.0835726388306196,forest,loso
cyg_x_2,Cyg X-2,90030-01-08-00,NS,0.7710648309990961,0.22893516900090394,forest,loso
cyg_x_2,Cyg X-2,90030-01-24-00,NS,0.8595838731417065,0.14041612685829352,forest,loso
cyg_x_2,Cyg X-2,90030-01-41-00,NS,0.9139168351033178,0.08608316489668222,forest,loso
cyg_x_2,Cyg X-2,90030-01-53-00,NS,0.6469466503172535,0.3530533496827465,forest,loso
cyg_x_2,Cyg X-2,90030-01-67-00,NS,0.9211489223307322,0.0788510776692678,forest,loso
cyg_x_2,Cyg X-2,90030-01-81-00,NS,0.8149777346481553,0.18502226535184474,forest,loso
cyg_x_2,Cyg X-2,90030-01-95-00,NS,0.8177557744451641,0.18224422555483588,forest,loso
cyg_x_2,Cyg X-2,91009-01-06-00,NS,0.8288898030661617,0.17111019693383833,forest,loso
cyg_x_2,Cyg X-2,91009-01-24-00,NS,0.8834675738733887,0.1165324261266113,forest,loso
cyg_x_2,Cyg X-2,91009-01-38-00,NS,0.9342302157679678,0.06576978423203217,forest,loso
cyg_x_2,Cyg X-2,91010-01-01-05,NS,0.9121791070995603,0.0878208929004397,forest,loso
cyg_x_2,Cyg X-2,92038-01-05-01,NS,0.9202644421185237,0.07973555788147635,forest,loso
cyg_x_2,Cyg X-2,92038-01-10-02,NS,0.8496909968928782,0.1503090031071218,forest,loso
cyg_x_2,Cyg X-2,92039-01-02-03,NS,0.8669912027361424,0.13300879726385761,forest,loso
cyg_x_2,Cyg X-2,93082-02-04-02,NS,0.9339426951522449,0.06605730484775507,forest,loso
cyg_x_2,Cyg X-2,93443-01-01-13,NS,0.9149716690172711,0.08502833098272888,forest,loso
cyg_x_2,Cyg X-2,95345-01-32-00,NS,0.8553692514079632,0.14463074859203684,forest,loso
cyg_x_2,Cyg X-2,95345-01-42-00,NS,0.8718691579226134,0.12813084207738656,forest,loso
gs_1354_64,GS 1354-64,20431-01-03-00,BH,0.05330868907609777,0.9466913109239022,forest,loso
gs_1354_64,GS 1354-64,20431-01-04-00,BH,0.09343716708324828,0.9065628329167517,forest,loso
gs_1354_64,GS 1354-64,20431-01-05-00,BH,0.2561133236515092,0.7438866763484908,forest,loso
gs_1354_64,GS 1354-64,30401-01-01-00,BH,0.7601427178256198,0.23985728217438018,forest,loso
gs_1354_64,GS 1354-64,30401-01-02-00,BH,0.7592098576366788,0.2407901423633212,forest,loso
gs_1354_64,GS 1354-64,30401-01-03-00,BH,0.7541748226016439,0.24582517739835608,forest,loso
gs_1354_64,GS 1354-64,30401-01-04-00,BH,0.6908162589370592,0.3091837410629408,forest,loso
gx_339_4,GX 339-4,10420-01-01-00,BH,0.16316837033575218,0.8368316296642478,forest,loso
gx_339_4,GX 339-4,40031-03-03-00,BH,0.7825892168794149,0.21741078312058515,forest,loso
gx_339_4,GX 339-4,40108-01-04-00,BH,0.55845386357666,0.44154613642333995,forest,loso
gx_339_4,GX 339-4,60705-01-56-00,BH,0.8178004430116254,0.18219955698837464,forest,loso
gx_339_4,GX 339-4,60705-01-69-00,BH,0.41967740560093497,0.5803225943990651,forest,loso
gx_339_4,GX 339-4,60705-01-80-00,BH,0.7053691326019519,0.2946308673980481,forest,loso
gx_339_4,GX 339-4,70109-01-28-00,BH,0.5083158477348487,0.4916841522651513,forest,loso
gx_339_4,GX 339-4,80102-04-57-01,BH,0.7520266106273721,0.24797338937262792,forest,loso
gx_339_4,GX 339-4,80132-01-15-00,BH,0.07519388911741853,0.9248061108825815,forest,loso
gx_339_4,GX 339-4,90019-01-02-00,BH,0.5596269418278242,0.44037305817217576,forest,loso
gx_339_4,GX 339-4,91105-04-08-00,BH,0.7272337637955023,0.2727662362044977,forest,loso
gx_339_4,GX 339-4,92035-01-02-06,BH,0.0339228255404726,0.9660771744595273,forest,loso
gx_339_4,GX 339-4,92085-02-01-00,BH,0.8749443144067314,0.12505568559326863,forest,loso
gx_339_4,GX 339-4,92704-03-11-00,BH,0.8932078046734192,0.1067921953265808,forest,loso
gx_339_4,GX 339-4,92704-03-32-00,BH,0.7478171968058738,0.2521828031941262,forest,loso
gx_339_4,GX 339-4,93076-08-02-00,BH,0.7995706229504843,0.2004293770495157,forest,loso
gx_339_4,GX 339-4,93409-01-04-01,BH,0.525694359195028,0.47430564080497195,forest,loso
gx_339_4,GX 339-4,95409-01-07-01,BH,0.08069388911741854,0.9193061108825815,forest,loso
gx_339_4,GX 339-4,95409-01-15-01,BH,0.03384803921568627,0.9661519607843138,forest,loso
gx_339_4,GX 339-4,95409-01-21-00,BH,0.4944721281720904,0.5055278718279096,forest,loso
gx_339_4,GX 339-4,95409-01-38-01,BH,0.49167562869472675,0.5083243713052732,forest,loso
gx_339_4,GX 339-4,96409-01-02-03,BH,0.7826740837081969,0.2173259162918031,forest,loso
hete_j1900_1_2455,HETE J1900.1-2455,91015-01-01-00,NS,0.832158236207043,0.167841763792957,forest,loso
hete_j1900_1_2455,HETE J1900.1-2455,91015-01-04-07,NS,0.7217729129333977,0.27822708706660226,forest,loso
hete_j1900_1_2455,HETE J1900.1-2455,91015-01-07-01,NS,0.8435476737034868,0.15645232629651318,forest,loso
hete_j1900_1_2455,HETE J1900.1-2455,91057-01-03-01,NS,0.7308759720871949,0.2691240279128051,forest,loso
hete_j1900_1_2455,HETE J1900.1-2455,91057-01-05-04,NS,0.8370687424782325,0.16293125752176751,forest,loso
hete_j1900_1_2455,HETE J1900.1-2455,91057-01-08-00,NS,0.7394484060763932,0.26055159392360683,forest,loso
hete_j1900_1_2455,HETE J1900.1-2455,91057-01-11-00,NS,0.8393520294405654,0.16064797055943458,forest,loso
hete_j1900_1_2455,HETE J1900.1-2455,91059-03-03-00,NS,0.8283383781696639,0.17166162183033606,forest,loso
hete_j1900_1_2455,HETE J1900.1-2455,92049-01-04-00,NS,0.7200493873054981,0.27995061269450194,forest,loso
hete_j1900_1_2455,HETE J1900.1-2455,92049-01-14-00,NS,0.8490854548546396,0.1509145451453604,forest,loso
hete_j1900_1_2455,HETE J1900.1-2455,92049-01-26-00,NS,0.7740568476338845,0.2259431523661155,forest,loso
hete_j1900_1_2455,HETE J1900.1-2455,92049-01-37-00,NS,0.7848709431592233,0.21512905684077666,forest,loso
hete_j1900_1_2455,HETE J1900.1-2455,92049-01-49-00,NS,0.9010759512274039,0.09892404877259608,forest,loso
hete_j1900_1_2455,HETE J1900.1-2455,93030-01-03-00,NS,0.7573502161812071,0.24264978381879287,forest,loso
hete_j1900_1_2455,HETE J1900.1-2455,93030-01-15-00,NS,0.41975375236994206,0.5802462476300579,forest,loso
hete_j1900_1_2455,HETE J1900.1-2455,93030-01-25-01,NS,0.6043933558286542,0.39560664417134583,forest,loso
hete_j1900_1_2455,HETE J1900.1-2455,93030-01-37-00,NS,0.836791660154888,0.16320833984511196,forest,loso
hete_j1900_1_2455,HETE J1900.1-2455,93030-01-48-00,NS,0.8222880204430387,0.17771197955696127,forest,loso
hete_j1900_1_2455,HETE J1900.1-2455,93451-01-01-00,NS,0.7291494538593004,0.2708505461406996,forest,loso
hete_j1900_1_2455,HETE J1900.1-2455,94030-01-04-00,NS,0.9160629457655685,0.08393705423443154,forest,loso
hete_j1900_1_2455,HETE J1900.1-2455,94030-01-12-00,NS,0.8972866929857575,0.10271330701424253,forest,loso
hete_j1900_1_2455,HETE J1900.1-2455,94030-01-24-00,NS,0.7358530827852181,0.2641469172147819,forest,loso
hete_j1900_1_2455,HETE J1900.1-2455,94030-01-37-00,NS,0.7808049307296417,0.21919506927035826,forest,loso
hete_j1900_1_2455,HETE J1900.1-2455,95030-01-05-00,NS,0.9068735415888498,0.09312645841115019,forest,loso
hete_j1900_1_2455,HETE J1900.1-2455,95030-01-16-00,NS,0.7922128934781014,0.20778710652189858,forest,loso
hete_j1900_1_2455,HETE J1900.1-2455,95030-01-27-00,NS,0.8392365968111513,0.16076340318884874,forest,loso
hete_j1900_1_2455,HETE J1900.1-2455,95030-01-40-00,NS,0.786779763108008,0.213220236891992,forest,loso
hete_j1900_1_2455,HETE J1900.1-2455,96030-01-07-00,NS,0.7721651198124887,0.2278348801875113,forest,loso
hete_j1900_1_2455,HETE J1900.1-2455,96030-01-20-00,NS,0.7904161267443716,0.20958387325562844,forest,loso
hete_j1900_1_2455,HETE J1900.1-2455,96030-01-32-00,NS,0.7871081377636554,0.2128918622363446,forest,loso
igr_j00291_5934,IGR J00291+5934,90052-03-01-00,NS,0.4174146181056186,0.5825853818943814,forest,loso
igr_j00291_5934,IGR J00291+5934,90425-01-01-13,NS,0.8047463101705428,0.19525368982945723,forest,loso
igr_j00291_5934,IGR J00291+5934,90425-01-02-14,NS,0.6813104140388059,0.3186895859611941,forest,loso
igr_j00291_5934,IGR J00291+5934,93013-07-06-02,NS,0.7054362285355466,0.29456377146445345,forest,loso
igr_j00291_5934,IGR J00291+5934,93013-07-18-00,NS,0.8268673578189976,0.17313264218100244,forest,loso
ks_1731_260,KS 1731-260,10416-01-01-00,NS,0.9576346427025446,0.042365357297455386,forest,loso
ks_1731_260,KS 1731-260,10416-01-03-00,NS,0.9523433711303986,0.047656628869601425,forest,loso
ks_1731_260,KS 1731-260,30061-01-01-00,NS,0.9592132500193535,0.040786749980646464,forest,loso
ks_1731_260,KS 1731-260,30061-01-01-02,NS,0.9592132500193535,0.040786749980646464,forest,loso
ks_1731_260,KS 1731-260,30061-01-01-04,NS,0.9592132500193535,0.040786749980646464,forest,loso
ks_1731_260,KS 1731-260,30061-01-02-01,NS,0.6261147986686041,0.3738852013313959,forest,loso
ks_1731_260,KS 1731-260,30061-01-02-03,NS,0.6585999222124346,0.3414000777875654,forest,loso
ks_1731_260,KS 1731-260,30061-01-02-06,NS,0.6751907906794721,0.3248092093205279,forest,loso
ks_1731_260,KS 1731-260,30061-01-03-00,NS,0.9399348390568167,0.06006516094318326,forest,loso
ks_1731_260,KS 1731-260,30061-01-03-01,NS,0.9526111187095054,0.04738888129049457,forest,loso
ks_1731_260,KS 1731-260,30061-01-04-00,NS,0.9592132500193535,0.040786749980646464,forest,loso
ks_1731_260,KS 1731-260,30061-01-04-02,NS,0.9592132500193535,0.040786749980646464,forest,loso
ks_1731_260,KS 1731-260,50031-02-01-01,NS,0.7682696729808767,0.23173032701912333,forest,loso
ks_1731_260,KS 1731-260,50031-02-01-03,NS,0.803736629196791,0.196263370803209,forest,loso
ks_1731_260,KS 1731-260,50031-02-01-05,NS,0.8237792357130818,0.17622076428691824,forest,loso
ks_1731_260,KS 1731-260,50031-02-01-09,NS,0.8358441522095374,0.16415584779046255,forest,loso
ks_1731_260,KS 1731-260,50031-02-01-11,NS,0.8215783065609331,0.1784216934390669,forest,loso
ks_1731_260,KS 1731-260,50031-02-02-02,NS,0.7170478239042111,0.28295217609578893,forest,loso
ks_1731_260,KS 1731-260,50031-02-02-04,NS,0.7119850533414404,0.28801494665855965,forest,loso
ks_1731_260,KS 1731-260,50031-02-02-06,NS,0.7241437835001705,0.2758562164998295,forest,loso
ks_1731_260,KS 1731-260,50031-02-02-07,NS,0.6449816276281081,0.35501837237189193,forest,loso
ks_1731_260,KS 1731-260,50031-02-03-00,NS,0.7276850376902831,0.27231496230971686,forest,loso
ks_1731_260,KS 1731-260,50031-02-03-06,NS,0.7126342173525111,0.2873657826474889,forest,loso
ks_1731_260,KS 1731-260,50031-02-03-07,NS,0.69192241048293,0.30807758951707,forest,loso
ks_1731_260,KS 1731-260,50031-02-03-08,NS,0.7311749338146433,0.26882506618535673,forest,loso
mxb_1658_298,MXB 1658-298,40050-04-05-00,NS,0.9055922205567488,0.09440777944325118,forest,loso
mxb_1658_298,MXB 1658-298,40050-04-05-02,NS,0.9066182140101436,0.09338178598985636,forest,loso
mxb_1658_298,MXB 1658-298,40414-01-01-00,NS,0.8980268361531977,0.10197316384680233,forest,loso
mxb_1658_298,MXB 1658-298,40414-01-02-00,NS,0.8019934860339799,0.1980065139660201,forest,loso
mxb_1658_298,MXB 1658-298,40414-01-04-00,NS,0.6515277385243184,0.34847226147568156,forest,loso
mxb_1658_298,MXB 1658-298,40414-01-06-00,NS,0.75593379376656,0.24406620623344,forest,loso
mxb_1658_298,MXB 1658-298,40414-01-08-00,NS,0.7403497139003847,0.25965028609961527,forest,loso
mxb_1658_298,MXB 1658-298,40414-01-14-00,NS,0.7349928208154874,0.26500717918451255,forest,loso
mxb_1658_298,MXB 1658-298,40414-01-15-00,NS,0.7093980727372768,0.29060192726272316,forest,loso
mxb_1658_298,MXB 1658-298,50410-01-02-00,NS,0.7177101050898779,0.28228989491012213,forest,loso
mxb_1658_298,MXB 1658-298,50410-01-03-00,NS,0.8280003866061388,0.17199961339386116,forest,loso
mxb_1658_298,MXB 1658-298,50410-01-05-00,NS,0.7625980721394398,0.23740192786056025,forest,loso
mxb_1658_298,MXB 1658-298,50410-01-07-00,NS,0.6927686607535186,0.3072313392464814,forest,loso
mxb_1658_298,MXB 1658-298,50410-01-09-00,NS,0.6999135249337606,0.3000864750662394,forest,loso
mxb_1658_298,MXB 1658-298,60048-01-02-00,NS,0.7312372233626698,0.26876277663733017,forest,loso
mxb_1658_298,MXB 1658-298,60048-01-04-00,NS,0.7150316220841333,0.2849683779158667,forest,loso
mxb_1658_298,MXB 1658-298,60048-01-05-00,NS,0.8215548702085126,0.1784451297914874,forest,loso
mxb_1658_298,MXB 1658-298,60048-02-01-00,NS,0.8980268361531977,0.10197316384680233,forest,loso
mxb_1658_298,MXB 1658-298,60048-02-03-00,NS,0.7793262582421387,0.22067374175786125,forest,loso
mxb_1658_298,MXB 1658-298,60048-02-05-00,NS,0.7641392027891202,0.23586079721087982,forest,loso
mxb_1658_298,MXB 1658-298,60048-03-02-00,NS,0.8978749024515402,0.10212509754845978,forest,loso
mxb_1658_298,MXB 1658-298,60048-03-03-00,NS,0.8960738271827229,0.10392617281727712,forest,loso
mxb_1658_298,MXB 1658-298,60048-03-05-00,NS,0.8960738271827229,0.10392617281727712,forest,loso
mxb_1658_298,MXB 1658-298,60048-04-02-00,NS,0.7441205261686693,0.2558794738313307,forest,loso
mxb_1658_298,MXB 1658-298,60419-01-01-00,NS,0.5535339402563555,0.4464660597436445,forest,loso
sax_j1750_8_2900,SAX J1750.8-2900,60035-01-02-01,NS,0.7572611278029234,0.24273887219707657,forest,loso
sax_j1750_8_2900,SAX J1750.8-2900,60084-03-01-02,NS,0.9279235914484356,0.07207640855156439,forest,loso
sax_j1750_8_2900,SAX J1750.8-2900,60084-03-02-00,NS,0.9480794480561536,0.05192055194384637,forest,loso
sax_j1750_8_2900,SAX J1750.8-2900,60117-01-01-00,NS,0.8121864377907206,0.18781356220927936,forest,loso
sax_j1750_8_2900,SAX J1750.8-2900,93044-08-02-00,NS,0.8692370943837443,0.1307629056162557,forest,loso
sax_j1750_8_2900,SAX J1750.8-2900,93044-08-05-00,NS,0.9319963780897065,0.06800362191029352,forest,loso
sax_j1750_8_2900,SAX J1750.8-2900,93044-08-08-01,NS,0.71824798949603,0.28175201050397003,forest,loso
sax_j1750_8_2900,SAX J1750.8-2900,93432-01-01-01,NS,0.8704444328609141,0.1295555671390859,forest,loso
sax_j1750_8_2900,SAX J1750.8-2900,93432-01-02-00,NS,0.8422200290100755,0.15777997098992447,forest,loso
sax_j1750_8_2900,SAX J1750.8-2900,93432-01-02-05,NS,0.8135155171776408,0.1864844828223592,forest,loso
sax_j1750_8_2900,SAX J1750.8-2900,93432-01-03-01,NS,0.8427430649437245,0.15725693505627547,forest,loso
sax_j1750_8_2900,SAX J1750.8-2900,93432-01-03-05,NS,0.8296421397903271,0.17035786020967292,forest,loso
sax_j1750_8_2900,SAX J1750.8-2900,93432-01-04-02,NS,0.6514345482950743,0.3485654517049257,forest,loso
sax_j1750_8_2900,SAX J1750.8-2900,93432-01-05-02,NS,0.7895741957257145,0.21042580427428548,forest,loso
sax_j1750_8_2900,SAX J1750.8-2900,93432-01-06-00,NS,0.8776074590066645,0.12239254099333552,forest,loso
sax_j1750_8_2900,SAX J1750.8-2900,93432-01-06-03,NS,0.9073644060718568,0.09263559392814325,forest,loso
sax_j1750_8_2900,SAX J1750.8-2900,93432-01-07-00,NS,0.9159633114112934,0.08403668858870661,forest,loso
sax_j1750_8_2900,SAX J1750.8-2900,93432-01-07-04,NS,0.9434867003364501,0.0565132996635499,forest,loso
sax_j1750_8_2900,SAX J1750.8-2900,93432-01-08-01,NS,0.944763562085319,0.055236437914681025,forest,loso
sax_j1750_8_2900,SAX J1750.8-2900,93432-01-09-03,NS,0.9535431968697492,0.0464568031302508,forest,loso
sax_j1750_8_2900,SAX J1750.8-2900,93432-01-10-01,NS,0.9447614510097274,0.055238548990272585,forest,loso
sax_j1750_8_2900,SAX J1750.8-2900,93432-01-10-04,NS,0.9447253367000864,0.055274663299913596,forest,loso
sax_j1750_8_2900,SAX J1750.8-2900,93432-01-11-02,NS,0.9408654123096256,0.059134587690374385,forest,loso
sax_j1750_8_2900,SAX J1750.8-2900,93432-01-11-03,NS,0.952105827925924,0.04789417207407598,forest,loso
sax_j1750_8_2900,SAX J1750.8-2900,93432-01-12-02,NS,0.9322145980161749,0.0677854019838251,forest,loso
sax_j1750_8_2900,SAX J1750.8-2900,93432-01-13-02,NS,0.9075282586923737,0.09247174130762625,forest,loso
sax_j1750_8_2900,SAX J1750.8-2900,93432-01-14-01,NS,0.8611195524269293,0.13888044757307072,forest,loso
sax_j1750_8_2900,SAX J1750.8-2900,93432-01-14-03,NS,0.8527458471654309,0.1472541528345691,forest,loso
sax_j1750_8_2900,SAX J1750.8-2900,93432-01-15-00,NS,0.8494703946662415,0.15052960533375848,forest,loso
sax_j1750_8_2900,SAX J1750.8-2900,93432-01-16-00,NS,0.8845409027856905,0.11545909721430947,forest,loso
sax_j1750_8_2900,SAX J1750.8-2900,93432-01-16-04,NS,0.8612345173713308,0.13876548262866917,forest,loso
sax_j1750_8_2900,SAX J1750.8-2900,93432-01-17-02,NS,0.8208982456803389,0.17910175431966113,forest,loso
sax_j1806_5_2215,SAX J1806.5-2215,96085-04-01-00,NS,0.7618798126944829,0.2381201873055171,forest,loso
sax_j1806_5_2215,SAX J1806.5-2215,96085-04-02-01,NS,0.7617923008654118,0.23820769913458817,forest,loso
sax_j1806_5_2215,SAX J1806.5-2215,96085-04-03-00,NS,0.8510146899547515,0.1489853100452485,forest,loso
sax_j1806_5_2215,SAX J1806.5-2215,96085-04-03-02,NS,0.8573287828543651,0.1426712171456349,forest,loso
sax_j1806_5_2215,SAX J1806.5-2215,96085-04-03-03,NS,0.846822556209675,0.15317744379032505,forest,loso
sax_j1806_5_2215,SAX J1806.5-2215,96085-04-04-00,NS,0.8605667495136948,0.13943325048630517,forest,loso
sax_j1806_5_2215,SAX J1806.5-2215,96085-04-04-01,NS,0.8605667495136948,0.13943325048630517,forest,loso
sax_j1806_5_2215,SAX J1806.5-2215,96085-04-04-03,NS,0.8647448317054754,0.13525516829452455,forest,loso
sax_j1806_5_2215,SAX J1806.5-2215,96085-04-05-00,NS,0.8769904647382831,0.12300953526171687,forest,loso
sax_j1806_5_2215,SAX J1806.5-2215,96085-04-05-03,NS,0.8760280917181491,0.1239719082818509,forest,loso
sax_j1806_5_2215,SAX J1806.5-2215,96085-04-06-00,NS,0.8941468287802694,0.10585317121973059,forest,loso
sax_j1806_5_2215,SAX J1806.5-2215,96085-04-06-01,NS,0.8866232087061668,0.11337679129383316,forest,loso
sax_j1806_5_2215,SAX J1806.5-2215,96085-04-08-00,NS,0.9009523420344585,0.09904765796554149,forest,loso
sax_j1806_5_2215,SAX J1806.5-2215,96085-04-09-00,NS,0.9084370540162742,0.09156294598372583,forest,loso
sax_j1806_5_2215,SAX J1806.5-2215,96085-04-09-01,NS,0.8730624349751303,0.12693756502486975,forest,loso
sax_j1806_5_2215,SAX J1806.5-2215,96085-04-10-01,NS,0.8686778250263505,0.1313221749736495,forest,loso
sax_j1806_5_2215,SAX J1806.5-2215,96085-04-11-00,NS,0.8876934062457916,0.11230659375420837,forest,loso
sax_j1806_5_2215,SAX J1806.5-2215,96085-04-12-01,NS,0.7465861276898538,0.2534138723101462,forest,loso
sax_j1806_5_2215,SAX J1806.5-2215,96085-04-13-00,NS,0.9069851059643262,0.09301489403567376,forest,loso
sax_j1806_5_2215,SAX J1806.5-2215,96085-04-15-00,NS,0.8415596669730142,0.1584403330269858,forest,loso
sax_j1806_5_2215,SAX J1806.5-2215,96085-04-16-00,NS,0.8482275400835401,0.15177245991645993,forest,loso
sax_j1806_5_2215,SAX J1806.5-2215,96085-04-17-00,NS,0.8793260518949334,0.1206739481050666,forest,loso
sax_j1806_5_2215,SAX J1806.5-2215,96085-04-19-00,NS,0.8578858939684941,0.14211410603150587,forest,loso
sax_j1806_5_2215,SAX J1806.5-2215,96085-04-20-00,NS,0.752629201090087,0.24737079890991298,forest,loso
sax_j1806_5_2215,SAX J1806.5-2215,96085-04-23-00,NS,0.8992892752176561,0.10071072478234389,forest,loso
sax_j1806_5_2215,SAX J1806.5-2215,96085-04-25-00,NS,0.9189751274380815,0.08102487256191848,forest,loso
sax_j1806_5_2215,SAX J1806.5-2215,96085-04-26-00,NS,0.9310173097392798,0.06898269026072024,forest,loso
sax_j1806_5_2215,SAX J1806.5-2215,96085-04-28-00,NS,0.9009523420344585,0.09904765796554149,forest,loso
sax_j1806_5_2215,SAX J1806.5-2215,96085-04-29-00,NS,0.8653287795411028,0.13467122045889723,forest,loso
sax_j1806_5_2215,SAX J1806.5-2215,96085-04-30-00,NS,0.8444794061549807,0.15552059384501926,forest,loso
sax_j1806_5_2215,SAX J1806.5-2215,96085-04-31-00,NS,0.8590851479150778,0.14091485208492216,forest,loso
sax_j1806_5_2215,SAX J1806.5-2215,96085-04-33-00,NS,0.879397682361424,0.12060231763857598,forest,loso
sax_j1808_4_3658,SAX J1808.4-3658,70080-01-02-03,NS,0.7262248748171533,0.27377512518284675,forest,loso
sax_j1808_4_3658,SAX J1808.4-3658,70080-01-02-13,NS,0.780527795798032,0.219472204201968,forest,loso
sax_j1808_4_3658,SAX J1808.4-3658,70080-01-03-12,NS,0.7791616847126345,0.22083831528736553,forest,loso
sax_j1808_4_3658,SAX J1808.4-3658,70080-02-02-35,NS,0.6906489937270842,0.3093510062729158,forest,loso
sax_j1808_4_3658,SAX J1808.4-3658,70080-02-02-36,NS,0.7579741584579252,0.24202584154207485,forest,loso
sax_j1808_4_3658,SAX J1808.4-3658,70080-03-06-00,NS,0.770927589830474,0.22907241016952595,forest,loso
sax_j1808_4_3658,SAX J1808.4-3658,70080-03-20-02,NS,0.64886075366834,0.35113924633166005,forest,loso
sax_j1808_4_3658,SAX J1808.4-3658,70080-03-20-10,NS,0.6238618892466914,0.3761381107533086,forest,loso
sax_j1808_4_3658,SAX J1808.4-3658,91056-01-02-01,NS,0.6171061305814804,0.38289386941851955,forest,loso
sax_j1808_4_3658,SAX J1808.4-3658,91056-01-03-09,NS,0.8612570863779254,0.13874291362207458,forest,loso
sax_j1808_4_3658,SAX J1808.4-3658,91418-01-03-01,NS,0.6656798426835134,0.33432015731648657,forest,loso
sax_j1808_4_3658,SAX J1808.4-3658,93027-01-02-00,NS,0.6320715392589803,0.3679284607410197,forest,loso
sax_j1808_4_3658,SAX J1808.4-3658,96027-01-01-00,NS,0.8103549440056245,0.18964505599437553,forest,loso
sax_j1808_4_3658,SAX J1808.4-3658,96027-01-02-07,NS,0.7592844916651985,0.2407155083348015,forest,loso
sax_j1810_8_2609,SAX J1810.8-2609,93044-02-01-00,NS,0.6314916367890222,0.3685083632109778,forest,loso
sax_j1810_8_2609,SAX J1810.8-2609,93044-02-02-00,NS,0.777158144926627,0.22284185507337295,forest,loso
sax_j1810_8_2609,SAX J1810.8-2609,93044-02-03-00,NS,0.8261642493302783,0.17383575066972168,forest,loso
sax_j1810_8_2609,SAX J1810.8-2609,93044-02-04-00,NS,0.7879882277125193,0.2120117722874807,forest,loso
sax_j1810_8_2609,SAX J1810.8-2609,93044-02-06-00,NS,0.6529073394510806,0.3470926605489194,forest,loso
sax_j1810_8_2609,SAX J1810.8-2609,93044-02-06-01,NS,0.7507886814390864,0.2492113185609136,forest,loso
sax_j1810_8_2609,SAX J1810.8-2609,93044-02-07-00,NS,0.8632678711317971,0.13673212886820285,forest,loso
sax_j1810_8_2609,SAX J1810.8-2609,93044-02-08-00,NS,0.891764532031182,0.108235467968818,forest,loso
sax_j1810_8_2609,SAX J1810.8-2609,93093-01-01-00,NS,0.7766964587885523,0.2233035412114477,forest,loso
sax_j1810_8_2609,SAX J1810.8-2609,93093-01-01-01,NS,0.7959688580521452,0.20403114194785477,forest,loso
sax_j1810_8_2609,SAX J1810.8-2609,93093-01-01-02,NS,0.7978571711661928,0.2021428288338072,forest,loso
sax_j1810_8_2609,SAX J1810.8-2609,93093-01-02-01,NS,0.7872982724386896,0.21270172756131045,forest,loso
sax_j1810_8_2609,SAX J1810.8-2609,93093-01-02-02,NS,0.8012517602606565,0.19874823973934352,forest,loso
sax_j1810_8_2609,SAX J1810.8-2609,93093-01-02-03,NS,0.7822834723703446,0.21771652762965543,forest,loso
sax_j1810_8_2609,SAX J1810.8-2609,93093-01-02-04,NS,0.7707096644667181,0.22929033553328193,forest,loso
sax_j1810_8_2609,SAX J1810.8-2609,93093-01-02-05,NS,0.8328183973717954,0.16718160262820458,forest,loso
sax_j1810_8_2609,SAX J1810.8-2609,93093-01-02-06,NS,0.7646400080656041,0.23535999193439594,forest,loso
sax_j1810_8_2609,SAX J1810.8-2609,93093-01-02-07,NS,0.7993465372174653,0.2006534627825347,forest,loso
sax_j1810_8_2609,SAX J1810.8-2609,93093-01-02-08,NS,0.8305774291784754,0.16942257082152457,forest,loso
sax_j1810_8_2609,SAX J1810.8-2609,93093-01-02-10,NS,0.8122865901074273,0.18771340989257268,forest,loso
sax_j1810_8_2609,SAX J1810.8-2609,93093-01-02-11,NS,0.7867605623540668,0.21323943764593323,forest,loso
sax_j1810_8_2609,SAX J1810.8-2609,93414-01-01-00,NS,0.717647198937588,0.282352801062412,forest,loso
sax_j1810_8_2609,SAX J1810.8-2609,93414-01-01-01,NS,0.729411287954104,0.27058871204589596,forest,loso
sax_j1810_8_2609,SAX J1810.8-2609,93414-01-01-02,NS,0.7878592240860428,0.2121407759139572,forest,loso
sax_j1810_8_2609,SAX J1810.8-2609,93414-01-01-03,NS,0.8198780382342247,0.18012196176577533,forest,loso
sax_j1810_8_2609,SAX J1810.8-2609,93414-01-04-00,NS,0.7500360254941876,0.24996397450581243,forest,loso
sax_j1810_8_2609,SAX J1810.8-2609,93414-01-04-01,NS,0.8268148265171099,0.1731851734828901,forest,loso
sax_j1810_8_2609,SAX J1810.8-2609,93414-01-04-02,NS,0.8373447999645038,0.16265520003549616,forest,loso
sax_j1810_8_2609,SAX J1810.8-2609,93414-01-04-03,NS,0.8416678029620384,0.15833219703796164,forest,loso
sax_j1810_8_2609,SAX J1810.8-2609,93414-01-05-00,NS,0.7553881477550078,0.24461185224499216,forest,loso
sax_j1810_8_2609,SAX J1810.8-2609,93414-01-05-01,NS,0.7492081998864341,0.25079180011356594,forest,loso
slx_1735_269,SLX 1735-269,20089-02-01-00,NS,0.6422296930510728,0.3577703069489272,forest,loso
slx_1735_269,SLX 1735-269,20170-03-01-00,NS,0.7344170268770336,0.2655829731229664,forest,loso
slx_1735_269,SLX 1735-269,20170-03-03-00,NS,0.6044871758826931,0.3955128241173069,forest,loso
slx_1735_269,SLX 1735-269,20170-03-06-00,NS,0.6493220469677793,0.3506779530322207,forest,loso
slx_1735_269,SLX 1735-269,20170-03-08-00,NS,0.7535204904248168,0.24647950957518316,forest,loso
slx_1735_269,SLX 1735-269,20170-03-11-00,NS,0.6579369336225094,0.3420630663774906,forest,loso
slx_1735_269,SLX 1735-269,60034-01-01-03,NS,0.6341219890833252,0.3658780109166748,forest,loso
slx_1735_269,SLX 1735-269,60034-01-01-05,NS,0.6177458322456433,0.3822541677543567,forest,loso
slx_1735_269,SLX 1735-269,60034-01-02-03,NS,0.6345377621348967,0.36546223786510335,forest,loso
slx_1735_269,SLX 1735-269,60034-01-03-00,NS,0.9193990231187393,0.08060097688126067,forest,loso
slx_1735_269,SLX 1735-269,70134-08-01-00,NS,0.743425233313276,0.25657476668672397,forest,loso
slx_1735_269,SLX 1735-269,80138-03-01-00,NS,0.8748425893659945,0.12515741063400554,forest,loso
slx_1735_269,SLX 1735-269,80138-03-04-00,NS,0.6499941707843396,0.35000582921566037,forest,loso
slx_1735_269,SLX 1735-269,80138-03-06-00,NS,0.9193990231187393,0.08060097688126067,forest,loso
slx_1735_269,SLX 1735-269,80138-03-07-02,NS,0.9174416496133688,0.08255835038663117,forest,loso
slx_1735_269,SLX 1735-269,80138-03-08-00,NS,0.7075302052474699,0.2924697947525301,forest,loso
slx_1735_269,SLX 1735-269,90058-05-01-02,NS,0.9159293841011034,0.08407061589889664,forest,loso
slx_1735_269,SLX 1735-269,90058-05-01-04,NS,0.9193990231187393,0.08060097688126067,forest,loso
slx_1735_269,SLX 1735-269,92052-02-01-00,NS,0.7162005429342032,0.2837994570657968,forest,loso
slx_1735_269,SLX 1735-269,94044-05-01-00,NS,0.7258159070567849,0.2741840929432151,forest,loso
slx_1735_269,SLX 1735-269,96429-01-02-00,NS,0.7264160019896684,0.2735839980103316,forest,loso
slx_1735_269,SLX 1735-269,96429-01-02-02,NS,0.7190825860301275,0.28091741396987246,forest,loso
slx_1735_269,SLX 1735-269,96429-01-04-00,NS,0.721765078540095,0.278234921459905,forest,loso
slx_1735_269,SLX 1735-269,96429-01-05-00,NS,0.7105826965095865,0.2894173034904135,forest,loso
slx_1735_269,SLX 1735-269,96429-01-06-02,NS,0.7167086518938571,0.28329134810614287,forest,loso
slx_1735_269,SLX 1735-269,96429-01-07-00,NS,0.6924762479307286,0.3075237520692714,forest,loso
slx_1735_269,SLX 1735-269,96429-01-08-01,NS,0.6861712266172614,0.3138287733827386,forest,loso
slx_1735_269,SLX 1735-269,96429-01-08-03,NS,0.707329258943213,0.29267074105678703,forest,loso
ser_x_1,Ser X-1,40025-03-01-00,NS,0.9422172942285951,0.057782705771404874,forest,loso
ser_x_1,Ser X-1,40025-03-01-01,NS,0.9435034682271751,0.056496531772824876,forest,loso
ser_x_1,Ser X-1,40025-03-01-02,NS,0.9491506924624502,0.05084930753754979,forest,loso
ser_x_1,Ser X-1,40025-03-02-00,NS,0.9464492225807268,0.053550777419273166,forest,loso
ser_x_1,Ser X-1,40025-03-02-01,NS,0.9491506924624502,0.05084930753754979,forest,loso
ser_x_1,Ser X-1,40426-01-01-00,NS,0.9422172942285951,0.057782705771404874,forest,loso
ser_x_1,Ser X-1,50029-35-01-00,NS,0.9477913920465011,0.05220860795349891,forest,loso
ser_x_1,Ser X-1,70014-03-01-00,NS,0.947163848825404,0.05283615117459595,forest,loso
ser_x_1,Ser X-1,70014-03-01-01,NS,0.9464492225807268,0.053550777419273166,forest,loso
ser_x_1,Ser X-1,70014-03-01-02,NS,0.9464492225807268,0.053550777419273166,forest,loso
ser_x_1,Ser X-1,70014-03-02-00,NS,0.9478493770156962,0.05215062298430384,forest,loso
ser_x_1,Ser X-1,70014-03-02-01,NS,0.9478493770156962,0.05215062298430384,forest,loso
ser_x_1,Ser X-1,70014-03-02-02,NS,0.9454070596665829,0.054592940333417106,forest,loso
ser_x_1,Ser X-1,70014-03-02-03,NS,0.9478493770156962,0.05215062298430384,forest,loso
ser_x_1,Ser X-1,70027-04-01-00,NS,0.9474985108219989,0.052501489178001126,forest,loso
ser_x_1,Ser X-1,70027-04-01-01,NS,0.9497988152179434,0.050201184782056596,forest,loso
ser_x_1,Ser X-1,70027-04-08-00,NS,0.9472493770156961,0.052750622984303885,forest,loso
v4641_sgr,V4641 Sgr,80054-08-01-00,BH,0.1077370287314325,0.8922629712685675,forest,loso
v4641_sgr,V4641 Sgr,80054-08-01-01,BH,0.035725561260444974,0.964274438739555,forest,loso
v4641_sgr,V4641 Sgr,80054-08-02-00,BH,0.6969747043360437,0.3030252956639563,forest,loso
v4641_sgr,V4641 Sgr,91422-01-01-00,BH,0.7511549518352452,0.24884504816475483,forest,loso
v4641_sgr,V4641 Sgr,95436-01-01-00,BH,0.6292379521761133,0.37076204782388666,forest,loso
xte_j1118_480,XTE J1118+480,50133-01-04-00,BH,0.7728062861707755,0.2271937138292245,forest,loso
xte_j1118_480,XTE J1118+480,50133-01-05-00,BH,0.7548516752828123,0.24514832471718773,forest,loso
xte_j1118_480,XTE J1118+480,50133-01-06-00,BH,0.7992922485040402,0.20070775149595976,forest,loso
xte_j1118_480,XTE J1118+480,50137-01-01-00,BH,0.7520696504575625,0.24793034954243753,forest,loso
xte_j1118_480,XTE J1118+480,50137-01-04-00,BH,0.8167815155552749,0.1832184844447251,forest,loso
xte_j1118_480,XTE J1118+480,50407-01-01-00,BH,0.8308894550585008,0.16911054494149924,forest,loso
xte_j1118_480,XTE J1118+480,50407-01-02-00,BH,0.8260149780710531,0.17398502192894694,forest,loso
xte_j1118_480,XTE J1118+480,50407-01-02-02,BH,0.8237225293894026,0.1762774706105974,forest,loso
xte_j1118_480,XTE J1118+480,50407-01-03-01,BH,0.821154961821835,0.178845038178165,forest,loso
xte_j1118_480,XTE J1118+480,50407-01-05-01,BH,0.8356552708986245,0.16434472910137554,forest,loso
xte_j1118_480,XTE J1118+480,50407-01-06-00,BH,0.8028059279780839,0.19719407202191608,forest,loso
xte_j1118_480,XTE J1118+480,50407-01-10-01,BH,0.7728062861707755,0.2271937138292245,forest,loso
xte_j1118_480,XTE J1118+480,50407-01-15-00,BH,0.8433345265849631,0.1566654734150369,forest,loso
xte_j1118_480,XTE J1118+480,90011-01-01-01,BH,0.8892096520014171,0.1107903479985829,forest,loso
xte_j1118_480,XTE J1118+480,90011-01-01-02,BH,0.858934298912898,0.14106570108710204,forest,loso
xte_j1118_480,XTE J1118+480,90011-01-01-05,BH,0.8834982078719706,0.11650179212802936,forest,loso
xte_j1118_480,XTE J1118+480,90011-01-01-09,BH,0.8953607112923901,0.10463928870760986,forest,loso
xte_j1118_480,XTE J1118+480,90011-01-01-13,BH,0.8968042552680204,0.10319574473197957,forest,loso
xte_j1118_480,XTE J1118+480,90111-01-02-02,BH,0.8291355280387529,0.1708644719612471,forest,loso
xte_j1118_480,XTE J1118+480,90111-01-02-06,BH,0.8352317222606552,0.16476827773934477,forest,loso
xte_j1118_480,XTE J1118+480,90111-01-02-11,BH,0.837319295911335,0.16268070408866497,forest,loso
xte_j1118_480,XTE J1118+480,90111-01-03-02,BH,0.8279397384405276,0.1720602615594724,forest,loso
xte_j1550_564,XTE J1550-564,30188-06-01-02,BH,0.01597222222222222,0.9840277777777777,forest,loso
xte_j1550_564,XTE J1550-564,30191-01-02-00,BH,0.01597222222222222,0.9840277777777777,forest,loso
xte_j1550_564,XTE J1550-564,30191-01-12-00,BH,0.01597222222222222,0.9840277777777777,forest,loso
xte_j1550_564,XTE J1550-564,30191-01-28-01,BH,0.01597222222222222,0.9840277777777777,forest,loso
xte_j1550_564,XTE J1550-564,30191-01-34-00,BH,0.01597222222222222,0.9840277777777777,forest,loso
xte_j1550_564,XTE J1550-564,30191-01-44-00,BH,0.8408939066017933,0.1591060933982067,forest,loso
xte_j1550_564,XTE J1550-564,30435-01-07-00,BH,0.5416050081430392,0.45839499185696075,forest,loso
xte_j1550_564,XTE J1550-564,30435-01-15-01,BH,0.7609039541285686,0.2390960458714314,forest,loso
xte_j1550_564,XTE J1550-564,30435-01-25-00,BH,0.8000396370638196,0.19996036293618036,forest,loso
xte_j1550_564,XTE J1550-564,40401-01-08-00,BH,0.7638849510126154,0.23611504898738456,forest,loso
xte_j1550_564,XTE J1550-564,40401-01-18-00,BH,0.027126984126984124,0.9728730158730159,forest,loso
xte_j1550_564,XTE J1550-564,40401-01-26-00,BH,0.7946907785914725,0.20530922140852748,forest,loso
xte_j1550_564,XTE J1550-564,40401-01-35-01,BH,0.7965556434563373,0.20344435654366266,forest,loso
xte_j1550_564,XTE J1550-564,40401-01-43-00,BH,0.7611763931636177,0.23882360683638226,forest,loso
xte_j1550_564,XTE J1550-564,40401-01-53-00,BH,0.01597222222222222,0.9840277777777777,forest,loso
xte_j1550_564,XTE J1550-564,40401-01-60-00,BH,0.16391141722465363,0.8360885827753464,forest,loso
xte_j1550_564,XTE J1550-564,40401-01-70-00,BH,0.8542458821244607,0.14575411787553927,forest,loso
xte_j1550_564,XTE J1550-564,40401-01-80-00,BH,0.8686811518427996,0.1313188481572004,forest,loso
xte_j1550_564,XTE J1550-564,40401-01-82-04,BH,0.879246287578736,0.12075371242126398,forest,loso
xte_j1550_564,XTE J1550-564,40401-01-96-01,BH,0.7203267867395424,0.2796732132604576,forest,loso
xte_j1550_564,XTE J1550-564,50134-01-05-00,BH,0.34761904761904766,0.6523809523809523,forest,loso
xte_j1550_564,XTE J1550-564,50134-02-04-01,BH,0.33290592499870536,0.6670940750012946,forest,loso
xte_j1550_564,XTE J1550-564,50135-01-11-00,BH,0.4507649561139984,0.5492350438860016,forest,loso
xte_j1550_564,XTE J1550-564,50137-02-04-01,BH,0.19323809523809518,0.8067619047619048,forest,loso
xte_j1550_564,XTE J1550-564,50137-02-12-00,BH,0.4238720811810974,0.5761279188189026,forest,loso
xte_j1550_564,XTE J1550-564,60428-01-09-00,BH,0.7326445832978805,0.2673554167021195,forest,loso
xte_j1550_564,XTE J1550-564,80135-01-04-01,BH,0.2778543417366946,0.7221456582633055,forest,loso
xte_j1859_226,XTE J1859+226,40122-01-01-03,BH,0.04695634920634921,0.9530436507936508,forest,loso
xte_j1859_226,XTE J1859+226,40122-01-03-01,BH,0.8077758723866282,0.19222412761337182,forest,loso
xte_j1859_226,XTE J1859+226,40124-01-11-00,BH,0.10919444444444446,0.8908055555555555,forest,loso
xte_j1859_226,XTE J1859+226,40124-01-15-03,BH,0.10700396825396825,0.8929960317460317,forest,loso
xte_j1859_226,XTE J1859+226,40124-01-20-00,BH,0.11619444444444445,0.8838055555555555,forest,loso
xte_j1859_226,XTE J1859+226,40124-01-27-00,BH,0.08786111111111111,0.9121388888888888,forest,loso
xte_j1859_226,XTE J1859+226,40124-01-30-00,BH,0.11369444444444446,0.8863055555555556,forest,loso
xte_j1859_226,XTE J1859+226,40124-01-33-00,BH,0.12202777777777779,0.8779722222222222,forest,loso
xte_j1859_226,XTE J1859+226,40124-01-35-02,BH,0.10398809523809524,0.8960119047619047,forest,loso
xte_j1859_226,XTE J1859+226,40124-01-36-00,BH,0.13036111111111112,0.8696388888888889,forest,loso
xte_j1859_226,XTE J1859+226,40124-01-38-00,BH,0.06581060606060607,0.9341893939393939,forest,loso
xte_j1859_226,XTE J1859+226,40124-01-40-01,BH,0.8490076781427492,0.15099232185725076,forest,loso
xte_j1859_226,XTE J1859+226,40124-01-46-00,BH,0.8814653856383695,0.11853461436163049,forest,loso
xte_j1859_226,XTE J1859+226,40124-01-49-00,BH,0.8919948704077559,0.10800512959224406,forest,loso
xte_j1859_226,XTE J1859+226,40124-01-51-00,BH,0.8797206175001705,0.1202793824998295,forest,loso
xte_j1859_226,XTE J1859+226,40124-01-52-02,BH,0.7122562158404524,0.2877437841595476,forest,loso
xte_j1859_226,XTE J1859+226,40124-01-55-00,BH,0.8004901035151609,0.19950989648483908,forest,loso
xte_j1859_226,XTE J1859+226,40124-01-55-03,BH,0.7172781986287678,0.28272180137123215,forest,loso
xte_j1859_226,XTE J1859+226,40124-01-57-01,BH,0.8882574988665409,0.11174250113345907,forest,loso
xte_j1859_226,XTE J1859+226,40124-01-58-03,BH,0.8283427467069159,0.17165725329308412,forest,loso
xte_j1859_226,XTE J1859+226,40124-01-61-00,BH,0.9136735399833268,0.08632646001667321,forest,loso
xte_j1859_226,XTE J1859+226,40124-01-63-00,BH,0.8133589923648601,0.1866410076351399,forest,loso
xte_j1859_226,XTE J1859+226,40440-01-03-00,BH,0.8101072275411427,0.18989277245885727,forest,loso
