source_id,source_name,obs_id,true_class,p_NS,p_BH,model,split
4u_1702_429,4U 1702-429,20084-02-02-01,NS,0.5,0.5,prior,observation
gs_1354_64,GS 1354-64,20431-01-05-00,BH,0.5,0.5,prior,observation
4u_0614_09,4U 0614+09,30054-01-02-03,NS,0.5,0.5,prior,observation
ks_1731_260,KS 1731-260,30061-01-01-00,NS,0.5,0.5,prior,observation
ks_1731_260,KS 1731-260,30061-01-02-03,NS,0.5,0.5,prior,observation
ks_1731_260,KS 1731-260,30061-01-02-06,NS,0.5,0.5,prior,observation
ks_1731_260,KS 1731-260,30061-01-03-00,NS,0.5,0.5,prior,observation
ks_1731_260,KS 1731-260,30061-01-04-02,NS,0.5,0.5,prior,observation
4u_1608_522,4U 1608-522,30062-02-01-05,NS,0.5,0.5,prior,observation
gs_1354_64,GS 1354-64,30401-01-01-00,BH,0.5,0.5,prior,observation
xte_j1550_564,XTE J1550-564,30435-01-07-00,BH,0.5,0.5,prior,observation
xte_j1550_564,XTE J1550-564,30435-01-15-01,BH,0.5,0.5,prior,observation
cyg_x_2,Cyg X-2,40017-02-16-06,NS,0.5,0.5,prior,observation
cyg_x_2,Cyg X-2,40019-04-04-00,NS,0.5,0.5,prior,observation
ser_x_1,Ser X-1,40025-03-01-00,NS,0.5,0.5,prior,observation
ser_x_1,Ser X-1,40025-03-02-01,NS,0.5,0.5,prior,observation
4u_1702_429,4U 1702-429,40025-04-02-00,NS,0.5,0.5,prior,observation
4u_1702_429,4U 1702-429,40025-04-03-03,NS,0.5,0.5,prior,observation
4u_1728_34,4U 1728-34,40027-06-01-02,NS,0.5,0.5,prior,observation
4u_1728_34,4U 1728-34,40033-06-02-05,NS,0.5,0.5,prior,observation
xte_j1859_226,XTE J1859+226,40122-01-03-01,BH,0.5,0.5,prior,observation
xte_j1859_226,XTE J1859+226,40124-01-52-02,BH,0.5,0.5,prior,observation
xte_j1859_226,XTE J1859+226,40124-01-57-01,BH,0.5,0.5,prior,observation
xte_j1550_564,XTE J1550-564,40401-01-08-00,BH,0.5,0.5,prior,observation
xte_j1550_564,XTE J1550-564,40401-01-60-00,BH,0.5,0.5,prior,observation
xte_j1550_564,XTE J1550-564,40401-01-80-00,BH,0.5,0.5,prior,observation
mxb_1658_298,MXB 1658-298,40414-01-06-00,NS,0.5,0.5,prior,observation
mxb_1658_298,MXB 1658-298,40414-01-14-00,NS,0.5,0.5,prior,observation
4u_0614_09,4U 0614+09,40429-01-06-01,NS,0.5,0.5,prior,observation
4u_1728_34,4U 1728-34,50023-01-19-00,NS,0.5,0.5,prior,observation
4u_1728_34,4U 1728-34,50023-01-31-00,NS,0.5,0.5,prior,observation
ser_x_1,Ser X-1,50029-35-01-00,NS,0.5,0.5,prior,observation
4u_1702_429,4U 1702-429,50030-01-01-03,NS,0.5,0.5,prior,observation
4u_1702_429,4U 1702-429,50030-01-07-00,NS,0.5,0.5,prior,observation
4u_1702_429,4U 1702-429,50030-01-10-00,NS,0.5,0.5,prior,observation
4u_1702_429,4U 1702-429,50030-01-11-01,NS,0.5,0.5,prior,observation
4u_1702_429,4U 1702-429,50030-01-14-02,NS,0.5,0.5,prior,observation
4u_1728_34,4U 1728-34,50030-03-08-00,NS,0.5,0.5,prior,observation
4u_0614_09,4U 0614+09,50031-01-04-08,NS,0.5,0.5,prior,observation
ks_1731_260,KS 1731-260,50031-02-01-09,NS,0.5,0.5,prior,observation
ks_1731_260,KS 1731-260,50031-02-02-02,NS,0.5,0.5,prior,observation
ks_1731_260,KS 1731-260,50031-02-02-06,NS,0.5,0.5,prior,observation
ks_1731_260,KS 1731-260,50031-02-03-08,NS,0.5,0.5,prior,observation
4u_1608_522,4U 1608-522,50052-01-23-00,NS,0.5,0.5,prior,observation
xte_j1118_480,XTE J1118+480,50133-01-06-00,BH,0.5,0.5,prior,observation
xte_j1550_564,XTE J1550-564,50134-01-05-00,BH,0.5,0.5,prior,observation
xte_j1118_480,XTE J1118+480,50137-01-01-00,BH,0.5,0.5,prior,observation
4u_1636_536,4U 1636-536,60032-05-15-00,NS,0.5,0.5,prior,observation
slx_1735_269,SLX 1735-269,60034-01-01-05,NS,0.5,0.5,prior,observation
slx_1735_269,SLX 1735-269,60034-01-02-03,NS,0.5,0.5,prior,observation
sax_j1750_8_2900,SAX J1750.8-2900,60035-01-02-01,NS,0.5,0.5,prior,observation
mxb_1658_298,MXB 1658-298,60048-04-02-00,NS,0.5,0.5,prior,observation
gx_339_4,GX 339-4,60705-01-56-00,BH,0.5,0.5,prior,observation
4u_1728_34,4U 1728-34,70028-01-01-08,NS,0.5,0.5,prior,observation
4u_1746_37,4U 1746-37,70050-01-01-01,NS,0.5,0.5,prior,observation
4u_1746_37,4U 1746-37,70050-01-01-10,NS,0.5,0.5,prior,observation
aql_x_1,Aql X-1,70069-03-02-03,NS,0.5,0.5,prior,observation
4u_1543_475,4U 1543-475,70124-02-09-00,BH,0.5,0.5,prior,observation
4u_1543_475,4U 1543-475,70132-01-02-01,BH,0.5,0.5,prior,observation
4u_1543_475,4U 1543-475,70133-01-01-00,BH,0.5,0.5,prior,observation
4u_1543_475,4U 1543-475,70133-01-28-00,BH,0.5,0.5,prior,observation
4u_0614_09,4U 0614+09,80051-02-01-02,NS,0.5,0.5,prior,observation
v4641_sgr,V4641 Sgr,80054-08-02-00,BH,0.5,0.5,prior,observation
xte_j1550_564,XTE J1550-564,80135-01-04-01,BH,0.5,0.5,prior,observation
4u_1608_522,4U 1608-522,80406-01-04-07,NS,0.5,0.5,prior,observation
4u_0614_09,4U 0614+09,80414-01-05-02,NS,0.5,0.5,prior,observation
1a_1744_361,1A 1744-361,80431-01-02-01,NS,0.5,0.5,prior,observation
1a_1744_361,1A 1744-361,80431-01-02-04,NS,0.5,0.5,prior,observation
cyg_x_2,Cyg X-2,90030-01-41-00,NS,0.5,0.5,prior,observation
cyg_x_2,Cyg X-2,90030-01-81-00,NS,0.5,0.5,prior,observation
cyg_x_2,Cyg X-2,90030-01-95-00,NS,0.5,0.5,prior,observation
4u_1254_69,4U 1254-69,90036-01-01-03,NS,0.5,0.5,prior,observation
4u_1254_69,4U 1254-69,90036-01-02-01,NS,0.5,0.5,prior,observation
4u_1746_37,4U 1746-37,90044-01-03-00,NS,0.5,0.5,prior,observation
4u_1746_37,4U 1746-37,90044-01-04-00,NS,0.5,0.5,prior,observation
slx_1735_269,SLX 1735-269,90058-05-01-02,NS,0.5,0.5,prior,observation
xte_j1118_480,XTE J1118+480,90111-01-02-02,BH,0.5,0.5,prior,observation
4u_0614_09,4U 0614+09,90422-01-01-02,NS,0.5,0.5,prior,observation
cyg_x_2,Cyg X-2,91009-01-24-00,NS,0.5,0.5,prior,observation
hete_j1900_1_2455,HETE J1900.1-2455,91015-01-01-00,NS,0.5,0.5,prior,observation
4u_1636_536,4U 1636-536,91024-01-07-10,NS,0.5,0.5,prior,observation
4u_1636_536,4U 1636-536,91024-01-13-00,NS,0.5,0.5,prior,observation
4u_1636_536,4U 1636-536,91024-01-62-00,NS,0.5,0.5,prior,observation
4u_1735_444,4U 1735-444,91025-01-01-09,NS,0.5,0.5,prior,observation
4u_1735_444,4U 1735-444,91025-01-09-18,NS,0.5,0.5,prior,observation
4u_1705_44,4U 1705-44,91039-01-02-30,NS,0.5,0.5,prior,observation
4u_1705_44,4U 1705-44,91039-01-03-33,NS,0.5,0.5,prior,observation
4u_1608_522,4U 1608-522,91405-01-41-00,NS,0.5,0.5,prior,observation
v4641_sgr,V4641 Sgr,91422-01-01-00,BH,0.5,0.5,prior,observation
4u_1636_536,4U 1636-536,92023-01-42-10,NS,0.5,0.5,prior,observation
4u_1636_536,4U 1636-536,92023-01-43-00,NS,0.5,0.5,prior,observation
4u_1728_34,4U 1728-34,92023-03-33-10,NS,0.5,0.5,prior,observation
cyg_x_2,Cyg X-2,92038-01-10-02,NS,0.5,0.5,prior,observation
hete_j1900_1_2455,HETE J1900.1-2455,92049-01-26-00,NS,0.5,0.5,prior,observation
gx_339_4,GX 339-4,92704-03-11-00,BH,0.5,0.5,prior,observation
4u_1705_44,4U 1705-44,93060-01-35-00,NS,0.5,0.5,prior,observation
gx_339_4,GX 339-4,93076-08-02-00,BH,0.5,0.5,prior,observation
1a_1744_361,1A 1744-361,93155-01-06-01,NS,0.5,0.5,prior,observation
1a_1744_361,1A 1744-361,93155-01-08-02,NS,0.5,0.5,prior,observation
4u_1735_444,4U 1735-444,93200-01-01-04,NS,0.5,0.5,prior,observation
4u_0614_09,4U 0614+09,93404-01-07-00,NS,0.5,0.5,prior,observation
aql_x_1,Aql X-1,93405-01-05-02,NS,0.5,0.5,prior,observation
4u_1254_69,4U 1254-69,93406-13-01-00,NS,0.5,0.5,prior,observation
4u_1608_522,4U 1608-522,93408-01-11-00,NS,0.5,0.5,prior,observation
sax_j1810_8_2609,SAX J1810.8-2609,93414-01-01-00,NS,0.5,0.5,prior,observation
sax_j1810_8_2609,SAX J1810.8-2609,93414-01-01-01,NS,0.5,0.5,prior,observation
sax_j1810_8_2609,SAX J1810.8-2609,93414-01-05-00,NS,0.5,0.5,prior,observation
sax_j1750_8_2900,SAX J1750.8-2900,93432-01-06-03,NS,0.5,0.5,prior,observation
sax_j1750_8_2900,SAX J1750.8-2900,93432-01-08-01,NS,0.5,0.5,prior,observation
sax_j1750_8_2900,SAX J1750.8-2900,93432-01-12-02,NS,0.5,0.5,prior,observation
sax_j1750_8_2900,SAX J1750.8-2900,93432-01-14-03,NS,0.5,0.5,prior,observation
sax_j1750_8_2900,SAX J1750.8-2900,93432-01-16-00,NS,0.5,0.5,prior,observation
sax_j1750_8_2900,SAX J1750.8-2900,93432-01-16-04,NS,0.5,0.5,prior,observation
hete_j1900_1_2455,HETE J1900.1-2455,94030-01-24-00,NS,0.5,0.5,prior,observation
4u_1636_536,4U 1636-536,94087-01-49-00,NS,0.5,0.5,prior,observation
4u_1608_522,4U 1608-522,94401-01-34-00,NS,0.5,0.5,prior,observation
4u_1702_429,4U 1702-429,94415-01-02-01,NS,0.5,0.5,prior,observation
hete_j1900_1_2455,HETE J1900.1-2455,95030-01-05-00,NS,0.5,0.5,prior,observation
hete_j1900_1_2455,HETE J1900.1-2455,95030-01-27-00,NS,0.5,0.5,prior,observation
4u_1705_44,4U 1705-44,95060-01-77-00,NS,0.5,0.5,prior,observation
hete_j1900_1_2455,HETE J1900.1-2455,96030-01-07-00,NS,0.5,0.5,prior,observation
4u_1705_44,4U 1705-44,96060-01-65-00,NS,0.5,0.5,prior,observation
4u_1705_44,4U 1705-44,96060-01-78-00,NS,0.5,0.5,prior,observation
sax_j1806_5_2215,SAX J1806.5-2215,96085-04-02-01,NS,0.5,0.5,prior,observation
sax_j1806_5_2215,SAX J1806.5-2215,96085-04-03-03,NS,0.5,0.5,prior,observation
sax_j1806_5_2215,SAX J1806.5-2215,96085-04-04-01,NS,0.5,0.5,prior,observation
sax_j1806_5_2215,SAX J1806.5-2215,96085-04-05-00,NS,0.5,0.5,prior,observation
sax_j1806_5_2215,SAX J1806.5-2215,96085-04-09-00,NS,0.5,0.5,prior,observation
sax_j1806_5_2215,SAX J1806.5-2215,96085-04-12-01,NS,0.5,0.5,prior,observation
sax_j1806_5_2215,SAX J1806.5-2215,96085-04-31-00,NS,0.5,0.5,prior,observation
4u_1636_536,4U 1636-536,96087-01-28-10,NS,0.5,0.5,prior,observation
gx_339_4,GX 339-4,96409-01-02-03,BH,0.5,0.5,prior,observation
4u_1608_522,4U 1608-522,96423-01-26-01,NS,0.5,0.5,prior,observation
slx_1735_269,SLX 1735-269,96429-01-02-00,NS,0.5,0.5,prior,observation
slx_1735_269,SLX 1735-269,96429-01-08-01,NS,0.5,0.5,prior,observation
slx_1735_269,SLX 1735-269,96429-01-08-03,NS,0.5,0.5,prior,observation
1a_1744_361,1A 1744-361,96437-01-02-00,NS,0.5,0.5,prior,observation
aql_x_1,Aql X-1,96440-01-08-06,NS,0.5,0.5,prior,observation
4u_1702_429,4U 1702-429,20084-02-01-03,NS,0.5,0.5,prior,observation
slx_1735_269,SLX 1735-269,20089-02-01-00,NS,0.5,0.5,prior,observation
aql_x_1,Aql X-1,20092-01-04-00,NS,0.5,0.5,prior,observation
slx_1735_269,SLX 1735-269,20170-03-01-00,NS,0.5,0.5,prior,observation
slx_1735_269,SLX 1735-269,20170-03-11-00,NS,0.5,0.5,prior,observation
4u_0614_09,4U 0614+09,20428-01-01-03,NS,0.5,0.5,prior,observation
gs_1354_64,GS 1354-64,20431-01-04-00,BH,0.5,0.5,prior,observation
4u_1728_34,4U 1728-34,30042-03-02-00,NS,0.5,0.5,prior,observation
4u_1728_34,4U 1728-34,30042-03-08-00,NS,0.5,0.5,prior,observation
4u_1636_536,4U 1636-536,30053-02-01-00,NS,0.5,0.5,prior,observation
ks_1731_260,KS 1731-260,30061-01-01-02,NS,0.5,0.5,prior,observation
aql_x_1,Aql X-1,30073-05-01-00,NS,0.5,0.5,prior,observation
xte_j1550_564,XTE J1550-564,30191-01-02-00,BH,0.5,0.5,prior,observation
xte_j1550_564,XTE J1550-564,30191-01-12-00,BH,0.5,0.5,prior,observation
xte_j1550_564,XTE J1550-564,30191-01-28-01,BH,0.5,0.5,prior,observation
4u_1702_429,4U 1702-429,40025-04-01-01,NS,0.5,0.5,prior,observation
4u_1728_34,4U 1728-34,40027-08-02-02,NS,0.5,0.5,prior,observation
4u_1735_444,4U 1735-444,40030-02-09-01,NS,0.5,0.5,prior,observation
gx_339_4,GX 339-4,40031-03-03-00,BH,0.5,0.5,prior,observation
mxb_1658_298,MXB 1658-298,40050-04-05-00,NS,0.5,0.5,prior,observation
xte_j1859_226,XTE J1859+226,40124-01-15-03,BH,0.5,0.5,prior,observation
xte_j1859_226,XTE J1859+226,40124-01-40-01,BH,0.5,0.5,prior,observation
xte_j1859_226,XTE J1859+226,40124-01-63-00,BH,0.5,0.5,prior,observation
xte_j1550_564,XTE J1550-564,40401-01-35-01,BH,0.5,0.5,prior,observation
xte_j1550_564,XTE J1550-564,40401-01-53-00,BH,0.5,0.5,prior,observation
xte_j1550_564,XTE J1550-564,40401-01-70-00,BH,0.5,0.5,prior,observation
mxb_1658_298,MXB 1658-298,40414-01-04-00,NS,0.5,0.5,prior,observation
4u_1702_429,4U 1702-429,50025-01-01-07,NS,0.5,0.5,prior,observation
4u_1702_429,4U 1702-429,50030-01-01-07,NS,0.5,0.5,prior,observation
4u_1702_429,4U 1702-429,50030-01-02-00,NS,0.5,0.5,prior,observation
4u_1702_429,4U 1702-429,50030-01-06-00,NS,0.5,0.5,prior,observation
4u_1702_429,4U 1702-429,50030-01-11-02,NS,0.5,0.5,prior,observation
4u_1728_34,4U 1728-34,50030-03-05-01,NS,0.5,0.5,prior,observation
ks_1731_260,KS 1731-260,50031-02-01-03,NS,0.5,0.5,prior,observation
ks_1731_260,KS 1731-260,50031-02-01-05,NS,0.5,0.5,prior,observation
aql_x_1,Aql X-1,50049-01-05-01,NS,0.5,0.5,prior,observation
aql_x_1,Aql X-1,50049-02-15-04,NS,0.5,0.5,prior,observation
xte_j1550_564,XTE J1550-564,50134-02-04-01,BH,0.5,0.5,prior,observation
xte_j1550_564,XTE J1550-564,50135-01-11-00,BH,0.5,0.5,prior,observation
xte_j1550_564,XTE J1550-564,50137-02-04-01,BH,0.5,0.5,prior,observation
xte_j1550_564,XTE J1550-564,50137-02-12-00,BH,0.5,0.5,prior,observation
xte_j1118_480,XTE J1118+480,50407-01-01-00,BH,0.5,0.5,prior,observation
xte_j1118_480,XTE J1118+480,50407-01-02-02,BH,0.5,0.5,prior,observation
xte_j1118_480,XTE J1118+480,50407-01-03-01,BH,0.5,0.5,prior,observation
xte_j1118_480,XTE J1118+480,50407-01-10-01,BH,0.5,0.5,prior,observation
slx_1735_269,SLX 1735-269,60034-01-01-03,NS,0.5,0.5,prior,observation
mxb_1658_298,MXB 1658-298,60048-02-05-00,NS,0.5,0.5,prior,observation
mxb_1658_298,MXB 1658-298,60048-03-03-00,NS,0.5,0.5,prior,observation
aql_x_1,Aql X-1,60054-02-01-04,NS,0.5,0.5,prior,observation
sax_j1750_8_2900,SAX J1750.8-2900,60117-01-01-00,NS,0.5,0.5,prior,observation
cyg_x_2,Cyg X-2,60417-01-01-00,NS,0.5,0.5,prior,observation
4u_0614_09,4U 0614+09,60424-01-02-01,NS,0.5,0.5,prior,observation
xte_j1550_564,XTE J1550-564,60428-01-09-00,BH,0.5,0.5,prior,observation
ser_x_1,Ser X-1,70014-03-01-00,NS,0.5,0.5,prior,observation
ser_x_1,Ser X-1,70014-03-02-03,NS,0.5,0.5,prior,observation
cyg_x_2,Cyg X-2,70018-03-03-00,NS,0.5,0.5,prior,observation
4u_1705_44,4U 1705-44,70038-01-01-00,NS,0.5,0.5,prior,observation
sax_j1808_4_3658,SAX J1808.4-3658,70080-02-02-36,NS,0.5,0.5,prior,observation
sax_j1808_4_3658,SAX J1808.4-3658,70080-03-06-00,NS,0.5,0.5,prior,observation
4u_1543_475,4U 1543-475,70132-01-01-00,BH,0.5,0.5,prior,observation
4u_1543_475,4U 1543-475,70133-01-16-00,BH,0.5,0.5,prior,observation
4u_1543_475,4U 1543-475,70133-01-23-00,BH,0.5,0.5,prior,observation
4u_0614_09,4U 0614+09,80037-01-09-08,NS,0.5,0.5,prior,observation
slx_1735_269,SLX 1735-269,80138-03-01-00,NS,0.5,0.5,prior,observation
slx_1735_269,SLX 1735-269,80138-03-06-00,NS,0.5,0.5,prior,observation
xte_j1118_480,XTE J1118+480,90011-01-01-13,BH,0.5,0.5,prior,observation
cyg_x_2,Cyg X-2,90030-01-53-00,NS,0.5,0.5,prior,observation
4u_1254_69,4U 1254-69,90036-01-02-00,NS,0.5,0.5,prior,observation
4u_1746_37,4U 1746-37,90044-01-01-00,NS,0.5,0.5,prior,observation
igr_j00291_5934,IGR J00291+5934,90425-01-01-13,NS,0.5,0.5,prior,observation
hete_j1900_1_2455,HETE J1900.1-2455,91015-01-07-01,NS,0.5,0.5,prior,observation
4u_1636_536,4U 1636-536,91024-01-53-10,NS,0.5,0.5,prior,observation
4u_1735_444,4U 1735-444,91025-01-04-01,NS,0.5,0.5,prior,observation
4u_1735_444,4U 1735-444,91025-01-06-05,NS,0.5,0.5,prior,observation
4u_1735_444,4U 1735-444,91025-01-09-01,NS,0.5,0.5,prior,observation
4u_1735_444,4U 1735-444,91025-01-11-10,NS,0.5,0.5,prior,observation
4u_1735_444,4U 1735-444,91025-01-16-09,NS,0.5,0.5,prior,observation
aql_x_1,Aql X-1,91028-01-01-00,NS,0.5,0.5,prior,observation
sax_j1808_4_3658,SAX J1808.4-3658,91056-01-02-01,NS,0.5,0.5,prior,observation
aql_x_1,Aql X-1,91414-01-09-07,NS,0.5,0.5,prior,observation
4u_1728_34,4U 1728-34,92023-03-22-00,NS,0.5,0.5,prior,observation
4u_1728_34,4U 1728-34,92023-03-52-00,NS,0.5,0.5,prior,observation
4u_1728_34,4U 1728-34,92023-03-68-00,NS,0.5,0.5,prior,observation
4u_1728_34,4U 1728-34,92023-03-81-00,NS,0.5,0.5,prior,observation
aql_x_1,Aql X-1,92034-01-05-06,NS,0.5,0.5,prior,observation
cyg_x_2,Cyg X-2,92039-01-02-03,NS,0.5,0.5,prior,observation
gx_339_4,GX 339-4,92085-02-01-00,BH,0.5,0.5,prior,observation
4u_1608_522,4U 1608-522,92401-01-11-03,NS,0.5,0.5,prior,observation
4u_0614_09,4U 0614+09,92411-01-01-02,NS,0.5,0.5,prior,observation
4u_0614_09,4U 0614+09,92411-01-07-02,NS,0.5,0.5,prior,observation
hete_j1900_1_2455,HETE J1900.1-2455,93030-01-48-00,NS,0.5,0.5,prior,observation
sax_j1810_8_2609,SAX J1810.8-2609,93044-02-02-00,NS,0.5,0.5,prior,observation
sax_j1810_8_2609,SAX J1810.8-2609,93044-02-04-00,NS,0.5,0.5,prior,observation
sax_j1810_8_2609,SAX J1810.8-2609,93044-02-06-00,NS,0.5,0.5,prior,observation
4u_1705_44,4U 1705-44,93060-01-58-00,NS,0.5,0.5,prior,observation
4u_1636_536,4U 1636-536,93087-01-36-10,NS,0.5,0.5,prior,observation
sax_j1810_8_2609,SAX J1810.8-2609,93093-01-01-00,NS,0.5,0.5,prior,observation
sax_j1810_8_2609,SAX J1810.8-2609,93093-01-01-02,NS,0.5,0.5,prior,observation
sax_j1810_8_2609,SAX J1810.8-2609,93093-01-02-01,NS,0.5,0.5,prior,observation
sax_j1810_8_2609,SAX J1810.8-2609,93093-01-02-05,NS,0.5,0.5,prior,observation
sax_j1810_8_2609,SAX J1810.8-2609,93093-01-02-06,NS,0.5,0.5,prior,observation
sax_j1810_8_2609,SAX J1810.8-2609,93093-01-02-08,NS,0.5,0.5,prior,observation
1a_1744_361,1A 1744-361,93155-01-02-00,NS,0.5,0.5,prior,observation
1a_1744_361,1A 1744-361,93155-01-07-02,NS,0.5,0.5,prior,observation
1a_1744_361,1A 1744-361,93155-01-09-00,NS,0.5,0.5,prior,observation
4u_0614_09,4U 0614+09,93404-01-14-00,NS,0.5,0.5,prior,observation
aql_x_1,Aql X-1,93405-01-01-01,NS,0.5,0.5,prior,observation
4u_1608_522,4U 1608-522,93408-01-19-01,NS,0.5,0.5,prior,observation
4u_1608_522,4U 1608-522,93408-01-22-06,NS,0.5,0.5,prior,observation
4u_1608_522,4U 1608-522,93408-01-52-02,NS,0.5,0.5,prior,observation
sax_j1810_8_2609,SAX J1810.8-2609,93414-01-04-02,NS,0.5,0.5,prior,observation
sax_j1750_8_2900,SAX J1750.8-2900,93432-01-02-00,NS,0.5,0.5,prior,observation
sax_j1750_8_2900,SAX J1750.8-2900,93432-01-10-04,NS,0.5,0.5,prior,observation
sax_j1750_8_2900,SAX J1750.8-2900,93432-01-11-03,NS,0.5,0.5,prior,observation
sax_j1750_8_2900,SAX J1750.8-2900,93432-01-14-01,NS,0.5,0.5,prior,observation
hete_j1900_1_2455,HETE J1900.1-2455,94030-01-04-00,NS,0.5,0.5,prior,observation
hete_j1900_1_2455,HETE J1900.1-2455,94030-01-12-00,NS,0.5,0.5,prior,observation
4u_1705_44,4U 1705-44,94060-01-61-00,NS,0.5,0.5,prior,observation
4u_1636_536,4U 1636-536,94087-01-47-10,NS,0.5,0.5,prior,observation
4u_1636_536,4U 1636-536,94087-01-94-00,NS,0.5,0.5,prior,observation
4u_1608_522,4U 1608-522,94401-01-01-01,NS,0.5,0.5,prior,observation
hete_j1900_1_2455,HETE J1900.1-2455,95030-01-16-00,NS,0.5,0.5,prior,observation
4u_1705_44,4U 1705-44,95060-01-07-00,NS,0.5,0.5,prior,observation
4u_1705_44,4U 1705-44,95060-01-36-00,NS,0.5,0.5,prior,observation
4u_1254_69,4U 1254-69,95324-01-01-00,NS,0.5,0.5,prior,observation
4u_1254_69,4U 1254-69,95324-01-01-01,NS,0.5,0.5,prior,observation
sax_j1808_4_3658,SAX J1808.4-3658,96027-01-01-00,NS,0.5,0.5,prior,observation
sax_j1808_4_3658,SAX J1808.4-3658,96027-01-02-07,NS,0.5,0.5,prior,observation
hete_j1900_1_2455,HETE J1900.1-2455,96030-01-20-00,NS,0.5,0.5,prior,observation
4u_1705_44,4U 1705-44,96060-01-10-00,NS,0.5,0.5,prior,observation
sax_j1806_5_2215,SAX J1806.5-2215,96085-04-04-03,NS,0.5,0.5,prior,observation
sax_j1806_5_2215,SAX J1806.5-2215,96085-04-17-00,NS,0.5,0.5,prior,observation
sax_j1806_5_2215,SAX J1806.5-2215,96085-04-28-00,NS,0.5,0.5,prior,observation
4u_0614_09,4U 0614+09,96307-01-04-00,NS,0.5,0.5,prior,observation
4u_1728_34,4U 1728-34,96322-01-02-01,NS,0.5,0.5,prior,observation
4u_1608_522,4U 1608-522,96423-01-13-01,NS,0.5,0.5,prior,observation
slx_1735_269,SLX 1735-269,96429-01-05-00,NS,0.5,0.5,prior,observation
slx_1735_269,SLX 1735-269,96429-01-07-00,NS,0.5,0.5,prior,observation
4u_1728_34,4U 1728-34,10410-01-01-00,NS,0.5,0.5,prior,observation
cyg_x_2,Cyg X-2,20053-04-01-01,NS,0.5,0.5,prior,observation
4u_1735_444,4U 1735-444,20084-01-01-00,NS,0.5,0.5,prior,observation
aql_x_1,Aql X-1,20092-01-02-02,NS,0.5,0.5,prior,observation
slx_1735_269,SLX 1735-269,20170-03-03-00,NS,0.5,0.5,prior,observation
4u_1728_34,4U 1728-34,30042-03-17-00,NS,0.5,0.5,prior,observation
ks_1731_260,KS 1731-260,30061-01-01-04,NS,0.5,0.5,prior,observation
aql_x_1,Aql X-1,30188-03-02-00,NS,0.5,0.5,prior,observation
xte_j1550_564,XTE J1550-564,30191-01-34-00,BH,0.5,0.5,prior,observation
xte_j1550_564,XTE J1550-564,30191-01-44-00,BH,0.5,0.5,prior,observation
gs_1354_64,GS 1354-64,30401-01-04-00,BH,0.5,0.5,prior,observation
cyg_x_2,Cyg X-2,40017-02-02-02,NS,0.5,0.5,prior,observation
4u_1735_444,4U 1735-444,40030-02-04-00,NS,0.5,0.5,prior,observation
4u_1735_444,4U 1735-444,40033-07-01-04,NS,0.5,0.5,prior,observation
aql_x_1,Aql X-1,40033-10-02-07,NS,0.5,0.5,prior,observation
aql_x_1,Aql X-1,40047-03-03-00,NS,0.5,0.5,prior,observation
xte_j1859_226,XTE J1859+226,40122-01-01-03,BH,0.5,0.5,prior,observation
xte_j1859_226,XTE J1859+226,40124-01-20-00,BH,0.5,0.5,prior,observation
xte_j1859_226,XTE J1859+226,40124-01-27-00,BH,0.5,0.5,prior,observation
xte_j1859_226,XTE J1859+226,40124-01-30-00,BH,0.5,0.5,prior,observation
xte_j1859_226,XTE J1859+226,40124-01-38-00,BH,0.5,0.5,prior,observation
xte_j1859_226,XTE J1859+226,40124-01-46-00,BH,0.5,0.5,prior,observation
xte_j1859_226,XTE J1859+226,40124-01-49-00,BH,0.5,0.5,prior,observation
xte_j1859_226,XTE J1859+226,40124-01-58-03,BH,0.5,0.5,prior,observation
xte_j1859_226,XTE J1859+226,40124-01-61-00,BH,0.5,0.5,prior,observation
xte_j1550_564,XTE J1550-564,40401-01-18-00,BH,0.5,0.5,prior,observation
mxb_1658_298,MXB 1658-298,40414-01-02-00,NS,0.5,0.5,prior,observation
mxb_1658_298,MXB 1658-298,40414-01-08-00,NS,0.5,0.5,prior,observation
4u_0614_09,4U 0614+09,40429-01-03-01,NS,0.5,0.5,prior,observation
4u_1608_522,4U 1608-522,40437-01-01-01,NS,0.5,0.5,prior,observation
xte_j1859_226,XTE J1859+226,40440-01-03-00,BH,0.5,0.5,prior,observation
4u_1702_429,4U 1702-429,50025-01-01-05,NS,0.5,0.5,prior,observation
4u_1735_444,4U 1735-444,50025-02-01-06,NS,0.5,0.5,prior,observation
4u_1702_429,4U 1702-429,50030-01-03-02,NS,0.5,0.5,prior,observation
4u_1702_429,4U 1702-429,50030-01-09-04,NS,0.5,0.5,prior,observation
4u_1702_429,4U 1702-429,50030-01-10-02,NS,0.5,0.5,prior,observation
4u_1702_429,4U 1702-429,50030-01-14-03,NS,0.5,0.5,prior,observation
ks_1731_260,KS 1731-260,50031-02-01-01,NS,0.5,0.5,prior,observation
ks_1731_260,KS 1731-260,50031-02-02-04,NS,0.5,0.5,prior,observation
ks_1731_260,KS 1731-260,50031-02-03-00,NS,0.5,0.5,prior,observation
ks_1731_260,KS 1731-260,50031-02-03-06,NS,0.5,0.5,prior,observation
ks_1731_260,KS 1731-260,50031-02-03-07,NS,0.5,0.5,prior,observation
mxb_1658_298,MXB 1658-298,50410-01-09-00,NS,0.5,0.5,prior,observation
slx_1735_269,SLX 1735-269,60034-01-03-00,NS,0.5,0.5,prior,observation
4u_1735_444,4U 1735-444,60042-01-01-01,NS,0.5,0.5,prior,observation
mxb_1658_298,MXB 1658-298,60048-02-03-00,NS,0.5,0.5,prior,observation
sax_j1750_8_2900,SAX J1750.8-2900,60084-03-01-02,NS,0.5,0.5,prior,observation
ser_x_1,Ser X-1,70027-04-01-00,NS,0.5,0.5,prior,observation
4u_1746_37,4U 1746-37,70050-01-01-03,NS,0.5,0.5,prior,observation
4u_1608_522,4U 1608-522,70069-01-03-01,NS,0.5,0.5,prior,observation
sax_j1808_4_3658,SAX J1808.4-3658,70080-01-03-12,NS,0.5,0.5,prior,observation
sax_j1808_4_3658,SAX J1808.4-3658,70080-03-20-02,NS,0.5,0.5,prior,observation
sax_j1808_4_3658,SAX J1808.4-3658,70080-03-20-10,NS,0.5,0.5,prior,observation
gx_339_4,GX 339-4,70109-01-28-00,BH,0.5,0.5,prior,observation
4u_1543_475,4U 1543-475,70133-01-10-00,BH,0.5,0.5,prior,observation
4u_1543_475,4U 1543-475,70133-01-25-01,BH,0.5,0.5,prior,observation
4u_1543_475,4U 1543-475,70133-01-31-00,BH,0.5,0.5,prior,observation
gx_339_4,GX 339-4,80132-01-15-00,BH,0.5,0.5,prior,observation
slx_1735_269,SLX 1735-269,80138-03-04-00,NS,0.5,0.5,prior,observation
slx_1735_269,SLX 1735-269,80138-03-07-02,NS,0.5,0.5,prior,observation
4u_0614_09,4U 0614+09,80414-01-02-00,NS,0.5,0.5,prior,observation
1a_1744_361,1A 1744-361,80431-01-02-03,NS,0.5,0.5,prior,observation
1a_1744_361,1A 1744-361,80431-01-02-05,NS,0.5,0.5,prior,observation
xte_j1118_480,XTE J1118+480,90011-01-01-02,BH,0.5,0.5,prior,observation
gx_339_4,GX 339-4,90019-01-02-00,BH,0.5,0.5,prior,observation
cyg_x_2,Cyg X-2,90030-01-03-10,NS,0.5,0.5,prior,observation
cyg_x_2,Cyg X-2,90030-01-24-00,NS,0.5,0.5,prior,observation
4u_1254_69,4U 1254-69,90036-01-01-00,NS,0.5,0.5,prior,observation
4u_1254_69,4U 1254-69,90036-01-01-02,NS,0.5,0.5,prior,observation
4u_1746_37,4U 1746-37,90044-01-02-01,NS,0.5,0.5,prior,observation
igr_j00291_5934,IGR J00291+5934,90052-03-01-00,NS,0.5,0.5,prior,observation
cyg_x_2,Cyg X-2,91010-01-01-05,NS,0.5,0.5,prior,observation
4u_1728_34,4U 1728-34,91023-01-02-00,NS,0.5,0.5,prior,observation
4u_1636_536,4U 1636-536,91024-01-85-10,NS,0.5,0.5,prior,observation
4u_1735_444,4U 1735-444,91025-01-04-06,NS,0.5,0.5,prior,observation
4u_1735_444,4U 1735-444,91025-01-12-00,NS,0.5,0.5,prior,observation
aql_x_1,Aql X-1,91028-01-22-00,NS,0.5,0.5,prior,observation
4u_1746_37,4U 1746-37,91037-15-01-00,NS,0.5,0.5,prior,observation
hete_j1900_1_2455,HETE J1900.1-2455,91057-01-11-00,NS,0.5,0.5,prior,observation
hete_j1900_1_2455,HETE J1900.1-2455,91059-03-03-00,NS,0.5,0.5,prior,observation
gx_339_4,GX 339-4,91105-04-08-00,BH,0.5,0.5,prior,observation
4u_1608_522,4U 1608-522,91405-01-27-00,NS,0.5,0.5,prior,observation
sax_j1808_4_3658,SAX J1808.4-3658,91418-01-03-01,NS,0.5,0.5,prior,observation
4u_1636_536,4U 1636-536,92023-01-93-00,NS,0.5,0.5,prior,observation
4u_1636_536,4U 1636-536,92023-02-08-00,NS,0.5,0.5,prior,observation
4u_1728_34,4U 1728-34,92023-03-09-10,NS,0.5,0.5,prior,observation
4u_1728_34,4U 1728-34,92023-03-22-10,NS,0.5,0.5,prior,observation
4u_1728_34,4U 1728-34,92023-03-47-00,NS,0.5,0.5,prior,observation
hete_j1900_1_2455,HETE J1900.1-2455,92049-01-04-00,NS,0.5,0.5,prior,observation
hete_j1900_1_2455,HETE J1900.1-2455,92049-01-14-00,NS,0.5,0.5,prior,observation
hete_j1900_1_2455,HETE J1900.1-2455,92049-01-49-00,NS,0.5,0.5,prior,observation
4u_0614_09,4U 0614+09,92411-01-10-00,NS,0.5,0.5,prior,observation
gx_339_4,GX 339-4,92704-03-32-00,BH,0.5,0.5,prior,observation
igr_j00291_5934,IGR J00291+5934,93013-07-06-02,NS,0.5,0.5,prior,observation
4u_1705_44,4U 1705-44,93060-01-10-00,NS,0.5,0.5,prior,observation
cyg_x_2,Cyg X-2,93082-02-04-02,NS,0.5,0.5,prior,observation
4u_1636_536,4U 1636-536,93087-01-41-00,NS,0.5,0.5,prior,observation
4u_1636_536,4U 1636-536,93087-01-83-10,NS,0.5,0.5,prior,observation
sax_j1810_8_2609,SAX J1810.8-2609,93093-01-01-01,NS,0.5,0.5,prior,observation
sax_j1810_8_2609,SAX J1810.8-2609,93093-01-02-03,NS,0.5,0.5,prior,observation
sax_j1810_8_2609,SAX J1810.8-2609,93093-01-02-04,NS,0.5,0.5,prior,observation
1a_1744_361,1A 1744-361,93155-01-03-01,NS,0.5,0.5,prior,observation
4u_0614_09,4U 0614+09,93404-01-02-00,NS,0.5,0.5,prior,observation
4u_0614_09,4U 0614+09,93404-01-11-02,NS,0.5,0.5,prior,observation
sax_j1810_8_2609,SAX J1810.8-2609,93414-01-01-02,NS,0.5,0.5,prior,observation
sax_j1750_8_2900,SAX J1750.8-2900,93432-01-03-01,NS,0.5,0.5,prior,observation
sax_j1750_8_2900,SAX J1750.8-2900,93432-01-05-02,NS,0.5,0.5,prior,observation
sax_j1750_8_2900,SAX J1750.8-2900,93432-01-07-00,NS,0.5,0.5,prior,observation
sax_j1750_8_2900,SAX J1750.8-2900,93432-01-09-03,NS,0.5,0.5,prior,observation
sax_j1750_8_2900,SAX J1750.8-2900,93432-01-13-02,NS,0.5,0.5,prior,observation
cyg_x_2,Cyg X-2,93443-01-01-13,NS,0.5,0.5,prior,observation
hete_j1900_1_2455,HETE J1900.1-2455,93451-01-01-00,NS,0.5,0.5,prior,observation
slx_1735_269,SLX 1735-269,94044-05-01-00,NS,0.5,0.5,prior,observation
4u_1705_44,4U 1705-44,94060-01-02-00,NS,0.5,0.5,prior,observation
4u_1705_44,4U 1705-44,94060-01-30-00,NS,0.5,0.5,prior,observation
4u_0614_09,4U 0614+09,94404-01-07-00,NS,0.5,0.5,prior,observation
aql_x_1,Aql X-1,94441-01-01-02,NS,0.5,0.5,prior,observation
4u_1705_44,4U 1705-44,95060-01-63-00,NS,0.5,0.5,prior,observation
4u_1636_536,4U 1636-536,95087-01-15-10,NS,0.5,0.5,prior,observation
4u_1636_536,4U 1636-536,95087-01-71-00,NS,0.5,0.5,prior,observation
4u_1254_69,4U 1254-69,95324-01-02-00,NS,0.5,0.5,prior,observation
4u_1608_522,4U 1608-522,95334-01-03-00,NS,0.5,0.5,prior,observation
gx_339_4,GX 339-4,95409-01-38-01,BH,0.5,0.5,prior,observation
aql_x_1,Aql X-1,95413-01-06-01,NS,0.5,0.5,prior,observation
1a_1744_361,1A 1744-361,95416-01-01-02,NS,0.5,0.5,prior,observation
4u_1705_44,4U 1705-44,96060-01-36-00,NS,0.5,0.5,prior,observation
4u_1705_44,4U 1705-44,96060-01-51-00,NS,0.5,0.5,prior,observation
sax_j1806_5_2215,SAX J1806.5-2215,96085-04-11-00,NS,0.5,0.5,prior,observation
sax_j1806_5_2215,SAX J1806.5-2215,96085-04-13-00,NS,0.5,0.5,prior,observation
sax_j1806_5_2215,SAX J1806.5-2215,96085-04-16-00,NS,0.5,0.5,prior,observation
sax_j1806_5_2215,SAX J1806.5-2215,96085-04-26-00,NS,0.5,0.5,prior,observation
4u_1636_536,4U 1636-536,96087-01-25-00,NS,0.5,0.5,prior,observation
4u_1636_536,4U 1636-536,96087-01-77-00,NS,0.5,0.5,prior,observation
4u_0614_09,4U 0614+09,96307-01-10-00,NS,0.5,0.5,prior,observation
4u_0614_09,4U 0614+09,96404-01-02-00,NS,0.5,0.5,prior,observation
slx_1735_269,SLX 1735-269,96429-01-04-00,NS,0.5,0.5,prior,observation
aql_x_1,Aql X-1,96440-01-02-00,NS,0.5,0.5,prior,observation
gx_339_4,GX 339-4,10420-01-01-00,BH,0.5,0.5,prior,observation
4u_1702_429,4U 1702-429,20084-02-01-00,NS,0.5,0.5,prior,observation
aql_x_1,Aql X-1,20098-03-01-00,NS,0.5,0.5,prior,observation
slx_1735_269,SLX 1735-269,20170-03-06-00,NS,0.5,0.5,prior,observation
gs_1354_64,GS 1354-64,20431-01-03-00,BH,0.5,0.5,prior,observation
xte_j1550_564,XTE J1550-564,30188-06-01-02,BH,0.5,0.5,prior,observation
gs_1354_64,GS 1354-64,30401-01-03-00,BH,0.5,0.5,prior,observation
xte_j1550_564,XTE J1550-564,30435-01-25-00,BH,0.5,0.5,prior,observation
cyg_x_2,Cyg X-2,40017-02-12-00,NS,0.5,0.5,prior,observation
4u_1728_34,4U 1728-34,40019-03-01-02,NS,0.5,0.5,prior,observation
ser_x_1,Ser X-1,40025-03-01-02,NS,0.5,0.5,prior,observation
ser_x_1,Ser X-1,40025-03-02-00,NS,0.5,0.5,prior,observation
4u_0614_09,4U 0614+09,40030-01-14-00,NS,0.5,0.5,prior,observation
gx_339_4,GX 339-4,40108-01-04-00,BH,0.5,0.5,prior,observation
xte_j1859_226,XTE J1859+226,40124-01-36-00,BH,0.5,0.5,prior,observation
xte_j1550_564,XTE J1550-564,40401-01-82-04,BH,0.5,0.5,prior,observation
mxb_1658_298,MXB 1658-298,40414-01-15-00,NS,0.5,0.5,prior,observation
ser_x_1,Ser X-1,40426-01-01-00,NS,0.5,0.5,prior,observation
4u_1702_429,4U 1702-429,50025-01-01-01,NS,0.5,0.5,prior,observation
4u_1735_444,4U 1735-444,50025-02-01-01,NS,0.5,0.5,prior,observation
4u_0614_09,4U 0614+09,50026-02-01-01,NS,0.5,0.5,prior,observation
4u_1702_429,4U 1702-429,50030-01-09-01,NS,0.5,0.5,prior,observation
4u_1702_429,4U 1702-429,50030-01-09-02,NS,0.5,0.5,prior,observation
4u_1702_429,4U 1702-429,50030-01-13-01,NS,0.5,0.5,prior,observation
4u_0614_09,4U 0614+09,50031-01-02-07,NS,0.5,0.5,prior,observation
xte_j1118_480,XTE J1118+480,50133-01-05-00,BH,0.5,0.5,prior,observation
xte_j1118_480,XTE J1118+480,50407-01-02-00,BH,0.5,0.5,prior,observation
xte_j1118_480,XTE J1118+480,50407-01-05-01,BH,0.5,0.5,prior,observation
mxb_1658_298,MXB 1658-298,50410-01-02-00,NS,0.5,0.5,prior,observation
mxb_1658_298,MXB 1658-298,50410-01-03-00,NS,0.5,0.5,prior,observation
4u_1636_536,4U 1636-536,60032-01-04-00,NS,0.5,0.5,prior,observation
4u_1636_536,4U 1636-536,60032-01-14-01,NS,0.5,0.5,prior,observation
mxb_1658_298,MXB 1658-298,60048-02-01-00,NS,0.5,0.5,prior,observation
mxb_1658_298,MXB 1658-298,60048-03-02-00,NS,0.5,0.5,prior,observation
4u_1608_522,4U 1608-522,60052-02-04-03,NS,0.5,0.5,prior,observation
mxb_1658_298,MXB 1658-298,60419-01-01-00,NS,0.5,0.5,prior,observation
gx_339_4,GX 339-4,60705-01-80-00,BH,0.5,0.5,prior,observation
cyg_x_2,Cyg X-2,70014-02-02-00,NS,0.5,0.5,prior,observation
ser_x_1,Ser X-1,70014-03-01-02,NS,0.5,0.5,prior,observation
ser_x_1,Ser X-1,70014-03-02-00,NS,0.5,0.5,prior,observation
ser_x_1,Ser X-1,70014-03-02-02,NS,0.5,0.5,prior,observation
ser_x_1,Ser X-1,70027-04-01-01,NS,0.5,0.5,prior,observation
4u_1746_37,4U 1746-37,70050-01-01-00,NS,0.5,0.5,prior,observation
4u_1746_37,4U 1746-37,70050-01-01-05,NS,0.5,0.5,prior,observation
4u_1746_37,4U 1746-37,70050-01-01-06,NS,0.5,0.5,prior,observation
4u_1746_37,4U 1746-37,70050-01-01-09,NS,0.5,0.5,prior,observation
aql_x_1,Aql X-1,70069-03-04-08,NS,0.5,0.5,prior,observation
sax_j1808_4_3658,SAX J1808.4-3658,70080-01-02-03,NS,0.5,0.5,prior,observation
4u_1543_475,4U 1543-475,70124-02-11-00,BH,0.5,0.5,prior,observation
4u_1543_475,4U 1543-475,70133-01-05-00,BH,0.5,0.5,prior,observation
4u_1543_475,4U 1543-475,70133-01-20-00,BH,0.5,0.5,prior,observation
4u_1543_475,4U 1543-475,70133-01-26-01,BH,0.5,0.5,prior,observation
slx_1735_269,SLX 1735-269,70134-08-01-00,NS,0.5,0.5,prior,observation
v4641_sgr,V4641 Sgr,80054-08-01-00,BH,0.5,0.5,prior,observation
slx_1735_269,SLX 1735-269,80138-03-08-00,NS,0.5,0.5,prior,observation
1a_1744_361,1A 1744-361,80431-01-03-00,NS,0.5,0.5,prior,observation
xte_j1118_480,XTE J1118+480,90011-01-01-01,BH,0.5,0.5,prior,observation
xte_j1118_480,XTE J1118+480,90011-01-01-05,BH,0.5,0.5,prior,observation
xte_j1118_480,XTE J1118+480,90011-01-01-09,BH,0.5,0.5,prior,observation
4u_1254_69,4U 1254-69,90036-01-01-01,NS,0.5,0.5,prior,observation
4u_1746_37,4U 1746-37,90044-01-02-00,NS,0.5,0.5,prior,observation
1a_1744_361,1A 1744-361,90058-04-02-00,NS,0.5,0.5,prior,observation
xte_j1118_480,XTE J1118+480,90111-01-02-06,BH,0.5,0.5,prior,observation
aql_x_1,Aql X-1,90403-01-01-00,NS,0.5,0.5,prior,observation
igr_j00291_5934,IGR J00291+5934,90425-01-02-14,NS,0.5,0.5,prior,observation
cyg_x_2,Cyg X-2,91009-01-38-00,NS,0.5,0.5,prior,observation
4u_1735_444,4U 1735-444,91025-01-08-04,NS,0.5,0.5,prior,observation
4u_1735_444,4U 1735-444,91025-01-09-07,NS,0.5,0.5,prior,observation
4u_1735_444,4U 1735-444,91025-01-10-01,NS,0.5,0.5,prior,observation
4u_1705_44,4U 1705-44,91039-01-01-10,NS,0.5,0.5,prior,observation
1a_1744_361,1A 1744-361,91050-05-02-00,NS,0.5,0.5,prior,observation
sax_j1808_4_3658,SAX J1808.4-3658,91056-01-03-09,NS,0.5,0.5,prior,observation
hete_j1900_1_2455,HETE J1900.1-2455,91057-01-03-01,NS,0.5,0.5,prior,observation
hete_j1900_1_2455,HETE J1900.1-2455,91057-01-05-04,NS,0.5,0.5,prior,observation
4u_1735_444,4U 1735-444,91152-06-01-10,NS,0.5,0.5,prior,observation
4u_1728_34,4U 1728-34,92023-03-07-00,NS,0.5,0.5,prior,observation
4u_1728_34,4U 1728-34,92023-03-46-10,NS,0.5,0.5,prior,observation
4u_1728_34,4U 1728-34,92023-03-59-10,NS,0.5,0.5,prior,observation
4u_1728_34,4U 1728-34,92023-03-88-10,NS,0.5,0.5,prior,observation
4u_1728_34,4U 1728-34,92023-03-94-00,NS,0.5,0.5,prior,observation
cyg_x_2,Cyg X-2,92038-01-05-01,NS,0.5,0.5,prior,observation
slx_1735_269,SLX 1735-269,92052-02-01-00,NS,0.5,0.5,prior,observation
igr_j00291_5934,IGR J00291+5934,93013-07-18-00,NS,0.5,0.5,prior,observation
sax_j1808_4_3658,SAX J1808.4-3658,93027-01-02-00,NS,0.5,0.5,prior,observation
hete_j1900_1_2455,HETE J1900.1-2455,93030-01-03-00,NS,0.5,0.5,prior,observation
hete_j1900_1_2455,HETE J1900.1-2455,93030-01-15-00,NS,0.5,0.5,prior,observation
sax_j1810_8_2609,SAX J1810.8-2609,93044-02-01-00,NS,0.5,0.5,prior,observation
sax_j1810_8_2609,SAX J1810.8-2609,93044-02-07-00,NS,0.5,0.5,prior,observation
sax_j1810_8_2609,SAX J1810.8-2609,93044-02-08-00,NS,0.5,0.5,prior,observation
sax_j1750_8_2900,SAX J1750.8-2900,93044-08-08-01,NS,0.5,0.5,prior,observation
4u_1705_44,4U 1705-44,93060-01-01-10,NS,0.5,0.5,prior,observation
4u_1705_44,4U 1705-44,93060-01-14-10,NS,0.5,0.5,prior,observation
4u_1705_44,4U 1705-44,93060-01-22-00,NS,0.5,0.5,prior,observation
4u_1705_44,4U 1705-44,93060-01-28-10,NS,0.5,0.5,prior,observation
aql_x_1,Aql X-1,93076-01-09-00,NS,0.5,0.5,prior,observation
4u_1636_536,4U 1636-536,93087-01-87-00,NS,0.5,0.5,prior,observation
sax_j1810_8_2609,SAX J1810.8-2609,93093-01-02-02,NS,0.5,0.5,prior,observation
sax_j1810_8_2609,SAX J1810.8-2609,93093-01-02-07,NS,0.5,0.5,prior,observation
sax_j1810_8_2609,SAX J1810.8-2609,93093-01-02-11,NS,0.5,0.5,prior,observation
1a_1744_361,1A 1744-361,93155-01-01-00,NS,0.5,0.5,prior,observation
1a_1744_361,1A 1744-361,93155-01-06-02,NS,0.5,0.5,prior,observation
1a_1744_361,1A 1744-361,93155-01-07-00,NS,0.5,0.5,prior,observation
1a_1744_361,1A 1744-361,93155-01-08-00,NS,0.5,0.5,prior,observation
4u_1608_522,4U 1608-522,93408-01-32-04,NS,0.5,0.5,prior,observation
4u_1608_522,4U 1608-522,93408-01-42-05,NS,0.5,0.5,prior,observation
gx_339_4,GX 339-4,93409-01-04-01,BH,0.5,0.5,prior,observation
sax_j1810_8_2609,SAX J1810.8-2609,93414-01-01-03,NS,0.5,0.5,prior,observation
sax_j1810_8_2609,SAX J1810.8-2609,93414-01-04-00,NS,0.5,0.5,prior,observation
sax_j1750_8_2900,SAX J1750.8-2900,93432-01-02-05,NS,0.5,0.5,prior,observation
sax_j1750_8_2900,SAX J1750.8-2900,93432-01-03-05,NS,0.5,0.5,prior,observation
sax_j1750_8_2900,SAX J1750.8-2900,93432-01-04-02,NS,0.5,0.5,prior,observation
sax_j1750_8_2900,SAX J1750.8-2900,93432-01-15-00,NS,0.5,0.5,prior,observation
sax_j1750_8_2900,SAX J1750.8-2900,93432-01-17-02,NS,0.5,0.5,prior,observation
4u_1705_44,4U 1705-44,94060-01-15-00,NS,0.5,0.5,prior,observation
4u_1705_44,4U 1705-44,94060-01-46-00,NS,0.5,0.5,prior,observation
aql_x_1,Aql X-1,94076-01-04-07,NS,0.5,0.5,prior,observation
4u_1702_429,4U 1702-429,94415-01-01-01,NS,0.5,0.5,prior,observation
hete_j1900_1_2455,HETE J1900.1-2455,95030-01-40-00,NS,0.5,0.5,prior,observation
4u_1705_44,4U 1705-44,95060-01-50-00,NS,0.5,0.5,prior,observation
gx_339_4,GX 339-4,95409-01-07-01,BH,0.5,0.5,prior,observation
gx_339_4,GX 339-4,95409-01-21-00,BH,0.5,0.5,prior,observation
1a_1744_361,1A 1744-361,95416-01-01-00,NS,0.5,0.5,prior,observation
1a_1744_361,1A 1744-361,95416-01-02-02,NS,0.5,0.5,prior,observation
hete_j1900_1_2455,HETE J1900.1-2455,96030-01-32-00,NS,0.5,0.5,prior,observation
sax_j1806_5_2215,SAX J1806.5-2215,96085-04-01-00,NS,0.5,0.5,prior,observation
sax_j1806_5_2215,SAX J1806.5-2215,96085-04-03-02,NS,0.5,0.5,prior,observation
sax_j1806_5_2215,SAX J1806.5-2215,96085-04-04-00,NS,0.5,0.5,prior,observation
sax_j1806_5_2215,SAX J1806.5-2215,96085-04-06-00,NS,0.5,0.5,prior,observation
sax_j1806_5_2215,SAX J1806.5-2215,96085-04-08-00,NS,0.5,0.5,prior,observation
sax_j1806_5_2215,SAX J1806.5-2215,96085-04-09-01,NS,0.5,0.5,prior,observation
sax_j1806_5_2215,SAX J1806.5-2215,96085-04-10-01,NS,0.5,0.5,prior,observation
sax_j1806_5_2215,SAX J1806.5-2215,96085-04-15-00,NS,0.5,0.5,prior,observation
4u_1728_34,4U 1728-34,96322-01-05-00,NS,0.5,0.5,prior,observation
4u_1735_444,4U 1735-444,96325-01-01-03,NS,0.5,0.5,prior,observation
4u_1735_444,4U 1735-444,96331-01-03-02,NS,0.5,0.5,prior,observation
4u_1608_522,4U 1608-522,96423-01-39-02,NS,0.5,0.5,prior,observation
aql_x_1,Aql X-1,96440-01-05-04,NS,0.5,0.5,prior,observation
4u_1608_522,4U 1608-522,10093-01-01-01,NS,0.5,0.5,prior,observation
4u_0614_09,4U 0614+09,10095-01-01-00,NS,0.5,0.5,prior,observation
ks_1731_260,KS 1731-260,10416-01-01-00,NS,0.5,0.5,prior,observation
ks_1731_260,KS 1731-260,10416-01-03-00,NS,0.5,0.5,prior,observation
4u_1735_444,4U 1735-444,20084-01-02-03,NS,0.5,0.5,prior,observation
slx_1735_269,SLX 1735-269,20170-03-08-00,NS,0.5,0.5,prior,observation
cyg_x_2,Cyg X-2,30046-01-03-00,NS,0.5,0.5,prior,observation
ks_1731_260,KS 1731-260,30061-01-02-01,NS,0.5,0.5,prior,observation
ks_1731_260,KS 1731-260,30061-01-03-01,NS,0.5,0.5,prior,observation
ks_1731_260,KS 1731-260,30061-01-04-00,NS,0.5,0.5,prior,observation
gs_1354_64,GS 1354-64,30401-01-02-00,BH,0.5,0.5,prior,observation
ser_x_1,Ser X-1,40025-03-01-01,NS,0.5,0.5,prior,observation
4u_1702_429,4U 1702-429,40025-04-03-01,NS,0.5,0.5,prior,observation
4u_1636_536,4U 1636-536,40028-01-14-02,NS,0.5,0.5,prior,observation
mxb_1658_298,MXB 1658-298,40050-04-05-02,NS,0.5,0.5,prior,observation
xte_j1859_226,XTE J1859+226,40124-01-11-00,BH,0.5,0.5,prior,observation
xte_j1859_226,XTE J1859+226,40124-01-33-00,BH,0.5,0.5,prior,observation
xte_j1859_226,XTE J1859+226,40124-01-35-02,BH,0.5,0.5,prior,observation
xte_j1859_226,XTE J1859+226,40124-01-51-00,BH,0.5,0.5,prior,observation
xte_j1859_226,XTE J1859+226,40124-01-55-00,BH,0.5,0.5,prior,observation
xte_j1859_226,XTE J1859+226,40124-01-55-03,BH,0.5,0.5,prior,observation
xte_j1550_564,XTE J1550-564,40401-01-26-00,BH,0.5,0.5,prior,observation
xte_j1550_564,XTE J1550-564,40401-01-43-00,BH,0.5,0.5,prior,observation
xte_j1550_564,XTE J1550-564,40401-01-96-01,BH,0.5,0.5,prior,observation
mxb_1658_298,MXB 1658-298,40414-01-01-00,NS,0.5,0.5,prior,observation
aql_x_1,Aql X-1,40432-01-04-00,NS,0.5,0.5,prior,observation
4u_1735_444,4U 1735-444,50026-01-01-03,NS,0.5,0.5,prior,observation
4u_1728_34,4U 1728-34,50029-23-01-00,NS,0.5,0.5,prior,observation
4u_1735_444,4U 1735-444,50029-34-01-00,NS,0.5,0.5,prior,observation
4u_1702_429,4U 1702-429,50030-01-01-05,NS,0.5,0.5,prior,observation
4u_1702_429,4U 1702-429,50030-01-05-00,NS,0.5,0.5,prior,observation
4u_0614_09,4U 0614+09,50031-01-01-01,NS,0.5,0.5,prior,observation
ks_1731_260,KS 1731-260,50031-02-01-11,NS,0.5,0.5,prior,observation
ks_1731_260,KS 1731-260,50031-02-02-07,NS,0.5,0.5,prior,observation
aql_x_1,Aql X-1,50049-02-08-03,NS,0.5,0.5,prior,observation
xte_j1118_480,XTE J1118+480,50133-01-04-00,BH,0.5,0.5,prior,observation
xte_j1118_480,XTE J1118+480,50137-01-04-00,BH,0.5,0.5,prior,observation
xte_j1118_480,XTE J1118+480,50407-01-06-00,BH,0.5,0.5,prior,observation
xte_j1118_480,XTE J1118+480,50407-01-15-00,BH,0.5,0.5,prior,observation
mxb_1658_298,MXB 1658-298,50410-01-05-00,NS,0.5,0.5,prior,observation
mxb_1658_298,MXB 1658-298,50410-01-07-00,NS,0.5,0.5,prior,observation
mxb_1658_298,MXB 1658-298,60048-01-02-00,NS,0.5,0.5,prior,observation
mxb_1658_298,MXB 1658-298,60048-01-04-00,NS,0.5,0.5,prior,observation
mxb_1658_298,MXB 1658-298,60048-01-05-00,NS,0.5,0.5,prior,observation
mxb_1658_298,MXB 1658-298,60048-03-05-00,NS,0.5,0.5,prior,observation
sax_j1750_8_2900,SAX J1750.8-2900,60084-03-02-00,NS,0.5,0.5,prior,observation
gx_339_4,GX 339-4,60705-01-69-00,BH,0.5,0.5,prior,observation
ser_x_1,Ser X-1,70014-03-01-01,NS,0.5,0.5,prior,observation
ser_x_1,Ser X-1,70014-03-02-01,NS,0.5,0.5,prior,observation
ser_x_1,Ser X-1,70027-04-08-00,NS,0.5,0.5,prior,observation
4u_1746_37,4U 1746-37,70050-01-01-04,NS,0.5,0.5,prior,observation
4u_1746_37,4U 1746-37,70050-01-01-07,NS,0.5,0.5,prior,observation
4u_1746_37,4U 1746-37,70050-01-01-08,NS,0.5,0.5,prior,observation
4u_1608_522,4U 1608-522,70058-01-22-00,NS,0.5,0.5,prior,observation
4u_1608_522,4U 1608-522,70058-01-37-00,NS,0.5,0.5,prior,observation
sax_j1808_4_3658,SAX J1808.4-3658,70080-01-02-13,NS,0.5,0.5,prior,observation
sax_j1808_4_3658,SAX J1808.4-3658,70080-02-02-35,NS,0.5,0.5,prior,observation
4u_1543_475,4U 1543-475,70124-02-03-00,BH,0.5,0.5,prior,observation
4u_1543_475,4U 1543-475,70124-02-06-00,BH,0.5,0.5,prior,observation
v4641_sgr,V4641 Sgr,80054-08-01-01,BH,0.5,0.5,prior,observation
gx_339_4,GX 339-4,80102-04-57-01,BH,0.5,0.5,prior,observation
1a_1744_361,1A 1744-361,80431-01-03-02,NS,0.5,0.5,prior,observation
aql_x_1,Aql X-1,90017-01-07-00,NS,0.5,0.5,prior,observation
cyg_x_2,Cyg X-2,90030-01-08-00,NS,0.5,0.5,prior,observation
cyg_x_2,Cyg X-2,90030-01-67-00,NS,0.5,0.5,prior,observation
4u_1746_37,4U 1746-37,90044-01-01-01,NS,0.5,0.5,prior,observation
slx_1735_269,SLX 1735-269,90058-05-01-04,NS,0.5,0.5,prior,observation
xte_j1118_480,XTE J1118+480,90111-01-02-11,BH,0.5,0.5,prior,observation
xte_j1118_480,XTE J1118+480,90111-01-03-02,BH,0.5,0.5,prior,observation
cyg_x_2,Cyg X-2,91009-01-06-00,NS,0.5,0.5,prior,observation
hete_j1900_1_2455,HETE J1900.1-2455,91015-01-04-07,NS,0.5,0.5,prior,observation
4u_1735_444,4U 1735-444,91025-01-05-06,NS,0.5,0.5,prior,observation
4u_1735_444,4U 1735-444,91025-01-08-05,NS,0.5,0.5,prior,observation
4u_1735_444,4U 1735-444,91025-01-13-10,NS,0.5,0.5,prior,observation
4u_1705_44,4U 1705-44,91039-01-01-50,NS,0.5,0.5,prior,observation
4u_1705_44,4U 1705-44,91039-01-02-61,NS,0.5,0.5,prior,observation
1a_1744_361,1A 1744-361,91050-05-03-00,NS,0.5,0.5,prior,observation
hete_j1900_1_2455,HETE J1900.1-2455,91057-01-08-00,NS,0.5,0.5,prior,observation
4u_1735_444,4U 1735-444,91152-06-02-00,NS,0.5,0.5,prior,observation
4u_0614_09,4U 0614+09,91425-01-04-02,NS,0.5,0.5,prior,observation
4u_1636_536,4U 1636-536,92023-01-94-10,NS,0.5,0.5,prior,observation
4u_1728_34,4U 1728-34,92023-03-33-00,NS,0.5,0.5,prior,observation
4u_1728_34,4U 1728-34,92023-03-74-10,NS,0.5,0.5,prior,observation
gx_339_4,GX 339-4,92035-01-02-06,BH,0.5,0.5,prior,observation
hete_j1900_1_2455,HETE J1900.1-2455,92049-01-37-00,NS,0.5,0.5,prior,observation
hete_j1900_1_2455,HETE J1900.1-2455,93030-01-25-01,NS,0.5,0.5,prior,observation
hete_j1900_1_2455,HETE J1900.1-2455,93030-01-37-00,NS,0.5,0.5,prior,observation
sax_j1810_8_2609,SAX J1810.8-2609,93044-02-03-00,NS,0.5,0.5,prior,observation
sax_j1810_8_2609,SAX J1810.8-2609,93044-02-06-01,NS,0.5,0.5,prior,observation
sax_j1750_8_2900,SAX J1750.8-2900,93044-08-02-00,NS,0.5,0.5,prior,observation
sax_j1750_8_2900,SAX J1750.8-2900,93044-08-05-00,NS,0.5,0.5,prior,observation
4u_1705_44,4U 1705-44,93060-01-71-00,NS,0.5,0.5,prior,observation
4u_1705_44,4U 1705-44,93060-01-85-00,NS,0.5,0.5,prior,observation
4u_1636_536,4U 1636-536,93087-01-36-20,NS,0.5,0.5,prior,observation
sax_j1810_8_2609,SAX J1810.8-2609,93093-01-02-10,NS,0.5,0.5,prior,observation
1a_1744_361,1A 1744-361,93155-01-02-01,NS,0.5,0.5,prior,observation
1a_1744_361,1A 1744-361,93155-01-03-02,NS,0.5,0.5,prior,observation
1a_1744_361,1A 1744-361,93155-01-03-03,NS,0.5,0.5,prior,observation
4u_0614_09,4U 0614+09,93404-01-21-00,NS,0.5,0.5,prior,observation
4u_1608_522,4U 1608-522,93408-01-26-03,NS,0.5,0.5,prior,observation
4u_1608_522,4U 1608-522,93408-01-66-01,NS,0.5,0.5,prior,observation
sax_j1810_8_2609,SAX J1810.8-2609,93414-01-04-01,NS,0.5,0.5,prior,observation
sax_j1810_8_2609,SAX J1810.8-2609,93414-01-04-03,NS,0.5,0.5,prior,observation
sax_j1810_8_2609,SAX J1810.8-2609,93414-01-05-01,NS,0.5,0.5,prior,observation
sax_j1750_8_2900,SAX J1750.8-2900,93432-01-01-01,NS,0.5,0.5,prior,observation
sax_j1750_8_2900,SAX J1750.8-2900,93432-01-06-00,NS,0.5,0.5,prior,observation
sax_j1750_8_2900,SAX J1750.8-2900,93432-01-07-04,NS,0.5,0.5,prior,observation
sax_j1750_8_2900,SAX J1750.8-2900,93432-01-10-01,NS,0.5,0.5,prior,observation
sax_j1750_8_2900,SAX J1750.8-2900,93432-01-11-02,NS,0.5,0.5,prior,observation
hete_j1900_1_2455,HETE J1900.1-2455,94030-01-37-00,NS,0.5,0.5,prior,observation
4u_1636_536,4U 1636-536,94087-01-10-00,NS,0.5,0.5,prior,observation
4u_1608_522,4U 1608-522,94401-01-18-00,NS,0.5,0.5,prior,observation
4u_1705_44,4U 1705-44,95060-01-22-00,NS,0.5,0.5,prior,observation
4u_1636_536,4U 1636-536,95087-01-15-00,NS,0.5,0.5,prior,observation
4u_1254_69,4U 1254-69,95324-01-02-01,NS,0.5,0.5,prior,observation
cyg_x_2,Cyg X-2,95345-01-32-00,NS,0.5,0.5,prior,observation
cyg_x_2,Cyg X-2,95345-01-42-00,NS,0.5,0.5,prior,observation
4u_0614_09,4U 0614+09,95404-01-01-01,NS,0.5,0.5,prior,observation
4u_0614_09,4U 0614+09,95404-01-09-02,NS,0.5,0.5,prior,observation
gx_339_4,GX 339-4,95409-01-15-01,BH,0.5,0.5,prior,observation
1a_1744_361,1A 1744-361,95416-01-02-00,NS,0.5,0.5,prior,observation
v4641_sgr,V4641 Sgr,95436-01-01-00,BH,0.5,0.5,prior,observation
4u_1705_44,4U 1705-44,96060-01-23-00,NS,0.5,0.5,prior,observation
sax_j1806_5_2215,SAX J1806.5-2215,96085-04-03-00,NS,0.5,0.5,prior,observation
sax_j1806_5_2215,SAX J1806.5-2215,96085-04-05-03,NS,0.5,0.5,prior,observation
sax_j1806_5_2215,SAX J1806.5-2215,96085-04-06-01,NS,0.5,0.5,prior,observation
sax_j1806_5_2215,SAX J1806.5-2215,96085-04-19-00,NS,0.5,0.5,prior,observation
sax_j1806_5_2215,SAX J1806.5-2215,96085-04-20-00,NS,0.5,0.5,prior,observation
sax_j1806_5_2215,SAX J1806.5-2215,96085-04-23-00,NS,0.5,0.5,prior,observation
sax_j1806_5_2215,SAX J1806.5-2215,96085-04-25-00,NS,0.5,0.5,prior,observation
sax_j1806_5_2215,SAX J1806.5-2215,96085-04-29-00,NS,0.5,0.5,prior,observation
sax_j1806_5_2215,SAX J1806.5-2215,96085-04-30-00,NS,0.5,0.5,prior,observation
sax_j1806_5_2215,SAX J1806.5-2215,96085-04-33-00,NS,0.5,0.5,prior,observation
4u_1636_536,4U 1636-536,96087-01-84-10,NS,0.5,0.5,prior,observation
4u_1735_444,4U 1735-444,96331-01-01-00,NS,0.5,0.5,prior,observation
slx_1735_269,SLX 1735-269,96429-01-02-02,NS,0.5,0.5,prior,observation
slx_1735_269,SLX 1735-269,96429-01-06-02,NS,0.5,0.5,prior,observation
4u_1735_444,4U 1735-444,20084-01-01-00,NS,0.5,0.5,prior,grouped
4u_1735_444,4U 1735-444,20084-01-02-03,NS,0.5,0.5,prior,grouped
4u_1636_536,4U 1636-536,30053-02-01-00,NS,0.5,0.5,prior,grouped
xte_j1550_564,XTE J1550-564,30188-06-01-02,BH,0.5,0.5,prior,grouped
xte_j1550_564,XTE J1550-564,30191-01-02-00,BH,0.5,0.5,prior,grouped
xte_j1550_564,XTE J1550-564,30191-01-12-00,BH,0.5,0.5,prior,grouped
xte_j1550_564,XTE J1550-564,30191-01-28-01,BH,0.5,0.5,prior,grouped
xte_j1550_564,XTE J1550-564,30191-01-34-00,BH,0.5,0.5,prior,grouped
xte_j1550_564,XTE J1550-564,30191-01-44-00,BH,0.5,0.5,prior,grouped
xte_j1550_564,XTE J1550-564,30435-01-07-00,BH,0.5,0.5,prior,grouped
xte_j1550_564,XTE J1550-564,30435-01-15-01,BH,0.5,0.5,prior,grouped
xte_j1550_564,XTE J1550-564,30435-01-25-00,BH,0.5,0.5,prior,grouped
4u_1636_536,4U 1636-536,40028-01-14-02,NS,0.5,0.5,prior,grouped
4u_1735_444,4U 1735-444,40030-02-04-00,NS,0.5,0.5,prior,grouped
4u_1735_444,4U 1735-444,40030-02-09-01,NS,0.5,0.5,prior,grouped
4u_1735_444,4U 1735-444,40033-07-01-04,NS,0.5,0.5,prior,grouped
mxb_1658_298,MXB 1658-298,40050-04-05-00,NS,0.5,0.5,prior,grouped
mxb_1658_298,MXB 1658-298,40050-04-05-02,NS,0.5,0.5,prior,grouped
xte_j1550_564,XTE J1550-564,40401-01-08-00,BH,0.5,0.5,prior,grouped
xte_j1550_564,XTE J1550-564,40401-01-18-00,BH,0.5,0.5,prior,grouped
xte_j1550_564,XTE J1550-564,40401-01-26-00,BH,0.5,0.5,prior,grouped
xte_j1550_564,XTE J1550-564,40401-01-35-01,BH,0.5,0.5,prior,grouped
xte_j1550_564,XTE J1550-564,40401-01-43-00,BH,0.5,0.5,prior,grouped
xte_j1550_564,XTE J1550-564,40401-01-53-00,BH,0.5,0.5,prior,grouped
xte_j1550_564,XTE J1550-564,40401-01-60-00,BH,0.5,0.5,prior,grouped
xte_j1550_564,XTE J1550-564,40401-01-70-00,BH,0.5,0.5,prior,grouped
xte_j1550_564,XTE J1550-564,40401-01-80-00,BH,0.5,0.5,prior,grouped
xte_j1550_564,XTE J1550-564,40401-01-82-04,BH,0.5,0.5,prior,grouped
xte_j1550_564,XTE J1550-564,40401-01-96-01,BH,0.5,0.5,prior,grouped
mxb_1658_298,MXB 1658-298,40414-01-01-00,NS,0.5,0.5,prior,grouped
mxb_1658_298,MXB 1658-298,40414-01-02-00,NS,0.5,0.5,prior,grouped
mxb_1658_298,MXB 1658-298,40414-01-04-00,NS,0.5,0.5,prior,grouped
mxb_1658_298,MXB 1658-298,40414-01-06-00,NS,0.5,0.5,prior,grouped
mxb_1658_298,MXB 1658-298,40414-01-08-00,NS,0.5,0.5,prior,grouped
mxb_1658_298,MXB 1658-298,40414-01-14-00,NS,0.5,0.5,prior,grouped
mxb_1658_298,MXB 1658-298,40414-01-15-00,NS,0.5,0.5,prior,grouped
4u_1735_444,4U 1735-444,50025-02-01-01,NS,0.5,0.5,prior,grouped
4u_1735_444,4U 1735-444,50025-02-01-06,NS,0.5,0.5,prior,grouped
4u_1735_444,4U 1735-444,50026-01-01-03,NS,0.5,0.5,prior,grouped
4u_1735_444,4U 1735-444,50029-34-01-00,NS,0.5,0.5,prior,grouped
xte_j1550_564,XTE J1550-564,50134-01-05-00,BH,0.5,0.5,prior,grouped
xte_j1550_564,XTE J1550-564,50134-02-04-01,BH,0.5,0.5,prior,grouped
xte_j1550_564,XTE J1550-564,50135-01-11-00,BH,0.5,0.5,prior,grouped
xte_j1550_564,XTE J1550-564,50137-02-04-01,BH,0.5,0.5,prior,grouped
xte_j1550_564,XTE J1550-564,50137-02-12-00,BH,0.5,0.5,prior,grouped
mxb_1658_298,MXB 1658-298,50410-01-02-00,NS,0.5,0.5,prior,grouped
mxb_1658_298,MXB 1658-298,50410-01-03-00,NS,0.5,0.5,prior,grouped
mxb_1658_298,MXB 1658-298,50410-01-05-00,NS,0.5,0.5,prior,grouped
mxb_1658_298,MXB 1658-298,50410-01-07-00,NS,0.5,0.5,prior,grouped
mxb_1658_298,MXB 1658-298,50410-01-09-00,NS,0.5,0.5,prior,grouped
4u_1636_536,4U 1636-536,60032-01-04-00,NS,0.5,0.5,prior,grouped
4u_1636_536,4U 1636-536,60032-01-14-01,NS,0.5,0.5,prior,grouped
4u_1636_536,4U 1636-536,60032-05-15-00,NS,0.5,0.5,prior,grouped
sax_j1750_8_2900,SAX J1750.8-2900,60035-01-02-01,NS,0.5,0.5,prior,grouped
4u_1735_444,4U 1735-444,60042-01-01-01,NS,0.5,0.5,prior,grouped
mxb_1658_298,MXB 1658-298,60048-01-02-00,NS,0.5,0.5,prior,grouped
mxb_1658_298,MXB 1658-298,60048-01-04-00,NS,0.5,0.5,prior,grouped
mxb_1658_298,MXB 1658-298,60048-01-05-00,NS,0.5,0.5,prior,grouped
mxb_1658_298,MXB 1658-298,60048-02-01-00,NS,0.5,0.5,prior,grouped
mxb_1658_298,MXB 1658-298,60048-02-03-00,NS,0.5,0.5,prior,grouped
mxb_1658_298,MXB 1658-298,60048-02-05-00,NS,0.5,0.5,prior,grouped
mxb_1658_298,MXB 1658-298,60048-03-02-00,NS,0.5,0.5,prior,grouped
mxb_1658_298,MXB 1658-298,60048-03-03-00,NS,0.5,0.5,prior,grouped
mxb_1658_298,MXB 1658-298,60048-03-05-00,NS,0.5,0.5,prior,grouped
mxb_1658_298,MXB 1658-298,60048-04-02-00,NS,0.5,0.5,prior,grouped
sax_j1750_8_2900,SAX J1750.8-2900,60084-03-01-02,NS,0.5,0.5,prior,grouped
sax_j1750_8_2900,SAX J1750.8-2900,60084-03-02-00,NS,0.5,0.5,prior,grouped
sax_j1750_8_2900,SAX J1750.8-2900,60117-01-01-00,NS,0.5,0.5,prior,grouped
mxb_1658_298,MXB 1658-298,60419-01-01-00,NS,0.5,0.5,prior,grouped
xte_j1550_564,XTE J1550-564,60428-01-09-00,BH,0.5,0.5,prior,grouped
xte_j1550_564,XTE J1550-564,80135-01-04-01,BH,0.5,0.5,prior,grouped
hete_j1900_1_2455,HETE J1900.1-2455,91015-01-01-00,NS,0.5,0.5,prior,grouped
hete_j1900_1_2455,HETE J1900.1-2455,91015-01-04-07,NS,0.5,0.5,prior,grouped
hete_j1900_1_2455,HETE J1900.1-2455,91015-01-07-01,NS,0.5,0.5,prior,grouped
4u_1636_536,4U 1636-536,91024-01-07-10,NS,0.5,0.5,prior,grouped
4u_1636_536,4U 1636-536,91024-01-13-00,NS,0.5,0.5,prior,grouped
4u_1636_536,4U 1636-536,91024-01-53-10,NS,0.5,0.5,prior,grouped
4u_1636_536,4U 1636-536,91024-01-62-00,NS,0.5,0.5,prior,grouped
4u_1636_536,4U 1636-536,91024-01-85-10,NS,0.5,0.5,prior,grouped
4u_1735_444,4U 1735-444,91025-01-01-09,NS,0.5,0.5,prior,grouped
4u_1735_444,4U 1735-444,91025-01-04-01,NS,0.5,0.5,prior,grouped
4u_1735_444,4U 1735-444,91025-01-04-06,NS,0.5,0.5,prior,grouped
4u_1735_444,4U 1735-444,91025-01-05-06,NS,0.5,0.5,prior,grouped
4u_1735_444,4U 1735-444,91025-01-06-05,NS,0.5,0.5,prior,grouped
4u_1735_444,4U 1735-444,91025-01-08-04,NS,0.5,0.5,prior,grouped
4u_1735_444,4U 1735-444,91025-01-08-05,NS,0.5,0.5,prior,grouped
4u_1735_444,4U 1735-444,91025-01-09-01,NS,0.5,0.5,prior,grouped
4u_1735_444,4U 1735-444,91025-01-09-07,NS,0.5,0.5,prior,grouped
4u_1735_444,4U 1735-444,91025-01-09-18,NS,0.5,0.5,prior,grouped
4u_1735_444,4U 1735-444,91025-01-10-01,NS,0.5,0.5,prior,grouped
4u_1735_444,4U 1735-444,91025-01-11-10,NS,0.5,0.5,prior,grouped
4u_1735_444,4U 1735-444,91025-01-12-00,NS,0.5,0.5,prior,grouped
4u_1735_444,4U 1735-444,91025-01-13-10,NS,0.5,0.5,prior,grouped
4u_1735_444,4U 1735-444,91025-01-16-09,NS,0.5,0.5,prior,grouped
hete_j1900_1_2455,HETE J1900.1-2455,91057-01-03-01,NS,0.5,0.5,prior,grouped
hete_j1900_1_2455,HETE J1900.1-2455,91057-01-05-04,NS,0.5,0.5,prior,grouped
hete_j1900_1_2455,HETE J1900.1-2455,91057-01-08-00,NS,0.5,0.5,prior,grouped
hete_j1900_1_2455,HETE J1900.1-2455,91057-01-11-00,NS,0.5,0.5,prior,grouped
hete_j1900_1_2455,HETE J1900.1-2455,91059-03-03-00,NS,0.5,0.5,prior,grouped
4u_1735_444,4U 1735-444,91152-06-01-10,NS,0.5,0.5,prior,grouped
4u_1735_444,4U 1735-444,91152-06-02-00,NS,0.5,0.5,prior,grouped
4u_1636_536,4U 1636-536,92023-01-42-10,NS,0.5,0.5,prior,grouped
4u_1636_536,4U 1636-536,92023-01-43-00,NS,0.5,0.5,prior,grouped
4u_1636_536,4U 1636-536,92023-01-93-00,NS,0.5,0.5,prior,grouped
4u_1636_536,4U 1636-536,92023-01-94-10,NS,0.5,0.5,prior,grouped
4u_1636_536,4U 1636-536,92023-02-08-00,NS,0.5,0.5,prior,grouped
hete_j1900_1_2455,HETE J1900.1-2455,92049-01-04-00,NS,0.5,0.5,prior,grouped
hete_j1900_1_2455,HETE J1900.1-2455,92049-01-14-00,NS,0.5,0.5,prior,grouped
hete_j1900_1_2455,HETE J1900.1-2455,92049-01-26-00,NS,0.5,0.5,prior,grouped
hete_j1900_1_2455,HETE J1900.1-2455,92049-01-37-00,NS,0.5,0.5,prior,grouped
hete_j1900_1_2455,HETE J1900.1-2455,92049-01-49-00,NS,0.5,0.5,prior,grouped
hete_j1900_1_2455,HETE J1900.1-2455,93030-01-03-00,NS,0.5,0.5,prior,grouped
hete_j1900_1_2455,HETE J1900.1-2455,93030-01-15-00,NS,0.5,0.5,prior,grouped
hete_j1900_1_2455,HETE J1900.1-2455,93030-01-25-01,NS,0.5,0.5,prior,grouped
hete_j1900_1_2455,HETE J1900.1-2455,93030-01-37-00,NS,0.5,0.5,prior,grouped
hete_j1900_1_2455,HETE J1900.1-2455,93030-01-48-00,NS,0.5,0.5,prior,grouped
sax_j1750_8_2900,SAX J1750.8-2900,93044-08-02-00,NS,0.5,0.5,prior,grouped
sax_j1750_8_2900,SAX J1750.8-2900,93044-08-05-00,NS,0.5,0.5,prior,grouped
sax_j1750_8_2900,SAX J1750.8-2900,93044-08-08-01,NS,0.5,0.5,prior,grouped
4u_1636_536,4U 1636-536,93087-01-36-10,NS,0.5,0.5,prior,grouped
4u_1636_536,4U 1636-536,93087-01-36-20,NS,0.5,0.5,prior,grouped
4u_1636_536,4U 1636-536,93087-01-41-00,NS,0.5,0.5,prior,grouped
4u_1636_536,4U 1636-536,93087-01-83-10,NS,0.5,0.5,prior,grouped
4u_1636_536,4U 1636-536,93087-01-87-00,NS,0.5,0.5,prior,grouped
4u_1735_444,4U 1735-444,93200-01-01-04,NS,0.5,0.5,prior,grouped
sax_j1750_8_2900,SAX J1750.8-2900,93432-01-01-01,NS,0.5,0.5,prior,grouped
sax_j1750_8_2900,SAX J1750.8-2900,93432-01-02-00,NS,0.5,0.5,prior,grouped
sax_j1750_8_2900,SAX J1750.8-2900,93432-01-02-05,NS,0.5,0.5,prior,grouped
sax_j1750_8_2900,SAX J1750.8-2900,93432-01-03-01,NS,0.5,0.5,prior,grouped
sax_j1750_8_2900,SAX J1750.8-2900,93432-01-03-05,NS,0.5,0.5,prior,grouped
sax_j1750_8_2900,SAX J1750.8-2900,93432-01-04-02,NS,0.5,0.5,prior,grouped
sax_j1750_8_2900,SAX J1750.8-2900,93432-01-05-02,NS,0.5,0.5,prior,grouped
sax_j1750_8_2900,SAX J1750.8-2900,93432-01-06-00,NS,0.5,0.5,prior,grouped
sax_j1750_8_2900,SAX J1750.8-2900,93432-01-06-03,NS,0.5,0.5,prior,grouped
sax_j1750_8_2900,SAX J1750.8-2900,93432-01-07-00,NS,0.5,0.5,prior,grouped
sax_j1750_8_2900,SAX J1750.8-2900,93432-01-07-04,NS,0.5,0.5,prior,grouped
sax_j1750_8_2900,SAX J1750.8-2900,93432-01-08-01,NS,0.5,0.5,prior,grouped
sax_j1750_8_2900,SAX J1750.8-2900,93432-01-09-03,NS,0.5,0.5,prior,grouped
sax_j1750_8_2900,SAX J1750.8-2900,93432-01-10-01,NS,0.5,0.5,prior,grouped
sax_j1750_8_2900,SAX J1750.8-2900,93432-01-10-04,NS,0.5,0.5,prior,grouped
sax_j1750_8_2900,SAX J1750.8-2900,93432-01-11-02,NS,0.5,0.5,prior,grouped
sax_j1750_8_2900,SAX J1750.8-2900,93432-01-11-03,NS,0.5,0.5,prior,grouped
sax_j1750_8_2900,SAX J1750.8-2900,93432-01-12-02,NS,0.5,0.5,prior,grouped
sax_j1750_8_2900,SAX J1750.8-2900,93432-01-13-02,NS,0.5,0.5,prior,grouped
sax_j1750_8_2900,SAX J1750.8-2900,93432-01-14-01,NS,0.5,0.5,prior,grouped
sax_j1750_8_2900,SAX J1750.8-2900,93432-01-14-03,NS,0.5,0.5,prior,grouped
sax_j1750_8_2900,SAX J1750.8-2900,93432-01-15-00,NS,0.5,0.5,prior,grouped
sax_j1750_8_2900,SAX J1750.8-2900,93432-01-16-00,NS,0.5,0.5,prior,grouped
sax_j1750_8_2900,SAX J1750.8-2900,93432-01-16-04,NS,0.5,0.5,prior,grouped
sax_j1750_8_2900,SAX J1750.8-2900,93432-01-17-02,NS,0.5,0.5,prior,grouped
hete_j1900_1_2455,HETE J1900.1-2455,93451-01-01-00,NS,0.5,0.5,prior,grouped
hete_j1900_1_2455,HETE J1900.1-2455,94030-01-04-00,NS,0.5,0.5,prior,grouped
hete_j1900_1_2455,HETE J1900.1-2455,94030-01-12-00,NS,0.5,0.5,prior,grouped
hete_j1900_1_2455,HETE J1900.1-2455,94030-01-24-00,NS,0.5,0.5,prior,grouped
hete_j1900_1_2455,HETE J1900.1-2455,94030-01-37-00,NS,0.5,0.5,prior,grouped
4u_1636_536,4U 1636-536,94087-01-10-00,NS,0.5,0.5,prior,grouped
4u_1636_536,4U 1636-536,94087-01-47-10,NS,0.5,0.5,prior,grouped
4u_1636_536,4U 1636-536,94087-01-49-00,NS,0.5,0.5,prior,grouped
4u_1636_536,4U 1636-536,94087-01-94-00,NS,0.5,0.5,prior,grouped
hete_j1900_1_2455,HETE J1900.1-2455,95030-01-05-00,NS,0.5,0.5,prior,grouped
hete_j1900_1_2455,HETE J1900.1-2455,95030-01-16-00,NS,0.5,0.5,prior,grouped
hete_j1900_1_2455,HETE J1900.1-2455,95030-01-27-00,NS,0.5,0.5,prior,grouped
hete_j1900_1_2455,HETE J1900.1-2455,95030-01-40-00,NS,0.5,0.5,prior,grouped
4u_1636_536,4U 1636-536,95087-01-15-00,NS,0.5,0.5,prior,grouped
4u_1636_536,4U 1636-536,95087-01-15-10,NS,0.5,0.5,prior,grouped
4u_1636_536,4U 1636-536,95087-01-71-00,NS,0.5,0.5,prior,grouped
hete_j1900_1_2455,HETE J1900.1-2455,96030-01-07-00,NS,0.5,0.5,prior,grouped
hete_j1900_1_2455,HETE J1900.1-2455,96030-01-20-00,NS,0.5,0.5,prior,grouped
hete_j1900_1_2455,HETE J1900.1-2455,96030-01-32-00,NS,0.5,0.5,prior,grouped
4u_1636_536,4U 1636-536,96087-01-25-00,NS,0.5,0.5,prior,grouped
4u_1636_536,4U 1636-536,96087-01-28-10,NS,0.5,0.5,prior,grouped
4u_1636_536,4U 1636-536,96087-01-77-00,NS,0.5,0.5,prior,grouped
4u_1636_536,4U 1636-536,96087-01-84-10,NS,0.5,0.5,prior,grouped
4u_1735_444,4U 1735-444,96325-01-01-03,NS,0.5,0.5,prior,grouped
4u_1735_444,4U 1735-444,96331-01-01-00,NS,0.5,0.5,prior,grouped
4u_1735_444,4U 1735-444,96331-01-03-02,NS,0.5,0.5,prior,grouped
4u_0614_09,4U 0614+09,10095-01-01-00,NS,0.5,0.5,prior,grouped
4u_0614_09,4U 0614+09,20428-01-01-03,NS,0.5,0.5,prior,grouped
4u_0614_09,4U 0614+09,30054-01-02-03,NS,0.5,0.5,prior,grouped
4u_0614_09,4U 0614+09,40030-01-14-00,NS,0.5,0.5,prior,grouped
xte_j1859_226,XTE J1859+226,40122-01-01-03,BH,0.5,0.5,prior,grouped
xte_j1859_226,XTE J1859+226,40122-01-03-01,BH,0.5,0.5,prior,grouped
xte_j1859_226,XTE J1859+226,40124-01-11-00,BH,0.5,0.5,prior,grouped
xte_j1859_226,XTE J1859+226,40124-01-15-03,BH,0.5,0.5,prior,grouped
xte_j1859_226,XTE J1859+226,40124-01-20-00,BH,0.5,0.5,prior,grouped
xte_j1859_226,XTE J1859+226,40124-01-27-00,BH,0.5,0.5,prior,grouped
xte_j1859_226,XTE J1859+226,40124-01-30-00,BH,0.5,0.5,prior,grouped
xte_j1859_226,XTE J1859+226,40124-01-33-00,BH,0.5,0.5,prior,grouped
xte_j1859_226,XTE J1859+226,40124-01-35-02,BH,0.5,0.5,prior,grouped
xte_j1859_226,XTE J1859+226,40124-01-36-00,BH,0.5,0.5,prior,grouped
xte_j1859_226,XTE J1859+226,40124-01-38-00,BH,0.5,0.5,prior,grouped
xte_j1859_226,XTE J1859+226,40124-01-40-01,BH,0.5,0.5,prior,grouped
xte_j1859_226,XTE J1859+226,40124-01-46-00,BH,0.5,0.5,prior,grouped
xte_j1859_226,XTE J1859+226,40124-01-49-00,BH,0.5,0.5,prior,grouped
xte_j1859_226,XTE J1859+226,40124-01-51-00,BH,0.5,0.5,prior,grouped
xte_j1859_226,XTE J1859+226,40124-01-52-02,BH,0.5,0.5,prior,grouped
xte_j1859_226,XTE J1859+226,40124-01-55-00,BH,0.5,0.5,prior,grouped
xte_j1859_226,XTE J1859+226,40124-01-55-03,BH,0.5,0.5,prior,grouped
xte_j1859_226,XTE J1859+226,40124-01-57-01,BH,0.5,0.5,prior,grouped
xte_j1859_226,XTE J1859+226,40124-01-58-03,BH,0.5,0.5,prior,grouped
xte_j1859_226,XTE J1859+226,40124-01-61-00,BH,0.5,0.5,prior,grouped
xte_j1859_226,XTE J1859+226,40124-01-63-00,BH,0.5,0.5,prior,grouped
4u_0614_09,4U 0614+09,40429-01-03-01,NS,0.5,0.5,prior,grouped
4u_0614_09,4U 0614+09,40429-01-06-01,NS,0.5,0.5,prior,grouped
xte_j1859_226,XTE J1859+226,40440-01-03-00,BH,0.5,0.5,prior,grouped
4u_0614_09,4U 0614+09,50026-02-01-01,NS,0.5,0.5,prior,grouped
4u_0614_09,4U 0614+09,50031-01-01-01,NS,0.5,0.5,prior,grouped
4u_0614_09,4U 0614+09,50031-01-02-07,NS,0.5,0.5,prior,grouped
4u_0614_09,4U 0614+09,50031-01-04-08,NS,0.5,0.5,prior,grouped
4u_0614_09,4U 0614+09,60424-01-02-01,NS,0.5,0.5,prior,grouped
4u_1746_37,4U 1746-37,70050-01-01-00,NS,0.5,0.5,prior,grouped
4u_1746_37,4U 1746-37,70050-01-01-01,NS,0.5,0.5,prior,grouped
4u_1746_37,4U 1746-37,70050-01-01-03,NS,0.5,0.5,prior,grouped
4u_1746_37,4U 1746-37,70050-01-01-04,NS,0.5,0.5,prior,grouped
4u_1746_37,4U 1746-37,70050-01-01-05,NS,0.5,0.5,prior,grouped
4u_1746_37,4U 1746-37,70050-01-01-06,NS,0.5,0.5,prior,grouped
4u_1746_37,4U 1746-37,70050-01-01-07,NS,0.5,0.5,prior,grouped
4u_1746_37,4U 1746-37,70050-01-01-08,NS,0.5,0.5,prior,grouped
4u_1746_37,4U 1746-37,70050-01-01-09,NS,0.5,0.5,prior,grouped
4u_1746_37,4U 1746-37,70050-01-01-10,NS,0.5,0.5,prior,grouped
sax_j1808_4_3658,SAX J1808.4-3658,70080-01-02-03,NS,0.5,0.5,prior,grouped
sax_j1808_4_3658,SAX J1808.4-3658,70080-01-02-13,NS,0.5,0.5,prior,grouped
sax_j1808_4_3658,SAX J1808.4-3658,70080-01-03-12,NS,0.5,0.5,prior,grouped
sax_j1808_4_3658,SAX J1808.4-3658,70080-02-02-35,NS,0.5,0.5,prior,grouped
sax_j1808_4_3658,SAX J1808.4-3658,70080-02-02-36,NS,0.5,0.5,prior,grouped
sax_j1808_4_3658,SAX J1808.4-3658,70080-03-06-00,NS,0.5,0.5,prior,grouped
sax_j1808_4_3658,SAX J1808.4-3658,70080-03-20-02,NS,0.5,0.5,prior,grouped
sax_j1808_4_3658,SAX J1808.4-3658,70080-03-20-10,NS,0.5,0.5,prior,grouped
4u_1543_475,4U 1543-475,70124-02-03-00,BH,0.5,0.5,prior,grouped
4u_1543_475,4U 1543-475,70124-02-06-00,BH,0.5,0.5,prior,grouped
4u_1543_475,4U 1543-475,70124-02-09-00,BH,0.5,0.5,prior,grouped
4u_1543_475,4U 1543-475,70124-02-11-00,BH,0.5,0.5,prior,grouped
4u_1543_475,4U 1543-475,70132-01-01-00,BH,0.5,0.5,prior,grouped
4u_1543_475,4U 1543-475,70132-01-02-01,BH,0.5,0.5,prior,grouped
4u_1543_475,4U 1543-475,70133-01-01-00,BH,0.5,0.5,prior,grouped
4u_1543_475,4U 1543-475,70133-01-05-00,BH,0.5,0.5,prior,grouped
4u_1543_475,4U 1543-475,70133-01-10-00,BH,0.5,0.5,prior,grouped
4u_1543_475,4U 1543-475,70133-01-16-00,BH,0.5,0.5,prior,grouped
4u_1543_475,4U 1543-475,70133-01-20-00,BH,0.5,0.5,prior,grouped
4u_1543_475,4U 1543-475,70133-01-23-00,BH,0.5,0.5,prior,grouped
4u_1543_475,4U 1543-475,70133-01-25-01,BH,0.5,0.5,prior,grouped
4u_1543_475,4U 1543-475,70133-01-26-01,BH,0.5,0.5,prior,grouped
4u_1543_475,4U 1543-475,70133-01-28-00,BH,0.5,0.5,prior,grouped
4u_1543_475,4U 1543-475,70133-01-31-00,BH,0.5,0.5,prior,grouped
4u_0614_09,4U 0614+09,80037-01-09-08,NS,0.5,0.5,prior,grouped
4u_0614_09,4U 0614+09,80051-02-01-02,NS,0.5,0.5,prior,grouped
4u_0614_09,4U 0614+09,80414-01-02-00,NS,0.5,0.5,prior,grouped
4u_0614_09,4U 0614+09,80414-01-05-02,NS,0.5,0.5,prior,grouped
4u_1746_37,4U 1746-37,90044-01-01-00,NS,0.5,0.5,prior,grouped
4u_1746_37,4U 1746-37,90044-01-01-01,NS,0.5,0.5,prior,grouped
4u_1746_37,4U 1746-37,90044-01-02-00,NS,0.5,0.5,prior,grouped
4u_1746_37,4U 1746-37,90044-01-02-01,NS,0.5,0.5,prior,grouped
4u_1746_37,4U 1746-37,90044-01-03-00,NS,0.5,0.5,prior,grouped
4u_1746_37,4U 1746-37,90044-01-04-00,NS,0.5,0.5,prior,grouped
igr_j00291_5934,IGR J00291+5934,90052-03-01-00,NS,0.5,0.5,prior,grouped
4u_0614_09,4U 0614+09,90422-01-01-02,NS,0.5,0.5,prior,grouped
igr_j00291_5934,IGR J00291+5934,90425-01-01-13,NS,0.5,0.5,prior,grouped
igr_j00291_5934,IGR J00291+5934,90425-01-02-14,NS,0.5,0.5,prior,grouped
4u_1746_37,4U 1746-37,91037-15-01-00,NS,0.5,0.5,prior,grouped
sax_j1808_4_3658,SAX J1808.4-3658,91056-01-02-01,NS,0.5,0.5,prior,grouped
sax_j1808_4_3658,SAX J1808.4-3658,91056-01-03-09,NS,0.5,0.5,prior,grouped
sax_j1808_4_3658,SAX J1808.4-3658,91418-01-03-01,NS,0.5,0.5,prior,grouped
4u_0614_09,4U 0614+09,91425-01-04-02,NS,0.5,0.5,prior,grouped
4u_0614_09,4U 0614+09,92411-01-01-02,NS,0.5,0.5,prior,grouped
4u_0614_09,4U 0614+09,92411-01-07-02,NS,0.5,0.5,prior,grouped
4u_0614_09,4U 0614+09,92411-01-10-00,NS,0.5,0.5,prior,grouped
igr_j00291_5934,IGR J00291+5934,93013-07-06-02,NS,0.5,0.5,prior,grouped
igr_j00291_5934,IGR J00291+5934,93013-07-18-00,NS,0.5,0.5,prior,grouped
sax_j1808_4_3658,SAX J1808.4-3658,93027-01-02-00,NS,0.5,0.5,prior,grouped
4u_0614_09,4U 0614+09,93404-01-02-00,NS,0.5,0.5,prior,grouped
4u_0614_09,4U 0614+09,93404-01-07-00,NS,0.5,0.5,prior,grouped
4u_0614_09,4U 0614+09,93404-01-11-02,NS,0.5,0.5,prior,grouped
4u_0614_09,4U 0614+09,93404-01-14-00,NS,0.5,0.5,prior,grouped
4u_0614_09,4U 0614+09,93404-01-21-00,NS,0.5,0.5,prior,grouped
4u_0614_09,4U 0614+09,94404-01-07-00,NS,0.5,0.5,prior,grouped
4u_0614_09,4U 0614+09,95404-01-01-01,NS,0.5,0.5,prior,grouped
4u_0614_09,4U 0614+09,95404-01-09-02,NS,0.5,0.5,prior,grouped
sax_j1808_4_3658,SAX J1808.4-3658,96027-01-01-00,NS,0.5,0.5,prior,grouped
sax_j1808_4_3658,SAX J1808.4-3658,96027-01-02-07,NS,0.5,0.5,prior,grouped
4u_0614_09,4U 0614+09,96307-01-04-00,NS,0.5,0.5,prior,grouped
4u_0614_09,4U 0614+09,96307-01-10-00,NS,0.5,0.5,prior,grouped
4u_0614_09,4U 0614+09,96404-01-02-00,NS,0.5,0.5,prior,grouped
4u_1608_522,4U 1608-522,10093-01-01-01,NS,0.5,0.5,prior,grouped
cyg_x_2,Cyg X-2,20053-04-01-01,NS,0.5,0.5,prior,grouped
4u_1702_429,4U 1702-429,20084-02-01-00,NS,0.5,0.5,prior,grouped
4u_1702_429,4U 1702-429,20084-02-01-03,NS,0.5,0.5,prior,grouped
4u_1702_429,4U 1702-429,20084-02-02-01,NS,0.5,0.5,prior,grouped
slx_1735_269,SLX 1735-269,20089-02-01-00,NS,0.5,0.5,prior,grouped
slx_1735_269,SLX 1735-269,20170-03-01-00,NS,0.5,0.5,prior,grouped
slx_1735_269,SLX 1735-269,20170-03-03-00,NS,0.5,0.5,prior,grouped
slx_1735_269,SLX 1735-269,20170-03-06-00,NS,0.5,0.5,prior,grouped
slx_1735_269,SLX 1735-269,20170-03-08-00,NS,0.5,0.5,prior,grouped
slx_1735_269,SLX 1735-269,20170-03-11-00,NS,0.5,0.5,prior,grouped
cyg_x_2,Cyg X-2,30046-01-03-00,NS,0.5,0.5,prior,grouped
4u_1608_522,4U 1608-522,30062-02-01-05,NS,0.5,0.5,prior,grouped
cyg_x_2,Cyg X-2,40017-02-02-02,NS,0.5,0.5,prior,grouped
cyg_x_2,Cyg X-2,40017-02-12-00,NS,0.5,0.5,prior,grouped
cyg_x_2,Cyg X-2,40017-02-16-06,NS,0.5,0.5,prior,grouped
cyg_x_2,Cyg X-2,40019-04-04-00,NS,0.5,0.5,prior,grouped
4u_1702_429,4U 1702-429,40025-04-01-01,NS,0.5,0.5,prior,grouped
4u_1702_429,4U 1702-429,40025-04-02-00,NS,0.5,0.5,prior,grouped
4u_1702_429,4U 1702-429,40025-04-03-01,NS,0.5,0.5,prior,grouped
4u_1702_429,4U 1702-429,40025-04-03-03,NS,0.5,0.5,prior,grouped
4u_1608_522,4U 1608-522,40437-01-01-01,NS,0.5,0.5,prior,grouped
4u_1702_429,4U 1702-429,50025-01-01-01,NS,0.5,0.5,prior,grouped
4u_1702_429,4U 1702-429,50025-01-01-05,NS,0.5,0.5,prior,grouped
4u_1702_429,4U 1702-429,50025-01-01-07,NS,0.5,0.5,prior,grouped
4u_1702_429,4U 1702-429,50030-01-01-03,NS,0.5,0.5,prior,grouped
4u_1702_429,4U 1702-429,50030-01-01-05,NS,0.5,0.5,prior,grouped
4u_1702_429,4U 1702-429,50030-01-01-07,NS,0.5,0.5,prior,grouped
4u_1702_429,4U 1702-429,50030-01-02-00,NS,0.5,0.5,prior,grouped
4u_1702_429,4U 1702-429,50030-01-03-02,NS,0.5,0.5,prior,grouped
4u_1702_429,4U 1702-429,50030-01-05-00,NS,0.5,0.5,prior,grouped
4u_1702_429,4U 1702-429,50030-01-06-00,NS,0.5,0.5,prior,grouped
4u_1702_429,4U 1702-429,50030-01-07-00,NS,0.5,0.5,prior,grouped
4u_1702_429,4U 1702-429,50030-01-09-01,NS,0.5,0.5,prior,grouped
4u_1702_429,4U 1702-429,50030-01-09-02,NS,0.5,0.5,prior,grouped
4u_1702_429,4U 1702-429,50030-01-09-04,NS,0.5,0.5,prior,grouped
4u_1702_429,4U 1702-429,50030-01-10-00,NS,0.5,0.5,prior,grouped
4u_1702_429,4U 1702-429,50030-01-10-02,NS,0.5,0.5,prior,grouped
4u_1702_429,4U 1702-429,50030-01-11-01,NS,0.5,0.5,prior,grouped
4u_1702_429,4U 1702-429,50030-01-11-02,NS,0.5,0.5,prior,grouped
4u_1702_429,4U 1702-429,50030-01-13-01,NS,0.5,0.5,prior,grouped
4u_1702_429,4U 1702-429,50030-01-14-02,NS,0.5,0.5,prior,grouped
4u_1702_429,4U 1702-429,50030-01-14-03,NS,0.5,0.5,prior,grouped
4u_1608_522,4U 1608-522,50052-01-23-00,NS,0.5,0.5,prior,grouped
slx_1735_269,SLX 1735-269,60034-01-01-03,NS,0.5,0.5,prior,grouped
slx_1735_269,SLX 1735-269,60034-01-01-05,NS,0.5,0.5,prior,grouped
slx_1735_269,SLX 1735-269,60034-01-02-03,NS,0.5,0.5,prior,grouped
slx_1735_269,SLX 1735-269,60034-01-03-00,NS,0.5,0.5,prior,grouped
4u_1608_522,4U 1608-522,60052-02-04-03,NS,0.5,0.5,prior,grouped
cyg_x_2,Cyg X-2,60417-01-01-00,NS,0.5,0.5,prior,grouped
cyg_x_2,Cyg X-2,70014-02-02-00,NS,0.5,0.5,prior,grouped
cyg_x_2,Cyg X-2,70018-03-03-00,NS,0.5,0.5,prior,grouped
4u_1608_522,4U 1608-522,70058-01-22-00,NS,0.5,0.5,prior,grouped
4u_1608_522,4U 1608-522,70058-01-37-00,NS,0.5,0.5,prior,grouped
4u_1608_522,4U 1608-522,70069-01-03-01,NS,0.5,0.5,prior,grouped
slx_1735_269,SLX 1735-269,70134-08-01-00,NS,0.5,0.5,prior,grouped
v4641_sgr,V4641 Sgr,80054-08-01-00,BH,0.5,0.5,prior,grouped
v4641_sgr,V4641 Sgr,80054-08-01-01,BH,0.5,0.5,prior,grouped
v4641_sgr,V4641 Sgr,80054-08-02-00,BH,0.5,0.5,prior,grouped
slx_1735_269,SLX 1735-269,80138-03-01-00,NS,0.5,0.5,prior,grouped
slx_1735_269,SLX 1735-269,80138-03-04-00,NS,0.5,0.5,prior,grouped
slx_1735_269,SLX 1735-269,80138-03-06-00,NS,0.5,0.5,prior,grouped
slx_1735_269,SLX 1735-269,80138-03-07-02,NS,0.5,0.5,prior,grouped
slx_1735_269,SLX 1735-269,80138-03-08-00,NS,0.5,0.5,prior,grouped
4u_1608_522,4U 1608-522,80406-01-04-07,NS,0.5,0.5,prior,grouped
1a_1744_361,1A 1744-361,80431-01-02-01,NS,0.5,0.5,prior,grouped
1a_1744_361,1A 1744-361,80431-01-02-03,NS,0.5,0.5,prior,grouped
1a_1744_361,1A 1744-361,80431-01-02-04,NS,0.5,0.5,prior,grouped
1a_1744_361,1A 1744-361,80431-01-02-05,NS,0.5,0.5,prior,grouped
1a_1744_361,1A 1744-361,80431-01-03-00,NS,0.5,0.5,prior,grouped
1a_1744_361,1A 1744-361,80431-01-03-02,NS,0.5,0.5,prior,grouped
cyg_x_2,Cyg X-2,90030-01-03-10,NS,0.5,0.5,prior,grouped
cyg_x_2,Cyg X-2,90030-01-08-00,NS,0.5,0.5,prior,grouped
cyg_x_2,Cyg X-2,90030-01-24-00,NS,0.5,0.5,prior,grouped
cyg_x_2,Cyg X-2,90030-01-41-00,NS,0.5,0.5,prior,grouped
cyg_x_2,Cyg X-2,90030-01-53-00,NS,0.5,0.5,prior,grouped
cyg_x_2,Cyg X-2,90030-01-67-00,NS,0.5,0.5,prior,grouped
cyg_x_2,Cyg X-2,90030-01-81-00,NS,0.5,0.5,prior,grouped
cyg_x_2,Cyg X-2,90030-01-95-00,NS,0.5,0.5,prior,grouped
1a_1744_361,1A 1744-361,90058-04-02-00,NS,0.5,0.5,prior,grouped
slx_1735_269,SLX 1735-269,90058-05-01-02,NS,0.5,0.5,prior,grouped
slx_1735_269,SLX 1735-269,90058-05-01-04,NS,0.5,0.5,prior,grouped
cyg_x_2,Cyg X-2,91009-01-06-00,NS,0.5,0.5,prior,grouped
cyg_x_2,Cyg X-2,91009-01-24-00,NS,0.5,0.5,prior,grouped
cyg_x_2,Cyg X-2,91009-01-38-00,NS,0.5,0.5,prior,grouped
cyg_x_2,Cyg X-2,91010-01-01-05,NS,0.5,0.5,prior,grouped
1a_1744_361,1A 1744-361,91050-05-02-00,NS,0.5,0.5,prior,grouped
1a_1744_361,1A 1744-361,91050-05-03-00,NS,0.5,0.5,prior,grouped
4u_1608_522,4U 1608-522,91405-01-27-00,NS,0.5,0.5,prior,grouped
4u_1608_522,4U 1608-522,91405-01-41-00,NS,0.5,0.5,prior,grouped
v4641_sgr,V4641 Sgr,91422-01-01-00,BH,0.5,0.5,prior,grouped
cyg_x_2,Cyg X-2,92038-01-05-01,NS,0.5,0.5,prior,grouped
cyg_x_2,Cyg X-2,92038-01-10-02,NS,0.5,0.5,prior,grouped
cyg_x_2,Cyg X-2,92039-01-02-03,NS,0.5,0.5,prior,grouped
slx_1735_269,SLX 1735-269,92052-02-01-00,NS,0.5,0.5,prior,grouped
4u_1608_522,4U 1608-522,92401-01-11-03,NS,0.5,0.5,prior,grouped
cyg_x_2,Cyg X-2,93082-02-04-02,NS,0.5,0.5,prior,grouped
1a_1744_361,1A 1744-361,93155-01-01-00,NS,0.5,0.5,prior,grouped
1a_1744_361,1A 1744-361,93155-01-02-00,NS,0.5,0.5,prior,grouped
1a_1744_361,1A 1744-361,93155-01-02-01,NS,0.5,0.5,prior,grouped
1a_1744_361,1A 1744-361,93155-01-03-01,NS,0.5,0.5,prior,grouped
1a_1744_361,1A 1744-361,93155-01-03-02,NS,0.5,0.5,prior,grouped
1a_1744_361,1A 1744-361,93155-01-03-03,NS,0.5,0.5,prior,grouped
1a_1744_361,1A 1744-361,93155-01-06-01,NS,0.5,0.5,prior,grouped
1a_1744_361,1A 1744-361,93155-01-06-02,NS,0.5,0.5,prior,grouped
1a_1744_361,1A 1744-361,93155-01-07-00,NS,0.5,0.5,prior,grouped
1a_1744_361,1A 1744-361,93155-01-07-02,NS,0.5,0.5,prior,grouped
1a_1744_361,1A 1744-361,93155-01-08-00,NS,0.5,0.5,prior,grouped
1a_1744_361,1A 1744-361,93155-01-08-02,NS,0.5,0.5,prior,grouped
1a_1744_361,1A 1744-361,93155-01-09-00,NS,0.5,0.5,prior,grouped
4u_1608_522,4U 1608-522,93408-01-11-00,NS,0.5,0.5,prior,grouped
4u_1608_522,4U 1608-522,93408-01-19-01,NS,0.5,0.5,prior,grouped
4u_1608_522,4U 1608-522,93408-01-22-06,NS,0.5,0.5,prior,grouped
4u_1608_522,4U 1608-522,93408-01-26-03,NS,0.5,0.5,prior,grouped
4u_1608_522,4U 1608-522,93408-01-32-04,NS,0.5,0.5,prior,grouped
4u_1608_522,4U 1608-522,93408-01-42-05,NS,0.5,0.5,prior,grouped
4u_1608_522,4U 1608-522,93408-01-52-02,NS,0.5,0.5,prior,grouped
4u_1608_522,4U 1608-522,93408-01-66-01,NS,0.5,0.5,prior,grouped
cyg_x_2,Cyg X-2,93443-01-01-13,NS,0.5,0.5,prior,grouped
slx_1735_269,SLX 1735-269,94044-05-01-00,NS,0.5,0.5,prior,grouped
4u_1608_522,4U 1608-522,94401-01-01-01,NS,0.5,0.5,prior,grouped
4u_1608_522,4U 1608-522,94401-01-18-00,NS,0.5,0.5,prior,grouped
4u_1608_522,4U 1608-522,94401-01-34-00,NS,0.5,0.5,prior,grouped
4u_1702_429,4U 1702-429,94415-01-01-01,NS,0.5,0.5,prior,grouped
4u_1702_429,4U 1702-429,94415-01-02-01,NS,0.5,0.5,prior,grouped
4u_1608_522,4U 1608-522,95334-01-03-00,NS,0.5,0.5,prior,grouped
cyg_x_2,Cyg X-2,95345-01-32-00,NS,0.5,0.5,prior,grouped
cyg_x_2,Cyg X-2,95345-01-42-00,NS,0.5,0.5,prior,grouped
1a_1744_361,1A 1744-361,95416-01-01-00,NS,0.5,0.5,prior,grouped
1a_1744_361,1A 1744-361,95416-01-01-02,NS,0.5,0.5,prior,grouped
1a_1744_361,1A 1744-361,95416-01-02-00,NS,0.5,0.5,prior,grouped
1a_1744_361,1A 1744-361,95416-01-02-02,NS,0.5,0.5,prior,grouped
v4641_sgr,V4641 Sgr,95436-01-01-00,BH,0.5,0.5,prior,grouped
4u_1608_522,4U 1608-522,96423-01-13-01,NS,0.5,0.5,prior,grouped
4u_1608_522,4U 1608-522,96423-01-26-01,NS,0.5,0.5,prior,grouped
4u_1608_522,4U 1608-522,96423-01-39-02,NS,0.5,0.5,prior,grouped
slx_1735_269,SLX 1735-269,96429-01-02-00,NS,0.5,0.5,prior,grouped
slx_1735_269,SLX 1735-269,96429-01-02-02,NS,0.5,0.5,prior,grouped
slx_1735_269,SLX 1735-269,96429-01-04-00,NS,0.5,0.5,prior,grouped
slx_1735_269,SLX 1735-269,96429-01-05-00,NS,0.5,0.5,prior,grouped
slx_1735_269,SLX 1735-269,96429-01-06-02,NS,0.5,0.5,prior,grouped
slx_1735_269,SLX 1735-269,96429-01-07-00,NS,0.5,0.5,prior,grouped
slx_1735_269,SLX 1735-269,96429-01-08-01,NS,0.5,0.5,prior,grouped
slx_1735_269,SLX 1735-269,96429-01-08-03,NS,0.5,0.5,prior,grouped
1a_1744_361,1A 1744-361,96437-01-02-00,NS,0.5,0.5,prior,grouped
gx_339_4,GX 339-4,10420-01-01-00,BH,0.5,0.5,prior,grouped
aql_x_1,Aql X-1,20092-01-02-02,NS,0.5,0.5,prior,grouped
aql_x_1,Aql X-1,20092-01-04-00,NS,0.5,0.5,prior,grouped
aql_x_1,Aql X-1,20098-03-01-00,NS,0.5,0.5,prior,grouped
aql_x_1,Aql X-1,30073-05-01-00,NS,0.5,0.5,prior,grouped
aql_x_1,Aql X-1,30188-03-02-00,NS,0.5,0.5,prior,grouped
gx_339_4,GX 339-4,40031-03-03-00,BH,0.5,0.5,prior,grouped
aql_x_1,Aql X-1,40033-10-02-07,NS,0.5,0.5,prior,grouped
aql_x_1,Aql X-1,40047-03-03-00,NS,0.5,0.5,prior,grouped
gx_339_4,GX 339-4,40108-01-04-00,BH,0.5,0.5,prior,grouped
aql_x_1,Aql X-1,40432-01-04-00,NS,0.5,0.5,prior,grouped
aql_x_1,Aql X-1,50049-01-05-01,NS,0.5,0.5,prior,grouped
aql_x_1,Aql X-1,50049-02-08-03,NS,0.5,0.5,prior,grouped
aql_x_1,Aql X-1,50049-02-15-04,NS,0.5,0.5,prior,grouped
xte_j1118_480,XTE J1118+480,50133-01-04-00,BH,0.5,0.5,prior,grouped
xte_j1118_480,XTE J1118+480,50133-01-05-00,BH,0.5,0.5,prior,grouped
xte_j1118_480,XTE J1118+480,50133-01-06-00,BH,0.5,0.5,prior,grouped
xte_j1118_480,XTE J1118+480,50137-01-01-00,BH,0.5,0.5,prior,grouped
xte_j1118_480,XTE J1118+480,50137-01-04-00,BH,0.5,0.5,prior,grouped
xte_j1118_480,XTE J1118+480,50407-01-01-00,BH,0.5,0.5,prior,grouped
xte_j1118_480,XTE J1118+480,50407-01-02-00,BH,0.5,0.5,prior,grouped
xte_j1118_480,XTE J1118+480,50407-01-02-02,BH,0.5,0.5,prior,grouped
xte_j1118_480,XTE J1118+480,50407-01-03-01,BH,0.5,0.5,prior,grouped
xte_j1118_480,XTE J1118+480,50407-01-05-01,BH,0.5,0.5,prior,grouped
xte_j1118_480,XTE J1118+480,50407-01-06-00,BH,0.5,0.5,prior,grouped
xte_j1118_480,XTE J1118+480,50407-01-10-01,BH,0.5,0.5,prior,grouped
xte_j1118_480,XTE J1118+480,50407-01-15-00,BH,0.5,0.5,prior,grouped
aql_x_1,Aql X-1,60054-02-01-04,NS,0.5,0.5,prior,grouped
gx_339_4,GX 339-4,60705-01-56-00,BH,0.5,0.5,prior,grouped
gx_339_4,GX 339-4,60705-01-69-00,BH,0.5,0.5,prior,grouped
gx_339_4,GX 339-4,60705-01-80-00,BH,0.5,0.5,prior,grouped
aql_x_1,Aql X-1,70069-03-02-03,NS,0.5,0.5,prior,grouped
aql_x_1,Aql X-1,70069-03-04-08,NS,0.5,0.5,prior,grouped
gx_339_4,GX 339-4,70109-01-28-00,BH,0.5,0.5,prior,grouped
gx_339_4,GX 339-4,80102-04-57-01,BH,0.5,0.5,prior,grouped
gx_339_4,GX 339-4,80132-01-15-00,BH,0.5,0.5,prior,grouped
xte_j1118_480,XTE J1118+480,90011-01-01-01,BH,0.5,0.5,prior,grouped
xte_j1118_480,XTE J1118+480,90011-01-01-02,BH,0.5,0.5,prior,grouped
xte_j1118_480,XTE J1118+480,90011-01-01-05,BH,0.5,0.5,prior,grouped
xte_j1118_480,XTE J1118+480,90011-01-01-09,BH,0.5,0.5,prior,grouped
xte_j1118_480,XTE J1118+480,90011-01-01-13,BH,0.5,0.5,prior,grouped
aql_x_1,Aql X-1,90017-01-07-00,NS,0.5,0.5,prior,grouped
gx_339_4,GX 339-4,90019-01-02-00,BH,0.5,0.5,prior,grouped
4u_1254_69,4U 1254-69,90036-01-01-00,NS,0.5,0.5,prior,grouped
4u_1254_69,4U 1254-69,90036-01-01-01,NS,0.5,0.5,prior,grouped
4u_1254_69,4U 1254-69,90036-01-01-02,NS,0.5,0.5,prior,grouped
4u_1254_69,4U 1254-69,90036-01-01-03,NS,0.5,0.5,prior,grouped
4u_1254_69,4U 1254-69,90036-01-02-00,NS,0.5,0.5,prior,grouped
4u_1254_69,4U 1254-69,90036-01-02-01,NS,0.5,0.5,prior,grouped
xte_j1118_480,XTE J1118+480,90111-01-02-02,BH,0.5,0.5,prior,grouped
xte_j1118_480,XTE J1118+480,90111-01-02-06,BH,0.5,0.5,prior,grouped
xte_j1118_480,XTE J1118+480,90111-01-02-11,BH,0.5,0.5,prior,grouped
xte_j1118_480,XTE J1118+480,90111-01-03-02,BH,0.5,0.5,prior,grouped
aql_x_1,Aql X-1,90403-01-01-00,NS,0.5,0.5,prior,grouped
aql_x_1,Aql X-1,91028-01-01-00,NS,0.5,0.5,prior,grouped
aql_x_1,Aql X-1,91028-01-22-00,NS,0.5,0.5,prior,grouped
gx_339_4,GX 339-4,91105-04-08-00,BH,0.5,0.5,prior,grouped
aql_x_1,Aql X-1,91414-01-09-07,NS,0.5,0.5,prior,grouped
aql_x_1,Aql X-1,92034-01-05-06,NS,0.5,0.5,prior,grouped
gx_339_4,GX 339-4,92035-01-02-06,BH,0.5,0.5,prior,grouped
gx_339_4,GX 339-4,92085-02-01-00,BH,0.5,0.5,prior,grouped
gx_339_4,GX 339-4,92704-03-11-00,BH,0.5,0.5,prior,grouped
gx_339_4,GX 339-4,92704-03-32-00,BH,0.5,0.5,prior,grouped
sax_j1810_8_2609,SAX J1810.8-2609,93044-02-01-00,NS,0.5,0.5,prior,grouped
sax_j1810_8_2609,SAX J1810.8-2609,93044-02-02-00,NS,0.5,0.5,prior,grouped
sax_j1810_8_2609,SAX J1810.8-2609,93044-02-03-00,NS,0.5,0.5,prior,grouped
sax_j1810_8_2609,SAX J1810.8-2609,93044-02-04-00,NS,0.5,0.5,prior,grouped
sax_j1810_8_2609,SAX J1810.8-2609,93044-02-06-00,NS,0.5,0.5,prior,grouped
sax_j1810_8_2609,SAX J1810.8-2609,93044-02-06-01,NS,0.5,0.5,prior,grouped
sax_j1810_8_2609,SAX J1810.8-2609,93044-02-07-00,NS,0.5,0.5,prior,grouped
sax_j1810_8_2609,SAX J1810.8-2609,93044-02-08-00,NS,0.5,0.5,prior,grouped
aql_x_1,Aql X-1,93076-01-09-00,NS,0.5,0.5,prior,grouped
gx_339_4,GX 339-4,93076-08-02-00,BH,0.5,0.5,prior,grouped
sax_j1810_8_2609,SAX J1810.8-2609,93093-01-01-00,NS,0.5,0.5,prior,grouped
sax_j1810_8_2609,SAX J1810.8-2609,93093-01-01-01,NS,0.5,0.5,prior,grouped
sax_j1810_8_2609,SAX J1810.8-2609,93093-01-01-02,NS,0.5,0.5,prior,grouped
sax_j1810_8_2609,SAX J1810.8-2609,93093-01-02-01,NS,0.5,0.5,prior,grouped
sax_j1810_8_2609,SAX J1810.8-2609,93093-01-02-02,NS,0.5,0.5,prior,grouped
sax_j1810_8_2609,SAX J1810.8-2609,93093-01-02-03,NS,0.5,0.5,prior,grouped
sax_j1810_8_2609,SAX J1810.8-2609,93093-01-02-04,NS,0.5,0.5,prior,grouped
sax_j1810_8_2609,SAX J1810.8-2609,93093-01-02-05,NS,0.5,0.5,prior,grouped
sax_j1810_8_2609,SAX J1810.8-2609,93093-01-02-06,NS,0.5,0.5,prior,grouped
sax_j1810_8_2609,SAX J1810.8-2609,93093-01-02-07,NS,0.5,0.5,prior,grouped
sax_j1810_8_2609,SAX J1810.8-2609,93093-01-02-08,NS,0.5,0.5,prior,grouped
sax_j1810_8_2609,SAX J1810.8-2609,93093-01-02-10,NS,0.5,0.5,prior,grouped
sax_j1810_8_2609,SAX J1810.8-2609,93093-01-02-11,NS,0.5,0.5,prior,grouped
aql_x_1,Aql X-1,93405-01-01-01,NS,0.5,0.5,prior,grouped
aql_x_1,Aql X-1,93405-01-05-02,NS,0.5,0.5,prior,grouped
4u_1254_69,4U 1254-69,93406-13-01-00,NS,0.5,0.5,prior,grouped
gx_339_4,GX 339-4,93409-01-04-01,BH,0.5,0.5,prior,grouped
sax_j1810_8_2609,SAX J1810.8-2609,93414-01-01-00,NS,0.5,0.5,prior,grouped
sax_j1810_8_2609,SAX J1810.8-2609,93414-01-01-01,NS,0.5,0.5,prior,grouped
sax_j1810_8_2609,SAX J1810.8-2609,93414-01-01-02,NS,0.5,0.5,prior,grouped
sax_j1810_8_2609,SAX J1810.8-2609,93414-01-01-03,NS,0.5,0.5,prior,grouped
sax_j1810_8_2609,SAX J1810.8-2609,93414-01-04-00,NS,0.5,0.5,prior,grouped
sax_j1810_8_2609,SAX J1810.8-2609,93414-01-04-01,NS,0.5,0.5,prior,grouped
sax_j1810_8_2609,SAX J1810.8-2609,93414-01-04-02,NS,0.5,0.5,prior,grouped
sax_j1810_8_2609,SAX J1810.8-2609,93414-01-04-03,NS,0.5,0.5,prior,grouped
sax_j1810_8_2609,SAX J1810.8-2609,93414-01-05-00,NS,0.5,0.5,prior,grouped
sax_j1810_8_2609,SAX J1810.8-2609,93414-01-05-01,NS,0.5,0.5,prior,grouped
aql_x_1,Aql X-1,94076-01-04-07,NS,0.5,0.5,prior,grouped
aql_x_1,Aql X-1,94441-01-01-02,NS,0.5,0.5,prior,grouped
4u_1254_69,4U 1254-69,95324-01-01-00,NS,0.5,0.5,prior,grouped
4u_1254_69,4U 1254-69,95324-01-01-01,NS,0.5,0.5,prior,grouped
4u_1254_69,4U 1254-69,95324-01-02-00,NS,0.5,0.5,prior,grouped
4u_1254_69,4U 1254-69,95324-01-02-01,NS,0.5,0.5,prior,grouped
gx_339_4,GX 339-4,95409-01-07-01,BH,0.5,0.5,prior,grouped
gx_339_4,GX 339-4,95409-01-15-01,BH,0.5,0.5,prior,grouped
gx_339_4,GX 339-4,95409-01-21-00,BH,0.5,0.5,prior,grouped
gx_339_4,GX 339-4,95409-01-38-01,BH,0.5,0.5,prior,grouped
aql_x_1,Aql X-1,95413-01-06-01,NS,0.5,0.5,prior,grouped
sax_j1806_5_2215,SAX J1806.5-2215,96085-04-01-00,NS,0.5,0.5,prior,grouped
sax_j1806_5_2215,SAX J1806.5-2215,96085-04-02-01,NS,0.5,0.5,prior,grouped
sax_j1806_5_2215,SAX J1806.5-2215,96085-04-03-00,NS,0.5,0.5,prior,grouped
sax_j1806_5_2215,SAX J1806.5-2215,96085-04-03-02,NS,0.5,0.5,prior,grouped
sax_j1806_5_2215,SAX J1806.5-2215,96085-04-03-03,NS,0.5,0.5,prior,grouped
sax_j1806_5_2215,SAX J1806.5-2215,96085-04-04-00,NS,0.5,0.5,prior,grouped
sax_j1806_5_2215,SAX J1806.5-2215,96085-04-04-01,NS,0.5,0.5,prior,grouped
sax_j1806_5_2215,SAX J1806.5-2215,96085-04-04-03,NS,0.5,0.5,prior,grouped
sax_j1806_5_2215,SAX J1806.5-2215,96085-04-05-00,NS,0.5,0.5,prior,grouped
sax_j1806_5_2215,SAX J1806.5-2215,96085-04-05-03,NS,0.5,0.5,prior,grouped
sax_j1806_5_2215,SAX J1806.5-2215,96085-04-06-00,NS,0.5,0.5,prior,grouped
sax_j1806_5_2215,SAX J1806.5-2215,96085-04-06-01,NS,0.5,0.5,prior,grouped
sax_j1806_5_2215,SAX J1806.5-2215,96085-04-08-00,NS,0.5,0.5,prior,grouped
sax_j1806_5_2215,SAX J1806.5-2215,96085-04-09-00,NS,0.5,0.5,prior,grouped
sax_j1806_5_2215,SAX J1806.5-2215,96085-04-09-01,NS,0.5,0.5,prior,grouped
sax_j1806_5_2215,SAX J1806.5-2215,96085-04-10-01,NS,0.5,0.5,prior,grouped
sax_j1806_5_2215,SAX J1806.5-2215,96085-04-11-00,NS,0.5,0.5,prior,grouped
sax_j1806_5_2215,SAX J1806.5-2215,96085-04-12-01,NS,0.5,0.5,prior,grouped
sax_j1806_5_2215,SAX J1806.5-2215,96085-04-13-00,NS,0.5,0.5,prior,grouped
sax_j1806_5_2215,SAX J1806.5-2215,96085-04-15-00,NS,0.5,0.5,prior,grouped
sax_j1806_5_2215,SAX J1806.5-2215,96085-04-16-00,NS,0.5,0.5,prior,grouped
sax_j1806_5_2215,SAX J1806.5-2215,96085-04-17-00,NS,0.5,0.5,prior,grouped
sax_j1806_5_2215,SAX J1806.5-2215,96085-04-19-00,NS,0.5,0.5,prior,grouped
sax_j1806_5_2215,SAX J1806.5-2215,96085-04-20-00,NS,0.5,0.5,prior,grouped
sax_j1806_5_2215,SAX J1806.5-2215,96085-04-23-00,NS,0.5,0.5,prior,grouped
sax_j1806_5_2215,SAX J1806.5-2215,96085-04-25-00,NS,0.5,0.5,prior,grouped
sax_j1806_5_2215,SAX J1806.5-2215,96085-04-26-00,NS,0.5,0.5,prior,grouped
sax_j1806_5_2215,SAX J1806.5-2215,96085-04-28-00,NS,0.5,0.5,prior,grouped
sax_j1806_5_2215,SAX J1806.5-2215,96085-04-29-00,NS,0.5,0.5,prior,grouped
sax_j1806_5_2215,SAX J1806.5-2215,96085-04-30-00,NS,0.5,0.5,prior,grouped
sax_j1806_5_2215,SAX J1806.5-2215,96085-04-31-00,NS,0.5,0.5,prior,grouped
sax_j1806_5_2215,SAX J1806.5-2215,96085-04-33-00,NS,0.5,0.5,prior,grouped
gx_339_4,GX 339-4,96409-01-02-03,BH,0.5,0.5,prior,grouped
aql_x_1,Aql X-1,96440-01-02-00,NS,0.5,0.5,prior,grouped
aql_x_1,Aql X-1,96440-01-05-04,NS,0.5,0.5,prior,grouped
aql_x_1,Aql X-1,96440-01-08-06,NS,0.5,0.5,prior,grouped
4u_1728_34,4U 1728-34,10410-01-01-00,NS,0.5,0.5,prior,grouped
ks_1731_260,KS 1731-260,10416-01-01-00,NS,0.5,0.5,prior,grouped
ks_1731_260,KS 1731-260,10416-01-03-00,NS,0.5,0.5,prior,grouped
gs_1354_64,GS 1354-64,20431-01-03-00,BH,0.5,0.5,prior,grouped
gs_1354_64,GS 1354-64,20431-01-04-00,BH,0.5,0.5,prior,grouped
gs_1354_64,GS 1354-64,20431-01-05-00,BH,0.5,0.5,prior,grouped
4u_1728_34,4U 1728-34,30042-03-02-00,NS,0.5,0.5,prior,grouped
4u_1728_34,4U 1728-34,30042-03-08-00,NS,0.5,0.5,prior,grouped
4u_1728_34,4U 1728-34,30042-03-17-00,NS,0.5,0.5,prior,grouped
ks_1731_260,KS 1731-260,30061-01-01-00,NS,0.5,0.5,prior,grouped
ks_1731_260,KS 1731-260,30061-01-01-02,NS,0.5,0.5,prior,grouped
ks_1731_260,KS 1731-260,30061-01-01-04,NS,0.5,0.5,prior,grouped
ks_1731_260,KS 1731-260,30061-01-02-01,NS,0.5,0.5,prior,grouped
ks_1731_260,KS 1731-260,30061-01-02-03,NS,0.5,0.5,prior,grouped
ks_1731_260,KS 1731-260,30061-01-02-06,NS,0.5,0.5,prior,grouped
ks_1731_260,KS 1731-260,30061-01-03-00,NS,0.5,0.5,prior,grouped
ks_1731_260,KS 1731-260,30061-01-03-01,NS,0.5,0.5,prior,grouped
ks_1731_260,KS 1731-260,30061-01-04-00,NS,0.5,0.5,prior,grouped
ks_1731_260,KS 1731-260,30061-01-04-02,NS,0.5,0.5,prior,grouped
gs_1354_64,GS 1354-64,30401-01-01-00,BH,0.5,0.5,prior,grouped
gs_1354_64,GS 1354-64,30401-01-02-00,BH,0.5,0.5,prior,grouped
gs_1354_64,GS 1354-64,30401-01-03-00,BH,0.5,0.5,prior,grouped
gs_1354_64,GS 1354-64,30401-01-04-00,BH,0.5,0.5,prior,grouped
4u_1728_34,4U 1728-34,40019-03-01-02,NS,0.5,0.5,prior,grouped
ser_x_1,Ser X-1,40025-03-01-00,NS,0.5,0.5,prior,grouped
ser_x_1,Ser X-1,40025-03-01-01,NS,0.5,0.5,prior,grouped
ser_x_1,Ser X-1,40025-03-01-02,NS,0.5,0.5,prior,grouped
ser_x_1,Ser X-1,40025-03-02-00,NS,0.5,0.5,prior,grouped
ser_x_1,Ser X-1,40025-03-02-01,NS,0.5,0.5,prior,grouped
4u_1728_34,4U 1728-34,40027-06-01-02,NS,0.5,0.5,prior,grouped
4u_1728_34,4U 1728-34,40027-08-02-02,NS,0.5,0.5,prior,grouped
4u_1728_34,4U 1728-34,40033-06-02-05,NS,0.5,0.5,prior,grouped
ser_x_1,Ser X-1,40426-01-01-00,NS,0.5,0.5,prior,grouped
4u_1728_34,4U 1728-34,50023-01-19-00,NS,0.5,0.5,prior,grouped
4u_1728_34,4U 1728-34,50023-01-31-00,NS,0.5,0.5,prior,grouped
4u_1728_34,4U 1728-34,50029-23-01-00,NS,0.5,0.5,prior,grouped
ser_x_1,Ser X-1,50029-35-01-00,NS,0.5,0.5,prior,grouped
4u_1728_34,4U 1728-34,50030-03-05-01,NS,0.5,0.5,prior,grouped
4u_1728_34,4U 1728-34,50030-03-08-00,NS,0.5,0.5,prior,grouped
ks_1731_260,KS 1731-260,50031-02-01-01,NS,0.5,0.5,prior,grouped
ks_1731_260,KS 1731-260,50031-02-01-03,NS,0.5,0.5,prior,grouped
ks_1731_260,KS 1731-260,50031-02-01-05,NS,0.5,0.5,prior,grouped
ks_1731_260,KS 1731-260,50031-02-01-09,NS,0.5,0.5,prior,grouped
ks_1731_260,KS 1731-260,50031-02-01-11,NS,0.5,0.5,prior,grouped
ks_1731_260,KS 1731-260,50031-02-02-02,NS,0.5,0.5,prior,grouped
ks_1731_260,KS 1731-260,50031-02-02-04,NS,0.5,0.5,prior,grouped
ks_1731_260,KS 1731-260,50031-02-02-06,NS,0.5,0.5,prior,grouped
ks_1731_260,KS 1731-260,50031-02-02-07,NS,0.5,0.5,prior,grouped
ks_1731_260,KS 1731-260,50031-02-03-00,NS,0.5,0.5,prior,grouped
ks_1731_260,KS 1731-260,50031-02-03-06,NS,0.5,0.5,prior,grouped
ks_1731_260,KS 1731-260,50031-02-03-07,NS,0.5,0.5,prior,grouped
ks_1731_260,KS 1731-260,50031-02-03-08,NS,0.5,0.5,prior,grouped
ser_x_1,Ser X-1,70014-03-01-00,NS,0.5,0.5,prior,grouped
ser_x_1,Ser X-1,70014-03-01-01,NS,0.5,0.5,prior,grouped
ser_x_1,Ser X-1,70014-03-01-02,NS,0.5,0.5,prior,grouped
ser_x_1,Ser X-1,70014-03-02-00,NS,0.5,0.5,prior,grouped
ser_x_1,Ser X-1,70014-03-02-01,NS,0.5,0.5,prior,grouped
ser_x_1,Ser X-1,70014-03-02-02,NS,0.5,0.5,prior,grouped
ser_x_1,Ser X-1,70014-03-02-03,NS,0.5,0.5,prior,grouped
ser_x_1,Ser X-1,70027-04-01-00,NS,0.5,0.5,prior,grouped
ser_x_1,Ser X-1,70027-04-01-01,NS,0.5,0.5,prior,grouped
ser_x_1,Ser X-1,70027-04-08-00,NS,0.5,0.5,prior,grouped
4u_1728_34,4U 1728-34,70028-01-01-08,NS,0.5,0.5,prior,grouped
4u_1705_44,4U 1705-44,70038-01-01-00,NS,0.5,0.5,prior,grouped
4u_1728_34,4U 1728-34,91023-01-02-00,NS,0.5,0.5,prior,grouped
4u_1705_44,4U 1705-44,91039-01-01-10,NS,0.5,0.5,prior,grouped
4u_1705_44,4U 1705-44,91039-01-01-50,NS,0.5,0.5,prior,grouped
4u_1705_44,4U 1705-44,91039-01-02-30,NS,0.5,0.5,prior,grouped
4u_1705_44,4U 1705-44,91039-01-02-61,NS,0.5,0.5,prior,grouped
4u_1705_44,4U 1705-44,91039-01-03-33,NS,0.5,0.5,prior,grouped
4u_1728_34,4U 1728-34,92023-03-07-00,NS,0.5,0.5,prior,grouped
4u_1728_34,4U 1728-34,92023-03-09-10,NS,0.5,0.5,prior,grouped
4u_1728_34,4U 1728-34,92023-03-22-00,NS,0.5,0.5,prior,grouped
4u_1728_34,4U 1728-34,92023-03-22-10,NS,0.5,0.5,prior,grouped
4u_1728_34,4U 1728-34,92023-03-33-00,NS,0.5,0.5,prior,grouped
4u_1728_34,4U 1728-34,92023-03-33-10,NS,0.5,0.5,prior,grouped
4u_1728_34,4U 1728-34,92023-03-46-10,NS,0.5,0.5,prior,grouped
4u_1728_34,4U 1728-34,92023-03-47-00,NS,0.5,0.5,prior,grouped
4u_1728_34,4U 1728-34,92023-03-52-00,NS,0.5,0.5,prior,grouped
4u_1728_34,4U 1728-34,92023-03-59-10,NS,0.5,0.5,prior,grouped
4u_1728_34,4U 1728-34,92023-03-68-00,NS,0.5,0.5,prior,grouped
4u_1728_34,4U 1728-34,92023-03-74-10,NS,0.5,0.5,prior,grouped
4u_1728_34,4U 1728-34,92023-03-81-00,NS,0.5,0.5,prior,grouped
4u_1728_34,4U 1728-34,92023-03-88-10,NS,0.5,0.5,prior,grouped
4u_1728_34,4U 1728-34,92023-03-94-00,NS,0.5,0.5,prior,grouped
4u_1705_44,4U 1705-44,93060-01-01-10,NS,0.5,0.5,prior,grouped
4u_1705_44,4U 1705-44,93060-01-10-00,NS,0.5,0.5,prior,grouped
4u_1705_44,4U 1705-44,93060-01-14-10,NS,0.5,0.5,prior,grouped
4u_1705_44,4U 1705-44,93060-01-22-00,NS,0.5,0.5,prior,grouped
4u_1705_44,4U 1705-44,93060-01-28-10,NS,0.5,0.5,prior,grouped
4u_1705_44,4U 1705-44,93060-01-35-00,NS,0.5,0.5,prior,grouped
4u_1705_44,4U 1705-44,93060-01-58-00,NS,0.5,0.5,prior,grouped
4u_1705_44,4U 1705-44,93060-01-71-00,NS,0.5,0.5,prior,grouped
4u_1705_44,4U 1705-44,93060-01-85-00,NS,0.5,0.5,prior,grouped
4u_1705_44,4U 1705-44,94060-01-02-00,NS,0.5,0.5,prior,grouped
4u_1705_44,4U 1705-44,94060-01-15-00,NS,0.5,0.5,prior,grouped
4u_1705_44,4U 1705-44,94060-01-30-00,NS,0.5,0.5,prior,grouped
4u_1705_44,4U 1705-44,94060-01-46-00,NS,0.5,0.5,prior,grouped
4u_1705_44,4U 1705-44,94060-01-61-00,NS,0.5,0.5,prior,grouped
4u_1705_44,4U 1705-44,95060-01-07-00,NS,0.5,0.5,prior,grouped
4u_1705_44,4U 1705-44,95060-01-22-00,NS,0.5,0.5,prior,grouped
4u_1705_44,4U 1705-44,95060-01-36-00,NS,0.5,0.5,prior,grouped
4u_1705_44,4U 1705-44,95060-01-50-00,NS,0.5,0.5,prior,grouped
4u_1705_44,4U 1705-44,95060-01-63-00,NS,0.5,0.5,prior,grouped
4u_1705_44,4U 1705-44,95060-01-77-00,NS,0.5,0.5,prior,grouped
4u_1705_44,4U 1705-44,96060-01-10-00,NS,0.5,0.5,prior,grouped
4u_1705_44,4U 1705-44,96060-01-23-00,NS,0.5,0.5,prior,grouped
4u_1705_44,4U 1705-44,96060-01-36-00,NS,0.5,0.5,prior,grouped
4u_1705_44,4U 1705-44,96060-01-51-00,NS,0.5,0.5,prior,grouped
4u_1705_44,4U 1705-44,96060-01-65-00,NS,0.5,0.5,prior,grouped
4u_1705_44,4U 1705-44,96060-01-78-00,NS,0.5,0.5,prior,grouped
4u_1728_34,4U 1728-34,96322-01-02-01,NS,0.5,0.5,prior,grouped
4u_1728_34,4U 1728-34,96322-01-05-00,NS,0.5,0.5,prior,grouped
1a_1744_361,1A 1744-361,80431-01-02-01,NS,0.5,0.5,prior,loso
1a_1744_361,1A 1744-361,80431-01-02-03,NS,0.5,0.5,prior,loso
1a_1744_361,1A 1744-361,80431-01-02-04,NS,0.5,0.5,prior,loso
1a_1744_361,1A 1744-361,80431-01-02-05,NS,0.5,0.5,prior,loso
1a_1744_361,1A 1744-361,80431-01-03-00,NS,0.5,0.5,prior,loso
1a_1744_361,1A 1744-361,80431-01-03-02,NS,0.5,0.5,prior,loso
1a_1744_361,1A 1744-361,90058-04-02-00,NS,0.5,0.5,prior,loso
1a_1744_361,1A 1744-361,91050-05-02-00,NS,0.5,0.5,prior,loso
1a_1744_361,1A 1744-361,91050-05-03-00,NS,0.5,0.5,prior,loso
1a_1744_361,1A 1744-361,93155-01-01-00,NS,0.5,0.5,prior,loso
1a_1744_361,1A 1744-361,93155-01-02-00,NS,0.5,0.5,prior,loso
1a_1744_361,1A 1744-361,93155-01-02-01,NS,0.5,0.5,prior,loso
1a_1744_361,1A 1744-361,93155-01-03-01,NS,0.5,0.5,prior,loso
1a_1744_361,1A 1744-361,93155-01-03-02,NS,0.5,0.5,prior,loso
1a_1744_361,1A 1744-361,93155-01-03-03,NS,0.5,0.5,prior,loso
1a_1744_361,1A 1744-361,93155-01-06-01,NS,0.5,0.5,prior,loso
1a_1744_361,1A 1744-361,93155-01-06-02,NS,0.5,0.5,prior,loso
1a_1744_361,1A 1744-361,93155-01-07-00,NS,0.5,0.5,prior,loso
1a_1744_361,1A 1744-361,93155-01-07-02,NS,0.5,0.5,prior,loso
1a_1744_361,1A 1744-361,93155-01-08-00,NS,0.5,0.5,prior,loso
1a_1744_361,1A 1744-361,93155-01-08-02,NS,0.5,0.5,prior,loso
1a_1744_361,1A 1744-361,93155-01-09-00,NS,0.5,0.5,prior,loso
1a_1744_361,1A 1744-361,95416-01-01-00,NS,0.5,0.5,prior,loso
1a_1744_361,1A 1744-361,95416-01-01-02,NS,0.5,0.5,prior,loso
1a_1744_361,1A 1744-361,95416-01-02-00,NS,0.5,0.5,prior,loso
1a_1744_361,1A 1744-361,95416-01-02-02,NS,0.5,0.5,prior,loso
1a_1744_361,1A 1744-361,96437-01-02-00,NS,0.5,0.5,prior,loso
4u_0614_09,4U 0614+09,10095-01-01-00,NS,0.5,0.5,prior,loso
4u_0614_09,4U 0614+09,20428-01-01-03,NS,0.5,0.5,prior,loso
4u_0614_09,4U 0614+09,30054-01-02-03,NS,0.5,0.5,prior,loso
4u_0614_09,4U 0614+09,40030-01-14-00,NS,0.5,0.5,prior,loso
4u_0614_09,4U 0614+09,40429-01-03-01,NS,0.5,0.5,prior,loso
4u_0614_09,4U 0614+09,40429-01-06-01,NS,0.5,0.5,prior,loso
4u_0614_09,4U 0614+09,50026-02-01-01,NS,0.5,0.5,prior,loso
4u_0614_09,4U 0614+09,50031-01-01-01,NS,0.5,0.5,prior,loso
4u_0614_09,4U 0614+09,50031-01-02-07,NS,0.5,0.5,prior,loso
4u_0614_09,4U 0614+09,50031-01-04-08,NS,0.5,0.5,prior,loso
4u_0614_09,4U 0614+09,60424-01-02-01,NS,0.5,0.5,prior,loso
4u_0614_09,4U 0614+09,80037-01-09-08,NS,0.5,0.5,prior,loso
4u_0614_09,4U 0614+09,80051-02-01-02,NS,0.5,0.5,prior,loso
4u_0614_09,4U 0614+09,80414-01-02-00,NS,0.5,0.5,prior,loso
4u_0614_09,4U 0614+09,80414-01-05-02,NS,0.5,0.5,prior,loso
4u_0614_09,4U 0614+09,90422-01-01-02,NS,0.5,0.5,prior,loso
4u_0614_09,4U 0614+09,91425-01-04-02,NS,0.5,0.5,prior,loso
4u_0614_09,4U 0614+09,92411-01-01-02,NS,0.5,0.5,prior,loso
4u_0614_09,4U 0614+09,92411-01-07-02,NS,0.5,0.5,prior,loso
4u_0614_09,4U 0614+09,92411-01-10-00,NS,0.5,0.5,prior,loso
4u_0614_09,4U 0614+09,93404-01-02-00,NS,0.5,0.5,prior,loso
4u_0614_09,4U 0614+09,93404-01-07-00,NS,0.5,0.5,prior,loso
4u_0614_09,4U 0614+09,93404-01-11-02,NS,0.5,0.5,prior,loso
4u_0614_09,4U 0614+09,93404-01-14-00,NS,0.5,0.5,prior,loso
4u_0614_09,4U 0614+09,93404-01-21-00,NS,0.5,0.5,prior,loso
4u_0614_09,4U 0614+09,94404-01-07-00,NS,0.5,0.5,prior,loso
4u_0614_09,4U 0614+09,95404-01-01-01,NS,0.5,0.5,prior,loso
4u_0614_09,4U 0614+09,95404-01-09-02,NS,0.5,0.5,prior,loso
4u_0614_09,4U 0614+09,96307-01-04-00,NS,0.5,0.5,prior,loso
4u_0614_09,4U 0614+09,96307-01-10-00,NS,0.5,0.5,prior,loso
4u_0614_09,4U 0614+09,96404-01-02-00,NS,0.5,0.5,prior,loso
4u_1254_69,4U 1254-69,90036-01-01-00,NS,0.5,0.5,prior,loso
4u_1254_69,4U 1254-69,90036-01-01-01,NS,0.5,0.5,prior,loso
4u_1254_69,4U 1254-69,90036-01-01-02,NS,0.5,0.5,prior,loso
4u_1254_69,4U 1254-69,90036-01-01-03,NS,0.5,0.5,prior,loso
4u_1254_69,4U 1254-69,90036-01-02-00,NS,0.5,0.5,prior,loso
4u_1254_69,4U 1254-69,90036-01-02-01,NS,0.5,0.5,prior,loso
4u_1254_69,4U 1254-69,93406-13-01-00,NS,0.5,0.5,prior,loso
4u_1254_69,4U 1254-69,95324-01-01-00,NS,0.5,0.5,prior,loso
4u_1254_69,4U 1254-69,95324-01-01-01,NS,0.5,0.5,prior,loso
4u_1254_69,4U 1254-69,95324-01-02-00,NS,0.5,0.5,prior,loso
4u_1254_69,4U 1254-69,95324-01-02-01,NS,0.5,0.5,prior,loso
4u_1543_475,4U 1543-475,70124-02-03-00,BH,0.5,0.5,prior,loso
4u_1543_475,4U 1543-475,70124-02-06-00,BH,0.5,0.5,prior,loso
4u_1543_475,4U 1543-475,70124-02-09-00,BH,0.5,0.5,prior,loso
4u_1543_475,4U 1543-475,70124-02-11-00,BH,0.5,0.5,prior,loso
4u_1543_475,4U 1543-475,70132-01-01-00,BH,0.5,0.5,prior,loso
4u_1543_475,4U 1543-475,70132-01-02-01,BH,0.5,0.5,prior,loso
4u_1543_475,4U 1543-475,70133-01-01-00,BH,0.5,0.5,prior,loso
4u_1543_475,4U 1543-475,70133-01-05-00,BH,0.5,0.5,prior,loso
4u_1543_475,4U 1543-475,70133-01-10-00,BH,0.5,0.5,prior,loso
4u_1543_475,4U 1543-475,70133-01-16-00,BH,0.5,0.5,prior,loso
4u_1543_475,4U 1543-475,70133-01-20-00,BH,0.5,0.5,prior,loso
4u_1543_475,4U 1543-475,70133-01-23-00,BH,0.5,0.5,prior,loso
4u_1543_475,4U 1543-475,70133-01-25-01,BH,0.5,0.5,prior,loso
4u_1543_475,4U 1543-475,70133-01-26-01,BH,0.5,0.5,prior,loso
4u_1543_475,4U 1543-475,70133-01-28-00,BH,0.5,0.5,prior,loso
4u_1543_475,4U 1543-475,70133-01-31-00,BH,0.5,0.5,prior,loso
4u_1608_522,4U 1608-522,10093-01-01-01,NS,0.5,0.5,prior,loso
4u_1608_522,4U 1608-522,30062-02-01-05,NS,0.5,0.5,prior,loso
4u_1608_522,4U 1608-522,40437-01-01-01,NS,0.5,0.5,prior,loso
4u_1608_522,4U 1608-522,50052-01-23-00,NS,0.5,0.5,prior,loso
4u_1608_522,4U 1608-522,60052-02-04-03,NS,0.5,0.5,prior,loso
4u_1608_522,4U 1608-522,70058-01-22-00,NS,0.5,0.5,prior,loso
4u_1608_522,4U 1608-522,70058-01-37-00,NS,0.5,0.5,prior,loso
4u_1608_522,4U 1608-522,70069-01-03-01,NS,0.5,0.5,prior,loso
4u_1608_522,4U 1608-522,80406-01-04-07,NS,0.5,0.5,prior,loso
4u_1608_522,4U 1608-522,91405-01-27-00,NS,0.5,0.5,prior,loso
4u_1608_522,4U 1608-522,91405-01-41-00,NS,0.5,0.5,prior,loso
4u_1608_522,4U 1608-522,92401-01-11-03,NS,0.5,0.5,prior,loso
4u_1608_522,4U 1608-522,93408-01-11-00,NS,0.5,0.5,prior,loso
4u_1608_522,4U 1608-522,93408-01-19-01,NS,0.5,0.5,prior,loso
4u_1608_522,4U 1608-522,93408-01-22-06,NS,0.5,0.5,prior,loso
4u_1608_522,4U 1608-522,93408-01-26-03,NS,0.5,0.5,prior,loso
4u_1608_522,4U 1608-522,93408-01-32-04,NS,0.5,0.5,prior,loso
4u_1608_522,4U 1608-522,93408-01-42-05,NS,0.5,0.5,prior,loso
4u_1608_522,4U 1608-522,93408-01-52-02,NS,0.5,0.5,prior,loso
4u_1608_522,4U 1608-522,93408-01-66-01,NS,0.5,0.5,prior,loso
4u_1608_522,4U 1608-522,94401-01-01-01,NS,0.5,0.5,prior,loso
4u_1608_522,4U 1608-522,94401-01-18-00,NS,0.5,0.5,prior,loso
4u_1608_522,4U 1608-522,94401-01-34-00,NS,0.5,0.5,prior,loso
4u_1608_522,4U 1608-522,95334-01-03-00,NS,0.5,0.5,prior,loso
4u_1608_522,4U 1608-522,96423-01-13-01,NS,0.5,0.5,prior,loso
4u_1608_522,4U 1608-522,96423-01-26-01,NS,0.5,0.5,prior,loso
4u_1608_522,4U 1608-522,96423-01-39-02,NS,0.5,0.5,prior,loso
4u_1636_536,4U 1636-536,30053-02-01-00,NS,0.5,0.5,prior,loso
4u_1636_536,4U 1636-536,40028-01-14-02,NS,0.5,0.5,prior,loso
4u_1636_536,4U 1636-536,60032-01-04-00,NS,0.5,0.5,prior,loso
4u_1636_536,4U 1636-536,60032-01-14-01,NS,0.5,0.5,prior,loso
4u_1636_536,4U 1636-536,60032-05-15-00,NS,0.5,0.5,prior,loso
4u_1636_536,4U 1636-536,91024-01-07-10,NS,0.5,0.5,prior,loso
4u_1636_536,4U 1636-536,91024-01-13-00,NS,0.5,0.5,prior,loso
4u_1636_536,4U 1636-536,91024-01-53-10,NS,0.5,0.5,prior,loso
4u_1636_536,4U 1636-536,91024-01-62-00,NS,0.5,0.5,prior,loso
4u_1636_536,4U 1636-536,91024-01-85-10,NS,0.5,0.5,prior,loso
4u_1636_536,4U 1636-536,92023-01-42-10,NS,0.5,0.5,prior,loso
4u_1636_536,4U 1636-536,92023-01-43-00,NS,0.5,0.5,prior,loso
4u_1636_536,4U 1636-536,92023-01-93-00,NS,0.5,0.5,prior,loso
4u_1636_536,4U 1636-536,92023-01-94-10,NS,0.5,0.5,prior,loso
4u_1636_536,4U 1636-536,92023-02-08-00,NS,0.5,0.5,prior,loso
4u_1636_536,4U 1636-536,93087-01-36-10,NS,0.5,0.5,prior,loso
4u_1636_536,4U 1636-536,93087-01-36-20,NS,0.5,0.5,prior,loso
4u_1636_536,4U 1636-536,93087-01-41-00,NS,0.5,0.5,prior,loso
4u_1636_536,4U 1636-536,93087-01-83-10,NS,0.5,0.5,prior,loso
4u_1636_536,4U 1636-536,93087-01-87-00,NS,0.5,0.5,prior,loso
4u_1636_536,4U 1636-536,94087-01-10-00,NS,0.5,0.5,prior,loso
4u_1636_536,4U 1636-536,94087-01-47-10,NS,0.5,0.5,prior,loso
4u_1636_536,4U 1636-536,94087-01-49-00,NS,0.5,0.5,prior,loso
4u_1636_536,4U 1636-536,94087-01-94-00,NS,0.5,0.5,prior,loso
4u_1636_536,4U 1636-536,95087-01-15-00,NS,0.5,0.5,prior,loso
4u_1636_536,4U 1636-536,95087-01-15-10,NS,0.5,0.5,prior,loso
4u_1636_536,4U 1636-536,95087-01-71-00,NS,0.5,0.5,prior,loso
4u_1636_536,4U 1636-536,96087-01-25-00,NS,0.5,0.5,prior,loso
4u_1636_536,4U 1636-536,96087-01-28-10,NS,0.5,0.5,prior,loso
4u_1636_536,4U 1636-536,96087-01-77-00,NS,0.5,0.5,prior,loso
4u_1636_536,4U 1636-536,96087-01-84-10,NS,0.5,0.5,prior,loso
4u_1702_429,4U 1702-429,20084-02-01-00,NS,0.5,0.5,prior,loso
4u_1702_429,4U 1702-429,20084-02-01-03,NS,0.5,0.5,prior,loso
4u_1702_429,4U 1702-429,20084-02-02-01,NS,0.5,0.5,prior,loso
4u_1702_429,4U 1702-429,40025-04-01-01,NS,0.5,0.5,prior,loso
4u_1702_429,4U 1702-429,40025-04-02-00,NS,0.5,0.5,prior,loso
4u_1702_429,4U 1702-429,40025-04-03-01,NS,0.5,0.5,prior,loso
4u_1702_429,4U 1702-429,40025-04-03-03,NS,0.5,0.5,prior,loso
4u_1702_429,4U 1702-429,50025-01-01-01,NS,0.5,0.5,prior,loso
4u_1702_429,4U 1702-429,50025-01-01-05,NS,0.5,0.5,prior,loso
4u_1702_429,4U 1702-429,50025-01-01-07,NS,0.5,0.5,prior,loso
4u_1702_429,4U 1702-429,50030-01-01-03,NS,0.5,0.5,prior,loso
4u_1702_429,4U 1702-429,50030-01-01-05,NS,0.5,0.5,prior,loso
4u_1702_429,4U 1702-429,50030-01-01-07,NS,0.5,0.5,prior,loso
4u_1702_429,4U 1702-429,50030-01-02-00,NS,0.5,0.5,prior,loso
4u_1702_429,4U 1702-429,50030-01-03-02,NS,0.5,0.5,prior,loso
4u_1702_429,4U 1702-429,50030-01-05-00,NS,0.5,0.5,prior,loso
4u_1702_429,4U 1702-429,50030-01-06-00,NS,0.5,0.5,prior,loso
4u_1702_429,4U 1702-429,50030-01-07-00,NS,0.5,0.5,prior,loso
4u_1702_429,4U 1702-429,50030-01-09-01,NS,0.5,0.5,prior,loso
4u_1702_429,4U 1702-429,50030-01-09-02,NS,0.5,0.5,prior,loso
4u_1702_429,4U 1702-429,50030-01-09-04,NS,0.5,0.5,prior,loso
4u_1702_429,4U 1702-429,50030-01-10-00,NS,0.5,0.5,prior,loso
4u_1702_429,4U 1702-429,50030-01-10-02,NS,0.5,0.5,prior,loso
4u_1702_429,4U 1702-429,50030-01-11-01,NS,0.5,0.5,prior,loso
4u_1702_429,4U 1702-429,50030-01-11-02,NS,0.5,0.5,prior,loso
4u_1702_429,4U 1702-429,50030-01-13-01,NS,0.5,0.5,prior,loso
4u_1702_429,4U 1702-429,50030-01-14-02,NS,0.5,0.5,prior,loso
4u_1702_429,4U 1702-429,50030-01-14-03,NS,0.5,0.5,prior,loso
4u_1702_429,4U 1702-429,94415-01-01-01,NS,0.5,0.5,prior,loso
4u_1702_429,4U 1702-429,94415-01-02-01,NS,0.5,0.5,prior,loso
4u_1705_44,4U 1705-44,70038-01-01-00,NS,0.5,0.5,prior,loso
4u_1705_44,4U 1705-44,91039-01-01-10,NS,0.5,0.5,prior,loso
4u_1705_44,4U 1705-44,91039-01-01-50,NS,0.5,0.5,prior,loso
4u_1705_44,4U 1705-44,91039-01-02-30,NS,0.5,0.5,prior,loso
4u_1705_44,4U 1705-44,91039-01-02-61,NS,0.5,0.5,prior,loso
4u_1705_44,4U 1705-44,91039-01-03-33,NS,0.5,0.5,prior,loso
4u_1705_44,4U 1705-44,93060-01-01-10,NS,0.5,0.5,prior,loso
4u_1705_44,4U 1705-44,93060-01-10-00,NS,0.5,0.5,prior,loso
4u_1705_44,4U 1705-44,93060-01-14-10,NS,0.5,0.5,prior,loso
4u_1705_44,4U 1705-44,93060-01-22-00,NS,0.5,0.5,prior,loso
4u_1705_44,4U 1705-44,93060-01-28-10,NS,0.5,0.5,prior,loso
4u_1705_44,4U 1705-44,93060-01-35-00,NS,0.5,0.5,prior,loso
4u_1705_44,4U 1705-44,93060-01-58-00,NS,0.5,0.5,prior,loso
4u_1705_44,4U 1705-44,93060-01-71-00,NS,0.5,0.5,prior,loso
4u_1705_44,4U 1705-44,93060-01-85-00,NS,0.5,0.5,prior,loso
4u_1705_44,4U 1705-44,94060-01-02-00,NS,0.5,0.5,prior,loso
4u_1705_44,4U 1705-44,94060-01-15-00,NS,0.5,0.5,prior,loso
4u_1705_44,4U 1705-44,94060-01-30-00,NS,0.5,0.5,prior,loso
4u_1705_44,4U 1705-44,94060-01-46-00,NS,0.5,0.5,prior,loso
4u_1705_44,4U 1705-44,94060-01-61-00,NS,0.5,0.5,prior,loso
4u_1705_44,4U 1705-44,95060-01-07-00,NS,0.5,0.5,prior,loso
4u_1705_44,4U 1705-44,95060-01-22-00,NS,0.5,0.5,prior,loso
4u_1705_44,4U 1705-44,95060-01-36-00,NS,0.5,0.5,prior,loso
4u_1705_44,4U 1705-44,95060-01-50-00,NS,0.5,0.5,prior,loso
4u_1705_44,4U 1705-44,95060-01-63-00,NS,0.5,0.5,prior,loso
4u_1705_44,4U 1705-44,95060-01-77-00,NS,0.5,0.5,prior,loso
4u_1705_44,4U 1705-44,96060-01-10-00,NS,0.5,0.5,prior,loso
4u_1705_44,4U 1705-44,96060-01-23-00,NS,0.5,0.5,prior,loso
4u_1705_44,4U 1705-44,96060-01-36-00,NS,0.5,0.5,prior,loso
4u_1705_44,4U 1705-44,96060-01-51-00,NS,0.5,0.5,prior,loso
4u_1705_44,4U 1705-44,96060-01-65-00,NS,0.5,0.5,prior,loso
4u_1705_44,4U 1705-44,96060-01-78-00,NS,0.5,0.5,prior,loso
4u_1728_34,4U 1728-34,10410-01-01-00,NS,0.5,0.5,prior,loso
4u_1728_34,4U 1728-34,30042-03-02-00,NS,0.5,0.5,prior,loso
4u_1728_34,4U 1728-34,30042-03-08-00,NS,0.5,0.5,prior,loso
4u_1728_34,4U 1728-34,30042-03-17-00,NS,0.5,0.5,prior,loso
4u_1728_34,4U 1728-34,40019-03-01-02,NS,0.5,0.5,prior,loso
4u_1728_34,4U 1728-34,40027-06-01-02,NS,0.5,0.5,prior,loso
4u_1728_34,4U 1728-34,40027-08-02-02,NS,0.5,0.5,prior,loso
4u_1728_34,4U 1728-34,40033-06-02-05,NS,0.5,0.5,prior,loso
4u_1728_34,4U 1728-34,50023-01-19-00,NS,0.5,0.5,prior,loso
4u_1728_34,4U 1728-34,50023-01-31-00,NS,0.5,0.5,prior,loso
4u_1728_34,4U 1728-34,50029-23-01-00,NS,0.5,0.5,prior,loso
4u_1728_34,4U 1728-34,50030-03-05-01,NS,0.5,0.5,prior,loso
4u_1728_34,4U 1728-34,50030-03-08-00,NS,0.5,0.5,prior,loso
4u_1728_34,4U 1728-34,70028-01-01-08,NS,0.5,0.5,prior,loso
4u_1728_34,4U 1728-34,91023-01-02-00,NS,0.5,0.5,prior,loso
4u_1728_34,4U 1728-34,92023-03-07-00,NS,0.5,0.5,prior,loso
4u_1728_34,4U 1728-34,92023-03-09-10,NS,0.5,0.5,prior,loso
4u_1728_34,4U 1728-34,92023-03-22-00,NS,0.5,0.5,prior,loso
4u_1728_34,4U 1728-34,92023-03-22-10,NS,0.5,0.5,prior,loso
4u_1728_34,4U 1728-34,92023-03-33-00,NS,0.5,0.5,prior,loso
4u_1728_34,4U 1728-34,92023-03-33-10,NS,0.5,0.5,prior,loso
4u_1728_34,4U 1728-34,92023-03-46-10,NS,0.5,0.5,prior,loso
4u_1728_34,4U 1728-34,92023-03-47-00,NS,0.5,0.5,prior,loso
4u_1728_34,4U 1728-34,92023-03-52-00,NS,0.5,0.5,prior,loso
4u_1728_34,4U 1728-34,92023-03-59-10,NS,0.5,0.5,prior,loso
4u_1728_34,4U 1728-34,92023-03-68-00,NS,0.5,0.5,prior,loso
4u_1728_34,4U 1728-34,92023-03-74-10,NS,0.5,0.5,prior,loso
4u_1728_34,4U 1728-34,92023-03-81-00,NS,0.5,0.5,prior,loso
4u_1728_34,4U 1728-34,92023-03-88-10,NS,0.5,0.5,prior,loso
4u_1728_34,4U 1728-34,92023-03-94-00,NS,0.5,0.5,prior,loso
4u_1728_34,4U 1728-34,96322-01-02-01,NS,0.5,0.5,prior,loso
4u_1728_34,4U 1728-34,96322-01-05-00,NS,0.5,0.5,prior,loso
4u_1735_444,4U 1735-444,20084-01-01-00,NS,0.5,0.5,prior,loso
4u_1735_444,4U 1735-444,20084-01-02-03,NS,0.5,0.5,prior,loso
4u_1735_444,4U 1735-444,40030-02-04-00,NS,0.5,0.5,prior,loso
4u_1735_444,4U 1735-444,40030-02-09-01,NS,0.5,0.5,prior,loso
4u_1735_444,4U 1735-444,40033-07-01-04,NS,0.5,0.5,prior,loso
4u_1735_444,4U 1735-444,50025-02-01-01,NS,0.5,0.5,prior,loso
4u_1735_444,4U 1735-444,50025-02-01-06,NS,0.5,0.5,prior,loso
4u_1735_444,4U 1735-444,50026-01-01-03,NS,0.5,0.5,prior,loso
4u_1735_444,4U 1735-444,50029-34-01-00,NS,0.5,0.5,prior,loso
4u_1735_444,4U 1735-444,60042-01-01-01,NS,0.5,0.5,prior,loso
4u_1735_444,4U 1735-444,91025-01-01-09,NS,0.5,0.5,prior,loso
4u_1735_444,4U 1735-444,91025-01-04-01,NS,0.5,0.5,prior,loso
4u_1735_444,4U 1735-444,91025-01-04-06,NS,0.5,0.5,prior,loso
4u_1735_444,4U 1735-444,91025-01-05-06,NS,0.5,0.5,prior,loso
4u_1735_444,4U 1735-444,91025-01-06-05,NS,0.5,0.5,prior,loso
4u_1735_444,4U 1735-444,91025-01-08-04,NS,0.5,0.5,prior,loso
4u_1735_444,4U 1735-444,91025-01-08-05,NS,0.5,0.5,prior,loso
4u_1735_444,4U 1735-444,91025-01-09-01,NS,0.5,0.5,prior,loso
4u_1735_444,4U 1735-444,91025-01-09-07,NS,0.5,0.5,prior,loso
4u_1735_444,4U 1735-444,91025-01-09-18,NS,0.5,0.5,prior,loso
4u_1735_444,4U 1735-444,91025-01-10-01,NS,0.5,0.5,prior,loso
4u_1735_444,4U 1735-444,91025-01-11-10,NS,0.5,0.5,prior,loso
4u_1735_444,4U 1735-444,91025-01-12-00,NS,0.5,0.5,prior,loso
4u_1735_444,4U 1735-444,91025-01-13-10,NS,0.5,0.5,prior,loso
4u_1735_444,4U 1735-444,91025-01-16-09,NS,0.5,0.5,prior,loso
4u_1735_444,4U 1735-444,91152-06-01-10,NS,0.5,0.5,prior,loso
4u_1735_444,4U 1735-444,91152-06-02-00,NS,0.5,0.5,prior,loso
4u_1735_444,4U 1735-444,93200-01-01-04,NS,0.5,0.5,prior,loso
4u_1735_444,4U 1735-444,96325-01-01-03,NS,0.5,0.5,prior,loso
4u_1735_444,4U 1735-444,96331-01-01-00,NS,0.5,0.5,prior,loso
4u_1735_444,4U 1735-444,96331-01-03-02,NS,0.5,0.5,prior,loso
4u_1746_37,4U 1746-37,70050-01-01-00,NS,0.5,0.5,prior,loso
4u_1746_37,4U 1746-37,70050-01-01-01,NS,0.5,0.5,prior,loso
4u_1746_37,4U 1746-37,70050-01-01-03,NS,0.5,0.5,prior,loso
4u_1746_37,4U 1746-37,70050-01-01-04,NS,0.5,0.5,prior,loso
4u_1746_37,4U 1746-37,70050-01-01-05,NS,0.5,0.5,prior,loso
4u_1746_37,4U 1746-37,70050-01-01-06,NS,0.5,0.5,prior,loso
4u_1746_37,4U 1746-37,70050-01-01-07,NS,0.5,0.5,prior,loso
4u_1746_37,4U 1746-37,70050-01-01-08,NS,0.5,0.5,prior,loso
4u_1746_37,4U 1746-37,70050-01-01-09,NS,0.5,0.5,prior,loso
4u_1746_37,4U 1746-37,70050-01-01-10,NS,0.5,0.5,prior,loso
4u_1746_37,4U 1746-37,90044-01-01-00,NS,0.5,0.5,prior,loso
4u_1746_37,4U 1746-37,90044-01-01-01,NS,0.5,0.5,prior,loso
4u_1746_37,4U 1746-37,90044-01-02-00,NS,0.5,0.5,prior,loso
4u_1746_37,4U 1746-37,90044-01-02-01,NS,0.5,0.5,prior,loso
4u_1746_37,4U 1746-37,90044-01-03-00,NS,0.5,0.5,prior,loso
4u_1746_37,4U 1746-37,90044-01-04-00,NS,0.5,0.5,prior,loso
4u_1746_37,4U 1746-37,91037-15-01-00,NS,0.5,0.5,prior,loso
aql_x_1,Aql X-1,20092-01-02-02,NS,0.5,0.5,prior,loso
aql_x_1,Aql X-1,20092-01-04-00,NS,0.5,0.5,prior,loso
aql_x_1,Aql X-1,20098-03-01-00,NS,0.5,0.5,prior,loso
aql_x_1,Aql X-1,30073-05-01-00,NS,0.5,0.5,prior,loso
aql_x_1,Aql X-1,30188-03-02-00,NS,0.5,0.5,prior,loso
aql_x_1,Aql X-1,40033-10-02-07,NS,0.5,0.5,prior,loso
aql_x_1,Aql X-1,40047-03-03-00,NS,0.5,0.5,prior,loso
aql_x_1,Aql X-1,40432-01-04-00,NS,0.5,0.5,prior,loso
aql_x_1,Aql X-1,50049-01-05-01,NS,0.5,0.5,prior,loso
aql_x_1,Aql X-1,50049-02-08-03,NS,0.5,0.5,prior,loso
aql_x_1,Aql X-1,50049-02-15-04,NS,0.5,0.5,prior,loso
aql_x_1,Aql X-1,60054-02-01-04,NS,0.5,0.5,prior,loso
aql_x_1,Aql X-1,70069-03-02-03,NS,0.5,0.5,prior,loso
aql_x_1,Aql X-1,70069-03-04-08,NS,0.5,0.5,prior,loso
aql_x_1,Aql X-1,90017-01-07-00,NS,0.5,0.5,prior,loso
aql_x_1,Aql X-1,90403-01-01-00,NS,0.5,0.5,prior,loso
aql_x_1,Aql X-1,91028-01-01-00,NS,0.5,0.5,prior,loso
aql_x_1,Aql X-1,91028-01-22-00,NS,0.5,0.5,prior,loso
aql_x_1,Aql X-1,91414-01-09-07,NS,0.5,0.5,prior,loso
aql_x_1,Aql X-1,92034-01-05-06,NS,0.5,0.5,prior,loso
aql_x_1,Aql X-1,93076-01-09-00,NS,0.5,0.5,prior,loso
aql_x_1,Aql X-1,93405-01-01-01,NS,0.5,0.5,prior,loso
aql_x_1,Aql X-1,93405-01-05-02,NS,0.5,0.5,prior,loso
aql_x_1,Aql X-1,94076-01-04-07,NS,0.5,0.5,prior,loso
aql_x_1,Aql X-1,94441-01-01-02,NS,0.5,0.5,prior,loso
aql_x_1,Aql X-1,95413-01-06-01,NS,0.5,0.5,prior,loso
aql_x_1,Aql X-1,96440-01-02-00,NS,0.5,0.5,prior,loso
aql_x_1,Aql X-1,96440-01-05-04,NS,0.5,0.5,prior,loso
aql_x_1,Aql X-1,96440-01-08-06,NS,0.5,0.5,prior,loso
cyg_x_2,Cyg X-2,20053-04-01-01,NS,0.5,0.5,prior,loso
cyg_x_2,Cyg X-2,30046-01-03-00,NS,0.5,0.5,prior,loso
cyg_x_2,Cyg X-2,40017-02-02-02,NS,0.5,0.5,prior,loso
cyg_x_2,Cyg X-2,40017-02-12-00,NS,0.5,0.5,prior,loso
cyg_x_2,Cyg X-2,40017-02-16-06,NS,0.5,0.5,prior,loso
cyg_x_2,Cyg X-2,40019-04-04-00,NS,0.5,0.5,prior,loso
cyg_x_2,Cyg X-2,60417-01-01-00,NS,0.5,0.5,prior,loso
cyg_x_2,Cyg X-2,70014-02-02-00,NS,0.5,0.5,prior,loso
cyg_x_2,Cyg X-2,70018-03-03-00,NS,0.5,0.5,prior,loso
cyg_x_2,Cyg X-2,90030-01-03-10,NS,0.5,0.5,prior,loso
cyg_x_2,Cyg X-2,90030-01-08-00,NS,0.5,0.5,prior,loso
cyg_x_2,Cyg X-2,90030-01-24-00,NS,0.5,0.5,prior,loso
cyg_x_2,Cyg X-2,90030-01-41-00,NS,0.5,0.5,prior,loso
cyg_x_2,Cyg X-2,90030-01-53-00,NS,0.5,0.5,prior,loso
cyg_x_2,Cyg X-2,90030-01-67-00,NS,0.5,0.5,prior,loso
cyg_x_2,Cyg X-2,90030-01-81-00,NS,0.5,0.5,prior,loso
cyg_x_2,Cyg X-2,90030-01-95-00,NS,0.5,0.5,prior,loso
cyg_x_2,Cyg X-2,91009-01-06-00,NS,0.5,0.5,prior,loso
cyg_x_2,Cyg X-2,91009-01-24-00,NS,0.5,0.5,prior,loso
cyg_x_2,Cyg X-2,91009-01-38-00,NS,0.5,0.5,prior,loso
cyg_x_2,Cyg X-2,91010-01-01-05,NS,0.5,0.5,prior,loso
cyg_x_2,Cyg X-2,92038-01-05-01,NS,0.5,0.5,prior,loso
cyg_x_2,Cyg X-2,92038-01-10-02,NS,0.5,0.5,prior,loso
cyg_x_2,Cyg X-2,92039-01-02-03,NS,0.5,0.5,prior,loso
cyg_x_2,Cyg X-2,93082-02-04-02,NS,0.5,0.5,prior,loso
cyg_x_2,Cyg X-2,93443-01-01-13,NS,0.5,0.5,prior,loso
cyg_x_2,Cyg X-2,95345-01-32-00,NS,0.5,0.5,prior,loso
cyg_x_2,Cyg X-2,95345-01-42-00,NS,0.5,0.5,prior,loso
gs_1354_64,GS 1354-64,20431-01-03-00,BH,0.5,0.5,prior,loso
gs_1354_64,GS 1354-64,20431-01-04-00,BH,0.5,0.5,prior,loso
gs_1354_64,GS 1354-64,20431-01-05-00,BH,0.5,0.5,prior,loso
gs_1354_64,GS 1354-64,30401-01-01-00,BH,0.5,0.5,prior,loso
gs_1354_64,GS 1354-64,30401-01-02-00,BH,0.5,0.5,prior,loso
gs_1354_64,GS 1354-64,30401-01-03-00,BH,0.5,0.5,prior,loso
gs_1354_64,GS 1354-64,30401-01-04-00,BH,0.5,0.5,prior,loso
gx_339_4,GX 339-4,10420-01-01-00,BH,0.5,0.5,prior,loso
gx_339_4,GX 339-4,40031-03-03-00,BH,0.5,0.5,prior,loso
gx_339_4,GX 339-4,40108-01-04-00,BH,0.5,0.5,prior,loso
gx_339_4,GX 339-4,60705-01-56-00,BH,0.5,0.5,prior,loso
gx_339_4,GX 339-4,60705-01-69-00,BH,0.5,0.5,prior,loso
gx_339_4,GX 339-4,60705-01-80-00,BH,0.5,0.5,prior,loso
gx_339_4,GX 339-4,70109-01-28-00,BH,0.5,0.5,prior,loso
gx_339_4,GX 339-4,80102-04-57-01,BH,0.5,0.5,prior,loso
gx_339_4,GX 339-4,80132-01-15-00,BH,0.5,0.5,prior,loso
gx_339_4,GX 339-4,90019-01-02-00,BH,0.5,0.5,prior,loso
gx_339_4,GX 339-4,91105-04-08-00,BH,0.5,0.5,prior,loso
gx_339_4,GX 339-4,92035-01-02-06,BH,0.5,0.5,prior,loso
gx_339_4,GX 339-4,92085-02-01-00,BH,0.5,0.5,prior,loso
gx_339_4,GX 339-4,92704-03-11-00,BH,0.5,0.5,prior,loso
gx_339_4,GX 339-4,92704-03-32-00,BH,0.5,0.5,prior,loso
gx_339_4,GX 339-4,93076-08-02-00,BH,0.5,0.5,prior,loso
gx_339_4,GX 339-4,93409-01-04-01,BH,0.5,0.5,prior,loso
gx_339_4,GX 339-4,95409-01-07-01,BH,0.5,0.5,prior,loso
gx_339_4,GX 339-4,95409-01-15-01,BH,0.5,0.5,prior,loso
gx_339_4,GX 339-4,95409-01-21-00,BH,0.5,0.5,prior,loso
gx_339_4,GX 339-4,95409-01-38-01,BH,0.5,0.5,prior,loso
gx_339_4,GX 339-4,96409-01-02-03,BH,0.5,0.5,prior,loso
hete_j1900_1_2455,HETE J1900.1-2455,91015-01-01-00,NS,0.5,0.5,prior,loso
hete_j1900_1_2455,HETE J1900.1-2455,91015-01-04-07,NS,0.5,0.5,prior,loso
hete_j1900_1_2455,HETE J1900.1-2455,91015-01-07-01,NS,0.5,0.5,prior,loso
hete_j1900_1_2455,HETE J1900.1-2455,91057-01-03-01,NS,0.5,0.5,prior,loso
hete_j1900_1_2455,HETE J1900.1-2455,91057-01-05-04,NS,0.5,0.5,prior,loso
hete_j1900_1_2455,HETE J1900.1-2455,91057-01-08-00,NS,0.5,0.5,prior,loso
hete_j1900_1_2455,HETE J1900.1-2455,91057-01-11-00,NS,0.5,0.5,prior,loso
hete_j1900_1_2455,HETE J1900.1-2455,91059-03-03-00,NS,0.5,0.5,prior,loso
hete_j1900_1_2455,HETE J1900.1-2455,92049-01-04-00,NS,0.5,0.5,prior,loso
hete_j1900_1_2455,HETE J1900.1-2455,92049-01-14-00,NS,0.5,0.5,prior,loso
hete_j1900_1_2455,HETE J1900.1-2455,92049-01-26-00,NS,0.5,0.5,prior,loso
hete_j1900_1_2455,HETE J1900.1-2455,92049-01-37-00,NS,0.5,0.5,prior,loso
hete_j1900_1_2455,HETE J1900.1-2455,92049-01-49-00,NS,0.5,0.5,prior,loso
hete_j1900_1_2455,HETE J1900.1-2455,93030-01-03-00,NS,0.5,0.5,prior,loso
hete_j1900_1_2455,HETE J1900.1-2455,93030-01-15-00,NS,0.5,0.5,prior,loso
hete_j1900_1_2455,HETE J1900.1-2455,93030-01-25-01,NS,0.5,0.5,prior,loso
hete_j1900_1_2455,HETE J1900.1-2455,93030-01-37-00,NS,0.5,0.5,prior,loso
hete_j1900_1_2455,HETE J1900.1-2455,93030-01-48-00,NS,0.5,0.5,prior,loso
hete_j1900_1_2455,HETE J1900.1-2455,93451-01-01-00,NS,0.5,0.5,prior,loso
hete_j1900_1_2455,HETE J1900.1-2455,94030-01-04-00,NS,0.5,0.5,prior,loso
hete_j1900_1_2455,HETE J1900.1-2455,94030-01-12-00,NS,0.5,0.5,prior,loso
hete_j1900_1_2455,HETE J1900.1-2455,94030-01-24-00,NS,0.5,0.5,prior,loso
hete_j1900_1_2455,HETE J1900.1-2455,94030-01-37-00,NS,0.5,0.5,prior,loso
hete_j1900_1_2455,HETE J1900.1-2455,95030-01-05-00,NS,0.5,0.5,prior,loso
hete_j1900_1_2455,HETE J1900.1-2455,95030-01-16-00,NS,0.5,0.5,prior,loso
hete_j1900_1_2455,HETE J1900.1-2455,95030-01-27-00,NS,0.5,0.5,prior,loso
hete_j1900_1_2455,HETE J1900.1-2455,95030-01-40-00,NS,0.5,0.5,prior,loso
hete_j1900_1_2455,HETE J1900.1-2455,96030-01-07-00,NS,0.5,0.5,prior,loso
hete_j1900_1_2455,HETE J1900.1-2455,96030-01-20-00,NS,0.5,0.5,prior,loso
hete_j1900_1_2455,HETE J1900.1-2455,96030-01-32-00,NS,0.5,0.5,prior,loso
igr_j00291_5934,IGR J00291+5934,90052-03-01-00,NS,0.5,0.5,prior,loso
igr_j00291_5934,IGR J00291+5934,90425-01-01-13,NS,0.5,0.5,prior,loso
igr_j00291_5934,IGR J00291+5934,90425-01-02-14,NS,0.5,0.5,prior,loso
igr_j00291_5934,IGR J00291+5934,93013-07-06-02,NS,0.5,0.5,prior,loso
igr_j00291_5934,IGR J00291+5934,93013-07-18-00,NS,0.5,0.5,prior,loso
ks_1731_260,KS 1731-260,10416-01-01-00,NS,0.5,0.5,prior,loso
ks_1731_260,KS 1731-260,10416-01-03-00,NS,0.5,0.5,prior,loso
ks_1731_260,KS 1731-260,30061-01-01-00,NS,0.5,0.5,prior,loso
ks_1731_260,KS 1731-260,30061-01-01-02,NS,0.5,0.5,prior,loso
ks_1731_260,KS 1731-260,30061-01-01-04,NS,0.5,0.5,prior,loso
ks_1731_260,KS 1731-260,30061-01-02-01,NS,0.5,0.5,prior,loso
ks_1731_260,KS 1731-260,30061-01-02-03,NS,0.5,0.5,prior,loso
ks_1731_260,KS 1731-260,30061-01-02-06,NS,0.5,0.5,prior,loso
ks_1731_260,KS 1731-260,30061-01-03-00,NS,0.5,0.5,prior,loso
ks_1731_260,KS 1731-260,30061-01-03-01,NS,0.5,0.5,prior,loso
ks_1731_260,KS 1731-260,30061-01-04-00,NS,0.5,0.5,prior,loso
ks_1731_260,KS 1731-260,30061-01-04-02,NS,0.5,0.5,prior,loso
ks_1731_260,KS 1731-260,50031-02-01-01,NS,0.5,0.5,prior,loso
ks_1731_260,KS 1731-260,50031-02-01-03,NS,0.5,0.5,prior,loso
ks_1731_260,KS 1731-260,50031-02-01-05,NS,0.5,0.5,prior,loso
ks_1731_260,KS 1731-260,50031-02-01-09,NS,0.5,0.5,prior,loso
ks_1731_260,KS 1731-260,50031-02-01-11,NS,0.5,0.5,prior,loso
ks_1731_260,KS 1731-260,50031-02-02-02,NS,0.5,0.5,prior,loso
ks_1731_260,KS 1731-260,50031-02-02-04,NS,0.5,0.5,prior,loso
ks_1731_260,KS 1731-260,50031-02-02-06,NS,0.5,0.5,prior,loso
ks_1731_260,KS 1731-260,50031-02-02-07,NS,0.5,0.5,prior,loso
ks_1731_260,KS 1731-260,50031-02-03-00,NS,0.5,0.5,prior,loso
ks_1731_260,KS 1731-260,50031-02-03-06,NS,0.5,0.5,prior,loso
ks_1731_260,KS 1731-260,50031-02-03-07,NS,0.5,0.5,prior,loso
ks_1731_260,KS 1731-260,50031-02-03-08,NS,0.5,0.5,prior,loso
mxb_1658_298,MXB 1658-298,40050-04-05-00,NS,0.5,0.5,prior,loso
mxb_1658_298,MXB 1658-298,40050-04-05-02,NS,0.5,0.5,prior,loso
mxb_1658_298,MXB 1658-298,40414-01-01-00,NS,0.5,0.5,prior,loso
mxb_1658_298,MXB 1658-298,40414-01-02-00,NS,0.5,0.5,prior,loso
mxb_1658_298,MXB 1658-298,40414-01-04-00,NS,0.5,0.5,prior,loso
mxb_1658_298,MXB 1658-298,40414-01-06-00,NS,0.5,0.5,prior,loso
mxb_1658_298,MXB 1658-298,40414-01-08-00,NS,0.5,0.5,prior,loso
mxb_1658_298,MXB 1658-298,40414-01-14-00,NS,0.5,0.5,prior,loso
mxb_1658_298,MXB 1658-298,40414-01-15-00,NS,0.5,0.5,prior,loso
mxb_1658_298,MXB 1658-298,50410-01-02-00,NS,0.5,0.5,prior,loso
mxb_1658_298,MXB 1658-298,50410-01-03-00,NS,0.5,0.5,prior,loso
mxb_1658_298,MXB 1658-298,50410-01-05-00,NS,0.5,0.5,prior,loso
mxb_1658_298,MXB 1658-298,50410-01-07-00,NS,0.5,0.5,prior,loso
mxb_1658_298,MXB 1658-298,50410-01-09-00,NS,0.5,0.5,prior,loso
mxb_1658_298,MXB 1658-298,60048-01-02-00,NS,0.5,0.5,prior,loso
mxb_1658_298,MXB 1658-298,60048-01-04-00,NS,0.5,0.5,prior,loso
mxb_1658_298,MXB 1658-298,60048-01-05-00,NS,0.5,0.5,prior,loso
mxb_1658_298,MXB 1658-298,60048-02-01-00,NS,0.5,0.5,prior,loso
mxb_1658_298,MXB 1658-298,60048-02-03-00,NS,0.5,0.5,prior,loso
mxb_1658_298,MXB 1658-298,60048-02-05-00,NS,0.5,0.5,prior,loso
mxb_1658_298,MXB 1658-298,60048-03-02-00,NS,0.5,0.5,prior,loso
mxb_1658_298,MXB 1658-298,60048-03-03-00,NS,0.5,0.5,prior,loso
mxb_1658_298,MXB 1658-298,60048-03-05-00,NS,0.5,0.5,prior,loso
mxb_1658_298,MXB 1658-298,60048-04-02-00,NS,0.5,0.5,prior,loso
mxb_1658_298,MXB 1658-298,60419-01-01-00,NS,0.5,0.5,prior,loso
sax_j1750_8_2900,SAX J1750.8-2900,60035-01-02-01,NS,0.5,0.5,prior,loso
sax_j1750_8_2900,SAX J1750.8-2900,60084-03-01-02,NS,0.5,0.5,prior,loso
sax_j1750_8_2900,SAX J1750.8-2900,60084-03-02-00,NS,0.5,0.5,prior,loso
sax_j1750_8_2900,SAX J1750.8-2900,60117-01-01-00,NS,0.5,0.5,prior,loso
sax_j1750_8_2900,SAX J1750.8-2900,93044-08-02-00,NS,0.5,0.5,prior,loso
sax_j1750_8_2900,SAX J1750.8-2900,93044-08-05-00,NS,0.5,0.5,prior,loso
sax_j1750_8_2900,SAX J1750.8-2900,93044-08-08-01,NS,0.5,0.5,prior,loso
sax_j1750_8_2900,SAX J1750.8-2900,93432-01-01-01,NS,0.5,0.5,prior,loso
sax_j1750_8_2900,SAX J1750.8-2900,93432-01-02-00,NS,0.5,0.5,prior,loso
sax_j1750_8_2900,SAX J1750.8-2900,93432-01-02-05,NS,0.5,0.5,prior,loso
sax_j1750_8_2900,SAX J1750.8-2900,93432-01-03-01,NS,0.5,0.5,prior,loso
sax_j1750_8_2900,SAX J1750.8-2900,93432-01-03-05,NS,0.5,0.5,prior,loso
sax_j1750_8_2900,SAX J1750.8-2900,93432-01-04-02,NS,0.5,0.5,prior,loso
sax_j1750_8_2900,SAX J1750.8-2900,93432-01-05-02,NS,0.5,0.5,prior,loso
sax_j1750_8_2900,SAX J1750.8-2900,93432-01-06-00,NS,0.5,0.5,prior,loso
sax_j1750_8_2900,SAX J1750.8-2900,93432-01-06-03,NS,0.5,0.5,prior,loso
sax_j1750_8_2900,SAX J1750.8-2900,93432-01-07-00,NS,0.5,0.5,prior,loso
sax_j1750_8_2900,SAX J1750.8-2900,93432-01-07-04,NS,0.5,0.5,prior,loso
sax_j1750_8_2900,SAX J1750.8-2900,93432-01-08-01,NS,0.5,0.5,prior,loso
sax_j1750_8_2900,SAX J1750.8-2900,93432-01-09-03,NS,0.5,0.5,prior,loso
sax_j1750_8_2900,SAX J1750.8-2900,93432-01-10-01,NS,0.5,0.5,prior,loso
sax_j1750_8_2900,SAX J1750.8-2900,93432-01-10-04,NS,0.5,0.5,prior,loso
sax_j1750_8_2900,SAX J1750.8-2900,93432-01-11-02,NS,0.5,0.5,prior,loso
sax_j1750_8_2900,SAX J1750.8-2900,93432-01-11-03,NS,0.5,0.5,prior,loso
sax_j1750_8_2900,SAX J1750.8-2900,93432-01-12-02,NS,0.5,0.5,prior,loso
sax_j1750_8_2900,SAX J1750.8-2900,93432-01-13-02,NS,0.5,0.5,prior,loso
sax_j1750_8_2900,SAX J1750.8-2900,93432-01-14-01,NS,0.5,0.5,prior,loso
sax_j1750_8_2900,SAX J1750.8-2900,93432-01-14-03,NS,0.5,0.5,prior,loso
sax_j1750_8_2900,SAX J1750.8-2900,93432-01-15-00,NS,0.5,0.5,prior,loso
sax_j1750_8_2900,SAX J1750.8-2900,93432-01-16-00,NS,0.5,0.5,prior,loso
sax_j1750_8_2900,SAX J1750.8-2900,93432-01-16-04,NS,0.5,0.5,prior,loso
sax_j1750_8_2900,SAX J1750.8-2900,93432-01-17-02,NS,0.5,0.5,prior,loso
sax_j1806_5_2215,SAX J1806.5-2215,96085-04-01-00,NS,0.5,0.5,prior,loso
sax_j1806_5_2215,SAX J1806.5-2215,96085-04-02-01,NS,0.5,0.5,prior,loso
sax_j1806_5_2215,SAX J1806.5-2215,96085-04-03-00,NS,0.5,0.5,prior,loso
sax_j1806_5_2215,SAX J1806.5-2215,96085-04-03-02,NS,0.5,0.5,prior,loso
sax_j1806_5_2215,SAX J1806.5-2215,96085-04-03-03,NS,0.5,0.5,prior,loso
sax_j1806_5_2215,SAX J1806.5-2215,96085-04-04-00,NS,0.5,0.5,prior,loso
sax_j1806_5_2215,SAX J1806.5-2215,96085-04-04-01,NS,0.5,0.5,prior,loso
sax_j1806_5_2215,SAX J1806.5-2215,96085-04-04-03,NS,0.5,0.5,prior,loso
sax_j1806_5_2215,SAX J1806.5-2215,96085-04-05-00,NS,0.5,0.5,prior,loso
sax_j1806_5_2215,SAX J1806.5-2215,96085-04-05-03,NS,0.5,0.5,prior,loso
sax_j1806_5_2215,SAX J1806.5-2215,96085-04-06-00,NS,0.5,0.5,prior,loso
sax_j1806_5_2215,SAX J1806.5-2215,96085-04-06-01,NS,0.5,0.5,prior,loso
sax_j1806_5_2215,SAX J1806.5-2215,96085-04-08-00,NS,0.5,0.5,prior,loso
sax_j1806_5_2215,SAX J1806.5-2215,96085-04-09-00,NS,0.5,0.5,prior,loso
sax_j1806_5_2215,SAX J1806.5-2215,96085-04-09-01,NS,0.5,0.5,prior,loso
sax_j1806_5_2215,SAX J1806.5-2215,96085-04-10-01,NS,0.5,0.5,prior,loso
sax_j1806_5_2215,SAX J1806.5-2215,96085-04-11-00,NS,0.5,0.5,prior,loso
sax_j1806_5_2215,SAX J1806.5-2215,96085-04-12-01,NS,0.5,0.5,prior,loso
sax_j1806_5_2215,SAX J1806.5-2215,96085-04-13-00,NS,0.5,0.5,prior,loso
sax_j1806_5_2215,SAX J1806.5-2215,96085-04-15-00,NS,0.5,0.5,prior,loso
sax_j1806_5_2215,SAX J1806.5-2215,96085-04-16-00,NS,0.5,0.5,prior,loso
sax_j1806_5_2215,SAX J1806.5-2215,96085-04-17-00,NS,0.5,0.5,prior,loso
sax_j1806_5_2215,SAX J1806.5-2215,96085-04-19-00,NS,0.5,0.5,prior,loso
sax_j1806_5_2215,SAX J1806.5-2215,96085-04-20-00,NS,0.5,0.5,prior,loso
sax_j1806_5_2215,SAX J1806.5-2215,96085-04-23-00,NS,0.5,0.5,prior,loso
sax_j1806_5_2215,SAX J1806.5-2215,96085-04-25-00,NS,0.5,0.5,prior,loso
sax_j1806_5_2215,SAX J1806.5-2215,96085-04-26-00,NS,0.5,0.5,prior,loso
sax_j1806_5_2215,SAX J1806.5-2215,96085-04-28-00,NS,0.5,0.5,prior,loso
sax_j1806_5_2215,SAX J1806.5-2215,96085-04-29-00,NS,0.5,0.5,prior,loso
sax_j1806_5_2215,SAX J1806.5-2215,96085-04-30-00,NS,0.5,0.5,prior,loso
sax_j1806_5_2215,SAX J1806.5-2215,96085-04-31-00,NS,0.5,0.5,prior,loso
sax_j1806_5_2215,SAX J1806.5-2215,96085-04-33-00,NS,0.5,0.5,prior,loso
sax_j1808_4_3658,SAX J1808.4-3658,70080-01-02-03,NS,0.5,0.5,prior,loso
sax_j1808_4_3658,SAX J1808.4-3658,70080-01-02-13,NS,0.5,0.5,prior,loso
sax_j1808_4_3658,SAX J1808.4-3658,70080-01-03-12,NS,0.5,0.5,prior,loso
sax_j1808_4_3658,SAX J1808.4-3658,70080-02-02-35,NS,0.5,0.5,prior,loso
sax_j1808_4_3658,SAX J1808.4-3658,70080-02-02-36,NS,0.5,0.5,prior,loso
sax_j1808_4_3658,SAX J1808.4-3658,70080-03-06-00,NS,0.5,0.5,prior,loso
sax_j1808_4_3658,SAX J1808.4-3658,70080-03-20-02,NS,0.5,0.5,prior,loso
sax_j1808_4_3658,SAX J1808.4-3658,70080-03-20-10,NS,0.5,0.5,prior,loso
sax_j1808_4_3658,SAX J1808.4-3658,91056-01-02-01,NS,0.5,0.5,prior,loso
sax_j1808_4_3658,SAX J1808.4-3658,91056-01-03-09,NS,0.5,0.5,prior,loso
sax_j1808_4_3658,SAX J1808.4-3658,91418-01-03-01,NS,0.5,0.5,prior,loso
sax_j1808_4_3658,SAX J1808.4-3658,93027-01-02-00,NS,0.5,0.5,prior,loso
sax_j1808_4_3658,SAX J1808.4-3658,96027-01-01-00,NS,0.5,0.5,prior,loso
sax_j1808_4_3658,SAX J1808.4-3658,96027-01-02-07,NS,0.5,0.5,prior,loso
sax_j1810_8_2609,SAX J1810.8-2609,93044-02-01-00,NS,0.5,0.5,prior,loso
sax_j1810_8_2609,SAX J1810.8-2609,93044-02-02-00,NS,0.5,0.5,prior,loso
sax_j1810_8_2609,SAX J1810.8-2609,93044-02-03-00,NS,0.5,0.5,prior,loso
sax_j1810_8_2609,SAX J1810.8-2609,93044-02-04-00,NS,0.5,0.5,prior,loso
sax_j1810_8_2609,SAX J1810.8-2609,93044-02-06-00,NS,0.5,0.5,prior,loso
sax_j1810_8_2609,SAX J1810.8-2609,93044-02-06-01,NS,0.5,0.5,prior,loso
sax_j1810_8_2609,SAX J1810.8-2609,93044-02-07-00,NS,0.5,0.5,prior,loso
sax_j1810_8_2609,SAX J1810.8-2609,93044-02-08-00,NS,0.5,0.5,prior,loso
sax_j1810_8_2609,SAX J1810.8-2609,93093-01-01-00,NS,0.5,0.5,prior,loso
sax_j1810_8_2609,SAX J1810.8-2609,93093-01-01-01,NS,0.5,0.5,prior,loso
sax_j1810_8_2609,SAX J1810.8-2609,93093-01-01-02,NS,0.5,0.5,prior,loso
sax_j1810_8_2609,SAX J1810.8-2609,93093-01-02-01,NS,0.5,0.5,prior,loso
sax_j1810_8_2609,SAX J1810.8-2609,93093-01-02-02,NS,0.5,0.5,prior,loso
sax_j1810_8_2609,SAX J1810.8-2609,93093-01-02-03,NS,0.5,0.5,prior,loso
sax_j1810_8_2609,SAX J1810.8-2609,93093-01-02-04,NS,0.5,0.5,prior,loso
sax_j1810_8_2609,SAX J1810.8-2609,93093-01-02-05,NS,0.5,0.5,prior,loso
sax_j1810_8_2609,SAX J1810.8-2609,93093-01-02-06,NS,0.5,0.5,prior,loso
sax_j1810_8_2609,SAX J1810.8-2609,93093-01-02-07,NS,0.5,0.5,prior,loso
sax_j1810_8_2609,SAX J1810.8-2609,93093-01-02-08,NS,0.5,0.5,prior,loso
sax_j1810_8_2609,SAX J1810.8-2609,93093-01-02-10,NS,0.5,0.5,prior,loso
sax_j1810_8_2609,SAX J1810.8-2609,93093-01-02-11,NS,0.5,0.5,prior,loso
sax_j1810_8_2609,SAX J1810.8-2609,93414-01-01-00,NS,0.5,0.5,prior,loso
sax_j1810_8_2609,SAX J1810.8-2609,93414-01-01-01,NS,0.5,0.5,prior,loso
sax_j1810_8_2609,SAX J1810.8-2609,93414-01-01-02,NS,0.5,0.5,prior,loso
sax_j1810_8_2609,SAX J1810.8-2609,93414-01-01-03,NS,0.5,0.5,prior,loso
sax_j1810_8_2609,SAX J1810.8-2609,93414-01-04-00,NS,0.5,0.5,prior,loso
sax_j1810_8_2609,SAX J1810.8-2609,93414-01-04-01,NS,0.5,0.5,prior,loso
sax_j1810_8_2609,SAX J1810.8-2609,93414-01-04-02,NS,0.5,0.5,prior,loso
sax_j1810_8_2609,SAX J1810.8-2609,93414-01-04-03,NS,0.5,0.5,prior,loso
sax_j1810_8_2609,SAX J1810.8-2609,93414-01-05-00,NS,0.5,0.5,prior,loso
sax_j1810_8_2609,SAX J1810.8-2609,93414-01-05-01,NS,0.5,0.5,prior,loso
slx_1735_269,SLX 1735-269,20089-02-01-00,NS,0.5,0.5,prior,loso
slx_1735_269,SLX 1735-269,20170-03-01-00,NS,0.5,0.5,prior,loso
slx_1735_269,SLX 1735-269,20170-03-03-00,NS,0.5,0.5,prior,loso
slx_1735_269,SLX 1735-269,20170-03-06-00,NS,0.5,0.5,prior,loso
slx_1735_269,SLX 1735-269,20170-03-08-00,NS,0.5,0.5,prior,loso
slx_1735_269,SLX 1735-269,20170-03-11-00,NS,0.5,0.5,prior,loso
slx_1735_269,SLX 1735-269,60034-01-01-03,NS,0.5,0.5,prior,loso
slx_1735_269,SLX 1735-269,60034-01-01-05,NS,0.5,0.5,prior,loso
slx_1735_269,SLX 1735-269,60034-01-02-03,NS,0.5,0.5,prior,loso
slx_1735_269,SLX 1735-269,60034-01-03-00,NS,0.5,0.5,prior,loso
slx_1735_269,SLX 1735-269,70134-08-01-00,NS,0.5,0.5,prior,loso
slx_1735_269,SLX 1735-269,80138-03-01-00,NS,0.5,0.5,prior,loso
slx_1735_269,SLX 1735-269,80138-03-04-00,NS,0.5,0.5,prior,loso
slx_1735_269,SLX 1735-269,80138-03-06-00,NS,0.5,0.5,prior,loso
slx_1735_269,SLX 1735-269,80138-03-07-02,NS,0.5,0.5,prior,loso
slx_1735_269,SLX 1735-269,80138-03-08-00,NS,0.5,0.5,prior,loso
slx_1735_269,SLX 1735-269,90058-05-01-02,NS,0.5,0.5,prior,loso
slx_1735_269,SLX 1735-269,90058-05-01-04,NS,0.5,0.5,prior,loso
slx_1735_269,SLX 1735-269,92052-02-01-00,NS,0.5,0.5,prior,loso
slx_1735_269,SLX 1735-269,94044-05-01-00,NS,0.5,0.5,prior,loso
slx_1735_269,SLX 1735-269,96429-01-02-00,NS,0.5,0.5,prior,loso
slx_1735_269,SLX 1735-269,96429-01-02-02,NS,0.5,0.5,prior,loso
slx_1735_269,SLX 1735-269,96429-01-04-00,NS,0.5,0.5,prior,loso
slx_1735_269,SLX 1735-269,96429-01-05-00,NS,0.5,0.5,prior,loso
slx_1735_269,SLX 1735-269,96429-01-06-02,NS,0.5,0.5,prior,loso
slx_1735_269,SLX 1735-269,96429-01-07-00,NS,0.5,0.5,prior,loso
slx_1735_269,SLX 1735-269,96429-01-08-01,NS,0.5,0.5,prior,loso
slx_1735_269,SLX 1735-269,96429-01-08-03,NS,0.5,0.5,prior,loso
ser_x_1,Ser X-1,40025-03-01-00,NS,0.5,0.5,prior,loso
ser_x_1,Ser X-1,40025-03-01-01,NS,0.5,0.5,prior,loso
ser_x_1,Ser X-1,40025-03-01-02,NS,0.5,0.5,prior,loso
ser_x_1,Ser X-1,40025-03-02-00,NS,0.5,0.5,prior,loso
ser_x_1,Ser X-1,40025-03-02-01,NS,0.5,0.5,prior,loso
ser_x_1,Ser X-1,40426-01-01-00,NS,0.5,0.5,prior,loso
ser_x_1,Ser X-1,50029-35-01-00,NS,0.5,0.5,prior,loso
ser_x_1,Ser X-1,70014-03-01-00,NS,0.5,0.5,prior,loso
ser_x_1,Ser X-1,70014-03-01-01,NS,0.5,0.5,prior,loso
ser_x_1,Ser X-1,70014-03-01-02,NS,0.5,0.5,prior,loso
ser_x_1,Ser X-1,70014-03-02-00,NS,0.5,0.5,prior,loso
ser_x_1,Ser X-1,70014-03-02-01,NS,0.5,0.5,prior,loso
ser_x_1,Ser X-1,70014-03-02-02,NS,0.5,0.5,prior,loso
ser_x_1,Ser X-1,70014-03-02-03,NS,0.5,0.5,prior,loso
ser_x_1,Ser X-1,70027-04-01-00,NS,0.5,0.5,prior,loso
ser_x_1,Ser X-1,70027-04-01-01,NS,0.5,0.5,prior,loso
ser_x_1,Ser X-1,70027-04-08-00,NS,0.5,0.5,prior,loso
v4641_sgr,V4641 Sgr,80054-08-01-00,BH,0.5,0.5,prior,loso
v4641_sgr,V4641 Sgr,80054-08-01-01,BH,0.5,0.5,prior,loso
v4641_sgr,V4641 Sgr,80054-08-02-00,BH,0.5,0.5,prior,loso
v4641_sgr,V4641 Sgr,91422-01-01-00,BH,0.5,0.5,prior,loso
v4641_sgr,V4641 Sgr,95436-01-01-00,BH,0.5,0.5,prior,loso
xte_j1118_480,XTE J1118+480,50133-01-04-00,BH,0.5,0.5,prior,loso
xte_j1118_480,XTE J1118+480,50133-01-05-00,BH,0.5,0.5,prior,loso
xte_j1118_480,XTE J1118+480,50133-01-06-00,BH,0.5,0.5,prior,loso
xte_j1118_480,XTE J1118+480,50137-01-01-00,BH,0.5,0.5,prior,loso
xte_j1118_480,XTE J1118+480,50137-01-04-00,BH,0.5,0.5,prior,loso
xte_j1118_480,XTE J1118+480,50407-01-01-00,BH,0.5,0.5,prior,loso
xte_j1118_480,XTE J1118+480,50407-01-02-00,BH,0.5,0.5,prior,loso
xte_j1118_480,XTE J1118+480,50407-01-02-02,BH,0.5,0.5,prior,loso
xte_j1118_480,XTE J1118+480,50407-01-03-01,BH,0.5,0.5,prior,loso
xte_j1118_480,XTE J1118+480,50407-01-05-01,BH,0.5,0.5,prior,loso
xte_j1118_480,XTE J1118+480,50407-01-06-00,BH,0.5,0.5,prior,loso
xte_j1118_480,XTE J1118+480,50407-01-10-01,BH,0.5,0.5,prior,loso
xte_j1118_480,XTE J1118+480,50407-01-15-00,BH,0.5,0.5,prior,loso
xte_j1118_480,XTE J1118+480,90011-01-01-01,BH,0.5,0.5,prior,loso
xte_j1118_480,XTE J1118+480,90011-01-01-02,BH,0.5,0.5,prior,loso
xte_j1118_480,XTE J1118+480,90011-01-01-05,BH,0.5,0.5,prior,loso
xte_j1118_480,XTE J1118+480,90011-01-01-09,BH,0.5,0.5,prior,loso
xte_j1118_480,XTE J1118+480,90011-01-01-13,BH,0.5,0.5,prior,loso
xte_j1118_480,XTE J1118+480,90111-01-02-02,BH,0.5,0.5,prior,loso
xte_j1118_480,XTE J1118+480,90111-01-02-06,BH,0.5,0.5,prior,loso
xte_j1118_480,XTE J1118+480,90111-01-02-11,BH,0.5,0.5,prior,loso
xte_j1118_480,XTE J1118+480,90111-01-03-02,BH,0.5,0.5,prior,loso
xte_j1550_564,XTE J1550-564,30188-06-01-02,BH,0.5,0.5,prior,loso
xte_j1550_564,XTE J1550-564,30191-01-02-00,BH,0.5,0.5,prior,loso
xte_j1550_564,XTE J1550-564,30191-01-12-00,BH,0.5,0.5,prior,loso
xte_j1550_564,XTE J1550-564,30191-01-28-01,BH,0.5,0.5,prior,loso
xte_j1550_564,XTE J1550-564,30191-01-34-00,BH,0.5,0.5,prior,loso
xte_j1550_564,XTE J1550-564,30191-01-44-00,BH,0.5,0.5,prior,loso
xte_j1550_564,XTE J1550-564,30435-01-07-00,BH,0.5,0.5,prior,loso
xte_j1550_564,XTE J1550-564,30435-01-15-01,BH,0.5,0.5,prior,loso
xte_j1550_564,XTE J1550-564,30435-01-25-00,BH,0.5,0.5,prior,loso
xte_j1550_564,XTE J1550-564,40401-01-08-00,BH,0.5,0.5,prior,loso
xte_j1550_564,XTE J1550-564,40401-01-18-00,BH,0.5,0.5,prior,loso
xte_j1550_564,XTE J1550-564,40401-01-26-00,BH,0.5,0.5,prior,loso
xte_j1550_564,XTE J1550-564,40401-01-35-01,BH,0.5,0.5,prior,loso
xte_j1550_564,XTE J1550-564,40401-01-43-00,BH,0.5,0.5,prior,loso
xte_j1550_564,XTE J1550-564,40401-01-53-00,BH,0.5,0.5,prior,loso
xte_j1550_564,XTE J1550-564,40401-01-60-00,BH,0.5,0.5,prior,loso
xte_j1550_564,XTE J1550-564,40401-01-70-00,BH,0.5,0.5,prior,loso
xte_j1550_564,XTE J1550-564,40401-01-80-00,BH,0.5,0.5,prior,loso
xte_j1550_564,XTE J1550-564,40401-01-82-04,BH,0.5,0.5,prior,loso
xte_j1550_564,XTE J1550-564,40401-01-96-01,BH,0.5,0.5,prior,loso
xte_j1550_564,XTE J1550-564,50134-01-05-00,BH,0.5,0.5,prior,loso
xte_j1550_564,XTE J1550-564,50134-02-04-01,BH,0.5,0.5,prior,loso
xte_j1550_564,XTE J1550-564,50135-01-11-00,BH,0.5,0.5,prior,loso
xte_j1550_564,XTE J1550-564,50137-02-04-01,BH,0.5,0.5,prior,loso
xte_j1550_564,XTE J1550-564,50137-02-12-00,BH,0.5,0.5,prior,loso
xte_j1550_564,XTE J1550-564,60428-01-09-00,BH,0.5,0.5,prior,loso
xte_j1550_564,XTE J1550-564,80135-01-04-01,BH,0.5,0.5,prior,loso
xte_j1859_226,XTE J1859+226,40122-01-01-03,BH,0.5,0.5,prior,loso
xte_j1859_226,XTE J1859+226,40122-01-03-01,BH,0.5,0.5,prior,loso
xte_j1859_226,XTE J1859+226,40124-01-11-00,BH,0.5,0.5,prior,loso
xte_j1859_226,XTE J1859+226,40124-01-15-03,BH,0.5,0.5,prior,loso
xte_j1859_226,XTE J1859+226,40124-01-20-00,BH,0.5,0.5,prior,loso
xte_j1859_226,XTE J1859+226,40124-01-27-00,BH,0.5,0.5,prior,loso
xte_j1859_226,XTE J1859+226,40124-01-30-00,BH,0.5,0.5,prior,loso
xte_j1859_226,XTE J1859+226,40124-01-33-00,BH,0.5,0.5,prior,loso
xte_j1859_226,XTE J1859+226,40124-01-35-02,BH,0.5,0.5,prior,loso
xte_j1859_226,XTE J1859+226,40124-01-36-00,BH,0.5,0.5,prior,loso
xte_j1859_226,XTE J1859+226,40124-01-38-00,BH,0.5,0.5,prior,loso
xte_j1859_226,XTE J1859+226,40124-01-40-01,BH,0.5,0.5,prior,loso
xte_j1859_226,XTE J1859+226,40124-01-46-00,BH,0.5,0.5,prior,loso
xte_j1859_226,XTE J1859+226,40124-01-49-00,BH,0.5,0.5,prior,loso
xte_j1859_226,XTE J1859+226,40124-01-51-00,BH,0.5,0.5,prior,loso
xte_j1859_226,XTE J1859+226,40124-01-52-02,BH,0.5,0.5,prior,loso
xte_j1859_226,XTE J1859+226,40124-01-55-00,BH,0.5,0.5,prior,loso
xte_j1859_226,XTE J1859+226,40124-01-55-03,BH,0.5,0.5,prior,loso
xte_j1859_226,XTE J1859+226,40124-01-57-01,BH,0.5,0.5,prior,loso
xte_j1859_226,XTE J1859+226,40124-01-58-03,BH,0.5,0.5,prior,loso
xte_j1859_226,XTE J1859+226,40124-01-61-00,BH,0.5,0.5,prior,loso
xte_j1859_226,XTE J1859+226,40124-01-63-00,BH,0.5,0.5,prior,loso
xte_j1859_226,XTE J1859+226,40440-01-03-00,BH,0.5,0.5,prior,loso
4u_1702_429,4U 1702-429,20084-02-02-01,NS,0.7655971370853956,0.23440286291460444,logistic,observation
gs_1354_64,GS 1354-64,20431-01-05-00,BH,0.3644202284609873,0.6355797715390127,logistic,observation
4u_0614_09,4U 0614+09,30054-01-02-03,NS,0.7069929821066626,0.2930070178933374,logistic,observation
ks_1731_260,KS 1731-260,30061-01-01-00,NS,0.7597970530584567,0.24020294694154332,logistic,observation
ks_1731_260,KS 1731-260,30061-01-02-03,NS,0.6246782218539642,0.37532177814603584,logistic,observation
ks_1731_260,KS 1731-260,30061-01-02-06,NS,0.6103793717803873,0.38962062821961274,logistic,observation
ks_1731_260,KS 1731-260,30061-01-03-00,NS,0.7596578476419387,0.24034215235806133,logistic,observation
ks_1731_260,KS 1731-260,30061-01-04-02,NS,0.7583944521419816,0.24160554785801835,logistic,observation
4u_1608_522,4U 1608-522,30062-02-01-05,NS,0.7243827079677849,0.2756172920322151,logistic,observation
gs_1354_64,GS 1354-64,30401-01-01-00,BH,0.4623320267303161,0.5376679732696839,logistic,observation
xte_j1550_564,XTE J1550-564,30435-01-07-00,BH,0.7262640639737568,0.27373593602624324,logistic,observation
xte_j1550_564,XTE J1550-564,30435-01-15-01,BH,0.5884109348435962,0.4115890651564038,logistic,observation
cyg_x_2,Cyg X-2,40017-02-16-06,NS,0.6660888867403094,0.3339111132596906,logistic,observation
cyg_x_2,Cyg X-2,40019-04-04-00,NS,0.716893010726772,0.28310698927322797,logistic,observation
ser_x_1,Ser X-1,40025-03-01-00,NS,0.750341109191164,0.24965889080883596,logistic,observation
ser_x_1,Ser X-1,40025-03-02-01,NS,0.7854019893914637,0.21459801060853634,logistic,observation
4u_1702_429,4U 1702-429,40025-04-02-00,NS,0.6925753069184015,0.3074246930815985,logistic,observation
4u_1702_429,4U 1702-429,40025-04-03-03,NS,0.7619901956261085,0.23800980437389152,logistic,observation
4u_1728_34,4U 1728-34,40027-06-01-02,NS,0.5334313473647008,0.46656865263529923,logistic,observation
4u_1728_34,4U 1728-34,40033-06-02-05,NS,0.47519411936425215,0.5248058806357478,logistic,observation
xte_j1859_226,XTE J1859+226,40122-01-03-01,BH,0.5568121508174328,0.44318784918256715,logistic,observation
xte_j1859_226,XTE J1859+226,40124-01-52-02,BH,0.7331332174444644,0.26686678255553564,logistic,observation
xte_j1859_226,XTE J1859+226,40124-01-57-01,BH,0.6703650327334767,0.3296349672665233,logistic,observation
xte_j1550_564,XTE J1550-564,40401-01-08-00,BH,0.4548633544634707,0.5451366455365293,logistic,observation
xte_j1550_564,XTE J1550-564,40401-01-60-00,BH,0.2571377827329706,0.7428622172670294,logistic,observation
xte_j1550_564,XTE J1550-564,40401-01-80-00,BH,0.7185220023440516,0.2814779976559484,logistic,observation
mxb_1658_298,MXB 1658-298,40414-01-06-00,NS,0.7691527976448368,0.2308472023551632,logistic,observation
mxb_1658_298,MXB 1658-298,40414-01-14-00,NS,0.7679970042873481,0.23200299571265193,logistic,observation
4u_0614_09,4U 0614+09,40429-01-06-01,NS,0.7674154927644692,0.2325845072355308,logistic,observation
4u_1728_34,4U 1728-34,50023-01-19-00,NS,0.5206269510096426,0.4793730489903574,logistic,observation
4u_1728_34,4U 1728-34,50023-01-31-00,NS,0.5411843526982001,0.4588156473017999,logistic,observation
ser_x_1,Ser X-1,50029-35-01-00,NS,0.756534674888379,0.243465325111621,logistic,observation
4u_1702_429,4U 1702-429,50030-01-01-03,NS,0.7636453859490249,0.23635461405097513,logistic,observation
4u_1702_429,4U 1702-429,50030-01-07-00,NS,0.7340039495066357,0.2659960504933643,logistic,observation
4u_1702_429,4U 1702-429,50030-01-10-00,NS,0.627134705803017,0.372865294196983,logistic,observation
4u_1702_429,4U 1702-429,50030-01-11-01,NS,0.7618436179730277,0.2381563820269723,logistic,observation
4u_1702_429,4U 1702-429,50030-01-14-02,NS,0.755641090093636,0.244358909906364,logistic,observation
4u_1728_34,4U 1728-34,50030-03-08-00,NS,0.7330367498948941,0.2669632501051059,logistic,observation
4u_0614_09,4U 0614+09,50031-01-04-08,NS,0.6483079080591043,0.3516920919408957,logistic,observation
ks_1731_260,KS 1731-260,50031-02-01-09,NS,0.47212130231405125,0.5278786976859488,logistic,observation
ks_1731_260,KS 1731-260,50031-02-02-02,NS,0.44405486539500205,0.555945134604998,logistic,observation
ks_1731_260,KS 1731-260,50031-02-02-06,NS,0.451650598122586,0.548349401877414,logistic,observation
ks_1731_260,KS 1731-260,50031-02-03-08,NS,0.7401382905872572,0.2598617094127428,logistic,observation
4u_1608_522,4U 1608-522,50052-01-23-00,NS,0.7692168209950844,0.23078317900491563,logistic,observation
xte_j1118_480,XTE J1118+480,50133-01-06-00,BH,0.6462238225112001,0.35377617748879986,logistic,observation
xte_j1550_564,XTE J1550-564,50134-01-05-00,BH,0.23082177788816782,0.7691782221118322,logistic,observation
xte_j1118_480,XTE J1118+480,50137-01-01-00,BH,0.6170030717157755,0.3829969282842245,logistic,observation
4u_1636_536,4U 1636-536,60032-05-15-00,NS,0.7565074590637783,0.24349254093622175,logistic,observation
slx_1735_269,SLX 1735-269,60034-01-01-05,NS,0.7327323142741342,0.2672676857258658,logistic,observation
slx_1735_269,SLX 1735-269,60034-01-02-03,NS,0.7310958684566715,0.2689041315433285,logistic,observation
sax_j1750_8_2900,SAX J1750.8-2900,60035-01-02-01,NS,0.63406686608462,0.36593313391537996,logistic,observation
mxb_1658_298,MXB 1658-298,60048-04-02-00,NS,0.759929595668304,0.24007040433169602,logistic,observation
gx_339_4,GX 339-4,60705-01-56-00,BH,0.7252741306985943,0.27472586930140575,logistic,observation
4u_1728_34,4U 1728-34,70028-01-01-08,NS,0.49620486632086436,0.5037951336791356,logistic,observation
4u_1746_37,4U 1746-37,70050-01-01-01,NS,0.7682834839668425,0.23171651603315746,logistic,observation
4u_1746_37,4U 1746-37,70050-01-01-10,NS,0.7683546618178476,0.23164533818215238,logistic,observation
aql_x_1,Aql X-1,70069-03-02-03,NS,0.7701957239017706,0.2298042760982294,logistic,observation
4u_1543_475,4U 1543-475,70124-02-09-00,BH,0.7324363272880433,0.2675636727119567,logistic,observation
4u_1543_475,4U 1543-475,70132-01-02-01,BH,0.30977675196463494,0.6902232480353651,logistic,observation
4u_1543_475,4U 1543-475,70133-01-01-00,BH,0.2745591442892668,0.7254408557107332,logistic,observation
4u_1543_475,4U 1543-475,70133-01-28-00,BH,0.7365885351610744,0.26341146483892564,logistic,observation
4u_0614_09,4U 0614+09,80051-02-01-02,NS,0.7564406392737757,0.2435593607262243,logistic,observation
v4641_sgr,V4641 Sgr,80054-08-02-00,BH,0.6386507028813991,0.36134929711860087,logistic,observation
xte_j1550_564,XTE J1550-564,80135-01-04-01,BH,0.12493742306842356,0.8750625769315764,logistic,observation
4u_1608_522,4U 1608-522,80406-01-04-07,NS,0.7124611856963448,0.28753881430365524,logistic,observation
4u_0614_09,4U 0614+09,80414-01-05-02,NS,0.7299274245643012,0.27007257543569885,logistic,observation
1a_1744_361,1A 1744-361,80431-01-02-01,NS,0.7642336649504848,0.23576633504951516,logistic,observation
1a_1744_361,1A 1744-361,80431-01-02-04,NS,0.7582811291048211,0.24171887089517885,logistic,observation
cyg_x_2,Cyg X-2,90030-01-41-00,NS,0.737033264263291,0.26296673573670903,logistic,observation
cyg_x_2,Cyg X-2,90030-01-81-00,NS,0.6944999319937853,0.30550006800621465,logistic,observation
cyg_x_2,Cyg X-2,90030-01-95-00,NS,0.6602829207562079,0.33971707924379213,logistic,observation
4u_1254_69,4U 1254-69,90036-01-01-03,NS,0.7646162598611032,0.23538374013889685,logistic,observation
4u_1254_69,4U 1254-69,90036-01-02-01,NS,0.7774567646257368,0.22254323537426324,logistic,observation
4u_1746_37,4U 1746-37,90044-01-03-00,NS,0.7644234326117908,0.2355765673882092,logistic,observation
4u_1746_37,4U 1746-37,90044-01-04-00,NS,0.713767503657821,0.28623249634217895,logistic,observation
slx_1735_269,SLX 1735-269,90058-05-01-02,NS,0.7672816831941877,0.23271831680581234,logistic,observation
xte_j1118_480,XTE J1118+480,90111-01-02-02,BH,0.7285802598453592,0.27141974015464077,logistic,observation
4u_0614_09,4U 0614+09,90422-01-01-02,NS,0.7046629435011175,0.29533705649888253,logistic,observation
cyg_x_2,Cyg X-2,91009-01-24-00,NS,0.6964385294127509,0.30356147058724914,logistic,observation
hete_j1900_1_2455,HETE J1900.1-2455,91015-01-01-00,NS,0.7028615994025055,0.2971384005974945,logistic,observation
4u_1636_536,4U 1636-536,91024-01-07-10,NS,0.7272020436877581,0.2727979563122419,logistic,observation
4u_1636_536,4U 1636-536,91024-01-13-00,NS,0.747663567362917,0.25233643263708305,logistic,observation
4u_1636_536,4U 1636-536,91024-01-62-00,NS,0.7721258016078173,0.2278741983921827,logistic,observation
4u_1735_444,4U 1735-444,91025-01-01-09,NS,0.7459251668206627,0.2540748331793373,logistic,observation
4u_1735_444,4U 1735-444,91025-01-09-18,NS,0.7531323119667006,0.2468676880332994,logistic,observation
4u_1705_44,4U 1705-44,91039-01-02-30,NS,0.7437826001790029,0.2562173998209971,logistic,observation
4u_1705_44,4U 1705-44,91039-01-03-33,NS,0.6934849414803378,0.3065150585196622,logistic,observation
4u_1608_522,4U 1608-522,91405-01-41-00,NS,0.6506930561615188,0.34930694383848115,logistic,observation
v4641_sgr,V4641 Sgr,91422-01-01-00,BH,0.68109376258731,0.31890623741269,logistic,observation
4u_1636_536,4U 1636-536,92023-01-42-10,NS,0.7570762021088208,0.24292379789117924,logistic,observation
4u_1636_536,4U 1636-536,92023-01-43-00,NS,0.7539765079406779,0.24602349205932206,logistic,observation
4u_1728_34,4U 1728-34,92023-03-33-10,NS,0.5925706857917188,0.4074293142082812,logistic,observation
cyg_x_2,Cyg X-2,92038-01-10-02,NS,0.7011201679629623,0.2988798320370377,logistic,observation
hete_j1900_1_2455,HETE J1900.1-2455,92049-01-26-00,NS,0.6617802982805991,0.33821970171940086,logistic,observation
gx_339_4,GX 339-4,92704-03-11-00,BH,0.680558911044998,0.319441088955002,logistic,observation
4u_1705_44,4U 1705-44,93060-01-35-00,NS,0.7637467937761685,0.2362532062238315,logistic,observation
gx_339_4,GX 339-4,93076-08-02-00,BH,0.7552186227309255,0.24478137726907445,logistic,observation
1a_1744_361,1A 1744-361,93155-01-06-01,NS,0.7551976719275335,0.2448023280724665,logistic,observation
1a_1744_361,1A 1744-361,93155-01-08-02,NS,0.7518529671279603,0.24814703287203965,logistic,observation
4u_1735_444,4U 1735-444,93200-01-01-04,NS,0.694718376574163,0.305281623425837,logistic,observation
4u_0614_09,4U 0614+09,93404-01-07-00,NS,0.7089624547042438,0.2910375452957562,logistic,observation
aql_x_1,Aql X-1,93405-01-05-02,NS,0.7348482932601759,0.26515170673982413,logistic,observation
4u_1254_69,4U 1254-69,93406-13-01-00,NS,0.7774301289961696,0.2225698710038304,logistic,observation
4u_1608_522,4U 1608-522,93408-01-11-00,NS,0.7051258581863189,0.2948741418136811,logistic,observation
sax_j1810_8_2609,SAX J1810.8-2609,93414-01-01-00,NS,0.7265980481179393,0.27340195188206073,logistic,observation
sax_j1810_8_2609,SAX J1810.8-2609,93414-01-01-01,NS,0.7181661287015763,0.28183387129842374,logistic,observation
sax_j1810_8_2609,SAX J1810.8-2609,93414-01-05-00,NS,0.7418365052975765,0.2581634947024235,logistic,observation
sax_j1750_8_2900,SAX J1750.8-2900,93432-01-06-03,NS,0.6663456228036624,0.3336543771963376,logistic,observation
sax_j1750_8_2900,SAX J1750.8-2900,93432-01-08-01,NS,0.7279906277248045,0.2720093722751955,logistic,observation
sax_j1750_8_2900,SAX J1750.8-2900,93432-01-12-02,NS,0.7525005357365347,0.24749946426346525,logistic,observation
sax_j1750_8_2900,SAX J1750.8-2900,93432-01-14-03,NS,0.6910132024218256,0.3089867975781744,logistic,observation
sax_j1750_8_2900,SAX J1750.8-2900,93432-01-16-00,NS,0.7247860692904677,0.27521393070953226,logistic,observation
sax_j1750_8_2900,SAX J1750.8-2900,93432-01-16-04,NS,0.7153228395612848,0.28467716043871516,logistic,observation
hete_j1900_1_2455,HETE J1900.1-2455,94030-01-24-00,NS,0.6802407461253894,0.31975925387461057,logistic,observation
4u_1636_536,4U 1636-536,94087-01-49-00,NS,0.7297146152105428,0.2702853847894572,logistic,observation
4u_1608_522,4U 1608-522,94401-01-34-00,NS,0.745147687768378,0.25485231223162197,logistic,observation
4u_1702_429,4U 1702-429,94415-01-02-01,NS,0.7650005587729036,0.23499944122709637,logistic,observation
hete_j1900_1_2455,HETE J1900.1-2455,95030-01-05-00,NS,0.7652129006305856,0.23478709936941444,logistic,observation
hete_j1900_1_2455,HETE J1900.1-2455,95030-01-27-00,NS,0.7073694877108344,0.2926305122891656,logistic,observation
4u_1705_44,4U 1705-44,95060-01-77-00,NS,0.7529594567621748,0.2470405432378252,logistic,observation
hete_j1900_1_2455,HETE J1900.1-2455,96030-01-07-00,NS,0.6593645754878884,0.3406354245121116,logistic,observation
4u_1705_44,4U 1705-44,96060-01-65-00,NS,0.7551107715217165,0.24488922847828354,logistic,observation
4u_1705_44,4U 1705-44,96060-01-78-00,NS,0.7651958269928987,0.23480417300710132,logistic,observation
sax_j1806_5_2215,SAX J1806.5-2215,96085-04-02-01,NS,0.740304233378698,0.259695766621302,logistic,observation
sax_j1806_5_2215,SAX J1806.5-2215,96085-04-03-03,NS,0.6992938026517209,0.3007061973482791,logistic,observation
sax_j1806_5_2215,SAX J1806.5-2215,96085-04-04-01,NS,0.7053390868945518,0.2946609131054482,logistic,observation
sax_j1806_5_2215,SAX J1806.5-2215,96085-04-05-00,NS,0.7142040982107073,0.2857959017892927,logistic,observation
sax_j1806_5_2215,SAX J1806.5-2215,96085-04-09-00,NS,0.7634501182130483,0.2365498817869517,logistic,observation
sax_j1806_5_2215,SAX J1806.5-2215,96085-04-12-01,NS,0.744521696544176,0.255478303455824,logistic,observation
sax_j1806_5_2215,SAX J1806.5-2215,96085-04-31-00,NS,0.7116583285309329,0.2883416714690671,logistic,observation
4u_1636_536,4U 1636-536,96087-01-28-10,NS,0.46994903165487784,0.5300509683451222,logistic,observation
gx_339_4,GX 339-4,96409-01-02-03,BH,0.7220440066222998,0.27795599337770016,logistic,observation
4u_1608_522,4U 1608-522,96423-01-26-01,NS,0.6639052017146989,0.3360947982853011,logistic,observation
slx_1735_269,SLX 1735-269,96429-01-02-00,NS,0.7535765975969232,0.2464234024030768,logistic,observation
slx_1735_269,SLX 1735-269,96429-01-08-01,NS,0.7425519097747101,0.2574480902252899,logistic,observation
slx_1735_269,SLX 1735-269,96429-01-08-03,NS,0.7457872626772512,0.25421273732274885,logistic,observation
1a_1744_361,1A 1744-361,96437-01-02-00,NS,0.7574569118610136,0.2425430881389864,logistic,observation
aql_x_1,Aql X-1,96440-01-08-06,NS,0.7677224065610001,0.2322775934389999,logistic,observation
4u_1702_429,4U 1702-429,20084-02-01-03,NS,0.7789247388268903,0.22107526117310972,logistic,observation
slx_1735_269,SLX 1735-269,20089-02-01-00,NS,0.7025763801517234,0.2974236198482766,logistic,observation
aql_x_1,Aql X-1,20092-01-04-00,NS,0.7697431808163536,0.23025681918364638,logistic,observation
slx_1735_269,SLX 1735-269,20170-03-01-00,NS,0.7252291040297616,0.2747708959702384,logistic,observation
slx_1735_269,SLX 1735-269,20170-03-11-00,NS,0.712911521706054,0.287088478293946,logistic,observation
4u_0614_09,4U 0614+09,20428-01-01-03,NS,0.6507248033204044,0.3492751966795956,logistic,observation
gs_1354_64,GS 1354-64,20431-01-04-00,BH,0.23498120567862363,0.7650187943213764,logistic,observation
4u_1728_34,4U 1728-34,30042-03-02-00,NS,0.7572546130810313,0.24274538691896874,logistic,observation
4u_1728_34,4U 1728-34,30042-03-08-00,NS,0.1638360651478019,0.8361639348521981,logistic,observation
4u_1636_536,4U 1636-536,30053-02-01-00,NS,0.7694433865176582,0.2305566134823418,logistic,observation
ks_1731_260,KS 1731-260,30061-01-01-02,NS,0.7816175053436057,0.21838249465639425,logistic,observation
aql_x_1,Aql X-1,30073-05-01-00,NS,0.7898315003646413,0.21016849963535866,logistic,observation
xte_j1550_564,XTE J1550-564,30191-01-02-00,BH,3.3973033294782256e-10,0.9999999996602696,logistic,observation
xte_j1550_564,XTE J1550-564,30191-01-12-00,BH,2.5043826764216764e-05,0.9999749561732357,logistic,observation
xte_j1550_564,XTE J1550-564,30191-01-28-01,BH,0.0004746390282238687,0.9995253609717761,logistic,observation
4u_1702_429,4U 1702-429,40025-04-01-01,NS,0.7228458793024922,0.2771541206975078,logistic,observation
4u_1728_34,4U 1728-34,40027-08-02-02,NS,0.3994565467950989,0.6005434532049011,logistic,observation
4u_1735_444,4U 1735-444,40030-02-09-01,NS,0.7965594962873309,0.20344050371266909,logistic,observation
gx_339_4,GX 339-4,40031-03-03-00,BH,0.46837868018222756,0.5316213198177724,logistic,observation
mxb_1658_298,MXB 1658-298,40050-04-05-00,NS,0.7355572672379196,0.2644427327620804,logistic,observation
xte_j1859_226,XTE J1859+226,40124-01-15-03,BH,0.04025574789235825,0.9597442521076418,logistic,observation
xte_j1859_226,XTE J1859+226,40124-01-40-01,BH,0.4247736319327032,0.5752263680672969,logistic,observation
xte_j1859_226,XTE J1859+226,40124-01-63-00,BH,0.7005110997863968,0.2994889002136032,logistic,observation
xte_j1550_564,XTE J1550-564,40401-01-35-01,BH,0.1420575607311114,0.8579424392688886,logistic,observation
xte_j1550_564,XTE J1550-564,40401-01-53-00,BH,0.00026860003565098783,0.999731399964349,logistic,observation
xte_j1550_564,XTE J1550-564,40401-01-70-00,BH,0.4729051164850031,0.5270948835149969,logistic,observation
mxb_1658_298,MXB 1658-298,40414-01-04-00,NS,0.7516428540587554,0.24835714594124458,logistic,observation
4u_1702_429,4U 1702-429,50025-01-01-07,NS,0.6707114388751771,0.32928856112482285,logistic,observation
4u_1702_429,4U 1702-429,50030-01-01-07,NS,0.7325567856230261,0.26744321437697394,logistic,observation
4u_1702_429,4U 1702-429,50030-01-02-00,NS,0.7591735348789186,0.2408264651210814,logistic,observation
4u_1702_429,4U 1702-429,50030-01-06-00,NS,0.6922446924391266,0.30775530756087344,logistic,observation
4u_1702_429,4U 1702-429,50030-01-11-02,NS,0.7376441314211959,0.2623558685788041,logistic,observation
4u_1728_34,4U 1728-34,50030-03-05-01,NS,0.3495449002133421,0.6504550997866578,logistic,observation
ks_1731_260,KS 1731-260,50031-02-01-03,NS,0.4164388583544258,0.5835611416455742,logistic,observation
ks_1731_260,KS 1731-260,50031-02-01-05,NS,0.4257992076957324,0.5742007923042676,logistic,observation
aql_x_1,Aql X-1,50049-01-05-01,NS,0.8601047455832629,0.1398952544167371,logistic,observation
aql_x_1,Aql X-1,50049-02-15-04,NS,0.755492358489217,0.24450764151078297,logistic,observation
xte_j1550_564,XTE J1550-564,50134-02-04-01,BH,0.2496412650668821,0.7503587349331179,logistic,observation
xte_j1550_564,XTE J1550-564,50135-01-11-00,BH,0.5794351477188782,0.42056485228112184,logistic,observation
xte_j1550_564,XTE J1550-564,50137-02-04-01,BH,0.002371830793336601,0.9976281692066634,logistic,observation
xte_j1550_564,XTE J1550-564,50137-02-12-00,BH,0.3059771991287835,0.6940228008712165,logistic,observation
xte_j1118_480,XTE J1118+480,50407-01-01-00,BH,0.5219574847510791,0.47804251524892094,logistic,observation
xte_j1118_480,XTE J1118+480,50407-01-02-02,BH,0.5003950771574474,0.49960492284255265,logistic,observation
xte_j1118_480,XTE J1118+480,50407-01-03-01,BH,0.4265084288021142,0.5734915711978859,logistic,observation
xte_j1118_480,XTE J1118+480,50407-01-10-01,BH,0.5344271824527135,0.4655728175472865,logistic,observation
slx_1735_269,SLX 1735-269,60034-01-01-03,NS,0.7039943874424256,0.2960056125575744,logistic,observation
mxb_1658_298,MXB 1658-298,60048-02-05-00,NS,0.7379073946989894,0.26209260530101064,logistic,observation
mxb_1658_298,MXB 1658-298,60048-03-03-00,NS,0.7397438780053567,0.2602561219946433,logistic,observation
aql_x_1,Aql X-1,60054-02-01-04,NS,0.5152493048837521,0.4847506951162479,logistic,observation
sax_j1750_8_2900,SAX J1750.8-2900,60117-01-01-00,NS,0.6135005207350845,0.38649947926491546,logistic,observation
cyg_x_2,Cyg X-2,60417-01-01-00,NS,0.7510213601975143,0.2489786398024857,logistic,observation
4u_0614_09,4U 0614+09,60424-01-02-01,NS,0.5944181699245443,0.4055818300754557,logistic,observation
xte_j1550_564,XTE J1550-564,60428-01-09-00,BH,0.6005156251400116,0.39948437485998844,logistic,observation
ser_x_1,Ser X-1,70014-03-01-00,NS,0.8013116963092344,0.19868830369076562,logistic,observation
ser_x_1,Ser X-1,70014-03-02-03,NS,0.7891846685266376,0.2108153314733624,logistic,observation
cyg_x_2,Cyg X-2,70018-03-03-00,NS,0.7919172338637497,0.20808276613625032,logistic,observation
4u_1705_44,4U 1705-44,70038-01-01-00,NS,0.5507756015337755,0.44922439846622453,logistic,observation
sax_j1808_4_3658,SAX J1808.4-3658,70080-02-02-36,NS,0.7187411810602461,0.2812588189397539,logistic,observation
sax_j1808_4_3658,SAX J1808.4-3658,70080-03-06-00,NS,0.7224454251774174,0.2775545748225826,logistic,observation
4u_1543_475,4U 1543-475,70132-01-01-00,BH,0.03536292063104688,0.9646370793689532,logistic,observation
4u_1543_475,4U 1543-475,70133-01-16-00,BH,0.1657807331429267,0.8342192668570733,logistic,observation
4u_1543_475,4U 1543-475,70133-01-23-00,BH,0.6629516616875052,0.3370483383124948,logistic,observation
4u_0614_09,4U 0614+09,80037-01-09-08,NS,0.6481019261175649,0.3518980738824351,logistic,observation
slx_1735_269,SLX 1735-269,80138-03-01-00,NS,0.754055203249095,0.24594479675090497,logistic,observation
slx_1735_269,SLX 1735-269,80138-03-06-00,NS,0.7548239118472797,0.2451760881527203,logistic,observation
xte_j1118_480,XTE J1118+480,90011-01-01-13,BH,0.6920669425472409,0.3079330574527591,logistic,observation
cyg_x_2,Cyg X-2,90030-01-53-00,NS,0.8491619027838571,0.15083809721614294,logistic,observation
4u_1254_69,4U 1254-69,90036-01-02-00,NS,0.7517805066464308,0.2482194933535692,logistic,observation
4u_1746_37,4U 1746-37,90044-01-01-00,NS,0.7543126732043807,0.24568732679561933,logistic,observation
igr_j00291_5934,IGR J00291+5934,90425-01-01-13,NS,0.6675602074567708,0.3324397925432292,logistic,observation
hete_j1900_1_2455,HETE J1900.1-2455,91015-01-07-01,NS,0.6914706966845874,0.3085293033154126,logistic,observation
4u_1636_536,4U 1636-536,91024-01-53-10,NS,0.7991331361814898,0.20086686381851016,logistic,observation
4u_1735_444,4U 1735-444,91025-01-04-01,NS,0.8054473907009322,0.1945526092990678,logistic,observation
4u_1735_444,4U 1735-444,91025-01-06-05,NS,0.8002680169504042,0.19973198304959583,logistic,observation
4u_1735_444,4U 1735-444,91025-01-09-01,NS,0.8076287535782251,0.19237124642177494,logistic,observation
4u_1735_444,4U 1735-444,91025-01-11-10,NS,0.7855197783550504,0.21448022164494962,logistic,observation
4u_1735_444,4U 1735-444,91025-01-16-09,NS,0.8130636429581356,0.1869363570418644,logistic,observation
aql_x_1,Aql X-1,91028-01-01-00,NS,0.49927287754888217,0.5007271224511178,logistic,observation
sax_j1808_4_3658,SAX J1808.4-3658,91056-01-02-01,NS,0.5496796270136373,0.45032037298636274,logistic,observation
aql_x_1,Aql X-1,91414-01-09-07,NS,0.6578226862689326,0.3421773137310674,logistic,observation
4u_1728_34,4U 1728-34,92023-03-22-00,NS,0.7678463389818758,0.23215366101812418,logistic,observation
4u_1728_34,4U 1728-34,92023-03-52-00,NS,0.7857872871679142,0.21421271283208576,logistic,observation
4u_1728_34,4U 1728-34,92023-03-68-00,NS,0.4332987943448862,0.5667012056551137,logistic,observation
4u_1728_34,4U 1728-34,92023-03-81-00,NS,0.6966345956986812,0.30336540430131875,logistic,observation
aql_x_1,Aql X-1,92034-01-05-06,NS,0.6791438656080174,0.3208561343919826,logistic,observation
cyg_x_2,Cyg X-2,92039-01-02-03,NS,0.8306516058333939,0.16934839416660608,logistic,observation
gx_339_4,GX 339-4,92085-02-01-00,BH,0.5941129813735517,0.40588701862644827,logistic,observation
4u_1608_522,4U 1608-522,92401-01-11-03,NS,0.8339453647531095,0.16605463524689046,logistic,observation
4u_0614_09,4U 0614+09,92411-01-01-02,NS,0.6822432282191433,0.3177567717808567,logistic,observation
4u_0614_09,4U 0614+09,92411-01-07-02,NS,0.6932031266368022,0.30679687336319783,logistic,observation
hete_j1900_1_2455,HETE J1900.1-2455,93030-01-48-00,NS,0.6354338373698848,0.3645661626301152,logistic,observation
sax_j1810_8_2609,SAX J1810.8-2609,93044-02-02-00,NS,0.7170721112898859,0.2829278887101141,logistic,observation
sax_j1810_8_2609,SAX J1810.8-2609,93044-02-04-00,NS,0.62422650062364,0.37577349937635995,logistic,observation
sax_j1810_8_2609,SAX J1810.8-2609,93044-02-06-00,NS,0.5949015962526577,0.4050984037473423,logistic,observation
4u_1705_44,4U 1705-44,93060-01-58-00,NS,0.6256342109507687,0.37436578904923135,logistic,observation
4u_1636_536,4U 1636-536,93087-01-36-10,NS,0.7732650619469507,0.22673493805304934,logistic,observation
sax_j1810_8_2609,SAX J1810.8-2609,93093-01-01-00,NS,0.618927017644978,0.38107298235502196,logistic,observation
sax_j1810_8_2609,SAX J1810.8-2609,93093-01-01-02,NS,0.633691671147816,0.366308328852184,logistic,observation
sax_j1810_8_2609,SAX J1810.8-2609,93093-01-02-01,NS,0.6283311190901163,0.3716688809098837,logistic,observation
sax_j1810_8_2609,SAX J1810.8-2609,93093-01-02-05,NS,0.6417972933111677,0.35820270668883225,logistic,observation
sax_j1810_8_2609,SAX J1810.8-2609,93093-01-02-06,NS,0.6321750665027084,0.3678249334972916,logistic,observation
sax_j1810_8_2609,SAX J1810.8-2609,93093-01-02-08,NS,0.648277269054285,0.35172273094571505,logistic,observation
1a_1744_361,1A 1744-361,93155-01-02-00,NS,0.751519258828624,0.24848074117137597,logistic,observation
1a_1744_361,1A 1744-361,93155-01-07-02,NS,0.7601232522563196,0.2398767477436804,logistic,observation
1a_1744_361,1A 1744-361,93155-01-09-00,NS,0.7261401519037938,0.2738598480962062,logistic,observation
4u_0614_09,4U 0614+09,93404-01-14-00,NS,0.6757638128434007,0.3242361871565993,logistic,observation
aql_x_1,Aql X-1,93405-01-01-01,NS,0.7191468102613345,0.28085318973866547,logistic,observation
4u_1608_522,4U 1608-522,93408-01-19-01,NS,0.8824170832104401,0.1175829167895599,logistic,observation
4u_1608_522,4U 1608-522,93408-01-22-06,NS,0.8133957177838518,0.18660428221614822,logistic,observation
4u_1608_522,4U 1608-522,93408-01-52-02,NS,0.6875240635367422,0.3124759364632578,logistic,observation
sax_j1810_8_2609,SAX J1810.8-2609,93414-01-04-02,NS,0.6709825128712742,0.3290174871287258,logistic,observation
sax_j1750_8_2900,SAX J1750.8-2900,93432-01-02-00,NS,0.6941162969247887,0.3058837030752113,logistic,observation
sax_j1750_8_2900,SAX J1750.8-2900,93432-01-10-04,NS,0.7525492060000141,0.24745079399998593,logistic,observation
sax_j1750_8_2900,SAX J1750.8-2900,93432-01-11-03,NS,0.7666974001114881,0.23330259988851187,logistic,observation
sax_j1750_8_2900,SAX J1750.8-2900,93432-01-14-01,NS,0.6771750684919984,0.3228249315080016,logistic,observation
hete_j1900_1_2455,HETE J1900.1-2455,94030-01-04-00,NS,0.752114065939924,0.24788593406007597,logistic,observation
hete_j1900_1_2455,HETE J1900.1-2455,94030-01-12-00,NS,0.7449701762580379,0.25502982374196215,logistic,observation
4u_1705_44,4U 1705-44,94060-01-61-00,NS,0.7643754969115739,0.23562450308842608,logistic,observation
4u_1636_536,4U 1636-536,94087-01-47-10,NS,0.7719333356898304,0.22806666431016964,logistic,observation
4u_1636_536,4U 1636-536,94087-01-94-00,NS,0.7645895347708953,0.2354104652291047,logistic,observation
4u_1608_522,4U 1608-522,94401-01-01-01,NS,0.666238223876197,0.333761776123803,logistic,observation
hete_j1900_1_2455,HETE J1900.1-2455,95030-01-16-00,NS,0.7349495699891704,0.2650504300108296,logistic,observation
4u_1705_44,4U 1705-44,95060-01-07-00,NS,0.7713625971612003,0.22863740283879974,logistic,observation
4u_1705_44,4U 1705-44,95060-01-36-00,NS,0.5294422959298831,0.4705577040701169,logistic,observation
4u_1254_69,4U 1254-69,95324-01-01-00,NS,0.7504120886263151,0.24958791137368486,logistic,observation
4u_1254_69,4U 1254-69,95324-01-01-01,NS,0.7481062646258833,0.25189373537411675,logistic,observation
sax_j1808_4_3658,SAX J1808.4-3658,96027-01-01-00,NS,0.4844821217014008,0.5155178782985992,logistic,observation
sax_j1808_4_3658,SAX J1808.4-3658,96027-01-02-07,NS,0.7237414169815385,0.2762585830184615,logistic,observation
hete_j1900_1_2455,HETE J1900.1-2455,96030-01-20-00,NS,0.6303798304010858,0.3696201695989142,logistic,observation
4u_1705_44,4U 1705-44,96060-01-10-00,NS,0.8030344530366884,0.1969655469633116,logistic,observation
sax_j1806_5_2215,SAX J1806.5-2215,96085-04-04-03,NS,0.6715788066266982,0.3284211933733018,logistic,observation
sax_j1806_5_2215,SAX J1806.5-2215,96085-04-17-00,NS,0.6918461005270149,0.3081538994729851,logistic,observation
sax_j1806_5_2215,SAX J1806.5-2215,96085-04-28-00,NS,0.7491328845280095,0.2508671154719905,logistic,observation
4u_0614_09,4U 0614+09,96307-01-04-00,NS,0.7043497578860661,0.29565024211393387,logistic,observation
4u_1728_34,4U 1728-34,96322-01-02-01,NS,0.6608986253499667,0.3391013746500333,logistic,observation
4u_1608_522,4U 1608-522,96423-01-13-01,NS,0.5897963144984772,0.41020368550152275,logistic,observation
slx_1735_269,SLX 1735-269,96429-01-05-00,NS,0.7225627348023355,0.27743726519766454,logistic,observation
slx_1735_269,SLX 1735-269,96429-01-07-00,NS,0.7137061948558999,0.2862938051441001,logistic,observation
4u_1728_34,4U 1728-34,10410-01-01-00,NS,0.7130510010595282,0.28694899894047177,logistic,observation
cyg_x_2,Cyg X-2,20053-04-01-01,NS,0.7040107492168323,0.29598925078316773,logistic,observation
4u_1735_444,4U 1735-444,20084-01-01-00,NS,0.7407816746784736,0.25921832532152644,logistic,observation
aql_x_1,Aql X-1,20092-01-02-02,NS,0.7528141875955124,0.24718581240448756,logistic,observation
slx_1735_269,SLX 1735-269,20170-03-03-00,NS,0.7291222500179673,0.27087774998203273,logistic,observation
4u_1728_34,4U 1728-34,30042-03-17-00,NS,0.38203697491894933,0.6179630250810506,logistic,observation
ks_1731_260,KS 1731-260,30061-01-01-04,NS,0.7483701967217943,0.2516298032782057,logistic,observation
aql_x_1,Aql X-1,30188-03-02-00,NS,0.7453712445938104,0.25462875540618957,logistic,observation
xte_j1550_564,XTE J1550-564,30191-01-34-00,BH,0.011207722882815468,0.9887922771171845,logistic,observation
xte_j1550_564,XTE J1550-564,30191-01-44-00,BH,0.6326120888783846,0.3673879111216154,logistic,observation
gs_1354_64,GS 1354-64,30401-01-04-00,BH,0.6074590600357177,0.3925409399642823,logistic,observation
cyg_x_2,Cyg X-2,40017-02-02-02,NS,0.6916298297029685,0.3083701702970315,logistic,observation
4u_1735_444,4U 1735-444,40030-02-04-00,NS,0.7275425875835425,0.2724574124164575,logistic,observation
4u_1735_444,4U 1735-444,40033-07-01-04,NS,0.7297820562258542,0.27021794377414576,logistic,observation
aql_x_1,Aql X-1,40033-10-02-07,NS,0.6864925704042769,0.3135074295957231,logistic,observation
aql_x_1,Aql X-1,40047-03-03-00,NS,0.7622770889780959,0.23772291102190413,logistic,observation
xte_j1859_226,XTE J1859+226,40122-01-01-03,BH,0.024707048147416755,0.9752929518525832,logistic,observation
xte_j1859_226,XTE J1859+226,40124-01-20-00,BH,0.06454723861670668,0.9354527613832934,logistic,observation
xte_j1859_226,XTE J1859+226,40124-01-27-00,BH,0.034333663059816576,0.9656663369401834,logistic,observation
xte_j1859_226,XTE J1859+226,40124-01-30-00,BH,0.04987879371264192,0.9501212062873581,logistic,observation
xte_j1859_226,XTE J1859+226,40124-01-38-00,BH,0.22647787957305535,0.7735221204269447,logistic,observation
xte_j1859_226,XTE J1859+226,40124-01-46-00,BH,0.6350934630929461,0.3649065369070539,logistic,observation
xte_j1859_226,XTE J1859+226,40124-01-49-00,BH,0.6689739949072362,0.3310260050927638,logistic,observation
xte_j1859_226,XTE J1859+226,40124-01-58-03,BH,0.6199357337548991,0.3800642662451009,logistic,observation
xte_j1859_226,XTE J1859+226,40124-01-61-00,BH,0.7016394631481708,0.2983605368518292,logistic,observation
xte_j1550_564,XTE J1550-564,40401-01-18-00,BH,0.07217892952257822,0.9278210704774218,logistic,observation
mxb_1658_298,MXB 1658-298,40414-01-02-00,NS,0.7543584380432622,0.2456415619567378,logistic,observation
mxb_1658_298,MXB 1658-298,40414-01-08-00,NS,0.7457091306345863,0.2542908693654137,logistic,observation
4u_0614_09,4U 0614+09,40429-01-03-01,NS,0.7241812738385596,0.27581872616144043,logistic,observation
4u_1608_522,4U 1608-522,40437-01-01-01,NS,0.6433397217430389,0.3566602782569611,logistic,observation
xte_j1859_226,XTE J1859+226,40440-01-03-00,BH,0.7510201837582109,0.2489798162417891,logistic,observation
4u_1702_429,4U 1702-429,50025-01-01-05,NS,0.6686664610123734,0.33133353898762663,logistic,observation
4u_1735_444,4U 1735-444,50025-02-01-06,NS,0.7153036523929678,0.2846963476070322,logistic,observation
4u_1702_429,4U 1702-429,50030-01-03-02,NS,0.6263305161302253,0.3736694838697747,logistic,observation
4u_1702_429,4U 1702-429,50030-01-09-04,NS,0.6681045473423761,0.3318954526576239,logistic,observation
4u_1702_429,4U 1702-429,50030-01-10-02,NS,0.6027709576108585,0.3972290423891415,logistic,observation
4u_1702_429,4U 1702-429,50030-01-14-03,NS,0.7603121811032285,0.2396878188967715,logistic,observation
ks_1731_260,KS 1731-260,50031-02-01-01,NS,0.46558223589477604,0.5344177641052239,logistic,observation
ks_1731_260,KS 1731-260,50031-02-02-04,NS,0.4416379410638646,0.5583620589361353,logistic,observation
ks_1731_260,KS 1731-260,50031-02-03-00,NS,0.7246520549253083,0.27534794507469174,logistic,observation
ks_1731_260,KS 1731-260,50031-02-03-06,NS,0.7246907076316785,0.27530929236832147,logistic,observation
ks_1731_260,KS 1731-260,50031-02-03-07,NS,0.7248298488366764,0.27517015116332355,logistic,observation
mxb_1658_298,MXB 1658-298,50410-01-09-00,NS,0.75052050909141,0.24947949090859,logistic,observation
slx_1735_269,SLX 1735-269,60034-01-03-00,NS,0.7559829561997812,0.24401704380021882,logistic,observation
4u_1735_444,4U 1735-444,60042-01-01-01,NS,0.7216383335277609,0.27836166647223914,logistic,observation
mxb_1658_298,MXB 1658-298,60048-02-03-00,NS,0.755937065385337,0.244062934614663,logistic,observation
sax_j1750_8_2900,SAX J1750.8-2900,60084-03-01-02,NS,0.7451226059447876,0.25487739405521237,logistic,observation
ser_x_1,Ser X-1,70027-04-01-00,NS,0.7610784826348836,0.23892151736511635,logistic,observation
4u_1746_37,4U 1746-37,70050-01-01-03,NS,0.7656971642133141,0.23430283578668587,logistic,observation
4u_1608_522,4U 1608-522,70069-01-03-01,NS,0.7324455107198615,0.2675544892801385,logistic,observation
sax_j1808_4_3658,SAX J1808.4-3658,70080-01-03-12,NS,0.6525607695653262,0.34743923043467384,logistic,observation
sax_j1808_4_3658,SAX J1808.4-3658,70080-03-20-02,NS,0.751913155649047,0.24808684435095296,logistic,observation
sax_j1808_4_3658,SAX J1808.4-3658,70080-03-20-10,NS,0.7618141095177533,0.2381858904822467,logistic,observation
gx_339_4,GX 339-4,70109-01-28-00,BH,0.7491993953075374,0.25080060469246257,logistic,observation
4u_1543_475,4U 1543-475,70133-01-10-00,BH,0.2826229670375518,0.7173770329624483,logistic,observation
4u_1543_475,4U 1543-475,70133-01-25-01,BH,0.7139042487467911,0.28609575125320885,logistic,observation
4u_1543_475,4U 1543-475,70133-01-31-00,BH,0.6866942168549616,0.31330578314503843,logistic,observation
gx_339_4,GX 339-4,80132-01-15-00,BH,0.2691438276727583,0.7308561723272418,logistic,observation
slx_1735_269,SLX 1735-269,80138-03-04-00,NS,0.7306944926127791,0.2693055073872209,logistic,observation
slx_1735_269,SLX 1735-269,80138-03-07-02,NS,0.7598149177506172,0.24018508224938284,logistic,observation
4u_0614_09,4U 0614+09,80414-01-02-00,NS,0.6903469904920655,0.3096530095079345,logistic,observation
1a_1744_361,1A 1744-361,80431-01-02-03,NS,0.7503841330381611,0.2496158669618389,logistic,observation
1a_1744_361,1A 1744-361,80431-01-02-05,NS,0.7479625185624305,0.25203748143756954,logistic,observation
xte_j1118_480,XTE J1118+480,90011-01-01-02,BH,0.6705885755642763,0.3294114244357237,logistic,observation
gx_339_4,GX 339-4,90019-01-02-00,BH,0.41973695336628125,0.5802630466337187,logistic,observation
cyg_x_2,Cyg X-2,90030-01-03-10,NS,0.7270881836700394,0.27291181632996064,logistic,observation
cyg_x_2,Cyg X-2,90030-01-24-00,NS,0.7092365374430122,0.2907634625569878,logistic,observation
4u_1254_69,4U 1254-69,90036-01-01-00,NS,0.762649573355607,0.237350426644393,logistic,observation
4u_1254_69,4U 1254-69,90036-01-01-02,NS,0.7570544835195129,0.24294551648048712,logistic,observation
4u_1746_37,4U 1746-37,90044-01-02-01,NS,0.7581959748180834,0.24180402518191657,logistic,observation
igr_j00291_5934,IGR J00291+5934,90052-03-01-00,NS,0.570571464229849,0.42942853577015105,logistic,observation
cyg_x_2,Cyg X-2,91010-01-01-05,NS,0.7456401205632966,0.25435987943670335,logistic,observation
4u_1728_34,4U 1728-34,91023-01-02-00,NS,0.7229898664018788,0.2770101335981212,logistic,observation
4u_1636_536,4U 1636-536,91024-01-85-10,NS,0.6791811576903133,0.3208188423096867,logistic,observation
4u_1735_444,4U 1735-444,91025-01-04-06,NS,0.646216960800141,0.353783039199859,logistic,observation
4u_1735_444,4U 1735-444,91025-01-12-00,NS,0.7401698247974662,0.2598301752025338,logistic,observation
aql_x_1,Aql X-1,91028-01-22-00,NS,0.45536730502909,0.5446326949709099,logistic,observation
4u_1746_37,4U 1746-37,91037-15-01-00,NS,0.7565522609756679,0.24344773902433214,logistic,observation
hete_j1900_1_2455,HETE J1900.1-2455,91057-01-11-00,NS,0.6874886790816113,0.31251132091838874,logistic,observation
hete_j1900_1_2455,HETE J1900.1-2455,91059-03-03-00,NS,0.7007875311234047,0.29921246887659525,logistic,observation
gx_339_4,GX 339-4,91105-04-08-00,BH,0.7478258031309487,0.2521741968690513,logistic,observation
4u_1608_522,4U 1608-522,91405-01-27-00,NS,0.6265893872878805,0.3734106127121195,logistic,observation
sax_j1808_4_3658,SAX J1808.4-3658,91418-01-03-01,NS,0.7500214635461692,0.24997853645383084,logistic,observation
4u_1636_536,4U 1636-536,92023-01-93-00,NS,0.7617772294802221,0.23822277051977792,logistic,observation
4u_1636_536,4U 1636-536,92023-02-08-00,NS,0.571036021565062,0.42896397843493805,logistic,observation
4u_1728_34,4U 1728-34,92023-03-09-10,NS,0.7220280696987985,0.2779719303012015,logistic,observation
4u_1728_34,4U 1728-34,92023-03-22-10,NS,0.4083250942752399,0.5916749057247601,logistic,observation
4u_1728_34,4U 1728-34,92023-03-47-00,NS,0.20142693708184162,0.7985730629181584,logistic,observation
hete_j1900_1_2455,HETE J1900.1-2455,92049-01-04-00,NS,0.6709450204387979,0.3290549795612021,logistic,observation
hete_j1900_1_2455,HETE J1900.1-2455,92049-01-14-00,NS,0.6994552450758692,0.3005447549241308,logistic,observation
hete_j1900_1_2455,HETE J1900.1-2455,92049-01-49-00,NS,0.7541521549082636,0.2458478450917364,logistic,observation
4u_0614_09,4U 0614+09,92411-01-10-00,NS,0.6858178664665157,0.31418213353348434,logistic,observation
gx_339_4,GX 339-4,92704-03-32-00,BH,0.7173328224917694,0.28266717750823056,logistic,observation
igr_j00291_5934,IGR J00291+5934,93013-07-06-02,NS,0.7530749082704866,0.24692509172951338,logistic,observation
4u_1705_44,4U 1705-44,93060-01-10-00,NS,0.6033467443090481,0.3966532556909519,logistic,observation
cyg_x_2,Cyg X-2,93082-02-04-02,NS,0.7247271147260262,0.27527288527397376,logistic,observation
4u_1636_536,4U 1636-536,93087-01-41-00,NS,0.7207005826852498,0.27929941731475016,logistic,observation
4u_1636_536,4U 1636-536,93087-01-83-10,NS,0.758855059777101,0.241144940222899,logistic,observation
sax_j1810_8_2609,SAX J1810.8-2609,93093-01-01-01,NS,0.6588270915916054,0.34117290840839465,logistic,observation
sax_j1810_8_2609,SAX J1810.8-2609,93093-01-02-03,NS,0.6645504875022975,0.3354495124977025,logistic,observation
sax_j1810_8_2609,SAX J1810.8-2609,93093-01-02-04,NS,0.668229362666366,0.331770637333634,logistic,observation
1a_1744_361,1A 1744-361,93155-01-03-01,NS,0.7493658075222257,0.2506341924777743,logistic,observation
4u_0614_09,4U 0614+09,93404-01-02-00,NS,0.7085752651945512,0.29142473480544884,logistic,observation
4u_0614_09,4U 0614+09,93404-01-11-02,NS,0.695127921654166,0.30487207834583396,logistic,observation
sax_j1810_8_2609,SAX J1810.8-2609,93414-01-01-02,NS,0.7321618651397551,0.2678381348602449,logistic,observation
sax_j1750_8_2900,SAX J1750.8-2900,93432-01-03-01,NS,0.7073890861261026,0.29261091387389737,logistic,observation
sax_j1750_8_2900,SAX J1750.8-2900,93432-01-05-02,NS,0.5481578409854813,0.45184215901451874,logistic,observation
sax_j1750_8_2900,SAX J1750.8-2900,93432-01-07-00,NS,0.7175768564263316,0.2824231435736684,logistic,observation
sax_j1750_8_2900,SAX J1750.8-2900,93432-01-09-03,NS,0.7382392155816855,0.2617607844183145,logistic,observation
sax_j1750_8_2900,SAX J1750.8-2900,93432-01-13-02,NS,0.7425424268202206,0.25745757317977935,logistic,observation
cyg_x_2,Cyg X-2,93443-01-01-13,NS,0.72838694765141,0.27161305234859,logistic,observation
hete_j1900_1_2455,HETE J1900.1-2455,93451-01-01-00,NS,0.6726955650091256,0.32730443499087436,logistic,observation
slx_1735_269,SLX 1735-269,94044-05-01-00,NS,0.7497298507937068,0.2502701492062932,logistic,observation
4u_1705_44,4U 1705-44,94060-01-02-00,NS,0.7566394517408066,0.2433605482591934,logistic,observation
4u_1705_44,4U 1705-44,94060-01-30-00,NS,0.7477195666955908,0.2522804333044092,logistic,observation
4u_0614_09,4U 0614+09,94404-01-07-00,NS,0.6898613832116038,0.31013861678839616,logistic,observation
aql_x_1,Aql X-1,94441-01-01-02,NS,0.7518382128301103,0.24816178716988968,logistic,observation
4u_1705_44,4U 1705-44,95060-01-63-00,NS,0.7576094965744301,0.2423905034255699,logistic,observation
4u_1636_536,4U 1636-536,95087-01-15-10,NS,0.6612364759967042,0.3387635240032958,logistic,observation
4u_1636_536,4U 1636-536,95087-01-71-00,NS,0.5334139102456155,0.46658608975438454,logistic,observation
4u_1254_69,4U 1254-69,95324-01-02-00,NS,0.7612943343965063,0.2387056656034937,logistic,observation
4u_1608_522,4U 1608-522,95334-01-03-00,NS,0.7495661199932094,0.25043388000679057,logistic,observation
gx_339_4,GX 339-4,95409-01-38-01,BH,0.7521836908990251,0.24781630910097485,logistic,observation
aql_x_1,Aql X-1,95413-01-06-01,NS,0.3631291894429761,0.6368708105570239,logistic,observation
1a_1744_361,1A 1744-361,95416-01-01-02,NS,0.7611794621021344,0.23882053789786561,logistic,observation
4u_1705_44,4U 1705-44,96060-01-36-00,NS,0.6508822475453302,0.3491177524546698,logistic,observation
4u_1705_44,4U 1705-44,96060-01-51-00,NS,0.7636853423136819,0.2363146576863181,logistic,observation
sax_j1806_5_2215,SAX J1806.5-2215,96085-04-11-00,NS,0.7622979521385939,0.23770204786140614,logistic,observation
sax_j1806_5_2215,SAX J1806.5-2215,96085-04-13-00,NS,0.7567622054258383,0.24323779457416173,logistic,observation
sax_j1806_5_2215,SAX J1806.5-2215,96085-04-16-00,NS,0.7073942066396067,0.2926057933603933,logistic,observation
sax_j1806_5_2215,SAX J1806.5-2215,96085-04-26-00,NS,0.7538360136677271,0.24616398633227288,logistic,observation
4u_1636_536,4U 1636-536,96087-01-25-00,NS,0.7594339992244717,0.24056600077552825,logistic,observation
4u_1636_536,4U 1636-536,96087-01-77-00,NS,0.6320015750591896,0.36799842494081036,logistic,observation
4u_0614_09,4U 0614+09,96307-01-10-00,NS,0.7623689005782719,0.2376310994217281,logistic,observation
4u_0614_09,4U 0614+09,96404-01-02-00,NS,0.6905287541324997,0.3094712458675003,logistic,observation
slx_1735_269,SLX 1735-269,96429-01-04-00,NS,0.7454377936427072,0.25456220635729276,logistic,observation
aql_x_1,Aql X-1,96440-01-02-00,NS,0.7696452880275905,0.23035471197240953,logistic,observation
gx_339_4,GX 339-4,10420-01-01-00,BH,0.3462584637831355,0.6537415362168645,logistic,observation
4u_1702_429,4U 1702-429,20084-02-01-00,NS,0.7542056131674886,0.24579438683251142,logistic,observation
aql_x_1,Aql X-1,20098-03-01-00,NS,0.7602185986971658,0.2397814013028342,logistic,observation
slx_1735_269,SLX 1735-269,20170-03-06-00,NS,0.7290804126317982,0.27091958736820176,logistic,observation
gs_1354_64,GS 1354-64,20431-01-03-00,BH,0.27820238417599774,0.7217976158240023,logistic,observation
xte_j1550_564,XTE J1550-564,30188-06-01-02,BH,1.1375997328402095e-06,0.9999988624002671,logistic,observation
gs_1354_64,GS 1354-64,30401-01-03-00,BH,0.5529389580339511,0.4470610419660489,logistic,observation
xte_j1550_564,XTE J1550-564,30435-01-25-00,BH,0.3819527757834074,0.6180472242165926,logistic,observation
cyg_x_2,Cyg X-2,40017-02-12-00,NS,0.7001556035620801,0.29984439643791994,logistic,observation
4u_1728_34,4U 1728-34,40019-03-01-02,NS,0.5675551780990165,0.43244482190098354,logistic,observation
ser_x_1,Ser X-1,40025-03-01-02,NS,0.7748533420640803,0.2251466579359197,logistic,observation
ser_x_1,Ser X-1,40025-03-02-00,NS,0.7709111160603631,0.2290888839396369,logistic,observation
4u_0614_09,4U 0614+09,40030-01-14-00,NS,0.7502437299545557,0.24975627004544432,logistic,observation
gx_339_4,GX 339-4,40108-01-04-00,BH,0.5967042165830484,0.4032957834169516,logistic,observation
xte_j1859_226,XTE J1859+226,40124-01-36-00,BH,0.08418310579191829,0.9158168942080818,logistic,observation
xte_j1550_564,XTE J1550-564,40401-01-82-04,BH,0.6975153449745948,0.3024846550254052,logistic,observation
mxb_1658_298,MXB 1658-298,40414-01-15-00,NS,0.7554512589129598,0.24454874108704017,logistic,observation
ser_x_1,Ser X-1,40426-01-01-00,NS,0.7501519368994692,0.24984806310053076,logistic,observation
4u_1702_429,4U 1702-429,50025-01-01-01,NS,0.6645566066831745,0.3354433933168255,logistic,observation
4u_1735_444,4U 1735-444,50025-02-01-01,NS,0.7002938241067553,0.29970617589324466,logistic,observation
4u_0614_09,4U 0614+09,50026-02-01-01,NS,0.6714867762362378,0.32851322376376224,logistic,observation
4u_1702_429,4U 1702-429,50030-01-09-01,NS,0.6694611837509297,0.33053881624907033,logistic,observation
4u_1702_429,4U 1702-429,50030-01-09-02,NS,0.6722135818458462,0.32778641815415377,logistic,observation
4u_1702_429,4U 1702-429,50030-01-13-01,NS,0.638762753145252,0.361237246854748,logistic,observation
4u_0614_09,4U 0614+09,50031-01-02-07,NS,0.6698450853126766,0.3301549146873234,logistic,observation
xte_j1118_480,XTE J1118+480,50133-01-05-00,BH,0.6080911673832012,0.39190883261679876,logistic,observation
xte_j1118_480,XTE J1118+480,50407-01-02-00,BH,0.5522900134064166,0.4477099865935834,logistic,observation
xte_j1118_480,XTE J1118+480,50407-01-05-01,BH,0.5283802584102802,0.47161974158971975,logistic,observation
mxb_1658_298,MXB 1658-298,50410-01-02-00,NS,0.7529364831168254,0.24706351688317463,logistic,observation
mxb_1658_298,MXB 1658-298,50410-01-03-00,NS,0.7505753327937871,0.24942466720621292,logistic,observation
4u_1636_536,4U 1636-536,60032-01-04-00,NS,0.7377437927812559,0.2622562072187441,logistic,observation
4u_1636_536,4U 1636-536,60032-01-14-01,NS,0.7423906495439597,0.2576093504560403,logistic,observation
mxb_1658_298,MXB 1658-298,60048-02-01-00,NS,0.7540858668710401,0.24591413312895993,logistic,observation
mxb_1658_298,MXB 1658-298,60048-03-02-00,NS,0.7486502915871982,0.2513497084128018,logistic,observation
4u_1608_522,4U 1608-522,60052-02-04-03,NS,0.7514799842611223,0.24852001573887772,logistic,observation
mxb_1658_298,MXB 1658-298,60419-01-01-00,NS,0.7572702641719541,0.2427297358280459,logistic,observation
gx_339_4,GX 339-4,60705-01-80-00,BH,0.7046431446749282,0.29535685532507183,logistic,observation
cyg_x_2,Cyg X-2,70014-02-02-00,NS,0.706200987453262,0.293799012546738,logistic,observation
ser_x_1,Ser X-1,70014-03-01-02,NS,0.7582726430486715,0.24172735695132852,logistic,observation
ser_x_1,Ser X-1,70014-03-02-00,NS,0.754882545678647,0.245117454321353,logistic,observation
ser_x_1,Ser X-1,70014-03-02-02,NS,0.7560388847559127,0.24396111524408726,logistic,observation
ser_x_1,Ser X-1,70027-04-01-01,NS,0.7508806562031929,0.2491193437968071,logistic,observation
4u_1746_37,4U 1746-37,70050-01-01-00,NS,0.7596871256376421,0.24031287436235793,logistic,observation
4u_1746_37,4U 1746-37,70050-01-01-05,NS,0.7602772792126148,0.2397227207873852,logistic,observation
4u_1746_37,4U 1746-37,70050-01-01-06,NS,0.7593832991652998,0.24061670083470021,logistic,observation
4u_1746_37,4U 1746-37,70050-01-01-09,NS,0.7630176360743264,0.23698236392567362,logistic,observation
aql_x_1,Aql X-1,70069-03-04-08,NS,0.7170768598051112,0.28292314019488884,logistic,observation
sax_j1808_4_3658,SAX J1808.4-3658,70080-01-02-03,NS,0.5464162384796942,0.4535837615203058,logistic,observation
4u_1543_475,4U 1543-475,70124-02-11-00,BH,0.7585604115395275,0.24143958846047253,logistic,observation
4u_1543_475,4U 1543-475,70133-01-05-00,BH,0.17130182395825466,0.8286981760417453,logistic,observation
4u_1543_475,4U 1543-475,70133-01-20-00,BH,0.6580222322781745,0.34197776772182553,logistic,observation
4u_1543_475,4U 1543-475,70133-01-26-01,BH,0.7210237630072296,0.2789762369927704,logistic,observation
slx_1735_269,SLX 1735-269,70134-08-01-00,NS,0.745160248403704,0.254839751596296,logistic,observation
v4641_sgr,V4641 Sgr,80054-08-01-00,BH,0.33263750046920443,0.6673624995307956,logistic,observation
slx_1735_269,SLX 1735-269,80138-03-08-00,NS,0.7339975790836115,0.2660024209163885,logistic,observation
1a_1744_361,1A 1744-361,80431-01-03-00,NS,0.7467590459041406,0.25324095409585945,logistic,observation
xte_j1118_480,XTE J1118+480,90011-01-01-01,BH,0.6768155700287675,0.32318442997123253,logistic,observation
xte_j1118_480,XTE J1118+480,90011-01-01-05,BH,0.6960917648382631,0.30390823516173693,logistic,observation
xte_j1118_480,XTE J1118+480,90011-01-01-09,BH,0.6911520421702942,0.30884795782970575,logistic,observation
4u_1254_69,4U 1254-69,90036-01-01-01,NS,0.7595650038755284,0.2404349961244716,logistic,observation
4u_1746_37,4U 1746-37,90044-01-02-00,NS,0.7547338629575194,0.24526613704248057,logistic,observation
1a_1744_361,1A 1744-361,90058-04-02-00,NS,0.7168362855613136,0.2831637144386864,logistic,observation
xte_j1118_480,XTE J1118+480,90111-01-02-06,BH,0.7422970425873427,0.25770295741265725,logistic,observation
aql_x_1,Aql X-1,90403-01-01-00,NS,0.4495878605562075,0.5504121394437925,logistic,observation
igr_j00291_5934,IGR J00291+5934,90425-01-02-14,NS,0.7407905245093211,0.25920947549067885,logistic,observation
cyg_x_2,Cyg X-2,91009-01-38-00,NS,0.731467736334578,0.26853226366542204,logistic,observation
4u_1735_444,4U 1735-444,91025-01-08-04,NS,0.7363102320781039,0.26368976792189613,logistic,observation
4u_1735_444,4U 1735-444,91025-01-09-07,NS,0.7424606410923444,0.25753935890765556,logistic,observation
4u_1735_444,4U 1735-444,91025-01-10-01,NS,0.7453112046650077,0.25468879533499234,logistic,observation
4u_1705_44,4U 1705-44,91039-01-01-10,NS,0.758512266038587,0.241487733961413,logistic,observation
1a_1744_361,1A 1744-361,91050-05-02-00,NS,0.7490695392886297,0.25093046071137026,logistic,observation
sax_j1808_4_3658,SAX J1808.4-3658,91056-01-03-09,NS,0.6845493768523961,0.31545062314760386,logistic,observation
hete_j1900_1_2455,HETE J1900.1-2455,91057-01-03-01,NS,0.6690405793864189,0.3309594206135811,logistic,observation
hete_j1900_1_2455,HETE J1900.1-2455,91057-01-05-04,NS,0.686689465722677,0.313310534277323,logistic,observation
4u_1735_444,4U 1735-444,91152-06-01-10,NS,0.7354831280459639,0.26451687195403606,logistic,observation
4u_1728_34,4U 1728-34,92023-03-07-00,NS,0.7110807349693,0.2889192650307,logistic,observation
4u_1728_34,4U 1728-34,92023-03-46-10,NS,0.5952322313369478,0.4047677686630522,logistic,observation
4u_1728_34,4U 1728-34,92023-03-59-10,NS,0.6415272830381107,0.3584727169618893,logistic,observation
4u_1728_34,4U 1728-34,92023-03-88-10,NS,0.5467966167527702,0.45320338324722975,logistic,observation
4u_1728_34,4U 1728-34,92023-03-94-00,NS,0.40682012324024236,0.5931798767597576,logistic,observation
cyg_x_2,Cyg X-2,92038-01-05-01,NS,0.7725716620101168,0.22742833798988316,logistic,observation
slx_1735_269,SLX 1735-269,92052-02-01-00,NS,0.7547506069484586,0.24524939305154136,logistic,observation
igr_j00291_5934,IGR J00291+5934,93013-07-18-00,NS,0.7227877695674725,0.2772122304325275,logistic,observation
sax_j1808_4_3658,SAX J1808.4-3658,93027-01-02-00,NS,0.5855736967553503,0.4144263032446497,logistic,observation
hete_j1900_1_2455,HETE J1900.1-2455,93030-01-03-00,NS,0.7240175730694107,0.2759824269305893,logistic,observation
hete_j1900_1_2455,HETE J1900.1-2455,93030-01-15-00,NS,0.7509338299369704,0.24906617006302956,logistic,observation
sax_j1810_8_2609,SAX J1810.8-2609,93044-02-01-00,NS,0.7488815856229489,0.25111841437705107,logistic,observation
sax_j1810_8_2609,SAX J1810.8-2609,93044-02-07-00,NS,0.7033995162874326,0.2966004837125674,logistic,observation
sax_j1810_8_2609,SAX J1810.8-2609,93044-02-08-00,NS,0.7239674414968147,0.2760325585031853,logistic,observation
sax_j1750_8_2900,SAX J1750.8-2900,93044-08-08-01,NS,0.6453596569110488,0.3546403430889512,logistic,observation
4u_1705_44,4U 1705-44,93060-01-01-10,NS,0.7664656886338956,0.23353431136610436,logistic,observation
4u_1705_44,4U 1705-44,93060-01-14-10,NS,0.7630074162917505,0.2369925837082495,logistic,observation
4u_1705_44,4U 1705-44,93060-01-22-00,NS,0.758988185441654,0.24101181455834597,logistic,observation
4u_1705_44,4U 1705-44,93060-01-28-10,NS,0.7471318640977733,0.2528681359022267,logistic,observation
aql_x_1,Aql X-1,93076-01-09-00,NS,0.6056064749148455,0.39439352508515446,logistic,observation
4u_1636_536,4U 1636-536,93087-01-87-00,NS,0.752379365866573,0.24762063413342705,logistic,observation
sax_j1810_8_2609,SAX J1810.8-2609,93093-01-02-02,NS,0.6620289849134025,0.33797101508659755,logistic,observation
sax_j1810_8_2609,SAX J1810.8-2609,93093-01-02-07,NS,0.6678677418074572,0.3321322581925428,logistic,observation
sax_j1810_8_2609,SAX J1810.8-2609,93093-01-02-11,NS,0.6557117266541178,0.3442882733458822,logistic,observation
1a_1744_361,1A 1744-361,93155-01-01-00,NS,0.7506258437421611,0.24937415625783887,logistic,observation
1a_1744_361,1A 1744-361,93155-01-06-02,NS,0.7537461024321255,0.24625389756787452,logistic,observation
1a_1744_361,1A 1744-361,93155-01-07-00,NS,0.7443802950677227,0.25561970493227726,logistic,observation
1a_1744_361,1A 1744-361,93155-01-08-00,NS,0.7553722164772368,0.24462778352276315,logistic,observation
4u_1608_522,4U 1608-522,93408-01-32-04,NS,0.4710337481689991,0.5289662518310009,logistic,observation
4u_1608_522,4U 1608-522,93408-01-42-05,NS,0.6126806722063648,0.3873193277936352,logistic,observation
gx_339_4,GX 339-4,93409-01-04-01,BH,0.5992353526381273,0.4007646473618727,logistic,observation
sax_j1810_8_2609,SAX J1810.8-2609,93414-01-01-03,NS,0.6963639329726536,0.30363606702734636,logistic,observation
sax_j1810_8_2609,SAX J1810.8-2609,93414-01-04-00,NS,0.7089646136813527,0.29103538631864734,logistic,observation
sax_j1750_8_2900,SAX J1750.8-2900,93432-01-02-05,NS,0.698274654288328,0.301725345711672,logistic,observation
sax_j1750_8_2900,SAX J1750.8-2900,93432-01-03-05,NS,0.6552429370108794,0.34475706298912057,logistic,observation
sax_j1750_8_2900,SAX J1750.8-2900,93432-01-04-02,NS,0.6143421209928699,0.3856578790071301,logistic,observation
sax_j1750_8_2900,SAX J1750.8-2900,93432-01-15-00,NS,0.6684209472939369,0.33157905270606314,logistic,observation
sax_j1750_8_2900,SAX J1750.8-2900,93432-01-17-02,NS,0.7118261637570069,0.2881738362429931,logistic,observation
4u_1705_44,4U 1705-44,94060-01-15-00,NS,0.48141911677983135,0.5185808832201686,logistic,observation
4u_1705_44,4U 1705-44,94060-01-46-00,NS,0.7553267388984558,0.2446732611015442,logistic,observation
aql_x_1,Aql X-1,94076-01-04-07,NS,0.49000628302643295,0.5099937169735671,logistic,observation
4u_1702_429,4U 1702-429,94415-01-01-01,NS,0.7338737517997167,0.2661262482002833,logistic,observation
hete_j1900_1_2455,HETE J1900.1-2455,95030-01-40-00,NS,0.652001774214818,0.347998225785182,logistic,observation
4u_1705_44,4U 1705-44,95060-01-50-00,NS,0.7577942992348886,0.2422057007651114,logistic,observation
gx_339_4,GX 339-4,95409-01-07-01,BH,0.24533663314016,0.75466336685984,logistic,observation
gx_339_4,GX 339-4,95409-01-21-00,BH,0.733215299202367,0.26678470079763295,logistic,observation
1a_1744_361,1A 1744-361,95416-01-01-00,NS,0.7604916570458445,0.23950834295415546,logistic,observation
1a_1744_361,1A 1744-361,95416-01-02-02,NS,0.7520317610010853,0.24796823899891474,logistic,observation
hete_j1900_1_2455,HETE J1900.1-2455,96030-01-32-00,NS,0.6516359445335628,0.34836405546643723,logistic,observation
sax_j1806_5_2215,SAX J1806.5-2215,96085-04-01-00,NS,0.7374918030668749,0.2625081969331251,logistic,observation
sax_j1806_5_2215,SAX J1806.5-2215,96085-04-03-02,NS,0.7027490094723824,0.2972509905276176,logistic,observation
sax_j1806_5_2215,SAX J1806.5-2215,96085-04-04-00,NS,0.6969343547236915,0.3030656452763085,logistic,observation
sax_j1806_5_2215,SAX J1806.5-2215,96085-04-06-00,NS,0.723536800649913,0.276463199350087,logistic,observation
sax_j1806_5_2215,SAX J1806.5-2215,96085-04-08-00,NS,0.75301854661698,0.24698145338302002,logistic,observation
sax_j1806_5_2215,SAX J1806.5-2215,96085-04-09-01,NS,0.7432054753956835,0.2567945246043165,logistic,observation
sax_j1806_5_2215,SAX J1806.5-2215,96085-04-10-01,NS,0.7500407885576084,0.24995921144239164,logistic,observation
sax_j1806_5_2215,SAX J1806.5-2215,96085-04-15-00,NS,0.7083356699793704,0.29166433002062964,logistic,observation
4u_1728_34,4U 1728-34,96322-01-05-00,NS,0.41036959538592654,0.5896304046140735,logistic,observation
4u_1735_444,4U 1735-444,96325-01-01-03,NS,0.716403868268562,0.28359613173143805,logistic,observation
4u_1735_444,4U 1735-444,96331-01-03-02,NS,0.72954658001623,0.27045341998377004,logistic,observation
4u_1608_522,4U 1608-522,96423-01-39-02,NS,0.6442516077594738,0.35574839224052623,logistic,observation
aql_x_1,Aql X-1,96440-01-05-04,NS,0.7706210306065919,0.22937896939340807,logistic,observation
4u_1608_522,4U 1608-522,10093-01-01-01,NS,0.7302649780041596,0.26973502199584043,logistic,observation
4u_0614_09,4U 0614+09,10095-01-01-00,NS,0.703908596650598,0.296091403349402,logistic,observation
ks_1731_260,KS 1731-260,10416-01-01-00,NS,0.7487636195594042,0.2512363804405958,logistic,observation
ks_1731_260,KS 1731-260,10416-01-03-00,NS,0.7342767933929322,0.26572320660706783,logistic,observation
4u_1735_444,4U 1735-444,20084-01-02-03,NS,0.7146250230037794,0.2853749769962206,logistic,observation
slx_1735_269,SLX 1735-269,20170-03-08-00,NS,0.7549159321265855,0.24508406787341452,logistic,observation
cyg_x_2,Cyg X-2,30046-01-03-00,NS,0.6642875992087933,0.3357124007912067,logistic,observation
ks_1731_260,KS 1731-260,30061-01-02-01,NS,0.6154026643843011,0.38459733561569887,logistic,observation
ks_1731_260,KS 1731-260,30061-01-03-01,NS,0.7595153479135713,0.24048465208642866,logistic,observation
ks_1731_260,KS 1731-260,30061-01-04-00,NS,0.7604952471118482,0.23950475288815176,logistic,observation
gs_1354_64,GS 1354-64,30401-01-02-00,BH,0.5276943632343534,0.47230563676564663,logistic,observation
ser_x_1,Ser X-1,40025-03-01-01,NS,0.7514262251224814,0.24857377487751864,logistic,observation
4u_1702_429,4U 1702-429,40025-04-03-01,NS,0.7030729414372155,0.29692705856278445,logistic,observation
4u_1636_536,4U 1636-536,40028-01-14-02,NS,0.6963444391065514,0.3036555608934486,logistic,observation
mxb_1658_298,MXB 1658-298,40050-04-05-02,NS,0.7527264609240405,0.2472735390759595,logistic,observation
xte_j1859_226,XTE J1859+226,40124-01-11-00,BH,0.04906863312777023,0.9509313668722298,logistic,observation
xte_j1859_226,XTE J1859+226,40124-01-33-00,BH,0.11480793287251677,0.8851920671274832,logistic,observation
xte_j1859_226,XTE J1859+226,40124-01-35-02,BH,0.202379808064458,0.797620191935542,logistic,observation
xte_j1859_226,XTE J1859+226,40124-01-51-00,BH,0.6870207788098898,0.31297922119011024,logistic,observation
xte_j1859_226,XTE J1859+226,40124-01-55-00,BH,0.7162721041916634,0.28372789580833657,logistic,observation
xte_j1859_226,XTE J1859+226,40124-01-55-03,BH,0.7292719992171484,0.27072800078285164,logistic,observation
xte_j1550_564,XTE J1550-564,40401-01-26-00,BH,0.367085851499539,0.632914148500461,logistic,observation
xte_j1550_564,XTE J1550-564,40401-01-43-00,BH,0.3544588123498947,0.6455411876501054,logistic,observation
xte_j1550_564,XTE J1550-564,40401-01-96-01,BH,0.7200849760813014,0.2799150239186986,logistic,observation
mxb_1658_298,MXB 1658-298,40414-01-01-00,NS,0.7539985630024614,0.24600143699753863,logistic,observation
aql_x_1,Aql X-1,40432-01-04-00,NS,0.6183578083197435,0.3816421916802565,logistic,observation
4u_1735_444,4U 1735-444,50026-01-01-03,NS,0.624811433131451,0.37518856686854896,logistic,observation
4u_1728_34,4U 1728-34,50029-23-01-00,NS,0.5634266553049222,0.4365733446950778,logistic,observation
4u_1735_444,4U 1735-444,50029-34-01-00,NS,0.7269732816223847,0.2730267183776153,logistic,observation
4u_1702_429,4U 1702-429,50030-01-01-05,NS,0.7583720447678828,0.24162795523211722,logistic,observation
4u_1702_429,4U 1702-429,50030-01-05-00,NS,0.5990841947459049,0.4009158052540951,logistic,observation
4u_0614_09,4U 0614+09,50031-01-01-01,NS,0.6501307056526917,0.3498692943473083,logistic,observation
ks_1731_260,KS 1731-260,50031-02-01-11,NS,0.46040176693075546,0.5395982330692446,logistic,observation
ks_1731_260,KS 1731-260,50031-02-02-07,NS,0.40177160879152585,0.5982283912084742,logistic,observation
aql_x_1,Aql X-1,50049-02-08-03,NS,0.7558958470223268,0.24410415297767318,logistic,observation
xte_j1118_480,XTE J1118+480,50133-01-04-00,BH,0.5978443034235346,0.40215569657646544,logistic,observation
xte_j1118_480,XTE J1118+480,50137-01-04-00,BH,0.5688774111120883,0.43112258888791166,logistic,observation
xte_j1118_480,XTE J1118+480,50407-01-06-00,BH,0.5778252569104587,0.4221747430895413,logistic,observation
xte_j1118_480,XTE J1118+480,50407-01-15-00,BH,0.7358425813531452,0.2641574186468548,logistic,observation
mxb_1658_298,MXB 1658-298,50410-01-05-00,NS,0.7586144351086781,0.2413855648913219,logistic,observation
mxb_1658_298,MXB 1658-298,50410-01-07-00,NS,0.7539640186710834,0.24603598132891658,logistic,observation
mxb_1658_298,MXB 1658-298,60048-01-02-00,NS,0.7616198002857131,0.23838019971428692,logistic,observation
mxb_1658_298,MXB 1658-298,60048-01-04-00,NS,0.7609216246986383,0.23907837530136167,logistic,observation
mxb_1658_298,MXB 1658-298,60048-01-05-00,NS,0.7543897119903881,0.24561028800961193,logistic,observation
mxb_1658_298,MXB 1658-298,60048-03-05-00,NS,0.7569510019817796,0.24304899801822044,logistic,observation
sax_j1750_8_2900,SAX J1750.8-2900,60084-03-02-00,NS,0.7459344170461933,0.25406558295380666,logistic,observation
gx_339_4,GX 339-4,60705-01-69-00,BH,0.12427397261191177,0.8757260273880882,logistic,observation
ser_x_1,Ser X-1,70014-03-01-01,NS,0.7587528680790955,0.24124713192090452,logistic,observation
ser_x_1,Ser X-1,70014-03-02-01,NS,0.7604634758106799,0.23953652418932014,logistic,observation
ser_x_1,Ser X-1,70027-04-08-00,NS,0.7617657538379904,0.2382342461620096,logistic,observation
4u_1746_37,4U 1746-37,70050-01-01-04,NS,0.7654090160582177,0.23459098394178235,logistic,observation
4u_1746_37,4U 1746-37,70050-01-01-07,NS,0.7706276479118785,0.22937235208812146,logistic,observation
4u_1746_37,4U 1746-37,70050-01-01-08,NS,0.7691668853337862,0.2308331146662138,logistic,observation
4u_1608_522,4U 1608-522,70058-01-22-00,NS,0.6986559220053086,0.30134407799469143,logistic,observation
4u_1608_522,4U 1608-522,70058-01-37-00,NS,0.7419205342883815,0.25807946571161855,logistic,observation
sax_j1808_4_3658,SAX J1808.4-3658,70080-01-02-13,NS,0.638289662729156,0.361710337270844,logistic,observation
sax_j1808_4_3658,SAX J1808.4-3658,70080-02-02-35,NS,0.7569815842193399,0.24301841578066008,logistic,observation
4u_1543_475,4U 1543-475,70124-02-03-00,BH,0.6449606146190741,0.35503938538092594,logistic,observation
4u_1543_475,4U 1543-475,70124-02-06-00,BH,0.6497773053103822,0.35022269468961775,logistic,observation
v4641_sgr,V4641 Sgr,80054-08-01-01,BH,0.1699162161813012,0.8300837838186987,logistic,observation
gx_339_4,GX 339-4,80102-04-57-01,BH,0.7100951673248279,0.2899048326751721,logistic,observation
1a_1744_361,1A 1744-361,80431-01-03-02,NS,0.7413232427717021,0.25867675722829786,logistic,observation
aql_x_1,Aql X-1,90017-01-07-00,NS,0.3847441136864877,0.6152558863135122,logistic,observation
cyg_x_2,Cyg X-2,90030-01-08-00,NS,0.694070107093555,0.305929892906445,logistic,observation
cyg_x_2,Cyg X-2,90030-01-67-00,NS,0.7612375877119757,0.2387624122880243,logistic,observation
4u_1746_37,4U 1746-37,90044-01-01-01,NS,0.7584307993736714,0.24156920062632858,logistic,observation
slx_1735_269,SLX 1735-269,90058-05-01-04,NS,0.766139997383666,0.233860002616334,logistic,observation
xte_j1118_480,XTE J1118+480,90111-01-02-11,BH,0.7545303878368943,0.2454696121631057,logistic,observation
xte_j1118_480,XTE J1118+480,90111-01-03-02,BH,0.7616515721592294,0.2383484278407706,logistic,observation
cyg_x_2,Cyg X-2,91009-01-06-00,NS,0.6791699229055126,0.3208300770944874,logistic,observation
hete_j1900_1_2455,HETE J1900.1-2455,91015-01-04-07,NS,0.6781020619396827,0.3218979380603173,logistic,observation
4u_1735_444,4U 1735-444,91025-01-05-06,NS,0.7451817420140532,0.2548182579859468,logistic,observation
4u_1735_444,4U 1735-444,91025-01-08-05,NS,0.7188236276489732,0.28117637235102677,logistic,observation
4u_1735_444,4U 1735-444,91025-01-13-10,NS,0.7481387270240424,0.2518612729759576,logistic,observation
4u_1705_44,4U 1705-44,91039-01-01-50,NS,0.5711761646658116,0.42882383533418844,logistic,observation
4u_1705_44,4U 1705-44,91039-01-02-61,NS,0.7632256720313896,0.23677432796861042,logistic,observation
1a_1744_361,1A 1744-361,91050-05-03-00,NS,0.7500279253002541,0.24997207469974592,logistic,observation
hete_j1900_1_2455,HETE J1900.1-2455,91057-01-08-00,NS,0.6807824294821141,0.3192175705178859,logistic,observation
4u_1735_444,4U 1735-444,91152-06-02-00,NS,0.7238856874701428,0.2761143125298572,logistic,observation
4u_0614_09,4U 0614+09,91425-01-04-02,NS,0.7242604736504507,0.27573952634954935,logistic,observation
4u_1636_536,4U 1636-536,92023-01-94-10,NS,0.7360463757377749,0.26395362426222513,logistic,observation
4u_1728_34,4U 1728-34,92023-03-33-00,NS,0.7104093785501228,0.28959062144987724,logistic,observation
4u_1728_34,4U 1728-34,92023-03-74-10,NS,0.6712010238138049,0.32879897618619514,logistic,observation
gx_339_4,GX 339-4,92035-01-02-06,BH,0.0009905216184559582,0.9990094783815441,logistic,observation
hete_j1900_1_2455,HETE J1900.1-2455,92049-01-37-00,NS,0.6628714700115914,0.3371285299884086,logistic,observation
hete_j1900_1_2455,HETE J1900.1-2455,93030-01-25-01,NS,0.6208198608410608,0.3791801391589392,logistic,observation
hete_j1900_1_2455,HETE J1900.1-2455,93030-01-37-00,NS,0.6916144171649133,0.30838558283508666,logistic,observation
sax_j1810_8_2609,SAX J1810.8-2609,93044-02-03-00,NS,0.7130947815051061,0.2869052184948939,logistic,observation
sax_j1810_8_2609,SAX J1810.8-2609,93044-02-06-01,NS,0.6464097922835588,0.35359020771644123,logistic,observation
sax_j1750_8_2900,SAX J1750.8-2900,93044-08-02-00,NS,0.5732013413770543,0.42679865862294575,logistic,observation
sax_j1750_8_2900,SAX J1750.8-2900,93044-08-05-00,NS,0.7215432627264817,0.2784567372735183,logistic,observation
4u_1705_44,4U 1705-44,93060-01-71-00,NS,0.7275950077116535,0.27240499228834647,logistic,observation
4u_1705_44,4U 1705-44,93060-01-85-00,NS,0.7685994484330334,0.2314005515669666,logistic,observation
4u_1636_536,4U 1636-536,93087-01-36-20,NS,0.7492653280787636,0.25073467192123644,logistic,observation
sax_j1810_8_2609,SAX J1810.8-2609,93093-01-02-10,NS,0.6800171514952443,0.31998284850475567,logistic,observation
1a_1744_361,1A 1744-361,93155-01-02-01,NS,0.7523269498285001,0.24767305017149988,logistic,observation
1a_1744_361,1A 1744-361,93155-01-03-02,NS,0.7515483884747728,0.2484516115252272,logistic,observation
1a_1744_361,1A 1744-361,93155-01-03-03,NS,0.7560715911049193,0.24392840889508072,logistic,observation
4u_0614_09,4U 0614+09,93404-01-21-00,NS,0.7080543531219161,0.2919456468780839,logistic,observation
4u_1608_522,4U 1608-522,93408-01-26-03,NS,0.5875499931153402,0.4124500068846598,logistic,observation
4u_1608_522,4U 1608-522,93408-01-66-01,NS,0.7115607747158298,0.2884392252841702,logistic,observation
sax_j1810_8_2609,SAX J1810.8-2609,93414-01-04-01,NS,0.7147974601605968,0.28520253983940325,logistic,observation
sax_j1810_8_2609,SAX J1810.8-2609,93414-01-04-03,NS,0.6983348207601224,0.30166517923987757,logistic,observation
sax_j1810_8_2609,SAX J1810.8-2609,93414-01-05-01,NS,0.7521577505666504,0.24784224943334965,logistic,observation
sax_j1750_8_2900,SAX J1750.8-2900,93432-01-01-01,NS,0.6891822728647682,0.3108177271352318,logistic,observation
sax_j1750_8_2900,SAX J1750.8-2900,93432-01-06-00,NS,0.5007353132619562,0.4992646867380438,logistic,observation
sax_j1750_8_2900,SAX J1750.8-2900,93432-01-07-04,NS,0.7212022668015531,0.2787977331984469,logistic,observation
sax_j1750_8_2900,SAX J1750.8-2900,93432-01-10-01,NS,0.7413822123209806,0.25861778767901944,logistic,observation
sax_j1750_8_2900,SAX J1750.8-2900,93432-01-11-02,NS,0.7470118745508039,0.25298812544919613,logistic,observation
hete_j1900_1_2455,HETE J1900.1-2455,94030-01-37-00,NS,0.6567904986392877,0.34320950136071227,logistic,observation
4u_1636_536,4U 1636-536,94087-01-10-00,NS,0.7296547254091276,0.27034527459087243,logistic,observation
4u_1608_522,4U 1608-522,94401-01-18-00,NS,0.6045059133936497,0.3954940866063503,logistic,observation
4u_1705_44,4U 1705-44,95060-01-22-00,NS,0.6873901490646573,0.31260985093534266,logistic,observation
4u_1636_536,4U 1636-536,95087-01-15-00,NS,0.6160238287668208,0.3839761712331792,logistic,observation
4u_1254_69,4U 1254-69,95324-01-02-01,NS,0.7715008427514417,0.2284991572485583,logistic,observation
cyg_x_2,Cyg X-2,95345-01-32-00,NS,0.7079493944875509,0.2920506055124491,logistic,observation
cyg_x_2,Cyg X-2,95345-01-42-00,NS,0.7093246494915242,0.2906753505084758,logistic,observation
4u_0614_09,4U 0614+09,95404-01-01-01,NS,0.7001014715043716,0.29989852849562837,logistic,observation
4u_0614_09,4U 0614+09,95404-01-09-02,NS,0.6731871661234633,0.3268128338765367,logistic,observation
gx_339_4,GX 339-4,95409-01-15-01,BH,0.2829784696632539,0.7170215303367461,logistic,observation
1a_1744_361,1A 1744-361,95416-01-02-00,NS,0.7577874434651503,0.24221255653484974,logistic,observation
v4641_sgr,V4641 Sgr,95436-01-01-00,BH,0.759832455106802,0.24016754489319803,logistic,observation
4u_1705_44,4U 1705-44,96060-01-23-00,NS,0.7519106501474322,0.2480893498525678,logistic,observation
sax_j1806_5_2215,SAX J1806.5-2215,96085-04-03-00,NS,0.7093022459580293,0.29069775404197074,logistic,observation
sax_j1806_5_2215,SAX J1806.5-2215,96085-04-05-03,NS,0.722849692103882,0.27715030789611805,logistic,observation
sax_j1806_5_2215,SAX J1806.5-2215,96085-04-06-01,NS,0.733582878781126,0.26641712121887395,logistic,observation
sax_j1806_5_2215,SAX J1806.5-2215,96085-04-19-00,NS,0.7241964031477925,0.27580359685220746,logistic,observation
sax_j1806_5_2215,SAX J1806.5-2215,96085-04-20-00,NS,0.7567656652391019,0.24323433476089806,logistic,observation
sax_j1806_5_2215,SAX J1806.5-2215,96085-04-23-00,NS,0.7643844898446052,0.23561551015539484,logistic,observation
sax_j1806_5_2215,SAX J1806.5-2215,96085-04-25-00,NS,0.7731917310225932,0.2268082689774068,logistic,observation
sax_j1806_5_2215,SAX J1806.5-2215,96085-04-29-00,NS,0.7518588932012692,0.2481411067987308,logistic,observation
sax_j1806_5_2215,SAX J1806.5-2215,96085-04-30-00,NS,0.719647230569597,0.280352769430403,logistic,observation
sax_j1806_5_2215,SAX J1806.5-2215,96085-04-33-00,NS,0.7389819880654985,0.26101801193450147,logistic,observation
4u_1636_536,4U 1636-536,96087-01-84-10,NS,0.5437835162395818,0.45621648376041823,logistic,observation
4u_1735_444,4U 1735-444,96331-01-01-00,NS,0.7246611669034062,0.2753388330965938,logistic,observation
slx_1735_269,SLX 1735-269,96429-01-02-02,NS,0.7470720839555252,0.25292791604447484,logistic,observation
slx_1735_269,SLX 1735-269,96429-01-06-02,NS,0.7445143331606746,0.2554856668393254,logistic,observation
4u_1735_444,4U 1735-444,20084-01-01-00,NS,0.9852867443082372,0.01471325569176285,logistic,grouped
4u_1735_444,4U 1735-444,20084-01-02-03,NS,0.994265751699114,0.00573424830088598,logistic,grouped
4u_1636_536,4U 1636-536,30053-02-01-00,NS,0.9639310108059662,0.036068989194033785,logistic,grouped
xte_j1550_564,XTE J1550-564,30188-06-01-02,BH,3.140051241588348e-06,0.9999968599487584,logistic,grouped
xte_j1550_564,XTE J1550-564,30191-01-02-00,BH,0.9534551053618847,0.046544894638115286,logistic,grouped
xte_j1550_564,XTE J1550-564,30191-01-12-00,BH,0.019238124123278473,0.9807618758767215,logistic,grouped
xte_j1550_564,XTE J1550-564,30191-01-28-01,BH,0.0068520018932474456,0.9931479981067526,logistic,grouped
xte_j1550_564,XTE J1550-564,30191-01-34-00,BH,0.0015878658769987216,0.9984121341230012,logistic,grouped
xte_j1550_564,XTE J1550-564,30191-01-44-00,BH,0.5395641989361718,0.4604358010638282,logistic,grouped
xte_j1550_564,XTE J1550-564,30435-01-07-00,BH,0.6628174414936884,0.3371825585063116,logistic,grouped
xte_j1550_564,XTE J1550-564,30435-01-15-01,BH,0.002736013172302504,0.9972639868276975,logistic,grouped
xte_j1550_564,XTE J1550-564,30435-01-25-00,BH,1.1147073290585037e-05,0.9999888529267094,logistic,grouped
4u_1636_536,4U 1636-536,40028-01-14-02,NS,0.9972912983658357,0.0027087016341642567,logistic,grouped
4u_1735_444,4U 1735-444,40030-02-04-00,NS,0.9851897293785816,0.014810270621418375,logistic,grouped
4u_1735_444,4U 1735-444,40030-02-09-01,NS,0.988629737402461,0.011370262597539038,logistic,grouped
4u_1735_444,4U 1735-444,40033-07-01-04,NS,0.9759785755436663,0.024021424456333706,logistic,grouped
mxb_1658_298,MXB 1658-298,40050-04-05-00,NS,0.8429022952510263,0.15709770474897367,logistic,grouped
mxb_1658_298,MXB 1658-298,40050-04-05-02,NS,0.8556499093472331,0.14435009065276694,logistic,grouped
xte_j1550_564,XTE J1550-564,40401-01-08-00,BH,7.510418976011203e-06,0.9999924895810239,logistic,grouped
xte_j1550_564,XTE J1550-564,40401-01-18-00,BH,2.1962792325999295e-07,0.9999997803720767,logistic,grouped
xte_j1550_564,XTE J1550-564,40401-01-26-00,BH,1.5746188875766833e-06,0.9999984253811124,logistic,grouped
xte_j1550_564,XTE J1550-564,40401-01-35-01,BH,6.019743279005337e-06,0.999993980256721,logistic,grouped
xte_j1550_564,XTE J1550-564,40401-01-43-00,BH,1.1918476401514903e-05,0.9999880815235985,logistic,grouped
xte_j1550_564,XTE J1550-564,40401-01-53-00,BH,0.0004596304972116545,0.9995403695027884,logistic,grouped
xte_j1550_564,XTE J1550-564,40401-01-60-00,BH,0.010416216641261442,0.9895837833587385,logistic,grouped
xte_j1550_564,XTE J1550-564,40401-01-70-00,BH,0.3317493415351845,0.6682506584648156,logistic,grouped
xte_j1550_564,XTE J1550-564,40401-01-80-00,BH,0.7081209931899783,0.29187900681002166,logistic,grouped
xte_j1550_564,XTE J1550-564,40401-01-82-04,BH,0.6956317682335477,0.30436823176645234,logistic,grouped
xte_j1550_564,XTE J1550-564,40401-01-96-01,BH,0.7184361890260371,0.2815638109739629,logistic,grouped
mxb_1658_298,MXB 1658-298,40414-01-01-00,NS,0.8440326736583411,0.15596732634165889,logistic,grouped
mxb_1658_298,MXB 1658-298,40414-01-02-00,NS,0.8294344668894085,0.17056553311059153,logistic,grouped
mxb_1658_298,MXB 1658-298,40414-01-04-00,NS,0.8290624404177532,0.17093755958224677,logistic,grouped
mxb_1658_298,MXB 1658-298,40414-01-06-00,NS,0.8454995278987858,0.1545004721012142,logistic,grouped
mxb_1658_298,MXB 1658-298,40414-01-08-00,NS,0.7587951608821761,0.24120483911782387,logistic,grouped
mxb_1658_298,MXB 1658-298,40414-01-14-00,NS,0.8395732664444818,0.16042673355551818,logistic,grouped
mxb_1658_298,MXB 1658-298,40414-01-15-00,NS,0.821901106564466,0.17809889343553398,logistic,grouped
4u_1735_444,4U 1735-444,50025-02-01-01,NS,0.9940400556674053,0.005959944332594724,logistic,grouped
4u_1735_444,4U 1735-444,50025-02-01-06,NS,0.9865913749312656,0.013408625068734414,logistic,grouped
4u_1735_444,4U 1735-444,50026-01-01-03,NS,0.9997958564431711,0.00020414355682885077,logistic,grouped
4u_1735_444,4U 1735-444,50029-34-01-00,NS,0.9868661466527043,0.013133853347295665,logistic,grouped
xte_j1550_564,XTE J1550-564,50134-01-05-00,BH,0.2002961542292701,0.79970384577073,logistic,grouped
xte_j1550_564,XTE J1550-564,50134-02-04-01,BH,0.14386548388445378,0.8561345161155463,logistic,grouped
xte_j1550_564,XTE J1550-564,50135-01-11-00,BH,0.5703111719835748,0.42968882801642516,logistic,grouped
xte_j1550_564,XTE J1550-564,50137-02-04-01,BH,0.00025754444829283673,0.9997424555517072,logistic,grouped
xte_j1550_564,XTE J1550-564,50137-02-12-00,BH,0.19728196547477797,0.8027180345252221,logistic,grouped
mxb_1658_298,MXB 1658-298,50410-01-02-00,NS,0.8088139663322141,0.19118603366778586,logistic,grouped
mxb_1658_298,MXB 1658-298,50410-01-03-00,NS,0.8292549977894158,0.1707450022105842,logistic,grouped
mxb_1658_298,MXB 1658-298,50410-01-05-00,NS,0.8253015100539793,0.17469848994602066,logistic,grouped
mxb_1658_298,MXB 1658-298,50410-01-07-00,NS,0.7989546485412599,0.20104535145874014,logistic,grouped
mxb_1658_298,MXB 1658-298,50410-01-09-00,NS,0.8101929417759981,0.1898070582240019,logistic,grouped
4u_1636_536,4U 1636-536,60032-01-04-00,NS,0.9295719907503243,0.07042800924967574,logistic,grouped
4u_1636_536,4U 1636-536,60032-01-14-01,NS,0.9424534817344302,0.05754651826556978,logistic,grouped
4u_1636_536,4U 1636-536,60032-05-15-00,NS,0.9895937884204403,0.010406211579559677,logistic,grouped
sax_j1750_8_2900,SAX J1750.8-2900,60035-01-02-01,NS,0.7458454499070385,0.2541545500929615,logistic,grouped
4u_1735_444,4U 1735-444,60042-01-01-01,NS,0.9936066170403283,0.006393382959671734,logistic,grouped
mxb_1658_298,MXB 1658-298,60048-01-02-00,NS,0.8381810018325998,0.1618189981674002,logistic,grouped
mxb_1658_298,MXB 1658-298,60048-01-04-00,NS,0.8279548130973737,0.17204518690262627,logistic,grouped
mxb_1658_298,MXB 1658-298,60048-01-05-00,NS,0.8357972790630921,0.1642027209369079,logistic,grouped
mxb_1658_298,MXB 1658-298,60048-02-01-00,NS,0.8468181050926097,0.15318189490739031,logistic,grouped
mxb_1658_298,MXB 1658-298,60048-02-03-00,NS,0.8271268722223878,0.1728731277776122,logistic,grouped
mxb_1658_298,MXB 1658-298,60048-02-05-00,NS,0.8171387371872387,0.18286126281276127,logistic,grouped
mxb_1658_298,MXB 1658-298,60048-03-02-00,NS,0.8350709582812418,0.16492904171875822,logistic,grouped
mxb_1658_298,MXB 1658-298,60048-03-03-00,NS,0.8319447160173569,0.16805528398264313,logistic,grouped
mxb_1658_298,MXB 1658-298,60048-03-05-00,NS,0.8373464903234666,0.16265350967653336,logistic,grouped
mxb_1658_298,MXB 1658-298,60048-04-02-00,NS,0.7799902484581169,0.22000975154188307,logistic,grouped
sax_j1750_8_2900,SAX J1750.8-2900,60084-03-01-02,NS,0.8899115821552079,0.11008841784479206,logistic,grouped
sax_j1750_8_2900,SAX J1750.8-2900,60084-03-02-00,NS,0.9427484929595841,0.05725150704041593,logistic,grouped
sax_j1750_8_2900,SAX J1750.8-2900,60117-01-01-00,NS,0.6636796909468581,0.3363203090531419,logistic,grouped
mxb_1658_298,MXB 1658-298,60419-01-01-00,NS,0.7978738378453614,0.20212616215463863,logistic,grouped
xte_j1550_564,XTE J1550-564,60428-01-09-00,BH,0.6010088116415737,0.3989911883584263,logistic,grouped
xte_j1550_564,XTE J1550-564,80135-01-04-01,BH,0.018238688622796078,0.9817613113772039,logistic,grouped
hete_j1900_1_2455,HETE J1900.1-2455,91015-01-01-00,NS,0.7205903191035766,0.2794096808964234,logistic,grouped
hete_j1900_1_2455,HETE J1900.1-2455,91015-01-04-07,NS,0.6901253100487983,0.3098746899512017,logistic,grouped
hete_j1900_1_2455,HETE J1900.1-2455,91015-01-07-01,NS,0.749905172384527,0.25009482761547297,logistic,grouped
4u_1636_536,4U 1636-536,91024-01-07-10,NS,0.8070006130259515,0.1929993869740485,logistic,grouped
4u_1636_536,4U 1636-536,91024-01-13-00,NS,0.9540243240426461,0.045975675957353856,logistic,grouped
4u_1636_536,4U 1636-536,91024-01-53-10,NS,0.9885900757402017,0.011409924259798254,logistic,grouped
4u_1636_536,4U 1636-536,91024-01-62-00,NS,0.9383582167107782,0.06164178328922176,logistic,grouped
4u_1636_536,4U 1636-536,91024-01-85-10,NS,0.8183647975163414,0.1816352024836586,logistic,grouped
4u_1735_444,4U 1735-444,91025-01-01-09,NS,0.9878977765201161,0.012102223479883878,logistic,grouped
4u_1735_444,4U 1735-444,91025-01-04-01,NS,0.9907742184237182,0.009225781576281844,logistic,grouped
4u_1735_444,4U 1735-444,91025-01-04-06,NS,0.9997783543205674,0.00022164567943261382,logistic,grouped
4u_1735_444,4U 1735-444,91025-01-05-06,NS,0.9839664691273672,0.016033530872632817,logistic,grouped
4u_1735_444,4U 1735-444,91025-01-06-05,NS,0.996422972877775,0.0035770271222249628,logistic,grouped
4u_1735_444,4U 1735-444,91025-01-08-04,NS,0.991962398428705,0.008037601571294961,logistic,grouped
4u_1735_444,4U 1735-444,91025-01-08-05,NS,0.9878570139659915,0.01214298603400854,logistic,grouped
4u_1735_444,4U 1735-444,91025-01-09-01,NS,0.9944990081187884,0.005500991881211559,logistic,grouped
4u_1735_444,4U 1735-444,91025-01-09-07,NS,0.9839211130943032,0.01607888690569681,logistic,grouped
4u_1735_444,4U 1735-444,91025-01-09-18,NS,0.9656891370055879,0.034310862994412106,logistic,grouped
4u_1735_444,4U 1735-444,91025-01-10-01,NS,0.9726658380898748,0.027334161910125165,logistic,grouped
4u_1735_444,4U 1735-444,91025-01-11-10,NS,0.9762117704329943,0.02378822956700566,logistic,grouped
4u_1735_444,4U 1735-444,91025-01-12-00,NS,0.9658685772950809,0.03413142270491909,logistic,grouped
4u_1735_444,4U 1735-444,91025-01-13-10,NS,0.9927613188527351,0.0072386811472648915,logistic,grouped
4u_1735_444,4U 1735-444,91025-01-16-09,NS,0.9970180320129278,0.002981967987072176,logistic,grouped
hete_j1900_1_2455,HETE J1900.1-2455,91057-01-03-01,NS,0.6873269352543957,0.3126730647456043,logistic,grouped
hete_j1900_1_2455,HETE J1900.1-2455,91057-01-05-04,NS,0.7049303028138946,0.29506969718610543,logistic,grouped
hete_j1900_1_2455,HETE J1900.1-2455,91057-01-08-00,NS,0.6904236048026478,0.30957639519735225,logistic,grouped
hete_j1900_1_2455,HETE J1900.1-2455,91057-01-11-00,NS,0.7319052516002823,0.2680947483997177,logistic,grouped
hete_j1900_1_2455,HETE J1900.1-2455,91059-03-03-00,NS,0.7014343077052042,0.2985656922947958,logistic,grouped
4u_1735_444,4U 1735-444,91152-06-01-10,NS,0.9872263654375678,0.01277363456243219,logistic,grouped
4u_1735_444,4U 1735-444,91152-06-02-00,NS,0.996699842211921,0.0033001577880790167,logistic,grouped
4u_1636_536,4U 1636-536,92023-01-42-10,NS,0.928010853949131,0.07198914605086904,logistic,grouped
4u_1636_536,4U 1636-536,92023-01-43-00,NS,0.9252683009154741,0.07473169908452593,logistic,grouped
4u_1636_536,4U 1636-536,92023-01-93-00,NS,0.9006337291920561,0.09936627080794391,logistic,grouped
4u_1636_536,4U 1636-536,92023-01-94-10,NS,0.9087874872124627,0.09121251278753728,logistic,grouped
4u_1636_536,4U 1636-536,92023-02-08-00,NS,0.6157293052982831,0.38427069470171693,logistic,grouped
hete_j1900_1_2455,HETE J1900.1-2455,92049-01-04-00,NS,0.6947140539959606,0.30528594600403935,logistic,grouped
hete_j1900_1_2455,HETE J1900.1-2455,92049-01-14-00,NS,0.7211032899443897,0.27889671005561034,logistic,grouped
hete_j1900_1_2455,HETE J1900.1-2455,92049-01-26-00,NS,0.66436113497771,0.33563886502229,logistic,grouped
hete_j1900_1_2455,HETE J1900.1-2455,92049-01-37-00,NS,0.6761544091648068,0.32384559083519315,logistic,grouped
hete_j1900_1_2455,HETE J1900.1-2455,92049-01-49-00,NS,0.8090261238288282,0.19097387617117179,logistic,grouped
hete_j1900_1_2455,HETE J1900.1-2455,93030-01-03-00,NS,0.7449308348639545,0.2550691651360455,logistic,grouped
hete_j1900_1_2455,HETE J1900.1-2455,93030-01-15-00,NS,0.772823317911074,0.22717668208892605,logistic,grouped
hete_j1900_1_2455,HETE J1900.1-2455,93030-01-25-01,NS,0.6024703716750316,0.3975296283249684,logistic,grouped
hete_j1900_1_2455,HETE J1900.1-2455,93030-01-37-00,NS,0.7275019908299228,0.27249800917007716,logistic,grouped
hete_j1900_1_2455,HETE J1900.1-2455,93030-01-48-00,NS,0.7057488541755241,0.29425114582447587,logistic,grouped
sax_j1750_8_2900,SAX J1750.8-2900,93044-08-02-00,NS,0.8621892423252968,0.1378107576747032,logistic,grouped
sax_j1750_8_2900,SAX J1750.8-2900,93044-08-05-00,NS,0.9002132866997056,0.09978671330029443,logistic,grouped
sax_j1750_8_2900,SAX J1750.8-2900,93044-08-08-01,NS,0.6963089811025823,0.3036910188974177,logistic,grouped
4u_1636_536,4U 1636-536,93087-01-36-10,NS,0.9403098566893265,0.05969014331067346,logistic,grouped
4u_1636_536,4U 1636-536,93087-01-36-20,NS,0.9231677501883002,0.07683224981169978,logistic,grouped
4u_1636_536,4U 1636-536,93087-01-41-00,NS,0.8493392652533469,0.1506607347466531,logistic,grouped
4u_1636_536,4U 1636-536,93087-01-83-10,NS,0.9314804220850796,0.06851957791492036,logistic,grouped
4u_1636_536,4U 1636-536,93087-01-87-00,NS,0.9321479945045121,0.06785200549548787,logistic,grouped
4u_1735_444,4U 1735-444,93200-01-01-04,NS,0.8750736008863963,0.1249263991136037,logistic,grouped
sax_j1750_8_2900,SAX J1750.8-2900,93432-01-01-01,NS,0.698104232495086,0.301895767504914,logistic,grouped
sax_j1750_8_2900,SAX J1750.8-2900,93432-01-02-00,NS,0.7678969229214546,0.23210307707854538,logistic,grouped
sax_j1750_8_2900,SAX J1750.8-2900,93432-01-02-05,NS,0.71217599553474,0.28782400446526,logistic,grouped
sax_j1750_8_2900,SAX J1750.8-2900,93432-01-03-01,NS,0.7390484164963181,0.26095158350368186,logistic,grouped
sax_j1750_8_2900,SAX J1750.8-2900,93432-01-03-05,NS,0.6867908279963384,0.3132091720036616,logistic,grouped
sax_j1750_8_2900,SAX J1750.8-2900,93432-01-04-02,NS,0.6737226435509773,0.32627735644902267,logistic,grouped
sax_j1750_8_2900,SAX J1750.8-2900,93432-01-05-02,NS,0.6115360210187027,0.38846397898129725,logistic,grouped
sax_j1750_8_2900,SAX J1750.8-2900,93432-01-06-00,NS,0.5766612178703843,0.42333878212961573,logistic,grouped
sax_j1750_8_2900,SAX J1750.8-2900,93432-01-06-03,NS,0.9222628037675221,0.07773719623247788,logistic,grouped
sax_j1750_8_2900,SAX J1750.8-2900,93432-01-07-00,NS,0.99661005035202,0.003389949647980006,logistic,grouped
sax_j1750_8_2900,SAX J1750.8-2900,93432-01-07-04,NS,0.9653131422154804,0.03468685778451963,logistic,grouped
sax_j1750_8_2900,SAX J1750.8-2900,93432-01-08-01,NS,0.9588188217009039,0.041181178299096066,logistic,grouped
sax_j1750_8_2900,SAX J1750.8-2900,93432-01-09-03,NS,0.9461598166623905,0.05384018333760954,logistic,grouped
sax_j1750_8_2900,SAX J1750.8-2900,93432-01-10-01,NS,0.9806965233079811,0.019303476692018928,logistic,grouped
sax_j1750_8_2900,SAX J1750.8-2900,93432-01-10-04,NS,0.9517201262852397,0.04827987371476028,logistic,grouped
sax_j1750_8_2900,SAX J1750.8-2900,93432-01-11-02,NS,0.9443212103333859,0.055678789666614104,logistic,grouped
sax_j1750_8_2900,SAX J1750.8-2900,93432-01-11-03,NS,0.9521462853650826,0.04785371463491739,logistic,grouped
sax_j1750_8_2900,SAX J1750.8-2900,93432-01-12-02,NS,0.8913552887205594,0.10864471127944064,logistic,grouped
sax_j1750_8_2900,SAX J1750.8-2900,93432-01-13-02,NS,0.8409585952123486,0.15904140478765139,logistic,grouped
sax_j1750_8_2900,SAX J1750.8-2900,93432-01-14-01,NS,0.7469009882672457,0.2530990117327543,logistic,grouped
sax_j1750_8_2900,SAX J1750.8-2900,93432-01-14-03,NS,0.6976016254466065,0.30239837455339347,logistic,grouped
sax_j1750_8_2900,SAX J1750.8-2900,93432-01-15-00,NS,0.7622541887559797,0.23774581124402028,logistic,grouped
sax_j1750_8_2900,SAX J1750.8-2900,93432-01-16-00,NS,0.7801049442731002,0.21989505572689982,logistic,grouped
sax_j1750_8_2900,SAX J1750.8-2900,93432-01-16-04,NS,0.7413769854560349,0.2586230145439651,logistic,grouped
sax_j1750_8_2900,SAX J1750.8-2900,93432-01-17-02,NS,0.7213633026119511,0.27863669738804886,logistic,grouped
hete_j1900_1_2455,HETE J1900.1-2455,93451-01-01-00,NS,0.6800006847956233,0.31999931520437674,logistic,grouped
hete_j1900_1_2455,HETE J1900.1-2455,94030-01-04-00,NS,0.855505124232269,0.144494875767731,logistic,grouped
hete_j1900_1_2455,HETE J1900.1-2455,94030-01-12-00,NS,0.8231093043770022,0.17689069562299775,logistic,grouped
hete_j1900_1_2455,HETE J1900.1-2455,94030-01-24-00,NS,0.7027547653128654,0.2972452346871346,logistic,grouped
hete_j1900_1_2455,HETE J1900.1-2455,94030-01-37-00,NS,0.6804614846079841,0.31953851539201594,logistic,grouped
4u_1636_536,4U 1636-536,94087-01-10-00,NS,0.8427622930502853,0.15723770694971473,logistic,grouped
4u_1636_536,4U 1636-536,94087-01-47-10,NS,0.9351127314760994,0.06488726852390059,logistic,grouped
4u_1636_536,4U 1636-536,94087-01-49-00,NS,0.8129308941923753,0.1870691058076247,logistic,grouped
4u_1636_536,4U 1636-536,94087-01-94-00,NS,0.8979220288823065,0.10207797111769346,logistic,grouped
hete_j1900_1_2455,HETE J1900.1-2455,95030-01-05-00,NS,0.8183672672800173,0.1816327327199827,logistic,grouped
hete_j1900_1_2455,HETE J1900.1-2455,95030-01-16-00,NS,0.8085575352772952,0.19144246472270476,logistic,grouped
hete_j1900_1_2455,HETE J1900.1-2455,95030-01-27-00,NS,0.7277932969152155,0.27220670308478445,logistic,grouped
hete_j1900_1_2455,HETE J1900.1-2455,95030-01-40-00,NS,0.6673506259951419,0.33264937400485806,logistic,grouped
4u_1636_536,4U 1636-536,95087-01-15-00,NS,0.6529336294438709,0.3470663705561291,logistic,grouped
4u_1636_536,4U 1636-536,95087-01-15-10,NS,0.7397190818956452,0.26028091810435483,logistic,grouped
4u_1636_536,4U 1636-536,95087-01-71-00,NS,0.5359983477373804,0.4640016522626196,logistic,grouped
hete_j1900_1_2455,HETE J1900.1-2455,96030-01-07-00,NS,0.66905756125462,0.33094243874538,logistic,grouped
hete_j1900_1_2455,HETE J1900.1-2455,96030-01-20-00,NS,0.6993161584788559,0.30068384152114414,logistic,grouped
hete_j1900_1_2455,HETE J1900.1-2455,96030-01-32-00,NS,0.680925294073585,0.31907470592641496,logistic,grouped
4u_1636_536,4U 1636-536,96087-01-25-00,NS,0.9241366966013013,0.07586330339869873,logistic,grouped
4u_1636_536,4U 1636-536,96087-01-28-10,NS,0.47864988876080516,0.5213501112391948,logistic,grouped
4u_1636_536,4U 1636-536,96087-01-77-00,NS,0.7594604281821586,0.24053957181784136,logistic,grouped
4u_1636_536,4U 1636-536,96087-01-84-10,NS,0.6277476668565541,0.37225233314344586,logistic,grouped
4u_1735_444,4U 1735-444,96325-01-01-03,NS,0.9942871106622087,0.005712889337791349,logistic,grouped
4u_1735_444,4U 1735-444,96331-01-01-00,NS,0.9878279860793883,0.012172013920611735,logistic,grouped
4u_1735_444,4U 1735-444,96331-01-03-02,NS,0.9993022944079538,0.0006977055920461828,logistic,grouped
4u_0614_09,4U 0614+09,10095-01-01-00,NS,0.7720146993048352,0.22798530069516476,logistic,grouped
4u_0614_09,4U 0614+09,20428-01-01-03,NS,0.7567905267745757,0.2432094732254243,logistic,grouped
4u_0614_09,4U 0614+09,30054-01-02-03,NS,0.792828089610777,0.207171910389223,logistic,grouped
4u_0614_09,4U 0614+09,40030-01-14-00,NS,0.8695611719220008,0.13043882807799922,logistic,grouped
xte_j1859_226,XTE J1859+226,40122-01-01-03,BH,0.07134420222557673,0.9286557977744233,logistic,grouped
xte_j1859_226,XTE J1859+226,40122-01-03-01,BH,0.5084416491728754,0.4915583508271246,logistic,grouped
xte_j1859_226,XTE J1859+226,40124-01-11-00,BH,0.1375219958346376,0.8624780041653624,logistic,grouped
xte_j1859_226,XTE J1859+226,40124-01-15-03,BH,0.10063122428207169,0.8993687757179283,logistic,grouped
xte_j1859_226,XTE J1859+226,40124-01-20-00,BH,0.1346986436352967,0.8653013563647033,logistic,grouped
xte_j1859_226,XTE J1859+226,40124-01-27-00,BH,0.06676607139062078,0.9332339286093793,logistic,grouped
xte_j1859_226,XTE J1859+226,40124-01-30-00,BH,0.0963539052383988,0.9036460947616012,logistic,grouped
xte_j1859_226,XTE J1859+226,40124-01-33-00,BH,0.16461795827281406,0.835382041727186,logistic,grouped
xte_j1859_226,XTE J1859+226,40124-01-35-02,BH,0.2634731136975951,0.7365268863024049,logistic,grouped
xte_j1859_226,XTE J1859+226,40124-01-36-00,BH,0.12461245191463508,0.8753875480853649,logistic,grouped
xte_j1859_226,XTE J1859+226,40124-01-38-00,BH,0.29649992350823506,0.7035000764917649,logistic,grouped
xte_j1859_226,XTE J1859+226,40124-01-40-01,BH,0.4989833124975193,0.5010166875024806,logistic,grouped
xte_j1859_226,XTE J1859+226,40124-01-46-00,BH,0.6141871029026484,0.38581289709735156,logistic,grouped
xte_j1859_226,XTE J1859+226,40124-01-49-00,BH,0.6868932564168512,0.3131067435831488,logistic,grouped
xte_j1859_226,XTE J1859+226,40124-01-51-00,BH,0.6997501622303487,0.3002498377696513,logistic,grouped
xte_j1859_226,XTE J1859+226,40124-01-52-02,BH,0.759564814477049,0.24043518552295096,logistic,grouped
xte_j1859_226,XTE J1859+226,40124-01-55-00,BH,0.7598110405436049,0.24018895945639507,logistic,grouped
xte_j1859_226,XTE J1859+226,40124-01-55-03,BH,0.7759694383341288,0.2240305616658712,logistic,grouped
xte_j1859_226,XTE J1859+226,40124-01-57-01,BH,0.7208979313697841,0.2791020686302159,logistic,grouped
xte_j1859_226,XTE J1859+226,40124-01-58-03,BH,0.6780230864167852,0.3219769135832148,logistic,grouped
xte_j1859_226,XTE J1859+226,40124-01-61-00,BH,0.7551630511721316,0.24483694882786844,logistic,grouped
xte_j1859_226,XTE J1859+226,40124-01-63-00,BH,0.7870658851298852,0.21293411487011482,logistic,grouped
4u_0614_09,4U 0614+09,40429-01-03-01,NS,0.7946424414049561,0.2053575585950439,logistic,grouped
4u_0614_09,4U 0614+09,40429-01-06-01,NS,0.8680749941501369,0.1319250058498631,logistic,grouped
xte_j1859_226,XTE J1859+226,40440-01-03-00,BH,0.8143047010589112,0.18569529894108883,logistic,grouped
4u_0614_09,4U 0614+09,50026-02-01-01,NS,0.7256891900621362,0.27431080993786383,logistic,grouped
4u_0614_09,4U 0614+09,50031-01-01-01,NS,0.7134471289575519,0.2865528710424481,logistic,grouped
4u_0614_09,4U 0614+09,50031-01-02-07,NS,0.7289440819617822,0.2710559180382178,logistic,grouped
4u_0614_09,4U 0614+09,50031-01-04-08,NS,0.684213919778295,0.31578608022170496,logistic,grouped
4u_0614_09,4U 0614+09,60424-01-02-01,NS,0.6841049600902172,0.31589503990978285,logistic,grouped
4u_1746_37,4U 1746-37,70050-01-01-00,NS,0.8825595455164781,0.11744045448352192,logistic,grouped
4u_1746_37,4U 1746-37,70050-01-01-01,NS,0.8845079494793971,0.11549205052060285,logistic,grouped
4u_1746_37,4U 1746-37,70050-01-01-03,NS,0.8765710112659346,0.12342898873406538,logistic,grouped
4u_1746_37,4U 1746-37,70050-01-01-04,NS,0.8879805927298151,0.11201940727018489,logistic,grouped
4u_1746_37,4U 1746-37,70050-01-01-05,NS,0.8769208540599879,0.12307914594001212,logistic,grouped
4u_1746_37,4U 1746-37,70050-01-01-06,NS,0.8761468064013057,0.12385319359869429,logistic,grouped
4u_1746_37,4U 1746-37,70050-01-01-07,NS,0.879879434987081,0.12012056501291901,logistic,grouped
4u_1746_37,4U 1746-37,70050-01-01-08,NS,0.8898155081321727,0.1101844918678273,logistic,grouped
4u_1746_37,4U 1746-37,70050-01-01-09,NS,0.894317046935984,0.10568295306401598,logistic,grouped
4u_1746_37,4U 1746-37,70050-01-01-10,NS,0.8822146992126689,0.11778530078733107,logistic,grouped
sax_j1808_4_3658,SAX J1808.4-3658,70080-01-02-03,NS,0.6000373112261962,0.3999626887738038,logistic,grouped
sax_j1808_4_3658,SAX J1808.4-3658,70080-01-02-13,NS,0.69899113783785,0.30100886216214995,logistic,grouped
sax_j1808_4_3658,SAX J1808.4-3658,70080-01-03-12,NS,0.7110873192842182,0.2889126807157818,logistic,grouped
sax_j1808_4_3658,SAX J1808.4-3658,70080-02-02-35,NS,0.8196829240995651,0.1803170759004349,logistic,grouped
sax_j1808_4_3658,SAX J1808.4-3658,70080-02-02-36,NS,0.8054534618921703,0.19454653810782974,logistic,grouped
sax_j1808_4_3658,SAX J1808.4-3658,70080-03-06-00,NS,0.8118452977957166,0.18815470220428343,logistic,grouped
sax_j1808_4_3658,SAX J1808.4-3658,70080-03-20-02,NS,0.8132998177021353,0.18670018229786467,logistic,grouped
sax_j1808_4_3658,SAX J1808.4-3658,70080-03-20-10,NS,0.8332988935964046,0.16670110640359537,logistic,grouped
4u_1543_475,4U 1543-475,70124-02-03-00,BH,0.6979485995112796,0.30205140048872037,logistic,grouped
4u_1543_475,4U 1543-475,70124-02-06-00,BH,0.6915030432539783,0.30849695674602173,logistic,grouped
4u_1543_475,4U 1543-475,70124-02-09-00,BH,0.7866633373797622,0.21333666262023776,logistic,grouped
4u_1543_475,4U 1543-475,70124-02-11-00,BH,0.8376919393749384,0.16230806062506165,logistic,grouped
4u_1543_475,4U 1543-475,70132-01-01-00,BH,0.007423712015275907,0.9925762879847241,logistic,grouped
4u_1543_475,4U 1543-475,70132-01-02-01,BH,0.19686691786146104,0.803133082138539,logistic,grouped
4u_1543_475,4U 1543-475,70133-01-01-00,BH,0.12317541833214873,0.8768245816678513,logistic,grouped
4u_1543_475,4U 1543-475,70133-01-05-00,BH,0.06413120530213168,0.9358687946978683,logistic,grouped
4u_1543_475,4U 1543-475,70133-01-10-00,BH,0.21874252200658975,0.7812574779934103,logistic,grouped
4u_1543_475,4U 1543-475,70133-01-16-00,BH,0.2620551154116061,0.7379448845883939,logistic,grouped
4u_1543_475,4U 1543-475,70133-01-20-00,BH,0.6546596470809276,0.3453403529190724,logistic,grouped
4u_1543_475,4U 1543-475,70133-01-23-00,BH,0.7342052160499319,0.26579478395006806,logistic,grouped
4u_1543_475,4U 1543-475,70133-01-25-01,BH,0.7490044628614388,0.25099553713856115,logistic,grouped
4u_1543_475,4U 1543-475,70133-01-26-01,BH,0.7565111963246626,0.24348880367533743,logistic,grouped
4u_1543_475,4U 1543-475,70133-01-28-00,BH,0.7831266398127381,0.2168733601872619,logistic,grouped
4u_1543_475,4U 1543-475,70133-01-31-00,BH,0.7558726699004698,0.24412733009953025,logistic,grouped
4u_0614_09,4U 0614+09,80037-01-09-08,NS,0.7439711192969894,0.25602888070301055,logistic,grouped
4u_0614_09,4U 0614+09,80051-02-01-02,NS,0.8465501197413994,0.15344988025860062,logistic,grouped
4u_0614_09,4U 0614+09,80414-01-02-00,NS,0.7615697756241286,0.23843022437587136,logistic,grouped
4u_0614_09,4U 0614+09,80414-01-05-02,NS,0.8047053312706186,0.1952946687293814,logistic,grouped
4u_1746_37,4U 1746-37,90044-01-01-00,NS,0.8677234342208564,0.1322765657791436,logistic,grouped
4u_1746_37,4U 1746-37,90044-01-01-01,NS,0.8571995996472022,0.14280040035279784,logistic,grouped
4u_1746_37,4U 1746-37,90044-01-02-00,NS,0.8570075597978603,0.14299244020213975,logistic,grouped
4u_1746_37,4U 1746-37,90044-01-02-01,NS,0.873411354571072,0.126588645428928,logistic,grouped
4u_1746_37,4U 1746-37,90044-01-03-00,NS,0.8709704790148664,0.12902952098513365,logistic,grouped
4u_1746_37,4U 1746-37,90044-01-04-00,NS,0.7574628250510291,0.24253717494897087,logistic,grouped
igr_j00291_5934,IGR J00291+5934,90052-03-01-00,NS,0.5894523210374272,0.4105476789625728,logistic,grouped
4u_0614_09,4U 0614+09,90422-01-01-02,NS,0.7769610961412176,0.22303890385878244,logistic,grouped
igr_j00291_5934,IGR J00291+5934,90425-01-01-13,NS,0.7563859503897459,0.24361404961025412,logistic,grouped
igr_j00291_5934,IGR J00291+5934,90425-01-02-14,NS,0.8072840041075905,0.1927159958924095,logistic,grouped
4u_1746_37,4U 1746-37,91037-15-01-00,NS,0.829709243093367,0.17029075690663298,logistic,grouped
sax_j1808_4_3658,SAX J1808.4-3658,91056-01-02-01,NS,0.6446640634065056,0.3553359365934944,logistic,grouped
sax_j1808_4_3658,SAX J1808.4-3658,91056-01-03-09,NS,0.7450984037280514,0.25490159627194864,logistic,grouped
sax_j1808_4_3658,SAX J1808.4-3658,91418-01-03-01,NS,0.8145701891256933,0.18542981087430666,logistic,grouped
4u_0614_09,4U 0614+09,91425-01-04-02,NS,0.8007194303831899,0.19928056961681007,logistic,grouped
4u_0614_09,4U 0614+09,92411-01-01-02,NS,0.785129654478114,0.214870345521886,logistic,grouped
4u_0614_09,4U 0614+09,92411-01-07-02,NS,0.8004868320156499,0.19951316798435015,logistic,grouped
4u_0614_09,4U 0614+09,92411-01-10-00,NS,0.7587479411853232,0.24125205881467682,logistic,grouped
igr_j00291_5934,IGR J00291+5934,93013-07-06-02,NS,0.8157719072823666,0.1842280927176334,logistic,grouped
igr_j00291_5934,IGR J00291+5934,93013-07-18-00,NS,0.7969116852010557,0.2030883147989443,logistic,grouped
sax_j1808_4_3658,SAX J1808.4-3658,93027-01-02-00,NS,0.6465160868407405,0.35348391315925953,logistic,grouped
4u_0614_09,4U 0614+09,93404-01-02-00,NS,0.7931076027760624,0.2068923972239376,logistic,grouped
4u_0614_09,4U 0614+09,93404-01-07-00,NS,0.7782905647480123,0.22170943525198772,logistic,grouped
4u_0614_09,4U 0614+09,93404-01-11-02,NS,0.7639925561388831,0.23600744386111694,logistic,grouped
4u_0614_09,4U 0614+09,93404-01-14-00,NS,0.7810493387387424,0.21895066126125762,logistic,grouped
4u_0614_09,4U 0614+09,93404-01-21-00,NS,0.7849174004341744,0.21508259956582565,logistic,grouped
4u_0614_09,4U 0614+09,94404-01-07-00,NS,0.7605058331323997,0.23949416686760028,logistic,grouped
4u_0614_09,4U 0614+09,95404-01-01-01,NS,0.7941619681187742,0.20583803188122585,logistic,grouped
4u_0614_09,4U 0614+09,95404-01-09-02,NS,0.7429476871589976,0.2570523128410024,logistic,grouped
sax_j1808_4_3658,SAX J1808.4-3658,96027-01-01-00,NS,0.5949909136869113,0.40500908631308874,logistic,grouped
sax_j1808_4_3658,SAX J1808.4-3658,96027-01-02-07,NS,0.811683950866158,0.18831604913384203,logistic,grouped
4u_0614_09,4U 0614+09,96307-01-04-00,NS,0.8151943779234682,0.18480562207653184,logistic,grouped
4u_0614_09,4U 0614+09,96307-01-10-00,NS,0.8954966768799295,0.10450332312007049,logistic,grouped
4u_0614_09,4U 0614+09,96404-01-02-00,NS,0.7742501273450811,0.22574987265491886,logistic,grouped
4u_1608_522,4U 1608-522,10093-01-01-01,NS,0.7355924607663771,0.2644075392336229,logistic,grouped
cyg_x_2,Cyg X-2,20053-04-01-01,NS,0.6470704765454202,0.35292952345457984,logistic,grouped
4u_1702_429,4U 1702-429,20084-02-01-00,NS,0.7553497625111655,0.24465023748883452,logistic,grouped
4u_1702_429,4U 1702-429,20084-02-01-03,NS,0.7605623717604382,0.23943762823956183,logistic,grouped
4u_1702_429,4U 1702-429,20084-02-02-01,NS,0.7556222790196429,0.24437772098035715,logistic,grouped
slx_1735_269,SLX 1735-269,20089-02-01-00,NS,0.737695733171962,0.262304266828038,logistic,grouped
slx_1735_269,SLX 1735-269,20170-03-01-00,NS,0.7553165989573023,0.2446834010426977,logistic,grouped
slx_1735_269,SLX 1735-269,20170-03-03-00,NS,0.7397431454170618,0.26025685458293824,logistic,grouped
slx_1735_269,SLX 1735-269,20170-03-06-00,NS,0.7417274142743224,0.2582725857256776,logistic,grouped
slx_1735_269,SLX 1735-269,20170-03-08-00,NS,0.7601390541772415,0.23986094582275852,logistic,grouped
slx_1735_269,SLX 1735-269,20170-03-11-00,NS,0.745236886903675,0.25476311309632504,logistic,grouped
cyg_x_2,Cyg X-2,30046-01-03-00,NS,0.597040355053406,0.402959644946594,logistic,grouped
4u_1608_522,4U 1608-522,30062-02-01-05,NS,0.6480855483039862,0.35191445169601376,logistic,grouped
cyg_x_2,Cyg X-2,40017-02-02-02,NS,0.6157521060005747,0.38424789399942527,logistic,grouped
cyg_x_2,Cyg X-2,40017-02-12-00,NS,0.6299236808217392,0.3700763191782608,logistic,grouped
cyg_x_2,Cyg X-2,40017-02-16-06,NS,0.6152455629341904,0.3847544370658096,logistic,grouped
cyg_x_2,Cyg X-2,40019-04-04-00,NS,0.672902705671675,0.327097294328325,logistic,grouped
4u_1702_429,4U 1702-429,40025-04-01-01,NS,0.7171311963269937,0.28286880367300626,logistic,grouped
4u_1702_429,4U 1702-429,40025-04-02-00,NS,0.6935180213991333,0.3064819786008667,logistic,grouped
4u_1702_429,4U 1702-429,40025-04-03-01,NS,0.7088107619103965,0.2911892380896035,logistic,grouped
4u_1702_429,4U 1702-429,40025-04-03-03,NS,0.7571387136406726,0.24286128635932736,logistic,grouped
4u_1608_522,4U 1608-522,40437-01-01-01,NS,0.6559759772747905,0.3440240227252095,logistic,grouped
4u_1702_429,4U 1702-429,50025-01-01-01,NS,0.6762282096537078,0.3237717903462922,logistic,grouped
4u_1702_429,4U 1702-429,50025-01-01-05,NS,0.6773202489902089,0.32267975100979107,logistic,grouped
4u_1702_429,4U 1702-429,50025-01-01-07,NS,0.6902750556916377,0.3097249443083623,logistic,grouped
4u_1702_429,4U 1702-429,50030-01-01-03,NS,0.7596326627274973,0.2403673372725027,logistic,grouped
4u_1702_429,4U 1702-429,50030-01-01-05,NS,0.7584241146660373,0.24157588533396268,logistic,grouped
4u_1702_429,4U 1702-429,50030-01-01-07,NS,0.7477133275739888,0.2522866724260112,logistic,grouped
4u_1702_429,4U 1702-429,50030-01-02-00,NS,0.7530688443622828,0.24693115563771717,logistic,grouped
4u_1702_429,4U 1702-429,50030-01-03-02,NS,0.6443705329042986,0.3556294670957014,logistic,grouped
4u_1702_429,4U 1702-429,50030-01-05-00,NS,0.6152366825965869,0.3847633174034131,logistic,grouped
4u_1702_429,4U 1702-429,50030-01-06-00,NS,0.7254733982937591,0.2745266017062409,logistic,grouped
4u_1702_429,4U 1702-429,50030-01-07-00,NS,0.7322711556321465,0.2677288443678535,logistic,grouped
4u_1702_429,4U 1702-429,50030-01-09-01,NS,0.6839997467841177,0.3160002532158823,logistic,grouped
4u_1702_429,4U 1702-429,50030-01-09-02,NS,0.6863567481975595,0.31364325180244046,logistic,grouped
4u_1702_429,4U 1702-429,50030-01-09-04,NS,0.6812346273013766,0.3187653726986234,logistic,grouped
4u_1702_429,4U 1702-429,50030-01-10-00,NS,0.6326810491752789,0.3673189508247211,logistic,grouped
4u_1702_429,4U 1702-429,50030-01-10-02,NS,0.6202139051421088,0.37978609485789117,logistic,grouped
4u_1702_429,4U 1702-429,50030-01-11-01,NS,0.7540308984265272,0.24596910157347285,logistic,grouped
4u_1702_429,4U 1702-429,50030-01-11-02,NS,0.7493470940371523,0.2506529059628477,logistic,grouped
4u_1702_429,4U 1702-429,50030-01-13-01,NS,0.6549963608262591,0.3450036391737409,logistic,grouped
4u_1702_429,4U 1702-429,50030-01-14-02,NS,0.7496468057562008,0.2503531942437992,logistic,grouped
4u_1702_429,4U 1702-429,50030-01-14-03,NS,0.759249728680294,0.24075027131970606,logistic,grouped
4u_1608_522,4U 1608-522,50052-01-23-00,NS,0.7661211014741232,0.23387889852587684,logistic,grouped
slx_1735_269,SLX 1735-269,60034-01-01-03,NS,0.7396316654596897,0.2603683345403103,logistic,grouped
slx_1735_269,SLX 1735-269,60034-01-01-05,NS,0.7350397333060462,0.2649602666939538,logistic,grouped
slx_1735_269,SLX 1735-269,60034-01-02-03,NS,0.7333999806753244,0.2666000193246756,logistic,grouped
slx_1735_269,SLX 1735-269,60034-01-03-00,NS,0.7601646538307008,0.23983534616929925,logistic,grouped
4u_1608_522,4U 1608-522,60052-02-04-03,NS,0.6898683330015749,0.3101316669984251,logistic,grouped
cyg_x_2,Cyg X-2,60417-01-01-00,NS,0.6550673030009722,0.34493269699902784,logistic,grouped
cyg_x_2,Cyg X-2,70014-02-02-00,NS,0.5859113731511482,0.41408862684885184,logistic,grouped
cyg_x_2,Cyg X-2,70018-03-03-00,NS,0.624491057717086,0.375508942282914,logistic,grouped
4u_1608_522,4U 1608-522,70058-01-22-00,NS,0.6213835902954199,0.3786164097045801,logistic,grouped
4u_1608_522,4U 1608-522,70058-01-37-00,NS,0.717392578649837,0.28260742135016304,logistic,grouped
4u_1608_522,4U 1608-522,70069-01-03-01,NS,0.7405419650570281,0.2594580349429719,logistic,grouped
slx_1735_269,SLX 1735-269,70134-08-01-00,NS,0.756330194249321,0.24366980575067898,logistic,grouped
v4641_sgr,V4641 Sgr,80054-08-01-00,BH,0.37143979163713853,0.6285602083628614,logistic,grouped
v4641_sgr,V4641 Sgr,80054-08-01-01,BH,0.21166535909789036,0.7883346409021097,logistic,grouped
v4641_sgr,V4641 Sgr,80054-08-02-00,BH,0.6482547770591472,0.35174522294085275,logistic,grouped
slx_1735_269,SLX 1735-269,80138-03-01-00,NS,0.7699140025202804,0.23008599747971958,logistic,grouped
slx_1735_269,SLX 1735-269,80138-03-04-00,NS,0.7413558753194911,0.2586441246805089,logistic,grouped
slx_1735_269,SLX 1735-269,80138-03-06-00,NS,0.7653995442429986,0.2346004557570014,logistic,grouped
slx_1735_269,SLX 1735-269,80138-03-07-02,NS,0.7642617341594911,0.23573826584050894,logistic,grouped
slx_1735_269,SLX 1735-269,80138-03-08-00,NS,0.7469400935032029,0.2530599064967971,logistic,grouped
4u_1608_522,4U 1608-522,80406-01-04-07,NS,0.7158289073575913,0.2841710926424087,logistic,grouped
1a_1744_361,1A 1744-361,80431-01-02-01,NS,0.7492668782701699,0.2507331217298301,logistic,grouped
1a_1744_361,1A 1744-361,80431-01-02-03,NS,0.7426561592736991,0.2573438407263009,logistic,grouped
1a_1744_361,1A 1744-361,80431-01-02-04,NS,0.7449003333227749,0.25509966667722506,logistic,grouped
1a_1744_361,1A 1744-361,80431-01-02-05,NS,0.7407498833233509,0.2592501166766491,logistic,grouped
1a_1744_361,1A 1744-361,80431-01-03-00,NS,0.7410677522467289,0.25893224775327106,logistic,grouped
1a_1744_361,1A 1744-361,80431-01-03-02,NS,0.7286055302821172,0.27139446971788284,logistic,grouped
cyg_x_2,Cyg X-2,90030-01-03-10,NS,0.6596004023287323,0.3403995976712677,logistic,grouped
cyg_x_2,Cyg X-2,90030-01-08-00,NS,0.6029468014919227,0.3970531985080773,logistic,grouped
cyg_x_2,Cyg X-2,90030-01-24-00,NS,0.6263594311525678,0.37364056884743224,logistic,grouped
cyg_x_2,Cyg X-2,90030-01-41-00,NS,0.6771198316174971,0.3228801683825029,logistic,grouped
cyg_x_2,Cyg X-2,90030-01-53-00,NS,0.5717492688771184,0.4282507311228816,logistic,grouped
cyg_x_2,Cyg X-2,90030-01-67-00,NS,0.7039638804991892,0.29603611950081077,logistic,grouped
cyg_x_2,Cyg X-2,90030-01-81-00,NS,0.616146108667461,0.383853891332539,logistic,grouped
cyg_x_2,Cyg X-2,90030-01-95-00,NS,0.6206664061564362,0.3793335938435638,logistic,grouped
1a_1744_361,1A 1744-361,90058-04-02-00,NS,0.7301752306669846,0.26982476933301536,logistic,grouped
slx_1735_269,SLX 1735-269,90058-05-01-02,NS,0.7649819701913221,0.23501802980867792,logistic,grouped
slx_1735_269,SLX 1735-269,90058-05-01-04,NS,0.7666467403032694,0.2333532596967306,logistic,grouped
cyg_x_2,Cyg X-2,91009-01-06-00,NS,0.6003311166922554,0.39966888330774464,logistic,grouped
cyg_x_2,Cyg X-2,91009-01-24-00,NS,0.6479770349224663,0.3520229650775337,logistic,grouped
cyg_x_2,Cyg X-2,91009-01-38-00,NS,0.6875836346038305,0.31241636539616946,logistic,grouped
cyg_x_2,Cyg X-2,91010-01-01-05,NS,0.6920817421947859,0.3079182578052141,logistic,grouped
1a_1744_361,1A 1744-361,91050-05-02-00,NS,0.7492628059288985,0.2507371940711015,logistic,grouped
1a_1744_361,1A 1744-361,91050-05-03-00,NS,0.7456160630881674,0.2543839369118326,logistic,grouped
4u_1608_522,4U 1608-522,91405-01-27-00,NS,0.6440321603537815,0.3559678396462185,logistic,grouped
4u_1608_522,4U 1608-522,91405-01-41-00,NS,0.6566112901071984,0.34338870989280157,logistic,grouped
v4641_sgr,V4641 Sgr,91422-01-01-00,BH,0.6885526945378793,0.31144730546212074,logistic,grouped
cyg_x_2,Cyg X-2,92038-01-05-01,NS,0.7177504061829216,0.28224959381707837,logistic,grouped
cyg_x_2,Cyg X-2,92038-01-10-02,NS,0.636256015644528,0.36374398435547195,logistic,grouped
cyg_x_2,Cyg X-2,92039-01-02-03,NS,0.6457589401387044,0.3542410598612956,logistic,grouped
slx_1735_269,SLX 1735-269,92052-02-01-00,NS,0.7649759856722191,0.23502401432778086,logistic,grouped
4u_1608_522,4U 1608-522,92401-01-11-03,NS,0.6864764752967172,0.3135235247032828,logistic,grouped
cyg_x_2,Cyg X-2,93082-02-04-02,NS,0.6795652477371388,0.3204347522628612,logistic,grouped
1a_1744_361,1A 1744-361,93155-01-01-00,NS,0.7522834137699975,0.24771658623000248,logistic,grouped
1a_1744_361,1A 1744-361,93155-01-02-00,NS,0.7322541874814519,0.2677458125185481,logistic,grouped
1a_1744_361,1A 1744-361,93155-01-02-01,NS,0.7487526602075132,0.2512473397924868,logistic,grouped
1a_1744_361,1A 1744-361,93155-01-03-01,NS,0.7487403900983971,0.2512596099016029,logistic,grouped
1a_1744_361,1A 1744-361,93155-01-03-02,NS,0.7497647398206572,0.25023526017934283,logistic,grouped
1a_1744_361,1A 1744-361,93155-01-03-03,NS,0.7534652657568299,0.24653473424317007,logistic,grouped
1a_1744_361,1A 1744-361,93155-01-06-01,NS,0.7476006053051789,0.2523993946948211,logistic,grouped
1a_1744_361,1A 1744-361,93155-01-06-02,NS,0.7535818452394739,0.2464181547605261,logistic,grouped
1a_1744_361,1A 1744-361,93155-01-07-00,NS,0.7464141580020784,0.25358584199792156,logistic,grouped
1a_1744_361,1A 1744-361,93155-01-07-02,NS,0.753793658759192,0.24620634124080798,logistic,grouped
1a_1744_361,1A 1744-361,93155-01-08-00,NS,0.7595451846991286,0.24045481530087143,logistic,grouped
1a_1744_361,1A 1744-361,93155-01-08-02,NS,0.7528889506827051,0.24711104931729488,logistic,grouped
1a_1744_361,1A 1744-361,93155-01-09-00,NS,0.7586081958718494,0.24139180412815064,logistic,grouped
4u_1608_522,4U 1608-522,93408-01-11-00,NS,0.7085887897287055,0.29141121027129446,logistic,grouped
4u_1608_522,4U 1608-522,93408-01-19-01,NS,0.6150260176987197,0.3849739823012803,logistic,grouped
4u_1608_522,4U 1608-522,93408-01-22-06,NS,0.7251614006022106,0.27483859939778943,logistic,grouped
4u_1608_522,4U 1608-522,93408-01-26-03,NS,0.6064496575288704,0.39355034247112963,logistic,grouped
4u_1608_522,4U 1608-522,93408-01-32-04,NS,0.4948603602015765,0.5051396397984236,logistic,grouped
4u_1608_522,4U 1608-522,93408-01-42-05,NS,0.6254438190337938,0.37455618096620624,logistic,grouped
4u_1608_522,4U 1608-522,93408-01-52-02,NS,0.7279775744054561,0.2720224255945439,logistic,grouped
4u_1608_522,4U 1608-522,93408-01-66-01,NS,0.7195382807922616,0.28046171920773844,logistic,grouped
cyg_x_2,Cyg X-2,93443-01-01-13,NS,0.6756113037094581,0.3243886962905419,logistic,grouped
slx_1735_269,SLX 1735-269,94044-05-01-00,NS,0.7580196050938272,0.24198039490617285,logistic,grouped
4u_1608_522,4U 1608-522,94401-01-01-01,NS,0.7056385107095433,0.2943614892904567,logistic,grouped
4u_1608_522,4U 1608-522,94401-01-18-00,NS,0.6219659857825793,0.37803401421742067,logistic,grouped
4u_1608_522,4U 1608-522,94401-01-34-00,NS,0.743285349745864,0.256714650254136,logistic,grouped
4u_1702_429,4U 1702-429,94415-01-01-01,NS,0.7431219725406607,0.2568780274593393,logistic,grouped
4u_1702_429,4U 1702-429,94415-01-02-01,NS,0.7509371290687097,0.24906287093129031,logistic,grouped
4u_1608_522,4U 1608-522,95334-01-03-00,NS,0.6895938198160088,0.31040618018399124,logistic,grouped
cyg_x_2,Cyg X-2,95345-01-32-00,NS,0.6302068006643428,0.36979319933565724,logistic,grouped
cyg_x_2,Cyg X-2,95345-01-42-00,NS,0.648657844373959,0.351342155626041,logistic,grouped
1a_1744_361,1A 1744-361,95416-01-01-00,NS,0.7694574455925237,0.23054255440747629,logistic,grouped
1a_1744_361,1A 1744-361,95416-01-01-02,NS,0.764989495668145,0.235010504331855,logistic,grouped
1a_1744_361,1A 1744-361,95416-01-02-00,NS,0.7572840468111711,0.24271595318882888,logistic,grouped
1a_1744_361,1A 1744-361,95416-01-02-02,NS,0.7590702136407667,0.24092978635923334,logistic,grouped
v4641_sgr,V4641 Sgr,95436-01-01-00,BH,0.7651774159590393,0.23482258404096068,logistic,grouped
4u_1608_522,4U 1608-522,96423-01-13-01,NS,0.6396922178580677,0.36030778214193226,logistic,grouped
4u_1608_522,4U 1608-522,96423-01-26-01,NS,0.6693898920823628,0.33061010791763723,logistic,grouped
4u_1608_522,4U 1608-522,96423-01-39-02,NS,0.6619773339492485,0.3380226660507515,logistic,grouped
slx_1735_269,SLX 1735-269,96429-01-02-00,NS,0.754880814914863,0.24511918508513697,logistic,grouped
slx_1735_269,SLX 1735-269,96429-01-02-02,NS,0.7534265068798432,0.24657349312015675,logistic,grouped
slx_1735_269,SLX 1735-269,96429-01-04-00,NS,0.7551215653087604,0.2448784346912396,logistic,grouped
slx_1735_269,SLX 1735-269,96429-01-05-00,NS,0.7542631051563544,0.24573689484364558,logistic,grouped
slx_1735_269,SLX 1735-269,96429-01-06-02,NS,0.750970428378987,0.24902957162101302,logistic,grouped
slx_1735_269,SLX 1735-269,96429-01-07-00,NS,0.7480485149505901,0.2519514850494099,logistic,grouped
slx_1735_269,SLX 1735-269,96429-01-08-01,NS,0.7445780164747844,0.2554219835252156,logistic,grouped
slx_1735_269,SLX 1735-269,96429-01-08-03,NS,0.7474813501437969,0.2525186498562031,logistic,grouped
1a_1744_361,1A 1744-361,96437-01-02-00,NS,0.7524762509381892,0.24752374906181085,logistic,grouped
gx_339_4,GX 339-4,10420-01-01-00,BH,0.3101565574999171,0.6898434425000829,logistic,grouped
aql_x_1,Aql X-1,20092-01-02-02,NS,0.8965119572194107,0.10348804278058932,logistic,grouped
aql_x_1,Aql X-1,20092-01-04-00,NS,0.9049367115921731,0.09506328840782685,logistic,grouped
aql_x_1,Aql X-1,20098-03-01-00,NS,0.9192673369054941,0.08073266309450589,logistic,grouped
aql_x_1,Aql X-1,30073-05-01-00,NS,0.9330846627016307,0.06691533729836929,logistic,grouped
aql_x_1,Aql X-1,30188-03-02-00,NS,0.9202800118459953,0.07971998815400472,logistic,grouped
gx_339_4,GX 339-4,40031-03-03-00,BH,0.5068792832702648,0.49312071672973523,logistic,grouped
aql_x_1,Aql X-1,40033-10-02-07,NS,0.7902392757730157,0.20976072422698433,logistic,grouped
aql_x_1,Aql X-1,40047-03-03-00,NS,0.8853582577769826,0.11464174222301737,logistic,grouped
gx_339_4,GX 339-4,40108-01-04-00,BH,0.6763506886331234,0.3236493113668766,logistic,grouped
aql_x_1,Aql X-1,40432-01-04-00,NS,0.7082306338927609,0.29176936610723914,logistic,grouped
aql_x_1,Aql X-1,50049-01-05-01,NS,0.9811481506003626,0.018851849399637355,logistic,grouped
aql_x_1,Aql X-1,50049-02-08-03,NS,0.9547250363411025,0.045274963658897494,logistic,grouped
aql_x_1,Aql X-1,50049-02-15-04,NS,0.8863951093957007,0.11360489060429935,logistic,grouped
xte_j1118_480,XTE J1118+480,50133-01-04-00,BH,0.6862628698965,0.3137371301035,logistic,grouped
xte_j1118_480,XTE J1118+480,50133-01-05-00,BH,0.7054795704670412,0.29452042953295876,logistic,grouped
xte_j1118_480,XTE J1118+480,50133-01-06-00,BH,0.7307044418294725,0.2692955581705275,logistic,grouped
xte_j1118_480,XTE J1118+480,50137-01-01-00,BH,0.7036748994290659,0.2963251005709341,logistic,grouped
xte_j1118_480,XTE J1118+480,50137-01-04-00,BH,0.6535285976846498,0.34647140231535023,logistic,grouped
xte_j1118_480,XTE J1118+480,50407-01-01-00,BH,0.6573115309142452,0.3426884690857548,logistic,grouped
xte_j1118_480,XTE J1118+480,50407-01-02-00,BH,0.635388479718972,0.36461152028102795,logistic,grouped
xte_j1118_480,XTE J1118+480,50407-01-02-02,BH,0.6338217156199234,0.3661782843800766,logistic,grouped
xte_j1118_480,XTE J1118+480,50407-01-03-01,BH,0.5284444328935596,0.4715555671064404,logistic,grouped
xte_j1118_480,XTE J1118+480,50407-01-05-01,BH,0.6016238440039458,0.39837615599605425,logistic,grouped
xte_j1118_480,XTE J1118+480,50407-01-06-00,BH,0.6619022216526148,0.3380977783473852,logistic,grouped
xte_j1118_480,XTE J1118+480,50407-01-10-01,BH,0.6626228399621539,0.3373771600378461,logistic,grouped
xte_j1118_480,XTE J1118+480,50407-01-15-00,BH,0.8399463638042577,0.1600536361957423,logistic,grouped
aql_x_1,Aql X-1,60054-02-01-04,NS,0.6499216335333102,0.35007836646668977,logistic,grouped
gx_339_4,GX 339-4,60705-01-56-00,BH,0.8121991023044319,0.18780089769556807,logistic,grouped
gx_339_4,GX 339-4,60705-01-69-00,BH,0.07289212148510983,0.9271078785148902,logistic,grouped
gx_339_4,GX 339-4,60705-01-80-00,BH,0.7232748851642684,0.2767251148357316,logistic,grouped
aql_x_1,Aql X-1,70069-03-02-03,NS,0.9052554533499664,0.09474454665003362,logistic,grouped
aql_x_1,Aql X-1,70069-03-04-08,NS,0.8254734852533543,0.1745265147466457,logistic,grouped
gx_339_4,GX 339-4,70109-01-28-00,BH,0.8254955869375459,0.17450441306245412,logistic,grouped
gx_339_4,GX 339-4,80102-04-57-01,BH,0.7826322281858484,0.21736777181415157,logistic,grouped
gx_339_4,GX 339-4,80132-01-15-00,BH,0.2011958239972747,0.7988041760027254,logistic,grouped
xte_j1118_480,XTE J1118+480,90011-01-01-01,BH,0.7890302321500751,0.21096976784992494,logistic,grouped
xte_j1118_480,XTE J1118+480,90011-01-01-02,BH,0.7764649657464671,0.22353503425353294,logistic,grouped
xte_j1118_480,XTE J1118+480,90011-01-01-05,BH,0.8040165308295828,0.1959834691704172,logistic,grouped
xte_j1118_480,XTE J1118+480,90011-01-01-09,BH,0.7949684563763414,0.2050315436236586,logistic,grouped
xte_j1118_480,XTE J1118+480,90011-01-01-13,BH,0.8256589824797784,0.17434101752022158,logistic,grouped
aql_x_1,Aql X-1,90017-01-07-00,NS,0.42310621535452225,0.5768937846454778,logistic,grouped
gx_339_4,GX 339-4,90019-01-02-00,BH,0.4063167274575819,0.5936832725424182,logistic,grouped
4u_1254_69,4U 1254-69,90036-01-01-00,NS,0.8820555476639996,0.11794445233600037,logistic,grouped
4u_1254_69,4U 1254-69,90036-01-01-01,NS,0.8749781427166244,0.12502185728337556,logistic,grouped
4u_1254_69,4U 1254-69,90036-01-01-02,NS,0.8701107564437567,0.12988924355624332,logistic,grouped
4u_1254_69,4U 1254-69,90036-01-01-03,NS,0.879910211777595,0.12008978822240501,logistic,grouped
4u_1254_69,4U 1254-69,90036-01-02-00,NS,0.8799010301234825,0.12009896987651747,logistic,grouped
4u_1254_69,4U 1254-69,90036-01-02-01,NS,0.8960742778511326,0.10392572214886742,logistic,grouped
xte_j1118_480,XTE J1118+480,90111-01-02-02,BH,0.8228412070528666,0.17715879294713344,logistic,grouped
xte_j1118_480,XTE J1118+480,90111-01-02-06,BH,0.8529069039811208,0.1470930960188792,logistic,grouped
xte_j1118_480,XTE J1118+480,90111-01-02-11,BH,0.8541210561861636,0.14587894381383637,logistic,grouped
xte_j1118_480,XTE J1118+480,90111-01-03-02,BH,0.8609395340456001,0.13906046595439991,logistic,grouped
aql_x_1,Aql X-1,90403-01-01-00,NS,0.5148928069974276,0.48510719300257243,logistic,grouped
aql_x_1,Aql X-1,91028-01-01-00,NS,0.6235331164697735,0.3764668835302265,logistic,grouped
aql_x_1,Aql X-1,91028-01-22-00,NS,0.5298745220277055,0.47012547797229454,logistic,grouped
gx_339_4,GX 339-4,91105-04-08-00,BH,0.8409880990702135,0.15901190092978645,logistic,grouped
aql_x_1,Aql X-1,91414-01-09-07,NS,0.789334880839075,0.210665119160925,logistic,grouped
aql_x_1,Aql X-1,92034-01-05-06,NS,0.80408135893472,0.19591864106528,logistic,grouped
gx_339_4,GX 339-4,92035-01-02-06,BH,0.00018812784203392006,0.9998118721579661,logistic,grouped
gx_339_4,GX 339-4,92085-02-01-00,BH,0.696975093097279,0.303024906902721,logistic,grouped
gx_339_4,GX 339-4,92704-03-11-00,BH,0.7765441710337435,0.2234558289662565,logistic,grouped
gx_339_4,GX 339-4,92704-03-32-00,BH,0.8131992943406011,0.18680070565939888,logistic,grouped
sax_j1810_8_2609,SAX J1810.8-2609,93044-02-01-00,NS,0.8495113425188862,0.15048865748111384,logistic,grouped
sax_j1810_8_2609,SAX J1810.8-2609,93044-02-02-00,NS,0.842105230999445,0.157894769000555,logistic,grouped
sax_j1810_8_2609,SAX J1810.8-2609,93044-02-03-00,NS,0.8143402208789153,0.18565977912108467,logistic,grouped
sax_j1810_8_2609,SAX J1810.8-2609,93044-02-04-00,NS,0.7786916433098046,0.22130835669019544,logistic,grouped
sax_j1810_8_2609,SAX J1810.8-2609,93044-02-06-00,NS,0.7362069207706893,0.2637930792293107,logistic,grouped
sax_j1810_8_2609,SAX J1810.8-2609,93044-02-06-01,NS,0.752045496762696,0.24795450323730395,logistic,grouped
sax_j1810_8_2609,SAX J1810.8-2609,93044-02-07-00,NS,0.8388536147520519,0.1611463852479481,logistic,grouped
sax_j1810_8_2609,SAX J1810.8-2609,93044-02-08-00,NS,0.844084120894893,0.15591587910510696,logistic,grouped
aql_x_1,Aql X-1,93076-01-09-00,NS,0.7395998179295933,0.2604001820704067,logistic,grouped
gx_339_4,GX 339-4,93076-08-02-00,BH,0.8482693292372556,0.15173067076274438,logistic,grouped
sax_j1810_8_2609,SAX J1810.8-2609,93093-01-01-00,NS,0.7655480733431327,0.23445192665686732,logistic,grouped
sax_j1810_8_2609,SAX J1810.8-2609,93093-01-01-01,NS,0.7792276197289575,0.2207723802710425,logistic,grouped
sax_j1810_8_2609,SAX J1810.8-2609,93093-01-01-02,NS,0.7746721600864912,0.2253278399135088,logistic,grouped
sax_j1810_8_2609,SAX J1810.8-2609,93093-01-02-01,NS,0.7666291516271309,0.23337084837286914,logistic,grouped
sax_j1810_8_2609,SAX J1810.8-2609,93093-01-02-02,NS,0.7684639723245036,0.23153602767549641,logistic,grouped
sax_j1810_8_2609,SAX J1810.8-2609,93093-01-02-03,NS,0.7695823603467402,0.2304176396532598,logistic,grouped
sax_j1810_8_2609,SAX J1810.8-2609,93093-01-02-04,NS,0.7738647630276568,0.22613523697234317,logistic,grouped
sax_j1810_8_2609,SAX J1810.8-2609,93093-01-02-05,NS,0.780623329531279,0.219376670468721,logistic,grouped
sax_j1810_8_2609,SAX J1810.8-2609,93093-01-02-06,NS,0.767723755075385,0.23227624492461496,logistic,grouped
sax_j1810_8_2609,SAX J1810.8-2609,93093-01-02-07,NS,0.7753300955499652,0.22466990445003476,logistic,grouped
sax_j1810_8_2609,SAX J1810.8-2609,93093-01-02-08,NS,0.7860619420230387,0.2139380579769613,logistic,grouped
sax_j1810_8_2609,SAX J1810.8-2609,93093-01-02-10,NS,0.7898690821773636,0.21013091782263638,logistic,grouped
sax_j1810_8_2609,SAX J1810.8-2609,93093-01-02-11,NS,0.7598458658416288,0.24015413415837117,logistic,grouped
aql_x_1,Aql X-1,93405-01-01-01,NS,0.8402768288957548,0.15972317110424517,logistic,grouped
aql_x_1,Aql X-1,93405-01-05-02,NS,0.8248270147756874,0.17517298522431257,logistic,grouped
4u_1254_69,4U 1254-69,93406-13-01-00,NS,0.88626639793822,0.11373360206177996,logistic,grouped
gx_339_4,GX 339-4,93409-01-04-01,BH,0.6726717515771161,0.3273282484228839,logistic,grouped
sax_j1810_8_2609,SAX J1810.8-2609,93414-01-01-00,NS,0.8186000859775409,0.18139991402245914,logistic,grouped
sax_j1810_8_2609,SAX J1810.8-2609,93414-01-01-01,NS,0.8067120538398934,0.19328794616010658,logistic,grouped
sax_j1810_8_2609,SAX J1810.8-2609,93414-01-01-02,NS,0.8396591207768168,0.16034087922318319,logistic,grouped
sax_j1810_8_2609,SAX J1810.8-2609,93414-01-01-03,NS,0.7988667319123073,0.20113326808769272,logistic,grouped
sax_j1810_8_2609,SAX J1810.8-2609,93414-01-04-00,NS,0.8108215582316883,0.18917844176831167,logistic,grouped
sax_j1810_8_2609,SAX J1810.8-2609,93414-01-04-01,NS,0.8182433056284796,0.18175669437152042,logistic,grouped
sax_j1810_8_2609,SAX J1810.8-2609,93414-01-04-02,NS,0.8029304513282367,0.1970695486717633,logistic,grouped
sax_j1810_8_2609,SAX J1810.8-2609,93414-01-04-03,NS,0.7980363630251051,0.20196363697489494,logistic,grouped
sax_j1810_8_2609,SAX J1810.8-2609,93414-01-05-00,NS,0.835412928945737,0.16458707105426296,logistic,grouped
sax_j1810_8_2609,SAX J1810.8-2609,93414-01-05-01,NS,0.8491918186551362,0.15080818134486385,logistic,grouped
aql_x_1,Aql X-1,94076-01-04-07,NS,0.5632842050229391,0.4367157949770609,logistic,grouped
aql_x_1,Aql X-1,94441-01-01-02,NS,0.8769552613263273,0.12304473867367272,logistic,grouped
4u_1254_69,4U 1254-69,95324-01-01-00,NS,0.8785720885967683,0.12142791140323173,logistic,grouped
4u_1254_69,4U 1254-69,95324-01-01-01,NS,0.8771293346664907,0.12287066533350932,logistic,grouped
4u_1254_69,4U 1254-69,95324-01-02-00,NS,0.8757825743046915,0.12421742569530847,logistic,grouped
4u_1254_69,4U 1254-69,95324-01-02-01,NS,0.8893730739156787,0.11062692608432134,logistic,grouped
gx_339_4,GX 339-4,95409-01-07-01,BH,0.16926828373482242,0.8307317162651776,logistic,grouped
gx_339_4,GX 339-4,95409-01-15-01,BH,0.3355758305904161,0.6644241694095838,logistic,grouped
gx_339_4,GX 339-4,95409-01-21-00,BH,0.7895150453435347,0.21048495465646533,logistic,grouped
gx_339_4,GX 339-4,95409-01-38-01,BH,0.826808483669434,0.17319151633056595,logistic,grouped
aql_x_1,Aql X-1,95413-01-06-01,NS,0.5106424320061781,0.4893575679938219,logistic,grouped
sax_j1806_5_2215,SAX J1806.5-2215,96085-04-01-00,NS,0.8405897130039315,0.15941028699606852,logistic,grouped
sax_j1806_5_2215,SAX J1806.5-2215,96085-04-02-01,NS,0.8342241819411546,0.16577581805884545,logistic,grouped
sax_j1806_5_2215,SAX J1806.5-2215,96085-04-03-00,NS,0.8134456980889284,0.18655430191107158,logistic,grouped
sax_j1806_5_2215,SAX J1806.5-2215,96085-04-03-02,NS,0.8102585068709124,0.1897414931290876,logistic,grouped
sax_j1806_5_2215,SAX J1806.5-2215,96085-04-03-03,NS,0.7937283157899171,0.2062716842100829,logistic,grouped
sax_j1806_5_2215,SAX J1806.5-2215,96085-04-04-00,NS,0.8076940228177163,0.1923059771822837,logistic,grouped
sax_j1806_5_2215,SAX J1806.5-2215,96085-04-04-01,NS,0.804906477399168,0.19509352260083201,logistic,grouped
sax_j1806_5_2215,SAX J1806.5-2215,96085-04-04-03,NS,0.8072830140836942,0.19271698591630582,logistic,grouped
sax_j1806_5_2215,SAX J1806.5-2215,96085-04-05-00,NS,0.815087372024287,0.18491262797571295,logistic,grouped
sax_j1806_5_2215,SAX J1806.5-2215,96085-04-05-03,NS,0.831781174966457,0.16821882503354302,logistic,grouped
sax_j1806_5_2215,SAX J1806.5-2215,96085-04-06-00,NS,0.8452591267330272,0.15474087326697283,logistic,grouped
sax_j1806_5_2215,SAX J1806.5-2215,96085-04-06-01,NS,0.8456133677694183,0.1543866322305817,logistic,grouped
sax_j1806_5_2215,SAX J1806.5-2215,96085-04-08-00,NS,0.8686527439688473,0.13134725603115271,logistic,grouped
sax_j1806_5_2215,SAX J1806.5-2215,96085-04-09-00,NS,0.8806763950914664,0.11932360490853355,logistic,grouped
sax_j1806_5_2215,SAX J1806.5-2215,96085-04-09-01,NS,0.8572667897256777,0.1427332102743223,logistic,grouped
sax_j1806_5_2215,SAX J1806.5-2215,96085-04-10-01,NS,0.8622895848788951,0.13771041512110493,logistic,grouped
sax_j1806_5_2215,SAX J1806.5-2215,96085-04-11-00,NS,0.8763093876094479,0.12369061239055212,logistic,grouped
sax_j1806_5_2215,SAX J1806.5-2215,96085-04-12-01,NS,0.8415314650219993,0.15846853497800073,logistic,grouped
sax_j1806_5_2215,SAX J1806.5-2215,96085-04-13-00,NS,0.8746987986322156,0.12530120136778444,logistic,grouped
sax_j1806_5_2215,SAX J1806.5-2215,96085-04-15-00,NS,0.809000702305117,0.190999297694883,logistic,grouped
sax_j1806_5_2215,SAX J1806.5-2215,96085-04-16-00,NS,0.8117322378348235,0.1882677621651765,logistic,grouped
sax_j1806_5_2215,SAX J1806.5-2215,96085-04-17-00,NS,0.8271948491585905,0.17280515084140946,logistic,grouped
sax_j1806_5_2215,SAX J1806.5-2215,96085-04-19-00,NS,0.8244141434283545,0.1755858565716455,logistic,grouped
sax_j1806_5_2215,SAX J1806.5-2215,96085-04-20-00,NS,0.859557558085464,0.14044244191453603,logistic,grouped
sax_j1806_5_2215,SAX J1806.5-2215,96085-04-23-00,NS,0.8926641092249956,0.10733589077500438,logistic,grouped
sax_j1806_5_2215,SAX J1806.5-2215,96085-04-25-00,NS,0.9099056616297639,0.09009433837023606,logistic,grouped
sax_j1806_5_2215,SAX J1806.5-2215,96085-04-26-00,NS,0.91130519424308,0.08869480575692001,logistic,grouped
sax_j1806_5_2215,SAX J1806.5-2215,96085-04-28-00,NS,0.876827653594286,0.12317234640571395,logistic,grouped
sax_j1806_5_2215,SAX J1806.5-2215,96085-04-29-00,NS,0.8602930499112925,0.13970695008870748,logistic,grouped
sax_j1806_5_2215,SAX J1806.5-2215,96085-04-30-00,NS,0.8225800161346468,0.17741998386535318,logistic,grouped
sax_j1806_5_2215,SAX J1806.5-2215,96085-04-31-00,NS,0.8090274065681352,0.1909725934318648,logistic,grouped
sax_j1806_5_2215,SAX J1806.5-2215,96085-04-33-00,NS,0.8505701161506046,0.14942988384939537,logistic,grouped
gx_339_4,GX 339-4,96409-01-02-03,BH,0.8048860411300285,0.19511395886997152,logistic,grouped
aql_x_1,Aql X-1,96440-01-02-00,NS,0.9766769862261443,0.023323013773855705,logistic,grouped
aql_x_1,Aql X-1,96440-01-05-04,NS,0.9752780065387311,0.02472199346126891,logistic,grouped
aql_x_1,Aql X-1,96440-01-08-06,NS,0.8752377552591406,0.1247622447408594,logistic,grouped
4u_1728_34,4U 1728-34,10410-01-01-00,NS,0.6921997011096014,0.3078002988903986,logistic,grouped
ks_1731_260,KS 1731-260,10416-01-01-00,NS,0.7359553005760247,0.26404469942397535,logistic,grouped
ks_1731_260,KS 1731-260,10416-01-03-00,NS,0.7249048204259377,0.27509517957406227,logistic,grouped
gs_1354_64,GS 1354-64,20431-01-03-00,BH,0.2608850426274682,0.7391149573725317,logistic,grouped
gs_1354_64,GS 1354-64,20431-01-04-00,BH,0.29197009336740004,0.7080299066325999,logistic,grouped
gs_1354_64,GS 1354-64,20431-01-05-00,BH,0.33936691437685135,0.6606330856231486,logistic,grouped
4u_1728_34,4U 1728-34,30042-03-02-00,NS,0.657440116565618,0.34255988343438204,logistic,grouped
4u_1728_34,4U 1728-34,30042-03-08-00,NS,0.18122265308946386,0.8187773469105362,logistic,grouped
4u_1728_34,4U 1728-34,30042-03-17-00,NS,0.35657507474696243,0.6434249252530375,logistic,grouped
ks_1731_260,KS 1731-260,30061-01-01-00,NS,0.7482236055035449,0.25177639449645506,logistic,grouped
ks_1731_260,KS 1731-260,30061-01-01-02,NS,0.7469712822078327,0.2530287177921673,logistic,grouped
ks_1731_260,KS 1731-260,30061-01-01-04,NS,0.7400848005603871,0.25991519943961294,logistic,grouped
ks_1731_260,KS 1731-260,30061-01-02-01,NS,0.6101926097263758,0.3898073902736242,logistic,grouped
ks_1731_260,KS 1731-260,30061-01-02-03,NS,0.6104369240831068,0.3895630759168932,logistic,grouped
ks_1731_260,KS 1731-260,30061-01-02-06,NS,0.5950715441384652,0.4049284558615348,logistic,grouped
ks_1731_260,KS 1731-260,30061-01-03-00,NS,0.7503549558290322,0.24964504417096778,logistic,grouped
ks_1731_260,KS 1731-260,30061-01-03-01,NS,0.7530279404858915,0.2469720595141085,logistic,grouped
ks_1731_260,KS 1731-260,30061-01-04-00,NS,0.7519844764398687,0.24801552356013135,logistic,grouped
ks_1731_260,KS 1731-260,30061-01-04-02,NS,0.7464845211120745,0.25351547888792547,logistic,grouped
gs_1354_64,GS 1354-64,30401-01-01-00,BH,0.44042672347856227,0.5595732765214377,logistic,grouped
gs_1354_64,GS 1354-64,30401-01-02-00,BH,0.5211110728994336,0.4788889271005664,logistic,grouped
gs_1354_64,GS 1354-64,30401-01-03-00,BH,0.5482861786285687,0.45171382137143135,logistic,grouped
gs_1354_64,GS 1354-64,30401-01-04-00,BH,0.6062874991236513,0.3937125008763487,logistic,grouped
4u_1728_34,4U 1728-34,40019-03-01-02,NS,0.5499978826830798,0.4500021173169202,logistic,grouped
ser_x_1,Ser X-1,40025-03-01-00,NS,0.7341343522429752,0.2658656477570248,logistic,grouped
ser_x_1,Ser X-1,40025-03-01-01,NS,0.7379988330393301,0.2620011669606699,logistic,grouped
ser_x_1,Ser X-1,40025-03-01-02,NS,0.7682673254587289,0.2317326745412711,logistic,grouped
ser_x_1,Ser X-1,40025-03-02-00,NS,0.7602109960511877,0.2397890039488123,logistic,grouped
ser_x_1,Ser X-1,40025-03-02-01,NS,0.775332721274754,0.22466727872524594,logistic,grouped
4u_1728_34,4U 1728-34,40027-06-01-02,NS,0.5106638395559897,0.4893361604440103,logistic,grouped
4u_1728_34,4U 1728-34,40027-08-02-02,NS,0.4230704820093956,0.5769295179906044,logistic,grouped
4u_1728_34,4U 1728-34,40033-06-02-05,NS,0.4457023254975281,0.5542976745024719,logistic,grouped
ser_x_1,Ser X-1,40426-01-01-00,NS,0.7346272464159587,0.26537275358404133,logistic,grouped
4u_1728_34,4U 1728-34,50023-01-19-00,NS,0.4973138190676733,0.5026861809323266,logistic,grouped
4u_1728_34,4U 1728-34,50023-01-31-00,NS,0.5186053508661705,0.48139464913382946,logistic,grouped
4u_1728_34,4U 1728-34,50029-23-01-00,NS,0.5554904451973126,0.4445095548026874,logistic,grouped
ser_x_1,Ser X-1,50029-35-01-00,NS,0.7430265540828757,0.25697344591712434,logistic,grouped
4u_1728_34,4U 1728-34,50030-03-05-01,NS,0.38355899104920654,0.6164410089507935,logistic,grouped
4u_1728_34,4U 1728-34,50030-03-08-00,NS,0.7221329819857772,0.27786701801422276,logistic,grouped
ks_1731_260,KS 1731-260,50031-02-01-01,NS,0.4527135354329973,0.5472864645670027,logistic,grouped
ks_1731_260,KS 1731-260,50031-02-01-03,NS,0.4488820382270581,0.5511179617729419,logistic,grouped
ks_1731_260,KS 1731-260,50031-02-01-05,NS,0.45784513860894593,0.5421548613910541,logistic,grouped
ks_1731_260,KS 1731-260,50031-02-01-09,NS,0.4486406784945818,0.5513593215054182,logistic,grouped
ks_1731_260,KS 1731-260,50031-02-01-11,NS,0.4495670504401349,0.5504329495598651,logistic,grouped
ks_1731_260,KS 1731-260,50031-02-02-02,NS,0.41952029219555936,0.5804797078044406,logistic,grouped
ks_1731_260,KS 1731-260,50031-02-02-04,NS,0.42793518076604814,0.5720648192339519,logistic,grouped
ks_1731_260,KS 1731-260,50031-02-02-06,NS,0.42741529567747655,0.5725847043225234,logistic,grouped
ks_1731_260,KS 1731-260,50031-02-02-07,NS,0.38982837626618083,0.6101716237338192,logistic,grouped
ks_1731_260,KS 1731-260,50031-02-03-00,NS,0.7278815705906972,0.27211842940930275,logistic,grouped
ks_1731_260,KS 1731-260,50031-02-03-06,NS,0.7279334440922745,0.27206655590772555,logistic,grouped
ks_1731_260,KS 1731-260,50031-02-03-07,NS,0.7282610343617418,0.27173896563825817,logistic,grouped
ks_1731_260,KS 1731-260,50031-02-03-08,NS,0.7349379226393676,0.26506207736063236,logistic,grouped
ser_x_1,Ser X-1,70014-03-01-00,NS,0.7465752925450894,0.25342470745491064,logistic,grouped
ser_x_1,Ser X-1,70014-03-01-01,NS,0.7474823304712471,0.2525176695287529,logistic,grouped
ser_x_1,Ser X-1,70014-03-01-02,NS,0.7482996165351493,0.2517003834648507,logistic,grouped
ser_x_1,Ser X-1,70014-03-02-00,NS,0.746265735205345,0.253734264794655,logistic,grouped
ser_x_1,Ser X-1,70014-03-02-01,NS,0.7494235858687888,0.25057641413121123,logistic,grouped
ser_x_1,Ser X-1,70014-03-02-02,NS,0.7418537533472773,0.2581462466527227,logistic,grouped
ser_x_1,Ser X-1,70014-03-02-03,NS,0.7484857994434765,0.2515142005565235,logistic,grouped
ser_x_1,Ser X-1,70027-04-01-00,NS,0.7537328130517968,0.24626718694820315,logistic,grouped
ser_x_1,Ser X-1,70027-04-01-01,NS,0.7426334065320814,0.25736659346791857,logistic,grouped
ser_x_1,Ser X-1,70027-04-08-00,NS,0.7522972710295515,0.24770272897044854,logistic,grouped
4u_1728_34,4U 1728-34,70028-01-01-08,NS,0.47078916875028637,0.5292108312497137,logistic,grouped
4u_1705_44,4U 1705-44,70038-01-01-00,NS,0.559249140045057,0.440750859954943,logistic,grouped
4u_1728_34,4U 1728-34,91023-01-02-00,NS,0.7037480859843085,0.2962519140156915,logistic,grouped
4u_1705_44,4U 1705-44,91039-01-01-10,NS,0.760574004282587,0.23942599571741296,logistic,grouped
4u_1705_44,4U 1705-44,91039-01-01-50,NS,0.5650024693388304,0.43499753066116964,logistic,grouped
4u_1705_44,4U 1705-44,91039-01-02-30,NS,0.7359314816840279,0.2640685183159721,logistic,grouped
4u_1705_44,4U 1705-44,91039-01-02-61,NS,0.7616388564082378,0.2383611435917622,logistic,grouped
4u_1705_44,4U 1705-44,91039-01-03-33,NS,0.6849378561424354,0.3150621438575646,logistic,grouped
4u_1728_34,4U 1728-34,92023-03-07-00,NS,0.6922329718770733,0.30776702812292667,logistic,grouped
4u_1728_34,4U 1728-34,92023-03-09-10,NS,0.7010024898913382,0.2989975101086618,logistic,grouped
4u_1728_34,4U 1728-34,92023-03-22-00,NS,0.701951551817752,0.29804844818224796,logistic,grouped
4u_1728_34,4U 1728-34,92023-03-22-10,NS,0.38913765389421057,0.6108623461057894,logistic,grouped
4u_1728_34,4U 1728-34,92023-03-33-00,NS,0.6919457716877813,0.30805422831221874,logistic,grouped
4u_1728_34,4U 1728-34,92023-03-33-10,NS,0.5735422664373537,0.42645773356264627,logistic,grouped
4u_1728_34,4U 1728-34,92023-03-46-10,NS,0.5683512079900132,0.43164879200998685,logistic,grouped
4u_1728_34,4U 1728-34,92023-03-47-00,NS,0.1801759462510934,0.8198240537489065,logistic,grouped
4u_1728_34,4U 1728-34,92023-03-52-00,NS,0.7185173235926339,0.28148267640736613,logistic,grouped
4u_1728_34,4U 1728-34,92023-03-59-10,NS,0.6215491379181168,0.37845086208188317,logistic,grouped
4u_1728_34,4U 1728-34,92023-03-68-00,NS,0.4576339218593273,0.5423660781406727,logistic,grouped
4u_1728_34,4U 1728-34,92023-03-74-10,NS,0.6494439862194505,0.35055601378054946,logistic,grouped
4u_1728_34,4U 1728-34,92023-03-81-00,NS,0.6482871184232382,0.35171288157676184,logistic,grouped
4u_1728_34,4U 1728-34,92023-03-88-10,NS,0.521109106711167,0.47889089328883305,logistic,grouped
4u_1728_34,4U 1728-34,92023-03-94-00,NS,0.37875222200830366,0.6212477779916963,logistic,grouped
4u_1705_44,4U 1705-44,93060-01-01-10,NS,0.7384141422212922,0.2615858577787078,logistic,grouped
4u_1705_44,4U 1705-44,93060-01-10-00,NS,0.5989393399022126,0.4010606600977874,logistic,grouped
4u_1705_44,4U 1705-44,93060-01-14-10,NS,0.7469649270137839,0.2530350729862161,logistic,grouped
4u_1705_44,4U 1705-44,93060-01-22-00,NS,0.7338631442494176,0.26613685575058244,logistic,grouped
4u_1705_44,4U 1705-44,93060-01-28-10,NS,0.7499394131298948,0.25006058687010524,logistic,grouped
4u_1705_44,4U 1705-44,93060-01-35-00,NS,0.7526003844361077,0.24739961556389234,logistic,grouped
4u_1705_44,4U 1705-44,93060-01-58-00,NS,0.6536983592840838,0.3463016407159162,logistic,grouped
4u_1705_44,4U 1705-44,93060-01-71-00,NS,0.6970025804351017,0.30299741956489834,logistic,grouped
4u_1705_44,4U 1705-44,93060-01-85-00,NS,0.7463853030373652,0.25361469696263483,logistic,grouped
4u_1705_44,4U 1705-44,94060-01-02-00,NS,0.7543416111913025,0.2456583888086975,logistic,grouped
4u_1705_44,4U 1705-44,94060-01-15-00,NS,0.4556636655869156,0.5443363344130844,logistic,grouped
4u_1705_44,4U 1705-44,94060-01-30-00,NS,0.7281112344447713,0.2718887655552287,logistic,grouped
4u_1705_44,4U 1705-44,94060-01-46-00,NS,0.7577747660497093,0.24222523395029072,logistic,grouped
4u_1705_44,4U 1705-44,94060-01-61-00,NS,0.7576093883039294,0.24239061169607057,logistic,grouped
4u_1705_44,4U 1705-44,95060-01-07-00,NS,0.7682835614702804,0.23171643852971957,logistic,grouped
4u_1705_44,4U 1705-44,95060-01-22-00,NS,0.682462368053116,0.317537631946884,logistic,grouped
4u_1705_44,4U 1705-44,95060-01-36-00,NS,0.5536088262040882,0.44639117379591176,logistic,grouped
4u_1705_44,4U 1705-44,95060-01-50-00,NS,0.7602285359865286,0.23977146401347138,logistic,grouped
4u_1705_44,4U 1705-44,95060-01-63-00,NS,0.7363083520991879,0.2636916479008121,logistic,grouped
4u_1705_44,4U 1705-44,95060-01-77-00,NS,0.7312967425584558,0.2687032574415442,logistic,grouped
4u_1705_44,4U 1705-44,96060-01-10-00,NS,0.7414502022151633,0.25854979778483667,logistic,grouped
4u_1705_44,4U 1705-44,96060-01-23-00,NS,0.7408378072673911,0.2591621927326089,logistic,grouped
4u_1705_44,4U 1705-44,96060-01-36-00,NS,0.6498203417954986,0.35017965820450137,logistic,grouped
4u_1705_44,4U 1705-44,96060-01-51-00,NS,0.7449147437292721,0.25508525627072787,logistic,grouped
4u_1705_44,4U 1705-44,96060-01-65-00,NS,0.7327388959226211,0.2672611040773789,logistic,grouped
4u_1705_44,4U 1705-44,96060-01-78-00,NS,0.7512334988663729,0.24876650113362708,logistic,grouped
4u_1728_34,4U 1728-34,96322-01-02-01,NS,0.6379307034961174,0.36206929650388264,logistic,grouped
4u_1728_34,4U 1728-34,96322-01-05-00,NS,0.387555452637265,0.612444547362735,logistic,grouped
1a_1744_361,1A 1744-361,80431-01-02-01,NS,0.897514286235519,0.10248571376448101,logistic,loso
1a_1744_361,1A 1744-361,80431-01-02-03,NS,0.8728342667996845,0.12716573320031554,logistic,loso
1a_1744_361,1A 1744-361,80431-01-02-04,NS,0.8718266931149405,0.12817330688505946,logistic,loso
1a_1744_361,1A 1744-361,80431-01-02-05,NS,0.8953850146027892,0.10461498539721081,logistic,loso
1a_1744_361,1A 1744-361,80431-01-03-00,NS,0.8774635547377245,0.12253644526227547,logistic,loso
1a_1744_361,1A 1744-361,80431-01-03-02,NS,0.9303419795913758,0.06965802040862423,logistic,loso
1a_1744_361,1A 1744-361,90058-04-02-00,NS,0.7843037536685703,0.2156962463314297,logistic,loso
1a_1744_361,1A 1744-361,91050-05-02-00,NS,0.8782286304858142,0.12177136951418577,logistic,loso
1a_1744_361,1A 1744-361,91050-05-03-00,NS,0.8863040098283782,0.1136959901716218,logistic,loso
1a_1744_361,1A 1744-361,93155-01-01-00,NS,0.8759568835459803,0.12404311645401966,logistic,loso
1a_1744_361,1A 1744-361,93155-01-02-00,NS,0.9036586363362002,0.09634136366379975,logistic,loso
1a_1744_361,1A 1744-361,93155-01-02-01,NS,0.8909354080098214,0.1090645919901786,logistic,loso
1a_1744_361,1A 1744-361,93155-01-03-01,NS,0.8776721089064229,0.12232789109357711,logistic,loso
1a_1744_361,1A 1744-361,93155-01-03-02,NS,0.8751174004149301,0.12488259958506986,logistic,loso
1a_1744_361,1A 1744-361,93155-01-03-03,NS,0.8837488831562764,0.11625111684372358,logistic,loso
1a_1744_361,1A 1744-361,93155-01-06-01,NS,0.8813446232266088,0.11865537677339122,logistic,loso
1a_1744_361,1A 1744-361,93155-01-06-02,NS,0.8893573317787217,0.11064266822127833,logistic,loso
1a_1744_361,1A 1744-361,93155-01-07-00,NS,0.8710528713316001,0.12894712866839986,logistic,loso
1a_1744_361,1A 1744-361,93155-01-07-02,NS,0.8928174585327328,0.10718254146726724,logistic,loso
1a_1744_361,1A 1744-361,93155-01-08-00,NS,0.8751271259468194,0.1248728740531806,logistic,loso
1a_1744_361,1A 1744-361,93155-01-08-02,NS,0.8128998945606515,0.18710010543934852,logistic,loso
1a_1744_361,1A 1744-361,93155-01-09-00,NS,0.8087969973042396,0.1912030026957604,logistic,loso
1a_1744_361,1A 1744-361,95416-01-01-00,NS,0.8458618847072306,0.15413811529276944,logistic,loso
1a_1744_361,1A 1744-361,95416-01-01-02,NS,0.8648061568217015,0.13519384317829852,logistic,loso
1a_1744_361,1A 1744-361,95416-01-02-00,NS,0.882273199446935,0.11772680055306495,logistic,loso
1a_1744_361,1A 1744-361,95416-01-02-02,NS,0.8544621753882662,0.1455378246117338,logistic,loso
1a_1744_361,1A 1744-361,96437-01-02-00,NS,0.8645923361288209,0.13540766387117908,logistic,loso
4u_0614_09,4U 0614+09,10095-01-01-00,NS,0.76340976036757,0.23659023963242998,logistic,loso
4u_0614_09,4U 0614+09,20428-01-01-03,NS,0.7470075919817546,0.2529924080182454,logistic,loso
4u_0614_09,4U 0614+09,30054-01-02-03,NS,0.7830077685493156,0.21699223145068436,logistic,loso
4u_0614_09,4U 0614+09,40030-01-14-00,NS,0.8622750837601096,0.13772491623989036,logistic,loso
4u_0614_09,4U 0614+09,40429-01-03-01,NS,0.7877308077823634,0.21226919221763663,logistic,loso
4u_0614_09,4U 0614+09,40429-01-06-01,NS,0.8603014303684637,0.13969856963153626,logistic,loso
4u_0614_09,4U 0614+09,50026-02-01-01,NS,0.7161471079472993,0.2838528920527007,logistic,loso
4u_0614_09,4U 0614+09,50031-01-01-01,NS,0.7027730934175876,0.29722690658241235,logistic,loso
4u_0614_09,4U 0614+09,50031-01-02-07,NS,0.7194125139263792,0.28058748607362083,logistic,loso
4u_0614_09,4U 0614+09,50031-01-04-08,NS,0.6734638660547962,0.32653613394520375,logistic,loso
4u_0614_09,4U 0614+09,60424-01-02-01,NS,0.6726663988605719,0.3273336011394281,logistic,loso
4u_0614_09,4U 0614+09,80037-01-09-08,NS,0.7335216989502871,0.26647830104971293,logistic,loso
4u_0614_09,4U 0614+09,80051-02-01-02,NS,0.8382912942073172,0.16170870579268282,logistic,loso
4u_0614_09,4U 0614+09,80414-01-02-00,NS,0.752723777100377,0.24727622289962303,logistic,loso
4u_0614_09,4U 0614+09,80414-01-05-02,NS,0.7963434326461105,0.20365656735388948,logistic,loso
4u_0614_09,4U 0614+09,90422-01-01-02,NS,0.7676316756613192,0.23236832433868082,logistic,loso
4u_0614_09,4U 0614+09,91425-01-04-02,NS,0.792350578868527,0.207649421131473,logistic,loso
4u_0614_09,4U 0614+09,92411-01-01-02,NS,0.7765173752437978,0.22348262475620218,logistic,loso
4u_0614_09,4U 0614+09,92411-01-07-02,NS,0.791906026129057,0.20809397387094297,logistic,loso
4u_0614_09,4U 0614+09,92411-01-10-00,NS,0.7498994698119128,0.2501005301880872,logistic,loso
4u_0614_09,4U 0614+09,93404-01-02-00,NS,0.7849560282369076,0.21504397176309242,logistic,loso
4u_0614_09,4U 0614+09,93404-01-07-00,NS,0.7696335531323256,0.23036644686767438,logistic,loso
4u_0614_09,4U 0614+09,93404-01-11-02,NS,0.7557058277418469,0.24429417225815309,logistic,loso
4u_0614_09,4U 0614+09,93404-01-14-00,NS,0.7721677945340352,0.22783220546596483,logistic,loso
4u_0614_09,4U 0614+09,93404-01-21-00,NS,0.7768046558247517,0.22319534417524833,logistic,loso
4u_0614_09,4U 0614+09,94404-01-07-00,NS,0.7522184410877213,0.2477815589122787,logistic,loso
4u_0614_09,4U 0614+09,95404-01-01-01,NS,0.7860212033097624,0.21397879669023756,logistic,loso
4u_0614_09,4U 0614+09,95404-01-09-02,NS,0.733390428673342,0.26660957132665797,logistic,loso
4u_0614_09,4U 0614+09,96307-01-04-00,NS,0.8073688118960183,0.19263118810398172,logistic,loso
4u_0614_09,4U 0614+09,96307-01-10-00,NS,0.8894734149195463,0.11052658508045365,logistic,loso
4u_0614_09,4U 0614+09,96404-01-02-00,NS,0.7655318901523399,0.2344681098476601,logistic,loso
4u_1254_69,4U 1254-69,90036-01-01-00,NS,0.8607051802065754,0.13929481979342462,logistic,loso
4u_1254_69,4U 1254-69,90036-01-01-01,NS,0.8488879433682004,0.1511120566317996,logistic,loso
4u_1254_69,4U 1254-69,90036-01-01-02,NS,0.8428421905684242,0.15715780943157576,logistic,loso
4u_1254_69,4U 1254-69,90036-01-01-03,NS,0.8594940174126101,0.1405059825873899,logistic,loso
4u_1254_69,4U 1254-69,90036-01-02-00,NS,0.8580993243461132,0.14190067565388675,logistic,loso
4u_1254_69,4U 1254-69,90036-01-02-01,NS,0.8803237921347568,0.11967620786524324,logistic,loso
4u_1254_69,4U 1254-69,93406-13-01-00,NS,0.8640584633341022,0.1359415366658978,logistic,loso
4u_1254_69,4U 1254-69,95324-01-01-00,NS,0.8561518135354861,0.14384818646451392,logistic,loso
4u_1254_69,4U 1254-69,95324-01-01-01,NS,0.8547991596853336,0.1452008403146664,logistic,loso
4u_1254_69,4U 1254-69,95324-01-02-00,NS,0.8507473274633938,0.14925267253660623,logistic,loso
4u_1254_69,4U 1254-69,95324-01-02-01,NS,0.870381325111395,0.129618674888605,logistic,loso
4u_1543_475,4U 1543-475,70124-02-03-00,BH,0.6631187925700658,0.3368812074299342,logistic,loso
4u_1543_475,4U 1543-475,70124-02-06-00,BH,0.6673433671378638,0.3326566328621362,logistic,loso
4u_1543_475,4U 1543-475,70124-02-09-00,BH,0.7478824373421306,0.25211756265786944,logistic,loso
4u_1543_475,4U 1543-475,70124-02-11-00,BH,0.7864083356291767,0.21359166437082333,logistic,loso
4u_1543_475,4U 1543-475,70132-01-01-00,BH,0.2088042174549442,0.7911957825450557,logistic,loso
4u_1543_475,4U 1543-475,70132-01-02-01,BH,0.30007010843944143,0.6999298915605585,logistic,loso
4u_1543_475,4U 1543-475,70133-01-01-00,BH,0.26262057916868636,0.7373794208313136,logistic,loso
4u_1543_475,4U 1543-475,70133-01-05-00,BH,0.165162692847215,0.834837307152785,logistic,loso
4u_1543_475,4U 1543-475,70133-01-10-00,BH,0.2910480848199557,0.7089519151800443,logistic,loso
4u_1543_475,4U 1543-475,70133-01-16-00,BH,0.21918038748980734,0.7808196125101927,logistic,loso
4u_1543_475,4U 1543-475,70133-01-20-00,BH,0.6840804848124654,0.3159195151875346,logistic,loso
4u_1543_475,4U 1543-475,70133-01-23-00,BH,0.7315708740059493,0.26842912599405067,logistic,loso
4u_1543_475,4U 1543-475,70133-01-25-01,BH,0.739538851320327,0.26046114867967296,logistic,loso
4u_1543_475,4U 1543-475,70133-01-26-01,BH,0.7486796051034355,0.25132039489656455,logistic,loso
4u_1543_475,4U 1543-475,70133-01-28-00,BH,0.752598655551952,0.24740134444804796,logistic,loso
4u_1543_475,4U 1543-475,70133-01-31-00,BH,0.7106634292325842,0.2893365707674158,logistic,loso
4u_1608_522,4U 1608-522,10093-01-01-01,NS,0.8080108825364888,0.19198911746351122,logistic,loso
4u_1608_522,4U 1608-522,30062-02-01-05,NS,0.993449092088379,0.006550907911621051,logistic,loso
4u_1608_522,4U 1608-522,40437-01-01-01,NS,0.7224316385071118,0.2775683614928882,logistic,loso
4u_1608_522,4U 1608-522,50052-01-23-00,NS,0.8465490334726994,0.15345096652730061,logistic,loso
4u_1608_522,4U 1608-522,60052-02-04-03,NS,0.9878870928526159,0.012112907147384111,logistic,loso
4u_1608_522,4U 1608-522,70058-01-22-00,NS,0.9921892230720716,0.00781077692792842,logistic,loso
4u_1608_522,4U 1608-522,70058-01-37-00,NS,0.958515284937492,0.04148471506250795,logistic,loso
4u_1608_522,4U 1608-522,70069-01-03-01,NS,0.8131093020959101,0.18689069790408985,logistic,loso
4u_1608_522,4U 1608-522,80406-01-04-07,NS,0.7555358072000479,0.24446419279995213,logistic,loso
4u_1608_522,4U 1608-522,91405-01-27-00,NS,0.668934186739172,0.33106581326082796,logistic,loso
4u_1608_522,4U 1608-522,91405-01-41-00,NS,0.6994386460073271,0.3005613539926729,logistic,loso
4u_1608_522,4U 1608-522,92401-01-11-03,NS,0.9887367410515918,0.011263258948408184,logistic,loso
4u_1608_522,4U 1608-522,93408-01-11-00,NS,0.760970096456599,0.23902990354340103,logistic,loso
4u_1608_522,4U 1608-522,93408-01-19-01,NS,0.9987869898131934,0.00121301018680664,logistic,loso
4u_1608_522,4U 1608-522,93408-01-22-06,NS,0.9717007117260076,0.028299288273992418,logistic,loso
4u_1608_522,4U 1608-522,93408-01-26-03,NS,0.6132211136123195,0.38677888638768054,logistic,loso
4u_1608_522,4U 1608-522,93408-01-32-04,NS,0.4591979260127768,0.5408020739872232,logistic,loso
4u_1608_522,4U 1608-522,93408-01-42-05,NS,0.7044744694500862,0.2955255305499138,logistic,loso
4u_1608_522,4U 1608-522,93408-01-52-02,NS,0.768096356345624,0.231903643654376,logistic,loso
4u_1608_522,4U 1608-522,93408-01-66-01,NS,0.7756617297670296,0.22433827023297037,logistic,loso
4u_1608_522,4U 1608-522,94401-01-01-01,NS,0.7590226459227751,0.24097735407722487,logistic,loso
4u_1608_522,4U 1608-522,94401-01-18-00,NS,0.642060344481803,0.35793965551819695,logistic,loso
4u_1608_522,4U 1608-522,94401-01-34-00,NS,0.8247198170440917,0.1752801829559083,logistic,loso
4u_1608_522,4U 1608-522,95334-01-03-00,NS,0.9888590355086095,0.01114096449139046,logistic,loso
4u_1608_522,4U 1608-522,96423-01-13-01,NS,0.6881330159213873,0.3118669840786127,logistic,loso
4u_1608_522,4U 1608-522,96423-01-26-01,NS,0.7136143243767031,0.28638567562329686,logistic,loso
4u_1608_522,4U 1608-522,96423-01-39-02,NS,0.6877859831825932,0.3122140168174068,logistic,loso
4u_1636_536,4U 1636-536,30053-02-01-00,NS,0.9359289658459152,0.06407103415408477,logistic,loso
4u_1636_536,4U 1636-536,40028-01-14-02,NS,0.9833116409692217,0.016688359030778255,logistic,loso
4u_1636_536,4U 1636-536,60032-01-04-00,NS,0.908178607747428,0.09182139225257202,logistic,loso
4u_1636_536,4U 1636-536,60032-01-14-01,NS,0.9158758751644818,0.08412412483551823,logistic,loso
4u_1636_536,4U 1636-536,60032-05-15-00,NS,0.9707121415006438,0.029287858499356223,logistic,loso
4u_1636_536,4U 1636-536,91024-01-07-10,NS,0.8169088013710488,0.18309119862895118,logistic,loso
4u_1636_536,4U 1636-536,91024-01-13-00,NS,0.925894993188173,0.07410500681182697,logistic,loso
4u_1636_536,4U 1636-536,91024-01-53-10,NS,0.9643011291367781,0.035698870863221877,logistic,loso
4u_1636_536,4U 1636-536,91024-01-62-00,NS,0.9200744127848101,0.07992558721518994,logistic,loso
4u_1636_536,4U 1636-536,91024-01-85-10,NS,0.8022471003797704,0.19775289962022957,logistic,loso
4u_1636_536,4U 1636-536,92023-01-42-10,NS,0.9100351708940057,0.08996482910599435,logistic,loso
4u_1636_536,4U 1636-536,92023-01-43-00,NS,0.9058103026446315,0.09418969735536853,logistic,loso
4u_1636_536,4U 1636-536,92023-01-93-00,NS,0.8936955918983889,0.10630440810161113,logistic,loso
4u_1636_536,4U 1636-536,92023-01-94-10,NS,0.8874012189337964,0.11259878106620358,logistic,loso
4u_1636_536,4U 1636-536,92023-02-08-00,NS,0.6233949827649116,0.37660501723508844,logistic,loso
4u_1636_536,4U 1636-536,93087-01-36-10,NS,0.9192010290365761,0.08079897096342392,logistic,loso
4u_1636_536,4U 1636-536,93087-01-36-20,NS,0.9042820763149022,0.0957179236850978,logistic,loso
4u_1636_536,4U 1636-536,93087-01-41-00,NS,0.844079786706981,0.15592021329301897,logistic,loso
4u_1636_536,4U 1636-536,93087-01-83-10,NS,0.9139862234540024,0.08601377654599762,logistic,loso
4u_1636_536,4U 1636-536,93087-01-87-00,NS,0.9125095688026638,0.08749043119733624,logistic,loso
4u_1636_536,4U 1636-536,94087-01-10-00,NS,0.8430919510372502,0.1569080489627498,logistic,loso
4u_1636_536,4U 1636-536,94087-01-47-10,NS,0.9124848881813202,0.08751511181867977,logistic,loso
4u_1636_536,4U 1636-536,94087-01-49-00,NS,0.8206850148304711,0.17931498516952893,logistic,loso
4u_1636_536,4U 1636-536,94087-01-94-00,NS,0.891480048346605,0.10851995165339501,logistic,loso
4u_1636_536,4U 1636-536,95087-01-15-00,NS,0.6731872866679339,0.3268127133320661,logistic,loso
4u_1636_536,4U 1636-536,95087-01-15-10,NS,0.7489685572063195,0.2510314427936805,logistic,loso
4u_1636_536,4U 1636-536,95087-01-71-00,NS,0.561754684206424,0.43824531579357595,logistic,loso
4u_1636_536,4U 1636-536,96087-01-25-00,NS,0.9070753063441801,0.0929246936558199,logistic,loso
4u_1636_536,4U 1636-536,96087-01-28-10,NS,0.47650799671345967,0.5234920032865403,logistic,loso
4u_1636_536,4U 1636-536,96087-01-77-00,NS,0.7435142061796755,0.25648579382032455,logistic,loso
4u_1636_536,4U 1636-536,96087-01-84-10,NS,0.6130543710363436,0.38694562896365636,logistic,loso
4u_1702_429,4U 1702-429,20084-02-01-00,NS,0.8880639811653238,0.11193601883467619,logistic,loso
4u_1702_429,4U 1702-429,20084-02-01-03,NS,0.9134420306571343,0.08655796934286575,logistic,loso
4u_1702_429,4U 1702-429,20084-02-02-01,NS,0.9133670975560431,0.08663290244395694,logistic,loso
4u_1702_429,4U 1702-429,40025-04-01-01,NS,0.870648824632278,0.129351175367722,logistic,loso
4u_1702_429,4U 1702-429,40025-04-02-00,NS,0.7756898676693978,0.22431013233060215,logistic,loso
4u_1702_429,4U 1702-429,40025-04-03-01,NS,0.8001064478844423,0.1998935521155577,logistic,loso
4u_1702_429,4U 1702-429,40025-04-03-03,NS,0.8705468299395188,0.12945317006048118,logistic,loso
4u_1702_429,4U 1702-429,50025-01-01-01,NS,0.7583779563355376,0.24162204366446238,logistic,loso
4u_1702_429,4U 1702-429,50025-01-01-05,NS,0.7756437706370354,0.22435622936296462,logistic,loso
4u_1702_429,4U 1702-429,50025-01-01-07,NS,0.8024418997987939,0.19755810020120612,logistic,loso
4u_1702_429,4U 1702-429,50030-01-01-03,NS,0.8600859968007142,0.13991400319928582,logistic,loso
4u_1702_429,4U 1702-429,50030-01-01-05,NS,0.8576780084465783,0.14232199155342173,logistic,loso
4u_1702_429,4U 1702-429,50030-01-01-07,NS,0.8409703918733856,0.15902960812661437,logistic,loso
4u_1702_429,4U 1702-429,50030-01-02-00,NS,0.8890079272079457,0.11099207279205425,logistic,loso
4u_1702_429,4U 1702-429,50030-01-03-02,NS,0.6456074853549588,0.3543925146450412,logistic,loso
4u_1702_429,4U 1702-429,50030-01-05-00,NS,0.6569359947490561,0.34306400525094394,logistic,loso
4u_1702_429,4U 1702-429,50030-01-06-00,NS,0.787991741695363,0.212008258304637,logistic,loso
4u_1702_429,4U 1702-429,50030-01-07-00,NS,0.8234983927832263,0.17650160721677366,logistic,loso
4u_1702_429,4U 1702-429,50030-01-09-01,NS,0.7326279761678839,0.2673720238321161,logistic,loso
4u_1702_429,4U 1702-429,50030-01-09-02,NS,0.7406224954376893,0.2593775045623107,logistic,loso
4u_1702_429,4U 1702-429,50030-01-09-04,NS,0.734150967952913,0.265849032047087,logistic,loso
4u_1702_429,4U 1702-429,50030-01-10-00,NS,0.6806174745982458,0.31938252540175416,logistic,loso
4u_1702_429,4U 1702-429,50030-01-10-02,NS,0.6510848877570266,0.34891511224297345,logistic,loso
4u_1702_429,4U 1702-429,50030-01-11-01,NS,0.8955240969041169,0.10447590309588306,logistic,loso
4u_1702_429,4U 1702-429,50030-01-11-02,NS,0.8543811366455032,0.1456188633544968,logistic,loso
4u_1702_429,4U 1702-429,50030-01-13-01,NS,0.6953463911188862,0.3046536088811138,logistic,loso
4u_1702_429,4U 1702-429,50030-01-14-02,NS,0.8817296412158632,0.11827035878413683,logistic,loso
4u_1702_429,4U 1702-429,50030-01-14-03,NS,0.8894420041617191,0.11055799583828085,logistic,loso
4u_1702_429,4U 1702-429,94415-01-01-01,NS,0.8219277954736487,0.1780722045263513,logistic,loso
4u_1702_429,4U 1702-429,94415-01-02-01,NS,0.9366240402603079,0.06337595973969212,logistic,loso
4u_1705_44,4U 1705-44,70038-01-01-00,NS,0.7104264097413884,0.2895735902586116,logistic,loso
4u_1705_44,4U 1705-44,91039-01-01-10,NS,0.8836177315535007,0.11638226844649935,logistic,loso
4u_1705_44,4U 1705-44,91039-01-01-50,NS,0.5989672295676627,0.4010327704323373,logistic,loso
4u_1705_44,4U 1705-44,91039-01-02-30,NS,0.8732169871034089,0.1267830128965911,logistic,loso
4u_1705_44,4U 1705-44,91039-01-02-61,NS,0.878807054763069,0.12119294523693103,logistic,loso
4u_1705_44,4U 1705-44,91039-01-03-33,NS,0.7397185787636478,0.26028142123635223,logistic,loso
4u_1705_44,4U 1705-44,93060-01-01-10,NS,0.9923317668900794,0.007668233109920597,logistic,loso
4u_1705_44,4U 1705-44,93060-01-10-00,NS,0.6631026422553665,0.3368973577446335,logistic,loso
4u_1705_44,4U 1705-44,93060-01-14-10,NS,0.9723266714622399,0.027673328537760056,logistic,loso
4u_1705_44,4U 1705-44,93060-01-22-00,NS,0.9856008600441024,0.014399139955897589,logistic,loso
4u_1705_44,4U 1705-44,93060-01-28-10,NS,0.863616882858138,0.13638311714186202,logistic,loso
4u_1705_44,4U 1705-44,93060-01-35-00,NS,0.9360299674406526,0.06397003255934741,logistic,loso
4u_1705_44,4U 1705-44,93060-01-58-00,NS,0.7296829850239813,0.2703170149760187,logistic,loso
4u_1705_44,4U 1705-44,93060-01-71-00,NS,0.9976476427730248,0.0023523572269752435,logistic,loso
4u_1705_44,4U 1705-44,93060-01-85-00,NS,0.9952210738245157,0.004778926175484255,logistic,loso
4u_1705_44,4U 1705-44,94060-01-02-00,NS,0.8978379204435645,0.10216207955643553,logistic,loso
4u_1705_44,4U 1705-44,94060-01-15-00,NS,0.7161715815738605,0.2838284184261395,logistic,loso
4u_1705_44,4U 1705-44,94060-01-30-00,NS,0.9762100915357506,0.023789908464249443,logistic,loso
4u_1705_44,4U 1705-44,94060-01-46-00,NS,0.8750453474411608,0.1249546525588392,logistic,loso
4u_1705_44,4U 1705-44,94060-01-61-00,NS,0.8971083628368394,0.10289163716316063,logistic,loso
4u_1705_44,4U 1705-44,95060-01-07-00,NS,0.8961530609289555,0.10384693907104448,logistic,loso
4u_1705_44,4U 1705-44,95060-01-22-00,NS,0.8317518696843395,0.16824813031566055,logistic,loso
4u_1705_44,4U 1705-44,95060-01-36-00,NS,0.6494880638492244,0.3505119361507756,logistic,loso
4u_1705_44,4U 1705-44,95060-01-50-00,NS,0.882791461345193,0.11720853865480696,logistic,loso
4u_1705_44,4U 1705-44,95060-01-63-00,NS,0.9779369164065693,0.022063083593430677,logistic,loso
4u_1705_44,4U 1705-44,95060-01-77-00,NS,0.9807610997116455,0.01923890028835451,logistic,loso
4u_1705_44,4U 1705-44,96060-01-10-00,NS,0.9626080905841242,0.03739190941587578,logistic,loso
4u_1705_44,4U 1705-44,96060-01-23-00,NS,0.9585840795042954,0.04141592049570464,logistic,loso
4u_1705_44,4U 1705-44,96060-01-36-00,NS,0.7112440261321176,0.28875597386788243,logistic,loso
4u_1705_44,4U 1705-44,96060-01-51-00,NS,0.9767490999586187,0.023250900041381306,logistic,loso
4u_1705_44,4U 1705-44,96060-01-65-00,NS,0.9917040688404107,0.008295931159589265,logistic,loso
4u_1705_44,4U 1705-44,96060-01-78-00,NS,0.9592731376046714,0.040726862395328634,logistic,loso
4u_1728_34,4U 1728-34,10410-01-01-00,NS,0.9632371106302571,0.036762889369742924,logistic,loso
4u_1728_34,4U 1728-34,30042-03-02-00,NS,0.9527750657251048,0.04722493427489516,logistic,loso
4u_1728_34,4U 1728-34,30042-03-08-00,NS,0.12106957316189533,0.8789304268381046,logistic,loso
4u_1728_34,4U 1728-34,30042-03-17-00,NS,0.4837506943223116,0.5162493056776885,logistic,loso
4u_1728_34,4U 1728-34,40019-03-01-02,NS,0.7273119269255455,0.27268807307445453,logistic,loso
4u_1728_34,4U 1728-34,40027-06-01-02,NS,0.6125444351167356,0.3874555648832644,logistic,loso
4u_1728_34,4U 1728-34,40027-08-02-02,NS,0.4361684086653797,0.5638315913346204,logistic,loso
4u_1728_34,4U 1728-34,40033-06-02-05,NS,0.6691640654686583,0.33083593453134175,logistic,loso
4u_1728_34,4U 1728-34,50023-01-19-00,NS,0.5828156757287977,0.41718432427120233,logistic,loso
4u_1728_34,4U 1728-34,50023-01-31-00,NS,0.6289995239718558,0.37100047602814423,logistic,loso
4u_1728_34,4U 1728-34,50029-23-01-00,NS,0.5965618424185138,0.40343815758148616,logistic,loso
4u_1728_34,4U 1728-34,50030-03-05-01,NS,0.3451941161542671,0.6548058838457329,logistic,loso
4u_1728_34,4U 1728-34,50030-03-08-00,NS,0.9061371699138087,0.09386283008619134,logistic,loso
4u_1728_34,4U 1728-34,70028-01-01-08,NS,0.5823252936174498,0.4176747063825502,logistic,loso
4u_1728_34,4U 1728-34,91023-01-02-00,NS,0.9657070476651005,0.034292952334899485,logistic,loso
4u_1728_34,4U 1728-34,92023-03-07-00,NS,0.9556077157611459,0.04439228423885411,logistic,loso
4u_1728_34,4U 1728-34,92023-03-09-10,NS,0.9694513849764395,0.030548615023560544,logistic,loso
4u_1728_34,4U 1728-34,92023-03-22-00,NS,0.9423813818641243,0.057618618135875654,logistic,loso
4u_1728_34,4U 1728-34,92023-03-22-10,NS,0.4225867711240169,0.5774132288759831,logistic,loso
4u_1728_34,4U 1728-34,92023-03-33-00,NS,0.9797313550256115,0.020268644974388517,logistic,loso
4u_1728_34,4U 1728-34,92023-03-33-10,NS,0.7079235053924849,0.29207649460751506,logistic,loso
4u_1728_34,4U 1728-34,92023-03-46-10,NS,0.8775088349505091,0.12249116504949087,logistic,loso
4u_1728_34,4U 1728-34,92023-03-47-00,NS,0.138422934975073,0.861577065024927,logistic,loso
4u_1728_34,4U 1728-34,92023-03-52-00,NS,0.9523507378582091,0.04764926214179088,logistic,loso
4u_1728_34,4U 1728-34,92023-03-59-10,NS,0.8912297552489831,0.10877024475101693,logistic,loso
4u_1728_34,4U 1728-34,92023-03-68-00,NS,0.4819852433051864,0.5180147566948137,logistic,loso
4u_1728_34,4U 1728-34,92023-03-74-10,NS,0.9815260586872315,0.01847394131276847,logistic,loso
4u_1728_34,4U 1728-34,92023-03-81-00,NS,0.8872973632740017,0.11270263672599834,logistic,loso
4u_1728_34,4U 1728-34,92023-03-88-10,NS,0.7807264127083858,0.21927358729161417,logistic,loso
4u_1728_34,4U 1728-34,92023-03-94-00,NS,0.49136771032007565,0.5086322896799244,logistic,loso
4u_1728_34,4U 1728-34,96322-01-02-01,NS,0.8333873040121909,0.16661269598780915,logistic,loso
4u_1728_34,4U 1728-34,96322-01-05-00,NS,0.41151618193034634,0.5884838180696537,logistic,loso
4u_1735_444,4U 1735-444,20084-01-01-00,NS,0.9984463426694623,0.0015536573305376944,logistic,loso
4u_1735_444,4U 1735-444,20084-01-02-03,NS,0.999687307773203,0.0003126922267969734,logistic,loso
4u_1735_444,4U 1735-444,40030-02-04-00,NS,0.9985534424864058,0.0014465575135942377,logistic,loso
4u_1735_444,4U 1735-444,40030-02-09-01,NS,0.9989545266396141,0.0010454733603858513,logistic,loso
4u_1735_444,4U 1735-444,40033-07-01-04,NS,0.9967903002205275,0.003209699779472497,logistic,loso
4u_1735_444,4U 1735-444,50025-02-01-01,NS,0.9996408927718454,0.00035910722815457596,logistic,loso
4u_1735_444,4U 1735-444,50025-02-01-06,NS,0.9986175255603348,0.0013824744396652155,logistic,loso
4u_1735_444,4U 1735-444,50026-01-01-03,NS,0.9999987516991045,1.2483008955399555e-06,logistic,loso
4u_1735_444,4U 1735-444,50029-34-01-00,NS,0.998696281566011,0.0013037184339890207,logistic,loso
4u_1735_444,4U 1735-444,60042-01-01-01,NS,0.9995823033150819,0.00041769668491808964,logistic,loso
4u_1735_444,4U 1735-444,91025-01-01-09,NS,0.9988671385248112,0.0011328614751887622,logistic,loso
4u_1735_444,4U 1735-444,91025-01-04-01,NS,0.9992726340129275,0.0007273659870724591,logistic,loso
4u_1735_444,4U 1735-444,91025-01-04-06,NS,0.9999986989964142,1.3010035857519142e-06,logistic,loso
4u_1735_444,4U 1735-444,91025-01-05-06,NS,0.9983149708918106,0.001685029108189351,logistic,loso
4u_1735_444,4U 1735-444,91025-01-06-05,NS,0.9998575061493008,0.00014249385069919906,logistic,loso
4u_1735_444,4U 1735-444,91025-01-08-04,NS,0.9994560784674748,0.0005439215325252489,logistic,loso
4u_1735_444,4U 1735-444,91025-01-08-05,NS,0.9989435400858638,0.0010564599141361652,logistic,loso
4u_1735_444,4U 1735-444,91025-01-09-01,NS,0.9997169944435444,0.00028300555645555114,logistic,loso
4u_1735_444,4U 1735-444,91025-01-09-07,NS,0.9982769331757244,0.0017230668242755875,logistic,loso
4u_1735_444,4U 1735-444,91025-01-09-18,NS,0.9942112113764578,0.0057887886235421515,logistic,loso
4u_1735_444,4U 1735-444,91025-01-10-01,NS,0.9961956810769452,0.0038043189230547725,logistic,loso
4u_1735_444,4U 1735-444,91025-01-11-10,NS,0.9967238340112108,0.0032761659887892147,logistic,loso
4u_1735_444,4U 1735-444,91025-01-12-00,NS,0.9944163459694026,0.0055836540305973514,logistic,loso
4u_1735_444,4U 1735-444,91025-01-13-10,NS,0.9995773448658275,0.00042265513417250045,logistic,loso
4u_1735_444,4U 1735-444,91025-01-16-09,NS,0.9999024020997217,9.759790027830118e-05,logistic,loso
4u_1735_444,4U 1735-444,91152-06-01-10,NS,0.998764386911537,0.0012356130884629835,logistic,loso
4u_1735_444,4U 1735-444,91152-06-02-00,NS,0.9998722858017652,0.00012771419823476293,logistic,loso
4u_1735_444,4U 1735-444,93200-01-01-04,NS,0.9527636653585757,0.047236334641424294,logistic,loso
4u_1735_444,4U 1735-444,96325-01-01-03,NS,0.999694158202452,0.000305841797548001,logistic,loso
4u_1735_444,4U 1735-444,96331-01-01-00,NS,0.9989226758519024,0.0010773241480975804,logistic,loso
4u_1735_444,4U 1735-444,96331-01-03-02,NS,0.9999909444385127,9.05556148733666e-06,logistic,loso
4u_1746_37,4U 1746-37,70050-01-01-00,NS,0.9589987104742944,0.041001289525705586,logistic,loso
4u_1746_37,4U 1746-37,70050-01-01-01,NS,0.9611428936789786,0.03885710632102135,logistic,loso
4u_1746_37,4U 1746-37,70050-01-01-03,NS,0.9481813454388203,0.05181865456117973,logistic,loso
4u_1746_37,4U 1746-37,70050-01-01-04,NS,0.966002499035452,0.03399750096454801,logistic,loso
4u_1746_37,4U 1746-37,70050-01-01-05,NS,0.9515080755623652,0.04849192443763484,logistic,loso
4u_1746_37,4U 1746-37,70050-01-01-06,NS,0.9503840029283228,0.04961599707167719,logistic,loso
4u_1746_37,4U 1746-37,70050-01-01-07,NS,0.950278245872418,0.04972175412758195,logistic,loso
4u_1746_37,4U 1746-37,70050-01-01-08,NS,0.9644807846977982,0.03551921530220181,logistic,loso
4u_1746_37,4U 1746-37,70050-01-01-09,NS,0.9715728112715821,0.028427188728417874,logistic,loso
4u_1746_37,4U 1746-37,70050-01-01-10,NS,0.9593458285229932,0.040654171477006784,logistic,loso
4u_1746_37,4U 1746-37,90044-01-01-00,NS,0.9405193900291121,0.05948060997088789,logistic,loso
4u_1746_37,4U 1746-37,90044-01-01-01,NS,0.929727853186619,0.07027214681338101,logistic,loso
4u_1746_37,4U 1746-37,90044-01-02-00,NS,0.9254961064594873,0.07450389354051268,logistic,loso
4u_1746_37,4U 1746-37,90044-01-02-01,NS,0.9509362141139872,0.04906378588601279,logistic,loso
4u_1746_37,4U 1746-37,90044-01-03-00,NS,0.9485654269583399,0.0514345730416601,logistic,loso
4u_1746_37,4U 1746-37,90044-01-04-00,NS,0.7563913628193335,0.2436086371806665,logistic,loso
4u_1746_37,4U 1746-37,91037-15-01-00,NS,0.8857854049215748,0.11421459507842524,logistic,loso
aql_x_1,Aql X-1,20092-01-02-02,NS,0.9006303537194233,0.09936964628057665,logistic,loso
aql_x_1,Aql X-1,20092-01-04-00,NS,0.9095146337210921,0.09048536627890791,logistic,loso
aql_x_1,Aql X-1,20098-03-01-00,NS,0.9295867594300932,0.07041324056990683,logistic,loso
aql_x_1,Aql X-1,30073-05-01-00,NS,0.9525770692969194,0.04742293070308057,logistic,loso
aql_x_1,Aql X-1,30188-03-02-00,NS,0.9377806008615505,0.06221939913844954,logistic,loso
aql_x_1,Aql X-1,40033-10-02-07,NS,0.7427056729249971,0.2572943270750029,logistic,loso
aql_x_1,Aql X-1,40047-03-03-00,NS,0.8736084643088591,0.12639153569114092,logistic,loso
aql_x_1,Aql X-1,40432-01-04-00,NS,0.646555103609713,0.353444896390287,logistic,loso
aql_x_1,Aql X-1,50049-01-05-01,NS,0.9931512748263536,0.0068487251736464305,logistic,loso
aql_x_1,Aql X-1,50049-02-08-03,NS,0.9752683686549155,0.024731631345084493,logistic,loso
aql_x_1,Aql X-1,50049-02-15-04,NS,0.8776867005054524,0.12231329949454761,logistic,loso
aql_x_1,Aql X-1,60054-02-01-04,NS,0.5882871585287212,0.41171284147127885,logistic,loso
aql_x_1,Aql X-1,70069-03-02-03,NS,0.9077875606273437,0.09221243937265633,logistic,loso
aql_x_1,Aql X-1,70069-03-04-08,NS,0.7862688041242065,0.21373119587579348,logistic,loso
aql_x_1,Aql X-1,90017-01-07-00,NS,0.355419143037952,0.6445808569620479,logistic,loso
aql_x_1,Aql X-1,90403-01-01-00,NS,0.449589334398912,0.550410665601088,logistic,loso
aql_x_1,Aql X-1,91028-01-01-00,NS,0.5523655683282067,0.4476344316717933,logistic,loso
aql_x_1,Aql X-1,91028-01-22-00,NS,0.466252896025585,0.533747103974415,logistic,loso
aql_x_1,Aql X-1,91414-01-09-07,NS,0.7400835738057404,0.2599164261942596,logistic,loso
aql_x_1,Aql X-1,92034-01-05-06,NS,0.755129921862547,0.24487007813745298,logistic,loso
aql_x_1,Aql X-1,93076-01-09-00,NS,0.7032796898705599,0.2967203101294401,logistic,loso
aql_x_1,Aql X-1,93405-01-01-01,NS,0.7995131032777638,0.20048689672223619,logistic,loso
aql_x_1,Aql X-1,93405-01-05-02,NS,0.7817639539152015,0.21823604608479852,logistic,loso
aql_x_1,Aql X-1,94076-01-04-07,NS,0.49745906464958234,0.5025409353504177,logistic,loso
aql_x_1,Aql X-1,94441-01-01-02,NS,0.8653216831187682,0.13467831688123177,logistic,loso
aql_x_1,Aql X-1,95413-01-06-01,NS,0.49747056192260136,0.5025294380773986,logistic,loso
aql_x_1,Aql X-1,96440-01-02-00,NS,0.9910845113230886,0.008915488676911387,logistic,loso
aql_x_1,Aql X-1,96440-01-05-04,NS,0.9900146984680532,0.009985301531946766,logistic,loso
aql_x_1,Aql X-1,96440-01-08-06,NS,0.8576736644875408,0.1423263355124592,logistic,loso
cyg_x_2,Cyg X-2,20053-04-01-01,NS,0.9716713829080706,0.028328617091929353,logistic,loso
cyg_x_2,Cyg X-2,30046-01-03-00,NS,0.9920599376495791,0.007940062350420884,logistic,loso
cyg_x_2,Cyg X-2,40017-02-02-02,NS,0.9901442592729868,0.009855740727013229,logistic,loso
cyg_x_2,Cyg X-2,40017-02-12-00,NS,0.9900156003057071,0.009984399694292878,logistic,loso
cyg_x_2,Cyg X-2,40017-02-16-06,NS,0.9857763145641235,0.014223685435876487,logistic,loso
cyg_x_2,Cyg X-2,40019-04-04-00,NS,0.9725705205317048,0.027429479468295215,logistic,loso
cyg_x_2,Cyg X-2,60417-01-01-00,NS,0.9397976521833656,0.06020234781663436,logistic,loso
cyg_x_2,Cyg X-2,70014-02-02-00,NS,0.9962139459759725,0.003786054024027541,logistic,loso
cyg_x_2,Cyg X-2,70018-03-03-00,NS,0.9865606356036123,0.01343936439638771,logistic,loso
cyg_x_2,Cyg X-2,90030-01-03-10,NS,0.9590433260577761,0.04095667394222391,logistic,loso
cyg_x_2,Cyg X-2,90030-01-08-00,NS,0.994421126574229,0.005578873425771014,logistic,loso
cyg_x_2,Cyg X-2,90030-01-24-00,NS,0.9932099637255641,0.006790036274435862,logistic,loso
cyg_x_2,Cyg X-2,90030-01-41-00,NS,0.9573189261784221,0.04268107382157793,logistic,loso
cyg_x_2,Cyg X-2,90030-01-53-00,NS,0.9984493564062903,0.0015506435937097107,logistic,loso
cyg_x_2,Cyg X-2,90030-01-67-00,NS,0.9853450561263818,0.01465494387361821,logistic,loso
cyg_x_2,Cyg X-2,90030-01-81-00,NS,0.9938847072862245,0.006115292713775533,logistic,loso
cyg_x_2,Cyg X-2,90030-01-95-00,NS,0.9818957295471863,0.01810427045281371,logistic,loso
cyg_x_2,Cyg X-2,91009-01-06-00,NS,0.9929588959036805,0.007041104096319528,logistic,loso
cyg_x_2,Cyg X-2,91009-01-24-00,NS,0.985124423350913,0.014875576649087008,logistic,loso
cyg_x_2,Cyg X-2,91009-01-38-00,NS,0.9619300104419112,0.038069989558088824,logistic,loso
cyg_x_2,Cyg X-2,91010-01-01-05,NS,0.9408236450593123,0.059176354940687736,logistic,loso
cyg_x_2,Cyg X-2,92038-01-05-01,NS,0.9703290640569744,0.02967093594302561,logistic,loso
cyg_x_2,Cyg X-2,92038-01-10-02,NS,0.9913949369016851,0.00860506309831488,logistic,loso
cyg_x_2,Cyg X-2,92039-01-02-03,NS,0.9928549410261011,0.007145058973898943,logistic,loso
cyg_x_2,Cyg X-2,93082-02-04-02,NS,0.9535436678474734,0.04645633215252665,logistic,loso
cyg_x_2,Cyg X-2,93443-01-01-13,NS,0.8796325958684308,0.12036740413156921,logistic,loso
cyg_x_2,Cyg X-2,95345-01-32-00,NS,0.9949152370978587,0.0050847629021413265,logistic,loso
cyg_x_2,Cyg X-2,95345-01-42-00,NS,0.991391741551952,0.008608258448048023,logistic,loso
gs_1354_64,GS 1354-64,20431-01-03-00,BH,0.3159492079506262,0.6840507920493738,logistic,loso
gs_1354_64,GS 1354-64,20431-01-04-00,BH,0.34825304846222216,0.6517469515377778,logistic,loso
gs_1354_64,GS 1354-64,20431-01-05-00,BH,0.3938009770558516,0.6061990229441484,logistic,loso
gs_1354_64,GS 1354-64,30401-01-01-00,BH,0.4875067067637009,0.5124932932362991,logistic,loso
gs_1354_64,GS 1354-64,30401-01-02-00,BH,0.559974908587434,0.44002509141256596,logistic,loso
gs_1354_64,GS 1354-64,30401-01-03-00,BH,0.5844866800227007,0.41551331997729934,logistic,loso
gs_1354_64,GS 1354-64,30401-01-04-00,BH,0.6338123454502703,0.3661876545497297,logistic,loso
gx_339_4,GX 339-4,10420-01-01-00,BH,0.3437586469005597,0.6562413530994403,logistic,loso
gx_339_4,GX 339-4,40031-03-03-00,BH,0.560308026241181,0.43969197375881897,logistic,loso
gx_339_4,GX 339-4,40108-01-04-00,BH,0.6189571660890756,0.3810428339109244,logistic,loso
gx_339_4,GX 339-4,60705-01-56-00,BH,0.7423480754868628,0.25765192451313723,logistic,loso
gx_339_4,GX 339-4,60705-01-69-00,BH,0.1164304975730857,0.8835695024269143,logistic,loso
gx_339_4,GX 339-4,60705-01-80-00,BH,0.7293081786707698,0.2706918213292302,logistic,loso
gx_339_4,GX 339-4,70109-01-28-00,BH,0.7754064631275872,0.2245935368724128,logistic,loso
gx_339_4,GX 339-4,80102-04-57-01,BH,0.7319304243370204,0.2680695756629796,logistic,loso
gx_339_4,GX 339-4,80132-01-15-00,BH,0.26366565319633184,0.7363343468036682,logistic,loso
gx_339_4,GX 339-4,90019-01-02-00,BH,0.4269063336009521,0.5730936663990479,logistic,loso
gx_339_4,GX 339-4,91105-04-08-00,BH,0.7746671852633623,0.2253328147366377,logistic,loso
gx_339_4,GX 339-4,92035-01-02-06,BH,0.0006855090839705865,0.9993144909160294,logistic,loso
gx_339_4,GX 339-4,92085-02-01-00,BH,0.6664349252539453,0.3335650747460547,logistic,loso
gx_339_4,GX 339-4,92704-03-11-00,BH,0.6961365072276742,0.3038634927723258,logistic,loso
gx_339_4,GX 339-4,92704-03-32-00,BH,0.7440401746102977,0.2559598253897023,logistic,loso
gx_339_4,GX 339-4,93076-08-02-00,BH,0.7740584937617901,0.22594150623820985,logistic,loso
gx_339_4,GX 339-4,93409-01-04-01,BH,0.6217431061619293,0.3782568938380707,logistic,loso
gx_339_4,GX 339-4,95409-01-07-01,BH,0.23438730533589514,0.7656126946641049,logistic,loso
gx_339_4,GX 339-4,95409-01-15-01,BH,0.2810265343882315,0.7189734656117686,logistic,loso
gx_339_4,GX 339-4,95409-01-21-00,BH,0.7603352152784056,0.23966478472159436,logistic,loso
gx_339_4,GX 339-4,95409-01-38-01,BH,0.7783274718938255,0.22167252810617455,logistic,loso
gx_339_4,GX 339-4,96409-01-02-03,BH,0.738765523949572,0.26123447605042804,logistic,loso
hete_j1900_1_2455,HETE J1900.1-2455,91015-01-01-00,NS,0.7473437822119647,0.25265621778803526,logistic,loso
hete_j1900_1_2455,HETE J1900.1-2455,91015-01-04-07,NS,0.7220003665134864,0.2779996334865136,logistic,loso
hete_j1900_1_2455,HETE J1900.1-2455,91015-01-07-01,NS,0.7754041860412594,0.22459581395874062,logistic,loso
hete_j1900_1_2455,HETE J1900.1-2455,91057-01-03-01,NS,0.7180059932137806,0.28199400678621944,logistic,loso
hete_j1900_1_2455,HETE J1900.1-2455,91057-01-05-04,NS,0.736536034402418,0.263463965597582,logistic,loso
hete_j1900_1_2455,HETE J1900.1-2455,91057-01-08-00,NS,0.724648269333166,0.27535173066683405,logistic,loso
hete_j1900_1_2455,HETE J1900.1-2455,91057-01-11-00,NS,0.7490998080782238,0.25090019192177615,logistic,loso
hete_j1900_1_2455,HETE J1900.1-2455,91059-03-03-00,NS,0.7430135437516235,0.25698645624837646,logistic,loso
hete_j1900_1_2455,HETE J1900.1-2455,92049-01-04-00,NS,0.7211998221976721,0.2788001778023279,logistic,loso
hete_j1900_1_2455,HETE J1900.1-2455,92049-01-14-00,NS,0.7517287531302969,0.24827124686970314,logistic,loso
hete_j1900_1_2455,HETE J1900.1-2455,92049-01-26-00,NS,0.6973519547878271,0.3026480452121729,logistic,loso
hete_j1900_1_2455,HETE J1900.1-2455,92049-01-37-00,NS,0.7060592848594242,0.29394071514057585,logistic,loso
hete_j1900_1_2455,HETE J1900.1-2455,92049-01-49-00,NS,0.8338602204084934,0.1661397795915066,logistic,loso
hete_j1900_1_2455,HETE J1900.1-2455,93030-01-03-00,NS,0.7774842036997955,0.22251579630020446,logistic,loso
hete_j1900_1_2455,HETE J1900.1-2455,93030-01-15-00,NS,0.8064931619624297,0.1935068380375703,logistic,loso
hete_j1900_1_2455,HETE J1900.1-2455,93030-01-25-01,NS,0.6447349645310335,0.3552650354689665,logistic,loso
hete_j1900_1_2455,HETE J1900.1-2455,93030-01-37-00,NS,0.7488957349302028,0.2511042650697972,logistic,loso
hete_j1900_1_2455,HETE J1900.1-2455,93030-01-48-00,NS,0.7239368790804083,0.27606312091959173,logistic,loso
hete_j1900_1_2455,HETE J1900.1-2455,93451-01-01-00,NS,0.715142968471652,0.28485703152834796,logistic,loso
hete_j1900_1_2455,HETE J1900.1-2455,94030-01-04-00,NS,0.8626621867513736,0.13733781324862637,logistic,loso
hete_j1900_1_2455,HETE J1900.1-2455,94030-01-12-00,NS,0.8405726859366954,0.15942731406330457,logistic,loso
hete_j1900_1_2455,HETE J1900.1-2455,94030-01-24-00,NS,0.723694438203602,0.276305561796398,logistic,loso
hete_j1900_1_2455,HETE J1900.1-2455,94030-01-37-00,NS,0.7050372902857582,0.29496270971424177,logistic,loso
hete_j1900_1_2455,HETE J1900.1-2455,95030-01-05-00,NS,0.8398683956674632,0.16013160433253681,logistic,loso
hete_j1900_1_2455,HETE J1900.1-2455,95030-01-16-00,NS,0.8241459956480464,0.17585400435195364,logistic,loso
hete_j1900_1_2455,HETE J1900.1-2455,95030-01-27-00,NS,0.7535430065053775,0.24645699349462247,logistic,loso
hete_j1900_1_2455,HETE J1900.1-2455,95030-01-40-00,NS,0.6964450113847042,0.30355498861529584,logistic,loso
hete_j1900_1_2455,HETE J1900.1-2455,96030-01-07-00,NS,0.6950935118333638,0.30490648816663624,logistic,loso
hete_j1900_1_2455,HETE J1900.1-2455,96030-01-20-00,NS,0.7183031389840107,0.28169686101598934,logistic,loso
hete_j1900_1_2455,HETE J1900.1-2455,96030-01-32-00,NS,0.7030888761047349,0.2969111238952651,logistic,loso
igr_j00291_5934,IGR J00291+5934,90052-03-01-00,NS,0.5709177226982283,0.42908227730177173,logistic,loso
igr_j00291_5934,IGR J00291+5934,90425-01-01-13,NS,0.746497411407936,0.253502588592064,logistic,loso
igr_j00291_5934,IGR J00291+5934,90425-01-02-14,NS,0.7995416132079401,0.20045838679205985,logistic,loso
igr_j00291_5934,IGR J00291+5934,93013-07-06-02,NS,0.808187912244882,0.19181208775511804,logistic,loso
igr_j00291_5934,IGR J00291+5934,93013-07-18-00,NS,0.7901910781125216,0.20980892188747835,logistic,loso
ks_1731_260,KS 1731-260,10416-01-01-00,NS,0.9661076651793485,0.03389233482065146,logistic,loso
ks_1731_260,KS 1731-260,10416-01-03-00,NS,0.9209122762399414,0.07908772376005857,logistic,loso
ks_1731_260,KS 1731-260,30061-01-01-00,NS,0.9399174996252386,0.06008250037476137,logistic,loso
ks_1731_260,KS 1731-260,30061-01-01-02,NS,0.9369291842631,0.06307081573689999,logistic,loso
ks_1731_260,KS 1731-260,30061-01-01-04,NS,0.9330133215399473,0.06698667846005268,logistic,loso
ks_1731_260,KS 1731-260,30061-01-02-01,NS,0.6651350000480339,0.33486499995196606,logistic,loso
ks_1731_260,KS 1731-260,30061-01-02-03,NS,0.6678805778330527,0.33211942216694734,logistic,loso
ks_1731_260,KS 1731-260,30061-01-02-06,NS,0.6498766992065568,0.3501233007934432,logistic,loso
ks_1731_260,KS 1731-260,30061-01-03-00,NS,0.9193371366761265,0.08066286332387351,logistic,loso
ks_1731_260,KS 1731-260,30061-01-03-01,NS,0.9320562990905817,0.06794370090941826,logistic,loso
ks_1731_260,KS 1731-260,30061-01-04-00,NS,0.9569901074536882,0.04300989254631182,logistic,loso
ks_1731_260,KS 1731-260,30061-01-04-02,NS,0.9435327348856517,0.0564672651143483,logistic,loso
ks_1731_260,KS 1731-260,50031-02-01-01,NS,0.4646699411124822,0.5353300588875178,logistic,loso
ks_1731_260,KS 1731-260,50031-02-01-03,NS,0.4622457366559148,0.5377542633440853,logistic,loso
ks_1731_260,KS 1731-260,50031-02-01-05,NS,0.4788847343628393,0.5211152656371607,logistic,loso
ks_1731_260,KS 1731-260,50031-02-01-09,NS,0.4509718237822083,0.5490281762177918,logistic,loso
ks_1731_260,KS 1731-260,50031-02-01-11,NS,0.45374837322538775,0.5462516267746123,logistic,loso
ks_1731_260,KS 1731-260,50031-02-02-02,NS,0.40423898173082307,0.5957610182691769,logistic,loso
ks_1731_260,KS 1731-260,50031-02-02-04,NS,0.4232847652946179,0.5767152347053821,logistic,loso
ks_1731_260,KS 1731-260,50031-02-02-06,NS,0.41744088901736975,0.5825591109826302,logistic,loso
ks_1731_260,KS 1731-260,50031-02-02-07,NS,0.35148257380457937,0.6485174261954206,logistic,loso
ks_1731_260,KS 1731-260,50031-02-03-00,NS,0.7857594141918585,0.21424058580814154,logistic,loso
ks_1731_260,KS 1731-260,50031-02-03-06,NS,0.7860605829549481,0.21393941704505193,logistic,loso
ks_1731_260,KS 1731-260,50031-02-03-07,NS,0.78264643799566,0.21735356200433997,logistic,loso
ks_1731_260,KS 1731-260,50031-02-03-08,NS,0.7957531301399999,0.20424686986000007,logistic,loso
mxb_1658_298,MXB 1658-298,40050-04-05-00,NS,0.8449243179477323,0.15507568205226774,logistic,loso
mxb_1658_298,MXB 1658-298,40050-04-05-02,NS,0.854515533646619,0.14548446635338097,logistic,loso
mxb_1658_298,MXB 1658-298,40414-01-01-00,NS,0.8468715073445248,0.15312849265547523,logistic,loso
mxb_1658_298,MXB 1658-298,40414-01-02-00,NS,0.8392128238931564,0.16078717610684357,logistic,loso
mxb_1658_298,MXB 1658-298,40414-01-04-00,NS,0.8430314883362378,0.15696851166376224,logistic,loso
mxb_1658_298,MXB 1658-298,40414-01-06-00,NS,0.8493178432836034,0.15068215671639662,logistic,loso
mxb_1658_298,MXB 1658-298,40414-01-08-00,NS,0.7980507858317729,0.2019492141682271,logistic,loso
mxb_1658_298,MXB 1658-298,40414-01-14-00,NS,0.8470976988540422,0.15290230114595782,logistic,loso
mxb_1658_298,MXB 1658-298,40414-01-15-00,NS,0.8374268313855566,0.16257316861444338,logistic,loso
mxb_1658_298,MXB 1658-298,50410-01-02-00,NS,0.8298850975522253,0.17011490244777472,logistic,loso
mxb_1658_298,MXB 1658-298,50410-01-03-00,NS,0.8391793481159638,0.16082065188403616,logistic,loso
mxb_1658_298,MXB 1658-298,50410-01-05-00,NS,0.8376450033956284,0.16235499660437158,logistic,loso
mxb_1658_298,MXB 1658-298,50410-01-07-00,NS,0.8232484172603509,0.17675158273964908,logistic,loso
mxb_1658_298,MXB 1658-298,50410-01-09-00,NS,0.8291468009190377,0.1708531990809623,logistic,loso
mxb_1658_298,MXB 1658-298,60048-01-02-00,NS,0.8455358356759914,0.15446416432400856,logistic,loso
mxb_1658_298,MXB 1658-298,60048-01-04-00,NS,0.8396053624995093,0.16039463750049066,logistic,loso
mxb_1658_298,MXB 1658-298,60048-01-05-00,NS,0.8399512914283104,0.16004870857168962,logistic,loso
mxb_1658_298,MXB 1658-298,60048-02-01-00,NS,0.8507404542625204,0.14925954573747957,logistic,loso
mxb_1658_298,MXB 1658-298,60048-02-03-00,NS,0.8386051678574309,0.1613948321425691,logistic,loso
mxb_1658_298,MXB 1658-298,60048-02-05-00,NS,0.8333028544777942,0.16669714552220583,logistic,loso
mxb_1658_298,MXB 1658-298,60048-03-02-00,NS,0.8417525543624171,0.15824744563758286,logistic,loso
mxb_1658_298,MXB 1658-298,60048-03-03-00,NS,0.8412906978615078,0.15870930213849221,logistic,loso
mxb_1658_298,MXB 1658-298,60048-03-05-00,NS,0.844744345154544,0.155255654845456,logistic,loso
mxb_1658_298,MXB 1658-298,60048-04-02-00,NS,0.8103546335258367,0.1896453664741633,logistic,loso
mxb_1658_298,MXB 1658-298,60419-01-01-00,NS,0.8242832353136582,0.1757167646863418,logistic,loso
sax_j1750_8_2900,SAX J1750.8-2900,60035-01-02-01,NS,0.7298987360086191,0.2701012639913809,logistic,loso
sax_j1750_8_2900,SAX J1750.8-2900,60084-03-01-02,NS,0.8778501307905213,0.12214986920947868,logistic,loso
sax_j1750_8_2900,SAX J1750.8-2900,60084-03-02-00,NS,0.915982690329785,0.08401730967021503,logistic,loso
sax_j1750_8_2900,SAX J1750.8-2900,60117-01-01-00,NS,0.6998436625334031,0.30015633746659687,logistic,loso
sax_j1750_8_2900,SAX J1750.8-2900,93044-08-02-00,NS,0.7833532036864799,0.21664679631352013,logistic,loso
sax_j1750_8_2900,SAX J1750.8-2900,93044-08-05-00,NS,0.8742538562577405,0.12574614374225945,logistic,loso
sax_j1750_8_2900,SAX J1750.8-2900,93044-08-08-01,NS,0.7132426636322476,0.28675733636775236,logistic,loso
sax_j1750_8_2900,SAX J1750.8-2900,93432-01-01-01,NS,0.7387731809729846,0.2612268190270154,logistic,loso
sax_j1750_8_2900,SAX J1750.8-2900,93432-01-02-00,NS,0.7893133981300976,0.2106866018699024,logistic,loso
sax_j1750_8_2900,SAX J1750.8-2900,93432-01-02-05,NS,0.7536880725431931,0.24631192745680686,logistic,loso
sax_j1750_8_2900,SAX J1750.8-2900,93432-01-03-01,NS,0.7701568032207571,0.22984319677924292,logistic,loso
sax_j1750_8_2900,SAX J1750.8-2900,93432-01-03-05,NS,0.714364449862186,0.28563555013781405,logistic,loso
sax_j1750_8_2900,SAX J1750.8-2900,93432-01-04-02,NS,0.6808659008202906,0.31913409917970936,logistic,loso
sax_j1750_8_2900,SAX J1750.8-2900,93432-01-05-02,NS,0.6080954437182092,0.3919045562817908,logistic,loso
sax_j1750_8_2900,SAX J1750.8-2900,93432-01-06-00,NS,0.5601225186594815,0.4398774813405185,logistic,loso
sax_j1750_8_2900,SAX J1750.8-2900,93432-01-06-03,NS,0.8716870982020946,0.12831290179790544,logistic,loso
sax_j1750_8_2900,SAX J1750.8-2900,93432-01-07-00,NS,0.9812548738926177,0.018745126107382326,logistic,loso
sax_j1750_8_2900,SAX J1750.8-2900,93432-01-07-04,NS,0.9345647724676767,0.06543522753232334,logistic,loso
sax_j1750_8_2900,SAX J1750.8-2900,93432-01-08-01,NS,0.9284327672959771,0.07156723270402288,logistic,loso
sax_j1750_8_2900,SAX J1750.8-2900,93432-01-09-03,NS,0.9174884083280804,0.08251159167191957,logistic,loso
sax_j1750_8_2900,SAX J1750.8-2900,93432-01-10-01,NS,0.9539063006606358,0.04609369933936425,logistic,loso
sax_j1750_8_2900,SAX J1750.8-2900,93432-01-10-04,NS,0.921752068073363,0.07824793192663704,logistic,loso
sax_j1750_8_2900,SAX J1750.8-2900,93432-01-11-02,NS,0.9183177403306086,0.08168225966939135,logistic,loso
sax_j1750_8_2900,SAX J1750.8-2900,93432-01-11-03,NS,0.9246553195556183,0.0753446804443817,logistic,loso
sax_j1750_8_2900,SAX J1750.8-2900,93432-01-12-02,NS,0.87700772151291,0.12299227848709005,logistic,loso
sax_j1750_8_2900,SAX J1750.8-2900,93432-01-13-02,NS,0.8475493134285821,0.15245068657141791,logistic,loso
sax_j1750_8_2900,SAX J1750.8-2900,93432-01-14-01,NS,0.7707830996981103,0.22921690030188968,logistic,loso
sax_j1750_8_2900,SAX J1750.8-2900,93432-01-14-03,NS,0.7363078170554795,0.26369218294452046,logistic,loso
sax_j1750_8_2900,SAX J1750.8-2900,93432-01-15-00,NS,0.7608865617010551,0.23911343829894494,logistic,loso
sax_j1750_8_2900,SAX J1750.8-2900,93432-01-16-00,NS,0.7956357196331139,0.20436428036688614,logistic,loso
sax_j1750_8_2900,SAX J1750.8-2900,93432-01-16-04,NS,0.770398504349547,0.22960149565045296,logistic,loso
sax_j1750_8_2900,SAX J1750.8-2900,93432-01-17-02,NS,0.7679161613507745,0.23208383864922555,logistic,loso
sax_j1806_5_2215,SAX J1806.5-2215,96085-04-01-00,NS,0.7967371109546875,0.20326288904531253,logistic,loso
sax_j1806_5_2215,SAX J1806.5-2215,96085-04-02-01,NS,0.790486758075353,0.20951324192464704,logistic,loso
sax_j1806_5_2215,SAX J1806.5-2215,96085-04-03-00,NS,0.769105105830913,0.23089489416908704,logistic,loso
sax_j1806_5_2215,SAX J1806.5-2215,96085-04-03-02,NS,0.7649986139304241,0.23500138606957588,logistic,loso
sax_j1806_5_2215,SAX J1806.5-2215,96085-04-03-03,NS,0.7455543202437339,0.2544456797562661,logistic,loso
sax_j1806_5_2215,SAX J1806.5-2215,96085-04-04-00,NS,0.7641209740790603,0.23587902592093968,logistic,loso
sax_j1806_5_2215,SAX J1806.5-2215,96085-04-04-01,NS,0.7607503491201107,0.23924965087988925,logistic,loso
sax_j1806_5_2215,SAX J1806.5-2215,96085-04-04-03,NS,0.7636837723152022,0.23631622768479776,logistic,loso
sax_j1806_5_2215,SAX J1806.5-2215,96085-04-05-00,NS,0.7733845818502617,0.2266154181497383,logistic,loso
sax_j1806_5_2215,SAX J1806.5-2215,96085-04-05-03,NS,0.7933809523796432,0.20661904762035677,logistic,loso
sax_j1806_5_2215,SAX J1806.5-2215,96085-04-06-00,NS,0.8134248745580271,0.18657512544197286,logistic,loso
sax_j1806_5_2215,SAX J1806.5-2215,96085-04-06-01,NS,0.8112365378447569,0.1887634621552431,logistic,loso
sax_j1806_5_2215,SAX J1806.5-2215,96085-04-08-00,NS,0.8394978276663686,0.1605021723336314,logistic,loso
sax_j1806_5_2215,SAX J1806.5-2215,96085-04-09-00,NS,0.8592787014755912,0.14072129852440884,logistic,loso
sax_j1806_5_2215,SAX J1806.5-2215,96085-04-09-01,NS,0.8236330246139357,0.17636697538606427,logistic,loso
sax_j1806_5_2215,SAX J1806.5-2215,96085-04-10-01,NS,0.8298507707986708,0.17014922920132924,logistic,loso
sax_j1806_5_2215,SAX J1806.5-2215,96085-04-11-00,NS,0.8487894242383387,0.1512105757616613,logistic,loso
sax_j1806_5_2215,SAX J1806.5-2215,96085-04-12-01,NS,0.8010222284455264,0.1989777715544736,logistic,loso
sax_j1806_5_2215,SAX J1806.5-2215,96085-04-13-00,NS,0.8498174974331055,0.15018250256689447,logistic,loso
sax_j1806_5_2215,SAX J1806.5-2215,96085-04-15-00,NS,0.7595491298982527,0.24045087010174726,logistic,loso
sax_j1806_5_2215,SAX J1806.5-2215,96085-04-16-00,NS,0.7657978714377308,0.23420212856226919,logistic,loso
sax_j1806_5_2215,SAX J1806.5-2215,96085-04-17-00,NS,0.7885769553090454,0.21142304469095463,logistic,loso
sax_j1806_5_2215,SAX J1806.5-2215,96085-04-19-00,NS,0.7806159680191677,0.21938403198083234,logistic,loso
sax_j1806_5_2215,SAX J1806.5-2215,96085-04-20-00,NS,0.824063554255403,0.175936445744597,logistic,loso
sax_j1806_5_2215,SAX J1806.5-2215,96085-04-23-00,NS,0.8781354631477858,0.12186453685221421,logistic,loso
sax_j1806_5_2215,SAX J1806.5-2215,96085-04-25-00,NS,0.9016591166702808,0.09834088332971924,logistic,loso
sax_j1806_5_2215,SAX J1806.5-2215,96085-04-26-00,NS,0.9094711877896006,0.09052881221039943,logistic,loso
sax_j1806_5_2215,SAX J1806.5-2215,96085-04-28-00,NS,0.8512853852571274,0.14871461474287262,logistic,loso
sax_j1806_5_2215,SAX J1806.5-2215,96085-04-29-00,NS,0.8275966900445502,0.17240330995544983,logistic,loso
sax_j1806_5_2215,SAX J1806.5-2215,96085-04-30-00,NS,0.7789128201130712,0.22108717988692883,logistic,loso
sax_j1806_5_2215,SAX J1806.5-2215,96085-04-31-00,NS,0.7637895507367435,0.23621044926325652,logistic,loso
sax_j1806_5_2215,SAX J1806.5-2215,96085-04-33-00,NS,0.8170052398565525,0.1829947601434475,logistic,loso
sax_j1808_4_3658,SAX J1808.4-3658,70080-01-02-03,NS,0.5787666027615774,0.42123339723842257,logistic,loso
sax_j1808_4_3658,SAX J1808.4-3658,70080-01-02-13,NS,0.6848327174117802,0.3151672825882198,logistic,loso
sax_j1808_4_3658,SAX J1808.4-3658,70080-01-03-12,NS,0.6982378755074818,0.30176212449251816,logistic,loso
sax_j1808_4_3658,SAX J1808.4-3658,70080-02-02-35,NS,0.8139673596883635,0.18603264031163647,logistic,loso
sax_j1808_4_3658,SAX J1808.4-3658,70080-02-02-36,NS,0.7990763681643275,0.20092363183567252,logistic,loso
sax_j1808_4_3658,SAX J1808.4-3658,70080-03-06-00,NS,0.8057741845335458,0.19422581546645423,logistic,loso
sax_j1808_4_3658,SAX J1808.4-3658,70080-03-20-02,NS,0.807240173022411,0.19275982697758898,logistic,loso
sax_j1808_4_3658,SAX J1808.4-3658,70080-03-20-10,NS,0.828987095150554,0.17101290484944598,logistic,loso
sax_j1808_4_3658,SAX J1808.4-3658,91056-01-02-01,NS,0.6270103062983178,0.3729896937016822,logistic,loso
sax_j1808_4_3658,SAX J1808.4-3658,91056-01-03-09,NS,0.7347002935842777,0.2652997064157223,logistic,loso
sax_j1808_4_3658,SAX J1808.4-3658,91418-01-03-01,NS,0.8095225671382978,0.19047743286170216,logistic,loso
sax_j1808_4_3658,SAX J1808.4-3658,93027-01-02-00,NS,0.6291985538104212,0.3708014461895788,logistic,loso
sax_j1808_4_3658,SAX J1808.4-3658,96027-01-01-00,NS,0.5750287965471231,0.42497120345287687,logistic,loso
sax_j1808_4_3658,SAX J1808.4-3658,96027-01-02-07,NS,0.8061337586683784,0.19386624133162156,logistic,loso
sax_j1810_8_2609,SAX J1810.8-2609,93044-02-01-00,NS,0.8041940193812728,0.19580598061872723,logistic,loso
sax_j1810_8_2609,SAX J1810.8-2609,93044-02-02-00,NS,0.7968244123124262,0.20317558768757382,logistic,loso
sax_j1810_8_2609,SAX J1810.8-2609,93044-02-03-00,NS,0.7652823447628362,0.2347176552371638,logistic,loso
sax_j1810_8_2609,SAX J1810.8-2609,93044-02-04-00,NS,0.7418149187796632,0.2581850812203368,logistic,loso
sax_j1810_8_2609,SAX J1810.8-2609,93044-02-06-00,NS,0.6847752554773311,0.3152247445226689,logistic,loso
sax_j1810_8_2609,SAX J1810.8-2609,93044-02-06-01,NS,0.7015382341931945,0.2984617658068055,logistic,loso
sax_j1810_8_2609,SAX J1810.8-2609,93044-02-07-00,NS,0.8122528825726294,0.1877471174273706,logistic,loso
sax_j1810_8_2609,SAX J1810.8-2609,93044-02-08-00,NS,0.8112910497792144,0.1887089502207856,logistic,loso
sax_j1810_8_2609,SAX J1810.8-2609,93093-01-01-00,NS,0.7216743296770746,0.27832567032292543,logistic,loso
sax_j1810_8_2609,SAX J1810.8-2609,93093-01-01-01,NS,0.7366218591010352,0.26337814089896483,logistic,loso
sax_j1810_8_2609,SAX J1810.8-2609,93093-01-01-02,NS,0.725503318894704,0.274496681105296,logistic,loso
sax_j1810_8_2609,SAX J1810.8-2609,93093-01-02-01,NS,0.7141314051832146,0.2858685948167854,logistic,loso
sax_j1810_8_2609,SAX J1810.8-2609,93093-01-02-02,NS,0.7160208988980675,0.2839791011019325,logistic,loso
sax_j1810_8_2609,SAX J1810.8-2609,93093-01-02-03,NS,0.7168647454372699,0.28313525456273014,logistic,loso
sax_j1810_8_2609,SAX J1810.8-2609,93093-01-02-04,NS,0.721728903555443,0.27827109644455705,logistic,loso
sax_j1810_8_2609,SAX J1810.8-2609,93093-01-02-05,NS,0.7306380608640138,0.26936193913598616,logistic,loso
sax_j1810_8_2609,SAX J1810.8-2609,93093-01-02-06,NS,0.7135503139804804,0.2864496860195196,logistic,loso
sax_j1810_8_2609,SAX J1810.8-2609,93093-01-02-07,NS,0.7237441905584505,0.2762558094415495,logistic,loso
sax_j1810_8_2609,SAX J1810.8-2609,93093-01-02-08,NS,0.7363586402447475,0.2636413597552525,logistic,loso
sax_j1810_8_2609,SAX J1810.8-2609,93093-01-02-10,NS,0.7425511337009445,0.2574488662990555,logistic,loso
sax_j1810_8_2609,SAX J1810.8-2609,93093-01-02-11,NS,0.7057137083550726,0.29428629164492737,logistic,loso
sax_j1810_8_2609,SAX J1810.8-2609,93414-01-01-00,NS,0.7686457896918534,0.23135421030814662,logistic,loso
sax_j1810_8_2609,SAX J1810.8-2609,93414-01-01-01,NS,0.7536372558654326,0.24636274413456738,logistic,loso
sax_j1810_8_2609,SAX J1810.8-2609,93414-01-01-02,NS,0.7968436736993151,0.20315632630068492,logistic,loso
sax_j1810_8_2609,SAX J1810.8-2609,93414-01-01-03,NS,0.7463712667376965,0.2536287332623035,logistic,loso
sax_j1810_8_2609,SAX J1810.8-2609,93414-01-04-00,NS,0.7589904424733428,0.2410095575266572,logistic,loso
sax_j1810_8_2609,SAX J1810.8-2609,93414-01-04-01,NS,0.7712445789707554,0.22875542102924462,logistic,loso
sax_j1810_8_2609,SAX J1810.8-2609,93414-01-04-02,NS,0.7522075975075113,0.24779240249248868,logistic,loso
sax_j1810_8_2609,SAX J1810.8-2609,93414-01-04-03,NS,0.7463959850329095,0.2536040149670905,logistic,loso
sax_j1810_8_2609,SAX J1810.8-2609,93414-01-05-00,NS,0.789125443617415,0.210874556382585,logistic,loso
sax_j1810_8_2609,SAX J1810.8-2609,93414-01-05-01,NS,0.8048125510914713,0.19518744890852868,logistic,loso
slx_1735_269,SLX 1735-269,20089-02-01-00,NS,0.7867686698150832,0.2132313301849168,logistic,loso
slx_1735_269,SLX 1735-269,20170-03-01-00,NS,0.8105165984740917,0.18948340152590826,logistic,loso
slx_1735_269,SLX 1735-269,20170-03-03-00,NS,0.7867778942030145,0.21322210579698553,logistic,loso
slx_1735_269,SLX 1735-269,20170-03-06-00,NS,0.7907800137724706,0.20921998622752935,logistic,loso
slx_1735_269,SLX 1735-269,20170-03-08-00,NS,0.8160566693711159,0.18394333062888413,logistic,loso
slx_1735_269,SLX 1735-269,20170-03-11-00,NS,0.7993744431693753,0.20062555683062466,logistic,loso
slx_1735_269,SLX 1735-269,60034-01-01-03,NS,0.785308926203077,0.21469107379692298,logistic,loso
slx_1735_269,SLX 1735-269,60034-01-01-05,NS,0.7746084262869704,0.22539157371302965,logistic,loso
slx_1735_269,SLX 1735-269,60034-01-02-03,NS,0.7790435207785997,0.22095647922140027,logistic,loso
slx_1735_269,SLX 1735-269,60034-01-03-00,NS,0.8527373626033591,0.14726263739664092,logistic,loso
slx_1735_269,SLX 1735-269,70134-08-01-00,NS,0.8127119717431853,0.18728802825681468,logistic,loso
slx_1735_269,SLX 1735-269,80138-03-01-00,NS,0.8523947054065871,0.14760529459341287,logistic,loso
slx_1735_269,SLX 1735-269,80138-03-04-00,NS,0.787169933082455,0.21283006691754502,logistic,loso
slx_1735_269,SLX 1735-269,80138-03-06-00,NS,0.8617559896067847,0.13824401039321532,logistic,loso
slx_1735_269,SLX 1735-269,80138-03-07-02,NS,0.852714910008937,0.14728508999106305,logistic,loso
slx_1735_269,SLX 1735-269,80138-03-08-00,NS,0.7909726411261857,0.2090273588738143,logistic,loso
slx_1735_269,SLX 1735-269,90058-05-01-02,NS,0.8477898343763471,0.15221016562365286,logistic,loso
slx_1735_269,SLX 1735-269,90058-05-01-04,NS,0.8649007036421794,0.1350992963578206,logistic,loso
slx_1735_269,SLX 1735-269,92052-02-01-00,NS,0.822658947189407,0.17734105281059298,logistic,loso
slx_1735_269,SLX 1735-269,94044-05-01-00,NS,0.8241897224726714,0.17581027752732858,logistic,loso
slx_1735_269,SLX 1735-269,96429-01-02-00,NS,0.8063258466487935,0.19367415335120652,logistic,loso
slx_1735_269,SLX 1735-269,96429-01-02-02,NS,0.7992779036042316,0.20072209639576843,logistic,loso
slx_1735_269,SLX 1735-269,96429-01-04-00,NS,0.8041260081563786,0.19587399184362142,logistic,loso
slx_1735_269,SLX 1735-269,96429-01-05-00,NS,0.8042972357653083,0.19570276423469168,logistic,loso
slx_1735_269,SLX 1735-269,96429-01-06-02,NS,0.8014229498645332,0.19857705013546678,logistic,loso
slx_1735_269,SLX 1735-269,96429-01-07-00,NS,0.7923664087546913,0.20763359124530867,logistic,loso
slx_1735_269,SLX 1735-269,96429-01-08-01,NS,0.784882846961701,0.21511715303829904,logistic,loso
slx_1735_269,SLX 1735-269,96429-01-08-03,NS,0.7959168269214548,0.20408317307854518,logistic,loso
ser_x_1,Ser X-1,40025-03-01-00,NS,0.9574227993779908,0.042577200622009204,logistic,loso
ser_x_1,Ser X-1,40025-03-01-01,NS,0.9609887687030761,0.039011231296923854,logistic,loso
ser_x_1,Ser X-1,40025-03-01-02,NS,0.9489804813466546,0.05101951865334542,logistic,loso
ser_x_1,Ser X-1,40025-03-02-00,NS,0.9622647264166811,0.03773527358331885,logistic,loso
ser_x_1,Ser X-1,40025-03-02-01,NS,0.9465864452353548,0.053413554764645155,logistic,loso
ser_x_1,Ser X-1,40426-01-01-00,NS,0.9655752950220508,0.03442470497794925,logistic,loso
ser_x_1,Ser X-1,50029-35-01-00,NS,0.9391611940011664,0.06083880599883362,logistic,loso
ser_x_1,Ser X-1,70014-03-01-00,NS,0.9577548713050286,0.042245128694971434,logistic,loso
ser_x_1,Ser X-1,70014-03-01-01,NS,0.9542831677410432,0.04571683225895684,logistic,loso
ser_x_1,Ser X-1,70014-03-01-02,NS,0.9513301762990432,0.04866982370095685,logistic,loso
ser_x_1,Ser X-1,70014-03-02-00,NS,0.9417857604817229,0.05821423951827709,logistic,loso
ser_x_1,Ser X-1,70014-03-02-01,NS,0.9509499171059286,0.04905008289407142,logistic,loso
ser_x_1,Ser X-1,70014-03-02-02,NS,0.965931827542173,0.034068172457827006,logistic,loso
ser_x_1,Ser X-1,70014-03-02-03,NS,0.9433506073898162,0.05664939261018376,logistic,loso
ser_x_1,Ser X-1,70027-04-01-00,NS,0.932605128705856,0.06739487129414401,logistic,loso
ser_x_1,Ser X-1,70027-04-01-01,NS,0.9371061244540861,0.06289387554591386,logistic,loso
ser_x_1,Ser X-1,70027-04-08-00,NS,0.9445660174149508,0.05543398258504917,logistic,loso
v4641_sgr,V4641 Sgr,80054-08-01-00,BH,0.338071387552787,0.661928612447213,logistic,loso
v4641_sgr,V4641 Sgr,80054-08-01-01,BH,0.1657296877192463,0.8342703122807538,logistic,loso
v4641_sgr,V4641 Sgr,80054-08-02-00,BH,0.6545366107996085,0.34546338920039155,logistic,loso
v4641_sgr,V4641 Sgr,91422-01-01-00,BH,0.6978231071773978,0.3021768928226022,logistic,loso
v4641_sgr,V4641 Sgr,95436-01-01-00,BH,0.7838274109274789,0.21617258907252113,logistic,loso
xte_j1118_480,XTE J1118+480,50133-01-04-00,BH,0.6873061373619048,0.3126938626380952,logistic,loso
xte_j1118_480,XTE J1118+480,50133-01-05-00,BH,0.7078084217120686,0.2921915782879314,logistic,loso
xte_j1118_480,XTE J1118+480,50133-01-06-00,BH,0.7303712607523135,0.2696287392476865,logistic,loso
xte_j1118_480,XTE J1118+480,50137-01-01-00,BH,0.7062913997592563,0.29370860024074374,logistic,loso
xte_j1118_480,XTE J1118+480,50137-01-04-00,BH,0.6560502942998021,0.3439497057001979,logistic,loso
xte_j1118_480,XTE J1118+480,50407-01-01-00,BH,0.661721665054456,0.33827833494554405,logistic,loso
xte_j1118_480,XTE J1118+480,50407-01-02-00,BH,0.6391296735938602,0.3608703264061398,logistic,loso
xte_j1118_480,XTE J1118+480,50407-01-02-02,BH,0.6396512076005304,0.3603487923994696,logistic,loso
xte_j1118_480,XTE J1118+480,50407-01-03-01,BH,0.5279537278047436,0.4720462721952564,logistic,loso
xte_j1118_480,XTE J1118+480,50407-01-05-01,BH,0.6055125081449513,0.3944874918550487,logistic,loso
xte_j1118_480,XTE J1118+480,50407-01-06-00,BH,0.6632610855898561,0.3367389144101439,logistic,loso
xte_j1118_480,XTE J1118+480,50407-01-10-01,BH,0.662357328289353,0.337642671710647,logistic,loso
xte_j1118_480,XTE J1118+480,50407-01-15-00,BH,0.8406127202044377,0.15938727979556233,logistic,loso
xte_j1118_480,XTE J1118+480,90011-01-01-01,BH,0.7916430993978564,0.20835690060214362,logistic,loso
xte_j1118_480,XTE J1118+480,90011-01-01-02,BH,0.7778863675958634,0.22211363240413662,logistic,loso
xte_j1118_480,XTE J1118+480,90011-01-01-05,BH,0.8046631393113107,0.19533686068868927,logistic,loso
xte_j1118_480,XTE J1118+480,90011-01-01-09,BH,0.7943317895590545,0.20566821044094552,logistic,loso
xte_j1118_480,XTE J1118+480,90011-01-01-13,BH,0.8270028047843053,0.17299719521569468,logistic,loso
xte_j1118_480,XTE J1118+480,90111-01-02-02,BH,0.8222651739244446,0.17773482607555535,logistic,loso
xte_j1118_480,XTE J1118+480,90111-01-02-06,BH,0.8540205389612594,0.1459794610387406,logistic,loso
xte_j1118_480,XTE J1118+480,90111-01-02-11,BH,0.8535561113627192,0.14644388863728075,logistic,loso
xte_j1118_480,XTE J1118+480,90111-01-03-02,BH,0.8605828745848774,0.13941712541512263,logistic,loso
xte_j1550_564,XTE J1550-564,30188-06-01-02,BH,3.7756450921589577e-08,0.999999962243549,logistic,loso
xte_j1550_564,XTE J1550-564,30191-01-02-00,BH,4.5976619314796066e-11,0.9999999999540233,logistic,loso
xte_j1550_564,XTE J1550-564,30191-01-12-00,BH,6.916320508369154e-06,0.9999930836794916,logistic,loso
xte_j1550_564,XTE J1550-564,30191-01-28-01,BH,0.00017575471619668388,0.9998242452838033,logistic,loso
xte_j1550_564,XTE J1550-564,30191-01-34-00,BH,0.0036239135663476553,0.9963760864336524,logistic,loso
xte_j1550_564,XTE J1550-564,30191-01-44-00,BH,0.5860256120032513,0.4139743879967487,logistic,loso
xte_j1550_564,XTE J1550-564,30435-01-07-00,BH,0.6940793052972406,0.3059206947027594,logistic,loso
xte_j1550_564,XTE J1550-564,30435-01-15-01,BH,0.3730805403106213,0.6269194596893787,logistic,loso
xte_j1550_564,XTE J1550-564,30435-01-25-00,BH,0.14321932431227102,0.856780675687729,logistic,loso
xte_j1550_564,XTE J1550-564,40401-01-08-00,BH,0.1666680222527294,0.8333319777472706,logistic,loso
xte_j1550_564,XTE J1550-564,40401-01-18-00,BH,0.012625276195734399,0.9873747238042656,logistic,loso
xte_j1550_564,XTE J1550-564,40401-01-26-00,BH,0.10559219583685234,0.8944078041631477,logistic,loso
xte_j1550_564,XTE J1550-564,40401-01-35-01,BH,0.13667806030184432,0.8633219396981557,logistic,loso
xte_j1550_564,XTE J1550-564,40401-01-43-00,BH,0.11579026583194685,0.8842097341680532,logistic,loso
xte_j1550_564,XTE J1550-564,40401-01-53-00,BH,0.00010375032226909573,0.9998962496777309,logistic,loso
xte_j1550_564,XTE J1550-564,40401-01-60-00,BH,0.12566739284442535,0.8743326071555746,logistic,loso
xte_j1550_564,XTE J1550-564,40401-01-70-00,BH,0.4595485048692328,0.5404514951307672,logistic,loso
xte_j1550_564,XTE J1550-564,40401-01-80-00,BH,0.6911170363600505,0.3088829636399495,logistic,loso
xte_j1550_564,XTE J1550-564,40401-01-82-04,BH,0.6768192618670253,0.32318073813297465,logistic,loso
xte_j1550_564,XTE J1550-564,40401-01-96-01,BH,0.6988598221636076,0.30114017783639235,logistic,loso
xte_j1550_564,XTE J1550-564,50134-01-05-00,BH,0.14159405153555865,0.8584059484644413,logistic,loso
xte_j1550_564,XTE J1550-564,50134-02-04-01,BH,0.21645407391764016,0.7835459260823598,logistic,loso
xte_j1550_564,XTE J1550-564,50135-01-11-00,BH,0.5731669464836602,0.4268330535163398,logistic,loso
xte_j1550_564,XTE J1550-564,50137-02-04-01,BH,0.0008050397775177159,0.9991949602224823,logistic,loso
xte_j1550_564,XTE J1550-564,50137-02-12-00,BH,0.2606413359167813,0.7393586640832187,logistic,loso
xte_j1550_564,XTE J1550-564,60428-01-09-00,BH,0.5977348645479924,0.4022651354520076,logistic,loso
xte_j1550_564,XTE J1550-564,80135-01-04-01,BH,0.0432861151021033,0.9567138848978967,logistic,loso
xte_j1859_226,XTE J1859+226,40122-01-01-03,BH,0.04787736498061177,0.9521226350193882,logistic,loso
xte_j1859_226,XTE J1859+226,40122-01-03-01,BH,0.4786613638122881,0.5213386361877119,logistic,loso
xte_j1859_226,XTE J1859+226,40124-01-11-00,BH,0.12181177530578985,0.8781882246942101,logistic,loso
xte_j1859_226,XTE J1859+226,40124-01-15-03,BH,0.07130151527458913,0.9286984847254108,logistic,loso
xte_j1859_226,XTE J1859+226,40124-01-20-00,BH,0.11914199525591758,0.8808580047440824,logistic,loso
xte_j1859_226,XTE J1859+226,40124-01-27-00,BH,0.05074834968025413,0.9492516503197459,logistic,loso
xte_j1859_226,XTE J1859+226,40124-01-30-00,BH,0.07406237274895298,0.925937627251047,logistic,loso
xte_j1859_226,XTE J1859+226,40124-01-33-00,BH,0.13081477141132558,0.8691852285886744,logistic,loso
xte_j1859_226,XTE J1859+226,40124-01-35-02,BH,0.2217428314072065,0.7782571685927935,logistic,loso
xte_j1859_226,XTE J1859+226,40124-01-36-00,BH,0.1031325252430765,0.8968674747569235,logistic,loso
xte_j1859_226,XTE J1859+226,40124-01-38-00,BH,0.2596732316695685,0.7403267683304315,logistic,loso
xte_j1859_226,XTE J1859+226,40124-01-40-01,BH,0.46535133591263406,0.534648664087366,logistic,loso
xte_j1859_226,XTE J1859+226,40124-01-46-00,BH,0.5989071282232451,0.4010928717767549,logistic,loso
xte_j1859_226,XTE J1859+226,40124-01-49-00,BH,0.6824871478529767,0.3175128521470233,logistic,loso
xte_j1859_226,XTE J1859+226,40124-01-51-00,BH,0.7004011939694365,0.29959880603056355,logistic,loso
xte_j1859_226,XTE J1859+226,40124-01-52-02,BH,0.7658935127843554,0.23410648721564464,logistic,loso
xte_j1859_226,XTE J1859+226,40124-01-55-00,BH,0.7702180641199157,0.22978193588008433,logistic,loso
xte_j1859_226,XTE J1859+226,40124-01-55-03,BH,0.7880362682977538,0.21196373170224625,logistic,loso
xte_j1859_226,XTE J1859+226,40124-01-57-01,BH,0.7334687646151331,0.2665312353848669,logistic,loso
xte_j1859_226,XTE J1859+226,40124-01-58-03,BH,0.6907053440386269,0.30929465596137307,logistic,loso
xte_j1859_226,XTE J1859+226,40124-01-61-00,BH,0.7688958132978081,0.2311041867021919,logistic,loso
xte_j1859_226,XTE J1859+226,40124-01-63-00,BH,0.8028311448105816,0.1971688551894184,logistic,loso
xte_j1859_226,XTE J1859+226,40440-01-03-00,BH,0.8300051698643993,0.16999483013560068,logistic,loso
4u_1702_429,4U 1702-429,20084-02-02-01,NS,1.0,0.0,forest,observation
gs_1354_64,GS 1354-64,20431-01-05-00,BH,0.32003571428571426,0.6799642857142858,forest,observation
4u_0614_09,4U 0614+09,30054-01-02-03,NS,0.7952380952380953,0.2047619047619047,forest,observation
ks_1731_260,KS 1731-260,30061-01-01-00,NS,1.0,0.0,forest,observation
ks_1731_260,KS 1731-260,30061-01-02-03,NS,0.8950680708180708,0.10493192918192917,forest,observation
ks_1731_260,KS 1731-260,30061-01-02-06,NS,0.8587813852813854,0.14121861471861463,forest,observation
ks_1731_260,KS 1731-260,30061-01-03-00,NS,0.9866666666666667,0.013333333333333308,forest,observation
ks_1731_260,KS 1731-260,30061-01-04-02,NS,1.0,0.0,forest,observation
4u_1608_522,4U 1608-522,30062-02-01-05,NS,0.99375,0.006249999999999978,forest,observation
gs_1354_64,GS 1354-64,30401-01-01-00,BH,0.17254761904761906,0.8274523809523809,forest,observation
xte_j1550_564,XTE J1550-564,30435-01-07-00,BH,0.2541785714285714,0.7458214285714286,forest,observation
xte_j1550_564,XTE J1550-564,30435-01-15-01,BH,0.6168095238095237,0.3831904761904763,forest,observation
cyg_x_2,Cyg X-2,40017-02-16-06,NS,0.9610238095238094,0.03897619047619061,forest,observation
cyg_x_2,Cyg X-2,40019-04-04-00,NS,0.9925,0.007499999999999951,forest,observation
ser_x_1,Ser X-1,40025-03-01-00,NS,1.0,0.0,forest,observation
ser_x_1,Ser X-1,40025-03-02-01,NS,0.9886666666666667,0.011333333333333306,forest,observation
4u_1702_429,4U 1702-429,40025-04-02-00,NS,0.9214880952380955,0.0785119047619045,forest,observation
4u_1702_429,4U 1702-429,40025-04-03-03,NS,0.9708571428571429,0.029142857142857137,forest,observation
4u_1728_34,4U 1728-34,40027-06-01-02,NS,0.9834999999999999,0.01650000000000007,forest,observation
4u_1728_34,4U 1728-34,40033-06-02-05,NS,0.9193333333333333,0.08066666666666666,forest,observation
xte_j1859_226,XTE J1859+226,40122-01-03-01,BH,0.6222316017316016,0.37776839826839836,forest,observation
xte_j1859_226,XTE J1859+226,40124-01-52-02,BH,0.3553095238095238,0.6446904761904761,forest,observation
xte_j1859_226,XTE J1859+226,40124-01-57-01,BH,0.6788095238095238,0.32119047619047625,forest,observation
xte_j1550_564,XTE J1550-564,40401-01-08-00,BH,0.16091208791208791,0.8390879120879121,forest,observation
xte_j1550_564,XTE J1550-564,40401-01-60-00,BH,0.0915952380952381,0.9084047619047619,forest,observation
xte_j1550_564,XTE J1550-564,40401-01-80-00,BH,0.7517896825396825,0.24821031746031752,forest,observation
mxb_1658_298,MXB 1658-298,40414-01-06-00,NS,0.9668888888888888,0.0331111111111112,forest,observation
mxb_1658_298,MXB 1658-298,40414-01-14-00,NS,0.9888888888888888,0.011111111111111183,forest,observation
4u_0614_09,4U 0614+09,40429-01-06-01,NS,0.8791904761904762,0.12080952380952381,forest,observation
4u_1728_34,4U 1728-34,50023-01-19-00,NS,0.9884999999999999,0.011500000000000066,forest,observation
4u_1728_34,4U 1728-34,50023-01-31-00,NS,0.9795,0.020499999999999963,forest,observation
ser_x_1,Ser X-1,50029-35-01-00,NS,0.9966666666666666,0.0033333333333334103,forest,observation
4u_1702_429,4U 1702-429,50030-01-01-03,NS,0.995,0.0050000000000000044,forest,observation
4u_1702_429,4U 1702-429,50030-01-07-00,NS,0.9848809523809524,0.015119047619047588,forest,observation
4u_1702_429,4U 1702-429,50030-01-10-00,NS,0.8167686480186481,0.18323135198135188,forest,observation
4u_1702_429,4U 1702-429,50030-01-11-01,NS,1.0,0.0,forest,observation
4u_1702_429,4U 1702-429,50030-01-14-02,NS,0.9966666666666666,0.0033333333333334103,forest,observation
4u_1728_34,4U 1728-34,50030-03-08-00,NS,0.9883333333333333,0.011666666666666714,forest,observation
4u_0614_09,4U 0614+09,50031-01-04-08,NS,0.8322738095238094,0.16772619047619064,forest,observation
ks_1731_260,KS 1731-260,50031-02-01-09,NS,0.99,0.010000000000000009,forest,observation
ks_1731_260,KS 1731-260,50031-02-02-02,NS,0.9597857142857142,0.04021428571428576,forest,observation
ks_1731_260,KS 1731-260,50031-02-02-06,NS,0.9778333333333333,0.022166666666666668,forest,observation
ks_1731_260,KS 1731-260,50031-02-03-08,NS,0.5871637806637804,0.4128362193362196,forest,observation
4u_1608_522,4U 1608-522,50052-01-23-00,NS,0.9548690476190476,0.04513095238095244,forest,observation
xte_j1118_480,XTE J1118+480,50133-01-06-00,BH,0.7754047619047619,0.22459523809523807,forest,observation
xte_j1550_564,XTE J1550-564,50134-01-05-00,BH,0.18782539682539684,0.8121746031746031,forest,observation
xte_j1118_480,XTE J1118+480,50137-01-01-00,BH,0.5276708152958153,0.4723291847041847,forest,observation
4u_1636_536,4U 1636-536,60032-05-15-00,NS,1.0,0.0,forest,observation
slx_1735_269,SLX 1735-269,60034-01-01-05,NS,0.7632936507936512,0.2367063492063488,forest,observation
slx_1735_269,SLX 1735-269,60034-01-02-03,NS,0.8670000000000002,0.13299999999999979,forest,observation
sax_j1750_8_2900,SAX J1750.8-2900,60035-01-02-01,NS,0.8755743145743144,0.12442568542568555,forest,observation
mxb_1658_298,MXB 1658-298,60048-04-02-00,NS,0.8853342352092352,0.11466576479076485,forest,observation
gx_339_4,GX 339-4,60705-01-56-00,BH,0.7948809523809526,0.20511904761904742,forest,observation
4u_1728_34,4U 1728-34,70028-01-01-08,NS,0.9845,0.015499999999999958,forest,observation
4u_1746_37,4U 1746-37,70050-01-01-01,NS,0.9928571428571429,0.0071428571428571175,forest,observation
4u_1746_37,4U 1746-37,70050-01-01-10,NS,0.9895238095238095,0.010476190476190528,forest,observation
aql_x_1,Aql X-1,70069-03-02-03,NS,0.9417142857142856,0.058285714285714385,forest,observation
4u_1543_475,4U 1543-475,70124-02-09-00,BH,0.660845238095238,0.339154761904762,forest,observation
4u_1543_475,4U 1543-475,70132-01-02-01,BH,0.6828571428571429,0.31714285714285706,forest,observation
4u_1543_475,4U 1543-475,70133-01-01-00,BH,0.6578571428571429,0.3421428571428571,forest,observation
4u_1543_475,4U 1543-475,70133-01-28-00,BH,0.3913095238095238,0.6086904761904762,forest,observation
4u_0614_09,4U 0614+09,80051-02-01-02,NS,0.9283333333333332,0.07166666666666677,forest,observation
v4641_sgr,V4641 Sgr,80054-08-02-00,BH,0.20845238095238092,0.791547619047619,forest,observation
xte_j1550_564,XTE J1550-564,80135-01-04-01,BH,0.2918690476190477,0.7081309523809522,forest,observation
4u_1608_522,4U 1608-522,80406-01-04-07,NS,0.6846958874458874,0.3153041125541126,forest,observation
4u_0614_09,4U 0614+09,80414-01-05-02,NS,0.9540833333333333,0.04591666666666672,forest,observation
1a_1744_361,1A 1744-361,80431-01-02-01,NS,0.968547619047619,0.03145238095238101,forest,observation
1a_1744_361,1A 1744-361,80431-01-02-04,NS,0.9413809523809523,0.05861904761904768,forest,observation
cyg_x_2,Cyg X-2,90030-01-41-00,NS,1.0,0.0,forest,observation
cyg_x_2,Cyg X-2,90030-01-81-00,NS,0.9695238095238095,0.030476190476190546,forest,observation
cyg_x_2,Cyg X-2,90030-01-95-00,NS,0.9584047619047618,0.04159523809523824,forest,observation
4u_1254_69,4U 1254-69,90036-01-01-03,NS,0.9975,0.0024999999999999467,forest,observation
4u_1254_69,4U 1254-69,90036-01-02-01,NS,0.9901666666666666,0.00983333333333336,forest,observation
4u_1746_37,4U 1746-37,90044-01-03-00,NS,0.9895238095238095,0.010476190476190528,forest,observation
4u_1746_37,4U 1746-37,90044-01-04-00,NS,0.8915476190476191,0.10845238095238086,forest,observation
slx_1735_269,SLX 1735-269,90058-05-01-02,NS,0.9957142857142857,0.004285714285714337,forest,observation
xte_j1118_480,XTE J1118+480,90111-01-02-02,BH,0.7914166666666667,0.20858333333333334,forest,observation
4u_0614_09,4U 0614+09,90422-01-01-02,NS,0.9562770562770564,0.04372294372294361,forest,observation
cyg_x_2,Cyg X-2,91009-01-24-00,NS,0.9925,0.007499999999999951,forest,observation
hete_j1900_1_2455,HETE J1900.1-2455,91015-01-01-00,NS,0.8333452380952382,0.1666547619047618,forest,observation
4u_1636_536,4U 1636-536,91024-01-07-10,NS,0.9813961038961039,0.018603896103896123,forest,observation
4u_1636_536,4U 1636-536,91024-01-13-00,NS,1.0,0.0,forest,observation
4u_1636_536,4U 1636-536,91024-01-62-00,NS,0.975,0.025000000000000022,forest,observation
4u_1735_444,4U 1735-444,91025-01-01-09,NS,0.9893333333333332,0.010666666666666824,forest,observation
4u_1735_444,4U 1735-444,91025-01-09-18,NS,1.0,0.0,forest,observation
4u_1705_44,4U 1705-44,91039-01-02-30,NS,0.9875,0.012499999999999956,forest,observation
4u_1705_44,4U 1705-44,91039-01-03-33,NS,0.8137857142857142,0.18621428571428578,forest,observation
4u_1608_522,4U 1608-522,91405-01-41-00,NS,0.8475628815628814,0.1524371184371186,forest,observation
v4641_sgr,V4641 Sgr,91422-01-01-00,BH,0.4134246031746032,0.5865753968253968,forest,observation
4u_1636_536,4U 1636-536,92023-01-42-10,NS,0.99,0.010000000000000009,forest,observation
4u_1636_536,4U 1636-536,92023-01-43-00,NS,0.9716666666666667,0.02833333333333332,forest,observation
4u_1728_34,4U 1728-34,92023-03-33-10,NS,0.9536461038961039,0.046353896103896064,forest,observation
cyg_x_2,Cyg X-2,92038-01-10-02,NS,1.0,0.0,forest,observation
hete_j1900_1_2455,HETE J1900.1-2455,92049-01-26-00,NS,0.8793225108225109,0.1206774891774891,forest,observation
gx_339_4,GX 339-4,92704-03-11-00,BH,0.9417261904761905,0.05827380952380945,forest,observation
4u_1705_44,4U 1705-44,93060-01-35-00,NS,0.996,0.0040000000000000036,forest,observation
gx_339_4,GX 339-4,93076-08-02-00,BH,0.8167202380952381,0.18327976190476192,forest,observation
1a_1744_361,1A 1744-361,93155-01-06-01,NS,0.966,0.03400000000000003,forest,observation
1a_1744_361,1A 1744-361,93155-01-08-02,NS,0.9075000000000003,0.0924999999999997,forest,observation
4u_1735_444,4U 1735-444,93200-01-01-04,NS,0.9661666666666666,0.03383333333333338,forest,observation
4u_0614_09,4U 0614+09,93404-01-07-00,NS,0.9520000000000001,0.04799999999999993,forest,observation
aql_x_1,Aql X-1,93405-01-05-02,NS,0.5672665945165943,0.43273340548340566,forest,observation
4u_1254_69,4U 1254-69,93406-13-01-00,NS,0.9404642857142858,0.05953571428571425,forest,observation
4u_1608_522,4U 1608-522,93408-01-11-00,NS,0.834181818181818,0.16581818181818198,forest,observation
sax_j1810_8_2609,SAX J1810.8-2609,93414-01-01-00,NS,0.8039166666666666,0.1960833333333334,forest,observation
sax_j1810_8_2609,SAX J1810.8-2609,93414-01-01-01,NS,0.8501507936507936,0.1498492063492064,forest,observation
sax_j1810_8_2609,SAX J1810.8-2609,93414-01-05-00,NS,0.7011280663780662,0.29887193362193376,forest,observation
sax_j1750_8_2900,SAX J1750.8-2900,93432-01-06-03,NS,0.9946666666666667,0.005333333333333301,forest,observation
sax_j1750_8_2900,SAX J1750.8-2900,93432-01-08-01,NS,0.9926666666666667,0.007333333333333303,forest,observation
sax_j1750_8_2900,SAX J1750.8-2900,93432-01-12-02,NS,0.9975,0.0024999999999999467,forest,observation
sax_j1750_8_2900,SAX J1750.8-2900,93432-01-14-03,NS,0.8784246031746032,0.12157539682539675,forest,observation
sax_j1750_8_2900,SAX J1750.8-2900,93432-01-16-00,NS,0.947396103896104,0.05260389610389604,forest,observation
sax_j1750_8_2900,SAX J1750.8-2900,93432-01-16-04,NS,0.9536666666666668,0.046333333333333226,forest,observation
hete_j1900_1_2455,HETE J1900.1-2455,94030-01-24-00,NS,0.5639642857142857,0.4360357142857143,forest,observation
4u_1636_536,4U 1636-536,94087-01-49-00,NS,0.9700555555555554,0.02994444444444455,forest,observation
4u_1608_522,4U 1608-522,94401-01-34-00,NS,0.975,0.025000000000000022,forest,observation
4u_1702_429,4U 1702-429,94415-01-02-01,NS,0.9966666666666666,0.0033333333333334103,forest,observation
hete_j1900_1_2455,HETE J1900.1-2455,95030-01-05-00,NS,0.9895238095238095,0.010476190476190528,forest,observation
hete_j1900_1_2455,HETE J1900.1-2455,95030-01-27-00,NS,0.8775508658008658,0.12244913419913417,forest,observation
4u_1705_44,4U 1705-44,95060-01-77-00,NS,0.9865,0.013499999999999956,forest,observation
hete_j1900_1_2455,HETE J1900.1-2455,96030-01-07-00,NS,0.8560238095238095,0.14397619047619048,forest,observation
4u_1705_44,4U 1705-44,96060-01-65-00,NS,1.0,0.0,forest,observation
4u_1705_44,4U 1705-44,96060-01-78-00,NS,1.0,0.0,forest,observation
sax_j1806_5_2215,SAX J1806.5-2215,96085-04-02-01,NS,0.7935919913419915,0.20640800865800846,forest,observation
sax_j1806_5_2215,SAX J1806.5-2215,96085-04-03-03,NS,0.8712380952380954,0.12876190476190463,forest,observation
sax_j1806_5_2215,SAX J1806.5-2215,96085-04-04-01,NS,0.9466699134199135,0.05333008658008653,forest,observation
sax_j1806_5_2215,SAX J1806.5-2215,96085-04-05-00,NS,0.9520865800865801,0.04791341991341991,forest,observation
sax_j1806_5_2215,SAX J1806.5-2215,96085-04-09-00,NS,1.0,0.0,forest,observation
sax_j1806_5_2215,SAX J1806.5-2215,96085-04-12-01,NS,0.7319080086580086,0.26809199134199135,forest,observation
sax_j1806_5_2215,SAX J1806.5-2215,96085-04-31-00,NS,0.9130238095238096,0.08697619047619043,forest,observation
4u_1636_536,4U 1636-536,96087-01-28-10,NS,0.9842857142857143,0.01571428571428568,forest,observation
gx_339_4,GX 339-4,96409-01-02-03,BH,0.657281746031746,0.34271825396825395,forest,observation
4u_1608_522,4U 1608-522,96423-01-26-01,NS,0.9237811355311355,0.0762188644688645,forest,observation
slx_1735_269,SLX 1735-269,96429-01-02-00,NS,0.8858928571428575,0.11410714285714252,forest,observation
slx_1735_269,SLX 1735-269,96429-01-08-01,NS,0.8454570707070708,0.15454292929292923,forest,observation
slx_1735_269,SLX 1735-269,96429-01-08-03,NS,0.8720793650793652,0.12792063492063477,forest,observation
1a_1744_361,1A 1744-361,96437-01-02-00,NS,0.9625238095238096,0.03747619047619044,forest,observation
aql_x_1,Aql X-1,96440-01-08-06,NS,0.8441904761904763,0.15580952380952373,forest,observation
4u_1702_429,4U 1702-429,20084-02-01-03,NS,0.9576360512206289,0.04236394877937111,forest,observation
slx_1735_269,SLX 1735-269,20089-02-01-00,NS,0.7597586247030559,0.24024137529694412,forest,observation
aql_x_1,Aql X-1,20092-01-04-00,NS,0.9573545753881126,0.04264542461188736,forest,observation
slx_1735_269,SLX 1735-269,20170-03-01-00,NS,0.7975785591080284,0.20242144089197156,forest,observation
slx_1735_269,SLX 1735-269,20170-03-11-00,NS,0.7960715596378806,0.20392844036211943,forest,observation
4u_0614_09,4U 0614+09,20428-01-01-03,NS,0.8347051831591885,0.1652948168408115,forest,observation
gs_1354_64,GS 1354-64,20431-01-04-00,BH,0.05508914501241866,0.9449108549875813,forest,observation
4u_1728_34,4U 1728-34,30042-03-02-00,NS,0.9271101074474187,0.07288989255258127,forest,observation
4u_1728_34,4U 1728-34,30042-03-08-00,NS,0.14324083269671503,0.8567591673032849,forest,observation
4u_1636_536,4U 1636-536,30053-02-01-00,NS,0.9611766118103001,0.03882338818969988,forest,observation
ks_1731_260,KS 1731-260,30061-01-01-02,NS,0.9679338190283017,0.03206618097169833,forest,observation
aql_x_1,Aql X-1,30073-05-01-00,NS,0.9693893546104101,0.030610645389589908,forest,observation
xte_j1550_564,XTE J1550-564,30191-01-02-00,BH,0.00825,0.99175,forest,observation
xte_j1550_564,XTE J1550-564,30191-01-12-00,BH,0.00825,0.99175,forest,observation
xte_j1550_564,XTE J1550-564,30191-01-28-01,BH,0.00825,0.99175,forest,observation
4u_1702_429,4U 1702-429,40025-04-01-01,NS,0.9392981416119521,0.06070185838804787,forest,observation
4u_1728_34,4U 1728-34,40027-08-02-02,NS,0.8430361881126675,0.15696381188733255,forest,observation
4u_1735_444,4U 1735-444,40030-02-09-01,NS,0.9575161167877282,0.04248388321227181,forest,observation
gx_339_4,GX 339-4,40031-03-03-00,BH,0.8751361258255891,0.12486387417441092,forest,observation
mxb_1658_298,MXB 1658-298,40050-04-05-00,NS,0.8956751310241148,0.10432486897588522,forest,observation
xte_j1859_226,XTE J1859+226,40124-01-15-03,BH,0.027416666666666666,0.9725833333333334,forest,observation
xte_j1859_226,XTE J1859+226,40124-01-40-01,BH,0.889180607024779,0.11081939297522103,forest,observation
xte_j1859_226,XTE J1859+226,40124-01-63-00,BH,0.7511684100982186,0.24883158990178145,forest,observation
xte_j1550_564,XTE J1550-564,40401-01-35-01,BH,0.3020159033905981,0.697984096609402,forest,observation
xte_j1550_564,XTE J1550-564,40401-01-53-00,BH,0.00825,0.99175,forest,observation
xte_j1550_564,XTE J1550-564,40401-01-70-00,BH,0.8702580977503794,0.12974190224962057,forest,observation
mxb_1658_298,MXB 1658-298,40414-01-04-00,NS,0.6901897561096755,0.3098102438903245,forest,observation
4u_1702_429,4U 1702-429,50025-01-01-07,NS,0.8995856650527437,0.10041433494725627,forest,observation
4u_1702_429,4U 1702-429,50030-01-01-07,NS,0.8979864847918654,0.10201351520813462,forest,observation
4u_1702_429,4U 1702-429,50030-01-02-00,NS,0.9532224709737152,0.04677752902628485,forest,observation
4u_1702_429,4U 1702-429,50030-01-06-00,NS,0.8675984486771717,0.13240155132282827,forest,observation
4u_1702_429,4U 1702-429,50030-01-11-02,NS,0.8980240726848144,0.10197592731518557,forest,observation
4u_1728_34,4U 1728-34,50030-03-05-01,NS,0.7515202185111766,0.24847978148882344,forest,observation
ks_1731_260,KS 1731-260,50031-02-01-03,NS,0.8803061790115498,0.11969382098845016,forest,observation
ks_1731_260,KS 1731-260,50031-02-01-05,NS,0.8911159827075855,0.10888401729241448,forest,observation
aql_x_1,Aql X-1,50049-01-05-01,NS,0.932247179785686,0.06775282021431395,forest,observation
aql_x_1,Aql X-1,50049-02-15-04,NS,0.9454138289984065,0.054586171001593464,forest,observation
xte_j1550_564,XTE J1550-564,50134-02-04-01,BH,0.1926719262834352,0.8073280737165648,forest,observation
xte_j1550_564,XTE J1550-564,50135-01-11-00,BH,0.5696142284638523,0.43038577153614765,forest,observation
xte_j1550_564,XTE J1550-564,50137-02-04-01,BH,0.05500490196078433,0.9449950980392157,forest,observation
xte_j1550_564,XTE J1550-564,50137-02-12-00,BH,0.4602778832469957,0.5397221167530043,forest,observation
xte_j1118_480,XTE J1118+480,50407-01-01-00,BH,0.6135584590640015,0.3864415409359985,forest,observation
xte_j1118_480,XTE J1118+480,50407-01-02-02,BH,0.6102059545395957,0.3897940454604043,forest,observation
xte_j1118_480,XTE J1118+480,50407-01-03-01,BH,0.7590868367457666,0.2409131632542334,forest,observation
xte_j1118_480,XTE J1118+480,50407-01-10-01,BH,0.6346535116343475,0.36534648836565253,forest,observation
slx_1735_269,SLX 1735-269,60034-01-01-03,NS,0.7564505337683977,0.24354946623160234,forest,observation
mxb_1658_298,MXB 1658-298,60048-02-05-00,NS,0.8356848558843081,0.16431514411569192,forest,observation
mxb_1658_298,MXB 1658-298,60048-03-03-00,NS,0.890396712907491,0.109603287092509,forest,observation
aql_x_1,Aql X-1,60054-02-01-04,NS,0.7656442885691199,0.23435571143088008,forest,observation
sax_j1750_8_2900,SAX J1750.8-2900,60117-01-01-00,NS,0.7921491711754106,0.20785082882458938,forest,observation
cyg_x_2,Cyg X-2,60417-01-01-00,NS,0.9562904596070334,0.043709540392966595,forest,observation
4u_0614_09,4U 0614+09,60424-01-02-01,NS,0.7316558453420096,0.26834415465799044,forest,observation
xte_j1550_564,XTE J1550-564,60428-01-09-00,BH,0.719840613757352,0.280159386242648,forest,observation
ser_x_1,Ser X-1,70014-03-01-00,NS,0.9696954770593896,0.030304522940610368,forest,observation
ser_x_1,Ser X-1,70014-03-02-03,NS,0.9679338190283017,0.03206618097169833,forest,observation
cyg_x_2,Cyg X-2,70018-03-03-00,NS,0.9000509712884329,0.09994902871156708,forest,observation
4u_1705_44,4U 1705-44,70038-01-01-00,NS,0.8945726777267309,0.10542732227326912,forest,observation
sax_j1808_4_3658,SAX J1808.4-3658,70080-02-02-36,NS,0.7897452257746952,0.2102547742253048,forest,observation
sax_j1808_4_3658,SAX J1808.4-3658,70080-03-06-00,NS,0.7975785591080284,0.20242144089197156,forest,observation
4u_1543_475,4U 1543-475,70132-01-01-00,BH,0.3590848778654211,0.6409151221345789,forest,observation
4u_1543_475,4U 1543-475,70133-01-16-00,BH,0.018516806722689075,0.9814831932773109,forest,observation
4u_1543_475,4U 1543-475,70133-01-23-00,BH,0.6030283644785375,0.39697163552146253,forest,observation
4u_0614_09,4U 0614+09,80037-01-09-08,NS,0.8101865359937642,0.18981346400623578,forest,observation
slx_1735_269,SLX 1735-269,80138-03-01-00,NS,0.8434552226421964,0.1565447773578036,forest,observation
slx_1735_269,SLX 1735-269,80138-03-06-00,NS,0.8968262927086776,0.10317370729132236,forest,observation
xte_j1118_480,XTE J1118+480,90011-01-01-13,BH,0.8521056105032712,0.14789438949672884,forest,observation
cyg_x_2,Cyg X-2,90030-01-53-00,NS,0.6796415072941209,0.3203584927058791,forest,observation
4u_1254_69,4U 1254-69,90036-01-02-00,NS,0.8952204606322574,0.10477953936774265,forest,observation
4u_1746_37,4U 1746-37,90044-01-01-00,NS,0.9006047178461049,0.09939528215389515,forest,observation
igr_j00291_5934,IGR J00291+5934,90425-01-01-13,NS,0.8166046278319234,0.18339537216807655,forest,observation
hete_j1900_1_2455,HETE J1900.1-2455,91015-01-07-01,NS,0.8430367059963179,0.15696329400368214,forest,observation
4u_1636_536,4U 1636-536,91024-01-53-10,NS,0.953595218091039,0.046404781908961024,forest,observation
4u_1735_444,4U 1735-444,91025-01-04-01,NS,0.958835432197871,0.04116456780212896,forest,observation
4u_1735_444,4U 1735-444,91025-01-06-05,NS,0.9390114962053712,0.060988503794628834,forest,observation
4u_1735_444,4U 1735-444,91025-01-09-01,NS,0.9485903953650913,0.051409604634908734,forest,observation
4u_1735_444,4U 1735-444,91025-01-11-10,NS,0.9631166647701143,0.03688333522988574,forest,observation
4u_1735_444,4U 1735-444,91025-01-16-09,NS,0.9466308283803422,0.05336917161965782,forest,observation
aql_x_1,Aql X-1,91028-01-01-00,NS,0.6034368875948584,0.39656311240514164,forest,observation
sax_j1808_4_3658,SAX J1808.4-3658,91056-01-02-01,NS,0.7584423507056145,0.2415576492943855,forest,observation
aql_x_1,Aql X-1,91414-01-09-07,NS,0.7746970822552722,0.22530291774472777,forest,observation
4u_1728_34,4U 1728-34,92023-03-22-00,NS,0.9473771978452693,0.0526228021547307,forest,observation
4u_1728_34,4U 1728-34,92023-03-52-00,NS,0.953595218091039,0.046404781908961024,forest,observation
4u_1728_34,4U 1728-34,92023-03-68-00,NS,0.9032996627173524,0.0967003372826476,forest,observation
4u_1728_34,4U 1728-34,92023-03-81-00,NS,0.9265695669068781,0.07343043309312192,forest,observation
aql_x_1,Aql X-1,92034-01-05-06,NS,0.6638787788162861,0.3361212211837139,forest,observation
cyg_x_2,Cyg X-2,92039-01-02-03,NS,0.937800525584782,0.062199474415218,forest,observation
gx_339_4,GX 339-4,92085-02-01-00,BH,0.8421216697239315,0.15787833027606846,forest,observation
4u_1608_522,4U 1608-522,92401-01-11-03,NS,0.954810001029112,0.045189998970888046,forest,observation
4u_0614_09,4U 0614+09,92411-01-01-02,NS,0.8661486435347104,0.13385135646528956,forest,observation
4u_0614_09,4U 0614+09,92411-01-07-02,NS,0.864287268536702,0.135712731463298,forest,observation
hete_j1900_1_2455,HETE J1900.1-2455,93030-01-48-00,NS,0.8170853667885108,0.18291463321148915,forest,observation
sax_j1810_8_2609,SAX J1810.8-2609,93044-02-02-00,NS,0.7975785591080284,0.20242144089197156,forest,observation
sax_j1810_8_2609,SAX J1810.8-2609,93044-02-04-00,NS,0.8227322078184399,0.17726779218156008,forest,observation
sax_j1810_8_2609,SAX J1810.8-2609,93044-02-06-00,NS,0.7023181255417289,0.2976818744582711,forest,observation
4u_1705_44,4U 1705-44,93060-01-58-00,NS,0.8072799560544529,0.1927200439455471,forest,observation
4u_1636_536,4U 1636-536,93087-01-36-10,NS,0.9562490103923607,0.043750989607639346,forest,observation
sax_j1810_8_2609,SAX J1810.8-2609,93093-01-01-00,NS,0.7918735820880077,0.20812641791199227,forest,observation
sax_j1810_8_2609,SAX J1810.8-2609,93093-01-01-02,NS,0.8246710790346987,0.17532892096530128,forest,observation
sax_j1810_8_2609,SAX J1810.8-2609,93093-01-02-01,NS,0.8198472217325805,0.1801527782674195,forest,observation
sax_j1810_8_2609,SAX J1810.8-2609,93093-01-02-05,NS,0.8279810661966447,0.1720189338033553,forest,observation
sax_j1810_8_2609,SAX J1810.8-2609,93093-01-02-06,NS,0.8182413896561601,0.1817586103438399,forest,observation
sax_j1810_8_2609,SAX J1810.8-2609,93093-01-02-08,NS,0.8388072183620646,0.16119278163793538,forest,observation
1a_1744_361,1A 1744-361,93155-01-02-00,NS,0.9544122088417523,0.04558779115824774,forest,observation
1a_1744_361,1A 1744-361,93155-01-07-02,NS,0.9528423540146508,0.04715764598534922,forest,observation
1a_1744_361,1A 1744-361,93155-01-09-00,NS,0.8001592042693189,0.19984079573068114,forest,observation
4u_0614_09,4U 0614+09,93404-01-14-00,NS,0.8683557845830424,0.1316442154169576,forest,observation
aql_x_1,Aql X-1,93405-01-01-01,NS,0.7596693255508579,0.24033067444914213,forest,observation
4u_1608_522,4U 1608-522,93408-01-19-01,NS,0.7667085358586206,0.23329146414137936,forest,observation
4u_1608_522,4U 1608-522,93408-01-22-06,NS,0.9671220789559759,0.032877921044024094,forest,observation
4u_1608_522,4U 1608-522,93408-01-52-02,NS,0.6711535626809001,0.3288464373190999,forest,observation
sax_j1810_8_2609,SAX J1810.8-2609,93414-01-04-02,NS,0.810176294115184,0.189823705884816,forest,observation
sax_j1750_8_2900,SAX J1750.8-2900,93432-01-02-00,NS,0.8472213606592709,0.1527786393407291,forest,observation
sax_j1750_8_2900,SAX J1750.8-2900,93432-01-10-04,NS,0.9541777418586648,0.045822258141335226,forest,observation
sax_j1750_8_2900,SAX J1750.8-2900,93432-01-11-03,NS,0.961276056768672,0.038723943231327995,forest,observation
sax_j1750_8_2900,SAX J1750.8-2900,93432-01-14-01,NS,0.8542134551599762,0.14578654484002385,forest,observation
hete_j1900_1_2455,HETE J1900.1-2455,94030-01-04-00,NS,0.9024109216497156,0.09758907835028441,forest,observation
hete_j1900_1_2455,HETE J1900.1-2455,94030-01-12-00,NS,0.8943602455784939,0.10563975442150608,forest,observation
4u_1705_44,4U 1705-44,94060-01-61-00,NS,0.9576360512206289,0.04236394877937111,forest,observation
4u_1636_536,4U 1636-536,94087-01-47-10,NS,0.9576360512206289,0.04236394877937111,forest,observation
4u_1636_536,4U 1636-536,94087-01-94-00,NS,0.9532224709737152,0.04677752902628485,forest,observation
4u_1608_522,4U 1608-522,94401-01-01-01,NS,0.8541157377807994,0.1458842622192006,forest,observation
hete_j1900_1_2455,HETE J1900.1-2455,95030-01-16-00,NS,0.7996998087452439,0.20030019125475607,forest,observation
4u_1705_44,4U 1705-44,95060-01-07-00,NS,0.9528423540146508,0.04715764598534922,forest,observation
4u_1705_44,4U 1705-44,95060-01-36-00,NS,0.8805290008672582,0.11947099913274184,forest,observation
4u_1254_69,4U 1254-69,95324-01-01-00,NS,0.8952204606322574,0.10477953936774265,forest,observation
4u_1254_69,4U 1254-69,95324-01-01-01,NS,0.8968262927086776,0.10317370729132236,forest,observation
sax_j1808_4_3658,SAX J1808.4-3658,96027-01-01-00,NS,0.8948436179918778,0.10515638200812216,forest,observation
sax_j1808_4_3658,SAX J1808.4-3658,96027-01-02-07,NS,0.7975785591080284,0.20242144089197156,forest,observation
hete_j1900_1_2455,HETE J1900.1-2455,96030-01-20-00,NS,0.822491890464713,0.17750810953528695,forest,observation
4u_1705_44,4U 1705-44,96060-01-10-00,NS,0.9693893546104101,0.030610645389589908,forest,observation
sax_j1806_5_2215,SAX J1806.5-2215,96085-04-04-03,NS,0.8574294406921952,0.14257055930780482,forest,observation
sax_j1806_5_2215,SAX J1806.5-2215,96085-04-17-00,NS,0.8708955501264473,0.12910444987355274,forest,observation
sax_j1806_5_2215,SAX J1806.5-2215,96085-04-28-00,NS,0.8943602455784939,0.10563975442150608,forest,observation
4u_0614_09,4U 0614+09,96307-01-04-00,NS,0.8811177561078055,0.11888224389219448,forest,observation
4u_1728_34,4U 1728-34,96322-01-02-01,NS,0.9121105351521104,0.08788946484788962,forest,observation
4u_1608_522,4U 1608-522,96423-01-13-01,NS,0.7297475956116237,0.2702524043883763,forest,observation
slx_1735_269,SLX 1735-269,96429-01-05-00,NS,0.8001592042693189,0.19984079573068114,forest,observation
slx_1735_269,SLX 1735-269,96429-01-07-00,NS,0.7774439433325676,0.2225560566674324,forest,observation
4u_1728_34,4U 1728-34,10410-01-01-00,NS,0.9445925215034958,0.05540747849650418,forest,observation
cyg_x_2,Cyg X-2,20053-04-01-01,NS,0.9412421849780392,0.05875781502196076,forest,observation
4u_1735_444,4U 1735-444,20084-01-01-00,NS,0.9555751247806994,0.04442487521930061,forest,observation
aql_x_1,Aql X-1,20092-01-02-02,NS,0.9558542236309587,0.04414577636904127,forest,observation
slx_1735_269,SLX 1735-269,20170-03-03-00,NS,0.7006780974145258,0.2993219025854742,forest,observation
4u_1728_34,4U 1728-34,30042-03-17-00,NS,0.19215205567781216,0.8078479443221879,forest,observation
ks_1731_260,KS 1731-260,30061-01-01-04,NS,0.9578264539600881,0.04217354603991186,forest,observation
aql_x_1,Aql X-1,30188-03-02-00,NS,0.9551431367989863,0.044856863201013675,forest,observation
xte_j1550_564,XTE J1550-564,30191-01-34-00,BH,0.014956709956709955,0.98504329004329,forest,observation
xte_j1550_564,XTE J1550-564,30191-01-44-00,BH,0.8743698495024508,0.12563015049754922,forest,observation
gs_1354_64,GS 1354-64,30401-01-04-00,BH,0.5047225256079848,0.4952774743920152,forest,observation
cyg_x_2,Cyg X-2,40017-02-02-02,NS,0.9144196666458814,0.08558033335411863,forest,observation
4u_1735_444,4U 1735-444,40030-02-04-00,NS,0.9533359640561686,0.046664035943831395,forest,observation
4u_1735_444,4U 1735-444,40033-07-01-04,NS,0.9555751247806994,0.04442487521930061,forest,observation
aql_x_1,Aql X-1,40033-10-02-07,NS,0.8928642453353203,0.10713575466467973,forest,observation
aql_x_1,Aql X-1,40047-03-03-00,NS,0.9391569862587984,0.0608430137412016,forest,observation
xte_j1859_226,XTE J1859+226,40122-01-01-03,BH,0.014956709956709955,0.98504329004329,forest,observation
xte_j1859_226,XTE J1859+226,40124-01-20-00,BH,0.022123376623376628,0.9778766233766234,forest,observation
xte_j1859_226,XTE J1859+226,40124-01-27-00,BH,0.011623376623376622,0.9883766233766234,forest,observation
xte_j1859_226,XTE J1859+226,40124-01-30-00,BH,0.011623376623376622,0.9883766233766234,forest,observation
xte_j1859_226,XTE J1859+226,40124-01-38-00,BH,0.016904761904761905,0.9830952380952381,forest,observation
xte_j1859_226,XTE J1859+226,40124-01-46-00,BH,0.9051740470207473,0.09482595297925267,forest,observation
xte_j1859_226,XTE J1859+226,40124-01-49-00,BH,0.9148530574230981,0.08514694257690192,forest,observation
xte_j1859_226,XTE J1859+226,40124-01-58-03,BH,0.7985974696465336,0.20140253035346645,forest,observation
xte_j1859_226,XTE J1859+226,40124-01-61-00,BH,0.8651893418983729,0.13481065810162707,forest,observation
xte_j1550_564,XTE J1550-564,40401-01-18-00,BH,0.0125,0.9875,forest,observation
mxb_1658_298,MXB 1658-298,40414-01-02-00,NS,0.8762498845735631,0.12375011542643688,forest,observation
mxb_1658_298,MXB 1658-298,40414-01-08-00,NS,0.6731065189433856,0.3268934810566144,forest,observation
4u_0614_09,4U 0614+09,40429-01-03-01,NS,0.8731487072938513,0.1268512927061487,forest,observation
4u_1608_522,4U 1608-522,40437-01-01-01,NS,0.8663112936081468,0.13368870639185315,forest,observation
xte_j1859_226,XTE J1859+226,40440-01-03-00,BH,0.6881312448624614,0.31186875513753864,forest,observation
4u_1702_429,4U 1702-429,50025-01-01-05,NS,0.8932375944785268,0.1067624055214732,forest,observation
4u_1735_444,4U 1735-444,50025-02-01-06,NS,0.9470211949070122,0.0529788050929878,forest,observation
4u_1702_429,4U 1702-429,50030-01-03-02,NS,0.5906846505527797,0.40931534944722026,forest,observation
4u_1702_429,4U 1702-429,50030-01-09-04,NS,0.8812142189005054,0.11878578109949456,forest,observation
4u_1702_429,4U 1702-429,50030-01-10-02,NS,0.6851182208774798,0.31488177912252024,forest,observation
4u_1702_429,4U 1702-429,50030-01-14-03,NS,0.947523151329478,0.05247684867052205,forest,observation
ks_1731_260,KS 1731-260,50031-02-01-01,NS,0.8510773523927024,0.14892264760729756,forest,observation
ks_1731_260,KS 1731-260,50031-02-02-04,NS,0.8448939416300233,0.1551060583699767,forest,observation
ks_1731_260,KS 1731-260,50031-02-03-00,NS,0.6542636805543209,0.34573631944567906,forest,observation
ks_1731_260,KS 1731-260,50031-02-03-06,NS,0.6469275444593253,0.3530724555406747,forest,observation
ks_1731_260,KS 1731-260,50031-02-03-07,NS,0.6435234041655568,0.35647659583444324,forest,observation
mxb_1658_298,MXB 1658-298,50410-01-09-00,NS,0.8342170666772547,0.1657829333227453,forest,observation
slx_1735_269,SLX 1735-269,60034-01-03-00,NS,0.9335601170860777,0.06643988291392233,forest,observation
4u_1735_444,4U 1735-444,60042-01-01-01,NS,0.9458094664143474,0.05419053358565262,forest,observation
mxb_1658_298,MXB 1658-298,60048-02-03-00,NS,0.8675687892859443,0.13243121071405572,forest,observation
sax_j1750_8_2900,SAX J1750.8-2900,60084-03-01-02,NS,0.9453037964907683,0.054696203509231656,forest,observation
ser_x_1,Ser X-1,70027-04-01-00,NS,0.9591546392954992,0.040845360704500844,forest,observation
4u_1746_37,4U 1746-37,70050-01-01-03,NS,0.93561685467473,0.06438314532527001,forest,observation
4u_1608_522,4U 1608-522,70069-01-03-01,NS,0.919134631596775,0.080865368403225,forest,observation
sax_j1808_4_3658,SAX J1808.4-3658,70080-01-03-12,NS,0.8462405319394251,0.15375946806057494,forest,observation
sax_j1808_4_3658,SAX J1808.4-3658,70080-03-20-02,NS,0.6562354998351053,0.3437645001648947,forest,observation
sax_j1808_4_3658,SAX J1808.4-3658,70080-03-20-10,NS,0.6115383677054822,0.3884616322945178,forest,observation
gx_339_4,GX 339-4,70109-01-28-00,BH,0.3574094932526812,0.6425905067473188,forest,observation
4u_1543_475,4U 1543-475,70133-01-10-00,BH,0.6018626937239501,0.39813730627604993,forest,observation
4u_1543_475,4U 1543-475,70133-01-25-01,BH,0.42995917648834514,0.5700408235116549,forest,observation
4u_1543_475,4U 1543-475,70133-01-31-00,BH,0.9049276842887699,0.0950723157112301,forest,observation
gx_339_4,GX 339-4,80132-01-15-00,BH,0.0034090909090909094,0.9965909090909091,forest,observation
slx_1735_269,SLX 1735-269,80138-03-04-00,NS,0.7151879120576676,0.28481208794233237,forest,observation
slx_1735_269,SLX 1735-269,80138-03-07-02,NS,0.928097526945671,0.07190247305432895,forest,observation
4u_0614_09,4U 0614+09,80414-01-02-00,NS,0.9135522154212892,0.08644778457871083,forest,observation
1a_1744_361,1A 1744-361,80431-01-02-03,NS,0.9480424467975168,0.05195755320248319,forest,observation
1a_1744_361,1A 1744-361,80431-01-02-05,NS,0.9558542236309587,0.04414577636904127,forest,observation
xte_j1118_480,XTE J1118+480,90011-01-01-02,BH,0.8631967526537888,0.1368032473462112,forest,observation
gx_339_4,GX 339-4,90019-01-02-00,BH,0.6406743562241245,0.3593256437758755,forest,observation
cyg_x_2,Cyg X-2,90030-01-03-10,NS,0.9510078433443913,0.04899215665560874,forest,observation
cyg_x_2,Cyg X-2,90030-01-24-00,NS,0.9270819933020453,0.07291800669795467,forest,observation
4u_1254_69,4U 1254-69,90036-01-01-00,NS,0.9340558650314619,0.06594413496853813,forest,observation
4u_1254_69,4U 1254-69,90036-01-01-02,NS,0.9268068001286285,0.07319319987137152,forest,observation
4u_1746_37,4U 1746-37,90044-01-02-01,NS,0.9379501750431466,0.062049824956853405,forest,observation
igr_j00291_5934,IGR J00291+5934,90052-03-01-00,NS,0.3600210297241863,0.6399789702758136,forest,observation
cyg_x_2,Cyg X-2,91010-01-01-05,NS,0.9448764302963159,0.05512356970368415,forest,observation
4u_1728_34,4U 1728-34,91023-01-02-00,NS,0.9458094664143474,0.05419053358565262,forest,observation
4u_1636_536,4U 1636-536,91024-01-85-10,NS,0.8941497139745809,0.10585028602541913,forest,observation
4u_1735_444,4U 1735-444,91025-01-04-06,NS,0.774173578889863,0.22582642111013695,forest,observation
4u_1735_444,4U 1735-444,91025-01-12-00,NS,0.9505652125322981,0.04943478746770191,forest,observation
aql_x_1,Aql X-1,91028-01-22-00,NS,0.8231838089157425,0.1768161910842575,forest,observation
4u_1746_37,4U 1746-37,91037-15-01-00,NS,0.802003971940996,0.19799602805900396,forest,observation
hete_j1900_1_2455,HETE J1900.1-2455,91057-01-11-00,NS,0.895946466600925,0.10405353339907497,forest,observation
hete_j1900_1_2455,HETE J1900.1-2455,91059-03-03-00,NS,0.8545698048065377,0.14543019519346234,forest,observation
gx_339_4,GX 339-4,91105-04-08-00,BH,0.6317535435025888,0.36824645649741117,forest,observation
4u_1608_522,4U 1608-522,91405-01-27-00,NS,0.770695360328178,0.22930463967182202,forest,observation
sax_j1808_4_3658,SAX J1808.4-3658,91418-01-03-01,NS,0.6791952749611556,0.3208047250388444,forest,observation
4u_1636_536,4U 1636-536,92023-01-93-00,NS,0.947523151329478,0.05247684867052205,forest,observation
4u_1636_536,4U 1636-536,92023-02-08-00,NS,0.6358207508691615,0.36417924913083854,forest,observation
4u_1728_34,4U 1728-34,92023-03-09-10,NS,0.94453745075877,0.05546254924122995,forest,observation
4u_1728_34,4U 1728-34,92023-03-22-10,NS,0.7935213676856588,0.20647863231434116,forest,observation
4u_1728_34,4U 1728-34,92023-03-47-00,NS,0.1291948051948052,0.8708051948051948,forest,observation
hete_j1900_1_2455,HETE J1900.1-2455,92049-01-04-00,NS,0.8646606135949001,0.1353393864050999,forest,observation
hete_j1900_1_2455,HETE J1900.1-2455,92049-01-14-00,NS,0.8639339373045563,0.13606606269544375,forest,observation
hete_j1900_1_2455,HETE J1900.1-2455,92049-01-49-00,NS,0.928920290175349,0.07107970982465095,forest,observation
4u_0614_09,4U 0614+09,92411-01-10-00,NS,0.9111254921546629,0.08887450784533713,forest,observation
gx_339_4,GX 339-4,92704-03-32-00,BH,0.6391936097769388,0.36080639022306116,forest,observation
igr_j00291_5934,IGR J00291+5934,93013-07-06-02,NS,0.6789076347177665,0.3210923652822335,forest,observation
4u_1705_44,4U 1705-44,93060-01-10-00,NS,0.6905884589727178,0.3094115410272822,forest,observation
cyg_x_2,Cyg X-2,93082-02-04-02,NS,0.9555751247806994,0.04442487521930061,forest,observation
4u_1636_536,4U 1636-536,93087-01-41-00,NS,0.9395009659851767,0.06049903401482326,forest,observation
4u_1636_536,4U 1636-536,93087-01-83-10,NS,0.9558542236309587,0.04414577636904127,forest,observation
sax_j1810_8_2609,SAX J1810.8-2609,93093-01-01-01,NS,0.863518645516164,0.13648135448383603,forest,observation
sax_j1810_8_2609,SAX J1810.8-2609,93093-01-02-03,NS,0.8741801788591786,0.12581982114082135,forest,observation
sax_j1810_8_2609,SAX J1810.8-2609,93093-01-02-04,NS,0.8785817193015878,0.1214182806984122,forest,observation
1a_1744_361,1A 1744-361,93155-01-03-01,NS,0.947523151329478,0.05247684867052205,forest,observation
4u_0614_09,4U 0614+09,93404-01-02-00,NS,0.9267909267590927,0.07320907324090731,forest,observation
4u_0614_09,4U 0614+09,93404-01-11-02,NS,0.9081779800938784,0.0918220199061216,forest,observation
sax_j1810_8_2609,SAX J1810.8-2609,93414-01-01-02,NS,0.747336943309756,0.252663056690244,forest,observation
sax_j1750_8_2900,SAX J1750.8-2900,93432-01-03-01,NS,0.8770178125422693,0.12298218745773071,forest,observation
sax_j1750_8_2900,SAX J1750.8-2900,93432-01-05-02,NS,0.7582377407133053,0.2417622592866947,forest,observation
sax_j1750_8_2900,SAX J1750.8-2900,93432-01-07-00,NS,0.94453745075877,0.05546254924122995,forest,observation
sax_j1750_8_2900,SAX J1750.8-2900,93432-01-09-03,NS,0.9517510623514205,0.048248937648579515,forest,observation
sax_j1750_8_2900,SAX J1750.8-2900,93432-01-13-02,NS,0.9307249935659967,0.0692750064340033,forest,observation
cyg_x_2,Cyg X-2,93443-01-01-13,NS,0.9422742902450207,0.05772570975497926,forest,observation
hete_j1900_1_2455,HETE J1900.1-2455,93451-01-01-00,NS,0.8684688031596202,0.13153119684037984,forest,observation
slx_1735_269,SLX 1735-269,94044-05-01-00,NS,0.7924807233839014,0.2075192766160986,forest,observation
4u_1705_44,4U 1705-44,94060-01-02-00,NS,0.9490939557439527,0.05090604425604728,forest,observation
4u_1705_44,4U 1705-44,94060-01-30-00,NS,0.9555751247806994,0.04442487521930061,forest,observation
4u_0614_09,4U 0614+09,94404-01-07-00,NS,0.9111254921546629,0.08887450784533713,forest,observation
aql_x_1,Aql X-1,94441-01-01-02,NS,0.947523151329478,0.05247684867052205,forest,observation
4u_1705_44,4U 1705-44,95060-01-63-00,NS,0.9510078433443913,0.04899215665560874,forest,observation
4u_1636_536,4U 1636-536,95087-01-15-10,NS,0.880662794609671,0.119337205390329,forest,observation
4u_1636_536,4U 1636-536,95087-01-71-00,NS,0.7049997189934308,0.29500028100656916,forest,observation
4u_1254_69,4U 1254-69,95324-01-02-00,NS,0.9290313499956785,0.07096865000432151,forest,observation
4u_1608_522,4U 1608-522,95334-01-03-00,NS,0.9454126676068353,0.05458733239316471,forest,observation
gx_339_4,GX 339-4,95409-01-38-01,BH,0.3636070816330594,0.6363929183669406,forest,observation
aql_x_1,Aql X-1,95413-01-06-01,NS,0.07211935622722625,0.9278806437727738,forest,observation
1a_1744_361,1A 1744-361,95416-01-01-02,NS,0.9335601170860777,0.06643988291392233,forest,observation
4u_1705_44,4U 1705-44,96060-01-36-00,NS,0.8384408490791257,0.16155915092087425,forest,observation
4u_1705_44,4U 1705-44,96060-01-51-00,NS,0.9567616196223692,0.043238380377630836,forest,observation
sax_j1806_5_2215,SAX J1806.5-2215,96085-04-11-00,NS,0.9023923840091495,0.09760761599085055,forest,observation
sax_j1806_5_2215,SAX J1806.5-2215,96085-04-13-00,NS,0.93561685467473,0.06438314532527001,forest,observation
sax_j1806_5_2215,SAX J1806.5-2215,96085-04-16-00,NS,0.8717251599335196,0.12827484006648038,forest,observation
sax_j1806_5_2215,SAX J1806.5-2215,96085-04-26-00,NS,0.9558542236309587,0.04414577636904127,forest,observation
4u_1636_536,4U 1636-536,96087-01-25-00,NS,0.950697683396999,0.049302316603000995,forest,observation
4u_1636_536,4U 1636-536,96087-01-77-00,NS,0.8049312377148352,0.1950687622851648,forest,observation
4u_0614_09,4U 0614+09,96307-01-10-00,NS,0.9480424467975168,0.05195755320248319,forest,observation
4u_0614_09,4U 0614+09,96404-01-02-00,NS,0.9147432193865833,0.08525678061341668,forest,observation
slx_1735_269,SLX 1735-269,96429-01-04-00,NS,0.7917852084953938,0.2082147915046062,forest,observation
aql_x_1,Aql X-1,96440-01-02-00,NS,0.8852659195313264,0.11473408046867362,forest,observation
gx_339_4,GX 339-4,10420-01-01-00,BH,0.29502542144473803,0.7049745785552619,forest,observation
4u_1702_429,4U 1702-429,20084-02-01-00,NS,0.9532526010776797,0.04674739892232027,forest,observation
aql_x_1,Aql X-1,20098-03-01-00,NS,0.9625065725969347,0.03749342740306527,forest,observation
slx_1735_269,SLX 1735-269,20170-03-06-00,NS,0.7277053282712176,0.2722946717287824,forest,observation
gs_1354_64,GS 1354-64,20431-01-03-00,BH,0.03427352486223455,0.9657264751377654,forest,observation
xte_j1550_564,XTE J1550-564,30188-06-01-02,BH,0.014059685483598528,0.9859403145164015,forest,observation
gs_1354_64,GS 1354-64,30401-01-03-00,BH,0.5907964977431838,0.40920350225681623,forest,observation
xte_j1550_564,XTE J1550-564,30435-01-25-00,BH,0.4333286440602871,0.566671355939713,forest,observation
cyg_x_2,Cyg X-2,40017-02-12-00,NS,0.8962016123880215,0.10379838761197846,forest,observation
4u_1728_34,4U 1728-34,40019-03-01-02,NS,0.8470021469906499,0.1529978530093501,forest,observation
ser_x_1,Ser X-1,40025-03-01-02,NS,0.962904299869662,0.03709570013033803,forest,observation
ser_x_1,Ser X-1,40025-03-02-00,NS,0.9613547647786537,0.03864523522134633,forest,observation
4u_0614_09,4U 0614+09,40030-01-14-00,NS,0.9529199676480397,0.047080032351960344,forest,observation
gx_339_4,GX 339-4,40108-01-04-00,BH,0.6215986412580622,0.3784013587419378,forest,observation
xte_j1859_226,XTE J1859+226,40124-01-36-00,BH,0.053762031524654245,0.9462379684753458,forest,observation
xte_j1550_564,XTE J1550-564,40401-01-82-04,BH,0.875036983329635,0.12496301667036502,forest,observation
mxb_1658_298,MXB 1658-298,40414-01-15-00,NS,0.8146863920666783,0.18531360793332174,forest,observation
ser_x_1,Ser X-1,40426-01-01-00,NS,0.9536610671014468,0.046338932898553176,forest,observation
4u_1702_429,4U 1702-429,50025-01-01-01,NS,0.841816057660347,0.15818394233965305,forest,observation
4u_1735_444,4U 1735-444,50025-02-01-01,NS,0.9088684228996377,0.09113157710036235,forest,observation
4u_0614_09,4U 0614+09,50026-02-01-01,NS,0.8393811978165187,0.16061880218348135,forest,observation
4u_1702_429,4U 1702-429,50030-01-09-01,NS,0.8358014856545265,0.1641985143454735,forest,observation
4u_1702_429,4U 1702-429,50030-01-09-02,NS,0.845444079837306,0.15455592016269404,forest,observation
4u_1702_429,4U 1702-429,50030-01-13-01,NS,0.7874607423804361,0.21253925761956394,forest,observation
4u_0614_09,4U 0614+09,50031-01-02-07,NS,0.8238360611921958,0.17616393880780423,forest,observation
xte_j1118_480,XTE J1118+480,50133-01-05-00,BH,0.6533610102677068,0.34663898973229323,forest,observation
xte_j1118_480,XTE J1118+480,50407-01-02-00,BH,0.6120060052856195,0.38799399471438045,forest,observation
xte_j1118_480,XTE J1118+480,50407-01-05-01,BH,0.6138558288018274,0.38614417119817257,forest,observation
mxb_1658_298,MXB 1658-298,50410-01-02-00,NS,0.7480806423129875,0.25191935768701246,forest,observation
mxb_1658_298,MXB 1658-298,50410-01-03-00,NS,0.9305141701747186,0.0694858298252814,forest,observation
4u_1636_536,4U 1636-536,60032-01-04-00,NS,0.9498837895079529,0.050116210492047064,forest,observation
4u_1636_536,4U 1636-536,60032-01-14-01,NS,0.9550225411190045,0.04497745888099547,forest,observation
mxb_1658_298,MXB 1658-298,60048-02-01-00,NS,0.9414830662153127,0.05851693378468725,forest,observation
mxb_1658_298,MXB 1658-298,60048-03-02-00,NS,0.9414830662153127,0.05851693378468725,forest,observation
4u_1608_522,4U 1608-522,60052-02-04-03,NS,0.940713919098324,0.059286080901675975,forest,observation
mxb_1658_298,MXB 1658-298,60419-01-01-00,NS,0.6125660449461658,0.38743395505383416,forest,observation
gx_339_4,GX 339-4,60705-01-80-00,BH,0.6466803794115488,0.35331962058845123,forest,observation
cyg_x_2,Cyg X-2,70014-02-02-00,NS,0.6792642494186945,0.32073575058130555,forest,observation
ser_x_1,Ser X-1,70014-03-01-02,NS,0.9613547647786537,0.03864523522134633,forest,observation
ser_x_1,Ser X-1,70014-03-02-00,NS,0.9619690204381276,0.0380309795618724,forest,observation
ser_x_1,Ser X-1,70014-03-02-02,NS,0.9613547647786537,0.03864523522134633,forest,observation
ser_x_1,Ser X-1,70027-04-01-01,NS,0.9602913888591802,0.039708611140819805,forest,observation
4u_1746_37,4U 1746-37,70050-01-01-00,NS,0.9442941194428436,0.05570588055715642,forest,observation
4u_1746_37,4U 1746-37,70050-01-01-05,NS,0.946156607964423,0.053843392035576976,forest,observation
4u_1746_37,4U 1746-37,70050-01-01-06,NS,0.946156607964423,0.053843392035576976,forest,observation
4u_1746_37,4U 1746-37,70050-01-01-09,NS,0.9444074163257702,0.05559258367422981,forest,observation
aql_x_1,Aql X-1,70069-03-04-08,NS,0.822225486313819,0.17777451368618102,forest,observation
sax_j1808_4_3658,SAX J1808.4-3658,70080-01-02-03,NS,0.6954638077998005,0.30453619220019945,forest,observation
4u_1543_475,4U 1543-475,70124-02-11-00,BH,0.739491824127941,0.260508175872059,forest,observation
4u_1543_475,4U 1543-475,70133-01-05-00,BH,0.14132107194659788,0.8586789280534022,forest,observation
4u_1543_475,4U 1543-475,70133-01-20-00,BH,0.9121531473881026,0.0878468526118974,forest,observation
4u_1543_475,4U 1543-475,70133-01-26-01,BH,0.6335781435457581,0.36642185645424186,forest,observation
slx_1735_269,SLX 1735-269,70134-08-01-00,NS,0.8117305263225412,0.18826947367745883,forest,observation
v4641_sgr,V4641 Sgr,80054-08-01-00,BH,0.13937198304121584,0.8606280169587841,forest,observation
slx_1735_269,SLX 1735-269,80138-03-08-00,NS,0.7921201385713236,0.20787986142867643,forest,observation
1a_1744_361,1A 1744-361,80431-01-03-00,NS,0.9559451384274884,0.044054861572511594,forest,observation
xte_j1118_480,XTE J1118+480,90011-01-01-01,BH,0.8616440480110157,0.13835595198898432,forest,observation
xte_j1118_480,XTE J1118+480,90011-01-01-05,BH,0.8977428922938256,0.10225710770617435,forest,observation
xte_j1118_480,XTE J1118+480,90011-01-01-09,BH,0.8945601908159315,0.10543980918406848,forest,observation
4u_1254_69,4U 1254-69,90036-01-01-01,NS,0.9220049739463337,0.07799502605366626,forest,observation
4u_1746_37,4U 1746-37,90044-01-02-00,NS,0.9463530365358517,0.05364696346414832,forest,observation
1a_1744_361,1A 1744-361,90058-04-02-00,NS,0.7949325036447358,0.20506749635526422,forest,observation
xte_j1118_480,XTE J1118+480,90111-01-02-06,BH,0.7938342561572798,0.20616574384272024,forest,observation
aql_x_1,Aql X-1,90403-01-01-00,NS,0.8184468664069757,0.18155313359302427,forest,observation
igr_j00291_5934,IGR J00291+5934,90425-01-02-14,NS,0.7802243311639352,0.2197756688360648,forest,observation
cyg_x_2,Cyg X-2,91009-01-38-00,NS,0.9481302061807179,0.05186979381928214,forest,observation
4u_1735_444,4U 1735-444,91025-01-08-04,NS,0.9337911049683365,0.0662088950316635,forest,observation
4u_1735_444,4U 1735-444,91025-01-09-07,NS,0.9447907485085385,0.0552092514914615,forest,observation
4u_1735_444,4U 1735-444,91025-01-10-01,NS,0.9554096016820843,0.04459039831791567,forest,observation
4u_1705_44,4U 1705-44,91039-01-01-10,NS,0.9511787838667751,0.048821216133224876,forest,observation
1a_1744_361,1A 1744-361,91050-05-02-00,NS,0.9510574791264602,0.048942520873539785,forest,observation
sax_j1808_4_3658,SAX J1808.4-3658,91056-01-03-09,NS,0.8945319494701407,0.1054680505298593,forest,observation
hete_j1900_1_2455,HETE J1900.1-2455,91057-01-03-01,NS,0.8129695242608898,0.18703047573911025,forest,observation
hete_j1900_1_2455,HETE J1900.1-2455,91057-01-05-04,NS,0.8764974608073832,0.12350253919261678,forest,observation
4u_1735_444,4U 1735-444,91152-06-01-10,NS,0.9407393775269002,0.05926062247309982,forest,observation
4u_1728_34,4U 1728-34,92023-03-07-00,NS,0.9061369807342393,0.09386301926576068,forest,observation
4u_1728_34,4U 1728-34,92023-03-46-10,NS,0.8308610312180227,0.16913896878197732,forest,observation
4u_1728_34,4U 1728-34,92023-03-59-10,NS,0.8843858592662832,0.11561414073371679,forest,observation
4u_1728_34,4U 1728-34,92023-03-88-10,NS,0.8402143784768639,0.15978562152313613,forest,observation
4u_1728_34,4U 1728-34,92023-03-94-00,NS,0.6879604399549919,0.3120395600450081,forest,observation
cyg_x_2,Cyg X-2,92038-01-05-01,NS,0.9576856561095449,0.042314343890455075,forest,observation
slx_1735_269,SLX 1735-269,92052-02-01-00,NS,0.7313931706356946,0.26860682936430536,forest,observation
igr_j00291_5934,IGR J00291+5934,93013-07-18-00,NS,0.7802777853990803,0.21972221460091967,forest,observation
sax_j1808_4_3658,SAX J1808.4-3658,93027-01-02-00,NS,0.6852366048477795,0.3147633951522205,forest,observation
hete_j1900_1_2455,HETE J1900.1-2455,93030-01-03-00,NS,0.6966223538929031,0.30337764610709694,forest,observation
hete_j1900_1_2455,HETE J1900.1-2455,93030-01-15-00,NS,0.4704594441663344,0.5295405558336657,forest,observation
sax_j1810_8_2609,SAX J1810.8-2609,93044-02-01-00,NS,0.4621968618252913,0.5378031381747087,forest,observation
sax_j1810_8_2609,SAX J1810.8-2609,93044-02-07-00,NS,0.9211799317219248,0.0788200682780752,forest,observation
sax_j1810_8_2609,SAX J1810.8-2609,93044-02-08-00,NS,0.9313573056580249,0.06864269434197512,forest,observation
sax_j1750_8_2900,SAX J1750.8-2900,93044-08-08-01,NS,0.7544247395005715,0.24557526049942846,forest,observation
4u_1705_44,4U 1705-44,93060-01-01-10,NS,0.9196577639490002,0.08034223605099977,forest,observation
4u_1705_44,4U 1705-44,93060-01-14-10,NS,0.9596062301980163,0.040393769801983725,forest,observation
4u_1705_44,4U 1705-44,93060-01-22-00,NS,0.9413262010404044,0.05867379895959557,forest,observation
4u_1705_44,4U 1705-44,93060-01-28-10,NS,0.9442941194428436,0.05570588055715642,forest,observation
aql_x_1,Aql X-1,93076-01-09-00,NS,0.7474533035788303,0.25254669642116967,forest,observation
4u_1636_536,4U 1636-536,93087-01-87-00,NS,0.9592722463648681,0.040727753635131925,forest,observation
sax_j1810_8_2609,SAX J1810.8-2609,93093-01-02-02,NS,0.8185899123860374,0.1814100876139626,forest,observation
sax_j1810_8_2609,SAX J1810.8-2609,93093-01-02-07,NS,0.822948306240081,0.17705169375991903,forest,observation
sax_j1810_8_2609,SAX J1810.8-2609,93093-01-02-11,NS,0.8255146232190514,0.17448537678094855,forest,observation
1a_1744_361,1A 1744-361,93155-01-01-00,NS,0.9532526010776797,0.04674739892232027,forest,observation
1a_1744_361,1A 1744-361,93155-01-06-02,NS,0.9532526010776797,0.04674739892232027,forest,observation
1a_1744_361,1A 1744-361,93155-01-07-00,NS,0.9510574791264602,0.048942520873539785,forest,observation
1a_1744_361,1A 1744-361,93155-01-08-00,NS,0.9442941194428436,0.05570588055715642,forest,observation
4u_1608_522,4U 1608-522,93408-01-32-04,NS,0.7515787435724792,0.24842125642752078,forest,observation
4u_1608_522,4U 1608-522,93408-01-42-05,NS,0.7660898950008521,0.23391010499914788,forest,observation
gx_339_4,GX 339-4,93409-01-04-01,BH,0.52428917064884,0.47571082935116005,forest,observation
sax_j1810_8_2609,SAX J1810.8-2609,93414-01-01-03,NS,0.8892422351638573,0.11075776483614275,forest,observation
sax_j1810_8_2609,SAX J1810.8-2609,93414-01-04-00,NS,0.667737495748787,0.33226250425121295,forest,observation
sax_j1750_8_2900,SAX J1750.8-2900,93432-01-02-05,NS,0.8919332655033037,0.10806673449669635,forest,observation
sax_j1750_8_2900,SAX J1750.8-2900,93432-01-03-05,NS,0.8081969725221874,0.19180302747781264,forest,observation
sax_j1750_8_2900,SAX J1750.8-2900,93432-01-04-02,NS,0.7199352081097107,0.2800647918902893,forest,observation
sax_j1750_8_2900,SAX J1750.8-2900,93432-01-15-00,NS,0.8603117930717247,0.13968820692827533,forest,observation
sax_j1750_8_2900,SAX J1750.8-2900,93432-01-17-02,NS,0.7758405007690117,0.22415949923098832,forest,observation
4u_1705_44,4U 1705-44,94060-01-15-00,NS,0.7711865723869876,0.22881342761301238,forest,observation
4u_1705_44,4U 1705-44,94060-01-46-00,NS,0.9511787838667751,0.048821216133224876,forest,observation
aql_x_1,Aql X-1,94076-01-04-07,NS,0.7980643027156021,0.20193569728439786,forest,observation
4u_1702_429,4U 1702-429,94415-01-01-01,NS,0.9357240822607185,0.06427591773928154,forest,observation
hete_j1900_1_2455,HETE J1900.1-2455,95030-01-40-00,NS,0.7870645128756162,0.21293548712438382,forest,observation
4u_1705_44,4U 1705-44,95060-01-50-00,NS,0.9423335991148656,0.05766640088513442,forest,observation
gx_339_4,GX 339-4,95409-01-07-01,BH,0.12247482356353323,0.8775251764364668,forest,observation
gx_339_4,GX 339-4,95409-01-21-00,BH,0.2097707923642037,0.7902292076357963,forest,observation
1a_1744_361,1A 1744-361,95416-01-01-00,NS,0.7681251093681961,0.2318748906318039,forest,observation
1a_1744_361,1A 1744-361,95416-01-02-02,NS,0.9448875928498449,0.055112407150155085,forest,observation
hete_j1900_1_2455,HETE J1900.1-2455,96030-01-32-00,NS,0.8021422827472259,0.19785771725277412,forest,observation
sax_j1806_5_2215,SAX J1806.5-2215,96085-04-01-00,NS,0.8003879474486214,0.1996120525513786,forest,observation
sax_j1806_5_2215,SAX J1806.5-2215,96085-04-03-02,NS,0.9134367885661319,0.08656321143386814,forest,observation
sax_j1806_5_2215,SAX J1806.5-2215,96085-04-04-00,NS,0.9061870463637182,0.09381295363628184,forest,observation
sax_j1806_5_2215,SAX J1806.5-2215,96085-04-06-00,NS,0.925829150252181,0.07417084974781896,forest,observation
sax_j1806_5_2215,SAX J1806.5-2215,96085-04-08-00,NS,0.9380349906905388,0.06196500930946125,forest,observation
sax_j1806_5_2215,SAX J1806.5-2215,96085-04-09-01,NS,0.89363846003145,0.10636153996855002,forest,observation
sax_j1806_5_2215,SAX J1806.5-2215,96085-04-10-01,NS,0.8806181321350887,0.11938186786491134,forest,observation
sax_j1806_5_2215,SAX J1806.5-2215,96085-04-15-00,NS,0.7346116186765909,0.26538838132340914,forest,observation
4u_1728_34,4U 1728-34,96322-01-05-00,NS,0.6338183156287331,0.36618168437126686,forest,observation
4u_1735_444,4U 1735-444,96325-01-01-03,NS,0.9102533202750651,0.08974667972493489,forest,observation
4u_1735_444,4U 1735-444,96331-01-03-02,NS,0.909894863426035,0.09010513657396502,forest,observation
4u_1608_522,4U 1608-522,96423-01-39-02,NS,0.7480113714451849,0.2519886285548151,forest,observation
aql_x_1,Aql X-1,96440-01-05-04,NS,0.8737624097435329,0.12623759025646708,forest,observation
4u_1608_522,4U 1608-522,10093-01-01-01,NS,0.9816363636363638,0.01836363636363625,forest,observation
4u_0614_09,4U 0614+09,10095-01-01-00,NS,0.9280952380952381,0.07190476190476192,forest,observation
ks_1731_260,KS 1731-260,10416-01-01-00,NS,1.0,0.0,forest,observation
ks_1731_260,KS 1731-260,10416-01-03-00,NS,0.9666666666666666,0.03333333333333344,forest,observation
4u_1735_444,4U 1735-444,20084-01-02-03,NS,1.0,0.0,forest,observation
slx_1735_269,SLX 1735-269,20170-03-08-00,NS,0.9038214285714286,0.09617857142857145,forest,observation
cyg_x_2,Cyg X-2,30046-01-03-00,NS,0.9449444444444446,0.05505555555555541,forest,observation
ks_1731_260,KS 1731-260,30061-01-02-01,NS,0.8297500000000002,0.1702499999999998,forest,observation
ks_1731_260,KS 1731-260,30061-01-03-01,NS,1.0,0.0,forest,observation
ks_1731_260,KS 1731-260,30061-01-04-00,NS,1.0,0.0,forest,observation
gs_1354_64,GS 1354-64,30401-01-02-00,BH,0.2799357864357864,0.7200642135642136,forest,observation
ser_x_1,Ser X-1,40025-03-01-01,NS,1.0,0.0,forest,observation
4u_1702_429,4U 1702-429,40025-04-03-01,NS,0.8831904761904762,0.11680952380952381,forest,observation
4u_1636_536,4U 1636-536,40028-01-14-02,NS,1.0,0.0,forest,observation
mxb_1658_298,MXB 1658-298,40050-04-05-02,NS,1.0,0.0,forest,observation
xte_j1859_226,XTE J1859+226,40124-01-11-00,BH,0.05576190476190477,0.9442380952380952,forest,observation
xte_j1859_226,XTE J1859+226,40124-01-33-00,BH,0.13376190476190478,0.8662380952380953,forest,observation
xte_j1859_226,XTE J1859+226,40124-01-35-02,BH,0.11954761904761906,0.880452380952381,forest,observation
xte_j1859_226,XTE J1859+226,40124-01-51-00,BH,0.4823690476190477,0.5176309523809524,forest,observation
xte_j1859_226,XTE J1859+226,40124-01-55-00,BH,0.4112698412698413,0.5887301587301588,forest,observation
xte_j1859_226,XTE J1859+226,40124-01-55-03,BH,0.21403571428571427,0.7859642857142857,forest,observation
xte_j1550_564,XTE J1550-564,40401-01-26-00,BH,0.32692857142857135,0.6730714285714287,forest,observation
xte_j1550_564,XTE J1550-564,40401-01-43-00,BH,0.3104166666666666,0.6895833333333334,forest,observation
xte_j1550_564,XTE J1550-564,40401-01-96-01,BH,0.6796666666666666,0.32033333333333336,forest,observation
mxb_1658_298,MXB 1658-298,40414-01-01-00,NS,0.9966666666666667,0.0033333333333332993,forest,observation
aql_x_1,Aql X-1,40432-01-04-00,NS,0.44783669108669116,0.5521633089133089,forest,observation
4u_1735_444,4U 1735-444,50026-01-01-03,NS,0.7470873015873017,0.25291269841269826,forest,observation
4u_1728_34,4U 1728-34,50029-23-01-00,NS,0.8383492063492062,0.16165079365079382,forest,observation
4u_1735_444,4U 1735-444,50029-34-01-00,NS,0.9941666666666668,0.005833333333333246,forest,observation
4u_1702_429,4U 1702-429,50030-01-01-05,NS,0.9925,0.007499999999999951,forest,observation
4u_1702_429,4U 1702-429,50030-01-05-00,NS,0.9320703463203464,0.06792965367965365,forest,observation
4u_0614_09,4U 0614+09,50031-01-01-01,NS,0.951392857142857,0.04860714285714296,forest,observation
ks_1731_260,KS 1731-260,50031-02-01-11,NS,0.9785714285714286,0.021428571428571352,forest,observation
ks_1731_260,KS 1731-260,50031-02-02-07,NS,0.6885555555555556,0.3114444444444444,forest,observation
aql_x_1,Aql X-1,50049-02-08-03,NS,0.9856666666666666,0.01433333333333342,forest,observation
xte_j1118_480,XTE J1118+480,50133-01-04-00,BH,0.5017925685425684,0.4982074314574316,forest,observation
xte_j1118_480,XTE J1118+480,50137-01-04-00,BH,0.49680411255411244,0.5031958874458875,forest,observation
xte_j1118_480,XTE J1118+480,50407-01-06-00,BH,0.6117406204906205,0.3882593795093795,forest,observation
xte_j1118_480,XTE J1118+480,50407-01-15-00,BH,0.9220277777777778,0.07797222222222222,forest,observation
mxb_1658_298,MXB 1658-298,50410-01-05-00,NS,0.9569999999999999,0.04300000000000015,forest,observation
mxb_1658_298,MXB 1658-298,50410-01-07-00,NS,0.7983095238095238,0.2016904761904762,forest,observation
mxb_1658_298,MXB 1658-298,60048-01-02-00,NS,0.8580079365079365,0.1419920634920635,forest,observation
mxb_1658_298,MXB 1658-298,60048-01-04-00,NS,0.9044761904761905,0.09552380952380946,forest,observation
mxb_1658_298,MXB 1658-298,60048-01-05-00,NS,0.9575000000000001,0.04249999999999987,forest,observation
mxb_1658_298,MXB 1658-298,60048-03-05-00,NS,1.0,0.0,forest,observation
sax_j1750_8_2900,SAX J1750.8-2900,60084-03-02-00,NS,1.0,0.0,forest,observation
gx_339_4,GX 339-4,60705-01-69-00,BH,0.4220219780219781,0.577978021978022,forest,observation
ser_x_1,Ser X-1,70014-03-01-01,NS,1.0,0.0,forest,observation
ser_x_1,Ser X-1,70014-03-02-01,NS,0.9941666666666668,0.005833333333333246,forest,observation
ser_x_1,Ser X-1,70027-04-08-00,NS,1.0,0.0,forest,observation
4u_1746_37,4U 1746-37,70050-01-01-04,NS,0.9966666666666667,0.0033333333333332993,forest,observation
4u_1746_37,4U 1746-37,70050-01-01-07,NS,0.995,0.0050000000000000044,forest,observation
4u_1746_37,4U 1746-37,70050-01-01-08,NS,0.9975,0.0024999999999999467,forest,observation
4u_1608_522,4U 1608-522,70058-01-22-00,NS,0.9616666666666667,0.03833333333333333,forest,observation
4u_1608_522,4U 1608-522,70058-01-37-00,NS,1.0,0.0,forest,observation
sax_j1808_4_3658,SAX J1808.4-3658,70080-01-02-13,NS,0.8967936507936508,0.10320634920634919,forest,observation
sax_j1808_4_3658,SAX J1808.4-3658,70080-02-02-35,NS,0.6165454545454545,0.3834545454545455,forest,observation
4u_1543_475,4U 1543-475,70124-02-03-00,BH,0.853254329004329,0.14674567099567104,forest,observation
4u_1543_475,4U 1543-475,70124-02-06-00,BH,0.723057081807082,0.27694291819291805,forest,observation
v4641_sgr,V4641 Sgr,80054-08-01-01,BH,0.04064102564102564,0.9593589743589743,forest,observation
gx_339_4,GX 339-4,80102-04-57-01,BH,0.6057086247086246,0.39429137529137537,forest,observation
1a_1744_361,1A 1744-361,80431-01-03-02,NS,1.0,0.0,forest,observation
aql_x_1,Aql X-1,90017-01-07-00,NS,0.5673055555555555,0.4326944444444445,forest,observation
cyg_x_2,Cyg X-2,90030-01-08-00,NS,0.7953928571428571,0.20460714285714288,forest,observation
cyg_x_2,Cyg X-2,90030-01-67-00,NS,0.995,0.0050000000000000044,forest,observation
4u_1746_37,4U 1746-37,90044-01-01-01,NS,1.0,0.0,forest,observation
slx_1735_269,SLX 1735-269,90058-05-01-04,NS,1.0,0.0,forest,observation
xte_j1118_480,XTE J1118+480,90111-01-02-11,BH,0.685,0.31499999999999995,forest,observation
xte_j1118_480,XTE J1118+480,90111-01-03-02,BH,0.9233214285714285,0.07667857142857148,forest,observation
cyg_x_2,Cyg X-2,91009-01-06-00,NS,0.9032539682539684,0.09674603174603158,forest,observation
hete_j1900_1_2455,HETE J1900.1-2455,91015-01-04-07,NS,0.6890612720612721,0.3109387279387279,forest,observation
4u_1735_444,4U 1735-444,91025-01-05-06,NS,1.0,0.0,forest,observation
4u_1735_444,4U 1735-444,91025-01-08-05,NS,0.9966666666666667,0.0033333333333332993,forest,observation
4u_1735_444,4U 1735-444,91025-01-13-10,NS,1.0,0.0,forest,observation
4u_1705_44,4U 1705-44,91039-01-01-50,NS,0.4305703463203463,0.5694296536796537,forest,observation
4u_1705_44,4U 1705-44,91039-01-02-61,NS,0.9778333333333334,0.022166666666666557,forest,observation
1a_1744_361,1A 1744-361,91050-05-03-00,NS,0.99,0.010000000000000009,forest,observation
hete_j1900_1_2455,HETE J1900.1-2455,91057-01-08-00,NS,0.6796446053946055,0.32035539460539453,forest,observation
4u_1735_444,4U 1735-444,91152-06-02-00,NS,0.9975,0.0024999999999999467,forest,observation
4u_0614_09,4U 0614+09,91425-01-04-02,NS,0.9113293650793652,0.08867063492063476,forest,observation
4u_1636_536,4U 1636-536,92023-01-94-10,NS,0.9925,0.007499999999999951,forest,observation
4u_1728_34,4U 1728-34,92023-03-33-00,NS,0.9957142857142857,0.004285714285714337,forest,observation
4u_1728_34,4U 1728-34,92023-03-74-10,NS,0.9667777777777777,0.033222222222222264,forest,observation
gx_339_4,GX 339-4,92035-01-02-06,BH,0.03852380952380952,0.9614761904761905,forest,observation
hete_j1900_1_2455,HETE J1900.1-2455,92049-01-37-00,NS,0.8236706349206347,0.17632936507936525,forest,observation
hete_j1900_1_2455,HETE J1900.1-2455,93030-01-25-01,NS,0.4705827228327228,0.5294172771672772,forest,observation
hete_j1900_1_2455,HETE J1900.1-2455,93030-01-37-00,NS,0.9226666666666666,0.07733333333333337,forest,observation
sax_j1810_8_2609,SAX J1810.8-2609,93044-02-03-00,NS,0.7791013708513707,0.22089862914862934,forest,observation
sax_j1810_8_2609,SAX J1810.8-2609,93044-02-06-01,NS,0.8830952380952382,0.11690476190476184,forest,observation
sax_j1750_8_2900,SAX J1750.8-2900,93044-08-02-00,NS,0.9591666666666667,0.04083333333333328,forest,observation
sax_j1750_8_2900,SAX J1750.8-2900,93044-08-05-00,NS,0.9599285714285714,0.04007142857142865,forest,observation
4u_1705_44,4U 1705-44,93060-01-71-00,NS,0.9726111111111112,0.027388888888888796,forest,observation
4u_1705_44,4U 1705-44,93060-01-85-00,NS,0.9975,0.0024999999999999467,forest,observation
4u_1636_536,4U 1636-536,93087-01-36-20,NS,1.0,0.0,forest,observation
sax_j1810_8_2609,SAX J1810.8-2609,93093-01-02-10,NS,0.9077142857142856,0.09228571428571442,forest,observation
1a_1744_361,1A 1744-361,93155-01-02-01,NS,1.0,0.0,forest,observation
1a_1744_361,1A 1744-361,93155-01-03-02,NS,0.9803333333333333,0.01966666666666672,forest,observation
1a_1744_361,1A 1744-361,93155-01-03-03,NS,1.0,0.0,forest,observation
4u_0614_09,4U 0614+09,93404-01-21-00,NS,0.8989285714285716,0.10107142857142837,forest,observation
4u_1608_522,4U 1608-522,93408-01-26-03,NS,0.6884112554112555,0.3115887445887445,forest,observation
4u_1608_522,4U 1608-522,93408-01-66-01,NS,0.9147301587301588,0.08526984126984116,forest,observation
sax_j1810_8_2609,SAX J1810.8-2609,93414-01-04-01,NS,0.8063066378066377,0.1936933621933623,forest,observation
sax_j1810_8_2609,SAX J1810.8-2609,93414-01-04-03,NS,0.8162445593622064,0.1837554406377936,forest,observation
sax_j1810_8_2609,SAX J1810.8-2609,93414-01-05-01,NS,0.5400616883116884,0.45993831168831156,forest,observation
sax_j1750_8_2900,SAX J1750.8-2900,93432-01-01-01,NS,0.9354444444444445,0.06455555555555548,forest,observation
sax_j1750_8_2900,SAX J1750.8-2900,93432-01-06-00,NS,0.9933333333333333,0.00666666666666671,forest,observation
sax_j1750_8_2900,SAX J1750.8-2900,93432-01-07-04,NS,0.9975,0.0024999999999999467,forest,observation
sax_j1750_8_2900,SAX J1750.8-2900,93432-01-10-01,NS,1.0,0.0,forest,observation
sax_j1750_8_2900,SAX J1750.8-2900,93432-01-11-02,NS,0.9975,0.0024999999999999467,forest,observation
hete_j1900_1_2455,HETE J1900.1-2455,94030-01-37-00,NS,0.971,0.029000000000000026,forest,observation
4u_1636_536,4U 1636-536,94087-01-10-00,NS,0.9421190476190476,0.057880952380952366,forest,observation
4u_1608_522,4U 1608-522,94401-01-18-00,NS,0.569800505050505,0.43019949494949505,forest,observation
4u_1705_44,4U 1705-44,95060-01-22-00,NS,0.9640238095238096,0.035976190476190384,forest,observation
4u_1636_536,4U 1636-536,95087-01-15-00,NS,0.6629166666666668,0.3370833333333332,forest,observation
4u_1254_69,4U 1254-69,95324-01-02-01,NS,0.9676666666666667,0.032333333333333325,forest,observation
cyg_x_2,Cyg X-2,95345-01-32-00,NS,0.9551666666666666,0.04483333333333339,forest,observation
cyg_x_2,Cyg X-2,95345-01-42-00,NS,0.9957142857142857,0.004285714285714337,forest,observation
4u_0614_09,4U 0614+09,95404-01-01-01,NS,0.8432420634920633,0.15675793650793668,forest,observation
4u_0614_09,4U 0614+09,95404-01-09-02,NS,0.8050308857808857,0.19496911421911434,forest,observation
gx_339_4,GX 339-4,95409-01-15-01,BH,0.04304761904761906,0.956952380952381,forest,observation
1a_1744_361,1A 1744-361,95416-01-02-00,NS,0.9941666666666665,0.005833333333333468,forest,observation
v4641_sgr,V4641 Sgr,95436-01-01-00,BH,0.6280198412698411,0.3719801587301589,forest,observation
4u_1705_44,4U 1705-44,96060-01-23-00,NS,1.0,0.0,forest,observation
sax_j1806_5_2215,SAX J1806.5-2215,96085-04-03-00,NS,0.8576306471306471,0.14236935286935293,forest,observation
sax_j1806_5_2215,SAX J1806.5-2215,96085-04-05-03,NS,0.9312474747474748,0.06875252525252518,forest,observation
sax_j1806_5_2215,SAX J1806.5-2215,96085-04-06-01,NS,0.978,0.02200000000000002,forest,observation
sax_j1806_5_2215,SAX J1806.5-2215,96085-04-19-00,NS,0.9278095238095238,0.07219047619047625,forest,observation
sax_j1806_5_2215,SAX J1806.5-2215,96085-04-20-00,NS,0.8352142857142859,0.1647857142857141,forest,observation
sax_j1806_5_2215,SAX J1806.5-2215,96085-04-23-00,NS,0.9441190476190476,0.055880952380952364,forest,observation
sax_j1806_5_2215,SAX J1806.5-2215,96085-04-25-00,NS,0.9466666666666668,0.05333333333333323,forest,observation
sax_j1806_5_2215,SAX J1806.5-2215,96085-04-29-00,NS,0.9494047619047621,0.050595238095237915,forest,observation
sax_j1806_5_2215,SAX J1806.5-2215,96085-04-30-00,NS,0.8333863636363635,0.16661363636363646,forest,observation
sax_j1806_5_2215,SAX J1806.5-2215,96085-04-33-00,NS,0.9686666666666666,0.031333333333333435,forest,observation
4u_1636_536,4U 1636-536,96087-01-84-10,NS,0.78375,0.21625000000000005,forest,observation
4u_1735_444,4U 1735-444,96331-01-01-00,NS,0.9966666666666667,0.0033333333333332993,forest,observation
slx_1735_269,SLX 1735-269,96429-01-02-02,NS,0.9106529581529581,0.0893470418470419,forest,observation
slx_1735_269,SLX 1735-269,96429-01-06-02,NS,0.9334267676767677,0.06657323232323231,forest,observation
4u_1735_444,4U 1735-444,20084-01-01-00,NS,0.9562900776671863,0.04370992233281368,forest,grouped
4u_1735_444,4U 1735-444,20084-01-02-03,NS,0.932391616052626,0.067608383947374,forest,grouped
4u_1636_536,4U 1636-536,30053-02-01-00,NS,0.9567898156640733,0.043210184335926716,forest,grouped
xte_j1550_564,XTE J1550-564,30188-06-01-02,BH,0.034258408258408264,0.9657415917415917,forest,grouped
xte_j1550_564,XTE J1550-564,30191-01-02-00,BH,0.034258408258408264,0.9657415917415917,forest,grouped
xte_j1550_564,XTE J1550-564,30191-01-12-00,BH,0.034258408258408264,0.9657415917415917,forest,grouped
xte_j1550_564,XTE J1550-564,30191-01-28-01,BH,0.034258408258408264,0.9657415917415917,forest,grouped
xte_j1550_564,XTE J1550-564,30191-01-34-00,BH,0.034258408258408264,0.9657415917415917,forest,grouped
xte_j1550_564,XTE J1550-564,30191-01-44-00,BH,0.7707989362192706,0.22920106378072935,forest,grouped
xte_j1550_564,XTE J1550-564,30435-01-07-00,BH,0.5937001226695497,0.40629987733045025,forest,grouped
xte_j1550_564,XTE J1550-564,30435-01-15-01,BH,0.8286720785185265,0.17132792148147347,forest,grouped
xte_j1550_564,XTE J1550-564,30435-01-25-00,BH,0.8539633472430106,0.1460366527569894,forest,grouped
4u_1636_536,4U 1636-536,40028-01-14-02,NS,0.9315716321234448,0.06842836787655515,forest,grouped
4u_1735_444,4U 1735-444,40030-02-04-00,NS,0.9403604517789802,0.0596395482210198,forest,grouped
4u_1735_444,4U 1735-444,40030-02-09-01,NS,0.9493735824830551,0.050626417516944855,forest,grouped
4u_1735_444,4U 1735-444,40033-07-01-04,NS,0.935349462767991,0.06465053723200898,forest,grouped
mxb_1658_298,MXB 1658-298,40050-04-05-00,NS,0.9397556258107186,0.06024437418928141,forest,grouped
mxb_1658_298,MXB 1658-298,40050-04-05-02,NS,0.9413111352847846,0.058688864715215394,forest,grouped
xte_j1550_564,XTE J1550-564,40401-01-08-00,BH,0.8365993287746256,0.16340067122537438,forest,grouped
xte_j1550_564,XTE J1550-564,40401-01-18-00,BH,0.0528939393939394,0.9471060606060606,forest,grouped
xte_j1550_564,XTE J1550-564,40401-01-26-00,BH,0.8321210265053662,0.16787897349463377,forest,grouped
xte_j1550_564,XTE J1550-564,40401-01-35-01,BH,0.8622621299004117,0.13773787009958827,forest,grouped
xte_j1550_564,XTE J1550-564,40401-01-43-00,BH,0.7748405286206606,0.22515947137933945,forest,grouped
xte_j1550_564,XTE J1550-564,40401-01-53-00,BH,0.034258408258408264,0.9657415917415917,forest,grouped
xte_j1550_564,XTE J1550-564,40401-01-60-00,BH,0.18279691103289233,0.8172030889671077,forest,grouped
xte_j1550_564,XTE J1550-564,40401-01-70-00,BH,0.767349796102135,0.23265020389786495,forest,grouped
xte_j1550_564,XTE J1550-564,40401-01-80-00,BH,0.7214291165305774,0.2785708834694226,forest,grouped
xte_j1550_564,XTE J1550-564,40401-01-82-04,BH,0.752210838023112,0.24778916197688805,forest,grouped
xte_j1550_564,XTE J1550-564,40401-01-96-01,BH,0.7185158742246439,0.2814841257753561,forest,grouped
mxb_1658_298,MXB 1658-298,40414-01-01-00,NS,0.9298563738973784,0.07014362610262159,forest,grouped
mxb_1658_298,MXB 1658-298,40414-01-02-00,NS,0.8302735976506342,0.16972640234936576,forest,grouped
mxb_1658_298,MXB 1658-298,40414-01-04-00,NS,0.7177216347080995,0.28227836529190053,forest,grouped
mxb_1658_298,MXB 1658-298,40414-01-06-00,NS,0.7985213824156716,0.2014786175843284,forest,grouped
mxb_1658_298,MXB 1658-298,40414-01-08-00,NS,0.7591104685134991,0.24088953148650094,forest,grouped
mxb_1658_298,MXB 1658-298,40414-01-14-00,NS,0.8080436949236695,0.19195630507633055,forest,grouped
mxb_1658_298,MXB 1658-298,40414-01-15-00,NS,0.7747918246042107,0.2252081753957893,forest,grouped
4u_1735_444,4U 1735-444,50025-02-01-01,NS,0.9342749005409989,0.06572509945900107,forest,grouped
4u_1735_444,4U 1735-444,50025-02-01-06,NS,0.9389462838200903,0.061053716179909734,forest,grouped
4u_1735_444,4U 1735-444,50026-01-01-03,NS,0.6642760714280265,0.33572392857197353,forest,grouped
4u_1735_444,4U 1735-444,50029-34-01-00,NS,0.9401818803504088,0.05981811964959116,forest,grouped
xte_j1550_564,XTE J1550-564,50134-01-05-00,BH,0.3015500035195158,0.6984499964804842,forest,grouped
xte_j1550_564,XTE J1550-564,50134-02-04-01,BH,0.34856398645899617,0.6514360135410038,forest,grouped
xte_j1550_564,XTE J1550-564,50135-01-11-00,BH,0.3382329913655132,0.6617670086344868,forest,grouped
xte_j1550_564,XTE J1550-564,50137-02-04-01,BH,0.11107983682983683,0.8889201631701632,forest,grouped
xte_j1550_564,XTE J1550-564,50137-02-12-00,BH,0.396248266464119,0.6037517335358811,forest,grouped
mxb_1658_298,MXB 1658-298,50410-01-02-00,NS,0.7673504405578647,0.23264955944213528,forest,grouped
mxb_1658_298,MXB 1658-298,50410-01-03-00,NS,0.8883346935856012,0.11166530641439876,forest,grouped
mxb_1658_298,MXB 1658-298,50410-01-05-00,NS,0.8160509446614824,0.18394905533851758,forest,grouped
mxb_1658_298,MXB 1658-298,50410-01-07-00,NS,0.7711226107518482,0.22887738924815182,forest,grouped
mxb_1658_298,MXB 1658-298,50410-01-09-00,NS,0.7912650310917173,0.2087349689082827,forest,grouped
4u_1636_536,4U 1636-536,60032-01-04-00,NS,0.9532879999438775,0.04671200005612253,forest,grouped
4u_1636_536,4U 1636-536,60032-01-14-01,NS,0.9629251365402873,0.03707486345971267,forest,grouped
4u_1636_536,4U 1636-536,60032-05-15-00,NS,0.9549815010618503,0.04501849893814969,forest,grouped
sax_j1750_8_2900,SAX J1750.8-2900,60035-01-02-01,NS,0.7862763495863173,0.2137236504136827,forest,grouped
4u_1735_444,4U 1735-444,60042-01-01-01,NS,0.9326629414479021,0.06733705855209793,forest,grouped
mxb_1658_298,MXB 1658-298,60048-01-02-00,NS,0.8064302012019371,0.1935697987980629,forest,grouped
mxb_1658_298,MXB 1658-298,60048-01-04-00,NS,0.7884701490230398,0.2115298509769602,forest,grouped
mxb_1658_298,MXB 1658-298,60048-01-05-00,NS,0.8459926872986644,0.1540073127013356,forest,grouped
mxb_1658_298,MXB 1658-298,60048-02-01-00,NS,0.92739483543584,0.07260516456416,forest,grouped
mxb_1658_298,MXB 1658-298,60048-02-03-00,NS,0.8066364314069773,0.19336356859302273,forest,grouped
mxb_1658_298,MXB 1658-298,60048-02-05-00,NS,0.811548799016187,0.18845120098381296,forest,grouped
mxb_1658_298,MXB 1658-298,60048-03-02-00,NS,0.9251221081631127,0.07487789183688731,forest,grouped
mxb_1658_298,MXB 1658-298,60048-03-03-00,NS,0.921561755070244,0.07843824492975604,forest,grouped
mxb_1658_298,MXB 1658-298,60048-03-05-00,NS,0.9251221081631127,0.07487789183688731,forest,grouped
mxb_1658_298,MXB 1658-298,60048-04-02-00,NS,0.7557144499132995,0.2442855500867005,forest,grouped
sax_j1750_8_2900,SAX J1750.8-2900,60084-03-01-02,NS,0.9639538539889801,0.03604614601101985,forest,grouped
sax_j1750_8_2900,SAX J1750.8-2900,60084-03-02-00,NS,0.9663725408634909,0.03362745913650911,forest,grouped
sax_j1750_8_2900,SAX J1750.8-2900,60117-01-01-00,NS,0.7945406310491383,0.2054593689508617,forest,grouped
mxb_1658_298,MXB 1658-298,60419-01-01-00,NS,0.5286731010508049,0.4713268989491951,forest,grouped
xte_j1550_564,XTE J1550-564,60428-01-09-00,BH,0.5670172821175391,0.4329827178824609,forest,grouped
xte_j1550_564,XTE J1550-564,80135-01-04-01,BH,0.22157608854560074,0.7784239114543993,forest,grouped
hete_j1900_1_2455,HETE J1900.1-2455,91015-01-01-00,NS,0.7870435735692429,0.21295642643075707,forest,grouped
hete_j1900_1_2455,HETE J1900.1-2455,91015-01-04-07,NS,0.6507617155179791,0.3492382844820209,forest,grouped
hete_j1900_1_2455,HETE J1900.1-2455,91015-01-07-01,NS,0.7919291662519895,0.2080708337480105,forest,grouped
4u_1636_536,4U 1636-536,91024-01-07-10,NS,0.9110346943191042,0.08896530568089578,forest,grouped
4u_1636_536,4U 1636-536,91024-01-13-00,NS,0.9601923931185016,0.039807606881498425,forest,grouped
4u_1636_536,4U 1636-536,91024-01-53-10,NS,0.9440469243360726,0.055953075663927376,forest,grouped
4u_1636_536,4U 1636-536,91024-01-62-00,NS,0.9709787978283012,0.02902120217169879,forest,grouped
4u_1636_536,4U 1636-536,91024-01-85-10,NS,0.8664779632177058,0.13352203678229424,forest,grouped
4u_1735_444,4U 1735-444,91025-01-01-09,NS,0.9457130019066526,0.05428699809334736,forest,grouped
4u_1735_444,4U 1735-444,91025-01-04-01,NS,0.9524879498865638,0.04751205011343618,forest,grouped
4u_1735_444,4U 1735-444,91025-01-04-06,NS,0.6610762477349958,0.33892375226500415,forest,grouped
4u_1735_444,4U 1735-444,91025-01-05-06,NS,0.9536545701998448,0.04634542980015521,forest,grouped
4u_1735_444,4U 1735-444,91025-01-06-05,NS,0.930902172078985,0.06909782792101504,forest,grouped
4u_1735_444,4U 1735-444,91025-01-08-04,NS,0.9395540689327696,0.060445931067230396,forest,grouped
4u_1735_444,4U 1735-444,91025-01-08-05,NS,0.9395540689327696,0.060445931067230396,forest,grouped
4u_1735_444,4U 1735-444,91025-01-09-01,NS,0.9360816400211428,0.0639183599788572,forest,grouped
4u_1735_444,4U 1735-444,91025-01-09-07,NS,0.9542163449482922,0.04578365505170778,forest,grouped
4u_1735_444,4U 1735-444,91025-01-09-18,NS,0.9647408554202258,0.03525914457977419,forest,grouped
4u_1735_444,4U 1735-444,91025-01-10-01,NS,0.9601320365306993,0.03986796346930066,forest,grouped
4u_1735_444,4U 1735-444,91025-01-11-10,NS,0.9641153601869911,0.035884639813008934,forest,grouped
4u_1735_444,4U 1735-444,91025-01-12-00,NS,0.9542046175532982,0.04579538244670178,forest,grouped
4u_1735_444,4U 1735-444,91025-01-13-10,NS,0.9544538948574529,0.04554610514254709,forest,grouped
4u_1735_444,4U 1735-444,91025-01-16-09,NS,0.9363053458252892,0.06369465417471076,forest,grouped
hete_j1900_1_2455,HETE J1900.1-2455,91057-01-03-01,NS,0.6748822115307356,0.3251177884692644,forest,grouped
hete_j1900_1_2455,HETE J1900.1-2455,91057-01-05-04,NS,0.7912299532043697,0.20877004679563027,forest,grouped
hete_j1900_1_2455,HETE J1900.1-2455,91057-01-08-00,NS,0.6838898493710128,0.3161101506289872,forest,grouped
hete_j1900_1_2455,HETE J1900.1-2455,91057-01-11-00,NS,0.7568888835616877,0.2431111164383123,forest,grouped
hete_j1900_1_2455,HETE J1900.1-2455,91059-03-03-00,NS,0.7595075898869446,0.24049241011305544,forest,grouped
4u_1735_444,4U 1735-444,91152-06-01-10,NS,0.9429050171338033,0.05709498286619674,forest,grouped
4u_1735_444,4U 1735-444,91152-06-02-00,NS,0.935293491954502,0.06470650804549805,forest,grouped
4u_1636_536,4U 1636-536,92023-01-42-10,NS,0.9687024347167295,0.031297565283270545,forest,grouped
4u_1636_536,4U 1636-536,92023-01-43-00,NS,0.9583704325386461,0.041629567461353933,forest,grouped
4u_1636_536,4U 1636-536,92023-01-93-00,NS,0.9731557633435599,0.02684423665644009,forest,grouped
4u_1636_536,4U 1636-536,92023-01-94-10,NS,0.9596989663957993,0.040301033604200676,forest,grouped
4u_1636_536,4U 1636-536,92023-02-08-00,NS,0.6430966376076259,0.3569033623923741,forest,grouped
hete_j1900_1_2455,HETE J1900.1-2455,92049-01-04-00,NS,0.6655580971015362,0.33444190289846376,forest,grouped
hete_j1900_1_2455,HETE J1900.1-2455,92049-01-14-00,NS,0.7967627870980801,0.20323721290191987,forest,grouped
hete_j1900_1_2455,HETE J1900.1-2455,92049-01-26-00,NS,0.787787999558689,0.21221200044131105,forest,grouped
hete_j1900_1_2455,HETE J1900.1-2455,92049-01-37-00,NS,0.7422885871740165,0.25771141282598353,forest,grouped
hete_j1900_1_2455,HETE J1900.1-2455,92049-01-49-00,NS,0.90403586054343,0.09596413945657001,forest,grouped
hete_j1900_1_2455,HETE J1900.1-2455,93030-01-03-00,NS,0.7548035257582248,0.24519647424177515,forest,grouped
hete_j1900_1_2455,HETE J1900.1-2455,93030-01-15-00,NS,0.4157880658664604,0.5842119341335397,forest,grouped
hete_j1900_1_2455,HETE J1900.1-2455,93030-01-25-01,NS,0.5568372682884272,0.44316273171157283,forest,grouped
hete_j1900_1_2455,HETE J1900.1-2455,93030-01-37-00,NS,0.7841734961765516,0.21582650382344837,forest,grouped
hete_j1900_1_2455,HETE J1900.1-2455,93030-01-48-00,NS,0.7860003169883397,0.21399968301166028,forest,grouped
sax_j1750_8_2900,SAX J1750.8-2900,93044-08-02-00,NS,0.904824924454616,0.09517507554538396,forest,grouped
sax_j1750_8_2900,SAX J1750.8-2900,93044-08-05-00,NS,0.9184006798882689,0.0815993201117311,forest,grouped
sax_j1750_8_2900,SAX J1750.8-2900,93044-08-08-01,NS,0.6999780289225854,0.3000219710774146,forest,grouped
4u_1636_536,4U 1636-536,93087-01-36-10,NS,0.9701310061453009,0.0298689938546991,forest,grouped
4u_1636_536,4U 1636-536,93087-01-36-20,NS,0.9710153768723683,0.028984623127631726,forest,grouped
4u_1636_536,4U 1636-536,93087-01-41-00,NS,0.933622277392527,0.06637772260747299,forest,grouped
4u_1636_536,4U 1636-536,93087-01-83-10,NS,0.9742554972060207,0.02574450279397933,forest,grouped
4u_1636_536,4U 1636-536,93087-01-87-00,NS,0.9687024347167295,0.031297565283270545,forest,grouped
4u_1735_444,4U 1735-444,93200-01-01-04,NS,0.8987860685182162,0.10121393148178381,forest,grouped
sax_j1750_8_2900,SAX J1750.8-2900,93432-01-01-01,NS,0.8058153012256933,0.19418469877430666,forest,grouped
sax_j1750_8_2900,SAX J1750.8-2900,93432-01-02-00,NS,0.8042712417031831,0.1957287582968169,forest,grouped
sax_j1750_8_2900,SAX J1750.8-2900,93432-01-02-05,NS,0.7586115533290523,0.24138844667094772,forest,grouped
sax_j1750_8_2900,SAX J1750.8-2900,93432-01-03-01,NS,0.7811801353414909,0.2188198646585091,forest,grouped
sax_j1750_8_2900,SAX J1750.8-2900,93432-01-03-05,NS,0.7852487082553131,0.21475129174468688,forest,grouped
sax_j1750_8_2900,SAX J1750.8-2900,93432-01-04-02,NS,0.6768600536367956,0.3231399463632044,forest,grouped
sax_j1750_8_2900,SAX J1750.8-2900,93432-01-05-02,NS,0.765475074710285,0.23452492528971502,forest,grouped
sax_j1750_8_2900,SAX J1750.8-2900,93432-01-06-00,NS,0.892306865152528,0.107693134847472,forest,grouped
sax_j1750_8_2900,SAX J1750.8-2900,93432-01-06-03,NS,0.9233819649604084,0.07661803503959164,forest,grouped
sax_j1750_8_2900,SAX J1750.8-2900,93432-01-07-00,NS,0.9325243594154579,0.06747564058454214,forest,grouped
sax_j1750_8_2900,SAX J1750.8-2900,93432-01-07-04,NS,0.9433498435946795,0.05665015640532045,forest,grouped
sax_j1750_8_2900,SAX J1750.8-2900,93432-01-08-01,NS,0.9372044968819954,0.06279550311800464,forest,grouped
sax_j1750_8_2900,SAX J1750.8-2900,93432-01-09-03,NS,0.9536521555621792,0.04634784443782081,forest,grouped
sax_j1750_8_2900,SAX J1750.8-2900,93432-01-10-01,NS,0.947257813833265,0.05274218616673498,forest,grouped
sax_j1750_8_2900,SAX J1750.8-2900,93432-01-10-04,NS,0.9332816174738219,0.06671838252617812,forest,grouped
sax_j1750_8_2900,SAX J1750.8-2900,93432-01-11-02,NS,0.9603206927036567,0.03967930729634328,forest,grouped
sax_j1750_8_2900,SAX J1750.8-2900,93432-01-11-03,NS,0.9566522923985229,0.0433477076014771,forest,grouped
sax_j1750_8_2900,SAX J1750.8-2900,93432-01-12-02,NS,0.9644357605153664,0.03556423948463361,forest,grouped
sax_j1750_8_2900,SAX J1750.8-2900,93432-01-13-02,NS,0.9269523989927272,0.07304760100727281,forest,grouped
sax_j1750_8_2900,SAX J1750.8-2900,93432-01-14-01,NS,0.8475917108247744,0.15240828917522564,forest,grouped
sax_j1750_8_2900,SAX J1750.8-2900,93432-01-14-03,NS,0.7818676545501745,0.21813234544982552,forest,grouped
sax_j1750_8_2900,SAX J1750.8-2900,93432-01-15-00,NS,0.8239221480203024,0.1760778519796976,forest,grouped
sax_j1750_8_2900,SAX J1750.8-2900,93432-01-16-00,NS,0.8678881607357932,0.13211183926420678,forest,grouped
sax_j1750_8_2900,SAX J1750.8-2900,93432-01-16-04,NS,0.8317196438045273,0.16828035619547266,forest,grouped
sax_j1750_8_2900,SAX J1750.8-2900,93432-01-17-02,NS,0.785806951236439,0.21419304876356104,forest,grouped
hete_j1900_1_2455,HETE J1900.1-2455,93451-01-01-00,NS,0.6425628656506881,0.3574371343493119,forest,grouped
hete_j1900_1_2455,HETE J1900.1-2455,94030-01-04-00,NS,0.9385233129897034,0.06147668701029663,forest,grouped
hete_j1900_1_2455,HETE J1900.1-2455,94030-01-12-00,NS,0.9205035558494203,0.07949644415057966,forest,grouped
hete_j1900_1_2455,HETE J1900.1-2455,94030-01-24-00,NS,0.6997322288475797,0.3002677711524203,forest,grouped
hete_j1900_1_2455,HETE J1900.1-2455,94030-01-37-00,NS,0.7852487082553131,0.21475129174468688,forest,grouped
4u_1636_536,4U 1636-536,94087-01-10-00,NS,0.9183659230790809,0.08163407692091906,forest,grouped
4u_1636_536,4U 1636-536,94087-01-47-10,NS,0.9739329165608593,0.02606708343914066,forest,grouped
4u_1636_536,4U 1636-536,94087-01-49-00,NS,0.9103604053896186,0.0896395946103814,forest,grouped
4u_1636_536,4U 1636-536,94087-01-94-00,NS,0.9731557633435599,0.02684423665644009,forest,grouped
hete_j1900_1_2455,HETE J1900.1-2455,95030-01-05-00,NS,0.9262611943132194,0.0737388056867806,forest,grouped
hete_j1900_1_2455,HETE J1900.1-2455,95030-01-16-00,NS,0.7796779763281135,0.22032202367188647,forest,grouped
hete_j1900_1_2455,HETE J1900.1-2455,95030-01-27-00,NS,0.8196621688614795,0.18033783113852053,forest,grouped
hete_j1900_1_2455,HETE J1900.1-2455,95030-01-40-00,NS,0.771744906734705,0.22825509326529503,forest,grouped
4u_1636_536,4U 1636-536,95087-01-15-00,NS,0.618173528922691,0.38182647107730905,forest,grouped
4u_1636_536,4U 1636-536,95087-01-15-10,NS,0.8086745626261335,0.19132543737386654,forest,grouped
4u_1636_536,4U 1636-536,95087-01-71-00,NS,0.7032964967989207,0.2967035032010793,forest,grouped
hete_j1900_1_2455,HETE J1900.1-2455,96030-01-07-00,NS,0.7779581551619187,0.22204184483808131,forest,grouped
hete_j1900_1_2455,HETE J1900.1-2455,96030-01-20-00,NS,0.7918593488224753,0.20814065117752467,forest,grouped
hete_j1900_1_2455,HETE J1900.1-2455,96030-01-32-00,NS,0.7842703504508196,0.2157296495491804,forest,grouped
4u_1636_536,4U 1636-536,96087-01-25-00,NS,0.9748908997541367,0.025109100245863325,forest,grouped
4u_1636_536,4U 1636-536,96087-01-28-10,NS,0.869296701728374,0.13070329827162597,forest,grouped
4u_1636_536,4U 1636-536,96087-01-77-00,NS,0.8037377658065826,0.19626223419341737,forest,grouped
4u_1636_536,4U 1636-536,96087-01-84-10,NS,0.7393999154770543,0.2606000845229457,forest,grouped
4u_1735_444,4U 1735-444,96325-01-01-03,NS,0.932391616052626,0.067608383947374,forest,grouped
4u_1735_444,4U 1735-444,96331-01-01-00,NS,0.9396956684491026,0.06030433155089743,forest,grouped
4u_1735_444,4U 1735-444,96331-01-03-02,NS,0.932519969841694,0.06748003015830595,forest,grouped
4u_0614_09,4U 0614+09,10095-01-01-00,NS,0.9274835304318468,0.07251646956815316,forest,grouped
4u_0614_09,4U 0614+09,20428-01-01-03,NS,0.9217150577000293,0.07828494229997074,forest,grouped
4u_0614_09,4U 0614+09,30054-01-02-03,NS,0.9355990725532763,0.06440092744672365,forest,grouped
4u_0614_09,4U 0614+09,40030-01-14-00,NS,0.9516513406700625,0.04834865932993748,forest,grouped
xte_j1859_226,XTE J1859+226,40122-01-01-03,BH,0.09527912447030096,0.904720875529699,forest,grouped
xte_j1859_226,XTE J1859+226,40122-01-03-01,BH,0.8040430221096644,0.19595697789033562,forest,grouped
xte_j1859_226,XTE J1859+226,40124-01-11-00,BH,0.12596960066077711,0.8740303993392229,forest,grouped
xte_j1859_226,XTE J1859+226,40124-01-15-03,BH,0.1114457911369676,0.8885542088630324,forest,grouped
xte_j1859_226,XTE J1859+226,40124-01-20-00,BH,0.12930293399411044,0.8706970660058896,forest,grouped
xte_j1859_226,XTE J1859+226,40124-01-27-00,BH,0.10477912447030095,0.8952208755296991,forest,grouped
xte_j1859_226,XTE J1859+226,40124-01-30-00,BH,0.12311245780363426,0.8768875421963658,forest,grouped
xte_j1859_226,XTE J1859+226,40124-01-33-00,BH,0.13596960066077712,0.8640303993392229,forest,grouped
xte_j1859_226,XTE J1859+226,40124-01-35-02,BH,0.1477791244703009,0.8522208755296992,forest,grouped
xte_j1859_226,XTE J1859+226,40124-01-36-00,BH,0.13596960066077712,0.8640303993392229,forest,grouped
xte_j1859_226,XTE J1859+226,40124-01-38-00,BH,0.12719579113696758,0.8728042088630324,forest,grouped
xte_j1859_226,XTE J1859+226,40124-01-40-01,BH,0.9205546168058885,0.07944538319411154,forest,grouped
xte_j1859_226,XTE J1859+226,40124-01-46-00,BH,0.9280457834983458,0.07195421650165423,forest,grouped
xte_j1859_226,XTE J1859+226,40124-01-49-00,BH,0.9329898567772839,0.06701014322271615,forest,grouped
xte_j1859_226,XTE J1859+226,40124-01-51-00,BH,0.9270631044502998,0.07293689554970018,forest,grouped
xte_j1859_226,XTE J1859+226,40124-01-52-02,BH,0.857009053236334,0.14299094676366597,forest,grouped
xte_j1859_226,XTE J1859+226,40124-01-55-00,BH,0.8622368076837315,0.13776319231626855,forest,grouped
xte_j1859_226,XTE J1859+226,40124-01-55-03,BH,0.8411542659285175,0.1588457340714825,forest,grouped
xte_j1859_226,XTE J1859+226,40124-01-57-01,BH,0.9224151941197613,0.07758480588023875,forest,grouped
xte_j1859_226,XTE J1859+226,40124-01-58-03,BH,0.8113258927386009,0.1886741072613991,forest,grouped
xte_j1859_226,XTE J1859+226,40124-01-61-00,BH,0.9104406262762365,0.08955937372376355,forest,grouped
xte_j1859_226,XTE J1859+226,40124-01-63-00,BH,0.8815935186872769,0.11840648131272313,forest,grouped
4u_0614_09,4U 0614+09,40429-01-03-01,NS,0.8947130942874604,0.10528690571253962,forest,grouped
4u_0614_09,4U 0614+09,40429-01-06-01,NS,0.9326378196759658,0.06736218032403418,forest,grouped
xte_j1859_226,XTE J1859+226,40440-01-03-00,BH,0.5831096329514671,0.4168903670485329,forest,grouped
4u_0614_09,4U 0614+09,50026-02-01-01,NS,0.9153622377629043,0.08463776223709574,forest,grouped
4u_0614_09,4U 0614+09,50031-01-01-01,NS,0.8949029642774553,0.1050970357225447,forest,grouped
4u_0614_09,4U 0614+09,50031-01-02-07,NS,0.9153622377629043,0.08463776223709574,forest,grouped
4u_0614_09,4U 0614+09,50031-01-04-08,NS,0.7930345033923318,0.20696549660766816,forest,grouped
4u_0614_09,4U 0614+09,60424-01-02-01,NS,0.7955596797401117,0.20444032025988834,forest,grouped
4u_1746_37,4U 1746-37,70050-01-01-00,NS,0.9324994053764913,0.06750059462350866,forest,grouped
4u_1746_37,4U 1746-37,70050-01-01-01,NS,0.9324994053764913,0.06750059462350866,forest,grouped
4u_1746_37,4U 1746-37,70050-01-01-03,NS,0.931582416959503,0.06841758304049705,forest,grouped
4u_1746_37,4U 1746-37,70050-01-01-04,NS,0.931582416959503,0.06841758304049705,forest,grouped
4u_1746_37,4U 1746-37,70050-01-01-05,NS,0.931582416959503,0.06841758304049705,forest,grouped
4u_1746_37,4U 1746-37,70050-01-01-06,NS,0.931582416959503,0.06841758304049705,forest,grouped
4u_1746_37,4U 1746-37,70050-01-01-07,NS,0.9302825591230716,0.06971744087692844,forest,grouped
4u_1746_37,4U 1746-37,70050-01-01-08,NS,0.9342678122958694,0.06573218770413058,forest,grouped
4u_1746_37,4U 1746-37,70050-01-01-09,NS,0.9382335217565871,0.06176647824341286,forest,grouped
4u_1746_37,4U 1746-37,70050-01-01-10,NS,0.931582416959503,0.06841758304049705,forest,grouped
sax_j1808_4_3658,SAX J1808.4-3658,70080-01-02-03,NS,0.811088303662385,0.18891169633761495,forest,grouped
sax_j1808_4_3658,SAX J1808.4-3658,70080-01-02-13,NS,0.8656662869854961,0.13433371301450392,forest,grouped
sax_j1808_4_3658,SAX J1808.4-3658,70080-01-03-12,NS,0.9070728553895525,0.09292714461044749,forest,grouped
sax_j1808_4_3658,SAX J1808.4-3658,70080-02-02-35,NS,0.5989699380598925,0.4010300619401075,forest,grouped
sax_j1808_4_3658,SAX J1808.4-3658,70080-02-02-36,NS,0.7934463737182362,0.20655362628176377,forest,grouped
sax_j1808_4_3658,SAX J1808.4-3658,70080-03-06-00,NS,0.8186509172465918,0.18134908275340822,forest,grouped
sax_j1808_4_3658,SAX J1808.4-3658,70080-03-20-02,NS,0.6665160308559854,0.33348396914401457,forest,grouped
sax_j1808_4_3658,SAX J1808.4-3658,70080-03-20-10,NS,0.5429153084302629,0.4570846915697371,forest,grouped
4u_1543_475,4U 1543-475,70124-02-03-00,BH,0.9013692795060075,0.09863072049399246,forest,grouped
4u_1543_475,4U 1543-475,70124-02-06-00,BH,0.8929183459893396,0.10708165401066039,forest,grouped
4u_1543_475,4U 1543-475,70124-02-09-00,BH,0.8607465768826654,0.13925342311733457,forest,grouped
4u_1543_475,4U 1543-475,70124-02-11-00,BH,0.5434815757900422,0.4565184242099578,forest,grouped
4u_1543_475,4U 1543-475,70132-01-01-00,BH,0.38592986833415893,0.614070131665841,forest,grouped
4u_1543_475,4U 1543-475,70132-01-02-01,BH,0.9162192927460678,0.08378070725393216,forest,grouped
4u_1543_475,4U 1543-475,70133-01-01-00,BH,0.909974929721951,0.09002507027804896,forest,grouped
4u_1543_475,4U 1543-475,70133-01-05-00,BH,0.17269494720965306,0.8273050527903469,forest,grouped
4u_1543_475,4U 1543-475,70133-01-10-00,BH,0.8851454011707706,0.11485459882922944,forest,grouped
4u_1543_475,4U 1543-475,70133-01-16-00,BH,0.11749341018458662,0.8825065898154134,forest,grouped
4u_1543_475,4U 1543-475,70133-01-20-00,BH,0.9330088983571793,0.06699110164282074,forest,grouped
4u_1543_475,4U 1543-475,70133-01-23-00,BH,0.8696013125528006,0.1303986874471994,forest,grouped
4u_1543_475,4U 1543-475,70133-01-25-01,BH,0.8409086740519623,0.15909132594803765,forest,grouped
4u_1543_475,4U 1543-475,70133-01-26-01,BH,0.8080319164407165,0.19196808355928352,forest,grouped
4u_1543_475,4U 1543-475,70133-01-28-00,BH,0.8456075892960007,0.15439241070399934,forest,grouped
4u_1543_475,4U 1543-475,70133-01-31-00,BH,0.9342678122958694,0.06573218770413058,forest,grouped
4u_0614_09,4U 0614+09,80037-01-09-08,NS,0.921404656195688,0.07859534380431199,forest,grouped
4u_0614_09,4U 0614+09,80051-02-01-02,NS,0.934299214716845,0.06570078528315504,forest,grouped
4u_0614_09,4U 0614+09,80414-01-02-00,NS,0.9285461161964192,0.07145388380358075,forest,grouped
4u_0614_09,4U 0614+09,80414-01-05-02,NS,0.9309101878187808,0.06908981218121923,forest,grouped
4u_1746_37,4U 1746-37,90044-01-01-00,NS,0.931582416959503,0.06841758304049705,forest,grouped
4u_1746_37,4U 1746-37,90044-01-01-01,NS,0.9296103299823494,0.07038967001765062,forest,grouped
4u_1746_37,4U 1746-37,90044-01-02-00,NS,0.9287175245393847,0.07128247546061528,forest,grouped
4u_1746_37,4U 1746-37,90044-01-02-01,NS,0.931582416959503,0.06841758304049705,forest,grouped
4u_1746_37,4U 1746-37,90044-01-03-00,NS,0.931582416959503,0.06841758304049705,forest,grouped
4u_1746_37,4U 1746-37,90044-01-04-00,NS,0.927246258359988,0.07275374164001203,forest,grouped
igr_j00291_5934,IGR J00291+5934,90052-03-01-00,NS,0.2522464002669213,0.7477535997330786,forest,grouped
4u_0614_09,4U 0614+09,90422-01-01-02,NS,0.931582416959503,0.06841758304049705,forest,grouped
igr_j00291_5934,IGR J00291+5934,90425-01-01-13,NS,0.8716713362062529,0.12832866379374708,forest,grouped
igr_j00291_5934,IGR J00291+5934,90425-01-02-14,NS,0.4570367951451898,0.5429632048548102,forest,grouped
4u_1746_37,4U 1746-37,91037-15-01-00,NS,0.8292120803948307,0.17078791960516926,forest,grouped
sax_j1808_4_3658,SAX J1808.4-3658,91056-01-02-01,NS,0.632438985668083,0.367561014331917,forest,grouped
sax_j1808_4_3658,SAX J1808.4-3658,91056-01-03-09,NS,0.9151783999669688,0.08482160003303119,forest,grouped
sax_j1808_4_3658,SAX J1808.4-3658,91418-01-03-01,NS,0.49131032530461943,0.5086896746953806,forest,grouped
4u_0614_09,4U 0614+09,91425-01-04-02,NS,0.931582416959503,0.06841758304049705,forest,grouped
4u_0614_09,4U 0614+09,92411-01-01-02,NS,0.931582416959503,0.06841758304049705,forest,grouped
4u_0614_09,4U 0614+09,92411-01-07-02,NS,0.931582416959503,0.06841758304049705,forest,grouped
4u_0614_09,4U 0614+09,92411-01-10-00,NS,0.9285461161964192,0.07145388380358075,forest,grouped
igr_j00291_5934,IGR J00291+5934,93013-07-06-02,NS,0.7257284491566388,0.2742715508433612,forest,grouped
igr_j00291_5934,IGR J00291+5934,93013-07-18-00,NS,0.8881076251766811,0.11189237482331893,forest,grouped
sax_j1808_4_3658,SAX J1808.4-3658,93027-01-02-00,NS,0.6700521911943048,0.3299478088056952,forest,grouped
4u_0614_09,4U 0614+09,93404-01-02-00,NS,0.9309101878187808,0.06908981218121923,forest,grouped
4u_0614_09,4U 0614+09,93404-01-07-00,NS,0.931582416959503,0.06841758304049705,forest,grouped
4u_0614_09,4U 0614+09,93404-01-11-02,NS,0.9285461161964192,0.07145388380358075,forest,grouped
4u_0614_09,4U 0614+09,93404-01-14-00,NS,0.931582416959503,0.06841758304049705,forest,grouped
4u_0614_09,4U 0614+09,93404-01-21-00,NS,0.9285461161964192,0.07145388380358075,forest,grouped
4u_0614_09,4U 0614+09,94404-01-07-00,NS,0.9285461161964192,0.07145388380358075,forest,grouped
4u_0614_09,4U 0614+09,95404-01-01-01,NS,0.9324994053764913,0.06750059462350866,forest,grouped
4u_0614_09,4U 0614+09,95404-01-09-02,NS,0.908564927743781,0.09143507225621905,forest,grouped
sax_j1808_4_3658,SAX J1808.4-3658,96027-01-01-00,NS,0.9252426412147369,0.07475735878526313,forest,grouped
sax_j1808_4_3658,SAX J1808.4-3658,96027-01-02-07,NS,0.7449933118848471,0.2550066881151529,forest,grouped
4u_0614_09,4U 0614+09,96307-01-04-00,NS,0.9324994053764913,0.06750059462350866,forest,grouped
4u_0614_09,4U 0614+09,96307-01-10-00,NS,0.9527039516310057,0.04729604836899426,forest,grouped
4u_0614_09,4U 0614+09,96404-01-02-00,NS,0.931582416959503,0.06841758304049705,forest,grouped
4u_1608_522,4U 1608-522,10093-01-01-01,NS,0.9042463858508525,0.09575361414914751,forest,grouped
cyg_x_2,Cyg X-2,20053-04-01-01,NS,0.8987839415937547,0.10121605840624526,forest,grouped
4u_1702_429,4U 1702-429,20084-02-01-00,NS,0.9247927452498561,0.07520725475014389,forest,grouped
4u_1702_429,4U 1702-429,20084-02-01-03,NS,0.945686260818626,0.054313739181374054,forest,grouped
4u_1702_429,4U 1702-429,20084-02-02-01,NS,0.9442156725833318,0.05578432741666817,forest,grouped
slx_1735_269,SLX 1735-269,20089-02-01-00,NS,0.636929051158724,0.363070948841276,forest,grouped
slx_1735_269,SLX 1735-269,20170-03-01-00,NS,0.7274044003494738,0.27259559965052615,forest,grouped
slx_1735_269,SLX 1735-269,20170-03-03-00,NS,0.6638975426849422,0.33610245731505783,forest,grouped
slx_1735_269,SLX 1735-269,20170-03-06-00,NS,0.6419937577150706,0.3580062422849294,forest,grouped
slx_1735_269,SLX 1735-269,20170-03-08-00,NS,0.7334880808199468,0.26651191918005324,forest,grouped
slx_1735_269,SLX 1735-269,20170-03-11-00,NS,0.6903240436612673,0.3096759563387327,forest,grouped
cyg_x_2,Cyg X-2,30046-01-03-00,NS,0.6737311124093971,0.3262688875906029,forest,grouped
4u_1608_522,4U 1608-522,30062-02-01-05,NS,0.7478690727180611,0.25213092728193887,forest,grouped
cyg_x_2,Cyg X-2,40017-02-02-02,NS,0.7331266922710296,0.26687330772897044,forest,grouped
cyg_x_2,Cyg X-2,40017-02-12-00,NS,0.8483137346157757,0.15168626538422425,forest,grouped
cyg_x_2,Cyg X-2,40017-02-16-06,NS,0.7850290478552909,0.21497095214470907,forest,grouped
cyg_x_2,Cyg X-2,40019-04-04-00,NS,0.927927506783317,0.07207249321668296,forest,grouped
4u_1702_429,4U 1702-429,40025-04-01-01,NS,0.927491386622205,0.07250861337779502,forest,grouped
4u_1702_429,4U 1702-429,40025-04-02-00,NS,0.8691258138824598,0.1308741861175402,forest,grouped
4u_1702_429,4U 1702-429,40025-04-03-01,NS,0.8847485636620535,0.11525143633794654,forest,grouped
4u_1702_429,4U 1702-429,40025-04-03-03,NS,0.9215401173605801,0.07845988263941994,forest,grouped
4u_1608_522,4U 1608-522,40437-01-01-01,NS,0.7775773573915853,0.2224226426084147,forest,grouped
4u_1702_429,4U 1702-429,50025-01-01-01,NS,0.8508002672420534,0.14919973275794662,forest,grouped
4u_1702_429,4U 1702-429,50025-01-01-05,NS,0.8421808584220635,0.15781914157793653,forest,grouped
4u_1702_429,4U 1702-429,50025-01-01-07,NS,0.8696074301607801,0.13039256983921987,forest,grouped
4u_1702_429,4U 1702-429,50030-01-01-03,NS,0.9124746970249571,0.0875253029750429,forest,grouped
4u_1702_429,4U 1702-429,50030-01-01-05,NS,0.918803199440416,0.081196800559584,forest,grouped
4u_1702_429,4U 1702-429,50030-01-01-07,NS,0.9174659901380905,0.08253400986190951,forest,grouped
4u_1702_429,4U 1702-429,50030-01-02-00,NS,0.9281040497590403,0.07189595024095974,forest,grouped
4u_1702_429,4U 1702-429,50030-01-03-02,NS,0.6399605069679165,0.3600394930320835,forest,grouped
4u_1702_429,4U 1702-429,50030-01-05-00,NS,0.6195685176060141,0.38043148239398594,forest,grouped
4u_1702_429,4U 1702-429,50030-01-06-00,NS,0.8933949333486566,0.1066050666513434,forest,grouped
4u_1702_429,4U 1702-429,50030-01-07-00,NS,0.8989420483005794,0.10105795169942056,forest,grouped
4u_1702_429,4U 1702-429,50030-01-09-01,NS,0.8521968396939082,0.14780316030609175,forest,grouped
4u_1702_429,4U 1702-429,50030-01-09-02,NS,0.8545882770027768,0.14541172299722316,forest,grouped
4u_1702_429,4U 1702-429,50030-01-09-04,NS,0.8440733680979794,0.1559266319020206,forest,grouped
4u_1702_429,4U 1702-429,50030-01-10-00,NS,0.6876419997391966,0.3123580002608034,forest,grouped
4u_1702_429,4U 1702-429,50030-01-10-02,NS,0.5975278846937813,0.40247211530621874,forest,grouped
4u_1702_429,4U 1702-429,50030-01-11-01,NS,0.9281040497590403,0.07189595024095974,forest,grouped
4u_1702_429,4U 1702-429,50030-01-11-02,NS,0.9184451611599782,0.08155483884002179,forest,grouped
4u_1702_429,4U 1702-429,50030-01-13-01,NS,0.7703525236940691,0.22964747630593085,forest,grouped
4u_1702_429,4U 1702-429,50030-01-14-02,NS,0.9247927452498561,0.07520725475014389,forest,grouped
4u_1702_429,4U 1702-429,50030-01-14-03,NS,0.9247927452498561,0.07520725475014389,forest,grouped
4u_1608_522,4U 1608-522,50052-01-23-00,NS,0.849544028081646,0.15045597191835403,forest,grouped
slx_1735_269,SLX 1735-269,60034-01-01-03,NS,0.6468250222965092,0.3531749777034908,forest,grouped
slx_1735_269,SLX 1735-269,60034-01-01-05,NS,0.6312562653618742,0.3687437346381258,forest,grouped
slx_1735_269,SLX 1735-269,60034-01-02-03,NS,0.6366029318156418,0.36339706818435824,forest,grouped
slx_1735_269,SLX 1735-269,60034-01-03-00,NS,0.9184451611599782,0.08155483884002179,forest,grouped
4u_1608_522,4U 1608-522,60052-02-04-03,NS,0.9186874113088426,0.08131258869115743,forest,grouped
cyg_x_2,Cyg X-2,60417-01-01-00,NS,0.8505409660175597,0.14945903398244031,forest,grouped
cyg_x_2,Cyg X-2,70014-02-02-00,NS,0.3836844929143773,0.6163155070856228,forest,grouped
cyg_x_2,Cyg X-2,70018-03-03-00,NS,0.7846773939708668,0.21532260602913322,forest,grouped
4u_1608_522,4U 1608-522,70058-01-22-00,NS,0.7255530267737293,0.27444697322627065,forest,grouped
4u_1608_522,4U 1608-522,70058-01-37-00,NS,0.9551745786856795,0.044825421314320546,forest,grouped
4u_1608_522,4U 1608-522,70069-01-03-01,NS,0.8938465213339417,0.10615347866605829,forest,grouped
slx_1735_269,SLX 1735-269,70134-08-01-00,NS,0.730010333017171,0.269989666982829,forest,grouped
v4641_sgr,V4641 Sgr,80054-08-01-00,BH,0.10571413031747198,0.894285869682528,forest,grouped
v4641_sgr,V4641 Sgr,80054-08-01-01,BH,0.04191089466089466,0.9580891053391053,forest,grouped
v4641_sgr,V4641 Sgr,80054-08-02-00,BH,0.61633058080344,0.38366941919655995,forest,grouped
slx_1735_269,SLX 1735-269,80138-03-01-00,NS,0.8950584244690534,0.10494157553094663,forest,grouped
slx_1735_269,SLX 1735-269,80138-03-04-00,NS,0.6493730186832335,0.3506269813167665,forest,grouped
slx_1735_269,SLX 1735-269,80138-03-06-00,NS,0.9184451611599782,0.08155483884002179,forest,grouped
slx_1735_269,SLX 1735-269,80138-03-07-02,NS,0.9164971092119262,0.08350289078807382,forest,grouped
slx_1735_269,SLX 1735-269,80138-03-08-00,NS,0.6999063277610347,0.3000936722389653,forest,grouped
4u_1608_522,4U 1608-522,80406-01-04-07,NS,0.8492311083871483,0.15076889161285167,forest,grouped
1a_1744_361,1A 1744-361,80431-01-02-01,NS,0.945686260818626,0.054313739181374054,forest,grouped
1a_1744_361,1A 1744-361,80431-01-02-03,NS,0.9324986532794606,0.06750134672053942,forest,grouped
1a_1744_361,1A 1744-361,80431-01-02-04,NS,0.9211817808514772,0.07881821914852283,forest,grouped
1a_1744_361,1A 1744-361,80431-01-02-05,NS,0.9476492237815889,0.05235077621841111,forest,grouped
1a_1744_361,1A 1744-361,80431-01-03-00,NS,0.938021096918752,0.06197890308124798,forest,grouped
1a_1744_361,1A 1744-361,80431-01-03-02,NS,0.9582614445920962,0.04173855540790383,forest,grouped
cyg_x_2,Cyg X-2,90030-01-03-10,NS,0.8400474692545581,0.1599525307454419,forest,grouped
cyg_x_2,Cyg X-2,90030-01-08-00,NS,0.6097755516089542,0.39022444839104575,forest,grouped
cyg_x_2,Cyg X-2,90030-01-24-00,NS,0.7043111732230319,0.29568882677696806,forest,grouped
cyg_x_2,Cyg X-2,90030-01-41-00,NS,0.8914105414005589,0.10858945859944114,forest,grouped
cyg_x_2,Cyg X-2,90030-01-53-00,NS,0.5346677436859428,0.46533225631405717,forest,grouped
cyg_x_2,Cyg X-2,90030-01-67-00,NS,0.9120577679837159,0.08794223201628415,forest,grouped
cyg_x_2,Cyg X-2,90030-01-81-00,NS,0.692490701074515,0.30750929892548495,forest,grouped
cyg_x_2,Cyg X-2,90030-01-95-00,NS,0.790908984074043,0.20909101592595702,forest,grouped
1a_1744_361,1A 1744-361,90058-04-02-00,NS,0.8618196293355118,0.13818037066448818,forest,grouped
slx_1735_269,SLX 1735-269,90058-05-01-02,NS,0.9164971092119262,0.08350289078807382,forest,grouped
slx_1735_269,SLX 1735-269,90058-05-01-04,NS,0.9184451611599782,0.08155483884002179,forest,grouped
cyg_x_2,Cyg X-2,91009-01-06-00,NS,0.6708507284896131,0.32914927151038686,forest,grouped
cyg_x_2,Cyg X-2,91009-01-24-00,NS,0.8466109297980039,0.1533890702019961,forest,grouped
cyg_x_2,Cyg X-2,91009-01-38-00,NS,0.942768423665393,0.05723157633460696,forest,grouped
cyg_x_2,Cyg X-2,91010-01-01-05,NS,0.9090414523355729,0.09095854766442713,forest,grouped
1a_1744_361,1A 1744-361,91050-05-02-00,NS,0.926779816042565,0.07322018395743501,forest,grouped
1a_1744_361,1A 1744-361,91050-05-03-00,NS,0.9194207775600887,0.08057922243991134,forest,grouped
4u_1608_522,4U 1608-522,91405-01-27-00,NS,0.7044187381998936,0.29558126180010635,forest,grouped
4u_1608_522,4U 1608-522,91405-01-41-00,NS,0.7643709129319,0.23562908706810004,forest,grouped
v4641_sgr,V4641 Sgr,91422-01-01-00,BH,0.6042123135507017,0.3957876864492983,forest,grouped
cyg_x_2,Cyg X-2,92038-01-05-01,NS,0.8990424658148471,0.10095753418515285,forest,grouped
cyg_x_2,Cyg X-2,92038-01-10-02,NS,0.7903972597312694,0.2096027402687306,forest,grouped
cyg_x_2,Cyg X-2,92039-01-02-03,NS,0.8192655342753334,0.18073446572466656,forest,grouped
slx_1735_269,SLX 1735-269,92052-02-01-00,NS,0.6637194010231225,0.33628059897687745,forest,grouped
4u_1608_522,4U 1608-522,92401-01-11-03,NS,0.9118813155194196,0.08811868448058036,forest,grouped
cyg_x_2,Cyg X-2,93082-02-04-02,NS,0.9411936205157868,0.05880637948421319,forest,grouped
1a_1744_361,1A 1744-361,93155-01-01-00,NS,0.9247927452498561,0.07520725475014389,forest,grouped
1a_1744_361,1A 1744-361,93155-01-02-00,NS,0.9356032784838263,0.0643967215161737,forest,grouped
1a_1744_361,1A 1744-361,93155-01-02-01,NS,0.9281040497590403,0.07189595024095974,forest,grouped
1a_1744_361,1A 1744-361,93155-01-03-01,NS,0.9161094730509046,0.08389052694909538,forest,grouped
1a_1744_361,1A 1744-361,93155-01-03-02,NS,0.9247927452498561,0.07520725475014389,forest,grouped
1a_1744_361,1A 1744-361,93155-01-03-03,NS,0.9247927452498561,0.07520725475014389,forest,grouped
1a_1744_361,1A 1744-361,93155-01-06-01,NS,0.926779816042565,0.07322018395743501,forest,grouped
1a_1744_361,1A 1744-361,93155-01-06-02,NS,0.9247927452498561,0.07520725475014389,forest,grouped
1a_1744_361,1A 1744-361,93155-01-07-00,NS,0.9161094730509046,0.08389052694909538,forest,grouped
1a_1744_361,1A 1744-361,93155-01-07-02,NS,0.9247927452498561,0.07520725475014389,forest,grouped
1a_1744_361,1A 1744-361,93155-01-08-00,NS,0.918803199440416,0.081196800559584,forest,grouped
1a_1744_361,1A 1744-361,93155-01-08-02,NS,0.7078500390700785,0.2921499609299215,forest,grouped
1a_1744_361,1A 1744-361,93155-01-09-00,NS,0.740257178641875,0.259742821358125,forest,grouped
4u_1608_522,4U 1608-522,93408-01-11-00,NS,0.8785212333934258,0.1214787666065742,forest,grouped
4u_1608_522,4U 1608-522,93408-01-19-01,NS,0.5639735676189741,0.4360264323810259,forest,grouped
4u_1608_522,4U 1608-522,93408-01-22-06,NS,0.9530913295632456,0.046908670436754396,forest,grouped
4u_1608_522,4U 1608-522,93408-01-26-03,NS,0.534977771089729,0.465022228910271,forest,grouped
4u_1608_522,4U 1608-522,93408-01-32-04,NS,0.8175326079110724,0.1824673920889276,forest,grouped
4u_1608_522,4U 1608-522,93408-01-42-05,NS,0.7361118956111224,0.26388810438887755,forest,grouped
4u_1608_522,4U 1608-522,93408-01-52-02,NS,0.6110867759492072,0.38891322405079276,forest,grouped
4u_1608_522,4U 1608-522,93408-01-66-01,NS,0.8871901596822923,0.11280984031770769,forest,grouped
cyg_x_2,Cyg X-2,93443-01-01-13,NS,0.8696055548996755,0.1303944451003245,forest,grouped
slx_1735_269,SLX 1735-269,94044-05-01-00,NS,0.7197052759883378,0.2802947240116622,forest,grouped
4u_1608_522,4U 1608-522,94401-01-01-01,NS,0.8783337664530922,0.12166623354690775,forest,grouped
4u_1608_522,4U 1608-522,94401-01-18-00,NS,0.5237900962708671,0.47620990372913286,forest,grouped
4u_1608_522,4U 1608-522,94401-01-34-00,NS,0.905956744412882,0.09404325558711801,forest,grouped
4u_1702_429,4U 1702-429,94415-01-01-01,NS,0.905956744412882,0.09404325558711801,forest,grouped
4u_1702_429,4U 1702-429,94415-01-02-01,NS,0.9563560408119094,0.04364395918809061,forest,grouped
4u_1608_522,4U 1608-522,95334-01-03-00,NS,0.9018620975334606,0.09813790246653942,forest,grouped
cyg_x_2,Cyg X-2,95345-01-32-00,NS,0.6891295494786075,0.3108704505213925,forest,grouped
cyg_x_2,Cyg X-2,95345-01-42-00,NS,0.832705741881094,0.16729425811890597,forest,grouped
1a_1744_361,1A 1744-361,95416-01-01-00,NS,0.6769532982601486,0.3230467017398514,forest,grouped
1a_1744_361,1A 1744-361,95416-01-01-02,NS,0.9184451611599782,0.08155483884002179,forest,grouped
1a_1744_361,1A 1744-361,95416-01-02-00,NS,0.9215401173605801,0.07845988263941994,forest,grouped
1a_1744_361,1A 1744-361,95416-01-02-02,NS,0.9184451611599782,0.08155483884002179,forest,grouped
v4641_sgr,V4641 Sgr,95436-01-01-00,BH,0.6349052856254349,0.3650947143745651,forest,grouped
4u_1608_522,4U 1608-522,96423-01-13-01,NS,0.6683500952687678,0.33164990473123224,forest,grouped
4u_1608_522,4U 1608-522,96423-01-26-01,NS,0.8140869991442524,0.18591300085574758,forest,grouped
4u_1608_522,4U 1608-522,96423-01-39-02,NS,0.7335519408610901,0.2664480591389099,forest,grouped
slx_1735_269,SLX 1735-269,96429-01-02-00,NS,0.7342452691459715,0.26575473085402845,forest,grouped
slx_1735_269,SLX 1735-269,96429-01-02-02,NS,0.7455877638605592,0.25441223613944075,forest,grouped
slx_1735_269,SLX 1735-269,96429-01-04-00,NS,0.7411332184060139,0.25886678159398613,forest,grouped
slx_1735_269,SLX 1735-269,96429-01-05-00,NS,0.7386825414234219,0.26131745857657807,forest,grouped
slx_1735_269,SLX 1735-269,96429-01-06-02,NS,0.7178663887773574,0.2821336112226426,forest,grouped
slx_1735_269,SLX 1735-269,96429-01-07-00,NS,0.6886813378820368,0.3113186621179632,forest,grouped
slx_1735_269,SLX 1735-269,96429-01-08-01,NS,0.685768676459109,0.314231323540891,forest,grouped
slx_1735_269,SLX 1735-269,96429-01-08-03,NS,0.6943606334216023,0.30563936657839774,forest,grouped
1a_1744_361,1A 1744-361,96437-01-02-00,NS,0.9215401173605801,0.07845988263941994,forest,grouped
gx_339_4,GX 339-4,10420-01-01-00,BH,0.07798746867167922,0.9220125313283207,forest,grouped
aql_x_1,Aql X-1,20092-01-02-02,NS,0.9234921488192895,0.07650785118071046,forest,grouped
aql_x_1,Aql X-1,20092-01-04-00,NS,0.9234921488192895,0.07650785118071046,forest,grouped
aql_x_1,Aql X-1,20098-03-01-00,NS,0.9750100057819795,0.024989994218020506,forest,grouped
aql_x_1,Aql X-1,30073-05-01-00,NS,0.9757435965155702,0.02425640348442981,forest,grouped
aql_x_1,Aql X-1,30188-03-02-00,NS,0.9753078749708547,0.024692125029145306,forest,grouped
gx_339_4,GX 339-4,40031-03-03-00,BH,0.8867307880262257,0.11326921197377426,forest,grouped
aql_x_1,Aql X-1,40033-10-02-07,NS,0.8193764051532483,0.18062359484675172,forest,grouped
aql_x_1,Aql X-1,40047-03-03-00,NS,0.9260642019347867,0.07393579806521333,forest,grouped
gx_339_4,GX 339-4,40108-01-04-00,BH,0.756987946223028,0.243012053776972,forest,grouped
aql_x_1,Aql X-1,40432-01-04-00,NS,0.8247803177163189,0.17521968228368112,forest,grouped
aql_x_1,Aql X-1,50049-01-05-01,NS,0.8668173333509848,0.13318266664901524,forest,grouped
aql_x_1,Aql X-1,50049-02-08-03,NS,0.9566207425668226,0.04337925743317739,forest,grouped
aql_x_1,Aql X-1,50049-02-15-04,NS,0.9503047693635911,0.049695230636408905,forest,grouped
xte_j1118_480,XTE J1118+480,50133-01-04-00,BH,0.8587414720486306,0.1412585279513694,forest,grouped
xte_j1118_480,XTE J1118+480,50133-01-05-00,BH,0.842363869269039,0.15763613073096105,forest,grouped
xte_j1118_480,XTE J1118+480,50133-01-06-00,BH,0.8314962543459257,0.16850374565407433,forest,grouped
xte_j1118_480,XTE J1118+480,50137-01-01-00,BH,0.8442676175537069,0.15573238244629306,forest,grouped
xte_j1118_480,XTE J1118+480,50137-01-04-00,BH,0.8205878160845311,0.17941218391546887,forest,grouped
xte_j1118_480,XTE J1118+480,50407-01-01-00,BH,0.8250102311816114,0.17498976881838857,forest,grouped
xte_j1118_480,XTE J1118+480,50407-01-02-00,BH,0.7666705478286616,0.23332945217133838,forest,grouped
xte_j1118_480,XTE J1118+480,50407-01-02-02,BH,0.7803896150885608,0.21961038491143925,forest,grouped
xte_j1118_480,XTE J1118+480,50407-01-03-01,BH,0.7995415463539914,0.20045845364600856,forest,grouped
xte_j1118_480,XTE J1118+480,50407-01-05-01,BH,0.7924309918484654,0.20756900815153456,forest,grouped
xte_j1118_480,XTE J1118+480,50407-01-06-00,BH,0.8868896421950032,0.11311035780499679,forest,grouped
xte_j1118_480,XTE J1118+480,50407-01-10-01,BH,0.8568427883629507,0.1431572116370493,forest,grouped
xte_j1118_480,XTE J1118+480,50407-01-15-00,BH,0.828437315764875,0.171562684235125,forest,grouped
aql_x_1,Aql X-1,60054-02-01-04,NS,0.8078181865171321,0.1921818134828679,forest,grouped
gx_339_4,GX 339-4,60705-01-56-00,BH,0.8120997524375655,0.1879002475624345,forest,grouped
gx_339_4,GX 339-4,60705-01-69-00,BH,0.36266689853198797,0.637333101468012,forest,grouped
gx_339_4,GX 339-4,60705-01-80-00,BH,0.5970095935586403,0.40299040644135975,forest,grouped
aql_x_1,Aql X-1,70069-03-02-03,NS,0.9234921488192895,0.07650785118071046,forest,grouped
aql_x_1,Aql X-1,70069-03-04-08,NS,0.8329869228317054,0.1670130771682946,forest,grouped
gx_339_4,GX 339-4,70109-01-28-00,BH,0.4508842320679169,0.549115767932083,forest,grouped
gx_339_4,GX 339-4,80102-04-57-01,BH,0.7485039337529618,0.25149606624703824,forest,grouped
gx_339_4,GX 339-4,80132-01-15-00,BH,0.06875,0.93125,forest,grouped
xte_j1118_480,XTE J1118+480,90011-01-01-01,BH,0.8542231977768799,0.14577680222312006,forest,grouped
xte_j1118_480,XTE J1118+480,90011-01-01-02,BH,0.6933569248844944,0.3066430751155056,forest,grouped
xte_j1118_480,XTE J1118+480,90011-01-01-05,BH,0.8297418339388374,0.17025816606116262,forest,grouped
xte_j1118_480,XTE J1118+480,90011-01-01-09,BH,0.826400235966545,0.173599764033455,forest,grouped
xte_j1118_480,XTE J1118+480,90011-01-01-13,BH,0.8329869228317054,0.1670130771682946,forest,grouped
aql_x_1,Aql X-1,90017-01-07-00,NS,0.5794209543818506,0.4205790456181494,forest,grouped
gx_339_4,GX 339-4,90019-01-02-00,BH,0.5743621354188696,0.4256378645811304,forest,grouped
4u_1254_69,4U 1254-69,90036-01-01-00,NS,0.8932188224588247,0.10678117754117533,forest,grouped
4u_1254_69,4U 1254-69,90036-01-01-01,NS,0.8573741637560921,0.1426258362439079,forest,grouped
4u_1254_69,4U 1254-69,90036-01-01-02,NS,0.8604007980274682,0.13959920197253184,forest,grouped
4u_1254_69,4U 1254-69,90036-01-01-03,NS,0.8837033472929336,0.11629665270706635,forest,grouped
4u_1254_69,4U 1254-69,90036-01-02-00,NS,0.875292091062896,0.12470790893710404,forest,grouped
4u_1254_69,4U 1254-69,90036-01-02-01,NS,0.8787881161149121,0.12121188388508786,forest,grouped
xte_j1118_480,XTE J1118+480,90111-01-02-02,BH,0.8090595659115261,0.19094043408847394,forest,grouped
xte_j1118_480,XTE J1118+480,90111-01-02-06,BH,0.8321598231385723,0.16784017686142771,forest,grouped
xte_j1118_480,XTE J1118+480,90111-01-02-11,BH,0.8381678174222315,0.16183218257776855,forest,grouped
xte_j1118_480,XTE J1118+480,90111-01-03-02,BH,0.8069990174849395,0.19300098251506048,forest,grouped
aql_x_1,Aql X-1,90403-01-01-00,NS,0.8562068368681051,0.14379316313189494,forest,grouped
aql_x_1,Aql X-1,91028-01-01-00,NS,0.7174032830078118,0.28259671699218825,forest,grouped
aql_x_1,Aql X-1,91028-01-22-00,NS,0.7753185189225736,0.22468148107742636,forest,grouped
gx_339_4,GX 339-4,91105-04-08-00,BH,0.763551170607538,0.23644882939246203,forest,grouped
aql_x_1,Aql X-1,91414-01-09-07,NS,0.8189427246792017,0.1810572753207983,forest,grouped
aql_x_1,Aql X-1,92034-01-05-06,NS,0.7941971848070198,0.20580281519298016,forest,grouped
gx_339_4,GX 339-4,92035-01-02-06,BH,0.036821660436749955,0.96317833956325,forest,grouped
gx_339_4,GX 339-4,92085-02-01-00,BH,0.8942956214504,0.10570437854960002,forest,grouped
gx_339_4,GX 339-4,92704-03-11-00,BH,0.8637684080167954,0.13623159198320456,forest,grouped
gx_339_4,GX 339-4,92704-03-32-00,BH,0.7630819685277561,0.23691803147224388,forest,grouped
sax_j1810_8_2609,SAX J1810.8-2609,93044-02-01-00,NS,0.7978365492133919,0.20216345078660813,forest,grouped
sax_j1810_8_2609,SAX J1810.8-2609,93044-02-02-00,NS,0.8441157340888981,0.15588426591110194,forest,grouped
sax_j1810_8_2609,SAX J1810.8-2609,93044-02-03-00,NS,0.8369824585459911,0.16301754145400893,forest,grouped
sax_j1810_8_2609,SAX J1810.8-2609,93044-02-04-00,NS,0.9289493565781083,0.07105064342189171,forest,grouped
sax_j1810_8_2609,SAX J1810.8-2609,93044-02-06-00,NS,0.8846368611959392,0.1153631388040608,forest,grouped
sax_j1810_8_2609,SAX J1810.8-2609,93044-02-06-01,NS,0.8834605087519013,0.1165394912480987,forest,grouped
sax_j1810_8_2609,SAX J1810.8-2609,93044-02-07-00,NS,0.9356532348040726,0.06434676519592741,forest,grouped
sax_j1810_8_2609,SAX J1810.8-2609,93044-02-08-00,NS,0.8905079124620715,0.1094920875379285,forest,grouped
aql_x_1,Aql X-1,93076-01-09-00,NS,0.9253602771960066,0.07463972280399345,forest,grouped
gx_339_4,GX 339-4,93076-08-02-00,BH,0.8357800944199252,0.16421990558007482,forest,grouped
sax_j1810_8_2609,SAX J1810.8-2609,93093-01-01-00,NS,0.9006543837841339,0.09934561621586613,forest,grouped
sax_j1810_8_2609,SAX J1810.8-2609,93093-01-01-01,NS,0.9059719407165274,0.09402805928347258,forest,grouped
sax_j1810_8_2609,SAX J1810.8-2609,93093-01-01-02,NS,0.885336614891993,0.114663385108007,forest,grouped
sax_j1810_8_2609,SAX J1810.8-2609,93093-01-02-01,NS,0.8815267429139325,0.11847325708606748,forest,grouped
sax_j1810_8_2609,SAX J1810.8-2609,93093-01-02-02,NS,0.8787565164961859,0.12124348350381409,forest,grouped
sax_j1810_8_2609,SAX J1810.8-2609,93093-01-02-03,NS,0.85707549899116,0.14292450100884002,forest,grouped
sax_j1810_8_2609,SAX J1810.8-2609,93093-01-02-04,NS,0.8429782387802379,0.15702176121976208,forest,grouped
sax_j1810_8_2609,SAX J1810.8-2609,93093-01-02-05,NS,0.8601912270900742,0.13980877290992577,forest,grouped
sax_j1810_8_2609,SAX J1810.8-2609,93093-01-02-06,NS,0.7628708143043719,0.23712918569562813,forest,grouped
sax_j1810_8_2609,SAX J1810.8-2609,93093-01-02-07,NS,0.8372083427161914,0.16279165728380862,forest,grouped
sax_j1810_8_2609,SAX J1810.8-2609,93093-01-02-08,NS,0.8443384407593012,0.1556615592406988,forest,grouped
sax_j1810_8_2609,SAX J1810.8-2609,93093-01-02-10,NS,0.8582295091813134,0.14177049081868665,forest,grouped
sax_j1810_8_2609,SAX J1810.8-2609,93093-01-02-11,NS,0.8757045439600235,0.12429545603997649,forest,grouped
aql_x_1,Aql X-1,93405-01-01-01,NS,0.7792072429567072,0.22079275704329282,forest,grouped
aql_x_1,Aql X-1,93405-01-05-02,NS,0.7633209836392166,0.23667901636078337,forest,grouped
4u_1254_69,4U 1254-69,93406-13-01-00,NS,0.8199762182776005,0.18002378172239952,forest,grouped
gx_339_4,GX 339-4,93409-01-04-01,BH,0.7511723322984751,0.24882766770152487,forest,grouped
sax_j1810_8_2609,SAX J1810.8-2609,93414-01-01-00,NS,0.8048555485285711,0.1951444514714289,forest,grouped
sax_j1810_8_2609,SAX J1810.8-2609,93414-01-01-01,NS,0.8198963013610293,0.1801036986389707,forest,grouped
sax_j1810_8_2609,SAX J1810.8-2609,93414-01-01-02,NS,0.8388560836295285,0.16114391637047154,forest,grouped
sax_j1810_8_2609,SAX J1810.8-2609,93414-01-01-03,NS,0.8415338761208601,0.15846612387913994,forest,grouped
sax_j1810_8_2609,SAX J1810.8-2609,93414-01-04-00,NS,0.8198963013610293,0.1801036986389707,forest,grouped
sax_j1810_8_2609,SAX J1810.8-2609,93414-01-04-01,NS,0.8415338761208601,0.15846612387913994,forest,grouped
sax_j1810_8_2609,SAX J1810.8-2609,93414-01-04-02,NS,0.8439945077356289,0.1560054922643711,forest,grouped
sax_j1810_8_2609,SAX J1810.8-2609,93414-01-04-03,NS,0.8382445077356289,0.16175549226437114,forest,grouped
sax_j1810_8_2609,SAX J1810.8-2609,93414-01-05-00,NS,0.8054240694959068,0.19457593050409316,forest,grouped
sax_j1810_8_2609,SAX J1810.8-2609,93414-01-05-01,NS,0.839972876946041,0.16002712305395905,forest,grouped
aql_x_1,Aql X-1,94076-01-04-07,NS,0.8936997815464222,0.10630021845357784,forest,grouped
aql_x_1,Aql X-1,94441-01-01-02,NS,0.9503047693635911,0.049695230636408905,forest,grouped
4u_1254_69,4U 1254-69,95324-01-01-00,NS,0.8680607977303991,0.13193920226960087,forest,grouped
4u_1254_69,4U 1254-69,95324-01-01-01,NS,0.8816172213792397,0.1183827786207603,forest,grouped
4u_1254_69,4U 1254-69,95324-01-02-00,NS,0.870038955922205,0.12996104407779496,forest,grouped
4u_1254_69,4U 1254-69,95324-01-02-01,NS,0.875292091062896,0.12470790893710404,forest,grouped
gx_339_4,GX 339-4,95409-01-07-01,BH,0.08779761904761905,0.9122023809523809,forest,grouped
gx_339_4,GX 339-4,95409-01-15-01,BH,0.030784313725490193,0.9692156862745098,forest,grouped
gx_339_4,GX 339-4,95409-01-21-00,BH,0.4563866287830129,0.543613371216987,forest,grouped
gx_339_4,GX 339-4,95409-01-38-01,BH,0.45938690586470826,0.5406130941352918,forest,grouped
aql_x_1,Aql X-1,95413-01-06-01,NS,0.3412014513763812,0.6587985486236188,forest,grouped
sax_j1806_5_2215,SAX J1806.5-2215,96085-04-01-00,NS,0.8324172043194829,0.16758279568051715,forest,grouped
sax_j1806_5_2215,SAX J1806.5-2215,96085-04-02-01,NS,0.8118473713980223,0.18815262860197768,forest,grouped
sax_j1806_5_2215,SAX J1806.5-2215,96085-04-03-00,NS,0.8439945077356289,0.1560054922643711,forest,grouped
sax_j1806_5_2215,SAX J1806.5-2215,96085-04-03-02,NS,0.8465871003282216,0.1534128996717784,forest,grouped
sax_j1806_5_2215,SAX J1806.5-2215,96085-04-03-03,NS,0.8289952534189972,0.17100474658100284,forest,grouped
sax_j1806_5_2215,SAX J1806.5-2215,96085-04-04-00,NS,0.8536871480230157,0.1463128519769843,forest,grouped
sax_j1806_5_2215,SAX J1806.5-2215,96085-04-04-01,NS,0.8419899430540716,0.1580100569459284,forest,grouped
sax_j1806_5_2215,SAX J1806.5-2215,96085-04-04-03,NS,0.8561951571763338,0.14380484282366623,forest,grouped
sax_j1806_5_2215,SAX J1806.5-2215,96085-04-05-00,NS,0.8516380078820524,0.14836199211794765,forest,grouped
sax_j1806_5_2215,SAX J1806.5-2215,96085-04-05-03,NS,0.8519729349541116,0.14802706504588836,forest,grouped
sax_j1806_5_2215,SAX J1806.5-2215,96085-04-06-00,NS,0.8698932027376904,0.13010679726230956,forest,grouped
sax_j1806_5_2215,SAX J1806.5-2215,96085-04-06-01,NS,0.8474157856598302,0.15258421434016978,forest,grouped
sax_j1806_5_2215,SAX J1806.5-2215,96085-04-08-00,NS,0.8549049997081404,0.14509500029185962,forest,grouped
sax_j1806_5_2215,SAX J1806.5-2215,96085-04-09-00,NS,0.9100623398012294,0.08993766019877059,forest,grouped
sax_j1806_5_2215,SAX J1806.5-2215,96085-04-09-01,NS,0.8565133717866072,0.14348662821339275,forest,grouped
sax_j1806_5_2215,SAX J1806.5-2215,96085-04-10-01,NS,0.8497440394376372,0.1502559605623628,forest,grouped
sax_j1806_5_2215,SAX J1806.5-2215,96085-04-11-00,NS,0.8428771393919926,0.1571228606080074,forest,grouped
sax_j1806_5_2215,SAX J1806.5-2215,96085-04-12-01,NS,0.8260819772708601,0.17391802272913992,forest,grouped
sax_j1806_5_2215,SAX J1806.5-2215,96085-04-13-00,NS,0.876765920263998,0.12323407973600198,forest,grouped
sax_j1806_5_2215,SAX J1806.5-2215,96085-04-15-00,NS,0.8234911245123777,0.17650887548762229,forest,grouped
sax_j1806_5_2215,SAX J1806.5-2215,96085-04-16-00,NS,0.8415338761208601,0.15846612387913994,forest,grouped
sax_j1806_5_2215,SAX J1806.5-2215,96085-04-17-00,NS,0.8516380078820524,0.14836199211794765,forest,grouped
sax_j1806_5_2215,SAX J1806.5-2215,96085-04-19-00,NS,0.8329869228317054,0.1670130771682946,forest,grouped
sax_j1806_5_2215,SAX J1806.5-2215,96085-04-20-00,NS,0.7981949160148949,0.2018050839851051,forest,grouped
sax_j1806_5_2215,SAX J1806.5-2215,96085-04-23-00,NS,0.938092735146326,0.06190726485367404,forest,grouped
sax_j1806_5_2215,SAX J1806.5-2215,96085-04-25-00,NS,0.9566642832398834,0.043335716760116605,forest,grouped
sax_j1806_5_2215,SAX J1806.5-2215,96085-04-26-00,NS,0.9637314220971445,0.03626857790285554,forest,grouped
sax_j1806_5_2215,SAX J1806.5-2215,96085-04-28-00,NS,0.8715835250031263,0.1284164749968737,forest,grouped
sax_j1806_5_2215,SAX J1806.5-2215,96085-04-29-00,NS,0.847456213835938,0.15254378616406195,forest,grouped
sax_j1806_5_2215,SAX J1806.5-2215,96085-04-30-00,NS,0.8329869228317054,0.1670130771682946,forest,grouped
sax_j1806_5_2215,SAX J1806.5-2215,96085-04-31-00,NS,0.8465871003282216,0.1534128996717784,forest,grouped
sax_j1806_5_2215,SAX J1806.5-2215,96085-04-33-00,NS,0.8487745581222299,0.1512254418777701,forest,grouped
gx_339_4,GX 339-4,96409-01-02-03,BH,0.7880216211551955,0.21197837884480453,forest,grouped
aql_x_1,Aql X-1,96440-01-02-00,NS,0.8193752127698707,0.1806247872301293,forest,grouped
aql_x_1,Aql X-1,96440-01-05-04,NS,0.8491723653845882,0.15082763461541182,forest,grouped
aql_x_1,Aql X-1,96440-01-08-06,NS,0.9090415824777867,0.09095841752221334,forest,grouped
4u_1728_34,4U 1728-34,10410-01-01-00,NS,0.878264523422576,0.121735476577424,forest,grouped
ks_1731_260,KS 1731-260,10416-01-01-00,NS,0.9148461655517888,0.08515383444821123,forest,grouped
ks_1731_260,KS 1731-260,10416-01-03-00,NS,0.9114792773357369,0.08852072266426314,forest,grouped
gs_1354_64,GS 1354-64,20431-01-03-00,BH,0.034143467643467644,0.9658565323565323,forest,grouped
gs_1354_64,GS 1354-64,20431-01-04-00,BH,0.053349095349095356,0.9466509046509046,forest,grouped
gs_1354_64,GS 1354-64,20431-01-05-00,BH,0.13822804710869005,0.8617719528913099,forest,grouped
4u_1728_34,4U 1728-34,30042-03-02-00,NS,0.8613323346284452,0.13866766537155484,forest,grouped
4u_1728_34,4U 1728-34,30042-03-08-00,NS,0.023278711484593834,0.9767212885154062,forest,grouped
4u_1728_34,4U 1728-34,30042-03-17-00,NS,0.19939786516930652,0.8006021348306935,forest,grouped
ks_1731_260,KS 1731-260,30061-01-01-00,NS,0.927555718184754,0.07244428181524598,forest,grouped
ks_1731_260,KS 1731-260,30061-01-01-02,NS,0.9292767884188677,0.07072321158113226,forest,grouped
ks_1731_260,KS 1731-260,30061-01-01-04,NS,0.9255837539604679,0.07441624603953212,forest,grouped
ks_1731_260,KS 1731-260,30061-01-02-01,NS,0.7038178221933129,0.2961821778066871,forest,grouped
ks_1731_260,KS 1731-260,30061-01-02-03,NS,0.7083124684355837,0.2916875315644163,forest,grouped
ks_1731_260,KS 1731-260,30061-01-02-06,NS,0.7416234203746643,0.25837657962533567,forest,grouped
ks_1731_260,KS 1731-260,30061-01-03-00,NS,0.9358799016221064,0.06412009837789356,forest,grouped
ks_1731_260,KS 1731-260,30061-01-03-01,NS,0.941525746105187,0.05847425389481298,forest,grouped
ks_1731_260,KS 1731-260,30061-01-04-00,NS,0.9255837539604679,0.07441624603953212,forest,grouped
ks_1731_260,KS 1731-260,30061-01-04-02,NS,0.927555718184754,0.07244428181524598,forest,grouped
gs_1354_64,GS 1354-64,30401-01-01-00,BH,0.569815301248308,0.43018469875169196,forest,grouped
gs_1354_64,GS 1354-64,30401-01-02-00,BH,0.7150331979941741,0.2849668020058259,forest,grouped
gs_1354_64,GS 1354-64,30401-01-03-00,BH,0.6945993650131277,0.3054006349868723,forest,grouped
gs_1354_64,GS 1354-64,30401-01-04-00,BH,0.5455611643238902,0.45443883567610976,forest,grouped
4u_1728_34,4U 1728-34,40019-03-01-02,NS,0.8015130668719229,0.19848693312807708,forest,grouped
ser_x_1,Ser X-1,40025-03-01-00,NS,0.9126670690535262,0.08733293094647376,forest,grouped
ser_x_1,Ser X-1,40025-03-01-01,NS,0.9212760812874359,0.07872391871256412,forest,grouped
ser_x_1,Ser X-1,40025-03-01-02,NS,0.946924810988585,0.05307518901141495,forest,grouped
ser_x_1,Ser X-1,40025-03-02-00,NS,0.9331482155894474,0.06685178441055262,forest,grouped
ser_x_1,Ser X-1,40025-03-02-01,NS,0.9475953211213595,0.05240467887864053,forest,grouped
4u_1728_34,4U 1728-34,40027-06-01-02,NS,0.7966817578300875,0.20331824216991246,forest,grouped
4u_1728_34,4U 1728-34,40027-08-02-02,NS,0.44523872344511234,0.5547612765548877,forest,grouped
4u_1728_34,4U 1728-34,40033-06-02-05,NS,0.39698113828721,0.6030188617127901,forest,grouped
ser_x_1,Ser X-1,40426-01-01-00,NS,0.9154723117524993,0.08452768824750068,forest,grouped
4u_1728_34,4U 1728-34,50023-01-19-00,NS,0.7801923082714254,0.21980769172857462,forest,grouped
4u_1728_34,4U 1728-34,50023-01-31-00,NS,0.7966817578300875,0.20331824216991246,forest,grouped
4u_1728_34,4U 1728-34,50029-23-01-00,NS,0.7599589561539417,0.2400410438460583,forest,grouped
ser_x_1,Ser X-1,50029-35-01-00,NS,0.9255837539604679,0.07441624603953212,forest,grouped
4u_1728_34,4U 1728-34,50030-03-05-01,NS,0.27059443679207357,0.7294055632079264,forest,grouped
4u_1728_34,4U 1728-34,50030-03-08-00,NS,0.9103795875421642,0.08962041245783581,forest,grouped
ks_1731_260,KS 1731-260,50031-02-01-01,NS,0.7464081270906644,0.2535918729093356,forest,grouped
ks_1731_260,KS 1731-260,50031-02-01-03,NS,0.7181111031505076,0.28188889684949237,forest,grouped
ks_1731_260,KS 1731-260,50031-02-01-05,NS,0.7507748724932616,0.24922512750673842,forest,grouped
ks_1731_260,KS 1731-260,50031-02-01-09,NS,0.7048850273688049,0.2951149726311951,forest,grouped
ks_1731_260,KS 1731-260,50031-02-01-11,NS,0.7077777494474821,0.29222225055251794,forest,grouped
ks_1731_260,KS 1731-260,50031-02-02-02,NS,0.4839148916013498,0.5160851083986502,forest,grouped
ks_1731_260,KS 1731-260,50031-02-02-04,NS,0.49874759532652435,0.5012524046734756,forest,grouped
ks_1731_260,KS 1731-260,50031-02-02-06,NS,0.48738473183223385,0.5126152681677661,forest,grouped
ks_1731_260,KS 1731-260,50031-02-02-07,NS,0.3521412063345877,0.6478587936654123,forest,grouped
ks_1731_260,KS 1731-260,50031-02-03-00,NS,0.6703156575775566,0.3296843424224434,forest,grouped
ks_1731_260,KS 1731-260,50031-02-03-06,NS,0.6983324296285828,0.3016675703714172,forest,grouped
ks_1731_260,KS 1731-260,50031-02-03-07,NS,0.6387560220515819,0.3612439779484181,forest,grouped
ks_1731_260,KS 1731-260,50031-02-03-08,NS,0.6955791587756547,0.3044208412243453,forest,grouped
ser_x_1,Ser X-1,70014-03-01-00,NS,0.9212760812874359,0.07872391871256412,forest,grouped
ser_x_1,Ser X-1,70014-03-01-01,NS,0.923248045511722,0.07675195448827798,forest,grouped
ser_x_1,Ser X-1,70014-03-01-02,NS,0.927555718184754,0.07244428181524598,forest,grouped
ser_x_1,Ser X-1,70014-03-02-00,NS,0.9344592180818644,0.06554078191813562,forest,grouped
ser_x_1,Ser X-1,70014-03-02-01,NS,0.9345934462697838,0.0654065537302162,forest,grouped
ser_x_1,Ser X-1,70014-03-02-02,NS,0.9165602093621361,0.08343979063786389,forest,grouped
ser_x_1,Ser X-1,70014-03-02-03,NS,0.9292767884188677,0.07072321158113226,forest,grouped
ser_x_1,Ser X-1,70027-04-01-00,NS,0.941525746105187,0.05847425389481298,forest,grouped
ser_x_1,Ser X-1,70027-04-01-01,NS,0.9255837539604679,0.07441624603953212,forest,grouped
ser_x_1,Ser X-1,70027-04-08-00,NS,0.9351796406243987,0.06482035937560127,forest,grouped
4u_1728_34,4U 1728-34,70028-01-01-08,NS,0.7035275077574487,0.29647249224255134,forest,grouped
4u_1705_44,4U 1705-44,70038-01-01-00,NS,0.7973278159761457,0.20267218402385434,forest,grouped
4u_1728_34,4U 1728-34,91023-01-02-00,NS,0.8874992946367225,0.1125007053632775,forest,grouped
4u_1705_44,4U 1705-44,91039-01-01-10,NS,0.9468112785186,0.05318872148139997,forest,grouped
4u_1705_44,4U 1705-44,91039-01-01-50,NS,0.7062351806048255,0.2937648193951745,forest,grouped
4u_1705_44,4U 1705-44,91039-01-02-30,NS,0.9283321890777572,0.07166781092224284,forest,grouped
4u_1705_44,4U 1705-44,91039-01-02-61,NS,0.9463822696998736,0.0536177303001264,forest,grouped
4u_1705_44,4U 1705-44,91039-01-03-33,NS,0.8564209202660416,0.14357907973395845,forest,grouped
4u_1728_34,4U 1728-34,92023-03-07-00,NS,0.8885134858020091,0.11148651419799094,forest,grouped
4u_1728_34,4U 1728-34,92023-03-09-10,NS,0.8831959411578822,0.11680405884211775,forest,grouped
4u_1728_34,4U 1728-34,92023-03-22-00,NS,0.8913988925980554,0.10860110740194462,forest,grouped
4u_1728_34,4U 1728-34,92023-03-22-10,NS,0.2340639117615485,0.7659360882384515,forest,grouped
4u_1728_34,4U 1728-34,92023-03-33-00,NS,0.8787277836568685,0.12127221634313146,forest,grouped
4u_1728_34,4U 1728-34,92023-03-33-10,NS,0.7927407462363343,0.20725925376366572,forest,grouped
4u_1728_34,4U 1728-34,92023-03-46-10,NS,0.7741444268424524,0.22585557315754756,forest,grouped
4u_1728_34,4U 1728-34,92023-03-47-00,NS,0.023278711484593834,0.9767212885154062,forest,grouped
4u_1728_34,4U 1728-34,92023-03-52-00,NS,0.9017346899183066,0.09826531008169337,forest,grouped
4u_1728_34,4U 1728-34,92023-03-59-10,NS,0.8506323796717128,0.1493676203282872,forest,grouped
4u_1728_34,4U 1728-34,92023-03-68-00,NS,0.7406718642138262,0.25932813578617375,forest,grouped
4u_1728_34,4U 1728-34,92023-03-74-10,NS,0.8424683455323412,0.15753165446765882,forest,grouped
4u_1728_34,4U 1728-34,92023-03-81-00,NS,0.8664102317770283,0.13358976822297175,forest,grouped
4u_1728_34,4U 1728-34,92023-03-88-10,NS,0.7651581513033282,0.2348418486966718,forest,grouped
4u_1728_34,4U 1728-34,92023-03-94-00,NS,0.22461547393246767,0.7753845260675323,forest,grouped
4u_1705_44,4U 1705-44,93060-01-01-10,NS,0.9009372074295595,0.09906279257044048,forest,grouped
4u_1705_44,4U 1705-44,93060-01-10-00,NS,0.7223447857927053,0.27765521420729466,forest,grouped
4u_1705_44,4U 1705-44,93060-01-14-10,NS,0.923248045511722,0.07675195448827798,forest,grouped
4u_1705_44,4U 1705-44,93060-01-22-00,NS,0.9097945849518395,0.09020541504816049,forest,grouped
4u_1705_44,4U 1705-44,93060-01-28-10,NS,0.9398683798513845,0.060131620148615506,forest,grouped
4u_1705_44,4U 1705-44,93060-01-35-00,NS,0.9390701986616828,0.06092980133831716,forest,grouped
4u_1705_44,4U 1705-44,93060-01-58-00,NS,0.8621119019373705,0.13788809806262947,forest,grouped
4u_1705_44,4U 1705-44,93060-01-71-00,NS,0.8711045409697299,0.1288954590302701,forest,grouped
4u_1705_44,4U 1705-44,93060-01-85-00,NS,0.9000174619893039,0.09998253801069612,forest,grouped
4u_1705_44,4U 1705-44,94060-01-02-00,NS,0.9400099806397456,0.05999001936025439,forest,grouped
4u_1705_44,4U 1705-44,94060-01-15-00,NS,0.4981470823962482,0.5018529176037518,forest,grouped
4u_1705_44,4U 1705-44,94060-01-30-00,NS,0.9025504285263635,0.09744957147363653,forest,grouped
4u_1705_44,4U 1705-44,94060-01-46-00,NS,0.9501232116934343,0.04987678830656572,forest,grouped
4u_1705_44,4U 1705-44,94060-01-61-00,NS,0.9456203959619109,0.05437960403808906,forest,grouped
4u_1705_44,4U 1705-44,95060-01-07-00,NS,0.9488223526355658,0.0511776473644342,forest,grouped
4u_1705_44,4U 1705-44,95060-01-22-00,NS,0.8893241683878997,0.11067583161210026,forest,grouped
4u_1705_44,4U 1705-44,95060-01-36-00,NS,0.7779855083967031,0.2220144916032969,forest,grouped
4u_1705_44,4U 1705-44,95060-01-50-00,NS,0.9488223526355658,0.0511776473644342,forest,grouped
4u_1705_44,4U 1705-44,95060-01-63-00,NS,0.9132932152542368,0.08670678474576321,forest,grouped
4u_1705_44,4U 1705-44,95060-01-77-00,NS,0.9089142994401602,0.09108570055983978,forest,grouped
4u_1705_44,4U 1705-44,96060-01-10-00,NS,0.9212760812874359,0.07872391871256412,forest,grouped
4u_1705_44,4U 1705-44,96060-01-23-00,NS,0.9195620374770885,0.08043796252291147,forest,grouped
4u_1705_44,4U 1705-44,96060-01-36-00,NS,0.8481882925250139,0.15181170747498607,forest,grouped
4u_1705_44,4U 1705-44,96060-01-51-00,NS,0.923248045511722,0.07675195448827798,forest,grouped
4u_1705_44,4U 1705-44,96060-01-65-00,NS,0.8989561638860161,0.10104383611398393,forest,grouped
4u_1705_44,4U 1705-44,96060-01-78-00,NS,0.9292767884188677,0.07072321158113226,forest,grouped
4u_1728_34,4U 1728-34,96322-01-02-01,NS,0.837109458057995,0.16289054194200503,forest,grouped
4u_1728_34,4U 1728-34,96322-01-05-00,NS,0.23615365535129207,0.7638463446487079,forest,grouped
1a_1744_361,1A 1744-361,80431-01-02-01,NS,0.9261483996284727,0.07385160037152727,forest,loso
1a_1744_361,1A 1744-361,80431-01-02-03,NS,0.9169364111943277,0.08306358880567233,forest,loso
1a_1744_361,1A 1744-361,80431-01-02-04,NS,0.9142154131087485,0.08578458689125146,forest,loso
1a_1744_361,1A 1744-361,80431-01-02-05,NS,0.9299137446128207,0.07008625538717927,forest,loso
1a_1744_361,1A 1744-361,80431-01-03-00,NS,0.9206206397437474,0.07937936025625258,forest,loso
1a_1744_361,1A 1744-361,80431-01-03-02,NS,0.9576241823441941,0.04237581765580589,forest,loso
1a_1744_361,1A 1744-361,90058-04-02-00,NS,0.873307340774951,0.12669265922504902,forest,loso
1a_1744_361,1A 1744-361,91050-05-02-00,NS,0.9237191430049204,0.07628085699507958,forest,loso
1a_1744_361,1A 1744-361,91050-05-03-00,NS,0.9272197168902281,0.07278028310977191,forest,loso
1a_1744_361,1A 1744-361,93155-01-01-00,NS,0.917981059988241,0.08201894001175902,forest,loso
1a_1744_361,1A 1744-361,93155-01-02-00,NS,0.9373115903248729,0.06268840967512712,forest,loso
1a_1744_361,1A 1744-361,93155-01-02-01,NS,0.924786024300885,0.07521397569911503,forest,loso
1a_1744_361,1A 1744-361,93155-01-03-01,NS,0.9206187807564785,0.07938121924352148,forest,loso
1a_1744_361,1A 1744-361,93155-01-03-02,NS,0.9142359728886055,0.08576402711139453,forest,loso
1a_1744_361,1A 1744-361,93155-01-03-03,NS,0.917981059988241,0.08201894001175902,forest,loso
1a_1744_361,1A 1744-361,93155-01-06-01,NS,0.9245225670486877,0.07547743295131226,forest,loso
1a_1744_361,1A 1744-361,93155-01-06-02,NS,0.9198153567127112,0.0801846432872888,forest,loso
1a_1744_361,1A 1744-361,93155-01-07-00,NS,0.917981059988241,0.08201894001175902,forest,loso
1a_1744_361,1A 1744-361,93155-01-07-02,NS,0.9206187807564785,0.07938121924352148,forest,loso
1a_1744_361,1A 1744-361,93155-01-08-00,NS,0.9082701357335321,0.0917298642664679,forest,loso
1a_1744_361,1A 1744-361,93155-01-08-02,NS,0.7885977729413018,0.21140222705869816,forest,loso
1a_1744_361,1A 1744-361,93155-01-09-00,NS,0.7650453699607977,0.23495463003920225,forest,loso
1a_1744_361,1A 1744-361,95416-01-01-00,NS,0.7513707179449837,0.24862928205501633,forest,loso
1a_1744_361,1A 1744-361,95416-01-01-02,NS,0.9053968196638326,0.09460318033616744,forest,loso
1a_1744_361,1A 1744-361,95416-01-02-00,NS,0.9082701357335321,0.0917298642664679,forest,loso
1a_1744_361,1A 1744-361,95416-01-02-02,NS,0.9053968196638326,0.09460318033616744,forest,loso
1a_1744_361,1A 1744-361,96437-01-02-00,NS,0.9082701357335321,0.0917298642664679,forest,loso
4u_0614_09,4U 0614+09,10095-01-01-00,NS,0.8530547976067129,0.14694520239328712,forest,loso
4u_0614_09,4U 0614+09,20428-01-01-03,NS,0.8382691555622678,0.16173084443773222,forest,loso
4u_0614_09,4U 0614+09,30054-01-02-03,NS,0.853045478489219,0.14695452151078103,forest,loso
4u_0614_09,4U 0614+09,40030-01-14-00,NS,0.9322709332004118,0.06772906679958823,forest,loso
4u_0614_09,4U 0614+09,40429-01-03-01,NS,0.8386680090603549,0.16133199093964512,forest,loso
4u_0614_09,4U 0614+09,40429-01-06-01,NS,0.9116100463937582,0.0883899536062418,forest,loso
4u_0614_09,4U 0614+09,50026-02-01-01,NS,0.8201000073445853,0.17989999265541468,forest,loso
4u_0614_09,4U 0614+09,50031-01-01-01,NS,0.783169945255827,0.21683005474417305,forest,loso
4u_0614_09,4U 0614+09,50031-01-02-07,NS,0.8177861466246079,0.1822138533753921,forest,loso
4u_0614_09,4U 0614+09,50031-01-04-08,NS,0.7126660266732128,0.28733397332678723,forest,loso
4u_0614_09,4U 0614+09,60424-01-02-01,NS,0.7249387306397653,0.2750612693602347,forest,loso
4u_0614_09,4U 0614+09,80037-01-09-08,NS,0.8187422199070816,0.18125778009291837,forest,loso
4u_0614_09,4U 0614+09,80051-02-01-02,NS,0.8713292096153107,0.12867079038468932,forest,loso
4u_0614_09,4U 0614+09,80414-01-02-00,NS,0.85359770075028,0.14640229924972004,forest,loso
4u_0614_09,4U 0614+09,80414-01-05-02,NS,0.8835211391105758,0.11647886088942416,forest,loso
4u_0614_09,4U 0614+09,90422-01-01-02,NS,0.8612928405157568,0.13870715948424317,forest,loso
4u_0614_09,4U 0614+09,91425-01-04-02,NS,0.8789959392762512,0.12100406072374881,forest,loso
4u_0614_09,4U 0614+09,92411-01-01-02,NS,0.8719279873169283,0.12807201268307167,forest,loso
4u_0614_09,4U 0614+09,92411-01-07-02,NS,0.8727779179755052,0.1272220820244948,forest,loso
4u_0614_09,4U 0614+09,92411-01-10-00,NS,0.849692938845518,0.150307061154482,forest,loso
4u_0614_09,4U 0614+09,93404-01-02-00,NS,0.8714670497826408,0.12853295021735922,forest,loso
4u_0614_09,4U 0614+09,93404-01-07-00,NS,0.8629108560180514,0.1370891439819486,forest,loso
4u_0614_09,4U 0614+09,93404-01-11-02,NS,0.8627934643578088,0.1372065356421912,forest,loso
4u_0614_09,4U 0614+09,93404-01-14-00,NS,0.864248980866634,0.13575101913336596,forest,loso
4u_0614_09,4U 0614+09,93404-01-21-00,NS,0.869673946334365,0.130326053665635,forest,loso
4u_0614_09,4U 0614+09,94404-01-07-00,NS,0.8521421842414547,0.14785781575854529,forest,loso
4u_0614_09,4U 0614+09,95404-01-01-01,NS,0.8529556399260427,0.14704436007395727,forest,loso
4u_0614_09,4U 0614+09,95404-01-09-02,NS,0.821397861092408,0.17860213890759202,forest,loso
4u_0614_09,4U 0614+09,96307-01-04-00,NS,0.8684145137370615,0.13158548626293853,forest,loso
4u_0614_09,4U 0614+09,96307-01-10-00,NS,0.9365535399491788,0.06344646005082122,forest,loso
4u_0614_09,4U 0614+09,96404-01-02-00,NS,0.8384910753767655,0.16150892462323452,forest,loso
4u_1254_69,4U 1254-69,90036-01-01-00,NS,0.8799070699796019,0.12009293002039811,forest,loso
4u_1254_69,4U 1254-69,90036-01-01-01,NS,0.8597665424431549,0.14023345755684513,forest,loso
4u_1254_69,4U 1254-69,90036-01-01-02,NS,0.8601965809540663,0.13980341904593374,forest,loso
4u_1254_69,4U 1254-69,90036-01-01-03,NS,0.8854817689325404,0.11451823106745962,forest,loso
4u_1254_69,4U 1254-69,90036-01-02-00,NS,0.8772531275781088,0.1227468724218912,forest,loso
4u_1254_69,4U 1254-69,90036-01-02-01,NS,0.8758559185924042,0.12414408140759581,forest,loso
4u_1254_69,4U 1254-69,93406-13-01-00,NS,0.8334709189387945,0.16652908106120545,forest,loso
4u_1254_69,4U 1254-69,95324-01-01-00,NS,0.8819197942447755,0.11808020575522449,forest,loso
4u_1254_69,4U 1254-69,95324-01-01-01,NS,0.8758559185924042,0.12414408140759581,forest,loso
4u_1254_69,4U 1254-69,95324-01-02-00,NS,0.8644837777037029,0.13551622229629712,forest,loso
4u_1254_69,4U 1254-69,95324-01-02-01,NS,0.8772531275781088,0.1227468724218912,forest,loso
4u_1543_475,4U 1543-475,70124-02-03-00,BH,0.8605016116572037,0.13949838834279626,forest,loso
4u_1543_475,4U 1543-475,70124-02-06-00,BH,0.844518185241866,0.15548181475813405,forest,loso
4u_1543_475,4U 1543-475,70124-02-09-00,BH,0.8230435303463888,0.17695646965361123,forest,loso
4u_1543_475,4U 1543-475,70124-02-11-00,BH,0.760194398626719,0.239805601373281,forest,loso
4u_1543_475,4U 1543-475,70132-01-01-00,BH,0.45411423449474064,0.5458857655052594,forest,loso
4u_1543_475,4U 1543-475,70132-01-02-01,BH,0.8653287309544294,0.13467126904557059,forest,loso
4u_1543_475,4U 1543-475,70133-01-01-00,BH,0.8452215583570964,0.15477844164290355,forest,loso
4u_1543_475,4U 1543-475,70133-01-05-00,BH,0.07325117975117976,0.9267488202488202,forest,loso
4u_1543_475,4U 1543-475,70133-01-10-00,BH,0.8513915569383079,0.14860844306169207,forest,loso
4u_1543_475,4U 1543-475,70133-01-16-00,BH,0.034814671814671815,0.9651853281853282,forest,loso
4u_1543_475,4U 1543-475,70133-01-20-00,BH,0.9300282278917621,0.0699717721082379,forest,loso
4u_1543_475,4U 1543-475,70133-01-23-00,BH,0.7540217520122471,0.24597824798775292,forest,loso
4u_1543_475,4U 1543-475,70133-01-25-01,BH,0.7524314762573742,0.24756852374262583,forest,loso
4u_1543_475,4U 1543-475,70133-01-26-01,BH,0.7457648095907073,0.25423519040929266,forest,loso
4u_1543_475,4U 1543-475,70133-01-28-00,BH,0.7458184553089504,0.2541815446910496,forest,loso
4u_1543_475,4U 1543-475,70133-01-31-00,BH,0.9312678162381138,0.06873218376188617,forest,loso
4u_1608_522,4U 1608-522,10093-01-01-01,NS,0.9069479565053014,0.09305204349469864,forest,loso
4u_1608_522,4U 1608-522,30062-02-01-05,NS,0.938546131883069,0.06145386811693099,forest,loso
4u_1608_522,4U 1608-522,40437-01-01-01,NS,0.7997123876334277,0.20028761236657233,forest,loso
4u_1608_522,4U 1608-522,50052-01-23-00,NS,0.8326930411281522,0.16730695887184777,forest,loso
4u_1608_522,4U 1608-522,60052-02-04-03,NS,0.9500939036914293,0.04990609630857068,forest,loso
4u_1608_522,4U 1608-522,70058-01-22-00,NS,0.9162643193144224,0.08373568068557757,forest,loso
4u_1608_522,4U 1608-522,70058-01-37-00,NS,0.9585211377416377,0.04147886225836228,forest,loso
4u_1608_522,4U 1608-522,70069-01-03-01,NS,0.8871951675286794,0.11280483247132056,forest,loso
4u_1608_522,4U 1608-522,80406-01-04-07,NS,0.8057782391093979,0.19422176089060206,forest,loso
4u_1608_522,4U 1608-522,91405-01-27-00,NS,0.710101686251969,0.289898313748031,forest,loso
4u_1608_522,4U 1608-522,91405-01-41-00,NS,0.7958640622474421,0.2041359377525579,forest,loso
4u_1608_522,4U 1608-522,92401-01-11-03,NS,0.947504848513206,0.052495151486793956,forest,loso
4u_1608_522,4U 1608-522,93408-01-11-00,NS,0.8589240714673143,0.1410759285326857,forest,loso
4u_1608_522,4U 1608-522,93408-01-19-01,NS,0.8007685643213144,0.19923143567868562,forest,loso
4u_1608_522,4U 1608-522,93408-01-22-06,NS,0.9596478072806295,0.04035219271937052,forest,loso
4u_1608_522,4U 1608-522,93408-01-26-03,NS,0.565578541181655,0.43442145881834504,forest,loso
4u_1608_522,4U 1608-522,93408-01-32-04,NS,0.8363920412883401,0.1636079587116599,forest,loso
4u_1608_522,4U 1608-522,93408-01-42-05,NS,0.791279484777764,0.208720515222236,forest,loso
4u_1608_522,4U 1608-522,93408-01-52-02,NS,0.722898550675389,0.277101449324611,forest,loso
4u_1608_522,4U 1608-522,93408-01-66-01,NS,0.8686456994272345,0.13135430057276554,forest,loso
4u_1608_522,4U 1608-522,94401-01-01-01,NS,0.8565027222214602,0.14349727777853982,forest,loso
4u_1608_522,4U 1608-522,94401-01-18-00,NS,0.551236990352052,0.448763009647948,forest,loso
4u_1608_522,4U 1608-522,94401-01-34-00,NS,0.9119601811660426,0.0880398188339574,forest,loso
4u_1608_522,4U 1608-522,95334-01-03-00,NS,0.949236910616484,0.050763089383516036,forest,loso
4u_1608_522,4U 1608-522,96423-01-13-01,NS,0.6688075085700834,0.3311924914299166,forest,loso
4u_1608_522,4U 1608-522,96423-01-26-01,NS,0.7894334124416211,0.21056658755837887,forest,loso
4u_1608_522,4U 1608-522,96423-01-39-02,NS,0.7424498467298476,0.2575501532701524,forest,loso
4u_1636_536,4U 1636-536,30053-02-01-00,NS,0.9553835633355277,0.04461643666447235,forest,loso
4u_1636_536,4U 1636-536,40028-01-14-02,NS,0.9462471207480171,0.05375287925198291,forest,loso
4u_1636_536,4U 1636-536,60032-01-04-00,NS,0.9446419442672999,0.05535805573270014,forest,loso
4u_1636_536,4U 1636-536,60032-01-14-01,NS,0.9446419442672999,0.05535805573270014,forest,loso
4u_1636_536,4U 1636-536,60032-05-15-00,NS,0.9569925014818318,0.04300749851816821,forest,loso
4u_1636_536,4U 1636-536,91024-01-07-10,NS,0.9006070910481163,0.09939290895188369,forest,loso
4u_1636_536,4U 1636-536,91024-01-13-00,NS,0.9534101395300428,0.04658986046995717,forest,loso
4u_1636_536,4U 1636-536,91024-01-53-10,NS,0.9533939276776207,0.046606072322379344,forest,loso
4u_1636_536,4U 1636-536,91024-01-62-00,NS,0.9416466882096554,0.05835331179034464,forest,loso
4u_1636_536,4U 1636-536,91024-01-85-10,NS,0.8884367698969876,0.11156323010301239,forest,loso
4u_1636_536,4U 1636-536,92023-01-42-10,NS,0.925948494168053,0.07405150583194697,forest,loso
4u_1636_536,4U 1636-536,92023-01-43-00,NS,0.9377068412101336,0.06229315878986641,forest,loso
4u_1636_536,4U 1636-536,92023-01-93-00,NS,0.9291678089640919,0.0708321910359081,forest,loso
4u_1636_536,4U 1636-536,92023-01-94-10,NS,0.9351134147193723,0.06488658528062774,forest,loso
4u_1636_536,4U 1636-536,92023-02-08-00,NS,0.600188146135521,0.39981185386447904,forest,loso
4u_1636_536,4U 1636-536,93087-01-36-10,NS,0.9287016919663593,0.07129830803364068,forest,loso
4u_1636_536,4U 1636-536,93087-01-36-20,NS,0.9395235705714571,0.06047642942854292,forest,loso
4u_1636_536,4U 1636-536,93087-01-41-00,NS,0.919925503447728,0.08007449655227195,forest,loso
4u_1636_536,4U 1636-536,93087-01-83-10,NS,0.9416466882096554,0.05835331179034464,forest,loso
4u_1636_536,4U 1636-536,93087-01-87-00,NS,0.9269435329066736,0.07305646709332636,forest,loso
4u_1636_536,4U 1636-536,94087-01-10-00,NS,0.9033163086775378,0.09668369132246224,forest,loso
4u_1636_536,4U 1636-536,94087-01-47-10,NS,0.9395235705714571,0.06047642942854292,forest,loso
4u_1636_536,4U 1636-536,94087-01-49-00,NS,0.9006070910481163,0.09939290895188369,forest,loso
4u_1636_536,4U 1636-536,94087-01-94-00,NS,0.9291678089640919,0.0708321910359081,forest,loso
4u_1636_536,4U 1636-536,95087-01-15-00,NS,0.5805113678207351,0.4194886321792649,forest,loso
4u_1636_536,4U 1636-536,95087-01-15-10,NS,0.8641804506139336,0.13581954938606644,forest,loso
4u_1636_536,4U 1636-536,95087-01-71-00,NS,0.6579569094041292,0.3420430905958708,forest,loso
4u_1636_536,4U 1636-536,96087-01-25-00,NS,0.9443672621867738,0.055632737813226196,forest,loso
4u_1636_536,4U 1636-536,96087-01-28-10,NS,0.8955059744705359,0.10449402552946407,forest,loso
4u_1636_536,4U 1636-536,96087-01-77-00,NS,0.8093210569955103,0.19067894300448973,forest,loso
4u_1636_536,4U 1636-536,96087-01-84-10,NS,0.7468377747304418,0.2531622252695582,forest,loso
4u_1702_429,4U 1702-429,20084-02-01-00,NS,0.9294075779710045,0.07059242202899552,forest,loso
4u_1702_429,4U 1702-429,20084-02-01-03,NS,0.9398049691806156,0.060195030819384376,forest,loso
4u_1702_429,4U 1702-429,20084-02-02-01,NS,0.9398049691806156,0.060195030819384376,forest,loso
4u_1702_429,4U 1702-429,40025-04-01-01,NS,0.916333871366699,0.08366612863330103,forest,loso
4u_1702_429,4U 1702-429,40025-04-02-00,NS,0.8534335269634777,0.14656647303652226,forest,loso
4u_1702_429,4U 1702-429,40025-04-03-01,NS,0.8880109121292169,0.1119890878707831,forest,loso
4u_1702_429,4U 1702-429,40025-04-03-03,NS,0.9084732997169492,0.09152670028305077,forest,loso
4u_1702_429,4U 1702-429,50025-01-01-01,NS,0.8436215247750356,0.1563784752249644,forest,loso
4u_1702_429,4U 1702-429,50025-01-01-05,NS,0.8507604381203392,0.1492395618796608,forest,loso
4u_1702_429,4U 1702-429,50025-01-01-07,NS,0.8787482931870436,0.12125170681295638,forest,loso
4u_1702_429,4U 1702-429,50030-01-01-03,NS,0.9074837163836159,0.09251628361638409,forest,loso
4u_1702_429,4U 1702-429,50030-01-01-05,NS,0.9074837163836159,0.09251628361638409,forest,loso
4u_1702_429,4U 1702-429,50030-01-01-07,NS,0.9070131281483218,0.0929868718516782,forest,loso
4u_1702_429,4U 1702-429,50030-01-02-00,NS,0.9294075779710045,0.07059242202899552,forest,loso
4u_1702_429,4U 1702-429,50030-01-03-02,NS,0.5358888318284981,0.4641111681715019,forest,loso
4u_1702_429,4U 1702-429,50030-01-05-00,NS,0.5931457464589613,0.40685425354103866,forest,loso
4u_1702_429,4U 1702-429,50030-01-06-00,NS,0.8956571577693865,0.10434284223061352,forest,loso
4u_1702_429,4U 1702-429,50030-01-07-00,NS,0.8998053130199266,0.10019468698007339,forest,loso
4u_1702_429,4U 1702-429,50030-01-09-01,NS,0.8481813543449068,0.15181864565509318,forest,loso
4u_1702_429,4U 1702-429,50030-01-09-02,NS,0.8490734157411769,0.1509265842588231,forest,loso
4u_1702_429,4U 1702-429,50030-01-09-04,NS,0.8437827803698622,0.1562172196301378,forest,loso
4u_1702_429,4U 1702-429,50030-01-10-00,NS,0.5965641227707824,0.4034358772292176,forest,loso
4u_1702_429,4U 1702-429,50030-01-10-02,NS,0.5824094846065827,0.4175905153934173,forest,loso
4u_1702_429,4U 1702-429,50030-01-11-01,NS,0.9315947732911214,0.06840522670887861,forest,loso
4u_1702_429,4U 1702-429,50030-01-11-02,NS,0.9028365073158267,0.09716349268417335,forest,loso
4u_1702_429,4U 1702-429,50030-01-13-01,NS,0.7525208518081243,0.24747914819187566,forest,loso
4u_1702_429,4U 1702-429,50030-01-14-02,NS,0.9286412291971625,0.07135877080283748,forest,loso
4u_1702_429,4U 1702-429,50030-01-14-03,NS,0.9322488478122744,0.06775115218772565,forest,loso
4u_1702_429,4U 1702-429,94415-01-01-01,NS,0.9028365073158267,0.09716349268417335,forest,loso
4u_1702_429,4U 1702-429,94415-01-02-01,NS,0.959557717673749,0.04044228232625102,forest,loso
4u_1705_44,4U 1705-44,70038-01-01-00,NS,0.8518222905338538,0.14817770946614617,forest,loso
4u_1705_44,4U 1705-44,91039-01-01-10,NS,0.9313143473784841,0.06868565262151594,forest,loso
4u_1705_44,4U 1705-44,91039-01-01-50,NS,0.5102576211669441,0.48974237883305594,forest,loso
4u_1705_44,4U 1705-44,91039-01-02-30,NS,0.9360437686209748,0.06395623137902517,forest,loso
4u_1705_44,4U 1705-44,91039-01-02-61,NS,0.9029515562137044,0.09704844378629562,forest,loso
4u_1705_44,4U 1705-44,91039-01-03-33,NS,0.8485161527841519,0.15148384721584807,forest,loso
4u_1705_44,4U 1705-44,93060-01-01-10,NS,0.9340656307078001,0.06593436929219987,forest,loso
4u_1705_44,4U 1705-44,93060-01-10-00,NS,0.6305526886502685,0.3694473113497315,forest,loso
4u_1705_44,4U 1705-44,93060-01-14-10,NS,0.9489564072892204,0.05104359271077963,forest,loso
4u_1705_44,4U 1705-44,93060-01-22-00,NS,0.9386271974170238,0.06137280258297617,forest,loso
4u_1705_44,4U 1705-44,93060-01-28-10,NS,0.9029515562137044,0.09704844378629562,forest,loso
4u_1705_44,4U 1705-44,93060-01-35-00,NS,0.9541929264400949,0.0458070735599051,forest,loso
4u_1705_44,4U 1705-44,93060-01-58-00,NS,0.8476144666663507,0.15238553333364935,forest,loso
4u_1705_44,4U 1705-44,93060-01-71-00,NS,0.8991287563070253,0.10087124369297473,forest,loso
4u_1705_44,4U 1705-44,93060-01-85-00,NS,0.9223290407869996,0.07767095921300038,forest,loso
4u_1705_44,4U 1705-44,94060-01-02-00,NS,0.9421683741366751,0.05783162586332491,forest,loso
4u_1705_44,4U 1705-44,94060-01-15-00,NS,0.7966559970412996,0.20334400295870037,forest,loso
4u_1705_44,4U 1705-44,94060-01-30-00,NS,0.9355673843329115,0.06443261566708847,forest,loso
4u_1705_44,4U 1705-44,94060-01-46-00,NS,0.9272118099473745,0.07278819005262549,forest,loso
4u_1705_44,4U 1705-44,94060-01-61-00,NS,0.9412232885116797,0.05877671148832031,forest,loso
4u_1705_44,4U 1705-44,95060-01-07-00,NS,0.9327791176396822,0.06722088236031776,forest,loso
4u_1705_44,4U 1705-44,95060-01-22-00,NS,0.9081459249884557,0.0918540750115443,forest,loso
4u_1705_44,4U 1705-44,95060-01-36-00,NS,0.7988989360238627,0.20110106397613725,forest,loso
4u_1705_44,4U 1705-44,95060-01-50-00,NS,0.9105252452889271,0.08947475471107291,forest,loso
4u_1705_44,4U 1705-44,95060-01-63-00,NS,0.9449853548511501,0.055014645148849906,forest,loso
4u_1705_44,4U 1705-44,95060-01-77-00,NS,0.9368857994303792,0.0631142005696208,forest,loso
4u_1705_44,4U 1705-44,96060-01-10-00,NS,0.9490564072892204,0.05094359271077964,forest,loso
4u_1705_44,4U 1705-44,96060-01-23-00,NS,0.9490564072892204,0.05094359271077964,forest,loso
4u_1705_44,4U 1705-44,96060-01-36-00,NS,0.8181262659134078,0.18187373408659224,forest,loso
4u_1705_44,4U 1705-44,96060-01-51-00,NS,0.9489564072892204,0.05104359271077963,forest,loso
4u_1705_44,4U 1705-44,96060-01-65-00,NS,0.9354408184827936,0.06455918151720641,forest,loso
4u_1705_44,4U 1705-44,96060-01-78-00,NS,0.9522823681335701,0.047717631866429855,forest,loso
4u_1728_34,4U 1728-34,10410-01-01-00,NS,0.9222884393417736,0.07771156065822638,forest,loso
4u_1728_34,4U 1728-34,30042-03-02-00,NS,0.8945743409776477,0.10542565902235235,forest,loso
4u_1728_34,4U 1728-34,30042-03-08-00,NS,0.0248989898989899,0.9751010101010101,forest,loso
4u_1728_34,4U 1728-34,30042-03-17-00,NS,0.2254728612753129,0.774527138724687,forest,loso
4u_1728_34,4U 1728-34,40019-03-01-02,NS,0.8050942263262552,0.19490577367374484,forest,loso
4u_1728_34,4U 1728-34,40027-06-01-02,NS,0.8106324207706996,0.18936757922930036,forest,loso
4u_1728_34,4U 1728-34,40027-08-02-02,NS,0.6684000477394898,0.3315999522605102,forest,loso
4u_1728_34,4U 1728-34,40033-06-02-05,NS,0.5816396070521505,0.41836039294784955,forest,loso
4u_1728_34,4U 1728-34,50023-01-19-00,NS,0.8106324207706996,0.18936757922930036,forest,loso
4u_1728_34,4U 1728-34,50023-01-31-00,NS,0.8095386707706996,0.19046132922930037,forest,loso
4u_1728_34,4U 1728-34,50029-23-01-00,NS,0.7798794072188407,0.22012059278115925,forest,loso
4u_1728_34,4U 1728-34,50030-03-05-01,NS,0.44511670507849926,0.5548832949215008,forest,loso
4u_1728_34,4U 1728-34,50030-03-08-00,NS,0.9416071588426085,0.05839284115739152,forest,loso
4u_1728_34,4U 1728-34,70028-01-01-08,NS,0.784890630041104,0.21510936995889596,forest,loso
4u_1728_34,4U 1728-34,91023-01-02-00,NS,0.9234277150966083,0.07657228490339174,forest,loso
4u_1728_34,4U 1728-34,92023-03-07-00,NS,0.9260658655724241,0.0739341344275759,forest,loso
4u_1728_34,4U 1728-34,92023-03-09-10,NS,0.9232298723372645,0.0767701276627355,forest,loso
4u_1728_34,4U 1728-34,92023-03-22-00,NS,0.9303849472887096,0.06961505271129043,forest,loso
4u_1728_34,4U 1728-34,92023-03-22-10,NS,0.43411922550775905,0.565880774492241,forest,loso
4u_1728_34,4U 1728-34,92023-03-33-00,NS,0.9199491028397575,0.0800508971602425,forest,loso
4u_1728_34,4U 1728-34,92023-03-33-10,NS,0.8207071751669048,0.17929282483309517,forest,loso
4u_1728_34,4U 1728-34,92023-03-46-10,NS,0.7602182629269112,0.2397817370730888,forest,loso
4u_1728_34,4U 1728-34,92023-03-47-00,NS,0.0248989898989899,0.9751010101010101,forest,loso
4u_1728_34,4U 1728-34,92023-03-52-00,NS,0.9392583011802222,0.060741698819777756,forest,loso
4u_1728_34,4U 1728-34,92023-03-59-10,NS,0.8885627406429983,0.11143725935700166,forest,loso
4u_1728_34,4U 1728-34,92023-03-68-00,NS,0.8181356868395023,0.18186431316049767,forest,loso
4u_1728_34,4U 1728-34,92023-03-74-10,NS,0.8909048889759592,0.10909511102404079,forest,loso
4u_1728_34,4U 1728-34,92023-03-81-00,NS,0.8992343021291892,0.1007656978708108,forest,loso
4u_1728_34,4U 1728-34,92023-03-88-10,NS,0.7497647625431437,0.2502352374568563,forest,loso
4u_1728_34,4U 1728-34,92023-03-94-00,NS,0.3066440446238219,0.6933559553761781,forest,loso
4u_1728_34,4U 1728-34,96322-01-02-01,NS,0.8377670983864967,0.16223290161350334,forest,loso
4u_1728_34,4U 1728-34,96322-01-05-00,NS,0.31334291230161404,0.686657087698386,forest,loso
4u_1735_444,4U 1735-444,20084-01-01-00,NS,0.9407887234324761,0.059211276567523896,forest,loso
4u_1735_444,4U 1735-444,20084-01-02-03,NS,0.9206751126690261,0.07932488733097387,forest,loso
4u_1735_444,4U 1735-444,40030-02-04-00,NS,0.9325176542923557,0.06748234570764433,forest,loso
4u_1735_444,4U 1735-444,40030-02-09-01,NS,0.9369313798006635,0.06306862019933646,forest,loso
4u_1735_444,4U 1735-444,40033-07-01-04,NS,0.9371277392399796,0.0628722607600204,forest,loso
4u_1735_444,4U 1735-444,50025-02-01-01,NS,0.9129236329096085,0.08707636709039146,forest,loso
4u_1735_444,4U 1735-444,50025-02-01-06,NS,0.9286698169946648,0.07133018300533522,forest,loso
4u_1735_444,4U 1735-444,50026-01-01-03,NS,0.7475121521101055,0.25248784788989453,forest,loso
4u_1735_444,4U 1735-444,50029-34-01-00,NS,0.9293426563732398,0.07065734362676024,forest,loso
4u_1735_444,4U 1735-444,60042-01-01-01,NS,0.9221825516240446,0.07781744837595539,forest,loso
4u_1735_444,4U 1735-444,91025-01-01-09,NS,0.937408828014219,0.06259117198578101,forest,loso
4u_1735_444,4U 1735-444,91025-01-04-01,NS,0.9387682811833473,0.06123171881665268,forest,loso
4u_1735_444,4U 1735-444,91025-01-04-06,NS,0.7608095465395752,0.23919045346042478,forest,loso
4u_1735_444,4U 1735-444,91025-01-05-06,NS,0.9431730048389564,0.056826995161043614,forest,loso
4u_1735_444,4U 1735-444,91025-01-06-05,NS,0.9138961271732802,0.08610387282671983,forest,loso
4u_1735_444,4U 1735-444,91025-01-08-04,NS,0.9247817396438061,0.07521826035619394,forest,loso
4u_1735_444,4U 1735-444,91025-01-08-05,NS,0.9247817396438061,0.07521826035619394,forest,loso
4u_1735_444,4U 1735-444,91025-01-09-01,NS,0.9243565666334255,0.07564343336657453,forest,loso
4u_1735_444,4U 1735-444,91025-01-09-07,NS,0.9407887234324761,0.059211276567523896,forest,loso
4u_1735_444,4U 1735-444,91025-01-09-18,NS,0.9507784300243033,0.04922156997569671,forest,loso
4u_1735_444,4U 1735-444,91025-01-10-01,NS,0.9480178427854551,0.05198215721454491,forest,loso
4u_1735_444,4U 1735-444,91025-01-11-10,NS,0.9494012435501749,0.050598756449825144,forest,loso
4u_1735_444,4U 1735-444,91025-01-12-00,NS,0.9466760792857969,0.05332392071420311,forest,loso
4u_1735_444,4U 1735-444,91025-01-13-10,NS,0.9414478150380508,0.05855218496194925,forest,loso
4u_1735_444,4U 1735-444,91025-01-16-09,NS,0.9193593626908805,0.08064063730911952,forest,loso
4u_1735_444,4U 1735-444,91152-06-01-10,NS,0.9334429949096201,0.06655700509037987,forest,loso
4u_1735_444,4U 1735-444,91152-06-02-00,NS,0.9236562603454973,0.0763437396545027,forest,loso
4u_1735_444,4U 1735-444,93200-01-01-04,NS,0.9047539117020349,0.0952460882979651,forest,loso
4u_1735_444,4U 1735-444,96325-01-01-03,NS,0.9206751126690261,0.07932488733097387,forest,loso
4u_1735_444,4U 1735-444,96331-01-01-00,NS,0.927802073463134,0.07219792653686596,forest,loso
4u_1735_444,4U 1735-444,96331-01-03-02,NS,0.9138665001885748,0.08613349981142515,forest,loso
4u_1746_37,4U 1746-37,70050-01-01-00,NS,0.8875934678862316,0.11240653211376839,forest,loso
4u_1746_37,4U 1746-37,70050-01-01-01,NS,0.8924374171711258,0.10756258282887421,forest,loso
4u_1746_37,4U 1746-37,70050-01-01-03,NS,0.8911022076651846,0.10889779233481545,forest,loso
4u_1746_37,4U 1746-37,70050-01-01-04,NS,0.8875934678862316,0.11240653211376839,forest,loso
4u_1746_37,4U 1746-37,70050-01-01-05,NS,0.8911022076651846,0.10889779233481545,forest,loso
4u_1746_37,4U 1746-37,70050-01-01-06,NS,0.8911022076651846,0.10889779233481545,forest,loso
4u_1746_37,4U 1746-37,70050-01-01-07,NS,0.8911022076651846,0.10889779233481545,forest,loso
4u_1746_37,4U 1746-37,70050-01-01-08,NS,0.8924374171711258,0.10756258282887421,forest,loso
4u_1746_37,4U 1746-37,70050-01-01-09,NS,0.8875934678862316,0.11240653211376839,forest,loso
4u_1746_37,4U 1746-37,70050-01-01-10,NS,0.8924374171711258,0.10756258282887421,forest,loso
4u_1746_37,4U 1746-37,90044-01-01-00,NS,0.8911022076651846,0.10889779233481545,forest,loso
4u_1746_37,4U 1746-37,90044-01-01-01,NS,0.8911022076651846,0.10889779233481545,forest,loso
4u_1746_37,4U 1746-37,90044-01-02-00,NS,0.8911022076651846,0.10889779233481545,forest,loso
4u_1746_37,4U 1746-37,90044-01-02-01,NS,0.8924374171711258,0.10756258282887421,forest,loso
4u_1746_37,4U 1746-37,90044-01-03-00,NS,0.8875934678862316,0.11240653211376839,forest,loso
4u_1746_37,4U 1746-37,90044-01-04-00,NS,0.8672866927361329,0.1327133072638671,forest,loso
4u_1746_37,4U 1746-37,91037-15-01-00,NS,0.7734649547093342,0.22653504529066582,forest,loso
aql_x_1,Aql X-1,20092-01-02-02,NS,0.9420951670918165,0.05790483290818349,forest,loso
aql_x_1,Aql X-1,20092-01-04-00,NS,0.9420951670918165,0.05790483290818349,forest,loso
aql_x_1,Aql X-1,20098-03-01-00,NS,0.9557365813501764,0.04426341864982364,forest,loso
aql_x_1,Aql X-1,30073-05-01-00,NS,0.9617251506513063,0.03827484934869374,forest,loso
aql_x_1,Aql X-1,30188-03-02-00,NS,0.9581669295233197,0.04183307047668028,forest,loso
aql_x_1,Aql X-1,40033-10-02-07,NS,0.8548681562283937,0.14513184377160626,forest,loso
aql_x_1,Aql X-1,40047-03-03-00,NS,0.9324869845366572,0.06751301546334276,forest,loso
aql_x_1,Aql X-1,40432-01-04-00,NS,0.5674755680154021,0.4325244319845979,forest,loso
aql_x_1,Aql X-1,50049-01-05-01,NS,0.8538104126700358,0.14618958732996423,forest,loso
aql_x_1,Aql X-1,50049-02-08-03,NS,0.9443255832473594,0.05567441675264062,forest,loso
aql_x_1,Aql X-1,50049-02-15-04,NS,0.942930397415906,0.05706960258409399,forest,loso
aql_x_1,Aql X-1,60054-02-01-04,NS,0.6561151508617011,0.34388484913829886,forest,loso
aql_x_1,Aql X-1,70069-03-02-03,NS,0.9412128141506403,0.05878718584935971,forest,loso
aql_x_1,Aql X-1,70069-03-04-08,NS,0.8657089268234608,0.1342910731765392,forest,loso
aql_x_1,Aql X-1,90017-01-07-00,NS,0.5509215675855493,0.44907843241445067,forest,loso
aql_x_1,Aql X-1,90403-01-01-00,NS,0.8545300164242144,0.14546998357578556,forest,loso
aql_x_1,Aql X-1,91028-01-01-00,NS,0.5463959611963055,0.4536040388036945,forest,loso
aql_x_1,Aql X-1,91028-01-22-00,NS,0.7717993074985062,0.22820069250149377,forest,loso
aql_x_1,Aql X-1,91414-01-09-07,NS,0.8527338376561405,0.14726616234385947,forest,loso
aql_x_1,Aql X-1,92034-01-05-06,NS,0.649770342810904,0.35022965718909604,forest,loso
aql_x_1,Aql X-1,93076-01-09-00,NS,0.7749998232604459,0.22500017673955408,forest,loso
aql_x_1,Aql X-1,93405-01-01-01,NS,0.7552408092368403,0.24475919076315966,forest,loso
aql_x_1,Aql X-1,93405-01-05-02,NS,0.7283395952248529,0.2716604047751471,forest,loso
aql_x_1,Aql X-1,94076-01-04-07,NS,0.8523198256373267,0.14768017436267333,forest,loso
aql_x_1,Aql X-1,94441-01-01-02,NS,0.942930397415906,0.05706960258409399,forest,loso
aql_x_1,Aql X-1,95413-01-06-01,NS,0.3427836214803677,0.6572163785196323,forest,loso
aql_x_1,Aql X-1,96440-01-02-00,NS,0.8196775661266181,0.18032243387338187,forest,loso
aql_x_1,Aql X-1,96440-01-05-04,NS,0.828418017329588,0.17158198267041203,forest,loso
aql_x_1,Aql X-1,96440-01-08-06,NS,0.919404490357376,0.08059550964262396,forest,loso
cyg_x_2,Cyg X-2,20053-04-01-01,NS,0.9064068014214834,0.09359319857851656,forest,loso
cyg_x_2,Cyg X-2,30046-01-03-00,NS,0.7849372736163082,0.21506272638369184,forest,loso
cyg_x_2,Cyg X-2,40017-02-02-02,NS,0.8302508908466477,0.16974910915335228,forest,loso
cyg_x_2,Cyg X-2,40017-02-12-00,NS,0.8515674599262862,0.14843254007371376,forest,loso
cyg_x_2,Cyg X-2,40017-02-16-06,NS,0.8256948811078533,0.17430511889214673,forest,loso
cyg_x_2,Cyg X-2,40019-04-04-00,NS,0.908094857562563,0.09190514243743697,forest,loso
cyg_x_2,Cyg X-2,60417-01-01-00,NS,0.9217675133794624,0.07823248662053761,forest,loso
cyg_x_2,Cyg X-2,70014-02-02-00,NS,0.5537402491023586,0.44625975089764136,forest,loso
cyg_x_2,Cyg X-2,70018-03-03-00,NS,0.8343514424525756,0.16564855754742436,forest,loso
cyg_x_2,Cyg X-2,90030-01-03-10,NS,0.9164273611693804,0.0835726388306196,forest,loso
cyg_x_2,Cyg X-2,90030-01-08-00,NS,0.7710648309990961,0.22893516900090394,forest,loso
cyg_x_2,Cyg X-2,90030-01-24-00,NS,0.8595838731417065,0.14041612685829352,forest,loso
cyg_x_2,Cyg X-2,90030-01-41-00,NS,0.9139168351033178,0.08608316489668222,forest,loso
cyg_x_2,Cyg X-2,90030-01-53-00,NS,0.6469466503172535,0.3530533496827465,forest,loso
cyg_x_2,Cyg X-2,90030-01-67-00,NS,0.9211489223307322,0.0788510776692678,forest,loso
cyg_x_2,Cyg X-2,90030-01-81-00,NS,0.8149777346481553,0.18502226535184474,forest,loso
cyg_x_2,Cyg X-2,90030-01-95-00,NS,0.8177557744451641,0.18224422555483588,forest,loso
cyg_x_2,Cyg X-2,91009-01-06-00,NS,0.8288898030661617,0.17111019693383833,forest,loso
cyg_x_2,Cyg X-2,91009-01-24-00,NS,0.8834675738733887,0.1165324261266113,forest,loso
cyg_x_2,Cyg X-2,91009-01-38-00,NS,0.9342302157679678,0.06576978423203217,forest,loso
cyg_x_2,Cyg X-2,91010-01-01-05,NS,0.9121791070995603,0.0878208929004397,forest,loso
cyg_x_2,Cyg X-2,92038-01-05-01,NS,0.9202644421185237,0.07973555788147635,forest,loso
cyg_x_2,Cyg X-2,92038-01-10-02,NS,0.8496909968928782,0.1503090031071218,forest,loso
cyg_x_2,Cyg X-2,92039-01-02-03,NS,0.8669912027361424,0.13300879726385761,forest,loso
cyg_x_2,Cyg X-2,93082-02-04-02,NS,0.9339426951522449,0.06605730484775507,forest,loso
cyg_x_2,Cyg X-2,93443-01-01-13,NS,0.9149716690172711,0.08502833098272888,forest,loso
cyg_x_2,Cyg X-2,95345-01-32-00,NS,0.8553692514079632,0.14463074859203684,forest,loso
cyg_x_2,Cyg X-2,95345-01-42-00,NS,0.8718691579226134,0.12813084207738656,forest,loso
gs_1354_64,GS 1354-64,20431-01-03-00,BH,0.05330868907609777,0.9466913109239022,forest,loso
gs_1354_64,GS 1354-64,20431-01-04-00,BH,0.09343716708324828,0.9065628329167517,forest,loso
gs_1354_64,GS 1354-64,20431-01-05-00,BH,0.2561133236515092,0.7438866763484908,forest,loso
gs_1354_64,GS 1354-64,30401-01-01-00,BH,0.7601427178256198,0.23985728217438018,forest,loso
gs_1354_64,GS 1354-64,30401-01-02-00,BH,0.7592098576366788,0.2407901423633212,forest,loso
gs_1354_64,GS 1354-64,30401-01-03-00,BH,0.7541748226016439,0.24582517739835608,forest,loso
gs_1354_64,GS 1354-64,30401-01-04-00,BH,0.6908162589370592,0.3091837410629408,forest,loso
gx_339_4,GX 339-4,10420-01-01-00,BH,0.16316837033575218,0.8368316296642478,forest,loso
gx_339_4,GX 339-4,40031-03-03-00,BH,0.7825892168794149,0.21741078312058515,forest,loso
gx_339_4,GX 339-4,40108-01-04-00,BH,0.55845386357666,0.44154613642333995,forest,loso
gx_339_4,GX 339-4,60705-01-56-00,BH,0.8178004430116254,0.18219955698837464,forest,loso
gx_339_4,GX 339-4,60705-01-69-00,BH,0.41967740560093497,0.5803225943990651,forest,loso
gx_339_4,GX 339-4,60705-01-80-00,BH,0.7053691326019519,0.2946308673980481,forest,loso
gx_339_4,GX 339-4,70109-01-28-00,BH,0.5083158477348487,0.4916841522651513,forest,loso
gx_339_4,GX 339-4,80102-04-57-01,BH,0.7520266106273721,0.24797338937262792,forest,loso
gx_339_4,GX 339-4,80132-01-15-00,BH,0.07519388911741853,0.9248061108825815,forest,loso
gx_339_4,GX 339-4,90019-01-02-00,BH,0.5596269418278242,0.44037305817217576,forest,loso
gx_339_4,GX 339-4,91105-04-08-00,BH,0.7272337637955023,0.2727662362044977,forest,loso
gx_339_4,GX 339-4,92035-01-02-06,BH,0.0339228255404726,0.9660771744595273,forest,loso
gx_339_4,GX 339-4,92085-02-01-00,BH,0.8749443144067314,0.12505568559326863,forest,loso
gx_339_4,GX 339-4,92704-03-11-00,BH,0.8932078046734192,0.1067921953265808,forest,loso
gx_339_4,GX 339-4,92704-03-32-00,BH,0.7478171968058738,0.2521828031941262,forest,loso
gx_339_4,GX 339-4,93076-08-02-00,BH,0.7995706229504843,0.2004293770495157,forest,loso
gx_339_4,GX 339-4,93409-01-04-01,BH,0.525694359195028,0.47430564080497195,forest,loso
gx_339_4,GX 339-4,95409-01-07-01,BH,0.08069388911741854,0.9193061108825815,forest,loso
gx_339_4,GX 339-4,95409-01-15-01,BH,0.03384803921568627,0.9661519607843138,forest,loso
gx_339_4,GX 339-4,95409-01-21-00,BH,0.4944721281720904,0.5055278718279096,forest,loso
gx_339_4,GX 339-4,95409-01-38-01,BH,0.49167562869472675,0.5083243713052732,forest,loso
gx_339_4,GX 339-4,96409-01-02-03,BH,0.7826740837081969,0.2173259162918031,forest,loso
hete_j1900_1_2455,HETE J1900.1-2455,91015-01-01-00,NS,0.832158236207043,0.167841763792957,forest,loso
hete_j1900_1_2455,HETE J1900.1-2455,91015-01-04-07,NS,0.7217729129333977,0.27822708706660226,forest,loso
hete_j1900_1_2455,HETE J1900.1-2455,91015-01-07-01,NS,0.8435476737034868,0.15645232629651318,forest,loso
hete_j1900_1_2455,HETE J1900.1-2455,91057-01-03-01,NS,0.7308759720871949,0.2691240279128051,forest,loso
hete_j1900_1_2455,HETE J1900.1-2455,91057-01-05-04,NS,0.8370687424782325,0.16293125752176751,forest,loso
hete_j1900_1_2455,HETE J1900.1-2455,91057-01-08-00,NS,0.7394484060763932,0.26055159392360683,forest,loso
hete_j1900_1_2455,HETE J1900.1-2455,91057-01-11-00,NS,0.8393520294405654,0.16064797055943458,forest,loso
hete_j1900_1_2455,HETE J1900.1-2455,91059-03-03-00,NS,0.8283383781696639,0.17166162183033606,forest,loso
hete_j1900_1_2455,HETE J1900.1-2455,92049-01-04-00,NS,0.7200493873054981,0.27995061269450194,forest,loso
hete_j1900_1_2455,HETE J1900.1-2455,92049-01-14-00,NS,0.8490854548546396,0.1509145451453604,forest,loso
hete_j1900_1_2455,HETE J1900.1-2455,92049-01-26-00,NS,0.7740568476338845,0.2259431523661155,forest,loso
hete_j1900_1_2455,HETE J1900.1-2455,92049-01-37-00,NS,0.7848709431592233,0.21512905684077666,forest,loso
hete_j1900_1_2455,HETE J1900.1-2455,92049-01-49-00,NS,0.9010759512274039,0.09892404877259608,forest,loso
hete_j1900_1_2455,HETE J1900.1-2455,93030-01-03-00,NS,0.7573502161812071,0.24264978381879287,forest,loso
hete_j1900_1_2455,HETE J1900.1-2455,93030-01-15-00,NS,0.41975375236994206,0.5802462476300579,forest,loso
hete_j1900_1_2455,HETE J1900.1-2455,93030-01-25-01,NS,0.6043933558286542,0.39560664417134583,forest,loso
hete_j1900_1_2455,HETE J1900.1-2455,93030-01-37-00,NS,0.836791660154888,0.16320833984511196,forest,loso
hete_j1900_1_2455,HETE J1900.1-2455,93030-01-48-00,NS,0.8222880204430387,0.17771197955696127,forest,loso
hete_j1900_1_2455,HETE J1900.1-2455,93451-01-01-00,NS,0.7291494538593004,0.2708505461406996,forest,loso
hete_j1900_1_2455,HETE J1900.1-2455,94030-01-04-00,NS,0.9160629457655685,0.08393705423443154,forest,loso
hete_j1900_1_2455,HETE J1900.1-2455,94030-01-12-00,NS,0.8972866929857575,0.10271330701424253,forest,loso
hete_j1900_1_2455,HETE J1900.1-2455,94030-01-24-00,NS,0.7358530827852181,0.2641469172147819,forest,loso
hete_j1900_1_2455,HETE J1900.1-2455,94030-01-37-00,NS,0.7808049307296417,0.21919506927035826,forest,loso
hete_j1900_1_2455,HETE J1900.1-2455,95030-01-05-00,NS,0.9068735415888498,0.09312645841115019,forest,loso
hete_j1900_1_2455,HETE J1900.1-2455,95030-01-16-00,NS,0.7922128934781014,0.20778710652189858,forest,loso
hete_j1900_1_2455,HETE J1900.1-2455,95030-01-27-00,NS,0.8392365968111513,0.16076340318884874,forest,loso
hete_j1900_1_2455,HETE J1900.1-2455,95030-01-40-00,NS,0.786779763108008,0.213220236891992,forest,loso
hete_j1900_1_2455,HETE J1900.1-2455,96030-01-07-00,NS,0.7721651198124887,0.2278348801875113,forest,loso
hete_j1900_1_2455,HETE J1900.1-2455,96030-01-20-00,NS,0.7904161267443716,0.20958387325562844,forest,loso
hete_j1900_1_2455,HETE J1900.1-2455,96030-01-32-00,NS,0.7871081377636554,0.2128918622363446,forest,loso
igr_j00291_5934,IGR J00291+5934,90052-03-01-00,NS,0.4174146181056186,0.5825853818943814,forest,loso
igr_j00291_5934,IGR J00291+5934,90425-01-01-13,NS,0.8047463101705428,0.19525368982945723,forest,loso
igr_j00291_5934,IGR J00291+5934,90425-01-02-14,NS,0.6813104140388059,0.3186895859611941,forest,loso
igr_j00291_5934,IGR J00291+5934,93013-07-06-02,NS,0.7054362285355466,0.29456377146445345,forest,loso
igr_j00291_5934,IGR J00291+5934,93013-07-18-00,NS,0.8268673578189976,0.17313264218100244,forest,loso
ks_1731_260,KS 1731-260,10416-01-01-00,NS,0.9576346427025446,0.042365357297455386,forest,loso
ks_1731_260,KS 1731-260,10416-01-03-00,NS,0.9523433711303986,0.047656628869601425,forest,loso
ks_1731_260,KS 1731-260,30061-01-01-00,NS,0.9592132500193535,0.040786749980646464,forest,loso
ks_1731_260,KS 1731-260,30061-01-01-02,NS,0.9592132500193535,0.040786749980646464,forest,loso
ks_1731_260,KS 1731-260,30061-01-01-04,NS,0.9592132500193535,0.040786749980646464,forest,loso
ks_1731_260,KS 1731-260,30061-01-02-01,NS,0.6261147986686041,0.3738852013313959,forest,loso
ks_1731_260,KS 1731-260,30061-01-02-03,NS,0.6585999222124346,0.3414000777875654,forest,loso
ks_1731_260,KS 1731-260,30061-01-02-06,NS,0.6751907906794721,0.3248092093205279,forest,loso
ks_1731_260,KS 1731-260,30061-01-03-00,NS,0.9399348390568167,0.06006516094318326,forest,loso
ks_1731_260,KS 1731-260,30061-01-03-01,NS,0.9526111187095054,0.04738888129049457,forest,loso
ks_1731_260,KS 1731-260,30061-01-04-00,NS,0.9592132500193535,0.040786749980646464,forest,loso
ks_1731_260,KS 1731-260,30061-01-04-02,NS,0.9592132500193535,0.040786749980646464,forest,loso
ks_1731_260,KS 1731-260,50031-02-01-01,NS,0.7682696729808767,0.23173032701912333,forest,loso
ks_1731_260,KS 1731-260,50031-02-01-03,NS,0.803736629196791,0.196263370803209,forest,loso
ks_1731_260,KS 1731-260,50031-02-01-05,NS,0.8237792357130818,0.17622076428691824,forest,loso
ks_1731_260,KS 1731-260,50031-02-01-09,NS,0.8358441522095374,0.16415584779046255,forest,loso
ks_1731_260,KS 1731-260,50031-02-01-11,NS,0.8215783065609331,0.1784216934390669,forest,loso
ks_1731_260,KS 1731-260,50031-02-02-02,NS,0.7170478239042111,0.28295217609578893,forest,loso
ks_1731_260,KS 1731-260,50031-02-02-04,NS,0.7119850533414404,0.28801494665855965,forest,loso
ks_1731_260,KS 1731-260,50031-02-02-06,NS,0.7241437835001705,0.2758562164998295,forest,loso
ks_1731_260,KS 1731-260,50031-02-02-07,NS,0.6449816276281081,0.35501837237189193,forest,loso
ks_1731_260,KS 1731-260,50031-02-03-00,NS,0.7276850376902831,0.27231496230971686,forest,loso
ks_1731_260,KS 1731-260,50031-02-03-06,NS,0.7126342173525111,0.2873657826474889,forest,loso
ks_1731_260,KS 1731-260,50031-02-03-07,NS,0.69192241048293,0.30807758951707,forest,loso
ks_1731_260,KS 1731-260,50031-02-03-08,NS,0.7311749338146433,0.26882506618535673,forest,loso
mxb_1658_298,MXB 1658-298,40050-04-05-00,NS,0.9055922205567488,0.09440777944325118,forest,loso
mxb_1658_298,MXB 1658-298,40050-04-05-02,NS,0.9066182140101436,0.09338178598985636,forest,loso
mxb_1658_298,MXB 1658-298,40414-01-01-00,NS,0.8980268361531977,0.10197316384680233,forest,loso
mxb_1658_298,MXB 1658-298,40414-01-02-00,NS,0.8019934860339799,0.1980065139660201,forest,loso
mxb_1658_298,MXB 1658-298,40414-01-04-00,NS,0.6515277385243184,0.34847226147568156,forest,loso
mxb_1658_298,MXB 1658-298,40414-01-06-00,NS,0.75593379376656,0.24406620623344,forest,loso
mxb_1658_298,MXB 1658-298,40414-01-08-00,NS,0.7403497139003847,0.25965028609961527,forest,loso
mxb_1658_298,MXB 1658-298,40414-01-14-00,NS,0.7349928208154874,0.26500717918451255,forest,loso
mxb_1658_298,MXB 1658-298,40414-01-15-00,NS,0.7093980727372768,0.29060192726272316,forest,loso
mxb_1658_298,MXB 1658-298,50410-01-02-00,NS,0.7177101050898779,0.28228989491012213,forest,loso
mxb_1658_298,MXB 1658-298,50410-01-03-00,NS,0.8280003866061388,0.17199961339386116,forest,loso
mxb_1658_298,MXB 1658-298,50410-01-05-00,NS,0.7625980721394398,0.23740192786056025,forest,loso
mxb_1658_298,MXB 1658-298,50410-01-07-00,NS,0.6927686607535186,0.3072313392464814,forest,loso
mxb_1658_298,MXB 1658-298,50410-01-09-00,NS,0.6999135249337606,0.3000864750662394,forest,loso
mxb_1658_298,MXB 1658-298,60048-01-02-00,NS,0.7312372233626698,0.26876277663733017,forest,loso
mxb_1658_298,MXB 1658-298,60048-01-04-00,NS,0.7150316220841333,0.2849683779158667,forest,loso
mxb_1658_298,MXB 1658-298,60048-01-05-00,NS,0.8215548702085126,0.1784451297914874,forest,loso
mxb_1658_298,MXB 1658-298,60048-02-01-00,NS,0.8980268361531977,0.10197316384680233,forest,loso
mxb_1658_298,MXB 1658-298,60048-02-03-00,NS,0.7793262582421387,0.22067374175786125,forest,loso
mxb_1658_298,MXB 1658-298,60048-02-05-00,NS,0.7641392027891202,0.23586079721087982,forest,loso
mxb_1658_298,MXB 1658-298,60048-03-02-00,NS,0.8978749024515402,0.10212509754845978,forest,loso
mxb_1658_298,MXB 1658-298,60048-03-03-00,NS,0.8960738271827229,0.10392617281727712,forest,loso
mxb_1658_298,MXB 1658-298,60048-03-05-00,NS,0.8960738271827229,0.10392617281727712,forest,loso
mxb_1658_298,MXB 1658-298,60048-04-02-00,NS,0.7441205261686693,0.2558794738313307,forest,loso
mxb_1658_298,MXB 1658-298,60419-01-01-00,NS,0.5535339402563555,0.4464660597436445,forest,loso
sax_j1750_8_2900,SAX J1750.8-2900,60035-01-02-01,NS,0.7572611278029234,0.24273887219707657,forest,loso
sax_j1750_8_2900,SAX J1750.8-2900,60084-03-01-02,NS,0.9279235914484356,0.07207640855156439,forest,loso
sax_j1750_8_2900,SAX J1750.8-2900,60084-03-02-00,NS,0.9480794480561536,0.05192055194384637,forest,loso
sax_j1750_8_2900,SAX J1750.8-2900,60117-01-01-00,NS,0.8121864377907206,0.18781356220927936,forest,loso
sax_j1750_8_2900,SAX J1750.8-2900,93044-08-02-00,NS,0.8692370943837443,0.1307629056162557,forest,loso
sax_j1750_8_2900,SAX J1750.8-2900,93044-08-05-00,NS,0.9319963780897065,0.06800362191029352,forest,loso
sax_j1750_8_2900,SAX J1750.8-2900,93044-08-08-01,NS,0.71824798949603,0.28175201050397003,forest,loso
sax_j1750_8_2900,SAX J1750.8-2900,93432-01-01-01,NS,0.8704444328609141,0.1295555671390859,forest,loso
sax_j1750_8_2900,SAX J1750.8-2900,93432-01-02-00,NS,0.8422200290100755,0.15777997098992447,forest,loso
sax_j1750_8_2900,SAX J1750.8-2900,93432-01-02-05,NS,0.8135155171776408,0.1864844828223592,forest,loso
sax_j1750_8_2900,SAX J1750.8-2900,93432-01-03-01,NS,0.8427430649437245,0.15725693505627547,forest,loso
sax_j1750_8_2900,SAX J1750.8-2900,93432-01-03-05,NS,0.8296421397903271,0.17035786020967292,forest,loso
sax_j1750_8_2900,SAX J1750.8-2900,93432-01-04-02,NS,0.6514345482950743,0.3485654517049257,forest,loso
sax_j1750_8_2900,SAX J1750.8-2900,93432-01-05-02,NS,0.7895741957257145,0.21042580427428548,forest,loso
sax_j1750_8_2900,SAX J1750.8-2900,93432-01-06-00,NS,0.8776074590066645,0.12239254099333552,forest,loso
sax_j1750_8_2900,SAX J1750.8-2900,93432-01-06-03,NS,0.9073644060718568,0.09263559392814325,forest,loso
sax_j1750_8_2900,SAX J1750.8-2900,93432-01-07-00,NS,0.9159633114112934,0.08403668858870661,forest,loso
sax_j1750_8_2900,SAX J1750.8-2900,93432-01-07-04,NS,0.9434867003364501,0.0565132996635499,forest,loso
sax_j1750_8_2900,SAX J1750.8-2900,93432-01-08-01,NS,0.944763562085319,0.055236437914681025,forest,loso
sax_j1750_8_2900,SAX J1750.8-2900,93432-01-09-03,NS,0.9535431968697492,0.0464568031302508,forest,loso
sax_j1750_8_2900,SAX J1750.8-2900,93432-01-10-01,NS,0.9447614510097274,0.055238548990272585,forest,loso
sax_j1750_8_2900,SAX J1750.8-2900,93432-01-10-04,NS,0.9447253367000864,0.055274663299913596,forest,loso
sax_j1750_8_2900,SAX J1750.8-2900,93432-01-11-02,NS,0.9408654123096256,0.059134587690374385,forest,loso
sax_j1750_8_2900,SAX J1750.8-2900,93432-01-11-03,NS,0.952105827925924,0.04789417207407598,forest,loso
sax_j1750_8_2900,SAX J1750.8-2900,93432-01-12-02,NS,0.9322145980161749,0.0677854019838251,forest,loso
sax_j1750_8_2900,SAX J1750.8-2900,93432-01-13-02,NS,0.9075282586923737,0.09247174130762625,forest,loso
sax_j1750_8_2900,SAX J1750.8-2900,93432-01-14-01,NS,0.8611195524269293,0.13888044757307072,forest,loso
sax_j1750_8_2900,SAX J1750.8-2900,93432-01-14-03,NS,0.8527458471654309,0.1472541528345691,forest,loso
sax_j1750_8_2900,SAX J1750.8-2900,93432-01-15-00,NS,0.8494703946662415,0.15052960533375848,forest,loso
sax_j1750_8_2900,SAX J1750.8-2900,93432-01-16-00,NS,0.8845409027856905,0.11545909721430947,forest,loso
sax_j1750_8_2900,SAX J1750.8-2900,93432-01-16-04,NS,0.8612345173713308,0.13876548262866917,forest,loso
sax_j1750_8_2900,SAX J1750.8-2900,93432-01-17-02,NS,0.8208982456803389,0.17910175431966113,forest,loso
sax_j1806_5_2215,SAX J1806.5-2215,96085-04-01-00,NS,0.7618798126944829,0.2381201873055171,forest,loso
sax_j1806_5_2215,SAX J1806.5-2215,96085-04-02-01,NS,0.7617923008654118,0.23820769913458817,forest,loso
sax_j1806_5_2215,SAX J1806.5-2215,96085-04-03-00,NS,0.8510146899547515,0.1489853100452485,forest,loso
sax_j1806_5_2215,SAX J1806.5-2215,96085-04-03-02,NS,0.8573287828543651,0.1426712171456349,forest,loso
sax_j1806_5_2215,SAX J1806.5-2215,96085-04-03-03,NS,0.846822556209675,0.15317744379032505,forest,loso
sax_j1806_5_2215,SAX J1806.5-2215,96085-04-04-00,NS,0.8605667495136948,0.13943325048630517,forest,loso
sax_j1806_5_2215,SAX J1806.5-2215,96085-04-04-01,NS,0.8605667495136948,0.13943325048630517,forest,loso
sax_j1806_5_2215,SAX J1806.5-2215,96085-04-04-03,NS,0.8647448317054754,0.13525516829452455,forest,loso
sax_j1806_5_2215,SAX J1806.5-2215,96085-04-05-00,NS,0.8769904647382831,0.12300953526171687,forest,loso
sax_j1806_5_2215,SAX J1806.5-2215,96085-04-05-03,NS,0.8760280917181491,0.1239719082818509,forest,loso
sax_j1806_5_2215,SAX J1806.5-2215,96085-04-06-00,NS,0.8941468287802694,0.10585317121973059,forest,loso
sax_j1806_5_2215,SAX J1806.5-2215,96085-04-06-01,NS,0.8866232087061668,0.11337679129383316,forest,loso
sax_j1806_5_2215,SAX J1806.5-2215,96085-04-08-00,NS,0.9009523420344585,0.09904765796554149,forest,loso
sax_j1806_5_2215,SAX J1806.5-2215,96085-04-09-00,NS,0.9084370540162742,0.09156294598372583,forest,loso
sax_j1806_5_2215,SAX J1806.5-2215,96085-04-09-01,NS,0.8730624349751303,0.12693756502486975,forest,loso
sax_j1806_5_2215,SAX J1806.5-2215,96085-04-10-01,NS,0.8686778250263505,0.1313221749736495,forest,loso
sax_j1806_5_2215,SAX J1806.5-2215,96085-04-11-00,NS,0.8876934062457916,0.11230659375420837,forest,loso
sax_j1806_5_2215,SAX J1806.5-2215,96085-04-12-01,NS,0.7465861276898538,0.2534138723101462,forest,loso
sax_j1806_5_2215,SAX J1806.5-2215,96085-04-13-00,NS,0.9069851059643262,0.09301489403567376,forest,loso
sax_j1806_5_2215,SAX J1806.5-2215,96085-04-15-00,NS,0.8415596669730142,0.1584403330269858,forest,loso
sax_j1806_5_2215,SAX J1806.5-2215,96085-04-16-00,NS,0.8482275400835401,0.15177245991645993,forest,loso
sax_j1806_5_2215,SAX J1806.5-2215,96085-04-17-00,NS,0.8793260518949334,0.1206739481050666,forest,loso
sax_j1806_5_2215,SAX J1806.5-2215,96085-04-19-00,NS,0.8578858939684941,0.14211410603150587,forest,loso
sax_j1806_5_2215,SAX J1806.5-2215,96085-04-20-00,NS,0.752629201090087,0.24737079890991298,forest,loso
sax_j1806_5_2215,SAX J1806.5-2215,96085-04-23-00,NS,0.8992892752176561,0.10071072478234389,forest,loso
sax_j1806_5_2215,SAX J1806.5-2215,96085-04-25-00,NS,0.9189751274380815,0.08102487256191848,forest,loso
sax_j1806_5_2215,SAX J1806.5-2215,96085-04-26-00,NS,0.9310173097392798,0.06898269026072024,forest,loso
sax_j1806_5_2215,SAX J1806.5-2215,96085-04-28-00,NS,0.9009523420344585,0.09904765796554149,forest,loso
sax_j1806_5_2215,SAX J1806.5-2215,96085-04-29-00,NS,0.8653287795411028,0.13467122045889723,forest,loso
sax_j1806_5_2215,SAX J1806.5-2215,96085-04-30-00,NS,0.8444794061549807,0.15552059384501926,forest,loso
sax_j1806_5_2215,SAX J1806.5-2215,96085-04-31-00,NS,0.8590851479150778,0.14091485208492216,forest,loso
sax_j1806_5_2215,SAX J1806.5-2215,96085-04-33-00,NS,0.879397682361424,0.12060231763857598,forest,loso
sax_j1808_4_3658,SAX J1808.4-3658,70080-01-02-03,NS,0.7262248748171533,0.27377512518284675,forest,loso
sax_j1808_4_3658,SAX J1808.4-3658,70080-01-02-13,NS,0.780527795798032,0.219472204201968,forest,loso
sax_j1808_4_3658,SAX J1808.4-3658,70080-01-03-12,NS,0.7791616847126345,0.22083831528736553,forest,loso
sax_j1808_4_3658,SAX J1808.4-3658,70080-02-02-35,NS,0.6906489937270842,0.3093510062729158,forest,loso
sax_j1808_4_3658,SAX J1808.4-3658,70080-02-02-36,NS,0.7579741584579252,0.24202584154207485,forest,loso
sax_j1808_4_3658,SAX J1808.4-3658,70080-03-06-00,NS,0.770927589830474,0.22907241016952595,forest,loso
sax_j1808_4_3658,SAX J1808.4-3658,70080-03-20-02,NS,0.64886075366834,0.35113924633166005,forest,loso
sax_j1808_4_3658,SAX J1808.4-3658,70080-03-20-10,NS,0.6238618892466914,0.3761381107533086,forest,loso
sax_j1808_4_3658,SAX J1808.4-3658,91056-01-02-01,NS,0.6171061305814804,0.38289386941851955,forest,loso
sax_j1808_4_3658,SAX J1808.4-3658,91056-01-03-09,NS,0.8612570863779254,0.13874291362207458,forest,loso
sax_j1808_4_3658,SAX J1808.4-3658,91418-01-03-01,NS,0.6656798426835134,0.33432015731648657,forest,loso
sax_j1808_4_3658,SAX J1808.4-3658,93027-01-02-00,NS,0.6320715392589803,0.3679284607410197,forest,loso
sax_j1808_4_3658,SAX J1808.4-3658,96027-01-01-00,NS,0.8103549440056245,0.18964505599437553,forest,loso
sax_j1808_4_3658,SAX J1808.4-3658,96027-01-02-07,NS,0.7592844916651985,0.2407155083348015,forest,loso
sax_j1810_8_2609,SAX J1810.8-2609,93044-02-01-00,NS,0.6314916367890222,0.3685083632109778,forest,loso
sax_j1810_8_2609,SAX J1810.8-2609,93044-02-02-00,NS,0.777158144926627,0.22284185507337295,forest,loso
sax_j1810_8_2609,SAX J1810.8-2609,93044-02-03-00,NS,0.8261642493302783,0.17383575066972168,forest,loso
sax_j1810_8_2609,SAX J1810.8-2609,93044-02-04-00,NS,0.7879882277125193,0.2120117722874807,forest,loso
sax_j1810_8_2609,SAX J1810.8-2609,93044-02-06-00,NS,0.6529073394510806,0.3470926605489194,forest,loso
sax_j1810_8_2609,SAX J1810.8-2609,93044-02-06-01,NS,0.7507886814390864,0.2492113185609136,forest,loso
sax_j1810_8_2609,SAX J1810.8-2609,93044-02-07-00,NS,0.8632678711317971,0.13673212886820285,forest,loso
sax_j1810_8_2609,SAX J1810.8-2609,93044-02-08-00,NS,0.891764532031182,0.108235467968818,forest,loso
sax_j1810_8_2609,SAX J1810.8-2609,93093-01-01-00,NS,0.7766964587885523,0.2233035412114477,forest,loso
sax_j1810_8_2609,SAX J1810.8-2609,93093-01-01-01,NS,0.7959688580521452,0.20403114194785477,forest,loso
sax_j1810_8_2609,SAX J1810.8-2609,93093-01-01-02,NS,0.7978571711661928,0.2021428288338072,forest,loso
sax_j1810_8_2609,SAX J1810.8-2609,93093-01-02-01,NS,0.7872982724386896,0.21270172756131045,forest,loso
sax_j1810_8_2609,SAX J1810.8-2609,93093-01-02-02,NS,0.8012517602606565,0.19874823973934352,forest,loso
sax_j1810_8_2609,SAX J1810.8-2609,93093-01-02-03,NS,0.7822834723703446,0.21771652762965543,forest,loso
sax_j1810_8_2609,SAX J1810.8-2609,93093-01-02-04,NS,0.7707096644667181,0.22929033553328193,forest,loso
sax_j1810_8_2609,SAX J1810.8-2609,93093-01-02-05,NS,0.8328183973717954,0.16718160262820458,forest,loso
sax_j1810_8_2609,SAX J1810.8-2609,93093-01-02-06,NS,0.7646400080656041,0.23535999193439594,forest,loso
sax_j1810_8_2609,SAX J1810.8-2609,93093-01-02-07,NS,0.7993465372174653,0.2006534627825347,forest,loso
sax_j1810_8_2609,SAX J1810.8-2609,93093-01-02-08,NS,0.8305774291784754,0.16942257082152457,forest,loso
sax_j1810_8_2609,SAX J1810.8-2609,93093-01-02-10,NS,0.8122865901074273,0.18771340989257268,forest,loso
sax_j1810_8_2609,SAX J1810.8-2609,93093-01-02-11,NS,0.7867605623540668,0.21323943764593323,forest,loso
sax_j1810_8_2609,SAX J1810.8-2609,93414-01-01-00,NS,0.717647198937588,0.282352801062412,forest,loso
sax_j1810_8_2609,SAX J1810.8-2609,93414-01-01-01,NS,0.729411287954104,0.27058871204589596,forest,loso
sax_j1810_8_2609,SAX J1810.8-2609,93414-01-01-02,NS,0.7878592240860428,0.2121407759139572,forest,loso
sax_j1810_8_2609,SAX J1810.8-2609,93414-01-01-03,NS,0.8198780382342247,0.18012196176577533,forest,loso
sax_j1810_8_2609,SAX J1810.8-2609,93414-01-04-00,NS,0.7500360254941876,0.24996397450581243,forest,loso
sax_j1810_8_2609,SAX J1810.8-2609,93414-01-04-01,NS,0.8268148265171099,0.1731851734828901,forest,loso
sax_j1810_8_2609,SAX J1810.8-2609,93414-01-04-02,NS,0.8373447999645038,0.16265520003549616,forest,loso
sax_j1810_8_2609,SAX J1810.8-2609,93414-01-04-03,NS,0.8416678029620384,0.15833219703796164,forest,loso
sax_j1810_8_2609,SAX J1810.8-2609,93414-01-05-00,NS,0.7553881477550078,0.24461185224499216,forest,loso
sax_j1810_8_2609,SAX J1810.8-2609,93414-01-05-01,NS,0.7492081998864341,0.25079180011356594,forest,loso
slx_1735_269,SLX 1735-269,20089-02-01-00,NS,0.6422296930510728,0.3577703069489272,forest,loso
slx_1735_269,SLX 1735-269,20170-03-01-00,NS,0.7344170268770336,0.2655829731229664,forest,loso
slx_1735_269,SLX 1735-269,20170-03-03-00,NS,0.6044871758826931,0.3955128241173069,forest,loso
slx_1735_269,SLX 1735-269,20170-03-06-00,NS,0.6493220469677793,0.3506779530322207,forest,loso
slx_1735_269,SLX 1735-269,20170-03-08-00,NS,0.7535204904248168,0.24647950957518316,forest,loso
slx_1735_269,SLX 1735-269,20170-03-11-00,NS,0.6579369336225094,0.3420630663774906,forest,loso
slx_1735_269,SLX 1735-269,60034-01-01-03,NS,0.6341219890833252,0.3658780109166748,forest,loso
slx_1735_269,SLX 1735-269,60034-01-01-05,NS,0.6177458322456433,0.3822541677543567,forest,loso
slx_1735_269,SLX 1735-269,60034-01-02-03,NS,0.6345377621348967,0.36546223786510335,forest,loso
slx_1735_269,SLX 1735-269,60034-01-03-00,NS,0.9193990231187393,0.08060097688126067,forest,loso
slx_1735_269,SLX 1735-269,70134-08-01-00,NS,0.743425233313276,0.25657476668672397,forest,loso
slx_1735_269,SLX 1735-269,80138-03-01-00,NS,0.8748425893659945,0.12515741063400554,forest,loso
slx_1735_269,SLX 1735-269,80138-03-04-00,NS,0.6499941707843396,0.35000582921566037,forest,loso
slx_1735_269,SLX 1735-269,80138-03-06-00,NS,0.9193990231187393,0.08060097688126067,forest,loso
slx_1735_269,SLX 1735-269,80138-03-07-02,NS,0.9174416496133688,0.08255835038663117,forest,loso
slx_1735_269,SLX 1735-269,80138-03-08-00,NS,0.7075302052474699,0.2924697947525301,forest,loso
slx_1735_269,SLX 1735-269,90058-05-01-02,NS,0.9159293841011034,0.08407061589889664,forest,loso
slx_1735_269,SLX 1735-269,90058-05-01-04,NS,0.9193990231187393,0.08060097688126067,forest,loso
slx_1735_269,SLX 1735-269,92052-02-01-00,NS,0.7162005429342032,0.2837994570657968,forest,loso
slx_1735_269,SLX 1735-269,94044-05-01-00,NS,0.7258159070567849,0.2741840929432151,forest,loso
slx_1735_269,SLX 1735-269,96429-01-02-00,NS,0.7264160019896684,0.2735839980103316,forest,loso
slx_1735_269,SLX 1735-269,96429-01-02-02,NS,0.7190825860301275,0.28091741396987246,forest,loso
slx_1735_269,SLX 1735-269,96429-01-04-00,NS,0.721765078540095,0.278234921459905,forest,loso
slx_1735_269,SLX 1735-269,96429-01-05-00,NS,0.7105826965095865,0.2894173034904135,forest,loso
slx_1735_269,SLX 1735-269,96429-01-06-02,NS,0.7167086518938571,0.28329134810614287,forest,loso
slx_1735_269,SLX 1735-269,96429-01-07-00,NS,0.6924762479307286,0.3075237520692714,forest,loso
slx_1735_269,SLX 1735-269,96429-01-08-01,NS,0.6861712266172614,0.3138287733827386,forest,loso
slx_1735_269,SLX 1735-269,96429-01-08-03,NS,0.707329258943213,0.29267074105678703,forest,loso
ser_x_1,Ser X-1,40025-03-01-00,NS,0.9422172942285951,0.057782705771404874,forest,loso
ser_x_1,Ser X-1,40025-03-01-01,NS,0.9435034682271751,0.056496531772824876,forest,loso
ser_x_1,Ser X-1,40025-03-01-02,NS,0.9491506924624502,0.05084930753754979,forest,loso
ser_x_1,Ser X-1,40025-03-02-00,NS,0.9464492225807268,0.053550777419273166,forest,loso
ser_x_1,Ser X-1,40025-03-02-01,NS,0.9491506924624502,0.05084930753754979,forest,loso
ser_x_1,Ser X-1,40426-01-01-00,NS,0.9422172942285951,0.057782705771404874,forest,loso
ser_x_1,Ser X-1,50029-35-01-00,NS,0.9477913920465011,0.05220860795349891,forest,loso
ser_x_1,Ser X-1,70014-03-01-00,NS,0.947163848825404,0.05283615117459595,forest,loso
ser_x_1,Ser X-1,70014-03-01-01,NS,0.9464492225807268,0.053550777419273166,forest,loso
ser_x_1,Ser X-1,70014-03-01-02,NS,0.9464492225807268,0.053550777419273166,forest,loso
ser_x_1,Ser X-1,70014-03-02-00,NS,0.9478493770156962,0.05215062298430384,forest,loso
ser_x_1,Ser X-1,70014-03-02-01,NS,0.9478493770156962,0.05215062298430384,forest,loso
ser_x_1,Ser X-1,70014-03-02-02,NS,0.9454070596665829,0.054592940333417106,forest,loso
ser_x_1,Ser X-1,70014-03-02-03,NS,0.9478493770156962,0.05215062298430384,forest,loso
ser_x_1,Ser X-1,70027-04-01-00,NS,0.9474985108219989,0.052501489178001126,forest,loso
ser_x_1,Ser X-1,70027-04-01-01,NS,0.9497988152179434,0.050201184782056596,forest,loso
ser_x_1,Ser X-1,70027-04-08-00,NS,0.9472493770156961,0.052750622984303885,forest,loso
v4641_sgr,V4641 Sgr,80054-08-01-00,BH,0.1077370287314325,0.8922629712685675,forest,loso
v4641_sgr,V4641 Sgr,80054-08-01-01,BH,0.035725561260444974,0.964274438739555,forest,loso
v4641_sgr,V4641 Sgr,80054-08-02-00,BH,0.6969747043360437,0.3030252956639563,forest,loso
v4641_sgr,V4641 Sgr,91422-01-01-00,BH,0.7511549518352452,0.24884504816475483,forest,loso
v4641_sgr,V4641 Sgr,95436-01-01-00,BH,0.6292379521761133,0.37076204782388666,forest,loso
xte_j1118_480,XTE J1118+480,50133-01-04-00,BH,0.7728062861707755,0.2271937138292245,forest,loso
xte_j1118_480,XTE J1118+480,50133-01-05-00,BH,0.7548516752828123,0.24514832471718773,forest,loso
xte_j1118_480,XTE J1118+480,50133-01-06-00,BH,0.7992922485040402,0.20070775149595976,forest,loso
xte_j1118_480,XTE J1118+480,50137-01-01-00,BH,0.7520696504575625,0.24793034954243753,forest,loso
xte_j1118_480,XTE J1118+480,50137-01-04-00,BH,0.8167815155552749,0.1832184844447251,forest,loso
xte_j1118_480,XTE J1118+480,50407-01-01-00,BH,0.8308894550585008,0.16911054494149924,forest,loso
xte_j1118_480,XTE J1118+480,50407-01-02-00,BH,0.8260149780710531,0.17398502192894694,forest,loso
xte_j1118_480,XTE J1118+480,50407-01-02-02,BH,0.8237225293894026,0.1762774706105974,forest,loso
xte_j1118_480,XTE J1118+480,50407-01-03-01,BH,0.821154961821835,0.178845038178165,forest,loso
xte_j1118_480,XTE J1118+480,50407-01-05-01,BH,0.8356552708986245,0.16434472910137554,forest,loso
xte_j1118_480,XTE J1118+480,50407-01-06-00,BH,0.8028059279780839,0.19719407202191608,forest,loso
xte_j1118_480,XTE J1118+480,50407-01-10-01,BH,0.7728062861707755,0.2271937138292245,forest,loso
xte_j1118_480,XTE J1118+480,50407-01-15-00,BH,0.8433345265849631,0.1566654734150369,forest,loso
xte_j1118_480,XTE J1118+480,90011-01-01-01,BH,0.8892096520014171,0.1107903479985829,forest,loso
xte_j1118_480,XTE J1118+480,90011-01-01-02,BH,0.858934298912898,0.14106570108710204,forest,loso
xte_j1118_480,XTE J1118+480,90011-01-01-05,BH,0.8834982078719706,0.11650179212802936,forest,loso
xte_j1118_480,XTE J1118+480,90011-01-01-09,BH,0.8953607112923901,0.10463928870760986,forest,loso
xte_j1118_480,XTE J1118+480,90011-01-01-13,BH,0.8968042552680204,0.10319574473197957,forest,loso
xte_j1118_480,XTE J1118+480,90111-01-02-02,BH,0.8291355280387529,0.1708644719612471,forest,loso
xte_j1118_480,XTE J1118+480,90111-01-02-06,BH,0.8352317222606552,0.16476827773934477,forest,loso
xte_j1118_480,XTE J1118+480,90111-01-02-11,BH,0.837319295911335,0.16268070408866497,forest,loso
xte_j1118_480,XTE J1118+480,90111-01-03-02,BH,0.8279397384405276,0.1720602615594724,forest,loso
xte_j1550_564,XTE J1550-564,30188-06-01-02,BH,0.01597222222222222,0.9840277777777777,forest,loso
xte_j1550_564,XTE J1550-564,30191-01-02-00,BH,0.01597222222222222,0.9840277777777777,forest,loso
xte_j1550_564,XTE J1550-564,30191-01-12-00,BH,0.01597222222222222,0.9840277777777777,forest,loso
xte_j1550_564,XTE J1550-564,30191-01-28-01,BH,0.01597222222222222,0.9840277777777777,forest,loso
xte_j1550_564,XTE J1550-564,30191-01-34-00,BH,0.01597222222222222,0.9840277777777777,forest,loso
xte_j1550_564,XTE J1550-564,30191-01-44-00,BH,0.8408939066017933,0.1591060933982067,forest,loso
xte_j1550_564,XTE J1550-564,30435-01-07-00,BH,0.5416050081430392,0.45839499185696075,forest,loso
xte_j1550_564,XTE J1550-564,30435-01-15-01,BH,0.7609039541285686,0.2390960458714314,forest,loso
xte_j1550_564,XTE J1550-564,30435-01-25-00,BH,0.8000396370638196,0.19996036293618036,forest,loso
xte_j1550_564,XTE J1550-564,40401-01-08-00,BH,0.7638849510126154,0.23611504898738456,forest,loso
xte_j1550_564,XTE J1550-564,40401-01-18-00,BH,0.027126984126984124,0.9728730158730159,forest,loso
xte_j1550_564,XTE J1550-564,40401-01-26-00,BH,0.7946907785914725,0.20530922140852748,forest,loso
xte_j1550_564,XTE J1550-564,40401-01-35-01,BH,0.7965556434563373,0.20344435654366266,forest,loso
xte_j1550_564,XTE J1550-564,40401-01-43-00,BH,0.7611763931636177,0.23882360683638226,forest,loso
xte_j1550_564,XTE J1550-564,40401-01-53-00,BH,0.01597222222222222,0.9840277777777777,forest,loso
xte_j1550_564,XTE J1550-564,40401-01-60-00,BH,0.16391141722465363,0.8360885827753464,forest,loso
xte_j1550_564,XTE J1550-564,40401-01-70-00,BH,0.8542458821244607,0.14575411787553927,forest,loso
xte_j1550_564,XTE J1550-564,40401-01-80-00,BH,0.8686811518427996,0.1313188481572004,forest,loso
xte_j1550_564,XTE J1550-564,40401-01-82-04,BH,0.879246287578736,0.12075371242126398,forest,loso
xte_j1550_564,XTE J1550-564,40401-01-96-01,BH,0.7203267867395424,0.2796732132604576,forest,loso
xte_j1550_564,XTE J1550-564,50134-01-05-00,BH,0.34761904761904766,0.6523809523809523,forest,loso
xte_j1550_564,XTE J1550-564,50134-02-04-01,BH,0.33290592499870536,0.6670940750012946,forest,loso
xte_j1550_564,XTE J1550-564,50135-01-11-00,BH,0.4507649561139984,0.5492350438860016,forest,loso
xte_j1550_564,XTE J1550-564,50137-02-04-01,BH,0.19323809523809518,0.8067619047619048,forest,loso
xte_j1550_564,XTE J1550-564,50137-02-12-00,BH,0.4238720811810974,0.5761279188189026,forest,loso
xte_j1550_564,XTE J1550-564,60428-01-09-00,BH,0.7326445832978805,0.2673554167021195,forest,loso
xte_j1550_564,XTE J1550-564,80135-01-04-01,BH,0.2778543417366946,0.7221456582633055,forest,loso
xte_j1859_226,XTE J1859+226,40122-01-01-03,BH,0.04695634920634921,0.9530436507936508,forest,loso
xte_j1859_226,XTE J1859+226,40122-01-03-01,BH,0.8077758723866282,0.19222412761337182,forest,loso
xte_j1859_226,XTE J1859+226,40124-01-11-00,BH,0.10919444444444446,0.8908055555555555,forest,loso
xte_j1859_226,XTE J1859+226,40124-01-15-03,BH,0.10700396825396825,0.8929960317460317,forest,loso
xte_j1859_226,XTE J1859+226,40124-01-20-00,BH,0.11619444444444445,0.8838055555555555,forest,loso
xte_j1859_226,XTE J1859+226,40124-01-27-00,BH,0.08786111111111111,0.9121388888888888,forest,loso
xte_j1859_226,XTE J1859+226,40124-01-30-00,BH,0.11369444444444446,0.8863055555555556,forest,loso
xte_j1859_226,XTE J1859+226,40124-01-33-00,BH,0.12202777777777779,0.8779722222222222,forest,loso
xte_j1859_226,XTE J1859+226,40124-01-35-02,BH,0.10398809523809524,0.8960119047619047,forest,loso
xte_j1859_226,XTE J1859+226,40124-01-36-00,BH,0.13036111111111112,0.8696388888888889,forest,loso
xte_j1859_226,XTE J1859+226,40124-01-38-00,BH,0.06581060606060607,0.9341893939393939,forest,loso
xte_j1859_226,XTE J1859+226,40124-01-40-01,BH,0.8490076781427492,0.15099232185725076,forest,loso
xte_j1859_226,XTE J1859+226,40124-01-46-00,BH,0.8814653856383695,0.11853461436163049,forest,loso
xte_j1859_226,XTE J1859+226,40124-01-49-00,BH,0.8919948704077559,0.10800512959224406,forest,loso
xte_j1859_226,XTE J1859+226,40124-01-51-00,BH,0.8797206175001705,0.1202793824998295,forest,loso
xte_j1859_226,XTE J1859+226,40124-01-52-02,BH,0.7122562158404524,0.2877437841595476,forest,loso
xte_j1859_226,XTE J1859+226,40124-01-55-00,BH,0.8004901035151609,0.19950989648483908,forest,loso
xte_j1859_226,XTE J1859+226,40124-01-55-03,BH,0.7172781986287678,0.28272180137123215,forest,loso
xte_j1859_226,XTE J1859+226,40124-01-57-01,BH,0.8882574988665409,0.11174250113345907,forest,loso
xte_j1859_226,XTE J1859+226,40124-01-58-03,BH,0.8283427467069159,0.17165725329308412,forest,loso
xte_j1859_226,XTE J1859+226,40124-01-61-00,BH,0.9136735399833268,0.08632646001667321,forest,loso
xte_j1859_226,XTE J1859+226,40124-01-63-00,BH,0.8133589923648601,0.1866410076351399,forest,loso
xte_j1859_226,XTE J1859+226,40440-01-03-00,BH,0.8101072275411427,0.18989277245885727,forest,loso
